term_id,term,document_frequency,term_frequency
31569,politico,2269,12372
37603,social,2536,12229
27488,mujer,1884,10692
29458,pais,2417,9843
31564,politica,2138,9611
19036,gobierno,1859,9327
33004,publico,2386,8656
27577,mundo,2477,8512
6916,casa,2009,7963
39999,trabajo,2182,7376
40806,ultimo,2633,7020
27690,nacional,1978,6220
8006,ciudad,1693,5555
10600,cuerpo,1613,5507
11556,derecho,1654,5222
20372,hombre,1632,4975
24291,libro,1397,4772
20155,hijo,1529,4768
16975,familia,1628,4747
29919,partido,1235,4711
37619,sociedad,1701,4694
6310,cambio,1940,4681
13828,economico,1548,4395
34154,red,1596,4366
29417,padre,1270,4235
34556,relacion,1735,4212
32255,presidente,1283,4209
24204,ley,1274,4168
41954,violencia,1126,4149
37409,sistema,1543,4141
23206,joven,1533,4123
18192,fuerza,1652,4044
27402,movimiento,1527,3959
660,ademas,1986,3936
8060,clase,1473,3871
40878,unico,1945,3852
36610,sector,1292,3660
31526,policia,923,3613
28226,noche,1365,3486
31676,popular,1275,3469
32900,proyecto,1337,3465
30621,periodista,1192,3465
4588,barrio,1085,3459
24010,leer,1484,3454
15570,escuela,1032,3398
10333,crisis,1204,3345
18698,genero,991,3335
27466,muerte,1260,3331
36735,semana,1529,3281
13127,discurso,1298,3267
29120,organizacion,1279,3193
25027,madre,1125,3180
14026,eleccion,973,3145
14451,empresa,980,3127
15858,estados,1043,3116
26672,millon,1178,3095
33034,pueblo,1090,3067
37427,situacion,1475,3051
18345,futuro,1375,3046
40348,traves,1616,3043
28568,obra,1038,3038
8381,colectivo,1385,2967
1156,agua,963,2941
1594,alli,1472,2939
33766,realidad,1531,2934
42265,voz,1403,2905
25953,mayoria,1556,2873
39748,todavia,1535,2834
23363,justicia,1080,2832
10687,cultural,1200,2755
36221,salud,914,2750
40888,unidos,954,2747
27957,negro,1130,2736
40926,universidad,1042,2734
26309,mercado,1010,2727
1586,alla,1612,2716
8990,condicion,1392,2708
19498,guerra,990,2692
11025,decada,1372,2678
26650,militar,942,2670
13820,economia,1030,2669
37171,siglo,1257,2636
25000,macri,640,2636
8846,comunidad,952,2634
307,accion,1292,2575
6395,campo,1177,2538
5207,blanco,1187,2537
10981,debate,1058,2531
244,aca,1157,2530
11549,derecha,795,2521
10944,dato,1142,2515
28209,nivel,1297,2514
32611,programa,1124,2513
36700,seguridad,1058,2494
32863,provincia,956,2493
39554,tierra,1029,2491
36283,san,999,2488
7620,chico,987,2456
27262,morir,1129,2432
39985,trabajador,875,2431
10686,cultura,1078,2427
15423,escena,1190,2422
24254,libertad,1038,2416
30478,pequeno,1291,2405
26629,milei,344,2388
21775,informacion,1012,2382
24654,local,1164,2377
8828,comun,1365,2356
29439,pagar,1039,2331
11085,decision,1183,2326
6364,campana,940,2319
28187,nino,923,2314
11386,democracia,877,2305
20297,historico,1250,2287
20631,humano,1024,2247
22416,internacional,1071,2231
10607,cuestion,1221,2206
22669,investigacion,954,2193
16976,familiar,1052,2171
31945,practica,1005,2153
42797,zona,1004,2149
15250,equipo,861,2146
36973,servicio,991,2143
42257,voto,615,2133
18328,futbol,530,2129
25293,manana,1065,2111
26929,modelo,971,2104
37038,sexual,625,2099
27568,mundial,880,2097
6563,capacidad,1107,2088
17230,feminista,537,2074
35551,rio,712,2072
15424,escenario,1077,2071
23261,juego,1116,2067
31303,plata,936,2064
20753,identidad,906,2064
14036,electoral,712,2045
39410,territorio,955,2040
41758,victima,788,2035
6586,capital,1025,2031
16046,estrategia,1061,2025
26774,mirada,1190,2019
7097,causa,970,2016
28368,noticia,923,2010
9514,contexto,1179,2007
6274,camara,931,2006
23219,juan,925,2006
39370,termino,1084,1999
12863,dificil,1302,1994
30678,peronismo,481,1979
29077,orden,1050,1978
32438,privado,1041,1978
32540,produccion,887,1976
26574,miedo,950,1974
36944,serie,919,1968
29659,papa,703,1961
26194,memoria,871,1959
20149,hija,849,1958
11752,desarrollo,840,1950
25609,maria,845,1941
24415,linea,1178,1936
7286,central,1078,1928
552,acto,1007,1925
17781,fondo,1142,1917
27897,necesidad,1184,1914
31418,poblacion,919,1905
15223,epoca,1114,1895
31343,plaza,787,1895
34150,recurso,968,1894
27468,muerto,856,1892
41355,vecino,760,1883
29590,pandemia,588,1880
30328,pelicula,648,1879
3256,arte,607,1872
27689,nacion,952,1870
26379,mesa,949,1870
6778,carlos,794,1869
8834,comunicacion,934,1867
1947,amor,784,1867
117,aborto,346,1867
14655,encuentro,955,1866
17407,figura,1008,1861
25551,marcha,848,1851
24930,luz,1035,1843
9102,conflicto,884,1831
9382,construccion,1040,1825
6462,candidato,552,1821
26074,medico,678,1819
10351,cristina,542,1818
13901,educacion,776,1813
16140,estudio,994,1808
25947,mayo,824,1806
41304,varon,563,1796
5999,cabeza,1047,1795
22361,interes,968,1790
553,actor,848,1786
3857,auto,842,1773
22164,institucion,916,1767
28483,numero,1052,1765
17562,fiscal,551,1764
32993,publicar,988,1760
8635,companero,852,1755
2784,aprender,951,1752
25721,martin,861,1752
5622,brasil,615,1752
34595,relato,881,1750
22936,izquierda,723,1747
23249,judicial,658,1745
29893,participar,1046,1744
3600,atencion,1072,1743
33713,razon,1079,1717
13439,dolares,614,1713
10508,cuanto,1108,1707
545,actividad,916,1701
7600,chica,705,1701
28770,oficial,907,1698
21864,ingreso,724,1697
444,acompanar,1091,1693
30736,personaje,713,1692
20007,hermano,716,1689
26246,menor,1045,1679
36793,senalar,1060,1671
7850,ciencia,635,1667
40161,transformar,1063,1666
18824,gestion,737,1664
12972,dinero,776,1659
6736,cargo,945,1655
18985,global,700,1655
21027,implicar,1003,1649
25837,matar,776,1648
25259,mama,621,1643
23304,julio,796,1641
23060,jefe,753,1640
28541,objetivo,1009,1639
38213,subir,935,1638
6338,caminar,878,1636
34928,representar,1054,1633
37817,sonar,1016,1633
13129,discusion,887,1625
35507,riesgo,917,1622
39064,tecnologia,562,1602
33420,quizas,898,1596
40589,trump,312,1593
34858,repetir,1057,1592
36708,seis,935,1592
9655,control,882,1592
31238,plan,841,1592
32402,principio,1011,1591
362,acercar,999,1578
4309,bajar,978,1565
29128,organizar,974,1564
11557,derechos,643,1564
12899,digital,527,1563
38950,tarea,882,1560
3300,artista,513,1554
27630,musica,618,1552
26255,mensaje,859,1542
10626,cuidado,700,1540
20899,imaginar,970,1538
33062,puesto,957,1536
11191,definir,979,1534
61,abierto,1033,1531
12075,deseo,804,1531
31425,pobre,764,1525
24079,lejos,1076,1521
21059,importar,952,1521
1882,america,750,1512
17155,federal,662,1512
31819,posicion,835,1506
18669,generacion,807,1506
24314,lider,742,1504
30620,periodismo,448,1504
37182,significar,1010,1503
37192,siguiente,944,1503
15090,entrevista,849,1502
16129,estudiante,620,1497
23268,juez,442,1494
17266,fernandez,645,1490
17227,feminismo,398,1489
11357,demanda,751,1488
36984,servir,971,1486
14758,enfrentar,983,1483
9156,congreso,696,1482
41702,viaje,785,1481
42252,votar,568,1467
1015,agenda,726,1466
20633,humanos,622,1465
10053,corte,602,1463
13339,diverso,911,1456
16133,estudiar,841,1454
23637,laboral,673,1452
4180,ayudar,961,1451
37211,silencio,853,1450
16326,evitar,990,1446
976,afuera,885,1446
32549,producto,796,1445
11162,defender,894,1444
24181,levantar,935,1443
27379,mover,924,1443
41925,vinculo,842,1443
41473,vender,760,1438
25745,marzo,774,1433
25508,mar,621,1432
1660,alrededor,932,1431
5287,boca,714,1431
29364,pablo,668,1430
3544,asumir,912,1425
12811,dictadura,643,1421
42131,vivo,830,1418
38588,sur,734,1418
2759,apoyo,852,1417
41699,viajar,795,1417
9432,consumo,641,1415
13396,docente,446,1408
24277,libre,871,1407
35720,rol,859,1402
24373,limite,917,1399
8169,club,479,1399
16965,faltar,948,1398
4050,avanzar,935,1398
7367,cerrar,959,1396
30977,pie,879,1396
15917,estatal,698,1393
31170,piso,761,1388
9495,contenido,711,1388
298,acceso,778,1386
12797,diciembre,756,1386
40039,traer,939,1385
39155,television,720,1383
23192,jose,698,1381
13667,duda,978,1380
2356,anterior,943,1380
32171,prensa,766,1377
7860,cientifico,493,1377
13040,dirigente,595,1375
7633,chile,493,1374
11373,demasiado,890,1373
3993,autor,726,1372
15523,escritor,472,1370
29668,papel,854,1369
22387,interior,867,1367
18040,frase,893,1360
12663,detras,940,1355
32459,pro,379,1353
42053,vista,915,1351
27945,negocio,713,1351
24001,lectura,718,1347
20511,hospital,514,1345
29903,particular,896,1344
23287,juicio,566,1344
17117,favor,828,1341
35319,reunion,693,1337
26649,militante,640,1337
38585,supuesto,894,1329
10359,critica,760,1321
34408,region,671,1319
8540,comer,701,1316
24096,lenguaje,673,1314
39495,the,504,1309
24483,literatura,446,1300
23535,kirchnerismo,377,1300
32754,propuesta,750,1297
12666,deuda,456,1296
35116,respecto,809,1293
25569,marco,797,1293
25857,material,780,1290
11394,democratico,637,1290
19075,golpe,734,1288
247,acabar,876,1284
26737,ministerio,622,1284
6543,cantidad,870,1283
3082,armar,839,1283
17394,fiesta,585,1280
30679,peronista,460,1278
8463,color,755,1274
3717,atravesar,907,1273
1904,amiga,584,1272
6840,carrera,717,1270
10160,cotidiano,794,1268
35766,romper,866,1266
16104,estructura,764,1263
5818,bueno,698,1261
12629,detener,819,1260
349,aceptar,860,1259
16666,expresion,778,1259
14867,enorme,842,1257
8011,ciudadano,663,1256
38404,sufrir,840,1255
30461,peor,858,1254
28401,novela,351,1251
32572,profesional,720,1248
36701,seguro,808,1247
13025,director,675,1247
24870,luis,593,1247
29011,oportunidad,828,1245
32223,presencia,816,1244
1255,aire,805,1241
22434,interno,744,1241
41788,video,621,1240
26741,ministro,605,1240
10299,crimen,497,1239
9220,conocido,927,1236
926,afirmar,791,1236
2038,analizar,902,1235
24692,logica,711,1235
747,adolescente,561,1231
17356,ficcion,468,1230
20802,iglesia,407,1228
32007,precio,570,1226
26452,meter,776,1225
9250,consecuencia,831,1222
22505,intervencion,727,1222
16807,extremo,732,1218
15678,especie,713,1217
17513,financiero,493,1216
9616,contrario,893,1215
18249,funcionario,646,1214
41632,version,775,1212
11471,denuncia,607,1209
6533,cantar,580,1209
13851,edad,737,1204
35424,revolucion,566,1204
22165,institucional,688,1203
32602,profundo,840,1199
33938,recien,840,1198
8019,civil,662,1198
24465,lista,686,1197
6446,cancion,437,1195
29687,par,819,1194
4001,autoridad,687,1192
36362,santiago,510,1187
38384,suerte,854,1186
18240,funcion,739,1186
31529,policial,490,1186
40025,tradicional,707,1185
41576,verde,612,1183
6572,capaz,777,1182
11478,denunciar,689,1182
13454,dolor,601,1181
26477,metro,658,1180
8714,complejo,848,1179
16661,expresar,778,1177
29789,pareja,598,1176
17241,fenomeno,661,1174
4439,banco,548,1174
38568,suponer,784,1173
25544,marcar,863,1171
23534,kirchner,468,1169
19369,gritar,693,1166
21600,industria,563,1166
11746,desarrollar,769,1165
18829,gesto,744,1164
4448,bandera,646,1164
41092,utilizar,755,1163
10440,cruzar,795,1161
1986,amplio,783,1157
20044,herramienta,734,1157
2755,apoyar,800,1156
41876,villa,453,1155
39944,total,808,1154
654,adelante,832,1152
31278,plantear,761,1152
29015,oposicion,516,1152
34329,reforma,502,1150
36137,sala,599,1149
24017,legal,579,1149
13488,domingo,681,1147
37159,siete,749,1146
39284,tension,763,1144
28695,octubre,658,1142
2554,anunciar,765,1138
10365,critico,714,1137
18178,fuego,566,1137
39130,telefono,632,1135
14456,empresario,523,1135
21069,imposible,828,1134
12203,desigualdad,538,1134
29156,origen,784,1132
3069,arma,559,1132
36175,salida,730,1131
41771,victoria,601,1130
33602,rapido,777,1129
26495,mexico,421,1129
11661,desafio,670,1128
8774,comprender,759,1125
7944,circular,782,1123
2030,analisis,682,1123
38610,surgir,830,1122
37391,siquiera,809,1121
30753,perspectiva,697,1118
27929,negar,769,1114
38435,sujeto,616,1114
23316,junio,601,1109
22262,inteligencia,416,1108
6307,cambiemos,279,1108
27833,natural,677,1107
38381,sueno,662,1106
3363,asegurar,716,1104
7902,cine,416,1104
35094,resolver,723,1102
9222,conocimiento,606,1102
13870,edificio,576,1102
1352,alberto,498,1102
30828,peso,683,1099
27207,moral,584,1098
26862,mitad,748,1087
9535,continuar,797,1086
13550,dormir,586,1086
15832,establecer,743,1085
39669,tirar,700,1085
30372,pena,624,1085
7236,celular,624,1084
9177,conjunto,769,1083
35146,responsabilidad,674,1082
36850,sentar,737,1081
11170,defensa,670,1080
10636,cuidar,629,1077
20330,hogar,525,1076
3286,articulo,615,1075
25792,masivo,707,1074
18148,frontera,597,1074
39048,tecnico,590,1074
13024,directo,754,1072
10522,cuarto,693,1071
2241,animal,431,1071
9714,conversacion,671,1069
664,adentro,705,1068
32248,presidencial,545,1067
30189,paz,529,1065
34220,reducir,707,1060
29445,pagina,618,1060
21045,imponer,776,1059
25318,mandar,707,1055
571,actuar,741,1054
23376,justo,771,1052
4642,bastante,720,1052
25231,malo,699,1050
14081,elemento,686,1049
31304,plataforma,444,1049
33476,radical,540,1048
28543,objeto,665,1046
32907,prueba,670,1045
27392,movilizacion,506,1045
18265,fundamental,715,1043
34138,recuperar,720,1041
16862,facil,754,1040
22257,intelectual,532,1039
19199,gracias,766,1038
24579,lleno,728,1037
24612,llorar,565,1036
11488,departamento,544,1034
155,abril,576,1033
28328,norte,627,1032
40156,transformacion,619,1031
35483,rico,572,1031
17498,finalmente,758,1029
28781,oficina,576,1029
5941,busqueda,683,1028
28974,operacion,611,1028
23183,jorge,537,1027
20950,impacto,655,1026
31431,pobreza,501,1025
15669,especial,746,1023
1532,alianza,568,1022
32828,protesta,453,1022
11426,demostrar,755,1018
13138,discutir,678,1017
35718,rojo,628,1017
26578,miembro,643,1016
16485,exigir,752,1015
28678,ocho,695,1015
29001,opinion,630,1015
35811,rosario,335,1015
15013,entrada,641,1014
6412,canal,539,1014
34298,referir,741,1013
32893,proximo,732,1013
12833,diego,429,1011
6872,carta,571,1009
19996,hermana,522,1008
13262,distancia,709,1006
41574,verdadero,686,1006
13887,editorial,405,1006
32803,protagonista,662,1004
80,abogado,438,1004
18504,garantizar,644,1003
18183,fuente,631,1003
39310,teoria,537,1003
30829,pesos,425,1003
18016,francisco,318,1003
40024,tradicion,617,1001
9485,contemporaneo,556,1000
32864,provincial,419,998
33487,radio,529,996
23273,jugador,307,996
3033,argumento,624,995
11337,delito,429,994
28168,nina,460,992
19027,gobernador,364,988
4671,batalla,611,987
29629,pantalla,562,985
9851,corazon,684,984
1870,amenaza,622,984
14712,energia,495,983
10132,costar,706,982
20758,identificar,670,982
12752,dialogo,646,982
39023,teatro,398,982
28595,observar,687,981
16517,exito,657,981
8391,colegio,474,981
17212,femenino,376,981
25538,marca,649,980
21141,impuesto,424,980
29757,parar,675,976
35080,resistencia,641,976
26048,mediatico,539,976
8573,comida,566,975
12795,dicho,670,974
5641,brazo,607,974
17581,fisico,641,973
12985,dios,463,972
11143,dedicar,714,970
37691,sol,608,969
13751,duro,685,966
29889,participacion,617,965
13248,disputa,611,965
38837,taller,408,965
34922,representacion,571,963
37025,sexo,366,961
7333,cercano,710,959
30375,penal,393,959
15992,estilo,618,958
22702,invitar,710,957
15048,entregar,644,957
23890,latina,505,956
3804,aumento,524,955
8889,concepto,603,954
10238,crecimiento,540,954
40882,unidad,531,954
833,advertir,702,953
3801,aumentar,604,951
34072,recorrer,735,948
12552,destino,679,948
28630,obtener,628,948
36849,sentado,638,947
3602,atender,630,946
41692,via,669,945
28422,noviembre,579,945
33957,reclamo,560,943
28969,opcion,634,942
11103,declarar,625,941
22655,inversion,461,941
28733,odio,389,940
35150,responsable,656,939
29786,pared,587,938
40113,trans,285,935
36347,santa,476,933
35320,reunir,664,932
14720,enero,550,931
7654,china,313,925
1105,agregar,711,924
30428,pensamiento,532,923
10142,costo,554,921
11973,descubrir,646,920
16854,facebook,428,919
22310,intento,676,915
31369,pleno,718,912
37260,similar,692,912
11493,depender,638,912
32342,previo,692,911
24238,liberal,380,911
13004,diputado,377,911
15600,esfuerzo,664,910
19376,grito,625,910
36825,sensacion,607,907
9370,constituir,605,906
38695,suyo,669,905
41125,vacio,638,904
1069,agosto,545,904
35791,ropa,544,904
15649,espanol,506,904
36323,sangre,479,904
39331,tercero,668,903
20770,ideologico,514,903
30345,pelo,560,902
17838,formacion,566,901
9280,conservador,497,901
12947,dimension,596,900
39716,titulo,588,900
33956,reclamar,641,899
4494,bar,438,899
15859,estadounidense,420,896
8067,clasico,626,894
6589,capitalismo,409,894
875,afectar,635,892
42244,vos,509,891
39397,terreno,584,890
9362,constitucion,416,890
1851,ambito,587,888
25856,materia,557,887
27835,naturaleza,504,887
2977,area,584,883
36898,septiembre,551,883
32091,preferir,640,881
14738,enfermedad,378,880
34425,regla,564,879
13680,dueno,540,879
25924,mauricio,475,878
15522,escrito,600,877
31758,porteno,471,877
33939,reciente,654,876
9445,contacto,599,876
14940,ensenar,531,876
2855,apuntar,654,872
34292,referente,525,870
13011,direccion,605,869
21793,informe,529,869
39068,tecnologico,364,869
4,abajo,630,867
41390,veinte,590,863
23510,kilometro,457,863
9877,cordoba,351,863
22139,instalar,643,862
32882,provocar,636,861
3572,ataque,471,861
13423,documento,470,861
38493,superar,657,860
21504,indicar,634,860
34624,religioso,385,860
16501,existencia,595,857
36604,secreto,489,857
39835,tono,628,855
10885,daniel,468,855
358,acerca,575,854
22102,insistir,622,852
8215,cobrar,590,852
31269,plano,577,850
256,academico,514,850
25343,manejar,582,849
15341,error,561,849
16302,evento,484,849
16248,europa,474,849
11945,describir,612,848
41962,violento,518,848
14934,ensayo,552,847
14598,encima,640,846
34404,regimen,454,846
28888,olvidar,633,844
8585,comision,432,844
21558,individual,557,843
30570,perfil,543,843
34281,referencia,608,841
25940,maximo,560,841
12422,despertar,585,839
14000,ejercicio,575,838
22431,internet,452,837
14420,empleo,395,837
39898,torno,569,836
6686,carcel,389,836
21845,ingles,518,835
40983,urbano,455,835
36151,salario,414,835
11349,dema,597,834
8730,completo,613,833
40738,twitter,430,832
16962,falso,534,831
23039,javier,412,831
6800,carne,438,830
22366,interesar,557,828
14657,encuesta,381,828
13043,dirigir,608,827
29117,organismo,467,827
40902,union,494,825
13386,doble,626,824
31911,potencia,540,824
42032,vision,553,823
11099,declaracion,536,823
34934,represion,401,823
4172,ayuda,584,822
3459,asociacion,529,822
16988,famoso,557,821
7056,categoria,510,821
11,abandonar,634,820
11713,desaparecer,565,819
26396,messi,130,819
18516,garcia,355,817
22678,investigar,512,816
13623,droga,304,816
15724,esperanza,542,815
10032,corrupcion,342,815
9755,convocar,569,812
35986,ruta,452,812
42205,voluntad,589,811
30629,periodo,549,811
36713,seleccion,290,809
5416,bonaerense,408,807
1847,ambiente,513,806
42250,votante,270,806
41920,vinculado,595,805
33676,rato,545,805
4442,banda,378,805
32990,publicado,604,803
28982,operar,556,801
18006,frances,391,801
32317,pretender,600,800
34423,registro,522,800
10069,corto,595,799
30761,pertenecer,594,799
4074,avenida,440,799
32190,preparar,577,798
3483,aspecto,575,798
32696,promover,529,798
26003,mecanismo,530,797
21737,inflacion,337,796
15677,especialmente,583,795
38389,suficiente,613,793
16777,extrano,566,793
15528,escritura,320,793
28267,nombrar,540,792
26731,minimo,601,791
294,acceder,565,791
24164,letra,528,791
3334,asamblea,338,791
14414,empleado,439,790
41182,valer,614,788
6646,caracter,554,787
10213,creacion,534,787
27347,motivo,598,786
4749,bebe,307,786
8803,compromiso,535,785
25499,maquina,459,785
23899,latinoamericano,469,784
17201,feliz,528,783
15393,escapar,572,782
21895,inicio,602,781
17138,febrero,487,781
42043,visitar,539,779
7508,charla,491,779
8482,com,330,779
32710,pronto,556,778
30652,permanente,585,777
2438,antiguo,538,777
13438,dolar,252,776
40931,universitario,391,775
7846,cielo,487,774
32548,productivo,386,774
3073,armado,497,772
41057,usuario,259,772
37769,solucion,539,770
15647,espana,407,770
31270,planta,378,770
35001,requerir,530,768
6196,calidad,505,767
14271,emergencia,467,767
4043,avance,539,766
21890,iniciar,578,765
28556,obligar,600,764
2107,andar,527,764
9066,confianza,517,764
32245,presidencia,435,763
8952,concreto,560,762
34027,reconocimiento,487,762
19207,grado,564,761
42038,visita,486,761
37271,simple,599,758
6876,cartel,478,758
25370,manifestacion,458,758
24094,lengua,405,758
550,activo,562,756
32581,profesor,418,756
17267,fernando,413,756
816,adulto,360,756
30707,perro,337,756
14703,enemigo,477,755
4290,bailar,343,755
30286,pegar,503,754
11717,desaparecido,310,754
12617,detalle,560,752
2694,aplicar,540,752
19033,gobernar,441,751
3771,audiencia,353,751
28305,norma,435,750
6266,cama,430,749
1021,agente,425,749
20822,igualdad,368,749
35589,ritmo,528,747
1564,alimento,325,747
20971,impedir,580,746
27538,multiple,572,746
9660,controlar,515,745
39263,tenes,434,744
23642,laboratorio,330,744
29912,partidario,377,743
12866,dificultad,546,742
40937,universo,508,741
16775,extranjero,456,741
2831,aprovechar,586,740
29245,oscuro,541,740
32808,proteccion,459,740
8542,comercial,448,739
11595,derrota,399,739
26606,miguel,365,739
7662,chino,252,736
9013,conducir,532,734
6439,cancha,333,734
42011,virus,220,734
31455,poderoso,543,733
39452,testimonio,432,733
23996,lector,356,733
42122,vivienda,314,733
13734,durar,556,732
33203,puro,556,731
1432,alejandro,401,731
28575,obrero,334,731
40507,triunfo,455,729
37327,sindicato,358,728
34420,registrar,528,727
30516,perdida,505,727
22988,jamas,529,726
2366,anti,391,726
32267,preso,381,726
30674,peron,307,726
18131,frio,489,725
26136,mejorar,488,724
8629,companera,441,724
14006,ejercito,385,724
15685,especifico,525,723
23326,juntar,524,722
41526,ventana,474,722
31009,pieza,450,722
26648,militancia,422,722
10614,cuestionar,521,721
26041,mediante,514,721
30919,pib,300,721
25449,manuel,365,720
13909,educativo,304,720
19633,habitar,487,718
25328,mandato,463,718
29086,ordenar,501,717
20622,humanidad,423,717
16253,europeo,384,717
35086,resistir,549,716
30987,piel,437,715
33783,realmente,546,714
24561,llegada,536,714
34124,recuerdo,460,714
32550,productor,337,714
478,acordar,507,713
41670,vestido,453,713
14125,elite,354,712
20529,hotel,350,711
21375,incorporar,533,710
37247,simbolico,496,710
6066,cadena,488,710
29448,pago,421,710
24261,libertario,251,710
8684,competencia,419,709
36948,serio,535,708
8578,comienzo,545,707
31256,planeta,430,707
36001,sabado,451,706
13247,dispuesto,539,704
10050,cortar,518,704
12958,dinamica,480,704
41522,venta,410,704
26953,moderno,443,703
25470,mapa,437,702
40427,tribunal,310,702
32815,proteger,525,701
32670,promesa,484,701
239,abuso,341,701
22672,investigador,392,699
4630,basico,488,697
15359,escala,488,697
33419,quiza,428,697
9494,contener,538,696
8130,clima,503,696
9265,consenso,397,696
25628,marido,386,696
28458,nueva,378,696
23915,laura,261,695
26210,mencionar,523,694
3383,asesinato,380,694
6603,capitulo,375,694
17923,fotografia,300,693
15210,episodio,435,692
27625,museo,267,692
1710,altura,525,691
6119,caja,456,691
8915,conciencia,474,690
34926,representante,472,690
19631,habitante,447,690
22512,intervenir,522,689
30649,permanecer,521,689
32675,prometer,507,689
10477,cuadro,472,689
30254,pedido,469,689
40381,treinta,513,688
34532,reir,482,687
1011,agencia,420,687
8441,colombia,274,687
36887,separar,550,686
8323,coincidir,533,686
29124,organizado,509,686
3549,asunto,468,686
16167,etapa,499,685
33728,reaccion,484,684
16315,evidencia,492,683
621,acusar,466,683
35340,revelar,517,680
9088,confirmar,509,680
32988,publicacion,395,680
37830,sonido,370,680
10548,cubrir,521,679
22248,integrante,445,679
7833,ciclo,430,679
27993,neoliberal,352,679
9345,constante,534,678
21934,inmediato,519,678
39325,tercer,493,677
13333,diversidad,438,676
27795,narrativa,375,675
4614,basado,501,674
28032,nestor,344,674
1734,alumno,289,674
30274,pedro,282,674
4218,azul,455,673
24576,llenar,531,672
13930,efectivo,501,672
10772,curso,469,672
7636,chileno,273,672
21056,importancia,537,671
40905,unir,532,671
138,abrazar,477,670
13998,ejercer,493,668
11721,desaparicion,321,668
30332,peligro,491,667
19455,guardar,488,667
21859,ingresar,484,667
31344,plazo,425,667
7198,celebrar,523,666
22249,integrar,483,666
22363,interesante,471,666
20903,imaginario,455,666
21679,infancia,387,666
13079,disco,203,666
212,abuelo,328,665
32154,premio,380,664
12003,desear,499,663
32263,presion,478,662
17430,fila,458,662
24752,lopez,340,662
9050,conferencia,428,661
18555,gas,314,661
2735,aportar,499,659
17142,fecha,464,659
15809,esquina,438,659
32734,propiedad,408,659
25053,maestro,372,658
18010,francia,324,658
27472,muestra,429,657
24935,lxs,260,657
1275,ajeno,507,656
22179,instituto,413,656
21472,independiente,402,654
19626,habitacion,386,654
21601,industrial,378,654
208,abuela,324,654
10459,cuadra,405,652
25747,masa,401,652
37722,soledad,343,651
21148,impulsar,474,650
16560,expectativa,475,649
3822,ausencia,498,647
30626,periodistico,371,647
39223,temprano,498,646
25376,manifestar,485,646
26969,modos,466,646
35701,rodriguez,362,646
1840,ambiental,232,646
16318,evidente,505,645
30092,patria,379,645
6110,caida,449,644
30503,percibir,476,642
12634,detenido,308,642
20473,horizonte,475,641
39235,tendencia,441,641
4865,beneficio,449,640
4480,bano,378,640
10125,costa,428,639
24670,loco,408,639
6089,cafe,412,638
8266,codigo,424,637
40321,tratamiento,335,637
16642,exponer,491,636
36933,sergio,365,636
23802,lanzar,492,635
8533,comentar,470,635
37581,sobrevivir,464,635
39790,toma,425,635
5625,brasileno,230,635
38512,superior,476,634
1287,ajuste,323,634
32624,progresista,349,633
15644,espalda,473,632
36601,secretario,354,632
21515,indigena,187,632
30569,perfecto,446,630
35839,rostro,418,629
9305,consigna,402,629
13246,dispositivo,385,629
32174,preocupacion,441,628
33915,rechazar,457,627
37693,solamente,442,626
36632,secundario,415,626
37425,sitio,407,626
16894,facultad,379,625
25001,macrismo,257,625
24480,literario,223,624
2949,archivo,300,623
40761,ubicar,501,622
6648,caracteristica,485,622
16066,estrella,410,622
13476,domestico,346,622
26465,metodo,372,621
27939,negociacion,362,620
29851,parque,362,620
25594,margen,471,619
37319,sindical,254,619
28461,nueve,458,618
2919,arbol,344,618
25549,marcelo,294,618
10184,covid,268,618
8050,clarin,231,618
13898,eduardo,395,617
8854,comunitario,321,617
28331,norteamericano,320,617
29381,paciente,204,616
1688,alternativa,435,615
29017,opositor,346,615
27061,moneda,314,615
35978,ruso,193,615
18256,fundacion,330,614
22275,intencion,488,613
39403,territorial,347,613
31830,positivo,371,612
32253,presidenta,335,612
14987,entero,479,611
8235,cocina,348,610
4114,avion,332,610
35470,ricardo,295,610
12522,destacar,461,609
30818,pese,442,609
14311,emocion,395,609
3970,autonomia,371,609
34443,regresar,411,608
9263,consejo,403,608
21892,iniciativa,429,607
717,administracion,418,607
23380,juventud,374,607
25799,massa,167,607
42621,york,330,606
3305,artistico,294,606
39035,techo,431,605
38373,suelo,398,605
12446,desplegar,487,604
36263,salvo,479,604
41830,viernes,396,604
15161,enviar,423,603
26873,mito,365,603
993,agarrar,433,602
9026,conectar,418,602
17865,formula,397,602
10435,cruz,371,601
33054,puerto,268,601
9797,copa,246,601
13987,ejecutivo,387,600
2246,animar,455,599
1792,amar,403,599
42407,whatsapp,374,599
35976,rusia,209,599
24904,lunes,393,598
4159,ayer,381,598
1557,alimentar,444,597
30320,pelear,432,597
10588,cuento,297,597
23537,kirchnerista,291,597
3454,asistir,475,596
33415,quitar,495,595
18580,gasto,317,595
22879,isla,246,594
16700,extender,500,593
29781,parecido,476,592
6015,cabo,447,592
16108,estructural,393,592
15788,esposa,383,592
9639,contrato,310,592
7363,cerrado,463,591
24827,luchar,424,590
13393,doce,409,590
33916,rechazo,390,590
25649,mario,264,590
37272,simplemente,463,589
8758,compra,435,589
8551,comercio,373,589
8639,compania,356,589
16834,fabrica,331,589
14206,embarazo,225,589
37903,sorprender,475,586
15852,estadio,237,586
16601,explicacion,448,585
10977,debajo,446,585
32471,probar,439,585
7870,cifra,400,585
20767,ideologia,380,585
33366,quince,433,584
9648,contribuir,424,584
23186,jornada,411,584
39447,testigo,346,584
5262,bloque,309,584
17552,firmar,404,583
16712,exterior,374,583
40080,trama,411,582
13219,disparar,393,582
40946,unsam,281,582
12648,determinado,433,581
7948,circulo,435,580
33146,punta,406,580
37625,socio,361,580
24317,liderazgo,305,580
8438,colocar,454,579
14981,enterar,440,579
9674,conurbano,333,579
415,aclarar,468,578
9750,convivir,453,578
34970,republica,346,578
17322,festival,233,578
22455,interpretar,452,577
29981,pasillo,384,577
16585,experto,368,577
16402,excepcion,450,576
31851,post,389,576
13864,edicion,354,575
16884,factor,416,574
40916,universal,384,574
36817,senor,364,574
5370,bolsa,363,574
35667,rock,211,574
16726,externo,359,573
13020,directamente,471,572
34077,recorrido,440,572
1978,ampliar,436,572
21569,individuo,315,572
3793,aula,234,572
27794,narrar,398,571
35623,robar,364,571
8534,comentario,395,570
41944,violacion,301,570
13296,distribucion,369,569
41129,vacuna,163,568
36244,salvar,407,567
23348,juridico,316,567
26963,modificar,455,566
11189,definicion,412,566
8192,coalicion,235,566
34314,reflexion,414,565
10896,dano,406,565
19621,habilitar,430,564
17253,feria,239,564
9506,contestar,405,563
33057,pues,345,563
12703,devolver,457,562
3461,asociado,419,562
22301,intenso,440,561
3144,arrancar,435,561
36818,senora,337,561
15842,estacion,341,560
20837,ilegal,317,560
19300,grave,435,557
29460,paisaje,337,557
42001,virtual,326,557
13358,division,378,556
7848,cien,395,555
42538,xxi,387,555
36598,secretaria,343,555
28124,nicolas,340,555
40393,tren,322,555
38975,tasa,287,555
18622,gay,212,554
27490,mujeres,264,553
20186,hincha,151,553
7380,certeza,426,552
33778,realizado,420,552
28398,novedad,407,552
34975,republicano,224,552
20739,ideal,384,551
10127,costado,411,550
28411,noventa,368,550
28357,notar,435,549
10236,creciente,378,549
22142,instancia,411,548
29159,original,392,547
5357,bolivia,209,547
21252,incertidumbre,385,545
8385,colega,378,545
30315,pelea,354,545
25775,masculino,299,545
40032,traducir,425,544
17842,formal,369,544
7075,catolico,244,544
13784,echar,408,543
22453,interpretacion,358,543
39043,tecnica,358,543
41824,viento,352,543
17521,fines,411,542
39242,tender,411,541
2006,ana,241,540
25724,martinez,233,540
39711,titular,423,539
178,absoluto,419,539
10011,corriente,405,539
287,acaso,385,539
28827,ola,332,539
7865,cierre,378,538
30518,perdido,420,537
12392,despedir,390,537
18456,gana,403,535
11151,dedo,380,535
10385,cronista,316,535
28654,ocasion,428,534
549,activista,315,534
36788,senal,411,533
42030,visible,431,532
34672,remera,342,532
9995,corresponder,436,531
35937,ruido,381,531
27943,negociar,346,531
11508,deporte,233,531
2816,aprobar,360,530
25017,madera,335,530
20251,hipotesis,368,529
16173,etc,346,529
2688,aplicacion,325,529
19109,gonzalez,272,529
5661,breve,441,528
35124,respeto,408,528
37220,silla,357,528
35630,roberto,287,528
18356,gabriel,276,528
30348,pelota,253,528
34449,regreso,402,527
15672,especialista,380,526
16050,estrategico,341,526
15465,escolar,247,526
38412,sugerir,427,525
37846,sonrisa,401,525
6243,calor,390,525
11043,decena,416,524
9109,conformar,430,523
26092,medir,382,523
40696,turno,370,523
9538,continuidad,361,523
23021,jardin,305,523
35800,rosa,268,523
9567,contradiccion,357,522
3284,articular,388,521
8133,climatico,200,521
12698,devenir,357,520
26223,menem,232,520
23372,justificar,415,519
22641,inventar,375,519
28307,normal,370,519
41557,verano,355,519
32307,presupuesto,318,519
1433,alejar,411,518
17674,flor,312,518
35122,respetar,412,517
9719,conversar,394,517
17019,fantasma,350,517
39195,temor,381,516
15009,entorno,354,516
32668,promedio,346,516
2134,andres,261,516
41501,venezuela,175,516
35385,revisar,411,515
465,acontecimiento,347,515
18353,gabinete,275,515
8122,cliente,258,515
32177,preocupar,406,514
18087,frenar,405,514
32601,profundizar,407,513
40215,transmitir,388,513
2602,aparicion,387,512
8976,condenar,351,512
33622,raro,395,511
8010,ciudadania,297,511
37106,show,265,511
34955,reproducir,403,510
784,adquirir,393,510
13981,eje,389,510
37789,sombra,375,510
37252,simbolo,360,510
17481,filosofia,279,509
22332,intercambio,363,507
35567,riqueza,287,507
28928,once,368,505
9429,consumir,321,505
1439,aleman,273,505
4998,biblioteca,249,505
32278,prestar,415,504
9685,convencer,388,504
7897,cincuenta,362,504
8973,condena,322,504
10243,credito,275,504
8662,compartido,382,503
39187,temer,356,503
22908,italiano,292,503
17186,felicidad,261,503
8881,concentrar,392,502
6733,cargar,384,502
32231,presentacion,369,502
40365,trayectoria,367,502
21785,informar,366,502
27684,nacido,362,502
19052,gol,168,502
41593,vereda,339,501
34409,regional,291,501
35688,rodear,423,500
35230,retirar,398,500
28701,ocultar,386,500
3382,asesinar,329,500
33044,puente,326,500
13170,disfrutar,375,499
10364,criticar,376,498
27934,negativo,358,498
30981,piedra,350,498
40185,transicion,283,498
28772,oficialismo,238,498
29982,pasion,339,497
24371,limitar,393,496
31001,pierna,323,496
25482,mapuche,93,496
25406,manos,412,495
33634,rasgo,370,495
36211,saltar,393,494
15768,espiritu,358,494
11513,deportivo,254,494
26493,mexicano,215,494
3561,atacar,361,493
35968,rural,293,493
33518,raiz,359,492
36645,sede,340,492
35429,revolucionario,293,492
20600,hugo,238,492
36867,sentimiento,378,491
4123,avisar,358,491
10665,culpa,353,491
17547,firma,325,491
27995,neoliberalismo,240,491
1370,alcance,390,490
10511,cuarenta,366,489
24886,lula,116,489
27555,multitud,322,488
28230,nocion,321,488
40281,trasladar,386,487
9323,consolidar,374,487
27798,narrativo,288,487
22131,instagram,272,487
22906,italia,249,486
25517,maradona,143,486
37839,sonreir,368,484
17961,fracaso,329,484
15479,esconder,394,482
2844,apuesta,334,482
24051,legitimidad,299,482
24633,lluvia,299,482
19341,grieta,270,482
19080,golpear,379,481
8841,comunicar,376,481
100,abordar,373,481
13244,disponible,363,481
29403,pacto,298,481
36339,sanitario,263,481
537,actitud,391,480
17739,foco,367,480
34613,relevante,367,480
12575,destruir,365,480
32420,prision,247,480
13154,diseno,302,479
19765,hambre,293,479
20461,horacio,246,479
40111,tranquilo,361,478
41024,uruguay,243,478
564,actualidad,380,477
35592,ritual,275,477
36805,sencillo,401,476
16577,experimentar,357,476
37002,setenta,320,476
32998,publicidad,300,476
21532,indio,186,476
23360,justamente,379,475
19360,gris,348,475
36224,saludar,336,475
29816,paris,245,475
13833,economista,244,475
18465,ganancia,289,474
36686,seguidor,261,474
36203,salon,286,473
41922,vincular,374,472
22535,intimo,373,472
30336,peligroso,362,472
20897,imaginacion,299,472
3288,artificial,237,472
27398,movilizar,365,471
12736,diagnostico,296,471
19639,habitual,393,470
9316,consistir,382,470
28140,nieto,262,470
8525,comedor,229,470
34310,reflejar,396,469
31299,plastico,293,469
13884,editor,237,469
16947,fallo,202,469
21245,incendio,169,469
32133,prejuicio,305,468
8038,clandestino,265,468
34619,religion,251,468
28759,oferta,312,467
42209,voluntario,268,467
30100,patricia,242,467
5852,bullrich,192,467
26598,migrant,182,467
24115,lento,371,466
31224,placer,289,466
25843,mate,278,466
19573,gustavo,257,466
17215,femicidio,173,466
22201,instrumento,333,465
1804,amarillo,329,465
25898,matrimonio,296,465
40241,transporte,289,465
27209,morales,164,465
27545,multiplicar,374,464
15713,espejo,335,464
1599,alma,322,464
23267,jueves,316,464
8478,columna,314,464
40050,tragedia,300,464
5486,borges,149,464
8821,computadora,307,463
32018,preciso,388,462
30073,patio,300,462
31175,pista,285,462
34455,regulacion,263,462
5693,brindar,378,461
37185,significativo,358,461
10193,coyuntura,335,461
31902,postura,323,461
37742,solidaridad,322,460
28198,nisman,61,460
4643,bastar,393,459
31914,potencial,343,458
37040,sexualidad,214,458
2743,apostar,359,457
28987,operativo,294,457
38224,subjetividad,284,457
10250,creencia,265,457
27150,montana,236,457
23255,judio,139,457
11906,desconocido,374,456
26501,mezclar,367,456
25555,marchar,276,456
14065,electronico,249,455
29292,otorgar,384,454
29007,oponer,348,454
5390,bomba,256,454
5523,bosque,203,454
16632,explotar,359,453
2631,apelar,354,453
32457,privilegio,317,453
42630,youtube,262,453
2738,aporte,322,452
9036,conexion,322,452
21758,influencia,318,452
36783,senador,227,452
37186,signo,336,451
8692,competir,318,451
8747,comportamiento,309,451
31477,poeta,237,451
7997,citar,346,450
7942,circulacion,323,450
20174,hilo,311,450
26913,moda,255,450
27591,municipio,237,450
34039,reconstruir,361,449
32015,precisamente,336,449
9363,constitucional,214,449
25612,mariana,213,449
32467,probablemente,344,448
1528,aliado,320,448
29840,paro,220,448
5378,bolsonaro,131,448
37907,sorpresa,349,445
18244,funcionamiento,335,445
22665,invertir,330,445
18866,gigante,325,445
39312,teorico,280,445
27612,muro,257,445
10301,criminal,253,445
35036,reserva,248,445
20033,heroe,262,444
29648,panuelo,212,444
8878,concentracion,305,443
26825,mision,291,443
36782,senado,218,443
10513,cuarentena,169,443
4555,barra,157,443
19576,gusto,335,442
7992,cita,294,442
30578,performance,238,442
25255,malvinas,138,442
34789,renunciar,324,441
29943,pasaje,319,441
8331,cola,294,441
26280,mente,309,440
20024,hermoso,302,440
30122,patron,297,440
16520,exitoso,346,439
2634,apellido,295,439
6348,camion,253,439
31476,poesia,196,439
36553,scioli,132,438
40998,urgente,358,437
24039,legislativo,287,437
13418,documental,238,437
1875,amenazar,357,436
41444,velocidad,343,436
6729,carga,336,436
34557,relacionado,340,435
40760,ubicado,331,435
34155,redaccion,229,435
6653,caracterizar,336,434
34459,regular,307,434
20661,humor,299,434
10230,creativo,283,434
15803,esquema,277,434
27895,necesariamente,356,432
8512,combinar,353,432
26033,mediados,351,432
14275,emerger,342,431
2644,apertura,324,431
436,acompanado,379,430
20465,horario,303,430
9067,confiar,340,429
40997,urgencia,329,429
14548,encargar,358,428
25541,marcado,348,428
5811,buena,337,428
19297,gratuito,292,428
35801,rosada,243,428
26767,mio,320,427
15695,espectador,244,427
24244,liberar,335,426
38847,tamano,325,426
13252,disputar,312,426
8850,comunista,225,426
8504,combatir,319,425
40074,traje,314,425
4004,autoritario,232,425
10531,cuba,152,425
29136,orgullo,299,424
24233,liberacion,246,424
13668,dudar,372,423
12546,destinado,338,423
26585,miercoles,279,423
24901,luna,229,423
8401,colgar,342,422
28783,oficio,288,422
22243,integral,280,422
15693,espectaculo,261,422
12628,detencion,239,422
37713,soldado,201,422
3612,atentado,166,422
11265,delante,345,421
22149,instante,308,421
25035,madrugada,308,421
30222,pecho,287,421
10358,criterio,302,420
5032,bienestar,258,420
13403,doctor,240,420
10825,dado,343,419
21616,inedito,325,419
4329,bala,234,419
25571,marcos,219,419
18357,gabriela,216,419
31566,politicamente,318,418
12651,determinar,340,417
38901,tapa,304,417
1150,agrupacion,253,417
618,acusado,250,417
16897,facundo,139,417
33598,rapidamente,356,416
34253,reemplazar,344,416
24035,legislador,238,416
4957,beso,194,416
35570,risa,317,415
23958,lazo,294,415
15383,escandalo,289,415
16550,expansion,289,415
32385,primo,274,415
14313,emocional,263,415
32836,protocolo,255,415
2093,and,210,415
21888,inicial,350,414
29731,paralelo,338,414
10988,debatir,332,414
36833,sensibilidad,268,414
10346,cristian,207,414
9687,convencido,332,413
13350,dividir,346,411
36293,sancion,260,411
28090,new,247,411
36854,sentencia,244,411
42513,www,144,411
18936,giro,299,410
873,afectado,293,410
16652,exposicion,287,410
37611,socialista,235,410
2178,angel,234,410
39212,temporada,225,410
20294,historicamente,340,409
41676,vestir,338,409
34341,reforzar,333,409
42367,web,280,409
1442,alemania,251,409
37490,soberania,235,409
7359,cero,312,408
36992,sesion,260,408
31503,polarizacion,171,408
5472,borde,342,407
13042,dirigido,342,407
14113,eliminar,318,407
37917,sos,276,407
6590,capitalista,275,407
30922,pibe,240,407
28446,nuclear,127,406
13241,disponer,331,405
22695,invisible,302,405
22897,israel,109,405
32896,proyectar,332,404
8206,cobertura,264,404
19460,guardia,255,404
36233,salvador,245,404
17727,fmi,144,404
39640,tio,206,403
34318,reflexionar,337,402
17856,formato,265,402
35241,retomar,346,401
17989,fragmento,335,401
738,admitir,331,401
9923,coronavirus,140,401
30491,percepcion,282,400
38372,sueldo,281,400
8888,concepcion,277,400
28660,occidental,268,400
21779,informal,261,400
5982,caballo,218,400
13279,distinguir,340,399
7961,circunstancia,305,399
13991,ejemplar,298,399
24328,ligado,298,399
17015,fantasia,276,399
26283,mentira,262,399
26276,mental,259,399
1263,aislamiento,236,399
25872,maternidad,165,399
32466,probable,322,398
21312,incomodo,316,398
25183,maldonado,103,398
26340,merecer,328,397
3348,ascenso,272,397
17165,federico,255,397
13504,don,246,396
40194,transitar,312,395
41106,vacacion,292,395
21683,infantil,250,395
6463,candidatura,215,395
9392,construido,333,394
21153,impulso,326,394
14465,empujar,322,394
757,adoptar,316,394
28880,olor,259,394
880,afectivo,235,394
24117,leon,222,394
11138,decreto,214,394
19900,hegemonia,194,394
2213,angustia,287,393
28449,nucleo,287,393
11003,debido,321,392
35538,rincon,319,392
29909,partida,302,392
26419,metafora,286,392
13484,dominante,263,392
26534,micro,242,392
1426,alegria,293,391
21801,infraestructura,253,391
14547,encargado,321,390
15876,estallar,311,390
3463,asociar,300,390
42532,xix,284,390
37923,sospecha,278,390
34215,reduccion,258,390
4295,baile,193,390
31473,poema,189,390
42070,vital,307,389
17428,fijo,305,389
36218,salto,298,389
16782,extraordinario,293,389
20871,ilusion,289,389
2556,anuncio,271,389
4662,basura,253,389
21947,inmigrante,212,389
18278,fundar,312,388
35954,rumbo,309,388
36580,sebastian,233,388
15968,estetico,229,388
39986,trabajadora,189,388
28554,obligado,339,387
12444,desplazar,330,387
23078,jerarquia,286,387
23385,juzgar,302,386
2520,antonio,253,386
31332,playa,212,386
31873,posterior,319,385
28552,obligacion,302,385
28674,ochenta,281,385
13061,disciplina,257,385
19902,hegemonico,244,385
26220,mendoza,211,385
35129,respirar,289,384
39676,tiro,255,384
9010,conduccion,222,384
17885,fortalecer,301,383
24053,legitimo,278,383
33687,raul,222,383
602,acumular,303,382
9526,continente,256,382
21467,independencia,247,382
28424,novio,237,382
19532,guillermo,224,382
26617,milagro,190,382
16615,explicito,305,381
22443,interpelar,294,381
37178,significado,271,381
26748,minoria,253,381
1691,alternativo,287,380
20336,hoja,281,380
35092,resolucion,281,380
27246,moreno,221,380
38574,suprema,219,380
18019,franco,215,380
32623,progresismo,159,380
36699,seguramente,319,379
9054,confesar,303,379
40489,triste,286,379
34544,reivindicar,279,379
4818,belleza,260,379
37939,sostenido,324,378
11142,dedicado,306,378
15589,esencial,275,378
15715,espera,275,378
4303,baja,296,377
3994,autora,272,377
20755,identificacion,258,377
40351,travesti,130,377
24413,lindo,284,376
25713,martes,268,376
3279,articulacion,267,376
7697,chiste,272,375
5202,blanca,198,375
41105,vaca,178,375
10216,creado,322,374
9014,conducta,255,374
39415,terrorismo,205,374
15418,escaso,319,373
30717,perseguir,307,373
13151,disenar,290,373
306,accidente,228,373
15307,ernesto,192,373
3616,atento,313,372
17317,festejar,287,372
15854,estadistica,259,372
27585,municipal,232,372
10951,david,221,372
30557,perez,241,371
23984,leche,196,371
17931,fotografo,188,371
9245,consciente,296,370
16474,exhibir,293,370
42177,volar,281,370
20576,huella,272,370
27014,molestar,288,369
27178,monton,267,369
26586,mierda,247,369
33465,racismo,163,369
37800,someter,299,368
28807,oir,280,368
10730,cura,172,368
24078,lejano,307,367
26089,mediodia,281,367
42277,vuelo,236,367
17505,financiamiento,229,367
13245,disposicion,310,366
28485,numeroso,299,366
30766,pertenencia,296,366
34378,regalar,295,366
2587,aparato,278,366
616,acusacion,268,366
7212,celeste,248,366
19991,herido,240,366
25197,malestar,219,366
21729,infinito,307,365
22289,intensidad,303,365
1078,agradecer,293,365
9734,conviccion,289,365
32493,procedimiento,263,365
31456,podes,254,365
13108,discriminacion,237,365
24986,machista,195,365
37377,sintoma,218,364
3385,asesino,212,364
16197,etica,191,364
31951,practicar,270,363
11173,defensor,253,363
31702,porcentaje,267,362
8558,cometer,264,362
34953,reproduccion,249,362
29185,oro,235,362
2790,aprendizaje,225,362
16192,eterno,293,361
35255,retorno,280,361
8724,completar,309,360
30966,pico,258,360
9017,conductor,249,360
3386,asesor,236,360
13674,duelo,203,360
9287,conservar,304,359
18930,girar,301,359
12876,difundir,279,359
34133,recuperacion,254,359
27639,musico,181,359
40616,tucuman,181,359
11904,desconocer,303,358
23826,larga,307,357
21648,inesperado,297,357
20812,ignorar,293,357
36838,sensible,287,357
8337,colaborar,282,357
40887,unido,279,357
28416,novia,260,357
13026,directora,244,357
19115,google,189,357
25769,masculinidad,136,357
32853,provenir,298,356
32397,principalmente,291,356
37869,soportar,285,356
33319,querido,269,356
25049,maestra,205,356
20392,homicidio,173,356
3472,asomar,302,355
8708,complejidad,294,355
21940,inmenso,287,355
5506,borrar,273,355
8744,componer,266,355
15595,esfera,255,355
39157,televisivo,255,355
6992,castigo,238,355
16629,explotacion,217,355
21997,innovacion,202,355
15524,escritora,200,355
27975,nena,191,355
37238,silvia,154,355
4533,barcelona,146,355
13508,donald,214,354
6064,cadaver,185,354
1516,algoritmo,159,354
5359,boliviano,95,354
10575,cuello,285,353
27447,mudar,280,353
41837,vigente,279,353
27354,motor,263,353
20780,idioma,255,353
42351,washington,168,353
27158,montar,276,352
36593,seco,256,352
39427,tesis,247,352
29572,pan,230,352
40209,transmision,218,352
6436,cancer,167,352
16321,evita,151,352
34582,relatar,286,351
881,afecto,219,351
29164,originario,200,351
8443,colombiano,168,351
12763,diana,110,351
28459,nuevamente,293,350
27631,musical,188,350
30920,piba,156,350
20378,hombro,267,349
139,abrazo,256,349
29698,paradigma,234,349
27432,muchacho,220,349
8648,comparar,306,348
31801,poseer,271,348
32638,prohibir,259,348
35443,rey,223,348
21161,impunidad,210,348
13005,diputados,192,348
17937,fotos,328,347
41523,ventaja,261,347
35181,restriccion,244,347
20825,igualitario,233,347
22527,intimidad,220,347
22285,intendente,179,347
8583,comisaria,172,347
29144,orientacion,252,346
6352,camioneta,176,346
11006,debil,268,345
6353,camisa,257,345
39413,terror,229,345
19223,grafico,220,345
23377,juvenil,199,345
14035,electorado,165,345
1654,alquiler,149,345
10145,costumbre,291,344
39116,tele,235,344
25751,masacre,176,344
38402,sufrimiento,229,343
29489,palacio,216,343
23233,jubilado,185,343
40370,trazar,288,342
42059,visto,283,342
29047,opuesto,281,342
41781,vidal,118,342
4618,basar,281,341
27688,nacimiento,245,341
6354,camiseta,206,341
33211,puta,199,341
30096,patriarcal,196,341
5998,caber,292,340
13806,eco,288,340
9962,correcto,276,340
3445,asistencia,237,340
33295,quemar,232,340
17458,filmar,217,340
31670,pop,179,340
7418,cgt,98,340
38938,tardar,300,339
432,acomodar,290,339
16352,exactamente,280,339
6169,calculo,265,339
7397,cesar,233,339
14204,embarazado,202,339
30786,peru,188,339
11562,derivar,282,338
18497,garantia,254,338
26070,medicina,205,338
15878,estallido,200,338
12368,despacho,191,338
26739,ministra,189,338
25374,manifestante,162,338
35966,ruptura,264,337
31101,pintar,245,337
30619,periodico,232,337
1388,alcohol,214,337
20552,https,187,337
8043,claramente,267,336
13446,doler,235,336
2982,arena,223,336
29232,oscar,200,336
23050,jean,181,336
5923,busca,287,335
36748,semejante,279,335
30806,pesado,278,335
16872,facilitar,274,335
2385,anticipar,271,335
34826,repartir,269,335
36986,sesenta,266,335
9130,confundir,286,334
17553,firme,274,334
22714,involucrar,273,334
35852,roto,261,334
37642,sociologo,258,334
12570,destruccion,234,334
39953,totalmente,285,333
7102,causar,279,333
39794,tomado,274,333
8936,conclusion,271,333
31324,plato,243,333
24656,localidad,238,332
16645,exportacion,180,332
36730,selva,137,332
35687,rodeado,286,331
1262,aislado,261,331
20382,homenaje,252,331
6524,cansado,250,331
15237,equilibrio,243,331
16990,fan,174,331
25693,marquez,89,331
28399,novedoso,264,330
16623,explorar,262,330
42203,volumen,254,330
10295,criar,250,330
25124,mail,214,330
6374,campeon,162,330
34147,recurrir,275,329
2255,animo,273,329
2321,ansiedad,243,329
12786,dibujo,220,329
10723,cuota,215,329
34509,reino,211,329
41770,victor,159,329
42005,virtud,246,328
18826,gestionar,239,328
19988,herencia,213,328
11390,democrata,120,328
924,afirmacion,256,327
13485,dominar,251,327
22687,invierno,230,327
41602,verguenza,226,327
33285,quejar,279,326
8723,completamente,268,326
12881,difusion,241,326
19488,gubernamental,238,326
7170,ceder,280,325
16413,exceso,240,325
12328,desnudo,234,325
15543,escucha,225,325
11183,deficit,198,325
23507,kilo,194,325
8081,claudia,153,325
15097,entrevistar,253,324
14306,emitir,250,324
34083,recorte,234,324
15964,estetica,224,324
9933,corporacion,207,324
6386,campesino,155,324
27812,natalia,135,324
14578,encender,267,323
13926,efectivamente,254,323
17384,fiel,238,323
22699,invitado,237,323
26551,microfono,229,323
9757,convocatoria,224,323
38156,suarez,128,323
26374,mero,276,322
3223,arrojar,267,322
22059,inscribir,259,322
18056,frecuencia,248,322
9401,consulta,206,322
3774,audio,165,322
34024,reconocido,272,321
33058,puesta,245,321
2031,analista,243,321
7940,circuito,240,321
41938,vino,229,321
39107,tejido,219,321
36081,sacrificio,187,321
14891,enrique,176,321
2340,antecedente,268,320
29406,padecer,265,320
35991,rutina,259,320
36729,sello,205,320
22240,integracion,202,320
9162,conicet,184,320
9689,convencion,182,320
27159,monte,141,320
21221,inaugurar,273,319
33393,quinto,260,319
22582,introducir,257,319
18462,ganador,241,319
25443,manual,235,319
19516,guia,220,319
30863,petroleo,136,319
3029,argumentar,269,318
29632,pantalon,244,318
38504,superficie,230,318
15066,entrenar,169,318
23383,juzgado,154,318
21514,indigen,111,318
548,activismo,194,317
4537,barco,185,316
36209,salta,184,316
37578,sobreviviente,174,316
35198,resumir,281,315
14075,elegido,265,315
16428,exclusivo,263,315
21507,indice,237,315
19126,gordo,171,315
27765,narco,107,315
11656,desafiar,252,314
38642,suspender,252,314
17506,financiar,222,314
22068,inseguridad,191,314
5703,britanico,164,314
31685,populismo,128,314
36685,seguido,279,313
30712,persecucion,226,313
8238,cocinar,218,313
16199,etico,215,313
25617,mariano,206,313
35639,robo,185,313
560,actriz,174,313
20948,impactar,264,312
28703,oculto,245,312
1455,alerta,235,312
7851,ciencias,230,312
39802,tomas,203,312
23847,larreta,99,312
16281,evangelico,89,312
14013,elaborar,270,311
21020,implementar,247,311
1924,amistad,234,311
27066,monetario,170,311
13002,diputada,164,311
32403,principios,260,310
9668,contundente,258,310
32752,proposito,256,310
15044,entrega,245,310
34052,record,236,310
39927,tortura,200,310
26499,mezcla,265,309
28647,obvio,263,309
17120,favorecer,249,309
42296,vulnerable,232,309
28563,obligatorio,232,308
9747,convivencia,228,308
38520,supermercado,226,308
21827,ingeniero,193,308
24706,logro,256,307
23721,lagrima,250,307
8975,condenado,222,307
21291,inclusion,201,307
37637,sociologia,185,307
15769,espiritual,166,307
35696,rodolfo,156,307
544,activar,252,306
32715,pronunciar,250,306
32166,prender,238,306
726,administrativo,218,306
35455,rezar,218,306
23160,john,205,306
8085,claudio,168,306
20551,http,68,306
19198,gracia,254,305
2305,anotar,245,305
29621,panorama,245,305
9425,consumidor,190,305
25877,matias,159,305
3156,arrastrar,260,304
29703,parado,255,304
10509,cuantos,242,304
14751,enfoque,227,304
26297,menudo,221,304
7390,cerveza,213,304
30140,paul,151,304
5774,brutal,257,303
11736,desarmar,239,303
15827,estabilidad,222,303
35250,retorica,210,303
40752,uba,207,303
33504,rafael,164,303
27775,narcotrafico,156,303
24694,logico,262,302
33729,reaccionar,251,302
32992,publicamente,247,302
9230,conquista,246,302
14556,encarnar,244,302
14936,enseguida,242,302
16272,evaluar,237,302
6930,casar,231,302
20498,horror,215,302
42062,visual,197,302
42248,votacion,187,302
40692,turista,173,302
29718,paraguay,145,302
42329,walsh,88,302
8935,concluir,252,301
31988,precario,238,301
29831,parlamentario,202,301
3254,art,170,301
35600,rival,170,301
7559,che,163,301
10533,cubano,80,301
21653,inevitable,254,300
5371,bolsillo,240,300
14045,electrico,223,300
745,adolescencia,222,300
14454,empresarial,207,300
39457,teta,96,300
2576,apagar,235,299
30661,permiso,228,299
19990,herida,225,299
1168,aguantar,220,299
3450,asistente,219,299
6226,callejero,200,299
13306,distrito,186,299
20574,huelga,148,299
11819,descansar,253,298
12621,detectar,227,298
3381,asesinado,215,298
8871,concebir,246,297
28613,obstaculo,232,297
29000,opinar,231,297
19543,guion,192,297
11761,desatar,256,296
16680,expuesto,255,296
33940,recientemente,252,296
13944,eficacia,235,296
26674,millonario,214,296
252,academia,213,296
20660,humo,200,296
3776,audiovisual,170,296
645,adecuado,237,295
37224,sillon,233,295
37607,sociales,218,295
27387,movil,216,295
32629,progreso,203,295
15063,entrenador,83,295
36885,separado,259,294
33253,quebrar,246,294
16480,exigencia,242,294
31955,practico,240,294
41806,vidrio,227,294
22135,instalacion,214,294
5113,biografia,208,294
8499,combate,198,294
28511,obama,119,294
32187,preparado,251,293
11362,demandar,245,293
27439,muchisimo,242,293
31025,pilar,212,293
14746,enfermo,210,293
22263,inteligente,206,293
34560,relacionar,250,292
15675,especializado,235,292
21914,injusticia,224,292
12201,desigual,222,292
15368,escalera,214,292
24878,lujo,210,292
19191,grabar,183,292
27348,moto,159,292
7520,charly,54,292
16426,exclusivamente,253,291
34594,relativo,236,291
2149,anecdota,234,291
11757,desastre,208,291
826,adversario,199,291
38282,subsidio,187,291
7349,cerebro,174,291
24023,legalizacion,139,291
3714,atravesado,250,290
31919,potente,248,290
39648,tipico,244,290
19179,gozar,235,290
24387,limpiar,217,290
22313,interaccion,185,290
29510,palermo,176,290
22485,interrupcion,171,290
16563,expediente,152,290
10457,cuaderno,142,290
6972,casta,129,290
8509,combinacion,251,289
32503,procesar,222,289
31596,polo,159,289
12428,despido,158,289
8644,comparacion,243,288
24470,listo,242,288
32596,profundidad,236,288
25002,macrista,175,288
32595,profundamente,249,287
12915,digno,242,287
336,acelerar,237,287
1450,alentar,235,287
34383,regalo,215,287
42026,visibilidad,227,286
35170,restaurante,194,286
8360,coleccion,170,286
13843,ecuador,162,286
33711,raza,155,286
15065,entrenamiento,146,286
29783,parecierar,238,285
14757,enfrentamiento,224,285
29543,palo,224,285
5726,bronca,206,285
6532,cantante,187,285
36380,santo,172,285
34688,remitir,231,284
20610,huir,225,284
10217,creador,221,284
34416,registrado,210,284
35233,retiro,187,284
3325,asado,178,284
6816,carolina,157,284
32454,privilegiado,240,283
12750,dialogar,227,283
41949,violar,201,283
599,acumulacion,195,283
5647,brecha,180,283
28950,online,172,283
40772,ucr,99,283
18060,frecuente,245,282
32175,preocupado,241,282
13945,eficaz,223,282
17875,foro,195,282
4046,avanza,122,282
18331,futbolista,113,282
3735,atribuir,245,281
24316,liderar,230,281
17901,forzado,218,281
11492,dependencia,213,281
34363,refugio,208,281
15526,escritorio,205,281
7351,ceremonia,187,281
8591,comite,180,281
1653,alquilar,175,281
16549,expandir,252,280
30396,pendiente,234,280
37759,soltar,231,280
34541,reivindicacion,226,280
13301,distribuir,223,280
36018,sabes,207,280
22940,izquierdo,206,280
6548,canto,201,280
40088,tramite,193,280
28774,oficialista,178,280
28663,occidente,148,280
24240,liberalismo,122,280
10694,cumbia,103,280
16330,evo,75,280
6168,calcular,236,279
30281,pegado,227,279
15128,entusiasmo,212,279
24206,leyenda,206,279
2813,aprobacion,205,279
10753,curioso,246,278
25153,mala,227,278
14524,encantar,223,278
11900,desconfianza,218,278
4081,aventura,206,278
38547,supervivencia,203,278
12910,dignidad,198,278
20418,homosexual,126,278
1538,alicia,96,278
16507,existente,226,277
41077,util,223,277
40197,transito,220,277
32939,psicologico,212,277
10704,cumpleanos,210,277
35900,rubio,209,277
34785,renuncia,174,277
19331,gremio,127,277
18662,gendarmeria,113,277
29929,parto,91,277
33991,recomendar,234,276
22483,interrumpir,215,276
32689,promocion,211,276
561,actuacion,208,276
6011,cable,195,276
15953,estereotipo,183,276
4424,banca,172,276
1210,agustin,154,276
25709,marta,120,276
33554,ramos,105,276
32894,proyeccion,219,275
30738,personalidad,213,275
1975,ampliacion,212,275
34769,renovacion,194,275
7046,catastrofe,173,275
5011,bicicleta,169,275
39528,tia,166,275
36291,sanchez,134,275
1427,alejado,244,274
31947,practicamente,234,274
35020,rescatar,226,274
6812,caro,220,274
9633,contratar,218,274
41287,variable,207,274
28729,odiar,190,274
17483,filosofo,184,274
30095,patriarcado,161,274
41740,vicente,136,274
26712,minero,115,274
6730,cargado,236,273
34743,rendir,232,273
22362,interesado,230,273
32637,prohibido,229,273
42145,vocacion,205,273
35782,ronda,183,273
29724,paraiso,175,273
29471,pajaro,155,273
24833,lucia,149,273
11455,denominar,233,272
14583,encerrar,228,272
2955,arco,212,272
24391,limpio,207,272
18229,fumar,165,272
34881,replicar,245,271
638,adaptar,219,271
8879,concentrado,219,271
309,accionar,211,271
13697,dulce,208,271
500,acostumbrado,246,270
7164,cecilia,140,270
35699,rodrigo,126,270
12816,dictar,227,269
18259,fundador,219,269
2540,anual,203,269
6460,candidata,160,269
7241,cementerio,141,269
14301,emision,139,269
6562,capa,210,268
33311,queres,210,268
20069,heterogeneo,208,268
41384,vehiculo,196,268
18196,fuga,195,268
32582,profesora,185,268
17071,fase,182,268
27787,narracion,178,268
5127,biologico,169,268
38445,suma,229,267
3168,arreglar,223,267
722,administrar,222,267
8732,complicado,218,267
13595,drama,194,267
39213,temporal,194,267
3976,autonomo,186,267
79,abogada,161,267
16267,evaluacion,161,267
18194,fuerzas,130,267
32542,producido,222,266
32409,prioridad,207,266
36240,salvaje,194,266
29391,pacifico,183,266
29892,participante,175,266
31987,precariedad,145,266
33445,racial,127,266
8611,comodo,242,265
3492,aspirar,216,265
37213,silencioso,211,265
4860,beneficiar,210,265
1679,alterar,209,265
24015,legado,183,265
32332,prevencion,183,265
27736,nan,180,265
35560,rios,164,265
32478,problematica,206,264
35054,residencia,155,264
36622,secuestro,146,264
16704,extension,225,263
28800,oido,219,263
15834,establecido,217,263
39400,terrible,214,263
22673,investigadora,212,263
9488,contencion,211,263
35271,retrato,174,263
10422,crueldad,136,263
16389,exceder,226,262
11194,definitivo,221,262
24818,lucas,113,262
25047,maduro,113,262
11278,delegado,106,262
175,absolutamente,227,261
16141,estudios,209,261
17319,festejo,201,261
22216,insulto,196,261
3548,asuncion,185,261
19888,hector,172,261
17690,flores,150,261
25641,marina,138,261
24136,lesa,115,261
29743,parana,104,261
16706,extenso,230,260
7513,charlar,217,260
25379,manifiesto,215,260
570,actualmente,213,260
7243,cena,207,260
10670,culpable,190,260
41322,vaso,182,260
24677,locura,172,260
12194,desierto,171,260
25836,matanza,157,260
1499,alfonsin,138,260
14711,energetico,113,260
16424,exclusion,207,259
32802,protagonismo,207,259
38487,super,203,259
8750,composicion,198,259
16579,experimento,180,259
8517,combustible,148,259
16259,eva,136,259
41459,vencer,219,258
13985,ejecutar,210,258
40267,trascender,207,258
24510,living,186,258
25029,madrid,178,258
39988,trabajadores,177,258
14033,electo,171,258
38421,suicidio,140,258
33951,recital,127,258
29578,panama,90,258
31164,pisar,220,257
14582,encerrado,207,257
38225,subjetivo,183,257
18602,gato,166,257
19887,hectarea,129,257
4795,belen,85,257
34312,reflejo,216,256
8743,componente,207,256
26028,media,197,256
21017,implementacion,189,256
1791,amante,183,256
16317,evidenciar,208,255
4574,barrera,207,255
17717,flujo,187,255
858,aeropuerto,170,255
23892,latino,156,255
39322,terapia,145,255
40691,turismo,143,255
30445,pension,142,255
19038,goce,137,255
35737,roma,101,255
40438,tributario,97,255
32363,primario,203,254
14504,encabezar,202,254
25576,marea,181,254
15937,esteban,170,254
28979,operador,147,254
24557,llave,196,253
28601,obsesion,195,253
26039,mediano,187,253
42294,vulnerabilidad,182,253
39005,taxi,169,253
36587,seccion,168,253
38817,talento,168,253
9988,correo,164,253
36621,secuestrar,160,253
33466,racista,146,253
7720,chofer,135,253
10914,dario,123,253
17420,fijar,219,252
14760,enfrente,216,252
9478,contemplar,215,252
13201,disminuir,210,252
10403,cruce,207,252
13272,distincion,203,252
8735,complicidad,198,252
14994,entidad,195,252
40030,traduccion,182,252
10683,culto,168,252
28946,ong,163,252
13409,doctrina,146,252
16912,fake,141,252
9778,cooperativa,111,252
23292,jujuy,106,252
32848,proveer,215,251
10408,crucial,210,251
3698,atraer,209,251
37747,solido,208,251
30154,pausa,205,251
22241,integrado,204,251
40491,tristeza,204,251
18161,frustracion,200,251
23893,latinoamerica,200,251
37367,sintesis,196,251
31917,potenciar,195,251
4508,barato,194,251
8837,comunicado,191,251
20588,hueso,183,251
25901,matriz,181,251
39908,torre,167,251
32058,predio,146,251
35605,river,128,251
38584,supuestamente,219,250
28354,notable,213,250
20436,honor,199,250
32571,profesion,193,250
16992,fanatico,187,250
39879,tormenta,187,250
12933,dilema,184,250
41011,urna,175,250
24295,licencia,165,250
13037,dirigencia,162,250
39416,terrorista,127,250
30192,pbi,123,250
37684,soja,121,250
5052,big,114,250
12858,diferenciar,219,249
6200,caliente,211,249
34143,recurrente,203,249
37618,socialmente,195,249
42720,zapato,188,249
23105,jesus,138,249
7710,chocar,218,248
40129,transcurrir,215,248
41221,valorar,208,248
23939,lavar,198,248
7195,celebracion,196,248
5546,botella,188,248
26903,mochila,186,248
29244,oscuridad,181,248
1957,amoroso,171,248
23008,japones,111,248
2081,ancho,220,247
1036,agitar,205,247
4823,bello,198,247
29704,paradoja,198,247
17410,figurar,197,247
11007,debilidad,192,247
35957,rumor,188,247
29684,paquete,186,247
16337,evolucion,183,247
39201,temperatura,158,247
34936,represivo,152,247
31481,poetico,123,247
18681,generalizado,214,246
11797,desbordar,208,246
21765,influir,208,246
6717,carecer,206,246
41469,vendedor,174,246
16237,eugenia,154,246
9454,contagio,128,246
23423,karina,102,246
37343,singular,210,245
33971,recoger,207,245
27759,naranja,173,245
27135,monstruo,171,245
18300,furia,166,245
21502,indicador,166,245
6306,cambiemo,95,245
18799,german,95,245
25348,manejo,211,244
40331,trato,207,244
28027,nervioso,206,244
15017,entramado,204,244
18575,gastar,200,244
21064,imposibilidad,199,244
29145,orientado,196,244
29167,orilla,151,244
22696,invitacion,207,243
16939,fallar,202,243
15997,estimar,198,243
40091,trampa,196,243
22712,involucrado,195,243
16971,fama,189,243
39113,telam,184,243
12031,desempleo,162,243
26512,mia,142,243
16131,estudiantil,128,243
26696,mina,123,243
8951,concretar,213,242
6622,captar,203,242
8332,colaboracion,192,242
21391,incrementar,187,242
14597,encierro,163,242
38961,tarjeta,160,242
18990,globalizacion,133,242
30033,pata,181,241
40884,unidas,181,241
26410,meta,180,241
23231,jubilacion,165,241
26942,modernidad,157,241
40426,tribuna,146,241
29945,pasajero,141,241
40628,tuit,124,241
6636,caputo,78,241
31741,portada,222,240
8795,comprobar,208,240
21147,impulsado,207,240
34876,repleto,206,240
1111,agresion,189,240
40896,uniforme,173,240
36121,sagrado,172,240
35746,romantico,169,240
17685,florencia,151,240
6396,campora,118,240
22137,instalado,212,239
35059,residir,207,239
655,adelanto,206,239
8799,comprometer,206,239
34772,renovar,196,239
8780,comprension,195,239
3419,asiento,185,239
29115,organico,183,239
37609,socialismo,151,239
41624,veronica,121,239
6995,castillo,96,239
29036,optar,209,238
21931,inmediatamente,207,238
31273,plantar,192,238
677,adhesion,185,238
28897,olvido,181,238
13126,discursivo,179,238
33535,rama,173,238
29563,pampa,147,238
30605,periferia,143,238
3072,armadas,113,238
8810,compuesto,202,237
37413,sistematico,197,237
9077,configurar,181,237
26852,misterio,168,237
20289,historiador,167,237
24033,legislacion,164,237
1430,alejandra,153,237
13565,dosis,151,237
10013,corrientes,148,237
3563,atado,211,236
25882,matiz,211,236
16702,extendido,209,236
15830,estable,198,236
13881,editar,185,236
32632,prohibicion,171,236
4579,barrial,154,236
29967,pase,147,236
34958,reproductivo,132,236
25547,marcela,101,236
15940,estela,94,236
35369,reves,206,235
9406,consultar,203,235
3697,atractivo,202,235
32252,president,173,235
41507,venganza,165,235
12676,devaluacion,128,235
41499,venezolano,100,235
6856,carrio,85,235
861,afa,63,235
38375,suelto,203,234
29908,particularmente,193,234
9233,conquistar,190,234
12448,despliegue,189,234
7332,cercania,184,234
33777,realizacion,184,234
1626,almuerzo,183,234
14419,emplear,181,234
14863,enojo,176,234
17895,fortuna,172,234
4798,belgrano,171,234
38337,sucio,171,234
10349,cristiano,162,234
5969,caba,157,234
25676,marketing,154,234
9879,cordobes,108,234
35890,ruben,105,234
12939,dilma,72,234
24320,lidiar,200,233
37927,sospechar,197,233
24367,limitacion,190,233
4511,barba,176,233
32335,prevenir,172,233
20993,imperio,171,233
10421,cruel,170,233
39112,tela,162,233
40142,transferencia,159,233
24390,limpieza,153,233
11192,definitiva,212,232
32017,precision,208,232
3423,asignar,205,232
1073,agotar,192,232
9629,contraste,191,232
21102,impresion,191,232
25075,magico,190,232
25335,mando,181,232
36614,secuencia,174,232
29130,organo,173,232
13182,disidencia,162,232
29833,parlamento,156,232
20804,ignacio,134,232
22753,iran,69,232
30425,pensado,207,231
973,afrontar,198,231
5682,brillante,198,231
20867,iluminar,191,231
33363,quimico,155,231
26594,migracion,139,231
37669,sofia,128,231
33479,radicalismo,109,231
31012,piglia,34,231
16443,excusa,207,230
6628,capturar,193,230
19614,habilidad,179,230
36342,sano,179,230
42029,visibilizar,176,230
32360,primaria,169,230
21843,inglaterra,153,230
11327,delincuente,144,230
6596,capitan,124,230
8802,comprometido,196,229
12093,desesperado,194,229
9570,contradictorio,191,229
32243,preservar,190,229
12478,desprecio,176,229
4592,barro,174,229
20595,huevo,169,229
25028,madres,137,229
38654,sustancia,135,229
4525,barbijo,127,229
2128,andrea,107,229
2286,anonimo,190,228
11743,desarrollado,174,228
2680,aplauso,173,228
26915,modalidad,171,228
19637,habito,168,228
41845,vigilancia,146,228
26064,medicamento,125,228
34937,represor,91,228
36089,sacudir,202,227
9701,convenir,193,227
16065,estrecho,189,227
28436,nube,166,227
39337,tercio,163,227
24520,llama,157,227
1885,americano,146,227
28096,news,137,227
27076,monica,123,227
25738,marx,92,227
34840,repensar,176,226
16839,fabricar,173,226
21392,incremento,158,226
20794,idolo,136,226
6787,carmen,110,226
21097,imprescindible,189,225
32744,proporcion,172,225
18927,gira,165,225
9690,convencional,145,225
41982,virgen,143,225
36769,seminario,125,225
4067,avellaneda,118,225
24040,legislatura,116,225
15615,esma,63,225
11190,definido,195,224
13497,dominio,178,224
1293,ala,169,224
41349,vecina,154,224
29021,opresion,138,224
21955,inmobiliario,133,224
14191,embajada,110,224
14083,elena,96,224
26711,mineria,93,224
41785,videla,79,224
21288,incluido,210,223
14238,emblematico,189,223
33909,receta,176,223
40046,trafico,160,223
42157,vocero,145,223
6984,castellano,143,223
16250,europea,133,223
21492,india,133,223
38954,tarifa,111,223
7554,chavez,96,223
27408,moyano,81,223
9539,continuo,198,222
29139,orgulloso,196,222
32807,protagonizar,194,222
10613,cuestionamiento,185,222
14939,ensenanza,158,222
28704,ocupacion,158,222
17606,flaco,151,222
10904,danza,128,222
34830,repasar,200,221
20313,hito,192,221
16355,exacto,190,221
29380,paciencia,183,221
40053,tragico,183,221
11091,decisivo,179,221
9022,conectado,175,221
14274,emergente,171,221
25759,mascara,152,221
32083,preferencia,146,221
27579,muneca,145,221
33826,rebelde,145,221
1559,alimentario,116,221
31445,podcast,105,221
30733,persistir,187,220
28718,ocurrido,185,220
11950,descripcion,176,220
13839,ecosistema,134,220
23296,julia,114,220
31089,pinochet,80,220
22898,israeli,57,220
34587,relativamente,191,219
32232,presentado,182,219
18270,fundamentalmente,179,219
10752,curiosidad,176,219
33988,recomendacion,176,219
16081,estrenar,174,219
28348,nostalgia,154,219
13227,disparo,126,219
10662,culo,124,219
24327,liga,117,219
26772,mira,195,218
38906,tapar,193,218
36884,separacion,174,218
24624,llover,170,218
28748,oeste,167,218
10595,cuero,156,218
29152,oriente,138,218
14412,empleada,128,218
39892,torneo,106,218
40873,unicamente,193,217
32339,prever,184,217
19408,grueso,183,217
24554,llanto,178,217
35918,rueda,173,217
32156,premisa,172,217
12836,diente,168,217
42042,visitante,147,217
6510,cano,114,217
22970,jaime,100,217
21387,increible,190,216
36295,sancionar,181,216
6206,calificar,180,216
41090,utilizado,169,216
32736,propietario,148,216
33942,recinto,124,216
39563,tigre,114,216
40813,ultraderecha,112,216
41027,uruguayo,94,216
27569,mundialanfibia,5,216
7011,casual,190,215
35368,revertir,186,215
29770,parcial,185,215
31822,posicionar,178,215
26584,mier,174,215
42716,zapatilla,171,215
26133,mejora,170,215
41094,utopia,155,215
22222,insumo,153,215
24140,lesbiano,137,215
24116,leo,127,215
23007,japon,122,215
15259,equivalente,183,214
14931,ensayar,182,214
17979,fragilidad,149,214
2173,anfibio,141,214
1554,alimentacion,110,214
10540,cubierto,183,213
21372,incorporacion,177,213
32322,pretension,175,213
31787,posar,174,213
6235,calma,171,213
14490,enamorar,165,213
32208,presa,151,213
17153,federacion,147,213
31113,pintura,145,213
3420,asignacion,144,213
8493,comando,130,213
30021,pastor,89,213
108,abortar,86,213
23492,kicillof,86,213
22,abarcar,183,212
25535,maravilloso,178,212
14537,encarar,175,212
17775,fomentar,174,212
31513,polemica,174,212
25503,maquinaria,168,212
41745,vicepresidente,152,212
953,africa,137,212
34490,reina,133,212
35437,revuelta,118,212
35057,residente,113,212
36308,sandra,90,212
40773,ucrania,57,212
15266,equivocar,185,211
17839,formado,185,211
18169,fruto,180,211
21429,indagar,173,211
19752,hallar,167,211
8890,conceptual,165,211
26282,mentir,165,211
15187,epico,162,211
22184,instruccion,162,211
19003,gloria,156,211
26961,modificacion,154,211
18396,galeria,127,211
38624,susana,121,211
11841,descartar,184,210
17977,fragil,180,210
28614,obstante,176,210
34841,repente,174,210
34612,relevancia,169,210
12443,desplazamiento,168,210
25382,maniobra,168,210
7844,ciego,162,210
6525,cansancio,158,210
39158,televisor,158,210
23983,leccion,155,210
29058,oral,152,210
4353,balcon,148,210
41256,vanguardia,146,210
17564,fiscalia,116,210
1314,alarcon,109,210
792,adriana,94,210
34359,refugiado,94,210
14095,elevar,192,209
37372,sintetizar,189,209
24368,limitado,186,209
17889,fortaleza,166,209
21721,infierno,165,209
25597,marginal,161,209
3132,arquitectura,154,209
30141,paula,137,209
24988,macho,127,209
10682,cultivo,121,209
6298,cambiario,88,209
37731,solicitar,175,208
36631,secundaria,165,208
29815,parir,161,208
28309,normalidad,156,208
34634,reloj,153,208
32628,progresivo,152,208
30106,patrimonio,147,208
12774,diaz,130,208
23303,julieta,130,208
7432,chaco,118,208
3840,australia,104,208
33281,queer,91,208
22605,inundacion,85,208
5489,boric,45,208
9499,contento,183,207
26357,merito,173,207
18275,fundamento,171,207
28590,observacion,160,207
9934,corporal,152,207
32366,primavera,151,207
1506,alfredo,132,207
12996,diplomatico,119,207
9728,convertido,185,206
28706,ocupado,181,206
38258,subrayar,174,206
35100,resonar,173,206
6219,callar,169,206
2603,apariencia,167,206
12783,dibujar,167,206
21523,indignacion,153,206
10229,creatividad,138,206
39917,torta,137,206
4276,bahia,102,206
19200,graciela,100,206
17398,fifa,64,206
22005,inocente,176,205
37503,sobrar,176,205
4334,balance,169,205
6991,castigar,168,205
15700,especulacion,165,205
12198,designar,161,205
8446,colonia,140,205
23297,julian,134,205
23271,jugada,132,205
26326,mercedes,129,205
4954,besar,126,205
41744,vicepresidenta,122,205
14677,endeudamiento,111,205
38873,tango,103,205
15188,epidemia,90,205
34415,regir,181,204
17538,fino,174,204
8046,claridad,173,204
41290,variado,173,204
10,abandonado,172,204
7288,centralidad,168,204
8018,civico,168,204
13597,dramatico,164,204
1323,alarma,154,204
10461,cuadrado,154,204
23322,junta,153,204
30526,perdon,146,204
6125,cajon,135,204
27696,nacionalista,134,204
15451,esclavo,121,204
19508,guerrillero,94,204
24762,lorena,77,204
33485,radicar,186,203
15699,espectro,171,203
7012,casualidad,167,203
31969,pre,164,203
17959,fracasar,160,203
16207,etiqueta,146,203
21052,importacion,111,203
28902,omar,99,203
15633,espacial,97,203
16096,estricto,167,202
3487,aspiracion,162,202
15784,espontaneo,161,202
29695,parada,159,202
16626,explosion,148,202
28961,onu,132,202
7009,castro,116,202
6819,carpa,106,202
3705,atrapado,170,201
41202,valioso,170,201
24086,lema,161,201
39128,telefonico,152,201
8694,competitivo,142,201
635,adaptacion,140,201
16822,ezequiel,132,201
27532,multinacional,126,201
4760,beca,124,201
13815,ecologico,103,201
22998,janeiro,96,201
8224,cocaina,94,201
3824,ausente,175,200
10439,cruzado,175,200
17270,feroz,175,200
21551,indispensable,171,200
35111,respaldo,167,200
36149,salarial,140,200
33427,rabia,138,200
20345,hola,137,200
4005,autoritarismo,135,200
22299,intensivo,132,200
8835,comunicacional,122,200
37322,sindicalista,113,200
2879,arabe,98,200
7373,cerro,88,200
41332,vaticano,71,200
17952,fpv,62,200
204,absurdo,179,199
9296,considerado,178,199
35013,resaltar,172,199
16940,fallecer,170,199
17124,favorito,165,199
31099,pintado,164,199
13536,dorado,162,199
39183,temblar,152,199
15898,estandar,151,199
31604,polvo,147,199
14043,electricidad,139,199
13023,directivo,136,199
36991,sesgo,135,199
28762,off,131,199
30038,patagonia,113,199
25103,magnitud,174,198
31749,portar,168,198
8734,complice,164,198
16013,estirar,163,198
3955,automatico,157,198
23971,lealtad,136,198
35655,roca,131,198
24731,londres,129,198
42331,walter,128,198
8139,clinica,124,198
10084,cosecha,113,198
23332,juntos,109,198
7414,cfk,89,198
23718,lago,87,198
22130,inspirar,171,197
37753,solitario,170,197
568,actualizar,166,197
24844,lucir,165,197
2801,apretar,164,197
34853,repeticion,158,197
40224,transparencia,135,197
28325,normativo,134,197
7875,cigarrillo,133,197
8447,colonial,126,197
31939,pozo,124,197
36063,sacerdote,86,197
34218,reducido,175,196
7296,centrar,167,196
19301,gravedad,164,196
16334,evocar,159,196
26817,miseria,159,196
32831,protestar,155,196
438,acompanamiento,147,196
27700,naciones,147,196
12390,despedida,143,196
9120,confrontacion,137,196
9883,cordon,136,196
39545,tienda,129,196
17383,fiebre,114,196
31687,populista,106,196
12480,desprender,173,195
39945,totalidad,170,195
11420,demorar,167,195
39885,tornar,167,195
32265,presionar,166,195
14449,emprendimiento,154,195
32479,problematico,154,195
16941,fallecido,133,195
18166,fruta,133,195
9817,copia,125,195
36383,santos,89,195
31718,porno,64,195
9788,coordinacion,160,194
37933,sospechoso,148,194
20079,heterosexual,121,194
17197,felipe,118,194
25592,margarita,81,194
33172,puntual,176,193
13348,dividido,167,193
29151,orientar,165,193
14,abandono,162,193
40245,transversal,157,193
8965,concurso,142,193
30233,pedagogico,119,193
495,acoso,102,193
1120,agricultura,100,193
24352,liliana,64,193
18258,fundado,171,192
2824,apropiar,169,192
37298,simultaneo,168,192
18105,fresco,164,192
29617,panico,162,192
3152,arrasar,161,192
32016,precisar,158,192
15793,esposo,139,192
31989,precarizacion,131,192
9925,coronel,90,192
4125,aviso,163,191
14727,enfasis,158,191
1424,alegre,152,191
13479,dominacion,144,191
33829,rebelion,127,191
2182,angeles,121,191
36765,semilla,120,191
29398,paco,55,191
30242,pedazo,164,190
1785,amanecer,161,190
16742,extra,157,190
35269,retratar,157,190
23340,jurar,156,190
23634,labio,146,190
20671,hundir,143,190
8023,civilizacion,139,190
8334,colaborador,139,190
37091,shock,138,190
19754,hallazgo,136,190
2533,antropologia,131,190
18793,gerente,125,190
33291,quemado,123,190
27191,monumento,122,190
28040,netflix,113,190
8849,comunismo,109,190
8490,comandante,103,190
3236,arroz,97,190
20187,hinchada,85,190
209,abuelas,76,190
653,adelantar,167,189
29971,pasear,167,189
13948,eficiente,165,189
32852,proveniente,156,189
12028,desempeno,146,189
37743,solidario,144,189
9075,configuracion,143,189
3045,ariel,130,189
6899,carton,125,189
33003,publicitario,122,189
30015,pastilla,120,189
33769,realismo,114,189
13356,divisa,109,189
15320,erotico,100,189
5684,brillar,167,188
37431,situar,164,188
28642,obviamente,149,188
27922,negacion,147,188
36070,saco,146,188
26029,mediacion,143,188
10767,cursar,142,188
39103,tejer,141,188
32720,propaganda,129,188
19088,goma,120,188
20026,hernan,120,188
33551,ramon,89,188
33219,putin,59,188
1899,amia,44,188
3852,autentico,160,187
16937,falla,159,187
23635,labor,153,187
6884,cartera,152,187
34036,reconstruccion,148,187
2820,apropiacion,144,187
18113,fria,143,187
9941,corporativo,141,187
22408,intermedio,140,187
31853,postal,134,187
32445,privatizacion,131,187
32985,publica,121,187
23800,lanzamiento,119,187
28671,oceano,109,187
26602,migratorio,103,187
20852,ilicito,97,187
33223,puto,92,187
29203,ortega,66,187
1285,ajustar,165,186
21263,incierto,164,186
16683,expulsar,159,186
22398,interlocutor,146,186
10680,cultivar,142,186
9452,contagiar,129,186
8351,colapso,119,186
41208,valle,113,186
42691,zamora,105,186
18899,gimnasio,99,186
26208,mencionado,167,185
20735,ida,161,185
31998,precedente,161,185
9346,constantemente,160,185
41295,variedad,154,185
1232,ahorrar,153,185
12959,dinamico,153,185
19919,helado,150,185
3553,asustar,149,185
19000,globo,149,185
4195,azar,145,185
40474,triple,145,185
35037,reservado,143,185
15483,escondido,135,185
5072,billete,120,185
24765,lorenzo,99,185
2836,aproximadamente,154,184
8579,comienzos,149,184
21710,inferior,148,184
26001,mecanico,145,184
21295,inclusivo,141,184
22414,interna,132,184
14291,emilio,125,184
32370,primera,115,184
19094,gomez,114,184
17451,film,105,184
37154,sierra,101,184
9273,consentimiento,95,184
40356,travestis,95,184
9132,confusion,159,183
31817,posiblemente,156,183
12547,destinar,155,183
28934,onda,155,183
2678,aplaudir,149,183
31783,pos,149,183
35907,rubro,137,183
36674,segmento,131,183
4431,bancario,130,183
26225,menemismo,121,183
30865,petrolero,110,183
10856,dama,96,183
25927,mauro,64,183
14750,enfocar,164,182
16423,excluir,160,182
753,adonde,155,182
1755,alzar,153,182
21234,incapaz,151,182
4009,autorizar,150,182
24050,legitimar,150,182
11972,descubrimiento,131,182
39912,torres,127,182
32276,prestamo,111,182
13690,duhalde,97,182
37968,sovietico,84,182
14446,emprender,165,181
1763,amable,159,181
6559,caos,157,181
26866,mitico,155,181
41836,vigencia,155,181
35524,rigor,154,181
13982,ejecucion,145,181
37870,soporte,140,181
27871,navegar,136,181
28372,noticiero,131,181
2086,anciano,129,181
21791,informativo,124,181
33456,racionalidad,121,181
17392,fierro,105,181
9416,consultorio,104,181
23973,leandro,98,181
30788,peruano,96,181
8290,coger,87,181
11193,definitivamente,165,180
14357,empatia,156,180
18821,gestar,151,180
18751,geografia,150,180
27783,nariz,144,180
25956,mayoritario,136,180
41963,violeta,134,180
29650,panza,132,180
6408,canada,126,180
15092,entrevistado,120,180
3668,atmosfera,115,180
27948,negra,115,180
5883,burgues,107,180
3233,arroyo,91,180
38133,streaming,80,180
4547,bariloche,69,180
38687,sutil,161,179
19291,gratis,159,179
16403,excepcional,157,179
18189,fuertemente,154,179
347,aceptacion,152,179
2351,anteojo,143,179
6379,campera,138,179
29811,pariente,138,179
33455,racional,138,179
32288,prestigio,136,179
10709,cumplimiento,133,179
29125,organizador,131,179
32338,preventivo,121,179
38294,subte,113,179
24282,libreria,104,179
2225,anibal,90,179
15177,envuelto,158,178
23751,lamentar,156,178
8984,condensar,152,178
9443,contactar,148,178
24315,liderado,147,178
31283,planteo,147,178
40319,tratado,144,178
7242,cemento,137,178
30804,pesadilla,136,178
40283,traslado,134,178
28811,ojala,132,178
23280,juguete,130,178
17982,fragmentacion,125,178
1235,ahorro,118,178
41635,verso,112,178
4148,axel,100,178
6526,cansar,155,177
33127,punado,155,177
1583,alivio,153,177
22409,interminable,150,177
22862,irrupcion,150,177
22060,inscripcion,149,177
31900,postular,147,177
21257,incidencia,140,177
35005,requisito,139,177
18670,generacional,127,177
32940,psicologo,120,177
38579,supremo,105,177
30583,performatico,71,177
38347,sudafrica,67,177
33452,racing,54,177
17549,firmado,165,176
17903,forzar,163,176
600,acumulado,145,176
33660,rastro,141,176
30607,periferico,133,176
14441,emprendedor,126,176
6824,carpeta,122,176
18025,franja,122,176
27391,movilidad,118,176
10937,data,116,176
16213,etnico,116,176
34774,renta,111,176
7266,censura,105,176
23793,lanus,89,176
7022,catalan,60,176
41198,valido,160,175
21887,iniciado,157,175
9973,corregir,153,175
9123,confrontar,146,175
29857,parrafo,142,175
1834,ambicion,140,175
35692,rodilla,140,175
38330,suceso,130,175
7919,cinta,129,175
36428,sarmiento,120,175
27830,nativo,116,175
26809,misa,110,175
7534,chat,102,175
23269,jueza,89,175
40226,transparente,157,174
1114,agresivo,156,174
11065,decidido,154,174
39710,titulado,154,174
22709,invocar,148,174
6922,casado,143,174
14317,emocionar,143,174
31697,poquito,142,174
4752,beber,135,174
6564,capacitacion,131,174
31746,portal,131,174
41974,viral,131,174
37692,sola,130,174
36030,sabor,127,174
740,adn,116,174
18432,galpon,108,174
37835,sonoro,108,174
24985,machismo,107,174
30881,pez,102,174
19327,gremial,97,174
4882,benjamin,96,174
10322,criollo,90,174
1362,album,88,174
1457,alertar,157,173
40391,tremendo,155,173
2753,apoyado,154,173
14093,elevado,142,173
18242,funcional,138,173
21122,imprimir,138,173
26425,metal,129,173
34547,reja,126,173
6513,canon,125,173
6625,captura,123,173
39600,times,122,173
32551,productora,121,173
6111,caido,120,173
35599,rivadavia,119,173
22632,invasion,118,173
14740,enfermera,112,173
8548,comerciante,109,173
1147,agropecuario,101,173
6860,carro,101,173
16945,fallido,157,172
34812,reparar,151,172
830,advertencia,150,172
14971,entendido,150,172
13344,divertir,148,172
40104,tranquilidad,147,172
40377,trece,145,172
37356,sinonimo,143,172
12159,desgracia,142,172
17703,flotar,140,172
25071,magia,137,172
32817,protegido,137,172
2265,aniversario,134,172
26936,moderado,132,172
36694,segunda,130,172
8223,coca,123,172
25873,materno,116,172
31595,pollo,112,172
35754,romero,99,172
23337,jurado,92,172
8143,clinton,58,172
4904,bergoglio,49,172
1183,agudo,155,171
589,acudir,152,171
9196,conmover,149,171
15588,esencia,147,171
33284,queja,147,171
502,acostumbrar,146,171
38390,suficientemente,146,171
36747,sembrar,136,171
19982,heredero,126,171
21080,impotencia,120,171
33731,reaccionario,120,171
9792,coordinadora,110,171
3266,artes,106,171
8141,clinico,105,171
35217,retencion,92,171
22870,isabel,86,171
8612,comodoro,71,171
41292,variar,161,170
4048,avanzado,151,170
15175,envolver,151,170
22098,insistencia,149,170
28235,nocturno,143,170
31708,porcion,143,170
9321,consolidacion,129,170
16493,exilio,122,170
14990,enterrar,119,170
4212,azucar,85,170
13458,doloroso,151,169
15720,esperado,149,169
30566,perfectamente,145,169
4423,banar,132,169
5554,boton,132,169
10741,curar,132,169
37590,sobrino,127,169
4910,berlin,103,169
22659,inversor,101,169
28220,nobel,96,169
7235,celula,78,169
29512,palestino,35,169
31252,planear,155,168
221,abundar,153,168
16766,extranar,146,168
12090,desesperacion,145,168
4629,basicamente,144,168
13148,disenado,143,168
17835,forjar,136,168
13561,doscientos,134,168
31392,plural,134,168
499,acostar,133,168
7077,catorce,132,168
21310,incomodidad,132,168
16367,examen,131,168
38065,status,125,168
27451,mueble,123,168
19338,griego,119,168
11918,descontento,114,168
23350,jurisdiccion,109,168
27620,musculo,108,168
26519,michael,106,168
17940,foucault,79,168
39341,teresa,75,168
2760,app,74,168
7203,celebre,152,167
34844,repercusion,150,167
19519,guiar,146,167
39662,tirado,143,167
35218,retener,140,167
33577,rango,136,167
38646,suspension,136,167
7285,centrado,135,167
34930,representativo,131,167
40332,trauma,118,167
9775,cooperacion,116,167
1856,ambulancia,111,167
6741,caribe,111,167
1745,alvarez,108,167
29605,panel,105,167
37231,silva,92,167
20550,html,21,167
14580,encendido,151,166
12520,destacado,150,166
36660,seducir,145,166
8397,colgado,143,166
12396,despegar,142,166
34091,recrear,137,166
41421,vela,123,166
28876,olla,115,166
42175,volante,112,166
5345,boliche,103,166
27646,musulman,77,166
26517,micaela,71,166
7978,cis,65,166
8352,colar,150,165
11370,demas,147,165
14860,enojado,147,165
34925,representado,146,165
340,acento,141,165
16412,excesivo,138,165
11561,derivado,136,165
38609,surgimiento,135,165
2536,antropologo,126,165
12646,deterioro,123,165
5873,burbuja,115,165
6942,casco,113,165
16467,exhibicion,113,165
1746,alvaro,104,165
7072,catolica,99,165
680,adiccion,92,165
24120,leonardo,91,165
22619,invadir,145,164
20885,ilustrar,144,164
27657,mutar,141,164
333,acelerado,140,164
2915,arbitrario,140,164
11453,denominado,139,164
20129,hierro,139,164
11821,descanso,138,164
7246,cenar,135,164
19031,gobernante,135,164
13404,doctora,130,164
21169,imputado,107,164
13053,discapacidad,94,164
17069,fascismo,89,164
24357,lima,85,164
22283,intendent,83,164
10576,cuenca,66,164
42184,volcar,149,163
41032,usado,141,163
32348,previsto,140,163
29738,parametro,139,163
6101,cagar,133,163
483,acorde,132,163
18524,garganta,132,163
33671,ratificar,131,163
26267,mensual,126,163
34808,reparacion,120,163
17516,finanza,119,163
21825,ingenieria,114,163
9700,convenio,110,163
8445,colon,105,163
8923,concierto,102,163
31030,pileta,94,163
25647,marino,89,163
5627,brasilero,82,163
13382,dnu,61,163
19187,grabado,145,162
35313,reunido,145,162
27290,mortal,133,162
32530,procurar,133,162
34665,remedio,133,162
1760,ama,120,162
16755,extraer,120,162
24644,lobby,120,162
2964,arder,118,162
16890,factura,117,162
36808,sendero,117,162
40547,tropa,114,162
40158,transformador,110,162
29276,osvaldo,102,162
4743,beatriz,98,162
19196,grabois,41,162
9628,contrastar,151,161
37802,sometido,151,161
59,abiertamente,144,161
1723,aludir,140,161
35282,retroceder,139,161
22472,interrogante,134,161
21511,indiferencia,133,161
8560,cometido,132,161
24522,llamada,132,161
40089,tramo,128,161
37430,situado,125,161
10420,crudo,122,161
34827,reparto,105,161
5093,binario,103,161
1117,agricola,85,161
24477,literalmente,151,160
8733,complicar,149,160
29709,paradojicamente,148,160
17118,favorable,141,160
32415,priorizar,141,160
18461,ganado,140,160
9793,coordinar,139,160
11293,delgado,138,160
13342,divertido,137,160
11999,deseado,136,160
20652,humilde,136,160
34849,repertorio,133,160
30159,pauta,129,160
359,acercamiento,128,160
19978,heredar,127,160
15265,equivocado,126,160
5902,burocracia,125,160
29053,oracion,115,160
19925,helicoptero,114,160
27873,navidad,111,160
19553,guitarra,106,160
18715,genio,105,160
32347,previsional,94,160
30481,per,86,160
30416,penitenciario,69,160
22861,irrumpir,145,159
39290,tenso,144,159
38157,suave,139,159
10034,corrupto,130,159
18095,freno,126,159
20879,ilustracion,121,159
26314,mercancia,118,159
31866,posteo,118,159
32546,productividad,116,159
16743,extraccion,107,159
22925,ivan,100,159
10846,dale,96,159
20028,hernandez,86,159
21642,ines,82,159
7074,catolicismo,53,159
20643,humedal,39,159
18755,geografico,143,158
15813,esquivar,141,158
20649,humedo,141,158
38446,sumado,140,158
8319,coincidencia,139,158
2597,aparente,137,158
22032,inquietud,137,158
11778,desayuno,133,158
20937,imitar,128,158
9294,consideracion,126,158
41677,vestuario,126,158
28839,oler,122,158
6407,cana,114,158
19502,guerrero,95,158
39823,tonelada,94,158
7770,chubut,93,158
19506,guerrilla,92,158
38137,street,89,158
24137,lesbiana,85,158
39394,terremoto,67,158
26808,mirtha,54,158
9751,convocado,142,157
29905,particularidad,139,157
20183,himno,133,157
17487,filtrar,132,157
11011,debilitar,125,157
38327,sucesion,123,157
15159,enviado,118,157
25462,manzana,115,157
32937,psicologia,113,157
23703,ladrillo,112,157
17064,fascinacion,110,157
39931,torturar,104,157
32845,proveedor,103,157
13506,donacion,101,157
9333,conspiracion,98,157
35715,rojas,87,157
5018,biden,56,157
19591,habana,55,157
15295,erigir,136,156
29974,paseo,136,156
37901,sorprendente,133,156
21508,indicio,131,156
13684,duermar,126,156
40087,tramitar,124,156
16174,etcetera,122,156
13355,divino,117,156
15416,escasez,117,156
25327,mandatario,117,156
39357,terminal,117,156
1104,agregado,116,156
20364,hollywood,109,156
39969,toxico,109,156
30230,pedagogia,105,156
35061,residuo,102,156
36402,sar,85,156
5193,black,75,156
31004,pierre,65,156
17497,finalizar,146,155
16305,eventual,144,155
12168,deshacer,142,155
34855,repetido,141,155
31263,planificacion,130,155
21294,inclusive,129,155
30047,patear,121,155
15084,entretenimiento,117,155
35887,rua,111,155
23262,juegos,95,155
2237,animado,94,155
957,africano,79,155
13728,duracion,133,154
38329,sucesivo,133,154
2610,aparte,132,154
8996,condicionar,128,154
14237,emblema,127,154
31821,posicionamiento,125,154
24451,liquido,116,154
17482,filosofico,114,154
36458,satisfaccion,114,154
40646,tumba,102,154
21756,influencer,94,154
37826,sonia,78,154
41795,videojuego,67,154
9377,constituyente,62,154
41130,vacunacion,62,154
35606,rivera,51,154
16873,facilmente,139,153
1344,albergar,132,153
197,abstracto,129,153
28886,olvidado,126,153
16421,excluido,125,153
35387,revision,122,153
40058,traicion,122,153
16821,ezeiza,115,153
33897,recepcion,115,153
34945,reprimir,115,153
27791,narrador,92,153
16130,estudiantes,84,153
38240,submarino,36,153
4689,batman,14,153
4709,bautizar,137,152
29080,ordenado,137,152
3344,ascender,129,152
39780,tolerar,126,152
23056,jefa,122,152
5374,bolso,117,152
27381,movida,115,152
15960,estero,99,152
28139,nieta,92,152
19581,gutierrez,90,152
9887,corea,87,152
2862,apurar,136,151
12943,diluir,136,151
12650,determinante,133,151
20756,identificado,133,151
27671,mutuo,133,151
33335,quiebre,132,151
31124,pionero,131,151
6239,calmar,128,151
22215,insultar,124,151
25386,manipulacion,121,151
31678,popularidad,120,151
34239,reeleccion,106,151
13183,disidente,103,151
18768,geopolitico,103,151
5121,biologia,98,151
9463,contaminacion,96,151
24652,loca,94,151
25058,mafia,90,151
6795,carnaval,86,151
3071,armada,73,151
36911,sequia,70,151
40755,uber,58,151
14510,encajar,137,150
9241,consagrar,133,150
9657,controlado,132,150
10991,debeer,132,150
34082,recortar,131,150
28023,nervio,130,150
40505,triunfar,129,150
31386,pluma,126,150
65,abismo,124,150
14111,eliminacion,121,150
11598,derrotar,120,150
13906,educar,120,150
30020,pasto,120,150
27177,monto,117,150
17248,feo,113,150
17070,fascista,112,150
25699,marron,110,150
10296,criatura,106,150
37631,socioeconomico,104,150
15232,equidad,102,150
26601,migrar,96,150
39017,teatral,91,150
32612,programacion,90,150
34742,rendimiento,86,150
3836,austeridad,82,150
22776,ironia,135,149
12027,desempenar,127,149
22236,intacto,125,149
21354,inconsciente,122,149
30529,perdonar,120,149
7735,choque,118,149
3987,autopista,109,149
19147,gorra,109,149
33828,rebeldia,109,149
786,adquisitivo,106,149
10590,cuerda,105,149
18722,genocidio,95,149
20126,hielo,91,149
20803,iglesias,87,149
38911,tapia,41,149
35164,restar,134,148
1871,amenazado,131,148
18282,fundir,131,148
18683,generalmente,131,148
15260,equivaler,129,148
33715,razonable,128,148
16863,facilidad,127,148
33116,pulso,126,148
1622,almorzar,124,148
26958,modesto,122,148
23630,laberinto,121,148
13947,eficiencia,116,148
20810,ignorancia,114,148
6681,carbono,63,148
22329,intercambiar,131,147
22608,inundar,130,147
21231,incapacidad,129,147
36227,saludo,128,147
11559,deriva,126,147
732,admirar,123,147
32708,pronostico,122,147
2549,anular,121,147
39860,toque,120,147
39435,tesoro,118,147
33348,quieto,115,147
39849,topico,115,147
18770,george,111,147
17806,for,110,147
20308,hit,105,147
8008,ciudadana,104,147
18784,gerardo,103,147
22990,james,103,147
27883,nazi,97,147
1170,aguante,80,147
26830,misiones,76,147
5402,bombero,71,147
17265,fernanda,63,147
24764,lorenzetti,19,147
33756,reafirmar,134,146
3203,arriesgar,127,146
13190,disimular,127,146
12292,desmentir,126,146
29987,pasivo,123,146
28515,obedecer,122,146
9531,continuacion,118,146
35432,revolver,114,146
41291,variante,114,146
10784,curva,113,146
40693,turistico,106,146
15977,estigma,105,146
39760,todxs,103,146
2074,ancestral,102,146
19186,grabacion,101,146
23704,ladron,96,146
25933,maxima,96,146
324,aceite,91,146
11414,demonio,90,146
33886,recaudacion,90,146
41589,verdura,84,146
22877,isidro,79,146
12841,dieta,76,146
19587,guzman,60,146
1208,agujero,125,145
35497,ridiculo,125,145
6948,casero,116,145
18257,fundacional,116,145
37636,sociologa,114,145
26881,mitre,101,145
26945,modernizacion,101,145
1732,alumna,98,145
11027,decadencia,97,145
3349,ascensor,91,145
28875,olivos,91,145
26599,migrante,67,145
30956,pichetto,52,145
41003,uribe,36,145
21283,inclinar,129,144
30732,persistente,128,144
11901,desconfiar,126,144
15933,estatus,126,144
16004,estimular,126,144
30731,persistencia,126,144
42120,vivido,123,144
729,admiracion,122,144
14168,eludir,122,144
7273,centenar,118,144
21133,improvisado,117,144
31420,poblado,115,144
17984,fragmentado,112,144
13478,domicilio,110,144
16087,estres,96,144
34771,renovador,91,144
21694,infeccion,73,144
29808,paridad,68,144
20752,identico,131,143
17868,formular,128,143
1070,agotado,127,143
11464,denso,124,143
13718,duplicar,124,143
31266,planificar,120,143
32186,preparacion,120,143
34709,remoto,120,143
13547,dormido,119,143
15835,establecimiento,119,143
5906,burocratico,118,143
36639,sed,118,143
7677,chiquito,115,143
20981,imperativo,115,143
9413,consultora,114,143
10671,culpar,112,143
11523,deposito,101,143
27587,municipalidad,99,143
5267,bloqueo,97,143
36223,saludable,94,143
8230,coche,92,143
39474,textil,70,143
24517,lla,39,143
24538,llamativo,134,142
11308,delicado,133,142
14012,elaborado,131,142
18702,generoso,127,142
37267,simpatia,127,142
40240,transportar,124,142
20865,iluminado,123,142
1668,altamente,122,142
22580,introduccion,121,142
37035,sexto,118,142
1549,aliento,117,142
31962,pragmatico,115,142
15568,escudo,114,142
22424,internado,110,142
31582,politologo,110,142
9012,conducido,102,142
29147,oriental,93,142
16491,exiliado,90,142
27976,nene,89,142
8584,comisario,85,142
24717,lomas,85,142
37396,siria,56,142
41861,vih,46,142
23734,laje,26,142
15133,enumerar,134,141
18672,generado,128,141
3574,atar,123,141
35942,ruina,121,141
25391,manipular,119,141
22473,interrogar,116,141
18049,fraude,98,141
23058,jefatura,98,141
15837,establishment,94,141
21560,individualismo,92,141
26056,medica,90,141
27173,montevideo,79,141
18898,gimnasia,75,141
22754,irani,31,141
14071,elegante,129,140
33652,rastrear,127,140
11495,dependiente,125,140
22204,insuficiente,125,140
1836,ambicioso,120,140
21918,injusto,120,140
29096,oreja,120,140
914,afin,115,140
39175,tematica,115,140
184,absorber,114,140
1665,alta,108,140
42104,vivencia,105,140
27652,mutacion,103,140
5996,cabello,100,140
3410,asiatico,98,140
42807,zoom,98,140
7314,ceo,93,140
30134,patrullero,88,140
23729,laico,85,140
35034,resentimiento,80,140
25139,maiz,73,140
7939,circo,71,140
35757,romina,60,140
19385,grondona,48,140
15455,escobar,44,140
37018,severo,125,139
22115,insoportable,124,139
32731,propiciar,122,139
5265,bloquear,121,139
6184,calentar,120,139
37672,sofisticado,120,139
23370,justificacion,118,139
2609,apartar,117,139
11535,depresion,117,139
28323,normativa,111,139
21249,incentivo,109,139
5453,boom,106,139
8356,colchon,105,139
28339,nosotra,103,139
99,abordaje,100,139
19750,hall,97,139
29528,palma,95,139
42323,wall,89,139
23725,laguna,81,139
13885,editora,75,139
37321,sindicalismo,69,139
23274,jugadora,23,139
22613,inutil,127,138
2598,aparentemente,125,138
9107,conformacion,118,138
386,achicar,116,138
4007,autorizacion,116,138
5330,bola,116,138
25245,maltrato,112,138
32464,probabilidad,107,138
35590,rito,107,138
28454,nudo,106,138
5537,bota,104,138
1972,amparo,100,138
9663,controversia,100,138
20834,iii,100,138
15138,enunciado,94,138
26710,mineral,94,138
35127,respiracion,94,138
34611,relevamiento,87,138
14193,embajador,81,138
5744,brote,80,138
11697,desalojo,79,138
19547,guionista,76,138
19280,grasa,75,138
19511,guevara,75,138
27182,montoneros,66,138
28292,nora,53,138
6698,cardenal,47,138
5027,bielsa,22,138
41980,viralizar,128,137
3730,atrevir,121,137
23830,largar,121,137
7485,chanz,120,137
22029,inquietante,117,137
22294,intensificar,116,137
20729,icono,115,137
21260,incidir,114,137
31567,politicas,110,137
40837,umbral,109,137
38739,tablero,107,137
9056,confesion,105,137
28596,observatorio,99,137
10698,cumbre,94,137
11275,delegacion,90,137
19110,gonzalo,80,137
35587,rita,64,137
23298,juliana,58,137
17484,filtracion,55,137
27858,naval,53,137
32090,preferido,122,136
13480,dominado,115,136
8520,come,110,136
32260,presidir,110,136
11084,decis,107,136
28174,ninez,107,136
35021,rescate,104,136
16729,extincion,98,136
39210,templo,92,136
8068,clasificacion,90,136
7911,cinematografico,88,136
4388,balotaje,78,136
40312,trastorno,73,136
5755,bruja,64,136
38152,sturzenegger,33,136
35565,riquelme,24,136
24109,lentamente,128,135
24562,llegado,120,135
5721,broma,114,135
16619,exploracion,114,135
33707,rayo,114,135
11829,descargar,108,135
10727,cupo,106,135
14488,enamorado,106,135
10493,cuan,105,135
7283,centimetro,104,135
25298,mancha,101,135
26180,mem,99,135
2232,anillo,93,135
29289,otono,93,135
26521,michel,92,135
16573,experimentacion,91,135
27692,nacionalidad,91,135
23134,joaquin,88,135
19272,grano,87,135
13202,disney,63,135
18612,gaucho,53,135
18660,gendarm,53,135
31077,pinera,46,135
29676,papers,41,135
24711,lola,38,135
12865,dificilmente,119,134
9958,correccion,118,134
8680,compensar,116,134
13114,disculpa,115,134
21070,imposicion,115,134
33145,puno,114,134
34211,redondo,113,134
21649,inestabilidad,111,134
27342,motivacion,111,134
24416,lineal,110,134
32299,presunto,110,134
1571,alinear,109,134
20068,heterogeneidad,97,134
34891,reportaje,96,134
4754,bebida,88,134
1589,allanamiento,87,134
3662,atlantico,82,134
20677,huracan,80,134
16295,evasion,79,134
24009,lee,79,134
32422,prisionero,76,134
5317,bogota,65,134
37133,side,65,134
5747,brown,62,134
36403,sara,57,134
41896,villarruel,48,134
17114,favela,45,134
14258,embrion,33,134
39603,timido,126,133
38607,surgido,124,133
24899,luminoso,117,133
15599,esforzar,116,133
27842,naturalizar,115,133
26206,mencion,114,133
31216,placa,108,133
6757,carino,107,133
27113,monopolio,107,133
36816,seno,102,133
16005,estimulo,101,133
27145,montaje,101,133
16651,exportar,99,133
28833,oleada,88,133
755,adopcion,83,133
30053,patente,83,133
31576,politizacion,76,133
12407,despenalizacion,63,133
39009,taylor,32,133
25439,mantra,123,132
1154,agrupar,122,132
5891,burlar,122,132
11518,depositar,122,132
22126,inspirado,121,132
12693,develar,115,132
37772,solucionar,115,132
13927,efectividad,113,132
2691,aplicado,106,132
11612,des,106,132
35283,retroceso,106,132
22779,ironico,103,132
10339,cristal,102,132
25182,maldito,102,132
37493,soberano,101,132
30211,pecado,100,132
36619,secuestrado,99,132
34108,rector,96,132
3333,asalto,94,132
23662,laburo,94,132
41219,valoracion,93,132
25352,manga,91,132
3129,arquitecto,90,132
7052,catedra,88,132
28050,neuquen,82,132
17577,fisica,80,132
5866,bunker,78,132
14034,elector,75,132
7193,celda,72,132
7263,censo,72,132
2122,andino,69,132
36452,satelite,63,132
5870,buque,40,132
1470,alex,35,132
21838,ingenuo,121,131
13266,distante,120,131
30793,perverso,119,131
32755,propuesto,118,131
39356,terminado,118,131
41657,vertiginoso,118,131
36715,seleccionar,116,131
9355,constatar,115,131
35185,restringir,115,131
20829,igualmente,114,131
14774,enganar,112,131
38643,suspendido,111,131
3171,arreglo,110,131
9914,coro,110,131
35629,robert,105,131
29040,optimismo,102,131
37350,siniestro,101,131
9957,correa,90,131
21946,inmigracion,85,131
18708,genetico,84,131
35476,richard,82,131
39214,temporalidad,82,131
22415,internacion,75,131
24836,luciano,74,131
26306,mercaderia,67,131
5441,bono,64,131
1593,allende,61,131
15606,esi,54,131
37705,solari,42,131
20526,hostil,122,130
16394,excelente,120,130
8716,complementar,117,130
11849,descender,117,130
13880,editado,117,130
8872,conceder,113,130
9101,conflictivo,113,130
26730,minimizar,113,130
15702,especular,111,130
23872,lata,108,130
34877,replica,108,130
20469,horizontal,106,130
20764,identitario,106,130
25052,maestria,105,130
33771,realista,105,130
38735,tabla,100,130
6924,casamiento,99,130
13394,docena,99,130
14405,empirico,98,130
5407,bombo,90,130
31176,pistola,89,130
24493,litro,84,130
31046,piloto,78,130
33923,recibido,119,129
26040,medianoche,114,129
2769,apreciar,111,129
31023,pila,108,129
4008,autorizado,107,129
6654,carajo,104,129
3259,artefacto,103,129
23926,lavado,100,129
34254,reemplazo,100,129
32356,prima,88,129
15857,estadistico,76,129
8465,colorado,75,129
37937,sostenible,75,129
13477,domiciliario,74,129
7972,cirugia,71,129
6363,campamento,69,129
3123,arquero,63,129
39572,tiktok,51,129
35738,roman,42,129
20171,hillary,36,129
11462,densidad,114,128
15366,escalar,112,128
27810,natal,112,128
12616,detallar,111,128
24475,literal,111,128
30665,permitido,110,128
10729,cupula,109,128
23878,latente,108,128
4041,avalar,106,128
27546,multiplicidad,105,128
3438,asimismo,104,128
1283,ajustado,98,128
26073,medicion,97,128
42007,virtuoso,96,128
13243,disponibilidad,95,128
33906,recesion,85,128
38559,suplemento,84,128
23365,justicialista,80,128
27694,nacionalismo,80,128
28526,obispo,73,128
10494,cuanta,116,127
29161,originalmente,116,127
13824,economicamente,114,127
37380,sintonia,114,127
30641,perjudicar,112,127
35115,respectivo,112,127
36736,semanal,109,127
6419,canalizar,107,127
7924,cintura,106,127
20572,hueco,106,127
7091,caudal,104,127
8071,clasificar,103,127
16429,excluyente,103,127
17489,filtro,101,127
10384,cronico,100,127
28517,obediencia,100,127
35334,revelacion,100,127
40218,transnacional,98,127
17363,ficha,96,127
9846,coraje,95,127
11647,desacuerdo,89,127
7719,chocolate,86,127
6377,campeonato,82,127
29824,park,82,127
4063,ave,79,127
27705,nadar,79,127
37239,silvina,77,127
42633,ypf,72,127
20347,holanda,68,127
41342,vazquez,64,127
19873,hebe,26,127
7555,chavismo,25,127
25442,manu,21,127
23010,jaque,117,126
10043,cortado,115,126
35783,rondar,115,126
31514,polemico,112,126
24188,leve,107,126
6435,cancelar,105,126
16502,existencial,103,126
21308,incomodar,101,126
38299,subterraneo,101,126
41989,virginia,84,126
9873,cordillera,79,126
15744,espia,72,126
6325,camila,69,126
2395,anticonceptivo,62,126
30930,pic,62,126
20198,hip,34,126
20455,hop,34,126
37913,sortear,115,125
17614,flamante,114,125
2822,apropiado,113,125
34361,refugiar,113,125
34705,remontar,113,125
34887,reponer,110,125
3786,auge,109,125
41573,verdaderamente,109,125
1698,altisimo,108,125
21108,impreso,105,125
14732,enferma,103,125
17968,fractura,102,125
22004,inocencia,102,125
2224,anhelo,101,125
11607,derrumbe,101,125
22639,invencion,101,125
22646,invento,100,125
10940,datar,99,125
15362,escalada,99,125
20409,homogeneo,98,125
37344,singularidad,98,125
2531,antropologa,97,125
37793,sombrero,96,125
24065,leido,94,125
26091,medios,93,125
25740,marxista,88,125
5339,boleta,80,125
5480,bordo,79,125
7031,catalogo,79,125
37680,software,75,125
19627,habitacional,55,125
496,acosta,46,125
26156,melina,38,125
21127,impronta,115,124
27440,muchisimos,115,124
12605,desviar,114,124
15682,especificamente,114,124
14670,ende,110,124
2017,anadir,109,124
40364,trayecto,108,124
9181,conllevar,106,124
19077,golpeado,106,124
19640,habitualmente,106,124
28263,nomas,106,124
13676,duena,104,124
5778,bruto,103,124
15316,erosionar,103,124
3633,aterrizar,99,124
24695,logistica,99,124
4640,basta,95,124
36999,set,90,124
38419,suicidar,90,124
10008,corrida,89,124
19024,gobernabilidad,89,124
16685,expulsion,88,124
2119,andes,84,124
8037,clandestinidad,83,124
1404,ale,70,124
8005,city,67,124
34899,reportero,66,124
4513,barbara,60,124
18627,gaza,33,124
30859,petro,31,124
29237,oscilar,112,123
32226,presenciar,111,123
19159,gota,107,123
30651,permanencia,105,123
11585,derribar,101,123
23080,jerarquico,101,123
40726,tuyo,101,123
9791,coordinador,98,123
36079,sacrificar,96,123
16082,estreno,94,123
36690,seguimiento,93,123
4989,biblia,92,123
40808,ultra,88,123
17049,farmacia,87,123
12723,diablo,85,123
17928,fotografico,85,123
41278,varela,84,123
10792,custodia,83,123
3327,asalariado,81,123
26185,meme,81,123
24834,luciana,75,123
14415,empleador,63,123
29362,pabellon,61,123
20348,holandes,54,123
24087,lemebel,29,123
10966,dea,19,123
2551,anunciado,112,122
12256,deslizar,111,122
22080,insertar,108,122
3368,asentar,107,122
4095,averiguar,107,122
24235,liberado,105,122
6557,cao,101,122
11894,desconcierto,98,122
4680,bateria,97,122
7488,chapa,92,122
14121,elisa,90,122
37158,siesta,88,122
9966,corredor,87,122
8690,competidor,83,122
13512,donar,83,122
18877,gil,83,122
20655,humillacion,83,122
35742,romano,82,122
20539,house,71,122
33143,punk,71,122
29721,paraguayo,65,122
33235,qatar,50,122
35805,rosalia,16,122
21952,inminente,114,121
3614,atentar,108,121
16094,estrictamente,108,121
17716,fluir,108,121
6720,carencia,107,121
13209,disolver,106,121
8096,clavar,105,121
282,acariciar,102,121
21751,inflexion,102,121
24274,librar,101,121
1496,alfombra,100,121
2628,apelacion,99,121
24467,listado,99,121
3401,asfalto,97,121
34448,regresivo,93,121
7384,certificado,89,121
25129,mainstream,89,121
9044,confederacion,86,121
532,acta,83,121
26513,miami,83,121
11510,deportista,78,121
31132,piquete,75,121
39140,telenovela,60,121
30813,pescador,59,121
30464,pepe,56,121
29902,particula,50,121
39622,tinelli,49,121
21628,ineludible,110,120
21767,influyente,110,120
13298,distribuido,109,120
676,adherir,106,120
16408,excepto,106,120
27558,multitudinario,106,120
14080,elemental,105,120
16628,explosivo,104,120
227,aburrido,101,120
4458,bando,95,120
9100,conflictividad,89,120
3783,auditorio,88,120
29952,pasaporte,88,120
330,aceleracion,87,120
8731,complicacion,87,120
33096,pulmon,84,120
35815,rosca,79,120
37703,solar,71,120
13381,dni,69,120
30076,pato,63,120
25635,marihuana,55,120
5953,butler,54,120
24100,lenin,53,120
8041,clara,51,120
20967,impecable,110,119
14730,enfatizar,108,119
21500,indicacion,108,119
13952,efimero,106,119
16857,fachada,105,119
19828,hartazgo,100,119
18693,generico,99,119
21525,indignado,99,119
8074,clasista,98,119
6340,caminata,97,119
16659,expresado,97,119
34134,recuperado,95,119
3409,asia,93,119
31804,posesion,92,119
16883,facto,89,119
1858,ambulante,85,119
13962,ego,85,119
33358,quilombo,85,119
19834,hashtag,83,119
10293,crianza,81,119
24149,lesion,81,119
2062,anarquista,79,119
13920,eeuu,74,119
13505,dona,68,119
519,acreedor,62,119
15863,estafa,59,119
15770,espiritualidad,57,119
23772,lancha,41,119
36477,saul,40,119
16393,excelencia,104,118
38325,sucedido,104,118
6594,capitalizar,103,118
38459,sumergir,102,118
31852,posta,101,118
32271,prestado,100,118
30945,picar,95,118
30034,patada,94,118
38767,taco,91,118
41200,valija,83,118
10518,cuartel,77,118
29302,otrxs,77,118
30912,piano,64,118
37918,sosa,64,118
39789,tom,63,118
2317,anses,59,118
3992,autopsia,58,118
41905,villero,53,118
17200,felix,51,118
7322,cepo,50,118
16176,etchecolatz,20,118
26264,menstrual,15,118
28968,opaco,109,117
35066,resignar,107,117
41609,verificar,105,117
14011,elaboracion,104,117
21650,inestable,104,117
42094,viva,103,117
3736,atributo,102,117
36585,secar,101,117
35108,respaldar,100,117
34984,repudio,96,117
3269,artesanal,93,117
13405,doctorado,91,117
17926,fotografiar,91,117
24167,letras,90,117
18666,genealogia,88,117
6181,calendario,87,117
9893,coreografia,87,117
38881,tanque,87,117
9820,copiar,84,117
12129,desfile,83,117
16850,faccion,82,117
791,adrian,80,117
7275,centenario,79,117
30812,pescado,67,117
33665,rata,66,117
27718,nahuel,60,117
6771,carla,55,117
22035,inquilino,36,117
21104,impresionante,110,116
26500,mezclado,109,116
20432,honesto,107,116
17086,fatal,105,116
20199,hiper,103,116
32693,promocionar,102,116
1265,aislar,101,116
9106,confluir,99,116
8748,comportar,98,116
16319,evidentemente,98,116
34527,reinventar,96,116
20038,heroico,92,116
23659,laburar,92,116
236,abusar,91,116
34892,reportar,91,116
1672,altar,89,116
31782,porvenir,88,116
41082,utilidad,87,116
5251,blog,84,116
30102,patricio,82,116
41727,vice,75,116
40666,tunel,74,116
14356,empate,73,116
1203,aguja,72,116
3367,asentamiento,70,116
2917,arbitro,67,116
27021,molina,66,116
42624,you,65,116
28927,oms,63,116
24440,lionel,60,116
39275,tenis,60,116
5471,bordar,29,116
864,afan,108,115
41288,variacion,105,115
14845,enmarcar,103,115
25955,mayoritariamente,103,115
29270,ostentar,103,115
9790,coordinado,102,115
1092,agravar,101,115
15374,escalon,101,115
15186,epicentro,100,115
40049,tragar,99,115
26751,minoritario,97,115
17715,fluido,94,115
9857,corbata,92,115
24044,legitimacion,91,115
39393,terraza,91,115
40581,truco,89,115
40063,traidor,87,115
16664,expresidente,86,115
7133,caza,81,115
41358,vector,81,115
8829,comuna,74,115
20736,idaes,74,115
38311,subversivo,74,115
4341,balazo,73,115
19025,gobernacion,73,115
27464,muerta,71,115
18720,genocida,70,115
39437,test,69,115
16648,exportador,68,115
33289,quema,68,115
41281,vargas,68,115
28146,nieve,63,115
32796,prostitucion,60,115
13455,dolores,53,115
5468,bordado,42,115
27244,morena,39,115
9998,correspondiente,108,114
10874,danar,105,114
12037,desencadenar,105,114
12867,dificultar,104,114
12476,despreciar,102,114
32066,predominar,101,114
32344,previsible,101,114
3708,atrapar,98,114
38409,sugerencia,98,114
7996,citado,97,114
8373,colectivamente,97,114
28910,omision,95,114
34983,repudiar,95,114
1224,ahogar,94,114
22271,intemperie,91,114
40060,traicionar,90,114
39597,time,89,114
10308,criminalizacion,85,114
40424,tribu,84,114
32660,prologo,83,114
4862,beneficiario,81,114
27090,mono,81,114
21781,informalidad,76,114
18418,gallina,70,114
19699,hacienda,69,114
25654,mariposa,60,114
23768,lanata,57,114
33142,punitivo,53,114
42590,yerba,52,114
6961,casino,49,114
958,afro,46,114
1186,aguero,32,114
775,adorni,30,114
27130,monsanto,16,114
37170,sigla,109,113
1850,ambiguo,105,113
462,aconsejar,104,113
35038,reservar,104,113
39534,tibio,103,113
34654,remarcar,100,113
19992,herir,98,113
36159,saldo,96,113
41199,valiente,95,113
10713,cuna,94,113
32497,procesado,93,113
33114,pulsion,92,113
41529,ventanilla,89,113
5633,bravo,88,113
5009,bicho,85,113
32501,procesamiento,82,113
38351,sudamericano,82,113
24019,legalidad,81,113
37393,sirena,81,113
24649,lobo,75,113
36734,seman,66,113
5921,bus,63,113
5375,bolson,54,113
32393,princesa,54,113
35637,robledo,16,113
36107,saer,16,113
37583,sobrevolar,107,112
26043,mediar,105,112
26854,misterioso,105,112
10661,culminar,103,112
27143,montado,100,112
10486,cualidad,97,112
32513,proclamar,97,112
33356,quilmes,93,112
33421,quo,93,112
9314,consistente,92,112
22428,internar,92,112
12647,determinacion,91,112
13293,distraer,91,112
35329,revancha,91,112
39778,tolerancia,91,112
683,adicional,88,112
12809,dictador,87,112
36781,sena,85,112
41546,vera,84,112
24180,levantamiento,83,112
22406,intermediario,81,112
27413,mozo,76,112
29213,ortodoxo,75,112
25859,materialidad,74,112
31282,plantel,74,112
36136,sal,74,112
16828,fabian,69,112
24214,lgbt,69,112
23220,juana,67,112
36784,senadora,66,112
34716,remunerado,63,112
29502,palco,62,112
35553,rioja,59,112
20434,hongo,48,112
6585,capita,43,112
27309,moscu,40,112
25640,marin,33,112
41161,vaiven,104,111
31232,plagado,103,111
32289,prestigioso,101,111
39747,todas,100,111
33024,pudor,96,111
34770,renovado,96,111
39292,tentacion,96,111
13166,disfrazado,95,111
22125,inspiracion,95,111
38205,subestimar,94,111
9646,contribucion,93,111
32359,primar,93,111
31755,portena,92,111
12708,devorar,90,111
24155,letal,90,111
8905,concesion,89,111
11021,debut,88,111
14783,engano,86,111
19234,gramatica,85,111
37600,sociabilidad,84,111
38163,sub,79,111
42354,watch,79,111
28371,noticias,78,111
31211,pizza,75,111
13731,duran,72,111
27980,neo,72,111
20419,homosexualidad,65,111
40033,traductor,65,111
41183,valeria,62,111
30148,paulo,59,111
23194,josefina,48,111
10861,damian,47,111
11346,delta,41,111
41101,uva,35,111
22598,intuir,104,110
11964,descubierto,99,110
14554,encarnado,97,110
6216,callado,96,110
14861,enojar,96,110
19618,habilitado,96,110
5439,bonito,91,110
11909,desconocimiento,91,110
36006,sabana,90,110
23236,jubilar,86,110
777,adorno,84,110
7672,chiquita,79,110
5396,bombardeo,77,110
1115,agresor,69,110
25739,marxismo,69,110
8874,concejal,63,110
4291,bailarin,50,110
41215,valley,48,110
33677,raton,47,110
3280,articulado,102,109
27844,naturalmente,102,109
22479,interrumpe,101,109
36900,septimo,99,109
41089,utilizacion,99,109
710,adjudicar,98,109
10062,cortina,98,109
35522,rigido,98,109
1072,agotamiento,95,109
33581,ranking,94,109
16026,estomago,92,109
22167,institucionalidad,91,109
23879,lateral,91,109
565,actualizacion,88,109
847,aereo,87,109
11395,democratizacion,86,109
14432,empoderamiento,81,109
40895,uniformado,81,109
6208,california,78,109
7254,ceniza,77,109
32398,principe,74,109
8522,comedia,73,109
26168,melodia,73,109
15445,esclavitud,72,109
6401,campus,71,109
23329,juntas,63,109
33672,rating,62,109
6036,cacerolazo,60,109
17910,fosil,51,109
27642,musk,49,109
26828,misionero,44,109
32341,previamente,103,108
8307,coherente,100,108
37844,sonriente,99,108
11101,declarado,98,108
12735,diagnosticar,96,108
19646,habla,96,108
21536,indirecto,94,108
24697,logo,93,108
24107,lent,87,108
10564,cuchillo,86,108
19440,guant,86,108
20642,humedad,86,108
15929,estatua,85,108
21436,indec,82,108
39007,taxista,80,108
5073,billetera,79,108
15396,escape,78,108
33326,queso,77,108
15477,escombro,74,108
18321,fusion,73,108
21072,impositivo,69,108
40532,trolls,65,108
10356,cristobal,60,108
8218,cobre,58,108
15761,espionaje,56,108
27596,munoz,45,108
36281,samuel,39,108
33573,randazzo,31,108
39455,testosterona,29,108
6507,cannabis,19,108
42047,vislumbrar,100,107
12874,difundido,99,107
22842,irreversible,96,107
3136,arraigado,95,107
8511,combinado,94,107
13385,doblar,94,107
41919,vinculacion,94,107
15608,eslabon,92,107
41152,vago,92,107
32872,provision,91,107
21218,inauguracion,90,107
5686,brillo,89,107
19687,haces,89,107
1569,alineado,88,107
35253,retornar,88,107
17293,ferrocarril,86,107
19915,heladera,86,107
32879,provocacion,86,107
41761,victimario,86,107
15978,estigmatizacion,84,107
5055,bigote,83,107
28221,noble,83,107
41204,valla,82,107
16575,experimental,80,107
32163,prenda,80,107
33982,recoleta,79,107
36863,sentimental,79,107
41684,veterano,79,107
29354,oxigeno,78,107
38664,sustentable,76,107
5344,bolich,75,107
32432,privacidad,75,107
17380,fideo,73,107
12513,desregulacion,69,107
31134,piquetero,67,107
30371,pen,61,107
40317,trata,56,107
5838,bukele,31,107
9108,conformado,97,106
41467,vendar,96,106
1977,ampliamente,95,106
3475,asombro,95,106
3422,asignado,92,106
8608,comodidad,91,106
21778,informado,91,106
38672,sustituir,90,106
36726,sellar,89,106
5890,burla,88,106
22077,insercion,87,106
37613,socializacion,85,106
30600,pericia,84,106
34189,redistribucion,84,106
7601,chicago,83,106
39594,timbre,83,106
7820,cicatriz,80,106
28520,obelisco,80,106
35228,retirado,79,106
17695,florida,74,106
41848,vigilia,72,106
23523,king,69,106
38046,stand,67,106
10355,cristo,63,106
6183,calentamiento,59,106
28111,nicaragua,57,106
22882,islamico,48,106
40671,tupac,31,106
3834,auster,14,106
24343,lijo,12,106
16799,extremadamente,97,105
31815,posibilitar,96,105
37268,simpatico,96,105
18162,frustrado,95,105
892,aferrar,93,105
14503,encabezado,93,105
20496,horrible,93,105
1984,amplificar,92,105
27346,motivar,89,105
32217,prescindir,89,105
6204,calificado,88,105
13259,disruptivo,88,105
32935,psicologa,88,105
1849,ambiguedad,86,105
6963,casita,86,105
3430,asimetria,85,105
12059,desenlace,85,105
12562,destreza,85,105
40271,trasero,85,105
11048,decepcion,84,105
26466,metodologia,83,105
13572,dotar,82,105
9145,conglomerado,80,105
399,acido,79,105
28116,nicho,79,105
7280,center,78,105
15895,estancia,76,105
26144,melancolia,72,105
29577,panal,70,105
6959,casilla,66,105
39473,texas,59,105
39727,toalla,55,105
35469,rica,53,105
14660,encuestado,38,105
11436,dengue,31,105
27258,moria,25,105
28829,olavarria,25,105
31436,pocho,17,105
38667,sustentar,100,104
15688,espectacular,96,104
829,adverso,94,104
32456,privilegiar,94,104
14153,elogio,93,104
37293,simular,93,104
41449,veloz,93,104
429,acomodado,92,104
5743,brotar,89,104
31915,potencialidad,89,104
22961,jactar,86,104
28592,observador,86,104
32812,protector,86,104
29583,pancarta,84,104
35234,reto,84,104
17351,fibra,82,104
22747,ira,81,104
7139,cazar,79,104
32224,presencial,76,104
29056,orador,75,104
12737,diagonal,73,104
13416,documentacion,72,104
23526,kiosco,72,104
9709,convergencia,70,104
37329,sindrome,70,104
31331,play,67,104
31088,pino,65,104
30638,perito,60,104
7034,catamarca,59,104
21739,inflacionario,58,104
19357,gringo,55,104
15180,enzo,53,104
5837,buitre,47,104
7025,catalina,43,104
31785,posadas,31,104
35825,rosenkrantz,13,104
41509,vengar,99,103
28502,nutrir,97,103
6649,caracteristico,96,103
41118,vaciar,94,103
35114,respectivamente,93,103
21031,implicito,92,103
9446,contado,90,103
5926,buscado,88,103
30426,pensador,88,103
36158,saldar,88,103
31422,poblar,87,103
9591,contramano,84,103
12353,desorden,84,103
19829,harto,83,103
17962,fraccion,81,103
30844,peter,81,103
11852,descenso,80,103
38426,suiza,79,103
9917,corona,77,103
16719,exterminio,77,103
24428,linguistico,76,103
689,adicto,74,103
38017,spot,71,103
25005,macroeconomico,70,103
6444,canciller,68,103
1273,ajedrez,67,103
18581,gaston,62,103
25066,magdalena,52,103
26528,michetti,43,103
37218,silicon,42,103
14756,enfrentado,96,102
29710,paradojico,93,102
17492,finales,92,102
35071,resignificar,92,102
35051,resguardar,91,102
36459,satisfacer,90,102
1767,amado,88,102
32749,proporcionar,88,102
1101,agredir,87,102
19976,heredado,87,102
11218,degradacion,86,102
28632,obtenido,86,102
31276,planteado,86,102
38629,suscitar,86,102
22663,invertido,85,102
7579,chequear,84,102
40611,tubo,84,102
19463,guardian,83,102
10438,cruzada,82,102
25851,matematico,81,102
10240,credibilidad,78,102
7474,changa,76,102
8675,compatriota,76,102
27601,mural,75,102
1089,agravado,73,102
35714,roja,72,102
32618,programatico,67,102
8570,comicio,66,102
6847,carretera,65,102
31577,politizado,63,102
32270,prestacion,62,102
7228,cels,59,102
5078,billon,55,102
17826,forestal,43,102
8311,cohete,34,102
17751,fogwill,23,102
4589,barrionuevo,16,102
27017,molesto,93,101
11159,defecto,92,101
13671,dudoso,90,101
9556,contracara,89,101
13107,discreto,88,101
41847,vigilar,88,101
30407,penetrar,87,101
38769,tactica,87,101
11137,decretar,86,101
25957,mayormente,86,101
34157,redactar,85,101
38772,tactico,85,101
10087,cosechar,83,101
6560,caotico,82,101
9064,confiable,78,101
2175,anfitrion,77,101
9357,constelacion,77,101
15936,estatuto,77,101
15329,erradicar,75,101
25936,maximiliano,73,101
5885,burguesia,72,101
19522,guido,69,101
1825,amazon,63,101
16254,euros,61,101
23150,joe,61,101
9277,conservacion,60,101
29178,orlando,54,101
3185,arrepentido,50,101
24871,luisa,47,101
38050,stanley,44,101
10603,cuervo,31,101
38348,sudafricano,25,101
42336,wanda,12,101
41335,vaya,97,100
21659,inexistente,94,100
25864,materializar,91,100
15140,enunciar,90,100
23749,lamentablemente,90,100
29041,optimista,88,100
33999,recomponer,86,100
16574,experimentado,85,100
17681,florecer,85,100
4429,bancar,84,100
9786,coordenada,82,100
12831,dieciseis,82,100
11336,delirio,81,100
707,adjetivo,80,100
22725,inyectar,80,100
40890,unificado,78,100
39382,ternura,77,100
29861,parrilla,75,100
8295,cognitivo,74,100
9782,cooperativo,73,100
1366,alcalde,70,100
4842,bendicion,67,100
6675,carbon,65,100
30815,pescar,64,100
39184,temblor,63,100
25020,madero,61,100
25420,mansion,59,100
12813,dictamen,54,100
28651,ocampo,53,100
8316,coima,51,100
29868,parroquia,51,100
27738,nancy,46,100
9952,corral,43,100
14287,emilia,37,100
39273,teniente,36,100
15817,esquivo,94,99
30715,perseguido,93,99
13236,disperso,91,99
38447,sumamente,91,99
39631,tinta,90,99
30539,perdurar,89,99
7885,cima,87,99
26294,menu,87,99
28471,nulo,87,99
10970,deambular,86,99
27004,moldear,86,99
3968,autonoma,85,99
25791,masividad,85,99
32491,proceder,85,99
23866,lastimar,83,99
13368,divorcio,82,99
18766,geopolitica,82,99
11472,denunciado,81,99
12856,diferencial,78,99
27190,monumental,78,99
4803,belico,77,99
12337,desocupado,76,99
41625,verosimil,76,99
25767,mascota,74,99
37641,sociologico,74,99
39814,tomo,72,99
6763,carisma,71,99
30061,paterno,71,99
17687,florencio,67,99
8017,civica,65,99
20989,imperial,62,99
6326,camilla,61,99
912,afiliado,59,99
37966,sovietica,58,99
33565,rancho,51,99
23674,laclau,31,99
26027,medellin,24,99
24201,lewis,21,99
38669,sustento,93,98
21267,incipiente,92,98
18502,garantizado,91,98
32649,proliferacion,90,98
35097,resonancia,90,98
11424,demostracion,89,98
40109,tranquilizar,89,98
40297,traspasar,89,98
1739,alusion,88,98
13842,ecuacion,88,98
17591,fisura,87,98
30826,pesimo,87,98
37411,sistematicamente,87,98
21242,incendiar,86,98
21320,incompleto,85,98
32880,provocado,85,98
21026,implicancia,84,98
9110,conforme,83,98
12711,devoto,82,98
41658,vertigo,82,98
11172,defensivo,81,98
32724,propagar,81,98
33376,quinientos,81,98
9529,contingente,80,98
12442,desplazado,80,98
28076,neutral,80,98
6683,carcajada,79,98
37269,simpatizante,79,98
921,afinidad,78,98
12830,dieciocho,78,98
16543,exotico,76,98
40462,trinchera,76,98
2273,anoche,75,98
35685,rodar,75,98
21853,ingrediente,71,98
27428,muchacha,64,98
41947,violador,63,98
27580,muneco,61,98
31811,posguerra,61,98
10886,daniela,60,98
29896,participativo,60,98
29260,oso,57,98
36372,santillan,55,98
38310,subversion,51,98
35642,robot,49,98
29654,paola,47,98
24489,litio,38,98
27682,nacho,38,98
18022,francos,31,98
26229,menendez,25,98
8279,coetzee,22,98
10611,cuestionado,91,97
22031,inquieto,91,97
28384,notorio,91,97
8718,complementario,90,97
9086,confirmacion,90,97
23819,lapso,89,97
27930,negativa,89,97
35195,resumen,89,97
1637,alojar,88,97
9139,congelar,87,97
22317,interactuar,87,97
30653,permanentemente,87,97
37308,sincero,83,97
3694,atraccion,82,97
14735,enfermar,82,97
22250,integridad,82,97
7751,chorro,79,97
41563,verbal,79,97
6650,caracterizacion,78,97
12549,destinatario,78,97
25672,mark,78,97
38747,tabu,78,97
27394,movilizado,77,97
33472,radial,77,97
37419,sistemico,77,97
24038,legislativa,75,97
32892,proximidad,75,97
4033,auxiliar,72,97
14180,emancipacion,70,97
38289,subsuelo,66,97
40116,transaccion,65,97
38018,spotify,64,97
32004,preciado,61,97
21769,infobae,59,97
26081,medina,58,97
22457,interpretativo,57,97
4747,beba,55,97
7801,cia,54,97
24789,lousteau,37,97
22880,islam,35,97
28569,obrador,29,97
26263,menstruacion,22,97
41020,ursula,21,97
9566,contradecir,91,96
42075,vitalidad,89,96
26302,meramente,88,96
35527,riguroso,87,96
40028,tradicionalmente,87,96
39869,torcer,86,96
11597,derrotado,85,96
542,activamente,84,96
5040,bienvenido,83,96
22670,investigaciones,83,96
17298,fertil,82,96
19416,grupal,82,96
39838,tonto,81,96
20429,honestidad,80,96
40055,trago,80,96
18260,fundadora,79,96
25355,mango,79,96
40893,unificar,79,96
7224,celo,78,96
22781,irracional,76,96
31991,precarizado,73,96
15847,estacionamiento,69,96
29595,pandemico,69,96
21787,informatico,68,96
35810,rosarino,66,96
19552,guita,64,96
35665,rocio,62,96
9464,contaminado,60,96
28208,niunamenos,59,96
30365,peluqueria,58,96
31734,porro,58,96
7760,christian,57,96
31421,poblador,55,96
41366,vega,55,96
12391,despedido,51,96
17375,fidel,47,96
24707,lohana,39,96
28842,olga,39,96
3843,australiano,35,96
33606,rappi,32,96
19764,hamas,18,96
9133,confuso,91,95
1687,alternar,90,95
13422,documentar,90,95
33484,radicalmente,90,95
14377,empeorar,89,95
16232,euforia,88,95
32806,protagonizado,87,95
34494,reinar,87,95
24587,llevado,86,95
24840,lucido,86,95
3244,arruinar,85,95
18439,gama,85,95
41427,velar,85,95
9375,constitutivo,84,95
14324,emotivo,84,95
21105,impresionar,84,95
21248,incentivar,84,95
16307,eventualmente,83,95
16613,explicitar,82,95
27841,naturalizado,82,95
32328,prevalecer,82,95
346,aceptable,81,95
4655,bastion,81,95
36172,salgo,80,95
4339,balanza,79,95
9522,contienda,79,95
13199,disminucion,77,95
27450,mudo,77,95
36753,semestre,77,95
15611,eslogan,76,95
8094,clausurar,75,95
31963,pragmatismo,75,95
11798,desborde,73,95
9722,conversion,71,95
8761,comprador,70,95
38164,suba,68,95
4178,ayudante,67,95
8164,closet,65,95
41276,vara,65,95
2705,apocalipsis,62,95
10176,country,60,95
25089,magnate,59,95
17818,ford,58,95
25195,malena,56,95
923,afip,55,95
19479,guatemala,53,95
28237,nodo,53,95
31354,plebiscito,52,95
35869,rousseff,51,95
4623,bases,43,95
39025,tech,40,95
12986,diosa,35,95
13534,dora,27,95
40253,trap,24,95
23607,kun,13,95
40759,ubicacion,92,94
53,aber,90,94
9513,contesto,89,94
11727,desapercibido,89,94
32663,prolongado,88,94
35125,respetuoso,88,94
38471,sumo,88,94
137,abrazado,87,94
41328,vasto,87,94
32176,preocupante,86,94
11998,deseable,84,94
21527,indignar,84,94
22440,interpelacion,84,94
22163,instinto,82,94
1581,aliviar,81,94
17888,fortalecimiento,81,94
2717,apodo,79,94
41461,vencido,79,94
21421,incumplimiento,77,94
31810,posgrado,77,94
33383,quinta,77,94
34012,reconfigurar,77,94
6765,carismatico,76,94
33952,recitar,76,94
1600,almacen,75,94
22806,irregularidad,75,94
39804,tomate,73,94
9630,contratacion,72,94
18414,galletita,71,94
9978,correlacion,66,94
31056,pina,66,94
32050,prediccion,66,94
3251,arsenal,64,94
1843,ambientalista,61,94
32959,psiquiatra,60,94
18333,futbolistico,59,94
10451,cta,52,94
20988,imperfecto,52,94
12976,dinosaurio,46,94
5544,bote,44,94
27086,monja,44,94
10619,cueva,43,94
29511,palestina,38,94
3039,arias,33,94
13440,dolarizacion,32,94
18393,galeano,32,94
2186,angelici,24,94
24866,lugones,23,94
31999,preceder,90,93
41265,vano,90,93
12697,devenido,87,93
21473,independientemente,87,93
5215,blando,86,93
19542,guino,86,93
2800,apretado,85,93
24278,libremente,85,93
13608,drastico,84,93
18869,gigantesco,84,93
19665,hable,84,93
20424,hondo,84,93
34297,referido,84,93
41695,viable,84,93
18305,furioso,83,93
19450,guardado,83,93
26030,mediado,83,93
30509,perdedor,81,93
34259,reencontrar,81,93
36024,sabiduria,81,93
19518,guiado,80,93
31376,pliegue,79,93
12275,desmantelar,78,93
38947,tardio,78,93
14425,empobrecido,76,93
24397,linaje,74,93
39842,top,74,93
29675,paper,72,93
31097,pintada,72,93
9284,conservadurismo,71,93
29129,organizativo,70,93
32306,presupuestario,69,93
12978,dio,68,93
24256,libertador,67,93
30836,peste,65,93
18896,gimenez,63,93
14635,encrucijada,61,93
26021,medalla,60,93
18316,fusil,54,93
25288,manager,53,93
18422,gallo,51,93
31719,pornografia,42,93
5010,bici,38,93
32594,profugo,35,93
30184,payaso,34,93
27676,myriam,30,93
25714,martha,28,93
30452,pentecostal,23,93
10143,costoso,89,92
12369,despacio,85,92
22108,insolito,85,92
94,abonar,82,92
12662,detractor,81,92
11606,derrumbar,80,92
14988,enterrado,80,92
9190,conmocion,77,92
751,adolfo,76,92
35064,resignacion,76,92
2815,aprobado,75,92
12805,dicotomia,75,92
21053,importado,75,92
30298,peinado,75,92
38360,sudor,74,92
9087,confirmado,73,92
12196,designacion,73,92
29745,paranoia,73,92
33075,puja,73,92
20136,higiene,68,92
37947,sotano,66,92
14131,elizabeth,65,92
41488,veneno,65,92
901,afich,63,92
18330,futbolero,62,92
41075,utero,58,92
18108,freud,56,92
33546,ramiro,54,92
17822,forense,49,92
35812,rosas,48,92
4880,benito,33,92
6781,carlotto,29,92
4266,baez,28,92
35836,rossana,26,92
20700,ibanez,24,92
38880,tano,23,92
18960,glaciar,22,92
701,adivinar,87,91
343,acentuar,86,91
15125,entusiasmado,86,91
15126,entusiasmar,85,91
22611,inusual,84,91
21025,implicado,83,91
29772,parcialmente,83,91
36790,senalado,83,91
9240,consagrado,81,91
29699,paradigmatico,81,91
3437,asimilar,80,91
12151,desgaste,80,91
35149,responsabilizar,80,91
38514,superioridad,79,91
14893,enriquecer,78,91
40337,traumatico,78,91
17025,fantastico,76,91
27322,mostrador,76,91
41636,versu,76,91
10194,coyuntural,74,91
17526,fingir,73,91
38251,subordinado,73,91
22193,instrumental,69,91
33468,radar,69,91
18642,gel,68,91
36733,semaforo,66,91
8270,codo,65,91
9948,corpus,65,91
36398,saqueo,64,91
7205,celebridad,63,91
21699,infectado,61,91
5386,boludo,59,91
29544,paloma,56,91
2179,angela,53,91
35542,ring,50,91
23172,jones,45,91
37024,sexista,45,91
1141,agronegocio,44,91
1514,algoritmico,44,91
39852,topo,43,91
19043,godoy,40,91
33611,raquel,40,91
30250,pediatra,38,91
41567,verbitsky,38,91
6547,cantito,36,91
24401,linchamiento,31,91
37945,sota,21,91
32651,proliferar,86,90
32790,prosperar,83,90
220,abundante,82,90
9802,copar,82,90
31743,portador,82,90
32408,priori,82,90
36231,salvacion,82,90
34605,relegado,81,90
16,abanico,80,90
3552,asustado,80,90
18742,genuino,80,90
12305,desmontar,79,90
9620,contrarrestar,78,90
13046,dirimir,78,90
33718,razonamiento,77,90
36714,seleccionado,77,90
17325,festivo,75,90
28692,octavo,75,90
12016,desembarco,74,90
37097,shopping,73,90
38648,suspenso,73,90
34775,rentabilidad,71,90
37588,sobrina,71,90
9137,congelado,70,90
5630,brava,64,90
12224,desinformacion,64,90
20626,humanitario,64,90
42842,zurdo,55,90
20703,ibarra,51,90
42237,von,50,90
18657,gen,47,90
13491,dominguez,41,90
24272,libra,38,90
20369,holocausto,34,90
40176,transgenico,32,90
27492,mujica,30,90
42305,wado,29,90
36501,scaloni,20,90
17116,favio,16,90
1081,agradecimiento,84,89
21513,indiferente,82,89
16612,explicitamente,80,89
18712,genial,80,89
26460,metido,80,89
32613,programado,80,89
34324,reflexivo,80,89
36658,seduccion,80,89
25433,mantenimiento,79,89
35882,rozar,79,89
25530,maravilla,78,89
35191,resuelto,78,89
1677,alteracion,77,89
366,acero,76,89
41751,vicio,76,89
11863,descifrar,74,89
16153,estupido,74,89
9210,cono,73,89
11851,descendiente,72,89
25496,maquillaje,72,89
32962,psiquiatrico,72,89
4961,bestia,71,89
31382,plomo,71,89
11827,descarga,70,89
21259,incidente,70,89
31578,politizar,70,89
15137,enunciacion,68,89
18247,funcionaria,66,89
19634,habitat,64,89
7053,catedral,63,89
11405,demografico,62,89
23238,jubilatorio,62,89
24430,link,62,89
29308,out,62,89
1211,agustina,57,89
19609,habiar,57,89
39053,tecno,55,89
42139,vladimir,53,89
34288,referendum,50,89
33774,reality,49,89
4590,barrios,47,89
23171,jonathan,43,89
37264,simon,41,89
42260,vox,40,89
25168,malba,34,89
23151,joel,16,89
1034,agitado,83,88
13282,distintivo,83,88
16359,exagerado,83,88
5037,bienvenida,82,88
26044,medias,82,88
35163,restante,82,88
2210,angulo,81,88
8646,comparado,81,88
35861,rotundo,81,88
10794,custodiar,80,88
2090,anclado,79,88
297,accesible,78,88
12808,dictado,78,88
463,acontecer,77,88
14150,elocuente,77,88
32599,profundizacion,77,88
34777,rentable,77,88
42144,vocabulario,77,88
41724,vibrar,76,88
41395,veinticinco,75,88
10260,crema,73,88
26226,menemista,71,88
37210,silenciar,71,88
31589,pollera,70,88
20581,huerfano,69,88
7918,cinismo,67,88
27691,nacionales,67,88
14067,elefante,62,88
30692,perpetua,60,88
6584,capilla,55,88
4380,ballotage,52,88
4483,banquero,52,88
9412,consultor,52,88
41688,veto,50,88
24302,licitacion,44,88
26801,miriam,43,88
6643,caracas,41,88
6331,camilo,33,88
34824,repartidor,24,88
2326,ansioso,84,87
16547,expandeir,82,87
37905,sorprendido,81,87
30561,perfeccion,80,87
32657,prolijo,80,87
37295,simultaneamente,80,87
26191,memorable,79,87
31393,pluralidad,79,87
22651,inverosimil,78,87
30746,personalmente,78,87
32440,privar,78,87
8643,comparable,77,87
21991,innegable,77,87
33980,recolectar,77,87
40633,tuitear,77,87
2437,antiguedad,75,87
14469,empujon,75,87
19203,gracioso,75,87
28603,obsesionar,75,87
28755,ofensiva,75,87
16115,estructurar,74,87
21727,infinidad,74,87
31779,portugues,74,87
40145,transferir,74,87
11392,democratica,73,87
32694,promotor,72,87
4446,bandeja,71,87
5499,borracho,71,87
33976,recoleccion,69,87
35350,reventar,69,87
32041,predecir,68,87
1925,amistoso,67,87
30310,pelado,66,87
25080,magistrado,65,87
14828,enlace,64,87
27015,molestia,64,87
40428,tribunales,63,87
2329,antagonismo,62,87
28973,opera,62,87
3666,atletico,60,87
28489,nunez,56,87
5674,brigada,55,87
21092,imprenta,53,87
35946,ruiz,53,87
10275,crespo,50,87
40689,turco,50,87
7115,cautiverio,49,87
22750,irak,46,87
30402,pene,46,87
7135,cazador,45,87
33585,rap,40,87
35927,rugby,37,87
4259,bad,34,87
10376,cromanon,27,87
38719,symns,5,87
22658,inverso,82,86
28265,nombrado,82,86
28778,oficialmente,81,86
10345,cristalizar,80,86
29090,ordinario,80,86
27836,naturalidad,79,86
15352,esbozar,78,86
21253,incesante,78,86
21300,incognita,78,86
27683,naci,78,86
32412,prioritario,78,86
37456,slogan,77,86
41054,usual,76,86
3477,asombroso,74,86
11123,decorado,74,86
27233,morder,74,86
29410,padecimiento,74,86
402,acierto,73,86
15185,epica,73,86
21370,inconveniente,73,86
28080,neutro,73,86
33405,quirurgico,73,86
8114,cliche,72,86
20847,ilegitimo,72,86
41312,vas,72,86
7786,chupar,71,86
36719,selectivo,70,86
5550,botin,69,86
36959,serpiente,66,86
7903,cineasta,63,86
20039,heroina,63,86
38306,suburbio,61,86
35030,resena,60,86
39989,trabajadorxs,59,86
42523,xenofobia,59,86
38662,sustentabilidad,58,86
20156,hijos,57,86
19028,gobernadora,54,86
2512,antologia,53,86
14333,empanada,53,86
8593,comitiva,52,86
1399,aldea,48,86
960,afroamericano,46,86
17225,feminidad,44,86
30556,pereyra,44,86
41462,vencimiento,42,86
41134,vacunar,32,86
36386,sanz,26,86
35654,robusto,83,85
23796,lanzado,80,85
9292,considerable,79,85
33789,reaparecer,77,85
39845,topar,77,85
9396,consuelo,76,85
11280,delegar,74,85
13171,disfrute,74,85
3954,automaticamente,73,85
11009,debilitamiento,71,85
7868,ciertamente,69,85
30592,perfume,69,85
36208,salsa,68,85
21380,incorrecto,67,85
38992,tatuaj,67,85
12609,desvio,66,85
41705,viajero,66,85
2856,apunte,64,85
42419,whisky,64,85
4657,baston,63,85
26635,milenio,63,85
27864,nave,62,85
40552,tropical,62,85
14651,encubrimiento,61,85
40460,trimestre,61,85
25424,manta,60,85
41447,velorio,59,85
5937,bush,58,85
4926,berni,57,85
41373,vegetal,57,85
3870,autobiografia,56,85
35837,rossi,56,85
40543,tronco,56,85
4292,bailarina,55,85
16745,extractivismo,55,85
17296,ferroviario,55,85
6258,calvo,54,85
5856,bullying,52,85
40699,turquia,52,85
1512,algodon,51,85
13076,discipulo,51,85
19770,hamburguesa,50,85
26823,misil,45,85
1830,amba,43,85
22948,jackson,43,85
25483,mapuches,42,85
18588,gastronomico,39,85
10330,criptomoneda,37,85
23513,kim,24,85
25006,macron,24,85
34974,republicanismo,23,85
29414,padilla,15,85
17502,financiado,81,84
21134,improvisar,78,84
1797,amargo,77,84
9172,conjugar,77,84
11418,demora,77,84
16454,exento,77,84
21123,improbable,77,84
32881,provocador,77,84
38681,susurrar,77,84
2347,antemano,76,84
11334,delirante,76,84
18200,fugaz,76,84
21990,innecesario,76,84
34309,reflejado,76,84
19026,gobernado,73,84
12854,diferenciado,72,84
14804,engranaje,71,84
7925,cinturon,69,84
35227,retirada,68,84
18813,gesta,67,84
25685,marmol,67,84
238,abusivo,66,84
32433,privacion,66,84
11452,denominacion,65,84
32964,psiquico,64,84
3817,auricular,63,84
17453,filmacion,63,84
40422,triangulo,63,84
9725,convertibilidad,62,84
24877,lujan,62,84
40604,tsunami,61,84
26934,moderacion,60,84
35740,romance,60,84
10604,cuesta,59,84
13165,disfraz,59,84
1336,albanil,58,84
24491,litoral,58,84
32769,prosa,58,84
8341,colaborativo,56,84
27291,mortalidad,55,84
17443,filial,53,84
29821,paritaria,53,84
39321,terapeutico,53,84
29427,paez,43,84
33160,puntero,42,84
31401,plurinacional,40,84
3665,atleta,38,84
17039,farc,25,84
19821,harris,22,84
29661,papado,22,84
25809,massot,19,84
27482,mugica,18,84
1182,agudizar,79,83
9322,consolidado,79,83
5991,cabecera,78,83
21010,implacable,78,83
29736,paralizar,78,83
32698,promovido,75,83
1418,alegar,74,83
9254,consecutivo,74,83
15169,envio,74,83
16264,evadir,74,83
17468,filo,74,83
15593,esencialmente,73,83
457,acondicionado,72,83
3026,argumentacion,72,83
16371,examinar,72,83
20527,hostilidad,72,83
22458,interprete,72,83
31108,pintor,72,83
13823,economica,71,83
42442,william,71,83
15984,estigmatizar,70,83
34095,recreo,70,83
34736,rencor,69,83
38249,subordinacion,69,83
39177,tematico,68,83
2285,anonimato,67,83
3343,ascendente,67,83
21998,innovador,67,83
30580,performanz,66,83
4515,barbarie,65,83
38349,sudamerica,62,83
2889,arana,61,83
40936,university,61,83
4925,bernardo,59,83
9341,conspirativa,59,83
17047,farmaceutico,56,83
1129,agro,55,83
1642,alonso,48,83
41171,vale,46,83
22066,insecto,45,83
26094,meditacion,36,83
37398,sirio,36,83
40044,traficante,31,83
41362,vedette,26,83
22759,irene,25,83
27044,mona,18,83
3524,astrologia,11,83
13265,distanciar,78,82
168,abrumador,77,82
5724,bromear,77,82
7379,certero,77,82
15021,entrana,76,82
25790,masivamente,76,82
10291,criado,75,82
34710,remover,75,82
2574,apagado,73,82
12325,desnudar,72,82
12574,destruido,72,82
27505,multa,72,82
33615,rara,72,82
35659,roce,72,82
9153,congregar,71,82
13729,duradero,71,82
15684,especificidad,71,82
40259,trapo,71,82
28916,omitir,70,82
36680,segui,70,82
38288,subsistir,69,82
14973,entendimiento,68,82
31264,planificado,66,82
30810,pesca,58,82
19317,grecia,57,82
6195,calibre,56,82
14817,enigma,56,82
33334,quiebra,56,82
1606,almagro,54,82
15162,envidia,54,82
7122,cavallo,53,82
29585,pancho,53,82
3792,auh,52,82
23034,jaula,52,82
33545,ramirez,51,82
11176,defensoria,50,82
11156,default,49,82
27276,moron,48,82
6903,cartonero,46,82
31935,power,44,82
9888,coreano,37,82
41711,viale,36,82
42806,zoologico,32,82
36301,sanders,28,82
29960,pascal,19,82
38101,stiuso,16,82
7716,chocobar,15,82
36271,sampaoli,14,82
12019,desembocar,78,81
23906,latitud,75,81
34571,relajar,75,81
21638,inercia,74,81
36463,satisfecho,74,81
37934,sosten,74,81
33186,puramente,73,81
6198,calido,72,81
41646,vertical,72,81
443,acompanante,71,81
32450,privatizar,71,81
33599,rapidez,71,81
34562,relaciones,71,81
153,abrigo,70,81
1750,alza,70,81
12128,desfilar,70,81
26796,mire,70,81
40371,trazo,70,81
3313,arturo,69,81
22062,inscripto,68,81
34332,reformar,68,81
2627,apego,67,81
13865,ediciones,67,81
7916,cinico,66,81
34002,reconciliacion,65,81
20838,ilegalidad,64,81
30695,perpetuar,64,81
5956,buzo,63,81
31258,planetario,62,81
31907,potable,62,81
36741,semantico,62,81
13123,discursiva,61,81
37177,significacion,61,81
23197,joseph,57,81
23682,lacrimogeno,57,81
12993,diplomacia,56,81
22890,islas,56,81
28345,nosotrxs,56,81
7099,causal,55,81
9082,confinamiento,54,81
34433,reglamento,54,81
19086,golpista,52,81
5502,borrador,49,81
11898,desconexion,48,81
19032,gobernanza,47,81
5352,bolivar,44,81
36384,santuario,38,81
17333,feto,35,81
22763,irina,23,81
33745,reactor,14,81
6651,caracterizado,77,80
15554,escucharon,76,80
2843,apto,74,80
21654,inevitablemente,73,80
32009,precioso,73,80
19860,hazana,72,80
20975,impensado,72,80
22016,inolvidable,72,80
3196,arribar,71,80
28327,noroeste,71,80
8306,coherencia,69,80
29084,ordenamiento,69,80
34011,reconfiguracion,69,80
37180,significante,69,80
4305,bajada,68,80
8507,combativo,68,80
18673,generador,68,80
3791,augusto,67,80
8544,comercializacion,67,80
9611,contrapunto,67,80
25596,marginado,67,80
36028,sabio,67,80
4516,barbaro,66,80
6426,canasta,66,80
10239,credencial,65,80
13110,discriminar,65,80
39011,taza,65,80
12081,desequilibrio,64,80
34951,reprochar,64,80
31967,praxis,63,80
38464,suministro,62,80
42503,world,62,80
219,abundancia,61,80
3897,autocritica,61,80
36611,sectorial,61,80
1935,amo,60,80
42524,xenofobo,59,80
34558,relacional,55,80
29298,otres,53,80
5064,bilateral,51,80
28376,notificacion,49,80
4558,barracas,48,80
19358,gripe,48,80
6604,capo,42,80
966,afrodescendient,34,80
5628,brasilia,32,80
22928,ive,30,80
19983,heredia,29,80
27192,monzo,27,80
36519,schiaretti,26,80
24956,macarena,25,80
42669,zaffaroni,20,80
23731,laiseca,4,80
14749,enfocado,74,79
2383,anticipado,73,79
32295,presumir,73,79
14214,embarcar,72,79
31920,potestad,72,79
38655,sustancial,72,79
1555,alimentado,71,79
2614,apasionado,70,79
7187,ceja,70,79
16641,exponente,70,79
21273,incitar,70,79
318,acechar,69,79
2673,aplastar,69,79
34457,regulado,68,79
41568,verbo,68,79
11643,desactivar,67,79
24849,lucro,66,79
14305,emitido,65,79
17656,flexibilidad,65,79
35165,restauracion,65,79
9527,contingencia,64,79
22972,jair,64,79
37853,sopa,64,79
13659,ducha,63,79
8115,click,62,79
13149,disenador,62,79
41046,usina,62,79
28789,ofrenda,61,79
33889,recaudar,61,79
7444,chaleco,59,79
36113,saga,59,79
1615,almirante,58,79
13710,duo,58,79
28848,oligarquia,55,79
719,administrador,52,79
33361,quimica,49,79
9772,cool,48,79
18286,funeral,48,79
20476,hormiga,48,79
22282,intendencia,48,79
10163,cotizacion,47,79
38051,star,47,79
37266,simone,45,79
41014,urquiza,45,79
20158,hijx,44,79
27861,navarro,42,79
28858,olimpicos,41,79
40774,ucraniano,30,79
18882,gilda,26,79
1592,allen,21,79
26845,misoprostol,19,79
24004,leda,15,79
30174,pavon,15,79
25793,maslaton,10,79
21373,incorporado,74,78
37280,simplificar,74,78
42057,viste,74,78
3052,arista,72,78
34537,reiterado,72,78
1590,allanar,71,78
14616,encontrado,71,78
17660,flexible,71,78
26427,metalico,71,78
40801,ultimamente,71,78
9542,contorno,70,78
12882,difuso,70,78
15829,estabilizar,70,78
39904,torpe,70,78
41674,vestimenta,70,78
173,abrupto,69,78
4994,bibliografia,67,78
15851,estadia,67,78
17068,fascinar,67,78
18382,gala,67,78
24297,licenciado,67,78
27540,multiplicacion,67,78
34994,reputacion,67,78
24745,look,66,78
13070,disciplinar,65,78
22595,intuicion,65,78
6854,carril,64,78
17254,feriado,64,78
39517,thomas,64,78
27139,monstruoso,63,78
30404,penetracion,63,78
40031,traducido,63,78
3354,asco,62,78
11267,delantero,62,78
15657,espanto,62,78
24331,ligar,61,78
13112,discriminatorio,59,78
36873,sentis,59,78
37100,short,59,78
11023,debutar,58,78
12206,desilusion,58,78
3839,austral,57,78
13812,ecologia,56,78
37369,sintetico,56,78
11884,descomposicion,53,78
8034,clan,52,78
18188,fuero,52,78
9028,conectividad,51,78
31394,pluralismo,51,78
26787,miranda,50,78
28857,olimpico,49,78
28918,omnibus,47,78
41419,vejez,47,78
8830,comunal,46,78
27314,mosquito,42,78
26212,mendez,39,78
36387,sao,39,78
2878,ara,22,78
42844,zurita,7,78
36294,sancionado,75,77
3365,asemejar,73,77
3366,asentado,73,77
28779,oficiar,73,77
3092,armonia,72,77
34658,rematar,72,77
15740,espeso,71,77
36177,salido,71,77
2835,aproximacion,70,77
8515,combo,70,77
10157,cotidianamente,70,77
20898,imaginado,70,77
35252,retorico,70,77
35408,revivir,70,77
38904,tapado,70,77
1976,ampliado,69,77
4573,barrer,69,77
20973,impensable,69,77
22120,insostenible,69,77
28602,obsesionado,69,77
38501,superficial,69,77
7890,cimiento,68,77
13969,egresado,68,77
3109,aroma,67,77
29072,orbita,66,77
32620,progresar,66,77
5981,caballito,65,77
27453,mueca,65,77
39481,textura,65,77
41805,vidriera,64,77
27304,mosca,63,77
39745,tod,63,77
6745,caricatura,62,77
33496,radiografia,62,77
29,abastecer,61,77
17657,flexibilizacion,61,77
29314,outsider,61,77
3387,asesora,58,77
7517,charles,58,77
15106,entro,58,77
41512,veni,58,77
20524,hostigamiento,57,77
23970,leal,56,77
26485,metropolitano,56,77
13286,distopico,55,77
13638,dron,55,77
19813,harina,55,77
1585,all,54,77
4426,bancada,54,77
27221,moralmente,54,77
19565,guru,53,77
28571,obras,52,77
17948,fox,51,77
32082,prefectura,50,77
22721,inyeccion,49,77
1311,alan,48,77
14678,endeudar,48,77
39961,tour,48,77
34470,rehabilitacion,47,77
1193,aguilar,45,77
1503,alfonso,45,77
10348,cristianismo,45,77
32586,profeta,45,77
37131,sida,45,77
852,aerolineas,43,77
25741,mary,43,77
33230,pyme,43,77
7345,cereal,41,77
42115,viviana,39,77
605,acuna,38,77
34405,regimiento,35,77
41254,vanesa,33,77
13593,dragon,29,77
23928,lavagna,29,77
19325,gregorio,25,77
21033,implosion,24,77
13450,dolina,4,77
33248,quebrado,75,76
9697,conveniencia,73,76
9981,correlato,73,76
11330,delinear,73,76
30765,perteneciente,73,76
34068,recorder,73,76
21561,individualista,71,76
22694,invisibilizar,70,76
36857,sentenciar,70,76
29162,originar,69,76
17851,formalmente,68,76
20882,ilustrado,68,76
24550,llano,68,76
26871,mitigar,67,76
26990,mojado,67,76
9387,constructor,66,76
11298,deliberado,66,76
23214,joya,66,76
11572,derogar,65,76
21170,imputar,65,76
21876,inherente,65,76
8678,compensacion,63,76
26576,miel,63,76
20491,horno,62,76
26874,mitologia,61,76
17231,feministas,60,76
26719,mini,60,76
27530,multimillonario,60,76
15243,equipamiento,59,76
5069,bill,58,76
31773,porton,58,76
1304,alambrado,57,76
17861,formosa,57,76
1087,agrario,55,76
13395,docencia,55,76
23766,lana,55,76
7343,cerdo,52,76
29328,oveja,52,76
23318,juniors,49,76
6035,cacerola,48,76
28338,nosotr,47,76
42147,vocal,46,76
15427,escenico,42,76
34768,renovable,41,76
26333,mercosur,40,76
4257,bacteria,32,76
23991,lechuga,30,76
1434,alejo,23,76
37697,solano,23,76
35831,rosita,17,76
18537,garrahan,15,76
27750,napoles,15,76
32733,propicio,73,75
900,afianzar,71,75
37860,soplar,71,75
9351,constar,70,75
28099,nexo,70,75
12107,desestimar,69,75
15314,erosion,69,75
12283,desmedido,68,75
15256,equitativo,68,75
15718,esperable,68,75
33838,rebotar,68,75
2040,analogia,67,75
14312,emocionado,67,75
32150,premiar,67,75
38530,superponer,67,75
1533,aliar,66,75
5977,caballero,66,75
9994,correspondencia,66,75
11989,desdibujar,66,75
15763,espiral,66,75
36802,sencillamente,66,75
3577,atardecer,65,75
9402,consultado,65,75
12832,diecisiete,65,75
30697,perpetuo,65,75
41481,vendido,65,75
697,adios,64,75
8492,comandar,64,75
12274,desmantelamiento,63,75
14398,empiezo,63,75
38467,sumision,63,75
9525,continental,62,75
11141,dedicacion,62,75
12335,desocupacion,62,75
14652,encubrir,62,75
35121,respetado,62,75
936,aflojar,61,75
19454,guardapolvo,61,75
29842,parodia,61,75
41176,valentia,61,75
14962,ente,59,75
17370,ficticio,59,75
8090,clausura,58,75
41826,vientre,58,75
17921,fotografa,57,75
33305,querella,57,75
27974,nen,56,75
180,absolver,55,75
6410,canadiense,54,75
41437,velez,54,75
5108,biodiversidad,53,75
39399,terrestre,53,75
15580,escultura,52,75
30003,pasta,52,75
29607,panelista,49,75
27923,negacionismo,47,75
5286,bobo,45,75
10001,corresponsal,44,75
19246,granada,44,75
17290,ferreyra,42,75
23923,lava,42,75
15290,eric,41,75
29283,otan,37,75
6569,caparros,36,75
7434,chacra,36,75
26170,melodrama,36,75
50,abel,34,75
846,aerea,34,75
25419,mansilla,34,75
26973,modulo,26,75
12956,dina,21,75
18914,ginobili,7,75
15062,entrenado,71,74
508,acotado,70,74
2860,apurado,70,74
12615,detallado,70,74
33825,rebelar,70,74
10706,cumplido,69,74
32484,problematizar,69,74
348,aceptado,68,74
13235,dispersion,68,74
19697,haciar,68,74
29898,participe,68,74
34538,reiterar,68,74
17067,fascinante,67,74
29520,palido,67,74
1172,aguardar,66,74
7466,chance,66,74
12596,desventaja,66,74
17493,finalidad,66,74
14832,enlazar,65,74
29290,otorgado,65,74
38488,superacion,65,74
39169,telon,64,74
39746,toda,64,74
9447,contador,63,74
18199,fugar,63,74
18733,gentileza,63,74
17376,fidelidad,61,74
40985,urbe,61,74
24853,ludico,60,74
41454,vena,60,74
6542,cantico,59,74
9239,consagracion,59,74
13067,disciplinamiento,58,74
32297,presuncion,58,74
41153,vagon,58,74
17358,ficcional,57,74
30459,peon,57,74
1534,alias,56,74
6895,cartografia,56,74
32791,prosperidad,56,74
15151,envejecer,55,74
16440,excursion,55,74
30129,patrulla,55,74
27085,monitoreo,53,74
41831,vietnam,52,74
41971,vip,51,74
24346,likes,50,74
21462,indemnizacion,49,74
36215,salteno,47,74
39161,tella,46,74
14289,emiliano,43,74
19428,guadalupe,43,74
14453,empresariado,41,74
23291,jujeno,40,74
41025,uruguaya,40,74
6350,camionero,37,74
6807,carnicero,36,74
36041,sabrina,32,74
31964,prat,29,74
17593,fit,25,74
3957,automatizacion,23,74
9920,coronar,71,73
39272,tenido,70,73
15431,escenografia,69,73
8473,colorido,68,73
12445,desplegado,66,73
40264,trascendencia,66,73
19008,glorioso,65,73
39553,tierno,65,73
9369,constituido,64,73
11108,declive,64,73
16360,exagerar,64,73
35172,restaurar,64,73
38169,subalterno,64,73
14525,encanto,63,73
1873,amenazante,62,73
1883,american,61,73
8546,comercializar,61,73
21724,infiltrar,61,73
14969,entendes,59,73
22318,interamericana,58,73
23278,jugo,57,73
27107,monologo,57,73
27711,nafta,57,73
16958,falsedad,56,73
6659,caramelo,55,73
26484,metropolitana,55,73
35622,robado,55,73
17906,fosa,54,73
3291,artificio,53,73
18814,gestacion,53,73
37764,soltero,53,73
7576,cheque,51,73
8483,coma,51,73
4769,becerra,50,73
14742,enfermero,50,73
26057,medicacion,49,73
31367,plenario,45,73
40979,urbanizacion,45,73
24056,legrand,44,73
33399,quirofano,44,73
37048,shakespeare,43,73
4796,belga,41,73
16696,extasis,41,73
38957,tarifazo,40,73
27256,morgue,35,73
20114,hidrico,32,73
15739,espert,29,73
23430,kast,24,73
3659,atlanta,16,73
10732,curado,15,73
20146,higui,11,73
3160,arrebatar,69,72
11655,desafiante,68,72
15082,entretener,68,72
1423,alegrar,67,72
3752,atroz,67,72
24700,logrado,67,72
33872,recambio,66,72
37556,sobresalir,66,72
34749,renegar,65,72
2328,antagonico,64,72
8348,colapsar,64,72
13264,distanciamiento,64,72
21680,infante,64,72
32664,prolongar,64,72
12105,desestabilizar,63,72
26938,moderar,63,72
33742,reactivar,63,72
42066,visualizar,63,72
4062,avatar,62,72
34614,relevar,62,72
35175,restituir,62,72
3486,aspero,61,72
28606,obsesivo,61,72
10256,creible,60,72
11592,derrocar,60,72
28317,normalizar,60,72
32792,prospero,60,72
21143,impugnacion,59,72
39659,tira,59,72
12460,despojo,58,72
24036,legisladora,58,72
5300,bocina,57,72
23997,lectora,57,72
26855,mistica,56,72
41350,vecinal,55,72
1603,almacenar,54,72
34076,recorrida,54,72
28530,objecion,53,72
23257,judith,52,72
24091,lena,52,72
29191,orquesta,52,72
41442,velo,52,72
10715,cunado,51,72
10899,dante,50,72
6228,callejon,49,72
12902,digitalizacion,49,72
19268,granja,49,72
41888,villano,48,72
10149,costura,47,72
6218,callao,46,72
35894,rubia,46,72
14156,elon,45,72
36824,senorita,45,72
5766,bruno,44,72
8240,cocinera,42,72
34473,rehen,42,72
34920,represa,39,72
41150,vagina,39,72
7518,charlie,35,72
34212,redondos,35,72
6003,cabezon,34,72
2985,arenas,29,72
35604,rivas,25,72
36013,sabella,17,72
25632,marielle,15,72
7869,ciervo,13,72
2168,anez,11,72
33094,pullaro,11,72
2865,apuro,69,71
9467,contaminar,67,71
15385,escandaloso,67,71
17190,felicitar,67,71
23752,lamento,67,71
36940,seriamente,67,71
783,adquirido,66,71
14152,elogiar,66,71
16229,eufemismo,66,71
16639,exponencial,66,71
17478,filosofa,65,71
40309,trastocar,65,71
24026,legalmente,64,71
40201,transitorio,63,71
3491,aspirante,62,71
5474,bordear,62,71
8838,comunicador,62,71
22805,irregular,62,71
39449,testimonial,62,71
32996,publicas,61,71
15129,entusiasta,60,71
20212,hiperinflacion,58,71
19154,gorro,57,71
32925,psicoanalisis,55,71
32926,psicoanalista,55,71
30644,perla,53,71
8480,columnista,51,71
21442,indeciso,50,71
23354,jurista,50,71
38350,sudamericana,49,71
13304,distributivo,48,71
16737,extorsion,47,71
29422,padron,45,71
34428,reglamentacion,45,71
10303,criminalidad,44,71
2882,arabia,43,71
13800,eclesiastico,43,71
8912,concha,42,71
3675,atomico,41,71
6097,cafiero,40,71
7116,cautivo,40,71
37289,simulacion,40,71
24842,lucila,38,71
33140,punitivismo,36,71
23824,lara,31,71
25096,magnetto,22,71
42561,yanina,19,71
3514,astiz,14,71
36963,serrat,12,71
12402,despejar,68,70
13903,educado,67,70
35053,resguardo,67,70
11794,desbordado,65,70
35365,reverso,64,70
39916,torso,64,70
18495,garante,63,70
22718,involuntario,63,70
22859,irrumpe,63,70
27670,mutuamente,63,70
28318,normalmente,63,70
40369,trazado,63,70
2037,analizado,62,70
28752,ofender,62,70
4683,batir,61,70
10491,cualquiero,61,70
20651,humildad,61,70
8674,compatible,60,70
11977,descuento,60,70
38661,sustantivo,60,70
789,adrenalina,59,70
12571,destructivo,59,70
20448,honrar,59,70
29814,pario,59,70
42234,vomitar,59,70
12777,dibuja,58,70
5657,bretana,57,70
13429,dogma,57,70
9207,connotacion,56,70
13369,divulgacion,56,70
20811,ignorante,56,70
12821,didactico,55,70
38287,subsistencia,55,70
10206,craneo,54,70
15796,espuma,54,70
23889,latin,54,70
25180,maldicion,54,70
3550,asuntos,53,70
3964,automovil,53,70
5927,buscador,53,70
3871,autobiografico,52,70
12743,dialectica,52,70
41110,vacante,52,70
312,accionista,51,70
28683,ocio,51,70
40575,trozo,50,70
6399,campos,49,70
40729,tweet,49,70
39537,ticket,47,70
28041,neto,45,70
6433,cancelacion,43,70
40618,tucumano,43,70
2474,antiperonismo,40,70
29855,parra,40,70
14540,encarcelamiento,39,70
27524,multilateral,39,70
9183,conmemoracion,38,70
17415,figurita,35,70
25458,manuscrito,34,70
10452,ctep,33,70
40114,transa,32,70
23389,kafka,30,70
1148,agroquimico,29,70
38002,spinetta,28,70
38849,tamara,27,70
17595,fito,25,70
22955,jacoby,14,70
39469,tevez,12,70
26756,minucioso,67,69
32801,protagonico,66,69
11600,derrotero,65,69
11888,descomunal,65,69
13167,disfrazar,65,69
37574,sobrevive,64,69
38398,sufrido,64,69
3359,asegurado,63,69
4859,beneficiado,63,69
14284,emigrar,63,69
15916,estas,63,69
20821,igualar,63,69
38458,sumergido,63,69
41396,veinticuatro,63,69
2838,aproximar,62,69
5775,brutalidad,62,69
13338,diversion,62,69
21145,impugnar,62,69
31893,postre,62,69
37261,similitud,62,69
41195,validar,62,69
8281,coexistir,61,69
20864,iluminacion,61,69
34170,redefinir,60,69
34268,reescribir,60,69
34843,repentino,60,69
41196,validez,60,69
5424,bondad,59,69
12191,desidia,59,69
29018,opositora,59,69
20749,ideario,57,69
32384,primitivo,57,69
15704,especulativo,56,69
33480,radicalizacion,56,69
37736,solicitud,56,69
39167,telmo,56,69
36613,secuela,55,69
5952,butaca,53,69
10090,coser,53,69
193,abstener,52,69
25059,mafioso,51,69
11325,delincuencia,50,69
6034,caceria,49,69
28266,nombramiento,49,69
41096,utopico,49,69
2348,antena,48,69
42124,viviente,48,69
27885,nazismo,47,69
33744,reactivo,47,69
29796,parentesco,46,69
29673,papelito,45,69
31598,polonia,45,69
32822,proteina,44,69
20482,hormona,43,69
25620,marica,42,69
35173,restitucion,41,69
5269,blue,39,69
20061,hetero,37,69
17274,ferrari,33,69
9248,conscripto,26,69
7556,chavista,24,69
22055,insaurralde,17,69
13130,discutar,66,68
23795,lanza,65,68
6262,calzar,64,68
23053,jeans,64,68
11760,desatado,63,68
12861,diferir,63,68
16481,exigente,63,68
21220,inaugural,63,68
28350,nostalgico,63,68
32388,primordial,63,68
32169,prendido,62,68
32346,prevision,62,68
10020,corroborar,61,68
34107,recto,61,68
15086,entrever,60,68
18091,frenetico,60,68
32564,profecia,60,68
16339,evolucionar,59,68
21590,inducir,59,68
42091,viuda,59,68
9231,conquistado,58,68
33483,radicalizar,58,68
35503,rienda,58,68
38582,suprimir,58,68
10311,criminalizar,57,68
16835,fabricacion,57,68
4495,barack,56,68
6203,calificacion,56,68
1222,ahogado,55,68
28311,normalizacion,55,68
4960,best,54,68
10760,curriculum,53,68
29207,ortiz,53,68
673,adherent,52,68
26646,milimetro,52,68
16581,experta,51,68
28573,obrera,51,68
30586,performativo,51,68
8241,cocinero,50,68
21907,injerencia,50,68
27446,mudanza,50,68
9654,contrincante,49,68
26857,mistico,49,68
38760,tacho,49,68
3764,audacia,48,68
25084,magistratura,48,68
14532,encapuchado,47,68
20148,hij,47,68
13524,donnell,44,68
32269,press,44,68
36353,santafesino,42,68
5129,biologo,40,68
31485,pogo,36,68
40566,trotskista,36,68
28841,olfato,35,68
28142,nietzsche,32,68
2883,araceli,27,68
39535,tiburon,23,68
40955,uom,23,68
24687,lof,20,68
7612,chicha,19,68
35813,rosatti,14,68
5063,bilardo,12,68
40157,transformado,66,67
21965,inmovil,64,67
29734,paralizado,64,67
12457,despojado,63,67
15045,entregado,63,67
22002,innumerable,63,67
8712,complejizar,62,67
11008,debilitado,62,67
13234,dispersar,62,67
23146,joder,62,67
413,aclaracion,61,67
4320,bajito,61,67
12378,desparramar,61,67
4416,banal,60,67
17866,formulacion,60,67
31293,plasmar,60,67
38331,sucesor,60,67
3331,asaltar,59,67
7298,centrico,59,67
10605,cuestas,59,67
11297,deliberadamente,59,67
22833,irresponsable,59,67
31867,poster,59,67
2216,angustiar,58,67
11316,delictivo,58,67
17055,faro,58,67
21635,inequidad,58,67
8434,colmo,57,67
31871,postergar,57,67
785,adquisicion,56,67
12568,destrozar,56,67
14056,electrodomestico,56,67
27610,murmullo,56,67
11696,desalojar,55,67
6670,caravana,53,67
10202,crack,53,67
13848,ecuatoriano,53,67
27079,monitor,53,67
34630,relleno,53,67
42635,yrigoyen,53,67
17771,folleto,52,67
15994,estimacion,51,67
20589,huesped,51,67
40412,trescientos,51,67
7428,chacarita,50,67
30437,pensas,50,67
7340,cerco,49,67
31312,platea,49,67
37241,silvio,48,67
31419,poblacional,46,67
39685,tiroteo,44,67
11118,deconstruccion,42,67
22649,invernadero,42,67
36669,segato,42,67
39900,toro,42,67
27181,montonero,39,67
8844,comunicativo,37,67
25867,maternal,37,67
1201,aguirre,36,67
5759,brujo,31,67
17763,folklore,31,67
19213,gradualismo,30,67
26807,mirta,30,67
8366,coleccionista,26,67
42718,zapatista,17,67
5920,burzaco,15,67
1462,alessio,14,67
9252,consecuente,63,66
10980,debatar,63,66
7107,cautela,62,66
14476,emular,62,66
21044,imponente,62,66
769,adorar,61,66
24028,legendario,61,66
12687,devastador,59,66
21281,inclinacion,59,66
28203,nitido,59,66
37251,simbolizar,59,66
22640,inventado,58,66
32679,prometido,58,66
35707,rogar,58,66
9440,contabilizar,57,66
16671,expresivo,56,66
30124,patronal,56,66
195,abstraccion,55,66
14696,endurecer,55,66
18600,gatillo,54,66
18739,genuin,54,66
24679,locutor,54,66
34929,representatividad,54,66
9114,confort,53,66
20513,hospitalario,53,66
9018,conductora,51,66
16190,eternidad,51,66
19551,guiso,51,66
20399,homofobia,51,66
32798,prostituta,51,66
37804,sometimiento,51,66
28538,objetividad,50,66
7160,cebolla,49,66
18717,genital,49,66
27924,negacionista,49,66
1570,alineamiento,48,66
20379,home,47,66
29725,paraje,46,66
235,abusador,44,66
29359,oyente,41,66
29656,paolo,40,66
19945,hemisferio,39,66
24778,lote,37,66
27584,municion,37,66
39956,toto,35,66
6314,cambridge,34,66
23541,kit,31,66
41686,veterinario,29,66
1828,amazonia,27,66
7399,cesarea,24,66
42479,wolfe,19,66
24422,linera,18,66
28136,niembro,18,66
6059,cacique,17,66
25122,maidana,16,66
30314,pele,15,66
41741,vicentin,14,66
18909,gines,13,66
26626,milani,9,66
17870,forn,7,66
30905,piacenza,3,66
29714,parafrasear,65,65
1946,amontonar,64,65
28495,nutrar,64,65
34567,relajado,63,65
37909,sorpresivo,62,65
38676,sustraer,62,65
3148,arrasado,61,65
18574,gastado,61,65
31365,plenamente,61,65
40406,trepar,61,65
981,agachar,60,65
15848,estacionar,60,65
20096,hibrido,60,65
34460,regularidad,60,65
3532,astucia,59,65
3765,audaz,59,65
9195,conmovedor,59,65
31404,plus,59,65
5241,blindado,58,65
21945,inmerso,58,65
22918,itinerario,58,65
24337,ligero,58,65
30980,piedad,58,65
31876,posteriormente,58,65
16994,fanatismo,57,65
17737,focalizar,57,65
21336,incondicional,57,65
21830,ingenio,57,65
32469,probado,57,65
12700,devocion,56,65
18701,generosidad,56,65
1033,agitacion,55,65
25997,mecanica,55,65
14932,ensayista,54,65
30572,perfilar,54,65
33071,pugna,54,65
2343,antecesor,53,65
7043,catarsis,53,65
7088,cauce,53,65
22958,jacques,53,65
33475,radicado,53,65
40523,trofeo,53,65
10795,custodio,52,65
24419,lineamiento,52,65
30078,patologia,52,65
30744,personalizado,52,65
40440,tributo,52,65
15671,especialidad,51,65
15747,espiar,50,65
24287,libreta,49,65
1931,amnistia,48,65
2762,apple,48,65
6804,carnet,48,65
23336,jura,48,65
36724,selfie,48,65
40246,transversalidad,48,65
5304,boda,47,65
36977,servidor,46,65
37682,soga,46,65
6806,carniceria,45,65
28190,ninx,45,65
5005,bicentenario,44,65
16172,etario,44,65
2475,antiperonista,43,65
15502,escrache,43,65
35732,rollo,41,65
14656,encuentros,40,65
3587,ate,37,65
14162,elsa,37,65
25629,marie,37,65
30932,picada,35,65
36382,santoro,34,65
1707,altos,33,65
5104,bio,33,65
32149,premiado,32,65
14307,emma,30,65
9521,conti,29,65
18659,gendar,29,65
18811,gesell,28,65
17518,finca,24,65
24350,lilia,22,65
6142,calamaro,13,65
14778,enganchar,64,64
21665,inexplicable,63,64
27839,naturalizacion,62,64
1325,alarmante,61,64
39282,tensar,61,64
41346,vear,60,64
1678,alterado,59,64
2214,angustiado,59,64
8095,clavado,59,64
12311,desmoronar,59,64
16234,euforico,59,64
30225,peculiar,59,64
30265,pedo,59,64
32729,propiamente,59,64
34883,repliegue,59,64
35201,resurgir,59,64
15006,entonar,58,64
20385,homenajear,58,64
37706,solas,58,64
3080,armando,57,64
18803,germen,57,64
24539,llame,57,64
31916,potencialmente,57,64
1057,agonia,56,64
5342,boletin,56,64
6612,capricho,55,64
10489,cualitativo,55,64
12791,diccionario,55,64
34952,reproche,55,64
1888,americas,54,64
6702,cardiaco,54,64
10165,cotizar,54,64
11400,democratizar,54,64
18991,globalizado,54,64
29469,paja,54,64
498,acostado,53,64
8571,comico,53,64
8693,competitividad,53,64
28948,ongs,53,64
42027,visibilizacion,53,64
10052,cortazar,52,64
24132,leopoldo,52,64
31139,piramide,52,64
1635,alojamiento,51,64
2277,anomalia,51,64
3193,arresto,51,64
6515,canonico,51,64
14541,encarcelar,50,64
36974,servicios,50,64
5394,bombardear,49,64
15002,entierro,49,64
9261,consejero,48,64
19102,gondola,47,64
28406,novelista,45,64
8452,colonizacion,44,64
18652,gemelo,44,64
25668,maritimo,44,64
26468,metodologico,44,64
35131,respiratorio,44,64
39946,totalitario,44,64
33482,radicalizado,43,64
22123,inspector,42,64
19823,harry,41,64
5088,binaria,39,64
13466,domar,39,64
14897,enriquez,39,64
1543,alienacion,38,64
5592,boys,38,64
7108,cautelar,35,64
41019,urss,33,64
33386,quintana,32,64
41904,villera,30,64
2235,animacion,29,64
11226,dei,28,64
40735,twitch,18,64
28125,nicole,17,64
4264,badiou,11,64
35450,reynoso,10,64
33698,raya,62,63
14001,ejercido,61,63
14960,entablar,61,63
3787,augurar,60,63
18059,frecuentar,60,63
20982,imperceptible,60,63
4034,auxilio,58,63
14784,enganoso,58,63
29014,oportuno,58,63
34823,repartido,58,63
37595,socavar,58,63
2034,analitico,57,63
12450,desplomar,57,63
15640,espada,57,63
22487,interseccion,57,63
24110,lente,57,63
25438,manto,57,63
35000,requerimiento,57,63
37383,sinuoso,57,63
230,aburrir,56,63
3390,asesorar,56,63
16363,exaltacion,56,63
19211,gradual,56,63
30723,persiana,56,63
37045,sexualmente,56,63
40350,travesia,56,63
3570,atajo,55,63
28645,obviedad,55,63
11805,descalificacion,54,63
31864,postear,54,63
41527,ventanal,54,63
15461,escoger,53,63
38272,subsecretario,53,63
38872,tangible,53,63
41946,violado,53,63
22170,institucionalizado,52,63
25003,macro,52,63
42544,yacer,52,63
13217,disparador,51,63
17307,fervor,51,63
22278,intencional,51,63
30040,patagonico,51,63
26844,misogino,50,63
31860,poste,50,63
36842,sensorial,50,63
38990,tatuado,50,63
39478,textual,50,63
828,adversidad,49,63
16056,estrato,49,63
31505,polarizado,49,63
3750,atropellar,48,63
26031,mediador,48,63
34274,reestructuracion,48,63
40450,trigo,48,63
14085,elenco,47,63
30060,paternidad,47,63
2405,antidemocratico,46,63
16843,fabula,46,63
31835,posmoderno,46,63
10870,dan,45,63
18762,geologico,45,63
31496,polaco,45,63
33064,pueyrredon,45,63
4797,belgica,44,63
9557,contraccion,44,63
25729,martir,44,63
4635,basquet,43,63
32500,procesal,43,63
35548,rinon,43,63
23229,juarez,42,63
42443,williams,41,63
9034,conejo,40,63
5582,boxeador,36,63
4415,banado,35,63
25631,mariela,32,63
18448,game,31,63
10957,davis,28,63
19349,grillo,28,63
42825,zuckerberg,28,63
34454,reguillo,23,63
40302,trasplante,18,63
24743,lonko,17,63
23850,larroque,16,63
7279,centeno,14,63
38802,tajante,59,62
1378,alcanzado,58,62
9186,conmigo,58,62
13116,disculpar,58,62
35940,ruidoso,58,62
37617,socializar,58,62
12767,diariamente,57,62
20291,historial,57,62
21323,incomprensible,57,62
21543,indiscutible,57,62
28923,omnipresente,57,62
37174,signado,57,62
38551,supimos,57,62
6175,caldo,56,62
20873,ilusionar,56,62
32340,previa,56,62
8991,condicionado,55,62
22454,interpretado,55,62
34941,reprimeir,55,62
35211,retar,55,62
42135,vizzon,55,62
809,adulta,54,62
13207,disolucion,54,62
14642,encuadrar,54,62
16847,fabuloso,54,62
3837,austero,53,62
15893,estancamiento,53,62
20168,hilera,53,62
22145,instantanea,53,62
23809,lapicera,53,62
21932,inmediatez,52,62
24379,limon,52,62
3402,asfixia,51,62
3810,aura,51,62
6070,cadera,51,62
15054,entrelazar,51,62
22169,institucionalizacion,51,62
26109,mega,51,62
30622,periodistas,51,62
32626,progresivamente,51,62
9184,conmemorar,50,62
19318,greco,50,62
40466,trio,50,62
11296,deliberacion,49,62
38450,sumario,49,62
21723,infiltrado,48,62
27227,morbo,48,62
36289,sanar,48,62
39300,tentativa,48,62
12332,desobediencia,47,62
30758,persuadir,47,62
34467,regulatorio,47,62
16882,factico,46,62
17268,fernet,46,62
17500,financiacion,46,62
26316,mercantil,46,62
6688,carcelario,45,62
6858,carrito,45,62
16354,exactitud,45,62
21598,indumentaria,44,62
32999,publicista,44,62
38418,suicida,44,62
15487,escopeta,42,62
20483,hormonal,42,62
6213,call,41,62
12669,deudor,41,62
39119,telecomunicacion,41,62
13605,dramaturgo,40,62
18818,gestant,40,62
37468,smith,40,62
38368,suegra,40,62
39123,telefe,40,62
58,abierta,39,62
8247,coco,39,62
37936,sostenibilidad,39,62
4676,batallon,37,62
13073,disciplinario,37,62
36476,saudita,37,62
42236,vommaro,37,62
12758,diamante,34,62
37659,soda,30,62
3074,armador,29,62
20799,ife,29,62
2404,anticuerpo,28,62
6022,cabrera,28,62
26364,merkel,26,62
41181,valenzuela,22,62
4729,bcra,21,62
13723,duque,20,62
22891,isleno,14,62
30466,pepin,7,62
23838,larguisimo,60,61
30157,pausado,60,61
21091,impregnar,59,61
21219,inaugurado,58,61
35133,respiro,58,61
35184,restringido,57,61
11982,desden,56,61
12664,detrimento,56,61
14963,enteer,56,61
32103,pregonar,56,61
34723,renacer,56,61
36754,semi,56,61
422,acoger,55,61
7196,celebrado,55,61
9319,consolar,55,61
16732,extinguir,55,61
20669,hundido,55,61
33618,rareza,55,61
33894,recelo,55,61
35949,rulo,55,61
636,adaptado,54,61
11755,desarticular,54,61
14434,empoderar,54,61
15663,esparcir,54,61
20253,hipotetico,54,61
36310,sandwich,54,61
37886,sordo,54,61
7405,cesped,53,61
17673,flojo,53,61
4047,avanzada,51,61
16554,expansivo,51,61
24025,legalizar,51,61
33996,recompensa,51,61
2261,aniquilar,50,61
8151,cloaca,50,61
22569,intriga,50,61
35081,resistente,50,61
5568,bourdieu,49,61
7348,cerebral,48,61
13713,dupla,48,61
39039,teclado,48,61
10507,cuantitativo,47,61
12498,desproporcionado,47,61
25930,max,47,61
2535,antropologico,46,61
8502,combatiente,46,61
7544,chats,45,61
19137,gorila,45,61
25598,marginalidad,45,61
2167,anexo,43,61
9868,cordero,43,61
10601,cuerpos,42,61
16677,expropiacion,42,61
22448,interpersonal,41,61
27202,mora,41,61
31797,pose,41,61
3429,asilo,40,61
18830,gestor,40,61
19940,hembra,40,61
36290,sanatorio,40,61
32576,profesionalizacion,38,61
4235,baby,37,61
13156,disenso,37,61
34030,reconquista,37,61
5985,cabana,33,61
24973,machado,33,61
38736,tablada,27,61
631,adamovsky,25,61
7670,chiqui,24,61
41041,usd,19,61
7455,chamorro,14,61
33423,raab,5,61
1076,agradable,59,60
17579,fisicamente,58,60
24908,lupa,58,60
38763,tacito,58,60
39579,tildar,58,60
11776,desayunar,57,60
21837,ingenuidad,57,60
29401,pactar,57,60
33930,recibo,57,60
2988,arenga,56,60
12030,desempleado,56,60
12197,designado,56,60
12951,diminuto,56,60
14222,embate,56,60
14885,enredar,56,60
28612,obstaculizar,56,60
36573,sear,56,60
9631,contratado,55,60
11704,desandar,54,60
12042,desencanto,54,60
28441,nuca,54,60
2545,anudar,53,60
15658,espantoso,53,60
33726,reabrir,53,60
42537,xviii,53,60
756,adoptado,52,60
19188,grabador,52,60
27083,monitorear,52,60
42300,vulnerar,52,60
40380,tregua,51,60
2606,apartado,50,60
3273,artesano,50,60
3999,autoria,50,60
24696,logistico,50,60
40929,universitaria,50,60
1113,agresividad,49,60
17699,flota,49,60
34369,refundar,49,60
20990,imperialismo,47,60
29030,oprimido,47,60
26736,ministerial,45,60
31471,podrido,45,60
17632,flash,43,60
33141,punitivista,43,60
6008,cabina,42,60
9554,contrabando,42,60
7975,cirujano,41,60
20045,herrera,41,60
26526,michelle,41,60
40889,unificacion,40,60
1419,alegato,39,60
20636,humberto,38,60
22227,insurreccion,38,60
41710,vial,37,60
3451,asistido,36,60
34366,refundacion,36,60
22314,interactivo,35,60
41622,veron,35,60
25509,mara,34,60
12624,detective,33,60
19445,guarani,33,60
3838,austin,32,60
35465,ribera,32,60
31905,posverdad,30,60
32563,profe,30,60
33400,quiroga,30,60
1525,ali,28,60
5581,box,27,60
8126,clientelismo,27,60
11263,delacion,22,60
5414,bonadio,21,60
18295,funk,15,60
27117,monos,15,60
11069,decil,14,60
34603,releer,57,59
8032,clamar,56,59
12948,dimensionar,56,59
15583,escupir,56,59
19629,habitado,56,59
24190,levemente,56,59
24748,loop,56,59
663,adentrar,55,59
4084,aventurar,55,59
23761,lampara,55,59
32707,pronosticar,55,59
37230,silueta,55,59
9698,conveniente,54,59
14546,encargada,54,59
16465,exhaustivo,54,59
23829,largamente,53,59
25243,maltratar,53,59
27790,narrado,53,59
32713,pronunciado,53,59
41386,veiar,53,59
594,acuerdir,52,59
17777,fomento,52,59
18323,fusionar,52,59
39377,termometro,52,59
3108,aro,51,59
13571,dotado,51,59
13869,edificar,51,59
20784,idiota,51,59
23862,lastima,51,59
39244,tendido,51,59
1821,amateur,50,59
9524,contiguo,50,59
19960,henry,50,59
38271,subsecretaria,50,59
10282,creyente,49,59
31067,pinchar,49,59
34999,requerido,49,59
40097,trance,49,59
26537,microcentro,48,59
33506,rafaga,48,59
9500,conteo,47,59
11639,desacreditar,47,59
19184,gps,47,59
21972,inmueble,47,59
30747,personas,47,59
31267,planilla,47,59
31348,plebeya,47,59
8089,clausula,46,59
14553,encarnacion,45,59
20257,hippie,45,59
24344,like,45,59
19072,golosina,44,59
3923,autoestima,43,59
8876,concejo,42,59
18285,funebre,42,59
31768,portero,42,59
34335,reformista,42,59
13862,edgardo,41,59
7547,chau,40,59
24614,llore,40,59
37606,socialdemocrata,40,59
5666,brexit,39,59
28984,operario,39,59
35073,resiliencia,39,59
29524,palito,38,59
30086,patota,38,59
31981,precandidato,37,59
24217,lgbtiq,36,59
6996,casting,35,59
33418,quito,35,59
38247,suboficial,35,59
41485,venecia,35,59
3067,arlt,34,59
1118,agricultor,33,59
24939,lynch,31,59
27603,murcielago,31,59
3320,arzobispo,29,59
30904,pia,29,59
1777,amalia,28,59
17535,finlandia,28,59
4325,bajos,26,59
27804,nasa,25,59
29051,opus,24,59
1779,amamantar,20,59
5177,bitcoin,16,59
18206,fujimori,12,59
16356,exageracion,58,58
21889,inicialmente,58,58
10632,cuidadoso,56,58
19616,habilita,56,58
15601,esfumar,55,58
19613,habil,55,58
23086,jerga,55,58
11577,derramar,54,58
11979,descuidar,54,58
12660,detonar,54,58
14714,energico,54,58
20956,imparable,54,58
32906,prudente,54,58
37335,sinfin,54,58
12431,despierto,53,58
17066,fascinado,53,58
33854,recaer,53,58
9105,confluencia,52,58
10703,cumpleano,52,58
18277,fundante,52,58
20748,idear,52,58
20769,ideologicamente,52,58
32843,provecho,52,58
37183,significativamente,52,58
38729,tabaco,52,58
13337,diversificar,51,58
16855,faceta,51,58
22809,irrelevante,51,58
26325,merced,51,58
39102,tejen,51,58
40685,turbio,51,58
1306,alambre,50,58
17442,filiacion,50,58
18052,frazada,50,58
14980,enteramente,49,58
18320,fusilar,49,58
20701,ibar,49,58
24438,lio,49,58
4040,avalancha,48,58
22359,interdisciplinario,48,58
16768,extraneza,47,58
17104,fauna,47,58
26437,metamorfosis,47,58
28077,neutralidad,47,58
2675,aplaude,46,58
17915,fotocopia,46,58
26991,mojar,46,58
28967,opacidad,46,58
32001,precepto,46,58
35445,reyes,46,58
39929,torturado,46,58
4038,aval,45,58
26099,mediterraneo,45,58
5094,binarismo,44,58
8113,clic,44,58
18268,fundamentalista,44,58
22642,inventario,44,58
39512,think,42,58
29109,org,41,58
16286,evangelista,40,58
20426,honduras,40,58
28130,nido,40,58
6760,carioca,39,58
8508,combi,39,58
36764,semifinal,39,58
1827,amazonas,37,58
4663,basural,37,58
11197,deforestacion,37,58
1343,alberdi,36,58
15149,envase,36,58
35461,riachuelo,36,58
27271,moro,33,58
24817,luca,32,58
41178,valentina,31,58
2028,analia,30,58
41045,ushuaia,28,58
12990,dioxido,27,58
21954,inmobiliaria,27,58
28093,newell,27,58
2335,antartida,23,58
5651,brenda,23,58
23687,lactancia,15,58
1617,almodovar,14,58
18431,galperin,13,58
28039,netbooks,13,58
23428,kartun,10,58
20699,ibai,6,58
38317,subyacer,56,57
8778,comprensible,55,57
24178,levantado,55,57
39846,tope,55,57
2013,anacronico,54,57
3722,atreveir,54,57
15884,estampado,54,57
26837,mismisimo,54,57
28656,ocasional,54,57
34670,rememorar,54,57
290,acatar,53,57
3568,atajar,53,57
10750,curiosamente,53,57
14844,enmarcado,53,57
35161,restablecer,53,57
39632,tinte,53,57
26888,mixto,52,57
32241,preservacion,52,57
2091,anclaje,51,57
2707,apocaliptico,51,57
10010,corrido,51,57
18313,fuser,51,57
22154,instaurar,51,57
25874,mates,51,57
12234,desinteres,50,57
13287,distorsion,50,57
14128,elitista,50,57
16492,exiliar,50,57
19253,grandeza,50,57
39271,tenias,50,57
6960,casillero,49,57
7385,certificar,48,57
15673,especializacion,48,57
22069,inseguro,48,57
29716,paragua,48,57
33188,pureza,48,57
12298,desmesurado,47,57
15776,esplendor,47,57
22607,inundado,47,57
25848,matematica,47,57
31778,portugal,47,57
16092,estribillo,46,57
35456,rezo,46,57
37290,simulacro,46,57
28960,ontologico,45,57
6965,casona,44,57
15996,estimado,44,57
24722,lomo,44,57
36179,saliente,44,57
36465,saturacion,44,57
4816,bellas,43,57
7456,champagne,42,57
32417,prisa,42,57
17869,formulario,41,57
5535,boston,40,57
41584,verdugo,40,57
41594,veredicto,40,57
10958,davos,39,57
12817,dictatorial,39,57
26403,mestizo,37,57
36640,seda,37,57
18319,fusilamiento,36,57
42545,yacimiento,36,57
6834,carrasco,34,57
16561,expedicion,34,57
20249,hipotecario,31,57
24860,lugano,31,57
742,adoctrinamiento,30,57
5409,bombonera,30,57
41173,valencia,30,57
30267,pedofilo,29,57
4467,bang,27,57
33595,rapero,27,57
15325,erp,26,57
18411,gallegos,26,57
25931,maxi,24,57
9900,corina,21,57
24978,machi,17,57
35884,rozitchner,17,57
1245,aimar,13,57
42684,zamba,13,57
10787,cusam,11,57
7498,chapo,8,57
24153,lestido,8,57
31491,pokemon,7,57
38724,szifron,3,57
13295,distraido,56,56
16508,existierar,55,56
20184,hincapie,55,56
21455,indefinido,55,56
2975,arduo,54,56
6149,calar,54,56
13938,efervescencia,54,56
33973,recogido,54,56
83,abogar,53,56
246,acabado,53,56
7690,chispa,53,56
14004,ejercitar,53,56
16692,exquisito,53,56
20947,impactante,53,56
22412,intermitente,53,56
18061,frecuentemente,52,56
20934,imitacion,52,56
31432,poca,52,56
32496,procer,52,56
38465,sumir,52,56
31,abasto,51,56
7013,casualmente,51,56
15656,espantar,51,56
11980,descuido,50,56
14539,encarcelado,50,56
6261,calzado,49,56
10159,cotidianidad,49,56
13022,directiva,49,56
19351,grimson,49,56
26132,mejilla,49,56
27824,national,49,56
34089,recreacion,49,56
38102,stock,49,56
10108,cosmopolita,48,56
18151,fronterizo,48,56
25154,malabar,48,56
28610,obsoleto,48,56
29747,paranoico,48,56
16210,etnia,47,56
17858,formidable,47,56
26145,melancolico,47,56
34357,refuerzo,47,56
34617,relieve,47,56
42231,volvimos,47,56
7095,caudillo,46,56
20724,iceberg,46,56
3732,atribucion,45,56
20397,homo,45,56
29006,oponente,45,56
40637,tuitero,45,56
27442,muchx,44,56
42002,virtualidad,44,56
25284,man,43,56
5822,bufanda,41,56
7863,cientista,41,56
9848,coral,41,56
28971,open,41,56
42017,visceral,41,56
8752,compositor,40,56
10059,cortesia,40,56
24792,love,40,56
28941,one,39,56
9329,consorcio,38,56
9935,corporalidad,38,56
23211,jovenes,38,56
39305,teologia,38,56
1331,alba,37,56
12553,destitucion,35,56
27124,monotributista,35,56
27618,muscular,35,56
12619,deteccion,34,56
20311,hitler,34,56
2252,animico,33,56
29739,paramilitar,33,56
40457,trilogia,33,56
18699,generos,32,56
27969,nelson,31,56
18007,francesa,29,56
37020,sex,29,56
14159,eloy,27,56
6541,cantero,23,56
22878,isis,23,56
24007,ledo,23,56
36138,salada,23,56
25436,mantero,21,56
1813,amaru,20,56
2525,antropoceno,20,56
5670,brics,20,56
24069,leiras,19,56
1605,almada,18,56
26595,migraciones,18,56
19467,guardiola,13,56
38118,stornelli,13,56
4522,barbie,12,56
19585,guyana,8,56
13942,effy,5,56
9065,confiado,54,55
11322,delimitar,54,55
32014,precipitar,54,55
36749,semejanza,54,55
567,actualizado,53,55
15340,erroneo,53,55
7047,catastrofico,52,55
12593,desvelar,52,55
16125,estudiado,52,55
36723,selfi,52,55
36880,sepa,52,55
37570,sobrevenir,52,55
39301,tenue,52,55
12040,desencantado,51,55
15538,escrutinio,51,55
20103,hiciste,51,55
21577,indole,51,55
28747,oer,51,55
34607,relegar,51,55
36792,senalamiento,51,55
1988,amplitud,50,55
13966,egoista,50,55
15439,esclarecer,50,55
16100,estrofa,50,55
18307,furor,50,55
20658,humillar,50,55
22171,institucionalizar,50,55
34051,recopilar,50,55
35304,retumbar,50,55
36990,sesgado,50,55
42198,voltear,50,55
3712,atraso,49,55
10525,cuasi,49,55
11221,degradar,49,55
16116,estruendo,49,55
16630,explotado,49,55
29717,paraguas,49,55
4064,avecinar,48,55
9576,contraer,48,55
21428,indagacion,48,55
26842,misoginia,48,55
30457,penumbra,48,55
32057,predilecto,48,55
40130,transcurso,48,55
14729,enfatico,47,55
21975,inmune,47,55
34260,reencuentro,47,55
895,afganistan,46,55
9664,controversial,46,55
9665,controvertido,46,55
18534,garra,46,55
23816,lapiz,46,55
29834,parlant,46,55
5343,boleto,45,55
11816,descampado,45,55
24324,life,45,55
27210,moralidad,45,55
38367,sueco,45,55
190,abstencion,44,55
13555,dormitorio,44,55
34387,regar,43,55
36676,segregacion,43,55
2066,anatomia,42,55
20117,hidrocarburo,42,55
41765,victimizacion,42,55
22014,inodoro,41,55
22312,inter,41,55
22429,international,41,55
25784,masificacion,41,55
14039,electoralmente,39,55
27571,mundialista,39,55
8375,colectividad,38,55
9931,corpino,37,55
25722,martina,37,55
32776,proscripcion,37,55
2892,arancel,36,55
17675,flora,36,55
26096,meditar,32,55
26103,medula,32,55
29561,pamela,30,55
17641,flavio,29,55
25513,maracana,29,55
30023,pastoral,28,55
30850,petiso,28,55
24803,lozano,27,55
27252,morgan,27,55
35683,rodaje,27,55
41229,valparaiso,26,55
41757,vicky,26,55
25802,massera,25,55
14661,encuestador,24,55
42099,vivas,24,55
7387,cervantes,23,55
26158,melisa,23,55
2611,apartheid,21,55
10326,cripto,21,55
24858,luduena,19,55
5867,bunny,18,55
29994,pasolini,15,55
36029,sable,14,55
36147,salar,13,55
36091,sad,6,55
27018,molfino,5,55
20346,holan,3,55
13193,disipar,54,54
15248,equiparar,53,54
22094,insinuar,53,54
30771,pertinente,53,54
3202,arriesgado,51,54
14315,emocionalmente,51,54
15844,estacionado,51,54
37559,sobresalto,51,54
2092,anclar,50,54
13934,efectuar,50,54
15415,escasear,50,54
24839,lucidez,50,54
34832,repaso,50,54
2044,analogo,49,54
10158,cotidianeidad,49,54
12458,despojar,49,54
16879,factible,49,54
21111,imprevisible,49,54
21367,incontrolable,49,54
25082,magistral,49,54
25828,mata,49,54
31628,ponderar,49,54
41220,valorado,49,54
41748,viceversa,49,54
2766,apreciacion,48,54
3125,arquetipo,48,54
15786,esporadico,48,54
33904,receptor,48,54
34816,reparo,48,54
37534,sobrellevar,48,54
42055,vistas,48,54
3146,arranque,47,54
27274,morocho,47,54
33216,putear,47,54
35337,revelador,47,54
30,abastecimiento,46,54
12702,devolucion,46,54
21158,impune,46,54
40899,unilateral,46,54
8535,comentarista,45,54
15924,estatico,45,54
38575,supremacia,45,54
12894,digerir,44,54
14373,empeno,44,54
15802,esqueleto,43,54
16388,excedente,43,54
19830,harvard,43,54
35033,resentido,43,54
3622,ateo,42,54
3782,auditoria,42,54
20241,hipolito,42,54
27362,motosierra,42,54
32718,propagacion,42,54
35601,rivalidad,42,54
2301,anotacion,41,54
23657,laburant,41,54
25108,mago,41,54
28188,ninos,41,54
29421,padrino,41,54
36727,seller,41,54
23251,judicializacion,40,54
38395,sufragio,40,54
24927,luto,39,54
3083,armario,38,54
17605,flaca,38,54
35128,respirador,38,54
41267,vapor,38,54
2159,anestesia,37,54
4605,barthes,37,54
7309,centroizquierda,37,54
10963,ddhh,37,54
11551,derechista,37,54
19241,gramsci,37,54
42181,volcan,37,54
6445,cancilleria,36,54
13323,diva,36,54
20067,heterodoxo,36,54
39098,teje,36,54
4580,barricada,35,54
26368,merlo,35,54
25360,manhattan,34,54
26334,mercurio,34,54
42088,vitrina,34,54
2976,are,33,54
26347,merendero,33,54
34623,religiosidad,33,54
7375,cerros,32,54
40342,trava,32,54
10628,cuidadora,31,54
10837,daiana,31,54
19067,golfo,31,54
32244,preservativo,30,54
36436,sartre,30,54
37497,soborno,30,54
14188,emanuel,29,54
30203,peaje,29,54
39491,that,29,54
2270,anne,27,54
26988,moises,27,54
27609,murillo,27,54
36588,seccional,27,54
39872,torcuato,27,54
7732,chongo,26,54
7131,cayetano,25,54
23548,klein,25,54
24184,levante,23,54
3456,asma,22,54
39770,tokio,22,54
34693,remo,19,54
9829,coppola,18,54
29447,pagni,18,54
6453,candela,17,54
23387,jxc,17,54
7991,cit,16,54
15818,esquizofrenia,15,54
7438,chagas,11,54
19250,granata,10,54
38560,suplementos,7,54
1889,americo,6,54
30725,persigar,52,53
296,accesibl,51,53
9604,contraposicion,51,53
17556,firmeza,51,53
20979,imperar,51,53
21282,inclinado,51,53
22001,innovar,51,53
31433,pocas,51,53
1080,agradecido,50,53
10976,debacle,50,53
12655,detestar,50,53
21229,incansable,50,53
21501,indicado,50,53
31897,postulado,50,53
3627,aterrador,49,53
15547,escuchado,49,53
34870,replantear,49,53
37246,simbolicamente,49,53
39287,tensionar,49,53
2332,antano,48,53
9712,convergir,48,53
11927,descontrolado,48,53
15683,especificar,48,53
22075,inseparable,48,53
23087,jergo,48,53
517,acreditar,47,53
6165,calculado,47,53
10252,crees,47,53
12045,desencuentro,47,53
12829,diecinueve,47,53
22089,insignificante,47,53
32325,pretexto,47,53
36326,sangriento,47,53
38674,susto,47,53
40272,trasfondo,47,53
7702,chivo,46,53
8848,comunion,46,53
9839,coquetear,46,53
10113,cosmovision,46,53
34338,reformular,46,53
9244,consciencia,45,53
19396,grotesco,45,53
25196,malentendido,45,53
30108,patrio,45,53
33947,reciprocidad,45,53
38064,statu,45,53
8957,concurrencia,44,53
17060,farsa,44,53
21316,incompatible,44,53
27602,muralla,44,53
31314,plateado,44,53
23569,kong,43,53
26116,megafono,43,53
32218,prescribir,43,53
39661,tirada,43,53
41547,veracidad,43,53
17228,feminismos,42,53
18219,full,42,53
37494,soberbia,42,53
15828,estabilizacion,41,53
18145,frontal,41,53
27941,negociador,41,53
39262,tenencia,41,53
16238,eugenio,40,53
27272,morocha,40,53
38366,suecia,40,53
42113,vivi,40,53
3271,artesania,39,53
27010,molecular,39,53
5305,bodega,38,53
6275,camarada,38,53
25014,made,38,53
37760,soltera,38,53
4504,baranda,37,53
16219,etnografico,37,53
28295,norberto,37,53
35671,rockero,37,53
38016,sports,37,53
6174,calderon,36,53
21976,inmunidad,35,53
17709,floyd,34,53
26642,milico,33,53
5667,brian,32,53
6630,capucha,32,53
10130,costanera,32,53
28750,ofelia,30,53
5650,bregman,27,53
18289,funes,26,53
23033,jato,25,53
24118,leona,18,53
23739,lali,17,53
31446,podcasts,17,53
897,afi,15,53
4168,ayotzinapa,15,53
6902,cartonera,15,53
35488,ricotero,13,53
8176,cnea,12,53
18425,galo,11,53
42314,waldemar,8,53
17127,fayt,6,53
24462,liso,51,52
26760,minusculo,51,52
31681,popularizar,51,52
650,adelantado,50,52
5970,cabal,50,52
9667,contundencia,50,52
12356,desordenado,50,52
13185,disimil,50,52
20728,iconico,50,52
32895,proyectado,50,52
35278,retroalimentar,50,52
37724,solemne,50,52
6759,carinoso,49,52
6990,castigado,49,52
8431,colmar,49,52
8870,concebido,49,52
8994,condicionamiento,49,52
9344,constancia,49,52
12071,desentranar,49,52
15604,esgrimir,49,52
18164,frustrar,49,52
27358,motorizado,49,52
29798,parentesis,49,52
30564,perfeccionar,49,52
38682,susurro,49,52
1046,aglutinar,48,52
29732,paralisis,48,52
31122,pionera,48,52
2223,anhelar,47,52
9960,correctamente,47,52
17643,flecha,47,52
18272,fundamentar,47,52
22151,instar,47,52
7030,catalogar,46,52
11578,derrame,46,52
16365,exaltar,46,52
25818,masticar,46,52
28917,omnibu,46,52
15932,estatura,45,52
22176,instituir,45,52
39375,termo,45,52
14452,empresaria,44,52
28509,oasis,44,52
9313,consistencia,43,52
12567,destrozado,43,52
20401,homofobico,43,52
8598,commoditi,42,52
9870,cordial,42,52
16927,falda,42,52
20603,huida,42,52
25176,maldad,42,52
29697,paradero,42,52
39395,terrenal,42,52
42249,votado,42,52
3488,aspiracional,41,52
7740,choripan,41,52
9637,contratista,41,52
32619,progre,41,52
36418,sargento,41,52
39351,termico,41,52
1895,ametralladora,40,52
20290,historiadora,40,52
37146,siembra,40,52
18126,frigerio,39,52
6007,cabildo,38,52
17129,fbi,38,52
14187,emancipatorio,37,52
38993,tatuaje,37,52
20299,historieta,36,52
20623,humanidades,36,52
2118,anderson,35,52
4814,bella,35,52
23922,lautaro,35,52
31271,plantacion,35,52
7446,chalet,33,52
30401,pendulo,33,52
7307,centroderecha,32,52
26615,mike,32,52
29634,pantano,32,52
26631,mileista,30,52
31142,pirata,30,52
35973,rusa,30,52
23046,jazmin,29,52
1480,alfabetizacion,28,52
10733,curador,27,52
2494,antisemitismo,26,52
23317,junior,26,52
28832,ole,25,52
27605,murga,24,52
34596,relator,23,52
51,abelardo,20,52
274,acampe,20,52
41433,velazquez,20,52
6699,cardenas,19,52
26806,mirror,19,52
31521,poliamor,17,52
35807,rosana,17,52
38718,sylvia,15,52
37850,sontag,14,52
20121,hidrogeno,11,52
19340,griesa,10,52
38861,tampon,9,52
23173,jong,8,52
13859,edesur,7,52
24063,leia,5,52
510,acotar,50,51
15482,escondidas,50,51
16559,expectante,50,51
9603,contraponer,49,51
11076,decimo,49,51
11153,deducir,49,51
16640,exponencialmente,49,51
19216,graduar,49,51
32369,primer,49,51
477,acordado,48,51
7269,censurar,48,51
8308,cohesion,48,51
9393,construimos,48,51
24509,liviano,48,51
24662,localizar,48,51
27344,motivado,48,51
33304,querar,48,51
39190,temeroso,48,51
39299,tentar,48,51
2360,antesala,47,51
2381,anticipacion,47,51
6521,canoso,47,51
7098,causado,47,51
9741,convincente,47,51
18463,ganadora,47,51
33967,reclutar,47,51
36467,saturado,47,51
2204,angosto,46,51
8669,compasion,46,51
9217,conociar,46,51
15268,equivoco,46,51
16293,evaporar,46,51
16427,exclusividad,46,51
21190,inagotable,46,51
22099,insistente,46,51
23904,latir,46,51
32139,preliminar,46,51
39984,trabajado,46,51
6268,camada,45,51
8250,coctel,45,51
9953,corralito,45,51
16682,expulsado,45,51
19278,grar,45,51
33882,recargado,45,51
37275,simplificacion,45,51
17845,formalidad,44,51
22653,inversa,44,51
36661,seductor,44,51
5428,bondi,43,51
13817,ecologista,43,51
20853,ilimitado,43,51
21385,incredulidad,43,51
28169,ninas,43,51
20138,higienico,42,51
28079,neutralizar,42,51
32067,predominio,42,51
37382,sintonizar,42,51
3744,atrocidad,41,51
5727,bronce,41,51
38086,steve,41,51
39733,tobillo,41,51
40298,traspaso,41,51
5860,bulto,40,51
2043,analogico,39,51
8411,colina,39,51
15216,epistemologico,39,51
20277,hispano,39,51
25270,mami,39,51
29346,oxford,39,51
29983,pasional,39,51
30172,pavimento,39,51
32614,programador,39,51
33937,reciclar,39,51
39759,todser,39,51
9623,contrasena,38,51
29160,originalidad,38,51
26654,militarizacion,37,51
26971,modular,37,51
10139,costero,36,51
24259,libertaria,36,51
1502,alfonsinista,35,51
9493,contenedor,35,51
25286,manada,35,51
40544,trono,35,51
18026,frank,34,51
22739,iphone,34,51
23117,jimenez,33,51
41721,vibracion,33,51
3078,armamento,32,51
10627,cuidador,32,51
19734,haiti,32,51
26720,miniatura,32,51
9151,congregacion,31,51
11276,delegada,31,51
30379,penalizacion,31,51
29599,pandilla,30,51
4585,barril,29,51
4245,bachelet,26,51
7839,cidh,26,51
31018,pija,25,51
7968,ciro,23,51
18796,geriatrico,23,51
23115,jim,22,51
31452,poderosa,22,51
13511,donante,20,51
23774,land,20,51
32225,presencialidad,20,51
3854,autismo,18,51
21866,ingrid,18,51
5706,brito,14,51
27043,mon,14,51
24891,lulu,8,51
21192,inakayal,6,51
6251,caluroso,49,50
14516,encaminar,49,50
22482,interrumpido,49,50
26914,modal,49,50
38341,sucumbir,49,50
286,acarrear,48,50
3543,asumido,48,50
11808,descalificar,48,50
23673,lacio,48,50
28581,obsceno,48,50
2787,aprendido,47,50
8353,colateral,47,50
8814,compulsivo,47,50
9174,conjuncion,47,50
13291,distraccion,47,50
16401,excentrico,47,50
35992,rutinario,47,50
36047,sacado,47,50
37498,sobra,47,50
37543,sobrepasar,47,50
40213,transmitido,47,50
2914,arbitrariedad,46,50
3557,atacado,46,50
26275,mentado,46,50
29730,paralelismo,46,50
38211,subido,46,50
40537,trompada,46,50
718,administrado,45,50
5663,brevemente,45,50
12879,difus,45,50
16045,estratega,45,50
18682,generalizar,45,50
22030,inquietar,45,50
35105,resorte,45,50
36945,seriedad,45,50
41961,violentar,45,50
14070,elegancia,44,50
22610,inusitado,44,50
28658,ocasionar,44,50
39097,tejar,44,50
42240,voraz,44,50
3355,asediado,43,50
3734,atribuido,43,50
9179,conjurar,43,50
13100,discrecion,43,50
22355,interdependencia,43,50
34846,repercutir,43,50
41372,vegetacion,43,50
26358,meritocracia,42,50
35215,retazo,42,50
39114,telar,42,50
5102,binomio,41,50
8137,climax,41,50
16404,excepcionalidad,41,50
17714,fluidez,41,50
19447,guarda,41,50
32368,prime,41,50
36322,sangrar,41,50
1747,alvear,40,50
4420,banana,40,50
5816,buenisimo,40,50
15257,equivalencia,40,50
15434,escepticismo,40,50
7315,ceos,39,50
12010,desecho,39,50
33478,radicalidad,39,50
11570,derogacion,38,50
15782,espontaneidad,38,50
22769,irlanda,38,50
24784,louis,38,50
42436,wikipedia,38,50
3432,asimetrico,37,50
8178,cnn,37,50
19240,gramo,37,50
22690,invisibilidad,37,50
30341,pellegrini,37,50
38358,sudeste,37,50
12532,destello,36,50
1852,ambivalencia,35,50
6054,cacho,35,50
31896,postulacion,35,50
334,acelerador,34,50
26219,mendocino,34,50
27050,monarquia,34,50
30700,perra,34,50
23477,kevin,33,50
28335,noruega,33,50
3582,ataud,32,50
28150,nigeria,30,50
24781,loteria,29,50
27457,muelle,29,50
29132,orgasmo,29,50
29662,papal,29,50
39840,tony,29,50
6540,cantera,27,50
20047,herrero,27,50
39029,techint,26,50
41315,vasco,25,50
8824,computo,23,50
9878,cordobazo,21,50
6121,cajera,20,50
18982,glifosato,19,50
1132,agroecologia,18,50
15297,erika,18,50
6695,carcova,17,50
25615,mariani,16,50
5882,burgos,15,50
27193,monzon,15,50
32974,pts,14,50
30472,pepsico,13,50
7541,chatgpt,11,50
27248,moretti,7,50
1985,amplify,3,50
36270,samid,3,50
38462,sumido,48,49
3287,artifice,47,49
6614,caprichoso,47,49
7040,catarata,47,49
8209,cobijar,47,49
14522,encantador,47,49
34801,reorganizar,47,49
39193,temido,47,49
1591,allegado,46,49
8421,collar,46,49
9498,contentar,46,49
9955,corrar,46,49
15335,erratico,46,49
21196,inalcanzable,46,49
22288,intensamente,46,49
26815,miserable,46,49
31292,plasmado,46,49
33796,rearmar,46,49
35182,restrictivo,46,49
37729,solicitado,46,49
41393,veintena,46,49
7581,chequeo,45,49
13319,disyuntiva,45,49
15435,esceptico,45,49
22780,ironizar,45,49
27940,negociado,45,49
29516,paliar,45,49
774,adornar,44,49
8621,compacto,44,49
11121,deconstruir,44,49
11897,desconectar,44,49
17985,fragmentar,44,49
30658,permear,44,49
2715,apoderar,43,49
3138,arraigo,43,49
12555,destituir,43,49
12963,dinamitar,43,49
20237,hipocresia,43,49
22381,intergeneracional,43,49
24067,leila,43,49
25959,mayuscula,43,49
6626,capturado,42,49
11702,desamparo,42,49
15906,estant,42,49
32045,predica,42,49
35411,revocar,42,49
35521,rigidez,42,49
6451,candado,41,49
18021,francois,41,49
30056,paternal,41,49
300,accesorio,40,49
7292,centralizado,40,49
20128,hierba,40,49
22943,jabon,40,49
23141,joda,40,49
26975,modus,40,49
28282,non,40,49
34799,reorganizacion,40,49
35055,residencial,40,49
41518,venido,40,49
38562,suplente,39,49
8737,complot,38,49
13917,edward,38,49
20584,huerta,38,49
27027,molino,38,49
29297,otredad,38,49
31316,platense,38,49
36106,saenz,38,49
8836,comunicaciones,37,49
11735,desarmado,37,49
19980,heredera,37,49
21942,inmersion,37,49
22291,intensificacion,37,49
18039,frasco,36,49
24258,libertadores,36,49
26277,mentalidad,36,49
31462,podio,36,49
38774,tacto,36,49
5167,bisexual,35,49
37821,sondeo,35,49
37896,sororidad,35,49
2199,anglosajon,34,49
4553,baron,34,49
26476,metrica,34,49
36351,santafesin,34,49
23968,league,32,49
37626,socioambiental,32,49
6406,can,31,49
26130,mejia,31,49
27125,monotributo,31,49
23315,junin,30,49
25900,matrix,30,49
38036,staff,30,49
5092,binaries,29,49
13653,duarte,29,49
27867,navegacion,29,49
41023,urtubey,29,49
5536,bot,28,49
32829,protestante,28,49
6503,canje,27,49
12755,dialoguista,27,49
3679,atomo,25,49
16036,estrada,25,49
25302,manchester,25,49
4466,banfield,24,49
2934,arce,22,49
28161,nilda,22,49
42308,wainfeld,22,49
29345,oxfam,19,49
38752,tac,18,49
40484,tripulante,18,49
1251,aira,17,49
25665,marita,17,49
33087,pulga,16,49
28297,nordelta,15,49
17882,fort,13,49
6267,camacho,11,49
23395,kaiser,9,49
27740,nanduti,5,49
34194,redito,48,48
28500,nutrido,47,48
36720,selecto,47,48
41519,venis,47,48
2318,ansia,46,48
3393,asestar,46,48
8760,comprado,46,48
8950,concretamente,46,48
12241,desistir,46,48
16154,estupor,46,48
17418,fijado,46,48
30443,penser,46,48
37123,sic,46,48
38853,tambalear,46,48
39044,tecnicamente,46,48
2989,arengar,45,48
3710,atrasado,45,48
6566,capacitar,45,48
8222,cobro,45,48
10996,deberiar,45,48
12526,destapar,45,48
14179,emanar,45,48
15892,estancado,45,48
22378,interferir,45,48
24046,legitimado,45,48
25542,marcador,45,48
30643,perjuicio,45,48
34302,refinado,45,48
40843,unanime,45,48
40939,univoco,45,48
647,adecuar,44,48
9266,consensuado,44,48
12638,detentar,44,48
24186,levanto,44,48
30942,picante,44,48
34592,relativizar,44,48
34921,represalia,44,48
35265,retrasar,44,48
37591,sobrio,44,48
39368,terminer,44,48
41397,veintidos,44,48
491,acortar,43,48
2353,antepasado,43,48
3638,atesorar,43,48
11307,delicadeza,43,48
15711,espejismo,43,48
18704,genesis,43,48
32878,provisto,43,48
34601,relectura,43,48
38959,tarima,43,48
41681,vetar,43,48
11182,deficiente,42,48
21176,inaceptable,42,48
22087,insignia,42,48
24880,lujoso,42,48
27303,mosaico,42,48
33989,recomendado,42,48
34944,reprimido,42,48
2925,arca,41,48
6794,carnal,41,48
7507,charco,41,48
10859,dame,41,48
11779,desazon,41,48
16942,fallecimiento,41,48
19466,guardias,41,48
21487,indeterminado,41,48
21786,informatica,41,48
28659,ocaso,41,48
31444,podar,41,48
4992,biblico,40,48
8420,collage,40,48
14648,encubierto,40,48
16069,estrellar,40,48
19617,habilitacion,40,48
27797,narrativas,40,48
31509,polarizar,40,48
41977,viralizacion,40,48
910,afiliacion,38,48
23204,journal,38,48
30698,perplejidad,38,48
32029,precoz,38,48
42065,visualizacion,38,48
3655,atipico,37,48
4707,bautista,37,48
14676,endeudado,37,48
22540,intolerancia,37,48
31351,plebeyo,37,48
33035,pueblos,37,48
34738,rendicion,37,48
42535,xvi,37,48
16531,exodo,36,48
18941,gisela,36,48
36938,serial,36,48
17157,federalismo,35,48
5584,boxeo,34,48
21597,indulto,34,48
21677,infame,34,48
1562,alimenticio,33,48
14741,enfermeria,33,48
20080,heterosexualidad,33,48
25421,manso,33,48
14896,enriquecimiento,32,48
18460,ganadero,31,48
26697,minado,31,48
27952,negri,31,48
29466,paisano,31,48
29602,pandora,31,48
33073,puig,31,48
33422,quorum,31,48
14210,embarcacion,30,48
27197,moore,30,48
35516,rifle,30,48
7504,chaqueno,29,48
13082,discografico,29,48
37963,souvenir,29,48
41167,valdes,29,48
13603,dramaturgia,28,48
24229,libano,28,48
24300,liceo,28,48
34397,reggaeton,28,48
17640,flavia,27,48
18390,galaxia,27,48
27097,monocultivo,27,48
17757,folclore,26,48
27707,nadia,26,48
38494,superavit,26,48
11288,delfin,25,48
102,aborigen,24,48
20966,impeachment,24,48
23215,joyce,24,48
26566,microsoft,24,48
32349,pri,24,48
38039,stalin,24,48
9182,conmebol,23,48
36960,serra,23,48
14173,elvira,22,48
23118,jimmy,22,48
42632,youtubers,22,48
24006,ledesma,21,48
24269,libidinal,21,48
29601,pando,20,48
25943,maya,18,48
28867,olivera,15,48
35848,rothbard,13,48
18944,giselle,10,48
41539,ventura,7,48
27715,nahir,5,48
8429,colmado,47,47
2359,anteriormente,46,47
24448,liquidar,46,47
32489,procedencia,46,47
917,afinar,45,47
1970,amparado,45,47
14372,empenar,45,47
17284,ferreo,45,47
17455,filmado,45,47
20896,imaginable,45,47
29242,oscurecer,45,47
34818,repartar,45,47
12009,desechar,44,47
12853,diferenciacion,44,47
16143,estudioso,44,47
16713,exteriores,44,47
17012,fantasear,44,47
22578,intrinseco,44,47
24273,librado,44,47
31368,plenitud,44,47
31751,portatil,44,47
32320,pretendido,44,47
40550,tropezar,44,47
6241,calmo,43,47
7854,cientifica,43,47
16062,estrechar,43,47
18680,generalizacion,43,47
21174,inaccesible,43,47
5777,brutalmente,42,47
18117,friccion,42,47
29575,panaderia,42,47
30160,pautado,42,47
33349,quietud,42,47
513,acrecentar,41,47
905,aficionado,41,47
3357,asedio,41,47
3474,asombrar,41,47
3910,autodenominado,41,47
8495,comar,41,47
10945,datos,41,47
11269,delatar,41,47
29481,pala,41,47
33436,rabioso,41,47
39188,temerario,41,47
11047,decente,40,47
19758,halo,40,47
21324,incomprension,40,47
27611,murmurar,40,47
32904,prudencia,40,47
41637,versus,40,47
1853,ambivalente,39,47
3899,autoctono,39,47
10388,cronologia,39,47
10714,cunada,39,47
21426,incursion,39,47
31231,plaga,39,47
10872,danado,38,47
14800,engordar,38,47
16891,facturacion,38,47
24289,libreto,38,47
29551,palpar,38,47
33741,reactivacion,38,47
5117,biografico,37,47
9564,contracultural,37,47
15321,erotismo,37,47
31501,polar,37,47
39153,televisado,37,47
42609,yoga,37,47
7743,chorizo,36,47
8145,clip,36,47
10288,cria,36,47
15093,entrevistador,36,47
18047,fraternidad,36,47
41470,vendedora,36,47
3867,autoayuda,35,47
19204,grada,35,47
29226,osadia,35,47
35042,reservorio,35,47
6645,caracol,34,47
10281,creyent,34,47
33696,rawson,34,47
40178,transgresion,34,47
41457,vencedor,34,47
19065,golf,33,47
38009,spoiler,33,47
12744,dialectico,32,47
21517,indigencia,32,47
24843,lucio,32,47
32838,prototipo,32,47
37970,soy,32,47
38866,tandil,32,47
1917,amigxs,31,47
24435,linterna,31,47
37125,sicario,31,47
22513,interventor,30,47
8567,comic,29,47
16663,expresidenta,29,47
24848,lucrecia,29,47
27629,music,29,47
27774,narcotraficante,29,47
42422,white,28,47
26433,metalurgico,27,47
29085,ordenanza,27,47
34986,repuesto,25,47
28615,obstetra,24,47
7477,chango,23,47
11154,deep,23,47
19568,gusano,23,47
26071,medicinal,22,47
31084,pinguino,22,47
42435,wikileaks,22,47
18231,fumigacion,21,47
35989,ruth,21,47
38979,tata,21,47
26234,mengolini,20,47
29341,ovulo,20,47
5529,bossio,19,47
29881,partera,18,47
23861,last,17,47
37858,sophie,16,47
2021,anahi,14,47
36266,samanta,13,47
1394,alconada,9,47
3815,aurelio,8,47
18399,galgo,8,47
22033,inquilina,8,47
16540,exorcista,7,47
37057,shankar,6,47
14866,enorgullecer,46,46
10892,danino,45,46
12686,devastado,45,46
13996,ejemplificar,45,46
15014,entrado,45,46
20466,horas,45,46
21004,impetu,45,46
12015,desembarcar,44,46
22203,insuficiencia,44,46
25112,magro,44,46
30783,perturbar,44,46
31845,posponer,44,46
35436,revuelo,44,46
37164,sigar,44,46
371,acertado,43,46
2853,apuntalar,43,46
6296,cambiante,43,46
8668,compas,43,46
11454,denominador,43,46
13417,documentado,43,46
24018,legales,43,46
31459,podiamos,43,46
32425,prisma,43,46
32877,provisorio,43,46
35065,resignado,43,46
15235,equilibrado,42,46
21086,impreciso,42,46
21422,incumplir,42,46
21624,ineficiente,42,46
21886,iniciacion,42,46
24114,lentitud,42,46
28231,nocivo,42,46
38532,superposicion,42,46
11813,descalzo,41,46
14956,ensuciar,41,46
24236,liberador,41,46
25939,maximizar,41,46
28786,ofrecido,41,46
30115,patriotico,41,46
35266,retraso,41,46
36468,saturar,41,46
10445,cruzo,40,46
23371,justificado,40,46
6122,cajero,39,46
7317,cepa,39,46
8069,clasificado,39,46
27511,multicolor,39,46
30947,picardia,39,46
34118,recuento,39,46
35426,revolucionar,39,46
40266,trascendente,39,46
800,aduana,38,46
1097,agravio,38,46
25221,malla,38,46
19399,group,37,46
20918,iman,37,46
21604,industrializacion,37,46
30921,pibas,37,46
35032,resenar,37,46
36451,satelital,37,46
5762,bruma,36,46
18586,gastronomia,35,46
24199,levy,35,46
31740,portacion,35,46
39536,tic,35,46
4514,barbaridad,34,46
4908,berkins,34,46
11750,desarrollista,34,46
22782,irracionalidad,34,46
38108,stone,34,46
39307,teologico,34,46
40711,tutor,34,46
2148,andy,33,46
9632,contratapa,33,46
28863,oliva,33,46
37023,sexismo,33,46
25893,matricula,32,46
7422,chabon,31,46
23352,jurisprudencia,31,46
31624,poncho,31,46
37010,seudonimo,31,46
1402,aldo,30,46
15498,escrach,30,46
19320,green,30,46
23057,jefas,30,46
28767,offshore,30,46
34158,redactor,30,46
36841,sensor,30,46
37687,sojero,30,46
23163,johnson,29,46
24032,legion,29,46
2269,anna,28,46
4746,beauvoir,28,46
8149,clivaje,28,46
32275,prestamista,26,46
37951,soto,26,46
2888,aramburu,24,46
6920,casacion,24,46
17576,fisher,24,46
40795,ulises,24,46
36920,serena,22,46
40815,ultraderechista,22,46
6351,camioneros,20,46
27088,monje,20,46
10884,dani,19,46
17789,fonseca,19,46
42652,yupanqui,19,46
23434,katherine,18,46
5311,boedo,17,46
19720,haddad,17,46
20265,hiroshima,17,46
42348,wars,17,46
19966,herald,15,46
25481,mapuch,15,46
40347,traverso,15,46
205,abu,14,46
20135,highton,14,46
26664,millan,14,46
9475,conte,13,46
13777,ebola,13,46
36811,senegales,13,46
27486,muina,9,46
36357,santaolalla,5,46
4969,beth,4,46
1971,amparar,45,45
8437,colocado,45,45
36586,secas,45,45
6565,capacitado,44,45
9534,continuamente,44,45
34081,recortado,44,45
34997,requeer,44,45
37796,sombrio,44,45
3199,arribo,43,45
7506,char,43,45
8961,concurrir,43,45
14818,enigmatico,43,45
20994,imperioso,43,45
21115,imprevisto,43,45
22377,interferencia,43,45
25960,mayusculo,43,45
31469,podriar,43,45
34201,redoblar,43,45
36807,senda,43,45
38316,subyacente,43,45
40265,trascendental,43,45
78,abogacia,42,45
948,afortunado,42,45
1906,amigable,42,45
2077,ancestro,42,45
11425,demostrado,42,45
20774,ideologo,42,45
21726,infimo,42,45
24497,liturgia,42,45
29158,originado,42,45
30502,percibido,42,45
34084,recostado,42,45
42178,volatil,42,45
494,acosar,41,45
7270,centavo,41,45
10793,custodiado,41,45
16348,exacerbar,41,45
16930,falencia,41,45
24361,limbo,41,45
37495,soberbio,41,45
38433,sujetar,41,45
38544,supervision,41,45
41855,vigor,41,45
12362,desorientado,40,45
22051,insatisfaccion,40,45
22635,invasor,40,45
23748,lamentable,40,45
32615,programar,40,45
32746,proporcional,40,45
34888,report,40,45
37727,solemnidad,40,45
38252,subordinar,40,45
39907,torpeza,40,45
228,aburrimiento,39,45
9138,congelamiento,39,45
33948,reciproco,39,45
34796,reojo,39,45
41116,vaciamiento,39,45
9097,confiteria,38,45
13763,dyn,38,45
14550,encargo,38,45
14594,enciclopedia,38,45
16037,estrado,38,45
16916,falacia,38,45
17957,fracasado,38,45
23894,latinoamericana,38,45
26582,miente,38,45
35689,rodeo,38,45
38428,suizo,38,45
16152,estupidez,37,45
24037,legislar,37,45
39326,tercera,37,45
42297,vulneracion,37,45
374,acervo,36,45
4362,baldio,36,45
20674,hungria,36,45
9274,consentir,35,45
21358,inconstitucional,35,45
21938,inmensidad,35,45
30359,peluca,35,45
42155,vocera,35,45
3130,arquitectonico,34,45
13307,disturbio,34,45
19718,hada,34,45
5021,bidon,33,45
5163,bisabuelo,33,45
18459,ganaderia,32,45
19825,harta,32,45
30689,perpetrador,32,45
32380,primicia,32,45
33257,queda,32,45
35723,rolando,32,45
128,abraham,31,45
11339,delivery,31,45
14383,emperador,31,45
17051,farmaco,31,45
26035,medialuna,31,45
28860,olimpo,31,45
42730,zarate,31,45
4352,balcarce,30,45
12785,dibujito,30,45
40928,universidades,30,45
6057,cachorro,29,45
14207,embarazos,29,45
21359,inconstitucionalidad,29,45
38107,stolbizer,29,45
15975,esther,28,45
24429,liniers,28,45
32826,protesis,28,45
33136,punible,28,45
1149,agrotoxico,27,45
10968,deal,27,45
18408,gallardo,27,45
35632,robin,27,45
8477,columbia,25,45
17545,fiorito,25,45
3527,astronauta,24,45
29932,party,24,45
35760,rompar,24,45
9704,convento,23,45
10934,das,23,45
36234,salvadoreno,22,45
18042,fraser,21,45
38052,starbucks,21,45
4389,balsa,20,45
6673,carbo,20,45
18553,garza,20,45
42496,work,18,45
24260,libertarianismo,13,45
7141,cazzu,10,45
38004,spinoza,10,45
42688,zambra,9,45
29225,osa,7,45
9419,consumar,44,44
13607,drasticamente,44,44
666,adepto,43,44
26077,medido,43,44
1084,agrandar,42,44
13134,discutible,42,44
14462,empuja,42,44
15158,envergadura,42,44
15676,especializar,42,44
19222,graficar,42,44
24923,lustro,42,44
26390,mesita,42,44
31870,postergado,42,44
32300,presuponer,42,44
34903,reposar,42,44
37536,sobremesa,42,44
16160,estuviser,41,44
16837,fabricado,41,44
19305,gravisimo,41,44
22855,irritar,41,44
29525,paliza,41,44
33089,pulgar,41,44
37307,sinceridad,41,44
37745,solidez,41,44
42668,zafar,41,44
12318,desnaturalizar,40,44
22148,instantaneo,40,44
22510,intervenido,40,44
22693,invisibilizado,40,44
14909,ensalada,39,44
15883,estampa,39,44
15954,esteril,39,44
24600,lleve,39,44
25045,madurez,39,44
30220,pechera,39,44
32060,predisposicion,39,44
40084,tramar,39,44
40687,turbulencia,39,44
41981,virar,39,44
890,aferrado,38,44
10245,credo,38,44
11883,descomponer,38,44
13029,directorio,38,44
21884,inhumano,38,44
28628,obtencion,38,44
33005,publicos,38,44
36335,sanidad,38,44
3192,arrestar,37,44
7183,ceguera,37,44
10528,cuatrocientos,37,44
30357,pelotudo,37,44
32505,procesion,37,44
1661,alsina,36,44
7402,cese,36,44
7603,chicana,36,44
18384,galan,36,44
31209,pizarron,36,44
31703,porcentual,36,44
36927,sereno,36,44
39923,tortuga,36,44
21681,infanteria,35,44
22671,investigado,35,44
24555,llanura,35,44
34746,rene,35,44
37449,skype,35,44
40579,trucho,35,44
42281,vuelto,35,44
17299,fertilidad,34,44
32526,procurador,34,44
18706,genetica,33,44
22475,interrogatorio,33,44
29540,palmera,33,44
81,abogados,32,44
11167,defendido,32,44
13904,educador,32,44
18129,frigorifico,32,44
18566,gasolina,32,44
20888,ilustre,32,44
36391,sapo,32,44
18984,glitter,31,44
31721,pornografico,31,44
878,afectividad,30,44
26321,mercantilizacion,30,44
27849,naufragio,30,44
30748,personeria,30,44
31478,poetica,30,44
40856,under,30,44
38839,talleres,29,44
11994,desdoblar,28,44
16748,extractivo,28,44
19062,goleador,28,44
28017,nerd,28,44
35518,right,28,44
15192,epidemiologico,27,44
25565,marcial,27,44
33246,quebrada,27,44
35607,rivero,27,44
5466,borda,26,44
23047,jazz,26,44
25149,majul,26,44
28353,not,26,44
10762,curro,25,44
20443,honoris,25,44
40388,trelew,25,44
8374,colectivero,24,44
19321,greenpeace,24,44
42626,your,24,44
5770,bruselas,23,44
2578,apagon,22,44
7152,ceamse,22,44
15759,espinoza,22,44
23102,jesuita,22,44
23562,kohan,22,44
30266,pedofilia,22,44
42166,vol,22,44
25842,match,21,44
40069,trailer,21,44
5751,bruce,19,44
5808,budista,19,44
18892,gils,19,44
19434,gualeguaychu,18,44
33552,ramona,18,44
7330,cerati,17,44
24854,ludmer,16,44
42169,volador,16,44
6520,canosa,15,44
2515,antonella,14,44
26163,melliza,14,44
27239,moreira,14,44
6425,canas,10,44
9881,cordobesismo,10,44
4981,beyonce,9,44
18486,gante,8,44
14155,eloisa,6,44
37461,slow,6,44
129,abramovic,5,44
33068,puga,4,44
2596,aparentar,42,43
13782,echado,42,43
26924,modelar,42,43
29176,oriundo,42,43
372,acertar,41,43
607,acunar,41,43
2478,antipoda,41,43
9842,coqueto,41,43
13742,dureza,41,43
15650,espanola,41,43
21728,infinitamente,41,43
28638,obturar,41,43
32667,promediar,41,43
40045,traficar,41,43
41601,vergonzoso,41,43
1028,agil,40,43
2798,apresurado,40,43
9353,constatacion,40,43
9889,corear,40,43
11107,declinar,40,43
11356,demand,40,43
11541,deprimido,40,43
32654,prolifico,40,43
34458,regulador,40,43
38632,suscribir,40,43
41055,usualmente,40,43
266,acallar,39,43
9340,conspirar,39,43
9595,contraparte,39,43
9599,contrapeso,39,43
9831,coproduccion,39,43
11174,defensora,39,43
11842,descarte,39,43
18561,gaseosa,39,43
22118,insospechado,39,43
27931,negativamente,39,43
28378,notificar,39,43
34487,reimos,39,43
713,adjunto,38,43
2511,antojo,38,43
3751,atropello,38,43
7334,cercar,38,43
15371,escalinata,38,43
27000,molde,38,43
28715,ocurrencia,38,43
40011,traccionar,38,43
42206,voluntaria,38,43
4706,bautismo,37,43
8926,conciliar,37,43
9307,consignar,37,43
22707,invocacion,37,43
25426,mantel,37,43
29241,oscuras,37,43
31212,pizzeria,37,43
33680,ratos,37,43
38670,sustitucion,37,43
39821,tonalidad,37,43
40177,transgredir,37,43
12921,dijistar,36,43
15382,escandalizar,36,43
16838,fabricante,36,43
17569,fiscalizacion,36,43
20190,hinchar,36,43
25720,martillo,36,43
30209,peatonal,36,43
33675,ratito,36,43
35842,rotar,36,43
36133,saint,36,43
37282,simplista,36,43
39392,terrateniente,36,43
39492,thatcher,36,43
17494,finalista,35,43
17515,financista,35,43
18133,fritas,35,43
30742,personalista,35,43
31166,piscina,35,43
36928,serer,35,43
39451,testimoniar,35,43
2725,apologia,34,43
14102,elias,34,43
15665,espasmo,34,43
15950,estereotipado,34,43
18599,gatillar,34,43
33283,quehacer,34,43
4355,bald,33,43
4385,balneario,33,43
5803,budassi,33,43
11264,delantal,33,43
16453,exencion,33,43
26846,miss,33,43
26884,mix,33,43
31207,pizarra,33,43
34893,reporte,33,43
36670,segmentacion,33,43
41226,valorizacion,33,43
4764,becario,32,43
19709,hacinamiento,32,43
28279,nominal,32,43
37304,sinceramente,32,43
2374,anticapitalista,31,43
17349,fiat,31,43
27567,mundi,31,43
28118,nick,31,43
28949,onirico,31,43
4359,balde,30,43
21589,inducido,30,43
28131,niebla,30,43
30833,pestana,30,43
36373,santilli,30,43
2480,antipolitico,29,43
4927,bernie,29,43
17027,fantino,29,43
26195,memorial,29,43
35795,roque,29,43
42815,zorro,29,43
24824,luchador,27,43
36309,sandro,27,43
1461,alessandro,26,43
6776,carlitos,26,43
10735,curaduria,26,43
24348,lila,26,43
25024,madonna,26,43
32810,proteccionista,26,43
37232,silvana,26,43
8305,cohen,25,43
9563,contracultura,25,43
26771,mir,25,43
11507,deportar,24,43
18121,friedman,24,43
23957,lazaro,24,43
25644,marine,24,43
31375,pliego,24,43
2061,anarquismo,23,43
25681,marlene,23,43
25715,marti,23,43
27176,montiel,23,43
18424,galmarini,22,43
30307,pekin,22,43
1134,agroecologico,21,43
29787,paredes,21,43
25480,mapu,20,43
1451,aleph,19,43
5029,bienal,19,43
15153,envejecimiento,19,43
23096,jerusalen,19,43
28037,netanyahu,19,43
30961,pichon,19,43
40530,troll,19,43
35520,rigi,18,43
42631,youtuber,18,43
37056,shanghai,17,43
41906,villoro,17,43
33352,quijote,16,43
42531,xiv,16,43
39524,thrones,15,43
20558,huawei,7,43
36282,samurai,7,43
3499,assad,5,43
14108,elijar,42,42
15236,equilibrar,42,42
19722,haer,42,42
36461,satisfactorio,42,42
38489,superado,42,42
9255,conseguido,41,42
15010,entorpecer,41,42
26372,mermar,41,42
36830,sensato,41,42
37811,sonado,41,42
488,acorralado,40,42
939,aflorar,40,42
2799,apresurar,40,42
16106,estructurado,40,42
20189,hinchado,40,42
21090,impregnado,40,42
21661,inexorable,40,42
29013,oportunista,40,42
29038,optica,40,42
31826,positivamente,40,42
4915,bermuda,39,42
9079,confin,39,42
9418,consumado,39,42
21691,infarto,39,42
22178,institute,39,42
30577,perforar,39,42
33844,rebuscar,39,42
34402,regido,39,42
35729,rolling,39,42
38374,suelta,39,42
3851,autenticidad,38,42
8100,clavo,38,42
10430,crujir,38,42
13288,distorsionado,38,42
16978,familiaridad,38,42
32049,predicar,38,42
32703,promulgar,38,42
540,activacion,37,42
1410,aleatorio,37,42
1682,alteridad,37,42
12960,dinamismo,37,42
15826,estabas,37,42
15980,estigmatizado,37,42
16590,expiatorio,37,42
22121,inspeccion,37,42
29769,parche,37,42
43,abdomen,36,42
7610,chicas,36,42
9919,coronado,36,42
13335,diversificacion,36,42
16420,exclamar,36,42
17417,fijacion,36,42
24724,lona,36,42
28947,ongania,36,42
24661,localizado,35,42
28981,operandi,35,42
30543,peregrinacion,35,42
31159,pis,35,42
39806,tome,35,42
6402,camuflado,34,42
16892,facturar,34,42
17509,financiera,34,42
21088,impredecible,34,42
21132,improvisacion,34,42
21959,inmoral,34,42
23024,jardinero,34,42
26797,miren,34,42
27904,necesitas,34,42
28977,operaciones,34,42
29031,oprimir,34,42
29986,pasividad,34,42
253,academica,33,42
3959,automatizado,33,42
8028,civilizatorio,33,42
17034,farandula,33,42
42207,voluntariado,33,42
4813,bell,32,42
17702,flotante,32,42
22691,invisibilizacion,32,42
26164,mellizo,32,42
29688,parabola,32,42
30103,patricios,32,42
36563,scott,32,42
40682,turba,32,42
4111,avila,31,42
11037,decano,31,42
26682,milton,31,42
33758,reagan,31,42
9805,coparticipacion,30,42
26640,milicia,30,42
34193,redistributivo,30,42
42179,volatilidad,30,42
16262,evacuar,29,42
28173,nines,29,42
31520,poli,29,42
42794,zombi,29,42
14303,emisora,28,42
18913,gino,28,42
21516,indigenas,28,42
23720,lagos,28,42
30105,patrimonial,28,42
2330,antagonista,27,42
8458,colono,27,42
8902,concertacion,27,42
10093,cosificacion,27,42
13794,echeverria,27,42
29562,pami,27,42
5589,boy,26,42
8859,conadep,26,42
9388,constructora,26,42
10758,curricular,26,42
24715,loma,26,42
10916,dark,25,42
30199,pdt,25,42
36057,sacayan,25,42
41177,valentin,25,42
42786,zizek,25,42
12968,dinastia,24,42
24016,legajo,24,42
24788,lourdes,24,42
2489,antirracista,23,42
3818,aurora,23,42
13694,dujovne,23,42
40833,uma,23,42
1829,amazonico,22,42
31448,podemo,22,42
40508,triunvirato,22,42
32737,propina,21,42
41913,vinas,21,42
23137,jockey,20,42
32915,psdb,20,42
28003,neonazi,19,42
34599,relatos,19,42
42575,yate,19,42
18777,georgina,17,42
37695,solanas,17,42
29963,pascua,16,42
4166,aymaro,15,42
38178,subcomisario,14,42
42427,wichi,13,42
16539,exorcismo,12,42
10567,cucurto,7,42
26547,microestadio,7,42
30235,pedal,6,42
27662,mutek,4,42
4109,avido,41,41
5790,bucear,41,41
35107,respaldado,41,41
14316,emocionante,40,41
27359,motorizar,40,41
29023,opresivo,40,41
29348,oxidado,40,41
40504,triunfante,40,41
2415,antidoto,39,41
5989,cabe,39,41
6295,cambiant,39,41
8895,conceptualizar,39,41
8948,concrecion,39,41
9597,contrapelo,39,41
10425,cruento,39,41
12367,despachar,39,41
18825,gestionado,39,41
27335,mote,39,41
34227,redundar,39,41
36332,sanguineo,39,41
41777,victorioso,39,41
1884,americana,38,41
3418,asientir,38,41
12489,desprestigio,38,41
14925,ensanchar,38,41
19365,grita,38,41
19647,hablabar,38,41
20842,ilegalmente,38,41
22442,interpelado,38,41
23083,jerarquizar,38,41
38210,subida,38,41
38627,susceptible,38,41
39628,tinir,38,41
41514,veniar,38,41
42098,vivar,38,41
5515,borroso,37,41
9215,conoces,37,41
13097,discoteca,37,41
13214,dispar,37,41
15430,escenificar,37,41
21024,implicacion,37,41
23152,jogging,37,41
25331,mandibula,37,41
29483,palabras,37,41
31637,pones,37,41
33033,pueblito,37,41
34043,reconversion,37,41
36183,salimos,37,41
41260,vanidad,37,41
4578,barriada,36,41
10691,culturalmente,36,41
15902,estandarte,36,41
17240,fenomenal,36,41
17530,finito,36,41
26016,mecha,36,41
26079,medieval,36,41
26623,milanes,36,41
28626,obstruir,36,41
31579,politologa,36,41
32357,primacia,36,41
35708,rogelio,36,41
36206,salpicar,36,41
40477,triplicar,36,41
40719,tuvierar,36,41
41587,verduleria,36,41
13216,disparado,35,41
13406,doctoral,35,41
14602,enclave,35,41
29212,ortodoxia,35,41
33521,rajar,35,41
34430,reglamentar,35,41
38082,stephen,35,41
38342,sucursal,35,41
2930,arcaico,34,41
3560,atacante,34,41
7962,circunstancial,34,41
11847,descendencia,34,41
14426,empobrecimiento,34,41
24322,lienzo,34,41
26126,mego,34,41
27203,morada,34,41
33962,reclusion,34,41
1774,amalgama,33,41
7114,cautivar,33,41
28756,ofensivo,33,41
35526,rigurosidad,33,41
1912,amigu,32,41
3010,argentinidad,32,41
12771,diaspora,32,41
33705,raymond,32,41
38506,superheroe,32,41
41533,ventilador,32,41
9466,contaminante,31,41
33623,ras,31,41
37914,sorteo,31,41
2127,andre,30,41
10678,cultivado,30,41
16754,extraen,30,41
22946,jack,30,41
30110,patriota,30,41
40655,tumor,30,41
20624,humanismo,29,41
25658,marisa,29,41
32118,preguntas,29,41
40135,transexual,29,41
16860,facial,28,41
21270,inciso,28,41
28743,oea,28,41
29768,parcela,28,41
36192,saliva,28,41
194,abstinencia,27,41
12782,dibujante,27,41
23465,kennedy,27,41
25804,massismo,27,41
30147,paulista,27,41
30238,pedalear,27,41
33470,radiacion,27,41
34682,remisero,27,41
36606,secta,27,41
1192,aguila,26,41
1477,alexis,26,41
2392,anticomunista,26,41
22187,instructor,26,41
1823,amateurs,25,41
19472,guarida,25,41
27259,moribundo,25,41
28213,nixon,25,41
36173,salguero,25,41
37752,solista,25,41
11614,desabastecimiento,24,41
19896,hegel,24,41
41942,viola,24,41
42014,visa,24,41
2424,antifascista,23,41
12306,desmonte,23,41
25754,masaje,23,41
37219,silicona,23,41
39014,tea,23,41
39135,telegrama,23,41
40173,transgenero,23,41
42078,vitamina,23,41
6638,car,22,41
19218,graffiti,22,41
33936,reciclaje,22,41
31058,pinamar,21,41
35657,rocca,20,41
24215,lgbti,19,41
38025,sputnik,19,41
12775,dibu,18,41
15938,estefania,18,41
21471,independentista,18,41
25696,marra,18,41
31414,pmdb,16,41
28155,nihilismo,15,41
34452,regueton,15,41
36361,santi,15,41
37720,sole,15,41
4563,barrancos,14,41
18596,gatica,12,41
23398,kamala,12,41
20124,hidrovia,11,41
3920,autodromo,10,41
10858,damasco,10,41
31846,posporno,9,41
19185,gpt,8,41
5705,britney,7,41
2098,andalgala,4,41
3657,atisbo,40,40
13135,discutido,40,40
16472,exhibido,40,40
20102,hicir,40,40
30006,pastel,40,40
31272,plantado,40,40
9713,conversa,39,40
12815,dictaminar,39,40
14464,empujado,39,40
28355,notablemente,39,40
31994,precaucion,39,40
1726,alumbrar,38,40
4363,baldosa,38,40
9310,consiguiente,38,40
11460,denotar,38,40
14521,encantado,38,40
16039,estrago,38,40
16347,exacerbado,38,40
17589,fisonomia,38,40
21912,injusta,38,40
42208,voluntariamente,38,40
4708,bautizado,37,40
6529,cantado,37,40
8720,complemento,37,40
9794,coordinir,37,40
11097,declamar,37,40
11393,democraticamente,37,40
12344,desolacion,37,40
14498,enarbolar,37,40
14868,enormemente,37,40
18050,fraudulento,37,40
21905,ininterrumpido,37,40
24296,licenciada,37,40
27434,muchedumbre,37,40
28481,numerico,37,40
33550,ramo,37,40
34022,reconocible,37,40
38856,tambor,37,40
39570,tik,37,40
39766,tok,37,40
1511,algido,36,40
1911,amigos,36,40
7059,categorico,36,40
7101,causante,36,40
9438,contabilidad,36,40
14308,emmanuel,36,40
14609,encomendar,36,40
16080,estrenado,36,40
17096,fatiga,36,40
17121,favorecido,36,40
21880,inhibir,36,40
22713,involucramiento,36,40
29792,parejo,36,40
30299,peinar,36,40
34065,recordatorio,36,40
35799,ros,36,40
35802,rosado,36,40
36284,sana,36,40
41642,vertebral,36,40
42051,vispera,36,40
4848,bendito,35,40
5903,burocrata,35,40
13673,duelar,35,40
16342,evolutivo,35,40
16746,extractivista,35,40
17328,fetiche,35,40
17855,formativo,35,40
19252,grandes,35,40
27925,negado,35,40
29081,ordenador,35,40
29639,panteon,35,40
33629,rascar,35,40
41258,vanguardista,35,40
42433,wifi,35,40
42536,xvii,35,40
5501,borrado,34,40
6132,calabozo,34,40
8449,colonialismo,34,40
10016,corrimiento,34,40
10097,cosita,34,40
21183,inadecuado,34,40
24284,libres,34,40
26622,milan,34,40
26634,milenario,34,40
28277,nominacion,34,40
30587,performer,34,40
34659,remate,34,40
42235,vomito,34,40
1761,amabilidad,33,40
2986,arendt,33,40
16548,expandido,33,40
27763,narcisista,33,40
35404,revitalizar,33,40
35999,saavedra,33,40
36534,school,33,40
37575,sobrevivencia,33,40
39664,tirania,33,40
5221,blanquear,32,40
10666,culpabilidad,32,40
11856,descentralizado,32,40
13366,divorciado,32,40
16415,excitacion,32,40
23988,lecho,32,40
24027,legar,32,40
24299,licenciatura,32,40
37646,sociopolitico,32,40
41846,vigilante,32,40
89,abolir,31,40
1686,alternancia,31,40
3263,arteria,31,40
5994,cabecita,31,40
14355,empatar,31,40
31729,poroto,31,40
31752,portavoz,31,40
32873,provisional,31,40
2619,apatia,30,40
19151,gorrita,30,40
19459,guarderia,30,40
27164,montenegro,30,40
27809,natacion,30,40
29763,parasito,30,40
39111,tel,30,40
39930,torturador,30,40
6618,capsula,29,40
19347,grilla,29,40
24488,litigio,29,40
40957,upa,29,40
5273,blusa,28,40
22838,irreverencia,28,40
28186,ninja,28,40
32583,profesorado,28,40
2479,antipolitica,27,40
6375,campeona,27,40
7664,chip,27,40
32646,proletariado,27,40
25829,matadero,26,40
30412,peninsula,26,40
37627,sociocultural,26,40
38545,supervisor,26,40
1474,alexandre,25,40
28501,nutrient,25,40
35619,road,25,40
8012,ciudadanos,24,40
8992,condicional,24,40
15460,escocia,24,40
28122,nico,24,40
1799,amarilla,23,40
7589,cheto,23,40
36962,serrano,23,40
42725,zar,23,40
6671,carbajal,22,40
12878,difunto,22,40
28691,octavio,22,40
35398,revistaanfibio,22,40
30647,perlongher,21,40
23474,kessler,20,40
9644,contreras,19,40
18346,futurock,19,40
23433,kate,19,40
10520,cuarteto,18,40
19803,haraway,18,40
21982,inmunologico,18,40
8496,comarca,17,40
27165,montero,17,40
36152,salas,17,40
42491,woody,16,40
4973,beto,15,40
6109,cai,15,40
8408,colimba,15,40
27420,mte,15,40
28110,nicanor,15,40
33237,qom,12,40
20835,ile,11,40
7033,catalunya,10,40
19090,gombrowicz,7,40
28013,nepal,7,40
19485,guayana,6,40
18038,franzen,5,40
38477,sung,5,40
6718,carem,3,40
33833,rebord,3,40
11891,desconcertado,39,39
11899,desconfiado,39,39
24584,llevada,39,39
278,acaparar,38,39
3702,atraido,38,39
6752,caricia,38,39
14839,enloquecido,38,39
22786,irradiar,38,39
25102,magnifico,38,39
29803,parezca,38,39
30395,pender,38,39
36213,saltear,38,39
63,abismal,37,39
9198,conmuevar,37,39
9326,consonancia,37,39
18560,gaseos,37,39
21175,inaccion,37,39
22825,irresistible,37,39
27437,muchisima,37,39
31754,porte,37,39
33409,quisiser,37,39
37921,soslayar,37,39
38865,tandem,37,39
40262,trar,37,39
344,acepcion,36,39
1864,amedrentar,36,39
2451,antikirchnerista,36,39
3389,asesoramiento,36,39
11083,decirte,36,39
16609,explicativo,36,39
18203,fuimos,36,39
21029,implicitamente,36,39
21559,individualidad,36,39
28410,noveno,36,39
28506,nylon,36,39
28737,odisea,36,39
29300,otroro,36,39
37832,sono,36,39
1010,age,35,39
2323,ansios,35,39
2595,aparejado,35,39
3281,articulador,35,39
4701,baul,35,39
9129,confundido,35,39
10363,criticamente,35,39
13147,diseminar,35,39
16079,estremecir,35,39
16673,express,35,39
16806,extremista,35,39
17971,fracturar,35,39
20625,humanista,35,39
26589,miga,35,39
27382,movido,35,39
29550,palpable,35,39
31249,planeado,35,39
34230,reedicion,35,39
36745,sembrado,35,39
38832,talla,35,39
42009,virulencia,35,39
42025,visera,35,39
3405,asfixiante,34,39
21015,implantar,34,39
24292,libros,34,39
25285,mana,34,39
27921,nefasto,34,39
29618,pano,34,39
30824,pesimismo,34,39
32087,preferible,34,39
35156,resquebrajar,34,39
37940,sostenimiento,34,39
42238,voracidad,34,39
643,adecuacion,33,39
1346,albert,33,39
6933,casas,33,39
10347,cristiana,33,39
12679,devaluar,33,39
12992,diploma,33,39
13109,discriminado,33,39
18833,gestualidad,33,39
22343,interceptar,33,39
26970,modulacion,33,39
29122,organizaciones,33,39
33028,pudrir,33,39
34003,reconciliar,33,39
38369,suegro,33,39
40846,unanimidad,33,39
42299,vulnerado,33,39
42788,zocalo,33,39
18518,gardel,32,39
19444,guapo,32,39
25092,magnetico,32,39
25488,maqueta,32,39
29317,ovacion,32,39
35721,roland,32,39
38417,sui,32,39
10866,damnificado,31,39
22600,intuitivo,31,39
23364,justicialismo,31,39
26291,mentor,31,39
34172,redencion,31,39
37237,silvestre,31,39
40918,universalidad,31,39
7303,centroamerica,30,39
8528,comensal,30,39
16621,explorador,30,39
17486,filtrado,30,39
24455,lirico,30,39
29490,palacios,30,39
33966,reclutamiento,30,39
34679,remis,30,39
3973,autonomista,29,39
5222,blanqueo,29,39
5303,boczkowski,29,39
7382,certificacion,29,39
13284,distopia,29,39
17232,feminizacion,29,39
20477,hormigon,29,39
20541,houston,29,39
26621,milagroso,29,39
28243,noelia,29,39
29456,paidos,29,39
30923,pibes,29,39
41654,vertiente,29,39
9057,confesional,28,39
10552,cuchara,28,39
23130,joan,28,39
26709,minera,28,39
28497,nutricion,28,39
30197,pdf,28,39
8123,clientela,27,39
17723,fluvial,27,39
22504,intervalo,27,39
27697,nacionalizacion,27,39
32695,promotora,27,39
35875,roxana,27,39
39935,tosco,27,39
9041,confeccion,26,39
11286,deleuze,26,39
18903,ginebra,26,39
19857,hayek,26,39
37465,smartphon,26,39
6001,cabezas,25,39
23756,lamina,25,39
26386,meseta,25,39
7649,chimenea,24,39
8369,colecta,24,39
17517,finanzas,24,39
17812,forbes,24,39
20240,hipodromo,24,39
23707,lady,24,39
26630,mileismo,24,39
35996,saa,24,39
38994,tatuar,24,39
39785,tolosa,24,39
19864,hbo,23,39
24946,mabel,23,39
27224,moratoria,23,39
31068,pinchazo,23,39
4879,benitez,22,39
7452,chaman,22,39
23116,jimena,22,39
26202,men,22,39
30325,peli,22,39
39843,topadora,22,39
8121,clienta,21,39
11505,deportacion,21,39
29567,pampeano,21,39
42622,yorker,21,39
3495,aspo,20,39
21510,indie,20,39
31449,podemos,20,39
33293,quemadura,20,39
17072,fashion,19,39
2022,anal,18,39
40352,travesticidio,17,39
25189,malecon,14,39
5376,bolsonarismo,13,39
7216,celia,13,39
25405,manolo,12,39
1669,altamira,9,39
37809,somoza,8,39
41111,vaccaro,3,39
38408,sugeer,38,38
1892,ameritar,37,38
12377,desparramado,37,38
12645,deteriorar,37,38
18868,gigantesca,37,38
39219,temporario,37,38
40062,traido,37,38
42010,virulento,37,38
4139,avizorar,36,38
4726,bbc,36,38
7889,cimentar,36,38
9609,contrapuesta,36,38
10775,curtido,36,38
11231,deja,36,38
11802,descabellado,36,38
14352,emparentar,36,38
16756,extraido,36,38
20525,hostigar,36,38
21425,incurrir,36,38
22539,intolerable,36,38
22831,irresponsabilidad,36,38
26786,miran,36,38
26794,miras,36,38
28591,observado,36,38
32075,preexistent,36,38
33269,quedate,36,38
36725,sellado,36,38
39222,tempranamente,36,38
39602,timidez,36,38
42031,visiblemente,36,38
9293,considerablemente,35,38
13289,distorsionar,35,38
14144,ellxs,35,38
19392,grosero,35,38
22778,ironicamente,35,38
24653,locacion,35,38
26355,merienda,35,38
32124,preguntir,35,38
33969,recobrar,35,38
3166,arreglado,34,38
8234,cocido,34,38
11181,deficiencia,34,38
12343,desoir,34,38
15333,errar,34,38
17406,figueroa,34,38
31053,pimiento,34,38
34056,recordado,34,38
39752,todes,34,38
40598,trunco,34,38
41361,vedado,34,38
1389,alcoholico,33,38
3187,arrepentir,33,38
6908,cartulina,33,38
11787,desbaratar,33,38
13059,discernir,33,38
13687,duermo,33,38
17840,formador,33,38
20617,human,33,38
20907,imaginate,33,38
22286,intendentes,33,38
22789,irreal,33,38
27056,monde,33,38
30228,pedacito,33,38
30642,perjudicial,33,38
33779,realizador,33,38
6194,calibrar,32,38
9043,confeccionar,32,38
11228,deir,32,38
13961,egipto,32,38
14232,embestida,32,38
18344,futurista,32,38
22939,izquierdista,32,38
27699,nacionalizar,32,38
38468,sumiso,32,38
39334,terciario,32,38
41960,violentamente,32,38
42403,west,32,38
15690,espectacularizacion,31,38
24457,lisandro,31,38
25897,matrimonial,31,38
30936,picado,31,38
36141,salado,31,38
479,acordas,30,38
11254,dejen,30,38
12096,desesperanza,30,38
18140,from,30,38
19677,hacedor,30,38
24191,levi,30,38
26487,metros,30,38
26698,minar,30,38
28903,ombligo,30,38
16196,ethos,29,38
33654,rastreo,29,38
34972,republicana,29,38
37599,socia,29,38
37890,soriano,29,38
41029,usa,29,38
7318,cepal,28,38
12397,despegue,28,38
18535,garrafa,28,38
21168,imputacion,28,38
25812,master,28,38
1602,almacenamiento,27,38
4368,balear,27,38
9155,congresista,27,38
26135,mejoramiento,26,38
42440,wilkis,26,38
7505,chaqueta,25,38
10875,dance,25,38
15390,escano,25,38
37243,simbiosis,25,38
42749,zelanda,25,38
13522,donna,24,38
24143,lesbico,24,38
25805,massista,24,38
25958,mayra,24,38
39320,terapeuta,24,38
1135,agroexportador,23,38
32795,prostibulo,23,38
33395,quiosco,23,38
36364,santiagueno,23,38
39702,tito,22,38
4379,ballet,21,38
9702,conventillo,21,38
24684,lodo,21,38
25710,marte,21,38
41371,vegas,21,38
10630,cuidados,20,38
19831,harvey,20,38
25711,martel,20,38
2267,anmat,19,38
7016,casullo,19,38
17966,fracking,19,38
27237,more,19,38
33604,rapisardi,19,38
39620,tinder,19,38
23375,justin,18,38
30851,petista,18,38
27285,morro,17,38
32184,prepagar,17,38
18226,fumador,16,38
26254,menotti,16,38
27817,natanson,16,38
35876,roy,16,38
5645,breaking,14,38
8248,cocodrilo,14,38
7921,cintia,13,38
25486,maqueda,13,38
41255,vanessa,13,38
2391,anticomunismo,12,38
10040,corso,10,38
32967,psoe,9,38
11273,delcy,8,38
23454,keiko,7,38
4730,bdsm,6,38
38611,surinam,6,38
10083,coscu,5,38
18872,gigena,4,38
27723,nair,4,38
803,aducir,37,37
1226,ahondar,37,37
15131,enumeracion,37,37
30614,perimetro,37,37
32655,prolijamente,37,37
39979,traba,37,37
2341,anteceder,36,37
3621,atenuar,36,37
8651,comparativo,36,37
15204,epilogo,36,37
21081,impotente,36,37
21427,incursionar,36,37
30143,paulatinamente,36,37
38656,sustancialmente,36,37
1742,aluvion,35,37
5769,brusco,35,37
9212,conocedor,35,37
10276,cresta,35,37
11186,definar,35,37
19302,gravemente,35,37
22452,interponer,35,37
22913,item,35,37
25604,marginar,35,37
28643,obviar,35,37
30243,pedazos,35,37
31096,pinta,35,37
34910,reposo,35,37
37378,sintomatico,35,37
38666,sustentado,35,37
40134,transeunte,35,37
1007,agazapado,34,37
2652,apetito,34,37
2664,aplacar,34,37
3218,arrodillar,34,37
4336,balancear,34,37
9197,conmovido,34,37
12426,despiadado,34,37
12770,dias,34,37
13063,disciplinado,34,37
15587,escurrir,34,37
21188,inadvertido,34,37
21593,indudablemente,34,37
22190,instruir,34,37
22716,involucro,34,37
22804,irrefutable,34,37
27103,monolitico,34,37
30058,paternalista,34,37
35418,revolear,34,37
38864,tanda,34,37
39994,trabaje,34,37
40951,unx,34,37
41673,vestigio,34,37
42290,vulgar,34,37
6743,caribeno,33,37
8924,conciliacion,33,37
9596,contrapartida,33,37
11111,decodificar,33,37
14360,empatico,33,37
14570,encauzar,33,37
16344,exabrupto,33,37
17832,forjado,33,37
21592,indudable,33,37
22402,intermediacion,33,37
22526,intimidacion,33,37
27643,muslo,33,37
27900,necesitado,33,37
27935,negligencia,33,37
34000,recomposicion,33,37
35510,riesgoso,33,37
40621,tuerca,33,37
679,adhierar,32,37
9342,conspirativo,32,37
13104,discrepancia,32,37
21545,indiscutido,32,37
22112,insomnio,32,37
27213,moralista,32,37
33307,querellante,32,37
42370,weber,32,37
7830,ciclico,31,37
9385,constructivo,31,37
11417,demonizar,31,37
13474,domesticar,31,37
15197,epifania,31,37
15900,estandarizado,31,37
16242,euro,31,37
18243,funcionalidad,31,37
18611,gauchito,31,37
18695,generis,31,37
20470,horizontalidad,31,37
21910,injuria,31,37
29045,optimo,31,37
35288,retrospectiva,31,37
36623,secular,31,37
39566,tijera,31,37
41762,victimas,31,37
1345,albergue,30,37
7615,chiche,30,37
16218,etnografia,30,37
16418,excitar,30,37
26331,merchandising,30,37
29580,panamericana,30,37
31223,placentero,30,37
34093,recreativo,30,37
6285,camarografo,29,37
8947,concordia,29,37
10056,cortes,29,37
11074,decime,29,37
21071,impositiva,29,37
21435,indebido,29,37
28172,ninera,29,37
29788,paredon,29,37
31605,polvora,29,37
34725,renacimiento,29,37
36979,servidumbre,29,37
37537,sobrenatural,29,37
41993,viril,29,37
577,acuatico,28,37
6935,cascada,28,37
11409,demolicion,28,37
12102,desestabilizacion,28,37
23149,jodir,28,37
28071,neurosis,28,37
34381,regalia,28,37
37466,smartphone,28,37
2085,anciana,27,37
3939,autogestivo,27,37
6094,cafeteria,27,37
12684,devastacion,27,37
15619,esmeralda,27,37
18369,gafa,27,37
20132,higado,27,37
37336,sinfonia,27,37
39947,totalitarismo,27,37
40768,uca,27,37
10532,cubana,26,37
14445,emprendedurismo,26,37
15441,esclarecimiento,26,37
22770,irlandes,26,37
23107,jet,26,37
24623,llosa,26,37
25688,marplatense,26,37
29495,palanca,26,37
30706,perrito,26,37
32897,proyectil,26,37
17742,fogon,25,37
20195,hindu,25,37
22647,inventor,25,37
30354,peloton,25,37
32525,procuracion,25,37
33231,pymes,25,37
37605,socialdemocracia,25,37
17292,ferro,24,37
27792,narradora,24,37
32352,prieto,24,37
34461,regularizacion,24,37
2408,antiderechos,23,37
13516,donda,23,37
41803,vido,23,37
8424,college,22,37
10544,cubo,22,37
28720,oda,22,37
33434,rabino,22,37
39257,tenedor,22,37
5913,burro,21,37
5988,cabaret,21,37
16853,face,21,37
20855,illia,21,37
26937,moderador,21,37
6641,carabinero,20,37
25852,mateo,20,37
26247,menores,20,37
36021,sabiar,20,37
2905,araujo,19,37
5408,bombon,19,37
19336,grey,19,37
8461,coloquio,18,37
36983,servini,18,37
37479,snapchat,18,37
625,acv,17,37
6191,cali,17,37
24718,lombardi,17,37
25662,marisol,17,37
41487,venegas,17,37
42330,walt,17,37
28905,omc,16,37
30104,patrick,16,37
10852,dallas,15,37
24200,lewin,14,37
24983,machirulo,14,37
41169,valdivia,14,37
15401,escarabajo,12,37
26860,mistral,11,37
37070,sheinbaum,9,37
16189,eternauta,8,37
9898,coria,7,37
24928,lux,7,37
19405,groys,4,37
1000,agarrir,36,36
39192,temible,36,36
40006,trabar,36,36
773,adornado,35,36
12966,dinamizar,35,36
14339,empapado,35,36
14671,endeble,35,36
16466,exhausto,35,36
16545,expandar,35,36
16813,exultante,35,36
19442,guante,35,36
21126,improductivo,35,36
22000,innovadoro,35,36
22471,interrogant,35,36
24203,lexico,35,36
25884,matizar,35,36
34233,reeditar,35,36
41333,vaticinar,35,36
42160,vociferar,35,36
1326,alarmar,34,36
3053,aristocracia,34,36
3297,artilugio,34,36
4039,avalado,34,36
4206,azotar,34,36
7227,celoso,34,36
9532,continuado,34,36
10504,cuantificar,34,36
11668,desagradable,34,36
11833,descarnado,34,36
11916,descontar,34,36
12099,desesperar,34,36
12773,diatriba,34,36
16049,estrategicamente,34,36
16265,evalua,34,36
17850,formalizar,34,36
20991,imperialista,34,36
22015,inofensivo,34,36
22819,irrepetible,34,36
35318,reunimos,34,36
35920,ruedo,34,36
36025,sabiendas,34,36
36905,sepultar,34,36
37721,soleado,34,36
659,ademan,33,36
5695,brindis,33,36
8026,civilizado,33,36
11064,decididamente,33,36
14508,encadenar,33,36
15241,equipado,33,36
15287,erguido,33,36
19767,hambriento,33,36
22417,internacionales,33,36
27116,monopolizar,33,36
29850,parpado,33,36
30831,pesquisa,33,36
32727,propenso,33,36
33111,pulsera,33,36
34373,refutar,33,36
35362,reversion,33,36
36683,seguidilla,33,36
38834,tallar,33,36
2547,anulacion,32,36
2741,apostado,32,36
5164,bisagra,32,36
5760,brujula,32,36
13431,dogmatico,32,36
14431,empoderado,32,36
15501,escrachar,32,36
25287,management,32,36
26691,mimetizar,32,36
29044,optimizar,32,36
33139,punitiva,32,36
34066,recorde,32,36
34350,refrescar,32,36
35027,research,32,36
35169,restaurant,32,36
1818,amasar,31,36
10712,cumulo,31,36
11926,descontrol,31,36
12150,desgastar,31,36
12719,diabetes,31,36
21480,indeseable,31,36
26624,milanesa,31,36
28753,ofendido,31,36
30595,pergamino,31,36
32687,promisorio,31,36
34463,regularizar,31,36
37780,solventar,31,36
41606,verificacion,31,36
41973,viraje,31,36
365,acerco,30,36
1657,alquimia,30,36
5324,boicot,30,36
5391,bombacha,30,36
8202,cobarde,30,36
10102,cosmico,30,36
11896,desconectado,30,36
12361,desorientacion,30,36
17652,flequillo,30,36
20808,ignorado,30,36
25004,macroeconomia,30,36
29126,organizadora,30,36
33002,publicitar,30,36
33413,quita,30,36
33719,razonar,30,36
1472,alexander,29,36
15963,estes,29,36
20985,imperdonable,29,36
25624,maricon,29,36
25954,mayorista,29,36
31055,pin,29,36
36844,sensual,29,36
39066,tecnologica,29,36
3446,asistencial,28,36
13090,discontinuidad,28,36
27009,molecula,28,36
29208,orto,28,36
36785,senadores,28,36
40742,tyc,28,36
3186,arrepentimiento,27,36
18413,galleta,27,36
20528,hot,27,36
24948,mac,27,36
26952,modernizar,27,36
27613,murphy,27,36
28562,obligatoriedad,27,36
30458,penuria,27,36
35773,ron,27,36
41463,venda,27,36
14506,encadenado,26,36
22924,iva,26,36
25250,malvado,26,36
28809,oit,26,36
30305,peker,26,36
31568,politicidad,26,36
40863,unesco,26,36
2262,anita,25,36
8276,coercion,25,36
41867,vila,25,36
1063,agora,24,36
4251,back,24,36
13376,dizar,24,36
21430,indagatoria,24,36
22921,ituzaingo,24,36
23664,lacan,24,36
31849,posse,24,36
32527,procuradora,24,36
40941,unlp,24,36
41168,valdez,24,36
14780,enganche,23,36
39482,tez,23,36
40123,transcripcion,23,36
40770,ucede,23,36
2088,ancla,22,36
15458,escoces,22,36
25466,manzur,22,36
1842,ambientalismo,21,36
22234,inta,21,36
22592,intrusos,21,36
29823,paritario,21,36
7578,chequeado,20,36
11035,decalogo,20,36
18449,gamer,20,36
29620,panoptico,20,36
35838,rosso,20,36
8212,cobos,19,36
11553,derechizacion,19,36
42528,ximena,19,36
27133,monsivais,18,36
14851,enmienda,17,36
23746,lamborghini,17,36
25351,manes,17,36
26175,meloni,17,36
31621,ponce,17,36
39772,toldo,17,36
5877,burdman,16,36
18966,gladys,16,36
20826,igualitarismo,16,36
38083,stereo,15,36
5780,bruzzone,14,36
17252,ferguson,14,36
17132,fdt,13,36
37099,shore,13,36
42366,wayne,13,36
5112,bioetica,12,36
9816,copi,11,36
39164,telleldin,8,36
23307,july,6,36
23843,larrain,6,36
28253,nolan,6,36
19586,guyot,5,36
10815,dabar,35,35
24693,logicamente,35,35
24952,macabro,35,35
29782,pareciera,35,35
8033,clamor,34,35
11039,decantar,34,35
12940,dilucidar,34,35
13373,divulgar,34,35
13389,doblemente,34,35
20179,hilvanar,34,35
20961,impartir,34,35
21740,inflado,34,35
23424,karl,34,35
24478,literaria,34,35
24705,logre,34,35
30770,pertinencia,34,35
41345,vean,34,35
450,acompanir,33,35
1618,almohada,33,35
4197,azaroso,33,35
4867,beneficioso,33,35
10631,cuidadosamente,33,35
20763,identitaria,33,35
21714,infernal,33,35
25590,margaret,33,35
29665,papas,33,35
30640,perjudicado,33,35
32202,prepotencia,33,35
33185,pura,33,35
33747,reactualizar,33,35
804,aduenar,32,35
1961,amortiguar,32,35
3170,arreglir,32,35
3716,atravesamos,32,35
9224,conocimos,32,35
10237,crecientemente,32,35
14018,elastico,32,35
14297,eminentemente,32,35
15272,erar,32,35
15751,espina,32,35
19215,gradualmente,32,35
19603,haberme,32,35
20334,hoguera,32,35
21673,infalible,32,35
31461,podias,32,35
34142,recurrencia,32,35
35808,rosarin,32,35
38591,surco,32,35
39315,teorizar,32,35
39679,tiron,32,35
42004,virtualmente,32,35
872,afectacion,31,35
1153,agrupamiento,31,35
12603,desviacion,31,35
17616,flamear,31,35
19307,gravitacion,31,35
22054,insatisfecho,31,35
24335,ligeramente,31,35
29400,pactado,31,35
35985,rustico,31,35
37046,sexy,31,35
39775,tolerable,31,35
947,afortunadamente,30,35
1652,alquilado,30,35
3846,austriaco,30,35
9510,conteste,30,35
9679,convalidar,30,35
12131,desfinanciamiento,30,35
14918,ensamblar,30,35
19395,grosso,30,35
20656,humillado,30,35
22835,irrestricto,30,35
29514,paleta,30,35
32916,pseudo,30,35
41408,veintitres,30,35
41626,verosimilitud,30,35
44,abdominal,29,35
6494,canilla,29,35
10361,criticado,29,35
15214,epistemologia,29,35
15701,especulador,29,35
21713,inferir,29,35
29954,pasarela,29,35
39125,telefonia,29,35
40706,tutela,29,35
3935,autogestion,28,35
6725,careta,28,35
9761,convulsion,28,35
13650,dualidad,28,35
19837,hastio,28,35
34714,remuneracion,28,35
38878,tank,28,35
5160,birra,27,35
6770,carl,27,35
9185,conmemorativo,27,35
10140,costilla,27,35
11744,desarrollador,27,35
16977,familiares,27,35
28619,obstinacion,27,35
30847,peticion,27,35
32643,projimo,27,35
33454,racion,27,35
34100,recta,27,35
36442,sastre,27,35
41714,vianda,27,35
41797,videollamada,27,35
3916,autodeterminacion,26,35
5492,boris,26,35
6303,cambiemita,26,35
11208,defuncion,26,35
15774,espiritus,26,35
18067,free,26,35
24211,lezama,26,35
28082,nevada,26,35
33079,pujar,26,35
39932,tos,26,35
4857,beneficencia,25,35
16900,faena,25,35
26651,militares,25,35
5154,bipartidismo,24,35
2956,arcoiris,23,35
5148,biotecnologia,23,35
26049,mediatizacion,23,35
27243,moren,23,35
28056,neurociencia,23,35
37255,simetria,23,35
41967,violin,23,35
42580,yegua,23,35
7479,channel,22,35
14320,emoji,22,35
19692,hacher,22,35
24221,lgtb,22,35
26618,milagros,22,35
33448,racializado,22,35
39079,ted,22,35
5971,cabala,21,35
19427,guadalajara,21,35
23244,judaismo,21,35
26777,mirador,21,35
31777,portuario,21,35
35463,rial,21,35
4386,balon,20,35
5134,biomedico,20,35
8958,concurrent,20,35
27614,murray,20,35
32797,prostituir,20,35
3565,atahualpa,19,35
17301,fertilizant,19,35
18771,georges,19,35
27426,mucama,19,35
27968,nelly,19,35
4473,bank,18,35
10789,cushamen,18,35
11725,desapego,18,35
19362,griselda,18,35
21783,informant,18,35
6925,casan,17,35
7312,centurion,17,35
19943,hemingway,17,35
29285,otero,17,35
2249,anime,16,35
31925,potro,16,35
40836,umbilical,16,35
3855,autista,15,35
6838,carrefour,15,35
25163,malamud,15,35
27049,monarca,15,35
42614,yolanda,15,35
17152,fede,14,35
18101,frepaso,14,35
42827,zulema,13,35
10298,crimea,12,35
23052,jeanine,12,35
26496,meyer,12,35
25608,mari,11,35
27881,nazareno,11,35
38824,taliban,11,35
41165,valdano,10,35
33525,rajoy,9,35
40750,uai,9,35
39090,tehuelche,8,35
18339,futura,6,35
1048,agnes,5,35
6139,calais,5,35
10222,creamfields,4,35
7257,ceno,34,34
9688,convencimiento,34,34
13191,disimulo,34,34
26278,mentalmente,34,34
26418,metafisico,34,34
31913,potenciado,34,34
37671,sofisticacion,34,34
41300,variopinto,34,34
41653,vertient,34,34
196,abstracta,33,34
1062,agonizar,33,34
1634,alojado,33,34
2567,apacible,33,34
4108,avidez,33,34
9606,contraproducente,33,34
10419,crudeza,33,34
11234,dejado,33,34
12376,desparpajo,33,34
13983,ejecutado,33,34
15024,entranar,33,34
17887,fortalecido,33,34
19260,grandote,33,34
20417,homonimo,33,34
26440,metar,33,34
33781,realizamos,33,34
41001,urgir,33,34
1440,alemana,32,34
8347,colapsado,32,34
8697,compilado,32,34
8999,condimento,32,34
10235,crecido,32,34
12345,desolado,32,34
14762,enfriar,32,34
15790,esposado,32,34
16060,estrechamente,32,34
18185,fuerar,32,34
20439,honorario,32,34
20782,idiosincrasia,32,34
21747,inflar,32,34
25076,magister,32,34
29431,pagado,32,34
29470,pajarito,32,34
33473,radiante,32,34
34522,reinterpretar,32,34
37208,silenciado,32,34
39647,tipicamente,32,34
40694,turnar,32,34
303,accidental,31,34
2687,aplicable,31,34
3571,ataner,31,34
12060,desenmascarar,31,34
12527,destape,31,34
20745,idealizado,31,34
21891,iniciatico,31,34
25646,marinero,31,34
28533,objetar,31,34
28570,obrar,31,34
30144,paulatino,31,34
31006,pies,31,34
38678,sustrato,31,34
859,aerosol,30,34
2842,aptitud,30,34
4376,ballena,30,34
6124,cajita,30,34
6979,castano,30,34
7331,cercado,30,34
11663,desaforado,30,34
11791,desbocado,30,34
14392,empezas,30,34
15941,estelar,30,34
21361,incontabl,30,34
21568,individualmente,30,34
28894,olvide,30,34
31488,point,30,34
34098,recrudecer,30,34
37205,silbido,30,34
41193,validacion,30,34
3028,argumental,29,34
11068,decido,29,34
11352,demagogia,29,34
12296,desmesura,29,34
18375,gago,29,34
28788,ofrecimiento,29,34
32233,presentador,29,34
7445,chalecos,28,34
9484,contemporaneidad,28,34
10161,cotillon,28,34
10581,cuentapropista,28,34
12164,desgranar,28,34
14643,encuadre,28,34
17128,faz,28,34
19686,hacerte,28,34
20836,ileana,28,34
28763,office,28,34
31218,placard,28,34
37253,simbologia,28,34
42693,zanahoria,28,34
2594,aparecido,27,34
3844,austria,27,34
13054,discapacitado,27,34
13300,distribuidora,27,34
24138,lesbianas,27,34
34733,renault,27,34
37822,sone,27,34
38580,supresion,27,34
40463,trinidad,27,34
41277,varado,27,34
41842,vigilado,27,34
595,acuerdos,26,34
2238,animador,26,34
2396,anticorrupcion,26,34
5372,bolsita,26,34
8979,condenatorio,26,34
11739,desarraigo,26,34
16099,estridente,26,34
18493,garaje,26,34
20167,hilda,26,34
20433,hong,26,34
21961,inmortal,26,34
26328,mercenario,26,34
174,absolucion,25,34
1368,alcaldia,25,34
4330,balacera,25,34
13630,drogar,25,34
13886,editores,25,34
16283,evangelio,25,34
17730,fobia,25,34
31923,potrero,25,34
41708,viajo,25,34
688,adictivo,24,34
8580,comilla,24,34
8933,conclave,24,34
11377,demencia,24,34
14511,encaje,24,34
19746,halcon,24,34
24166,letrado,24,34
25361,mani,24,34
34431,reglamentario,24,34
4735,beat,23,34
23313,jungla,23,34
34650,remar,23,34
8183,coaccion,22,34
18318,fusilado,22,34
21037,implosionar,22,34
35554,riojano,22,34
35794,ropero,22,34
36549,science,22,34
38507,superheroes,22,34
38635,suscripcion,22,34
18665,gene,21,34
20293,historica,21,34
24830,lucho,21,34
32521,procrear,21,34
33371,quincho,21,34
36430,sars,21,34
12627,detector,20,34
16829,fabiana,20,34
17214,femicida,20,34
17224,feminicidio,20,34
19144,gorodischer,20,34
26865,mitchelstein,20,34
6732,cargamento,19,34
25762,mascarilla,19,34
21776,informacional,18,34
26181,membrana,18,34
41306,varones,18,34
2373,antibiotico,17,34
6874,cartagena,17,34
8967,conde,17,34
31074,pinedo,17,34
33122,pum,17,34
42344,warner,17,34
15757,espinosa,16,34
15947,ester,16,34
19330,gremialista,16,34
32969,pst,16,34
41132,vacunado,16,34
2046,analytica,15,34
26510,mezquita,15,34
39596,timbreo,15,34
25765,mascherano,14,34
30462,pep,14,34
42137,vizzotti,13,34
33125,puna,12,34
39508,thiago,12,34
37089,shiva,8,34
14160,elpais,7,34
23503,kikuchi,7,34
23860,lasso,7,34
23110,jihad,6,34
9976,correismo,5,34
36125,sahonero,5,34
23155,johana,4,34
27757,nar,4,34
30677,peronia,3,34
37068,sheikh,3,34
21985,inmutable,33,33
22685,inviable,33,33
29430,paga,33,33
29968,pasea,33,33
30825,pesimista,33,33
33153,puntapie,33,33
38543,supervisar,33,33
731,admirador,32,33
1579,aliviado,32,33
2101,andamiaje,32,33
3688,atormentar,32,33
4500,barajar,32,33
6068,cadencia,32,33
7539,chatear,32,33
8488,comandado,32,33
9476,contemplacion,32,33
10042,corta,32,33
11122,decoracion,32,33
11419,demorado,32,33
11985,desdenar,32,33
12141,desgarrador,32,33
12264,deslumbrar,32,33
18106,frescura,32,33
20467,horda,32,33
20970,impedimento,32,33
21154,impulsor,32,33
21346,inconfundible,32,33
22576,intrincado,32,33
22765,irir,32,33
23823,lar,32,33
24660,localizacion,32,33
28966,opacar,32,33
34465,regularmente,32,33
217,abultado,31,33
2094,anda,31,33
4094,averiguacion,31,33
5243,blindar,31,33
12590,desvanezar,31,33
12779,dibujado,31,33
15330,errado,31,33
18134,frito,31,33
19726,hagan,31,33
21113,imprevista,31,33
21388,increiblemente,31,33
22140,instalir,31,33
28301,noreste,31,33
28448,nucleir,31,33
28700,ocultamiento,31,33
37285,simpson,31,33
38256,subrayado,31,33
39230,tenaz,31,33
41227,valorizar,31,33
902,afiche,30,33
930,afirmativo,30,33
1071,agotador,30,33
2617,apasionar,30,33
3239,arrugado,30,33
3739,atril,30,33
8457,colonizar,30,33
9762,convulsionado,30,33
12072,desenvolver,30,33
14946,ensimismado,30,33
20742,idealista,30,33
21476,independizar,30,33
21542,indiscriminado,30,33
22638,invencible,30,33
25526,maraton,30,33
25595,marginacion,30,33
30880,peyorativo,30,33
32647,proletario,30,33
34954,reproducido,30,33
35268,retratado,30,33
37270,simpatizar,30,33
37879,sorbo,30,33
38623,susan,30,33
319,acecho,29,33
4487,banquillo,29,33
5620,brasa,29,33
7352,ceremonial,29,33
10462,cuadrados,29,33
11936,descredito,29,33
12501,desproteccion,29,33
13702,dulzura,29,33
14495,enano,29,33
16158,estuvimos,29,33
16331,evocacion,29,33
18089,frenesi,29,33
18471,gancho,29,33
21018,implementada,29,33
22524,intimamente,29,33
27388,movilero,29,33
30460,people,29,33
33129,punalada,29,33
33807,reavivar,29,33
39637,tinto,29,33
40511,trivial,29,33
41115,vaciado,29,33
42040,visitado,29,33
3664,atlas,28,33
3890,autoconvocado,28,33
5184,bizarro,28,33
6582,capilar,28,33
7469,chancho,28,33
8893,conceptualizacion,28,33
10309,criminalizado,28,33
15327,erradicacion,28,33
16584,expertise,28,33
16859,facho,28,33
17080,fastidio,28,33
17704,flote,28,33
18281,fundido,28,33
21951,inminencia,28,33
23148,jodido,28,33
24619,lloro,28,33
27582,munequito,28,33
29039,optico,28,33
29613,panfleto,28,33
30691,perpetrar,28,33
31359,plegar,28,33
34241,reelecto,28,33
35193,resultante,28,33
39037,tecla,28,33
1486,alfajor,27,33
4248,bachillerato,27,33
5280,bob,27,33
5384,boludez,27,33
8818,computacion,27,33
10390,cronologico,27,33
11248,dejas,27,33
13988,ejecutor,27,33
14248,emboscada,27,33
16015,estirpe,27,33
20542,how,27,33
24414,line,27,33
25235,malon,27,33
25300,manchado,27,33
26288,mentiroso,27,33
27463,muero,27,33
31360,plegaria,27,33
31516,polemizar,27,33
32528,procuraduria,27,33
34839,repeler,27,33
36190,salita,27,33
36572,sean,27,33
37332,sinergia,27,33
39330,tercermundista,27,33
42469,with,27,33
1485,alfaguara,26,33
2497,antisistema,26,33
2746,apostol,26,33
3632,aterrizaje,26,33
4889,benz,26,33
5320,bohemio,26,33
13825,economicas,26,33
17610,flagelo,26,33
19087,golpiza,26,33
19947,hemorragia,26,33
21223,inc,26,33
26082,medioambiental,26,33
28707,ocupante,26,33
32714,pronunciamiento,26,33
38093,sticker,26,33
1140,agroindustrial,25,33
1501,alfonsinismo,25,33
4788,beisbol,25,33
6610,capote,25,33
6931,casares,25,33
11509,deportes,25,33
11698,desamor,25,33
18204,fuiste,25,33
22488,interseccional,25,33
27238,moreau,25,33
28298,nordeste,25,33
38745,tablon,25,33
40014,track,25,33
9009,condor,24,33
18081,freire,24,33
29330,over,24,33
38593,sureno,24,33
39126,telefonica,24,33
41410,veintiuno,24,33
27617,musa,23,33
28242,noel,23,33
32575,profesionalismo,23,33
36265,sam,23,33
39405,territorialidad,23,33
6253,calvario,22,33
10331,cris,22,33
17101,fatima,22,33
18028,frankfurt,22,33
19762,hamaca,22,33
31187,pito,22,33
41370,vegano,22,33
3084,armas,21,33
10521,cuartito,21,33
11477,denunciante,21,33
13762,dylan,21,33
18033,franquicia,21,33
20680,hurlingham,21,33
22489,interseccionalidad,21,33
22521,inti,21,33
31325,platon,21,33
35835,ross,21,33
39259,tenembaum,21,33
4783,beijing,20,33
9652,contribuyente,20,33
10405,crucero,20,33
13757,dvd,20,33
38087,steven,20,33
31772,porto,19,33
33863,recalde,19,33
39059,tecnocrata,19,33
41543,venus,19,33
6642,carabineros,18,33
13978,einstein,18,33
33765,realeza,18,33
10352,cristinismo,17,33
29711,parador,17,33
35713,roig,17,33
5141,biopolitica,16,33
20695,ian,16,33
35864,round,16,33
9459,container,15,33
13621,drive,15,33
23419,karen,15,33
38131,streamer,15,33
5250,blockchain,14,33
19231,graham,14,33
35982,russo,14,33
40841,unam,14,33
87,abolicionista,13,33
2517,antonia,13,33
27751,napoli,13,33
18283,fundo,10,33
31736,port,10,33
30882,pezon,9,33
8481,colusion,8,33
20723,ice,8,33
28972,openai,8,33
4153,ayahuasca,7,33
20726,icij,7,33
42457,winkul,7,33
41809,viedma,6,33
10398,crossfit,3,33
13261,dista,32,32
15574,escueto,32,32
16188,eternamente,32,32
16686,expulsir,32,32
33849,recaar,32,32
37843,sonrient,32,32
38653,suspiro,32,32
40490,tristemente,32,32
606,acunado,31,32
1428,alejamiento,31,32
3222,arrojado,31,32
3406,asfixiar,31,32
4675,batallar,31,32
12386,despectivo,31,32
19667,habler,31,32
21356,inconsistencia,31,32
22531,intimidar,31,32
33839,rebote,31,32
34071,recorrar,31,32
35438,revuelto,31,32
38688,sutileza,31,32
39264,tengan,31,32
39756,todopoderoso,31,32
975,after,30,32
1091,agravante,30,32
3095,armonico,30,32
5351,bolita,30,32
6259,calza,30,32
6937,cascara,30,32
8475,colosal,30,32
11459,denostar,30,32
14091,elevacion,30,32
20743,idealizacion,30,32
21535,indirectamente,30,32
22643,inventir,30,32
23272,jugado,30,32
28439,nublado,30,32
28518,obediente,30,32
28754,ofensa,30,32
32193,preparativo,30,32
34169,redefinicion,30,32
36803,sencillez,30,32
41453,ven,30,32
41716,vias,30,32
41859,vigoroso,30,32
42274,vuelco,30,32
6,abalanzar,29,32
322,aceitado,29,32
629,adam,29,32
3342,ascendencia,29,32
4609,bartolome,29,32
10910,dardo,29,32
13181,disgusto,29,32
20101,hicimos,29,32
21913,injustamente,29,32
25086,magna,29,32
25474,mapear,29,32
28912,omiteir,29,32
29121,organizacional,29,32
30759,persuasion,29,32
32298,presuntamente,29,32
37457,slogans,29,32
39738,tocado,29,32
39871,torcido,29,32
41723,vibrante,29,32
42818,zozobra,29,32
2388,anticipo,28,32
2570,apaciguar,28,32
2672,aplastante,28,32
12331,desobedecer,28,32
12880,difusa,28,32
25498,maquillar,28,32
30489,percatar,28,32
31451,poderio,28,32
32343,previsibilidad,28,32
32609,progr,28,32
34629,rellenar,28,32
37547,sobreponer,28,32
1395,alcorta,27,32
9723,converso,27,32
12917,digresion,27,32
13102,discrecionalidad,27,32
14563,encasillar,27,32
14849,enmascarar,27,32
18590,gata,27,32
25246,maltrecho,27,32
34626,reliquia,27,32
35010,resaca,27,32
40230,transpiracion,27,32
40915,united,27,32
41693,viabilidad,27,32
1039,aglomeracion,26,32
1301,alain,26,32
2242,animales,26,32
7326,ceramica,26,32
8704,complacer,26,32
20546,hoz,26,32
25996,meca,26,32
32144,prematuro,26,32
37325,sindicalizado,26,32
38219,subito,26,32
234,abusado,25,32
9071,confidencialidad,25,32
16739,extorsionar,25,32
42406,what,25,32
6620,captacion,24,32
10369,croacia,24,32
10473,cuadrilla,24,32
14443,emprendedorismo,24,32
15224,epocal,24,32
16569,expensa,24,32
20105,hidalgo,24,32
22766,iris,24,32
23339,juramento,24,32
24257,libertadora,24,32
25425,manteca,24,32
29105,orfandad,24,32
33558,rana,24,32
35947,ruleta,24,32
3953,automata,23,32
10615,cuestionario,23,32
18267,fundamentalismo,23,32
24925,luther,23,32
30400,pendular,23,32
31244,planchar,23,32
34392,regeneracion,23,32
36655,sedimento,23,32
870,afeccion,22,32
6383,campesina,22,32
6753,caridad,22,32
16925,falcon,22,32
23367,justiciero,22,32
23812,lapida,22,32
36285,sanacion,22,32
1234,ahorrista,21,32
1664,alt,21,32
8264,codificado,21,32
13810,ecografia,21,32
18288,funerario,21,32
28069,neuronal,21,32
39663,tirador,21,32
40913,unitario,21,32
41532,ventilacion,21,32
5270,blues,20,32
5404,bombilla,20,32
8839,comunicadora,20,32
10383,cronicas,20,32
10499,cuantico,20,32
17286,ferrer,20,32
23017,jara,20,32
23168,jon,20,32
23588,kremlin,20,32
24504,lives,20,32
26193,memorandum,20,32
26944,modernista,20,32
28043,network,20,32
28666,ocde,20,32
30724,persico,20,32
31790,poscolonial,20,32
40536,trompa,20,32
2184,angelica,19,32
18843,ghetto,19,32
26861,mit,19,32
28022,neruda,19,32
35442,rex,19,32
6827,carpinteria,18,32
7032,cataluna,18,32
21109,impresora,18,32
23099,jessica,18,32
3275,arthur,17,32
5740,brooklyn,17,32
9986,correntino,17,32
14299,emiratos,17,32
25568,marciano,17,32
27168,montes,17,32
41691,vhs,17,32
1540,alicuota,16,32
8358,cole,16,32
29377,pacheco,16,32
31206,pizarnik,16,32
1397,aldana,15,32
19719,hadad,15,32
36304,sandinista,15,32
42791,zoe,15,32
4142,avruj,14,32
33397,quique,14,32
4921,bernal,13,32
18789,gerenciamiento,13,32
20553,huala,13,32
27742,nano,13,32
5945,bussi,12,32
37122,sibilia,12,32
1510,algarrobo,11,32
38132,streamers,10,32
39509,thiel,10,32
5183,bizarrap,9,32
10830,daer,9,32
12746,dialisis,9,32
26266,menstruar,9,32
17247,fentanilo,8,32
24887,lule,7,32
26716,minga,7,32
38239,submarinista,7,32
27501,mullen,5,32
11548,derby,4,32
16998,fanego,4,32
21274,incivilidad,3,32
23412,karamanos,3,32
42533,xochitl,3,32
4781,beige,31,31
8777,comprendido,31,31
11758,desastroso,31,31
12929,dilatar,31,31
19058,goldman,31,31
28713,ocupir,31,31
33569,rancio,31,31
35189,resucitar,31,31
35307,reubicar,31,31
1357,albor,30,31
1730,aluminio,30,31
2968,ardiente,30,31
6722,carente,30,31
9070,confidencial,30,31
9610,contrapuesto,30,31
10915,darir,30,31
11877,descolocar,30,31
12277,desmarcar,30,31
12473,despreciable,30,31
13388,doblegar,30,31
15201,epigrafe,30,31
22247,integramente,30,31
22273,intempestivo,30,31
24338,light,30,31
25241,maltratado,30,31
25522,marana,30,31
26422,metaforico,30,31
30537,perdurable,30,31
34101,rectangular,30,31
34874,repleta,30,31
35197,resumido,30,31
36396,saquear,30,31
38804,tajo,30,31
38843,talon,30,31
1055,agolpar,29,31
9560,contractual,29,31
13900,educa,29,31
14459,empresas,29,31
16570,expensas,29,31
18741,genuinamente,29,31
20404,homogeneidad,29,31
30631,periplo,29,31
31753,portazo,29,31
35159,resquicio,29,31
35499,rie,29,31
36976,servido,29,31
38279,subsidiar,29,31
644,adecuadamente,28,31
2302,anotado,28,31
3207,arrimar,28,31
3982,autopercepcion,28,31
5697,brisa,28,31
8286,cofradia,28,31
9777,cooperar,28,31
15812,esquirla,28,31
16483,exigido,28,31
16596,explanada,28,31
18154,fructifero,28,31
19788,hannah,28,31
20238,hipocrita,28,31
29074,orbitar,28,31
29877,parteagua,28,31
30335,peligrosidad,28,31
31019,pijama,28,31
31106,pinto,28,31
34640,relucir,28,31
38370,suela,28,31
39245,tendient,28,31
40399,trenza,28,31
41354,vecindario,28,31
98,abordaj,27,31
515,acreditacion,27,31
3219,arrogancia,27,31
7210,celeridad,27,31
9269,consensuar,27,31
15714,espeluznante,27,31
17659,flexibilizar,27,31
20657,humillante,27,31
23658,laburante,27,31
33542,ramificacion,27,31
33574,random,27,31
34046,reconvertir,27,31
34446,regresiva,27,31
35202,resurreccion,27,31
36982,servilleta,27,31
38571,suposicion,27,31
40330,tratir,27,31
41812,vieja,27,31
42180,volcado,27,31
42753,zen,27,31
2115,anden,26,31
6249,calumnia,26,31
8919,concientizacion,26,31
17106,faur,26,31
17234,feminizado,26,31
19164,gotico,26,31
21207,inapelable,26,31
21804,infranqueable,26,31
22397,interlocucion,26,31
23577,kosteki,26,31
30926,pibito,26,31
32682,prominente,26,31
38197,sube,26,31
39880,tormento,26,31
40092,trampolin,26,31
1380,alcaraz,25,31
11300,deliberante,25,31
11620,desaceleracion,25,31
12957,dinamarca,25,31
17334,feudal,25,31
19210,graduado,25,31
21244,incendiario,25,31
21784,informante,25,31
31241,plancha,25,31
31677,populares,25,31
32128,prehistoria,25,31
38430,sujecion,25,31
39736,toca,25,31
40395,trending,25,31
41742,vicepresidencia,25,31
42285,vuelve,25,31
2126,andrade,24,31
3497,asqueroso,24,31
6033,caceres,24,31
18800,germani,24,31
19251,grand,24,31
24058,leguizamon,24,31
24446,liquidacion,24,31
27802,narvaez,24,31
30547,peregrino,24,31
32250,presidencialismo,24,31
35709,roger,24,31
2278,anomalo,23,31
11718,desaparecidos,23,31
17178,feinmann,23,31
23930,lavalle,23,31
25200,maletin,23,31
32460,proa,23,31
37236,silvestr,23,31
5334,bolchevique,22,31
8418,colita,22,31
14672,endemico,22,31
28837,oleo,22,31
36153,salazar,22,31
41148,vagancia,22,31
4154,ayala,21,31
12668,deudo,21,31
23122,jinping,21,31
25634,marihuan,21,31
28455,nuera,21,31
38335,suciedad,21,31
39149,teletrabajo,21,31
42512,wuhan,21,31
3873,autobus,20,31
4488,banquina,20,31
4594,barroco,20,31
5542,botanico,20,31
13631,drogas,20,31
29055,oraculo,20,31
29677,papi,20,31
33721,razzia,20,31
36043,sabroso,20,31
41907,vilma,20,31
49,abeja,19,31
9849,coran,19,31
19495,guemes,19,31
19510,gueto,19,31
24283,librero,19,31
4202,azopardo,18,31
4418,banalizacion,18,31
12521,destacamento,18,31
12768,diarios,18,31
27301,mortuorio,18,31
28618,obstetrico,18,31
28877,olmedo,18,31
42431,wiener,18,31
1220,ahmed,17,31
1670,altamirano,17,31
4854,benedicto,17,31
5565,boulogne,17,31
5704,british,17,31
18030,franklin,17,31
27339,motin,17,31
33055,puertorriqueno,17,31
36355,santana,17,31
4374,ball,16,31
5174,bit,16,31
6279,camarero,16,31
13803,eclipse,16,31
19531,guillermina,16,31
30962,pichot,16,31
35482,ricky,16,31
39172,tem,16,31
39511,things,16,31
1927,ammar,15,31
7591,chevrolet,15,31
29262,osorio,15,31
30212,pecador,15,31
35397,revistaanfibia,15,31
10696,cumbiero,14,31
23161,johnny,14,31
35925,rugbier,14,31
42705,zannini,14,31
10823,daddy,13,31
42447,willy,13,31
3308,artlab,12,31
17539,fintech,12,31
18235,fumigar,12,31
37874,sor,12,31
41882,villalba,12,31
28126,nicolini,11,31
35459,ria,11,31
4520,barbero,10,31
5333,bolcheviqu,10,31
10972,dean,10,31
23759,lammens,10,31
29062,oran,10,31
14010,ela,9,31
26680,milonga,9,31
40971,uranio,9,31
963,afroargentino,8,31
5805,budge,8,31
8928,concilio,8,31
14175,ema,8,31
19381,grobocopatel,8,31
29564,pampas,7,31
8177,cni,6,31
19335,gretel,6,31
24250,liberia,6,31
37598,soccer,6,31
5445,bony,4,31
6016,cabot,4,31
9509,contestatario,30,30
10273,crescendo,30,30
11320,delimitado,30,30
12537,desterrar,30,30
14364,empecer,30,30
15472,escollo,30,30
16111,estructuralmente,30,30
22577,intrinsecamente,30,30
28036,netamente,30,30
31742,portado,30,30
32064,predominante,30,30
34221,reducto,30,30
38833,tallado,30,30
40500,triunfal,30,30
40909,unisono,30,30
823,advenimiento,29,30
977,afuero,29,30
2713,apodar,29,30
2718,apogeo,29,30
8231,cochecito,29,30
9477,contemplado,29,30
13367,divorciar,29,30
14466,empuje,29,30
15059,entremezclar,29,30
17022,fantasmal,29,30
20746,idealizar,29,30
30062,patetico,29,30
30558,pereza,29,30
30617,periodicamente,29,30
30791,perversion,29,30
33359,quimera,29,30
34070,recorer,29,30
36090,sacudon,29,30
36299,sandalia,29,30
38281,subsidiario,29,30
38605,surgiar,29,30
40193,transitado,29,30
1058,agonico,28,30
2337,antebrazo,28,30
4417,banalidad,28,30
6264,calzoncillo,28,30
7843,ciegas,28,30
8531,comentado,28,30
9309,consigo,28,30
9572,contradizar,28,30
11049,decepcionado,28,30
11051,decepcionar,28,30
11058,deciar,28,30
11406,demoledor,28,30
11560,derivacion,28,30
12249,deslegitimar,28,30
12608,desvincular,28,30
13225,disparidad,28,30
13745,durisimo,28,30
15042,entrecruzar,28,30
16003,estimulante,28,30
16444,excusar,28,30
16660,expresamente,28,30
16902,fagocitar,28,30
17088,fatalidad,28,30
20509,hospedar,28,30
21058,importantisimo,28,30
21708,infeliz,28,30
22172,institucionalmente,28,30
22799,irreductible,28,30
23874,latar,28,30
24003,led,28,30
24241,liberalizacion,28,30
26086,mediocre,28,30
30950,picaro,28,30
33914,rechazado,28,30
34085,recostar,28,30
34203,redonda,28,30
39208,temple,28,30
39296,tentador,28,30
41392,veinteanero,28,30
42566,yanqui,28,30
2293,anorar,27,30
5649,bregar,27,30
7109,cauteloso,27,30
8194,coartada,27,30
11756,desasosiego,27,30
13310,disuadir,27,30
14821,enjambre,27,30
14974,entendimos,27,30
15670,especiales,27,30
16733,extinto,27,30
18122,friedrich,27,30
19292,gratitud,27,30
19663,hablas,27,30
21408,incuestionable,27,30
25357,manguera,27,30
35764,rompecabezas,27,30
35841,rotacion,27,30
42224,volves,27,30
42700,zanja,27,30
526,acritico,26,30
3014,argento,26,30
7305,centroamericano,26,30
10538,cubiculo,26,30
12604,desviado,26,30
13867,edificacion,26,30
15165,envidiar,26,30
19372,griterio,26,30
21999,innovadora,26,30
24456,lisa,26,30
25301,manchar,26,30
25786,masificar,26,30
27260,morigerar,26,30
32965,psiquis,26,30
33011,pucho,26,30
33811,rebajar,26,30
34151,recursos,26,30
34187,redisenar,26,30
34807,repar,26,30
40876,unicef,26,30
41816,viejito,26,30
41928,vine,26,30
42838,zurda,26,30
6404,camuflar,25,30
8053,clarisimo,25,30
9915,corolario,25,30
11591,derrocamiento,25,30
15157,envenenar,25,30
20034,heroes,25,30
20733,iconografia,25,30
21841,ingesta,25,30
22538,intocable,25,30
22840,irreverente,25,30
24969,maceta,25,30
36314,saneamiento,25,30
96,abono,24,30
741,adobe,24,30
2830,aprovechamiento,24,30
5338,bolero,24,30
10150,costurera,24,30
12543,destierro,24,30
16656,expositor,24,30
18445,gambetear,24,30
19556,guitarrista,24,30
23256,judios,24,30
26450,meteorologico,24,30
26481,metropoli,24,30
26805,miro,24,30
28011,neoyorquino,24,30
32783,proselitista,24,30
40588,truman,24,30
41933,vinilo,24,30
41969,violo,24,30
6282,camarin,23,30
9754,convocante,23,30
12802,dick,23,30
20963,impasse,23,30
22225,insurgente,23,30
22279,intencionalidad,23,30
30123,patrona,23,30
30877,peugeot,23,30
35379,review,23,30
36080,sacrificial,23,30
36738,semanario,23,30
38673,sustituto,23,30
39329,tercerizar,23,30
39974,toyota,23,30
40578,trucha,23,30
42782,zinc,23,30
624,acustico,22,30
675,adherido,22,30
2492,antisemita,22,30
7535,chata,22,30
8148,clivaj,22,30
8444,colombo,22,30
27529,multimedio,22,30
31029,pildora,22,30
31630,ponele,22,30
32081,prefecto,22,30
33168,puntito,22,30
34069,records,22,30
34191,redistribuir,22,30
42143,vocablo,22,30
42711,zapata,22,30
7325,cera,21,30
11587,derrida,21,30
21718,infidelidad,21,30
24732,long,21,30
24757,lorca,21,30
24902,lunar,21,30
35931,rugido,21,30
38637,suscriptor,21,30
39666,tirano,21,30
41206,vallado,21,30
42662,yuyo,21,30
18466,ganancias,20,30
18595,gates,20,30
20113,hidraulico,20,30
22175,instituido,20,30
22869,isaac,20,30
26872,mitin,20,30
29336,ovillo,20,30
39015,team,20,30
10929,darwin,19,30
10969,dealer,19,30
19878,hebreo,19,30
24650,lobos,19,30
25060,maga,19,30
27180,montonera,19,30
38383,suero,19,30
39599,timerman,19,30
1610,almeida,18,30
10809,cyborg,18,30
29375,pachamama,18,30
36143,salamanca,18,30
9593,contraofensiva,17,30
13799,eclesial,17,30
16830,fabio,17,30
20362,hollande,17,30
22775,iron,17,30
24363,liminal,17,30
26734,miniserie,17,30
28498,nutricional,17,30
31383,plot,17,30
33539,rambla,17,30
37300,sinaloa,17,30
1783,amanda,16,30
23852,larry,16,30
24075,leiva,16,30
25260,mamadera,16,30
6273,camano,15,30
17793,fontanarrosa,15,30
19774,hamlet,15,30
25537,marc,15,30
23950,lawfare,14,30
26111,megacausa,14,30
27744,nao,14,30
28337,nosiglia,14,30
36525,schmid,13,30
17311,fest,12,30
27595,muniz,12,30
27702,nadador,12,30
28872,olivia,12,30
8435,colo,11,30
29579,panameno,11,30
29964,pascual,11,30
6870,carry,10,30
29335,oviedo,10,30
33373,quiniela,10,30
37292,simulador,10,30
2294,anorexia,9,30
28123,nicola,9,30
37825,song,9,30
4229,babasonicos,8,30
11868,desclasificacion,8,30
16814,exxon,8,30
29095,oreiro,8,30
19439,guano,7,30
22233,int,7,30
25132,maira,7,30
7082,cattaneo,6,30
30470,pepo,4,30
990,agarrado,29,29
1447,alentador,29,29
5327,boina,29,29
10258,creimos,29,29
11662,desafir,29,29
16718,exterminar,29,29
22427,internamente,29,29
35248,retorcido,29,29
37925,sospechado,29,29
39216,temporalmente,29,29
39440,testamento,29,29
41325,vasta,29,29
41424,velado,29,29
42239,voragine,29,29
608,acuno,28,29
730,admirado,28,29
2794,apresar,28,29
3711,atrasar,28,29
3760,aturdido,28,29
6879,cartelito,28,29
7039,catapultar,28,29
7687,chism,28,29
8857,comunmente,28,29
9613,contrariamente,28,29
11654,desafiant,28,29
12251,desligar,28,29
12503,desprotegido,28,29
12559,destrabar,28,29
15083,entretenido,28,29
15345,erudito,28,29
15781,espontaneamente,28,29
18114,frialdad,28,29
18138,frivolo,28,29
20754,identificable,28,29
21446,indefectiblemente,28,29
25329,mande,28,29
28202,nitidez,28,29
29355,oximoron,28,29
31570,politicos,28,29
32570,profesar,28,29
32672,prometedor,28,29
35496,ridiculizar,28,29
41414,vejacion,28,29
273,acampar,27,29
490,acorralar,27,29
2054,anaranjado,27,29
2731,aportado,27,29
2974,arduino,27,29
3044,arido,27,29
5624,brasilena,27,29
8080,claude,27,29
10025,corromper,27,29
10100,cosmetico,27,29
12505,desprovisto,27,29
12507,desquiciado,27,29
13329,divergent,27,29
14790,engendrar,27,29
15373,escalofrio,27,29
21202,inamovible,27,29
21395,increpar,27,29
22027,inquebrantable,27,29
22498,intersticio,27,29
24476,literalidad,27,29
25410,manotazo,27,29
26727,minimamente,27,29
26956,modestia,27,29
27454,mueir,27,29
34852,repetiar,27,29
35221,reticencia,27,29
35339,reveladorar,27,29
35859,rotulo,27,29
36672,segmentado,27,29
38463,suministrar,27,29
40122,transcribir,27,29
41908,vilo,27,29
41994,virilidad,27,29
3373,aseptico,26,29
5812,buenas,26,29
6828,carpintero,26,29
7621,chicos,26,29
7877,cigarro,26,29
8736,compliz,26,29
9424,consumido,26,29
9441,contable,26,29
11830,descargo,26,29
12281,desmayar,26,29
13157,disentir,26,29
13249,disputado,26,29
13357,divisar,26,29
13384,doblado,26,29
13447,dolido,26,29
14809,engrosar,26,29
15689,espectacularidad,26,29
17994,fraguar,26,29
19228,grafiti,26,29
20231,hipnotico,26,29
21531,indigno,26,29
21622,ineficaz,26,29
22803,irrefrenable,26,29
26252,menospreciar,26,29
26387,mesianico,26,29
26665,millar,26,29
28026,nerviosismo,26,29
28332,norteno,26,29
28359,note,26,29
29705,paradojal,26,29
30381,penalizar,26,29
31131,pique,26,29
34797,reordenamiento,26,29
39692,titanico,26,29
39911,torrente,26,29
41804,vidriado,26,29
85,abolicion,25,29
295,accesibilidad,25,29
4809,beligerante,25,29
4840,bendecir,25,29
8280,coexistencia,25,29
11361,demandante,25,29
11530,depredador,25,29
15775,esplendido,25,29
16392,excel,25,29
24505,livian,25,29
25214,maligno,25,29
28782,oficinista,25,29
30393,pendejo,25,29
31731,porqueria,25,29
34579,relanzar,25,29
37273,simpleza,25,29
37700,solapado,25,29
39608,timon,25,29
6176,calefaccion,24,29
9491,contendiente,24,29
15890,estampita,24,29
15908,estanteria,24,29
16127,estudiant,24,29
16906,faja,24,29
17905,forzoso,24,29
20093,hibrida,24,29
23543,kitsch,24,29
24151,lesionar,24,29
25824,masturbar,24,29
27566,mundano,24,29
27664,mutilado,24,29
32607,progenitor,24,29
34576,relampago,24,29
36026,sabina,24,29
37202,silbar,24,29
37248,simbolismo,24,29
38567,suplir,24,29
39060,tecnocratico,24,29
39848,topic,24,29
40017,tractor,24,29
40592,trumpista,24,29
42597,yerno,24,29
2789,aprendiz,23,29
5644,break,23,29
6550,cantor,23,29
8981,condensacion,23,29
20878,ilusorio,23,29
22493,intersex,23,29
23384,juzgamiento,23,29
27623,musculoso,23,29
29326,ovario,23,29
30482,pera,23,29
32765,prorroga,23,29
33123,puma,23,29
33764,reales,23,29
36185,salinas,23,29
40724,tuviste,23,29
42493,word,23,29
4835,ben,22,29
7651,chimento,22,29
10166,coto,22,29
17193,feligres,22,29
24502,live,22,29
26750,minorista,22,29
27955,negrito,22,29
31802,poseido,22,29
35008,res,22,29
35315,reunificacion,22,29
40034,traductora,22,29
40292,trasnacional,22,29
2450,antikirchnerismo,21,29
2922,arbolito,21,29
8909,concesionaria,21,29
15666,espasmodico,21,29
15778,espn,21,29
17447,filipinas,21,29
17880,forro,21,29
20391,homicida,21,29
23133,joao,21,29
23405,kant,21,29
23887,latigo,21,29
31126,pipa,21,29
31339,playlist,21,29
33702,rayas,21,29
38577,supremacista,21,29
42483,women,21,29
7220,celina,20,29
7310,centros,20,29
12408,despenalizar,20,29
12769,diarrea,20,29
33537,ramal,20,29
38840,tallerista,20,29
1035,agitador,19,29
3799,aumentado,19,29
3904,autodefensa,19,29
8030,clacso,19,29
18063,freddy,19,29
18069,freelance,19,29
28241,noe,19,29
31926,potter,19,29
32674,prometeo,19,29
32949,psicosis,19,29
41902,villegas,19,29
376,acevedo,18,29
5153,bioy,18,29
8554,comestibl,18,29
18004,france,18,29
19299,gravar,18,29
23777,lang,18,29
24484,literaturas,18,29
25450,manuela,18,29
27745,naomi,18,29
29926,partitura,18,29
30450,pentagono,18,29
32188,preparador,18,29
6400,camps,17,29
7832,ciclista,17,29
10458,cuadernos,17,29
18012,francisca,17,29
28665,occupy,17,29
30066,patin,17,29
22450,interpol,16,29
23234,jubilados,16,29
24775,lospennato,16,29
38807,tala,16,29
42645,yugoslavia,16,29
7622,chicxs,15,29
17460,filme,15,29
24503,liverpool,15,29
28797,ohio,15,29
37889,soria,15,29
5801,buda,14,29
23295,juli,14,29
23499,kiev,14,29
23975,learning,14,29
28095,newman,14,29
28826,okupas,14,29
31215,pla,14,29
39389,terraplen,14,29
15181,eolico,13,29
20310,hitchcock,13,29
24966,macedonio,13,29
27888,nea,13,29
30306,pekerman,13,29
42394,wendy,13,29
4042,avalos,12,29
6257,calvino,12,29
38699,svetlana,12,29
6511,canoa,11,29
30885,pfizer,11,29
4977,betty,10,29
23710,lafken,10,29
34969,reptil,10,29
40416,triaca,10,29
3755,atucha,9,29
7451,chamame,9,29
19354,grindetti,9,29
2010,anaconda,8,29
13918,edwards,8,29
29337,ovni,8,29
25737,marvin,7,29
29179,orleans,7,29
39688,tita,7,29
1919,amin,6,29
23054,jedi,6,29
12716,deza,5,29
20857,illouz,5,29
39762,tofoni,5,29
4829,belsunce,3,29
5110,bioeconomia,3,29
38862,tanatopraxia,3,29
6197,calidez,28,28
12545,destilar,28,28
14777,enganchado,28,28
14875,enraizado,28,28
16411,excesivamente,28,28
25334,mandir,28,28
25342,manejado,28,28
26960,modico,28,28
32258,presidido,28,28
33121,pulverizar,28,28
33522,rajatabla,28,28
34097,recriminar,28,28
34474,rehuir,28,28
34773,renovo,28,28
38757,tachar,28,28
39601,timidamente,28,28
41379,vehemencia,28,28
41618,vernaculo,28,28
172,abruptamente,27,28
2868,aquejar,27,28
3189,arrepientir,27,28
5159,birome,27,28
6442,canchero,27,28
8781,comprensivo,27,28
8983,condensado,27,28
12401,despejado,27,28
13781,ebullicion,27,28
14795,englobar,27,28
15043,entredicho,27,28
15475,escoltado,27,28
22074,insensible,27,28
24537,llamativamente,27,28
25862,materializacion,27,28
28685,ocioso,27,28
32447,privatizado,27,28
33987,recomendable,27,28
34049,recopilacion,27,28
36188,salis,27,28
37744,solidarizar,27,28
38162,suavizar,27,28
8,abanderado,26,28
33,abatido,26,28
952,afrenta,26,28
1523,algunxs,26,28
2227,anidar,26,28
3807,aunar,26,28
7214,celestial,26,28
8255,codear,26,28
11893,desconcertar,26,28
11955,descripto,26,28
12038,desencajado,26,28
12052,desenfrenado,26,28
12235,desinteresado,26,28
14922,ensanar,26,28
16920,falaz,26,28
17495,finalizacion,26,28
18142,frondizi,26,28
21386,incredulo,26,28
22152,instauracion,26,28
22324,intercalar,26,28
23864,lastimado,26,28
26160,mella,26,28
26360,meritocratico,26,28
26655,militarizado,26,28
26962,modificado,26,28
27008,mole,26,28
27208,moraleja,26,28
28276,nomina,26,28
31319,platillo,26,28
33368,quincena,26,28
34168,redefineir,26,28
34475,rehusar,26,28
35273,retribucion,26,28
36925,serenidad,26,28
39265,tengas,26,28
39920,tortilla,26,28
40402,trepa,26,28
1676,alter,25,28
2818,apropeir,25,28
3626,aterrado,25,28
6048,cachetazo,25,28
7100,causalidad,25,28
10926,darte,25,28
12326,desnudez,25,28
12569,destrozo,25,28
13150,disenadora,25,28
14927,ensaya,25,28
15023,entranable,25,28
16148,estupefaciente,25,28
16519,exitosamente,25,28
16658,expres,25,28
17507,financiarizacion,25,28
17816,forcejeo,25,28
18971,glamour,25,28
19625,habitable,25,28
20580,huerfana,25,28
20778,idilico,25,28
20978,imperante,25,28
22558,intransigente,25,28
22817,irreparable,25,28
23142,jodar,25,28
27037,momentaneo,25,28
27998,neon,25,28
28158,nike,25,28
28818,ojota,25,28
31950,practicante,25,28
32520,procreacion,25,28
34156,redactado,25,28
36174,salia,25,28
36839,sensiblemente,25,28
38353,sudar,25,28
39180,tematizar,25,28
39819,tonada,25,28
42189,volkswagen,25,28
3220,arrogante,24,28
3520,astro,24,28
3564,atadura,24,28
5825,buffet,24,28
8791,comprobado,24,28
8812,compulsion,24,28
13798,eclectico,24,28
13965,egoismo,24,28
14507,encadenamiento,24,28
16542,exorcizar,24,28
17740,focus,24,28
21701,infectar,24,28
22644,inventiva,24,28
22656,inversiones,24,28
22953,jacobo,24,28
22994,jamon,24,28
23094,jersey,24,28
23210,jovencito,24,28
25865,materialmente,24,28
25886,maton,24,28
29024,opresor,24,28
30513,perdes,24,28
33315,querias,24,28
35427,revolucionaria,24,28
35591,ritondo,24,28
41343,vea,24,28
42364,way,24,28
1713,alucinacion,23,28
4485,banquete,23,28
5498,borrachera,23,28
6600,capitolio,23,28
7536,chatarra,23,28
8372,colectiva,23,28
12579,desuso,23,28
12635,detenidos,23,28
13533,doquier,23,28
15540,escuadron,23,28
17725,flyer,23,28
20480,hormiguero,23,28
21696,infeccioso,23,28
25202,maleza,23,28
27516,multidimensional,23,28
28181,ninguneo,23,28
28989,operatoria,23,28
29269,ostentacion,23,28
30142,paulatin,23,28
30688,perpetrado,23,28
32834,protocolar,23,28
35486,ricota,23,28
1868,amen,22,28
2014,anacronismo,22,28
4986,bianco,22,28
5356,bolivariano,22,28
6447,cancionero,22,28
7176,cedula,22,28
9783,cooptacion,22,28
10791,cuspide,22,28
12243,desleal,22,28
16959,falsificacion,22,28
18011,francis,22,28
18438,galvez,22,28
27663,mutilacion,22,28
32031,precursor,22,28
32942,psicopata,22,28
33098,pulover,22,28
40648,tumbar,22,28
3798,aullido,21,28
3961,automotor,21,28
4664,basurero,21,28
7125,caverna,21,28
8364,coleccionar,21,28
10103,cosmo,21,28
11619,desacato,21,28
16145,estufa,21,28
17408,figuracion,21,28
17741,fogata,21,28
18492,garage,21,28
20520,hostel,21,28
26997,mold,21,28
28048,neumonia,21,28
30494,perceptivo,21,28
33933,reciclado,21,28
39422,tertulia,21,28
42306,wagner,21,28
9922,coronaviru,20,28
14662,encuestadora,20,28
19818,haroldo,20,28
19968,heras,20,28
20793,idolatria,20,28
23178,jordan,20,28
25061,magali,20,28
35519,rights,20,28
36404,sarah,20,28
967,afrodescendiente,19,28
3238,arruga,19,28
4543,bardo,19,28
6855,carrillo,19,28
19071,golondrina,19,28
27052,monasterio,19,28
27127,monroe,19,28
28319,norman,19,28
28523,obesidad,19,28
36199,salmon,19,28
41579,verdes,19,28
42441,will,19,28
42449,wilson,19,28
42475,woke,19,28
4035,auyero,18,28
7816,cibernetico,18,28
15662,esparcimiento,18,28
17574,fisco,18,28
19121,gorda,18,28
21962,inmortalidad,18,28
25820,mastil,18,28
25871,maternar,18,28
28035,net,18,28
35209,retaguardia,18,28
40562,trotar,18,28
18508,garay,17,28
22224,insurgencia,17,28
32860,providencia,17,28
32903,prt,17,28
41713,viamonte,17,28
4103,aviacion,16,28
5080,billy,16,28
6398,camporista,16,28
20193,hinde,16,28
7321,cepillo,15,28
9670,conurban,15,28
10151,costurero,15,28
11289,delfina,15,28
16208,etiquetado,15,28
35909,rucci,15,28
42563,yankee,15,28
4278,bahiense,14,28
5951,but,14,28
13696,duki,14,28
21777,informaciones,14,28
7928,cion,13,28
26864,mitchell,13,28
42518,xavier,13,28
1067,agostina,12,28
7386,cerutti,12,28
23944,lavezzi,12,28
30635,peritaj,12,28
36268,samba,12,28
5362,bollo,11,28
36554,sciolismo,11,28
38715,sydney,11,28
39101,tejedora,11,28
5191,bla,10,28
36320,sangrado,9,28
5677,brigadista,8,28
7701,chivilcoy,8,28
7989,cisterna,8,28
24806,lsd,8,28
33503,rafa,7,28
5966,caacupe,6,28
25563,marcho,6,28
31195,pity,6,28
4897,berenice,5,28
29019,oppenheimer,5,28
35901,rubius,5,28
15304,ernaux,4,28
18614,gaudio,4,28
38021,spregelburd,4,28
38766,tacna,4,28
10782,curuguaty,3,28
25670,mariu,3,28
42343,warmi,3,28
908,afilado,27,27
3606,atendido,27,27
5325,boicotear,27,27
13122,discurrir,27,27
15438,escision,27,27
15586,escurridizo,27,27
16416,excitado,27,27
17305,ferviente,27,27
25387,manipulado,27,27
28055,neuralgico,27,27
33077,pujante,27,27
33616,raramente,27,27
33893,recaudo,27,27
41755,vicisitud,27,27
54,aberracion,26,27
798,adscripcion,26,27
2358,anterioridad,26,27
6004,cabida,26,27
7158,cebar,26,27
9081,confinado,26,27
13971,egresar,26,27
14856,enogir,26,27
15726,esperanzado,26,27
15885,estampar,26,27
16791,extravagante,26,27
17309,fervoroso,26,27
18003,francamente,26,27
20003,hermandad,26,27
21457,indeleble,26,27
21662,inexorablemente,26,27
24508,liviandad,26,27
24867,lugubre,26,27
26290,menton,26,27
26742,ministros,26,27
28236,nodal,26,27
29771,parcialidad,26,27
30312,pelar,26,27
32039,predecible,26,27
34472,rehacer,26,27
35468,ribet,26,27
38663,sustentabl,26,27
39278,tenor,26,27
39809,tomer,26,27
39992,trabajas,26,27
41979,viralizado,26,27
42286,vuelvo,26,27
75,abocado,25,27
2629,apelaciones,25,27
3056,aristocratico,25,27
3985,autopercibir,25,27
5291,bocado,25,27
7202,celebratorio,25,27
10341,cristalino,25,27
10609,cuestionable,25,27
10669,culpabilizar,25,27
11126,decorar,25,27
11415,demonizacion,25,27
11566,derivo,25,27
16209,etiquetar,25,27
17612,flagrante,25,27
17736,focalizado,25,27
18137,frivolidad,25,27
21658,inexistencia,25,27
22277,intencionado,25,27
22852,irritacion,25,27
25362,mania,25,27
26375,merodear,25,27
27851,nausea,25,27
30546,peregrinar,25,27
31243,planchado,25,27
35113,respectar,25,27
37565,sobretodo,25,27
38603,surgar,25,27
38616,surrealista,25,27
38652,suspirar,25,27
40232,transpirado,25,27
40688,turbulento,25,27
41422,velada,25,27
894,affaire,24,27
988,agarra,24,27
3031,argumentativo,24,27
3221,arrogar,24,27
3356,asediar,24,27
3398,asfaltado,24,27
3537,astuto,24,27
7872,cifrar,24,27
8695,compilacion,24,27
9232,conquistador,24,27
9724,converti,24,27
11840,descartado,24,27
12094,desesperante,24,27
12119,desfavorable,24,27
13829,economicos,24,27
15263,equivocacion,24,27
15799,espurio,24,27
15815,esquivel,24,27
16679,expropiar,24,27
16736,extirpar,24,27
18037,franz,24,27
20315,hiv,24,27
21079,impostura,24,27
21217,inaudito,24,27
21562,individualizacion,24,27
24632,llueve,24,27
24876,luiz,24,27
25166,malaria,24,27
27834,naturales,24,27
27890,neblina,24,27
29066,oratoria,24,27
29234,oscilacion,24,27
30780,perturbador,24,27
31973,preambulo,24,27
34042,recontra,24,27
38245,subo,24,27
41638,verte,24,27
42254,vote,24,27
1809,amarrado,23,27
3395,aseverar,23,27
7567,chef,23,27
8073,clasismo,23,27
8900,concernir,23,27
12021,desembolso,23,27
12873,difunde,23,27
13834,economistas,23,27
14182,emancipador,23,27
15242,equipaje,23,27
16749,extracto,23,27
18168,frutilla,23,27
18764,geometria,23,27
20673,hungaro,23,27
29371,pacer,23,27
33213,puteada,23,27
33791,reapertura,23,27
33821,rebautizar,23,27
36161,sale,23,27
37509,sobrecarga,23,27
38539,supersticion,23,27
40103,tranquilamente,23,27
42052,visperas,23,27
104,aborrecer,22,27
469,acopio,22,27
1565,alimentos,22,27
3984,autopercibido,22,27
6129,cal,22,27
6443,canchita,22,27
10594,cuerno,22,27
14032,electivo,22,27
14659,encuestada,22,27
17288,ferreteria,22,27
20292,historias,22,27
20750,ideas,22,27
30151,pauperizacion,22,27
32183,prepaga,22,27
40607,tuberculosis,22,27
41432,velatorio,22,27
3963,automotriz,21,27
4895,berazategui,21,27
5415,bonaerens,21,27
6047,cachetada,21,27
6167,calculadora,21,27
6392,camping,21,27
6928,casanova,21,27
7594,chi,21,27
8229,cochabamba,21,27
12082,desercion,21,27
18923,giorgio,21,27
22259,intelectualidad,21,27
23881,latex,21,27
29820,parisino,21,27
29869,parroquial,21,27
30164,pavada,21,27
33981,recolector,21,27
39444,testeo,21,27
40714,tutorial,21,27
41056,usuaria,21,27
760,adoptivo,20,27
3058,aristoteles,20,27
4331,balada,20,27
6245,caloria,20,27
11001,debida,20,27
18124,friendly,20,27
18184,fuentes,20,27
23264,jueguito,20,27
23426,karma,20,27
25585,mareo,20,27
30891,philip,20,27
31748,portantiero,20,27
40857,underground,20,27
41210,vallejo,20,27
9260,consejeria,19,27
9415,consultoria,19,27
10370,croata,19,27
11838,descartabl,19,27
18819,gestante,19,27
20663,humorista,19,27
26663,milla,19,27
30145,paulina,19,27
38049,stanford,19,27
39276,tenista,19,27
40482,tripulacion,19,27
2441,antiimperialista,18,27
8416,colision,18,27
18926,giovanni,18,27
19053,golazo,18,27
21184,inadi,18,27
32809,proteccionismo,18,27
38615,surrealismo,18,27
5497,borracha,17,27
6321,cameron,17,27
9147,congo,17,27
11291,delgadez,17,27
20831,iguazu,17,27
24271,libido,17,27
26196,memorias,17,27
26370,merma,17,27
29068,orban,17,27
29719,paraguaya,17,27
31679,popularizacion,17,27
37407,sismo,17,27
39430,tesla,17,27
42625,young,17,27
5950,bustos,16,27
9399,consulado,16,27
15800,esquel,16,27
17913,foster,16,27
24276,libras,16,27
32870,provincias,16,27
35780,ronco,16,27
4583,barrientos,15,27
8832,comunero,15,27
17976,fragata,15,27
24148,lescano,15,27
26447,meteorito,15,27
27099,monogamia,15,27
34728,renal,15,27
7145,ccc,14,27
20119,hidroelectrica,14,27
7598,chiara,13,27
9905,cornejo,13,27
11737,desarme,13,27
41311,varsovia,13,27
21258,incidental,12,27
24556,llaryora,12,27
36261,salvini,12,27
3197,arribas,11,27
25583,maremoto,11,27
33412,quispe,11,27
38037,stage,11,27
38683,susy,11,27
3512,astillero,10,27
7715,choco,10,27
18499,garantismo,10,27
23727,laicidad,10,27
7372,cerrito,9,27
19441,guantanamo,9,27
18619,gavilan,8,27
28952,only,8,27
36003,sabag,8,27
5815,buendia,7,27
7335,cercas,7,27
8861,conae,7,27
18368,gael,7,27
23165,joker,7,27
30037,patagones,7,27
41323,vasquez,7,27
13753,dussel,6,27
17893,fortnite,6,27
19168,gould,6,27
33692,ravi,6,27
42578,years,6,27
4625,bashar,5,27
27060,mondongo,5,27
30869,petrona,5,27
41966,violetta,5,27
23559,kodama,4,27
26491,mexia,3,27
1128,agrio,26,26
1752,alzado,26,26
2215,angustiante,26,26
5984,cabalmente,26,26
10030,corrosivo,26,26
11252,deje,26,26
12346,desolador,26,26
12586,desvaneceir,26,26
13730,duramente,26,26
14728,enfaticamente,26,26
18221,fulminante,26,26
19255,grandilocuente,26,26
21019,implementado,26,26
23279,jugoso,26,26
24568,llegas,26,26
35099,resonante,26,26
38535,superpuesta,26,26
38590,surcar,26,26
170,abrumar,25,26
619,acusador,25,26
815,adultez,25,26
1320,alargar,25,26
1769,amagar,25,26
1944,amontonado,25,26
2945,archivar,25,26
4089,avergonzado,25,26
4243,bache,25,26
4402,bambalina,25,26
9167,conjetura,25,26
9205,connivencia,25,26
9737,convidar,25,26
11754,desarticulado,25,26
12120,desfavorecido,25,26
12231,desintegracion,25,26
12907,digito,25,26
13189,disimulado,25,26
13598,dramatismo,25,26
14519,encandilar,25,26
14605,encoger,25,26
14631,encorvado,25,26
16097,estridencia,25,26
16364,exaltado,25,26
17269,ferocidad,25,26
17531,finitud,25,26
19920,helar,25,26
21241,incendiado,25,26
21641,inerte,25,26
21900,inimaginable,25,26
22423,internacionalmente,25,26
26151,melena,25,26
27848,naufragar,25,26
29728,paralelamente,25,26
30116,patriotismo,25,26
34087,recoveco,25,26
34563,relacionir,25,26
38292,subsumir,25,26
41513,venia,25,26
41679,veta,25,26
42036,visionario,25,26
55,aberrant,24,26
76,abocar,24,26
913,afiliar,24,26
1663,alsogaray,24,26
2123,andir,24,26
4173,ayudado,24,26
5949,busto,24,26
6466,candido,24,26
7726,chomba,24,26
8658,compartar,24,26
10065,cortir,24,26
11442,denigrar,24,26
11957,descrito,24,26
12140,desgarrado,24,26
13669,dudas,24,26
14087,eleonor,24,26
14943,ensene,24,26
15155,envenenado,24,26
15503,escraches,24,26
15805,esquematico,24,26
19958,henrique,24,26
20500,horrorizar,24,26
22618,invadido,24,26
22793,irreconciliabl,24,26
27483,mugre,24,26
28978,operado,24,26
30752,personificar,24,26
35017,resbalar,24,26
35932,rugir,24,26
40657,tumulto,24,26
41645,verter,24,26
41915,vincha,24,26
42833,zumbido,24,26
3295,artilleria,23,26
4985,bianchini,23,26
5067,bilingue,23,26
7481,chantaje,23,26
7871,cifrado,23,26
8920,concientizar,23,26
10068,cortito,23,26
14698,endurecimiento,23,26
15907,estante,23,26
16322,evitabl,23,26
16425,exclusiva,23,26
18064,frederic,23,26
19418,grupito,23,26
20815,ignoto,23,26
22113,insondable,23,26
24403,lincoln,23,26
25042,madurar,23,26
29057,oradora,23,26
32010,precipicio,23,26
32330,prevalencia,23,26
33019,pudimos,23,26
34006,reconducir,23,26
34525,reinvencion,23,26
35351,rever,23,26
35501,riel,23,26
35727,roll,23,26
35775,ronald,23,26
37840,sonriar,23,26
39837,tonteria,23,26
42129,vivis,23,26
1527,aliada,22,26
2670,aplastado,22,26
6161,calcinado,22,26
7117,cauto,22,26
8640,company,22,26
9880,cordobesa,22,26
9885,cordura,22,26
11804,descalabro,22,26
12183,deshumanizacion,22,26
13398,docil,22,26
13628,drogado,22,26
17056,farol,22,26
17551,firmante,22,26
18410,gallego,22,26
18444,gambeta,22,26
20075,heteronormativo,22,26
25546,marcel,22,26
27551,multisectorial,22,26
29301,otrx,22,26
31901,postumo,22,26
34102,rectangulo,22,26
35915,rudo,22,26
37362,sinsentido,22,26
38013,sport,22,26
39094,teja,22,26
39226,ten,22,26
39954,totem,22,26
41464,vendado,22,26
734,admision,21,26
1297,alabarces,21,26
2364,anthony,21,26
3336,asambleario,21,26
3990,autoproclamado,21,26
4666,bata,21,26
6857,carrion,21,26
8689,competicion,21,26
11105,declinacion,21,26
11266,delantera,21,26
13257,disrupcion,21,26
14938,ensenada,21,26
15387,escanear,21,26
16747,extractivisto,21,26
20285,histeria,21,26
22183,instituyente,21,26
26668,millennial,21,26
27709,nado,21,26
31993,precarizar,21,26
33459,racionalizacion,21,26
34615,relevo,21,26
36097,sadico,21,26
37751,solis,21,26
39202,temperley,21,26
41737,viceministro,21,26
1478,alfa,20,26
1757,alzheimer,20,26
17585,fisiologico,20,26
19500,guerrera,20,26
20328,hockey,20,26
20390,homero,20,26
21605,industrializado,20,26
21722,infiltracion,20,26
25131,maipu,20,26
25479,maps,20,26
29741,paramo,20,26
31162,pisada,20,26
38120,story,20,26
5575,boveda,19,26
7430,chacho,19,26
7986,cisne,19,26
12461,despolitizacion,19,26
13445,dolencia,19,26
13972,egreso,19,26
14194,embajadora,19,26
14705,enemistad,19,26
16744,extractiva,19,26
18707,geneticamente,19,26
19356,gringa,19,26
22889,islandia,19,26
24319,lidia,19,26
28358,notas,19,26
30743,personalizacion,19,26
32768,pros,19,26
35660,rocha,19,26
35790,roosevelt,19,26
37199,silaba,19,26
38128,strauss,19,26
41717,viatico,19,26
493,acosador,18,26
5162,bisabuela,18,26
12849,difamacion,18,26
13692,duhaldista,18,26
14120,elipsis,18,26
18398,gales,18,26
23691,lacunza,18,26
28291,noqui,18,26
31833,posmodernidad,18,26
34927,representantes,18,26
39516,this,18,26
41441,vello,18,26
4983,bezos,17,26
6859,carrizo,17,26
7089,caucho,17,26
7459,champions,17,26
7765,christopher,17,26
10657,culinario,17,26
17103,faulkner,17,26
20795,idoneidad,17,26
23089,jeringa,17,26
25736,marvel,17,26
26121,megamineria,17,26
26700,minas,17,26
27720,naif,17,26
28103,neymar,17,26
29065,orar,17,26
29794,parental,17,26
32151,premier,17,26
37864,soplo,17,26
38074,stella,17,26
42188,voley,17,26
2523,antorcha,16,26
5358,boliviana,16,26
8819,computacional,16,26
18419,gallinero,16,26
18507,garavano,16,26
40027,tradicionalista,16,26
4116,avioneta,15,26
13379,djs,15,26
17607,flacso,15,26
23358,just,15,26
26778,miraflores,15,26
27072,money,15,26
28088,neves,15,26
28117,nicholas,15,26
34632,relocalizacion,15,26
3020,argra,14,26
6944,cascote,14,26
10172,council,14,26
18355,gabo,14,26
19808,hardware,14,26
23740,lalo,14,26
35137,resplandor,14,26
559,actrices,13,26
7521,charo,13,26
10060,cortez,13,26
19760,halvorsen,13,26
42341,warhol,13,26
6986,castelli,12,26
12998,diplomatura,12,26
17533,finlandes,12,26
23540,kissinger,12,26
24841,luciernaga,12,26
25566,marciales,12,26
27131,monsenor,12,26
36269,same,12,26
38113,storani,12,26
3517,astral,11,26
7085,cauca,11,26
19773,hamilton,11,26
25038,madryn,11,26
27167,monterrey,11,26
28653,ocasio,11,26
30875,pettovello,11,26
30933,picadero,11,26
31146,pirateria,11,26
40021,trade,11,26
18606,gatti,10,26
23093,jerry,10,26
28113,nicaraguense,10,26
41685,veterinaria,10,26
42089,vitro,10,26
20454,hooks,9,26
23245,judas,9,26
37420,sitcom,9,26
38030,sri,9,26
39146,telescopio,9,26
40790,uhart,9,26
40826,ultraprocesado,9,26
1926,amlo,8,26
7118,cava,8,26
15279,ercolini,8,26
17798,fonzi,8,26
41538,ventrilocuo,8,26
19431,guaido,7,26
19738,hal,7,26
19819,harper,7,26
34793,renzi,7,26
35899,rubinstein,6,26
37971,spa,6,26
39863,tor,6,26
4890,benzacar,5,26
5830,bugs,4,26
17543,fiorella,4,26
19912,heker,4,26
24472,lita,4,26
26799,miri,4,26
39165,telleria,4,26
2560,aoc,3,26
10320,criollismo,3,26
25400,manna,3,26
29394,pacino,3,26
31435,pochi,3,26
2025,analfabeto,25,25
3788,augurio,25,25
11892,desconcertante,25,25
12263,deslumbrante,25,25
12413,desperdicio,25,25
15727,esperanzador,25,25
18152,frotar,25,25
19266,granito,25,25
22811,irremediablemente,25,25
23254,judicialmente,25,25
24846,lucrar,25,25
30597,pergenar,25,25
34308,reflector,25,25
34873,replegar,25,25
36682,seguida,25,25
37908,sorpresivamente,25,25
38160,suavidad,25,25
38888,tantear,25,25
338,acelero,24,25
1052,agobiante,24,25
1178,agudeza,24,25
1881,ameno,24,25
2220,anhelado,24,25
3227,arrollador,24,25
6225,callejera,24,25
7293,centralizar,24,25
11002,debidamente,24,25
11195,definitorio,24,25
11686,desalentar,24,25
12370,despacito,24,25
13101,discrecional,24,25
19751,hallado,24,25
20016,hermetismo,24,25
20304,historizar,24,25
21292,inclusiva,24,25
21411,inculcar,24,25
21621,ineficacia,24,25
21637,inequivoco,24,25
22469,interrogacion,24,25
22557,intransigencia,24,25
23870,lastre,24,25
24068,leimos,24,25
26083,medioambiente,24,25
26834,misma,24,25
27123,monotono,24,25
27576,mundillo,24,25
28817,ojos,24,25
30094,patriarca,24,25
30361,peluche,24,25
32264,presionado,24,25
32938,psicologicamente,24,25
33788,reanudar,24,25
35050,resguardado,24,25
35068,resignificacion,24,25
35098,resonant,24,25
35355,reverencia,24,25
36399,saqueos,24,25
36663,seductoro,24,25
36809,sendos,24,25
37768,soltura,24,25
38453,sumatoria,24,25
40233,transpirar,24,25
40409,trepo,24,25
41340,vayar,24,25
41496,venerar,24,25
243,abyecto,23,25
2659,apilado,23,25
3188,arrepientar,23,25
3757,atuendo,23,25
4593,barroca,23,25
4739,beatles,23,25
9800,copado,23,25
10978,debar,23,25
11547,der,23,25
11666,desafortunado,23,25
11988,desdibujado,23,25
12589,desvanecir,23,25
13224,disparate,23,25
14135,ell,23,25
14926,ensangrentado,23,25
14970,entendible,23,25
14979,enterado,23,25
15073,entrerriano,23,25
15353,esbozo,23,25
15454,escoba,23,25
15556,escuchas,23,25
20091,hiato,23,25
20326,hoc,23,25
25700,marrones,23,25
26877,mitologico,23,25
27668,mutual,23,25
28222,nobleza,23,25
29804,parezcar,23,25
30079,patologico,23,25
34750,renegociacion,23,25
34798,reordenar,23,25
35256,retraccion,23,25
36222,saluda,23,25
37257,simetrico,23,25
38564,suplicar,23,25
39082,tedio,23,25
42212,voluntarismo,23,25
1027,agigantar,22,25
1420,alegoria,22,25
1775,amalgamar,22,25
2258,aniquilacion,22,25
4962,bestial,22,25
5564,boulevard,22,25
6277,camaras,22,25
6950,caseros,22,25
9157,congresos,22,25
9480,contemplir,22,25
9518,contextualizar,22,25
13131,discuten,22,25
13174,disfuncional,22,25
13473,domesticado,22,25
14408,emplazado,22,25
14847,enmascarado,22,25
19505,guerriero,22,25
20492,hornos,22,25
21799,infraccion,22,25
24303,licito,22,25
27512,multicultural,22,25
28229,noches,22,25
28382,notoriamente,22,25
30120,patrocinio,22,25
30718,perseverancia,22,25
31395,pluralista,22,25
32076,preexistente,22,25
32539,prodigo,22,25
34759,renido,22,25
35392,revisitar,22,25
35717,rojizo,22,25
36412,sarcasmo,22,25
38221,subjetivacion,22,25
38649,suspicacia,22,25
38827,talk,22,25
39286,tensionado,22,25
40358,travesura,22,25
41158,vaina,22,25
41835,viga,22,25
160,abro,21,25
1199,aguinaldo,21,25
1810,amarrar,21,25
4876,bengala,21,25
7364,cerradura,21,25
10300,crimenes,21,25
13125,discursividad,21,25
13210,disonancia,21,25
13328,divergencia,21,25
14340,empapar,21,25
14773,enganado,21,25
14965,entelequia,21,25
15170,envion,21,25
15855,estadisticamente,21,25
17388,fiera,21,25
19315,great,21,25
19832,has,21,25
19859,haz,21,25
20664,humoristico,21,25
21397,incriminar,21,25
23232,jubilada,21,25
26104,medular,21,25
26870,mitigacion,21,25
29134,orgia,21,25
29416,padrastro,21,25
31080,ping,21,25
33184,pupitre,21,25
33859,recalcar,21,25
34242,reelegir,21,25
34325,reflotar,21,25
34406,regina,21,25
34809,reparador,21,25
36845,sensualidad,21,25
38697,svampa,21,25
40667,tunez,21,25
41146,vagabundo,21,25
2923,arbusto,20,25
8808,compu,20,25
11078,decimononico,20,25
12938,dillon,20,25
13009,dique,20,25
14351,emparentado,20,25
15591,esencialista,20,25
16842,fabril,20,25
19208,graduacion,20,25
20376,hombres,20,25
20514,hospitalidad,20,25
22044,insaciable,20,25
22584,intromision,20,25
24434,lino,20,25
27247,moreton,20,25
28083,nevado,20,25
28696,ocular,20,25
29478,pakistan,20,25
30208,peaton,20,25
33267,quedas,20,25
37323,sindicalizacion,20,25
38242,submundo,20,25
38307,subvencion,20,25
39150,televidente,20,25
3225,arrojo,19,25
4006,autoritarismos,19,25
6486,canibal,19,25
9272,consentido,19,25
10768,cursi,19,25
11184,deficitario,19,25
21333,inconclus,19,25
22197,instrumentalizar,19,25
23993,lectivo,19,25
26401,mestizaje,19,25
30485,peralta,19,25
30910,pianista,19,25
31239,plana,19,25
39008,taxonomia,19,25
39152,televisacion,19,25
41999,virrey,19,25
42365,wayar,19,25
56,aberrante,18,25
281,acaricia,18,25
657,adelgazar,18,25
6029,caca,18,25
7206,celebriti,18,25
7388,cerveceria,18,25
10018,corro,18,25
13531,dopamina,18,25
15572,escuelita,18,25
16856,facha,18,25
18034,franquismo,18,25
22376,interfaz,18,25
39518,thompson,18,25
2898,aranguren,17,25
3669,atmosferico,17,25
12824,didi,17,25
20972,impenetrable,17,25
22238,intangible,17,25
22984,jam,17,25
23071,jennifer,17,25
23381,juventudes,17,25
25033,madrina,17,25
25904,matt,17,25
26670,miller,17,25
28065,neurologico,17,25
28375,noticioso,17,25
40556,tropo,17,25
42450,win,17,25
4455,bandido,16,25
4771,beck,16,25
10290,criadero,16,25
15919,estatalidad,16,25
17300,fertilizacion,16,25
17467,filmus,16,25
17691,floresta,16,25
19125,gordito,16,25
24977,machete,16,25
25009,mad,16,25
26215,mendigo,16,25
26472,metoo,16,25
27185,montoya,16,25
32002,preceptor,16,25
33193,purificacion,16,25
33568,ranciere,16,25
34210,redonditos,16,25
34690,remix,16,25
36620,secuestrador,16,25
39423,teruggi,16,25
40848,unasur,16,25
7884,cilindro,15,25
12466,desposesion,15,25
18035,franquista,15,25
18075,freezer,15,25
24712,lolita,15,25
27069,monetizacion,15,25
32011,precipitacion,15,25
35301,retuitear,15,25
1866,amelia,14,25
33060,puestero,14,25
37340,singer,14,25
42093,viudo,14,25
4449,banderas,13,25
11993,desdoblamiento,13,25
27502,muller,13,25
37076,sheriff,13,25
39384,terquedad,13,25
1696,altiplano,12,25
5377,bolsonarista,12,25
5712,broadway,12,25
7558,chavo,12,25
17282,ferreira,12,25
18788,gerencial,12,25
13666,ducto,11,25
16177,etchecopar,11,25
18000,fran,11,25
18073,freestyle,11,25
18679,generalista,11,25
3504,asterisco,10,25
7110,cautiva,10,25
19279,gras,10,25
28038,netbook,10,25
6483,cangrejo,9,25
24808,luana,9,25
33245,quebracho,9,25
10891,danilo,8,25
18371,gaga,8,25
28304,norita,8,25
29142,oriana,8,25
20536,houellebecq,7,25
17594,fitness,6,25
3258,arteba,5,25
24730,londra,5,25
30417,penn,5,25
38794,taibo,5,25
4521,barbi,4,25
17664,flh,4,25
14104,elida,3,25
1051,agobiado,24,24
2275,anochecer,24,24
2501,antitesis,24,24
2837,aproximado,24,24
3161,arrebato,24,24
3416,asiente,24,24
3723,atrever,24,24
4612,barullo,24,24
12092,desesperadamente,24,24
13802,eclipsar,24,24
14937,ensena,24,24
15887,estampida,24,24
17188,felicitacion,24,24
17635,flashes,24,24
18805,germinar,24,24
20974,impensada,24,24
21230,incansablemente,24,24
22629,invariablemente,24,24
26509,mezquino,24,24
26994,mojon,24,24
27838,naturalista,24,24
33735,reacio,24,24
34176,redes,24,24
34339,reforzado,24,24
35226,retina,24,24
35372,revestir,24,24
37276,simplificado,24,24
37417,sistematizar,24,24
38109,stones,24,24
38257,subrayan,24,24
38328,sucesivamente,24,24
38410,sugerente,24,24
40390,tremendamente,24,24
41941,vio,24,24
1280,ajo,23,24
2543,anudado,23,24
3154,arrastrado,23,24
3542,asumia,23,24
4283,baila,23,24
4855,benefactor,23,24
5878,burdo,23,24
6762,carisimo,23,24
7887,cimbronazo,23,24
8210,cobijo,23,24
8390,colegiales,23,24
8955,concuerdar,23,24
10766,cursado,23,24
11012,debilitir,23,24
11127,decorativo,23,24
11485,deparar,23,24
11575,derramado,23,24
11854,descentralizacion,23,24
12678,devaluado,23,24
14682,endilgar,23,24
15914,estariar,23,24
16186,etereo,23,24
16803,extremidad,23,24
17457,filman,23,24
17988,fragmentario,23,24
18310,furtivo,23,24
19162,goteo,23,24
20917,imagino,23,24
21227,incalculable,23,24
21350,inconmensurable,23,24
21929,inmediacion,23,24
24597,llevas,23,24
25093,magnetismo,23,24
26051,mediatizado,23,24
27840,naturalizada,23,24
27946,negocios,23,24
28180,ningunear,23,24
28443,nucleado,23,24
28657,ocasionalmente,23,24
28725,odiado,23,24
30226,peculiaridad,23,24
30699,perplejo,23,24
32061,predispuesto,23,24
32490,procedente,23,24
33103,pulpo,23,24
33887,recaudado,23,24
34503,reincorporar,23,24
34739,rendido,23,24
34850,repet,23,24
35145,respondo,23,24
36681,seguiar,23,24
37175,signar,23,24
38929,tar,23,24
39274,tenir,23,24
42049,viso,23,24
42222,volverir,23,24
887,afeitar,22,24
2319,ansiado,22,24
2481,antipopular,22,24
4254,backstage,22,24
5995,cabellera,22,24
6276,camaraderia,22,24
6877,cartelera,22,24
6956,cash,22,24
8259,codiciado,22,24
8417,colisionar,22,24
8699,compilar,22,24
9216,conoci,22,24
9961,correctivo,22,24
12284,desmedro,22,24
12414,desperdigado,22,24
13124,discursivamente,22,24
13372,divulgador,22,24
14112,eliminado,22,24
15411,escarnio,22,24
15565,escudar,22,24
15741,espesor,22,24
16765,extranamiento,22,24
17925,fotografiado,22,24
18765,geometrico,22,24
20008,hermanos,22,24
20788,ido,22,24
21760,influenciado,22,24
22013,inocuo,22,24
22520,intestino,22,24
24411,lindero,22,24
26889,mixtura,22,24
28360,notebook,22,24
30421,penoso,22,24
31872,posteridad,22,24
32435,privada,22,24
32702,promulgado,22,24
33530,ralentizar,22,24
35009,resabio,22,24
37698,solapa,22,24
38722,system,22,24
40286,traslucir,22,24
41517,venidero,22,24
385,achicamiento,21,24
1438,alem,21,24
2020,anagrama,21,24
2971,ardor,21,24
3128,arquitecta,21,24
3163,arreciar,21,24
4529,barbudo,21,24
7123,cavar,21,24
8197,coautor,21,24
9503,contestacion,21,24
13143,diseccionar,21,24
15578,escultor,21,24
16672,expreso,21,24
18871,gigantografia,21,24
20940,impaciencia,21,24
21720,infiel,21,24
22352,intercultural,21,24
23821,laptop,21,24
27204,morado,21,24
32069,preeminencia,21,24
35509,riesgosa,21,24
35635,robir,21,24
35862,rotura,21,24
37426,situ,21,24
38112,stop,21,24
39227,tenacidad,21,24
41409,veintiun,21,24
1103,agregacion,20,24
3134,arrabal,20,24
3140,arranca,20,24
8519,combustion,20,24
9367,constitucionalista,20,24
10350,cristianos,20,24
11211,degenerado,20,24
13873,edilicio,20,24
17366,fichar,20,24
17572,fiscalizar,20,24
17733,focal,20,24
17848,formalizacion,20,24
18667,genealogico,20,24
18861,gieco,20,24
18946,gitano,20,24
20891,imagenes,20,24
20923,imbecil,20,24
22264,inteligibilidad,20,24
22591,intruso,20,24
23888,latiguillo,20,24
23936,lavandina,20,24
25467,mao,20,24
25995,mear,20,24
29764,parate,20,24
30965,picnic,20,24
31537,policy,20,24
34610,relevado,20,24
37851,sony,20,24
41930,vineta,20,24
2541,anualmente,19,24
4087,aventurero,19,24
5126,biologicista,19,24
5161,bis,19,24
5987,cabandie,19,24
7599,chic,19,24
7993,citacion,19,24
8087,claustro,19,24
8628,companer,19,24
10233,creci,19,24
16805,extremismo,19,24
20120,hidroelectrico,19,24
23062,jeff,19,24
26432,metalurgica,19,24
27353,motoquero,19,24
31250,planeamiento,19,24
31634,ponencia,19,24
32481,problematizacion,19,24
34803,reorientar,19,24
36454,satira,19,24
40141,transfeminista,19,24
40695,turner,19,24
5,abal,18,24
851,aerolinea,18,24
1612,almendra,18,24
2524,antro,18,24
2909,arbitraje,18,24
2939,archipielago,18,24
3677,atomizado,18,24
3960,automatizar,18,24
4023,autorxs,18,24
4560,barral,18,24
6731,cargador,18,24
7643,chillar,18,24
8524,comediante,18,24
11227,deidad,18,24
11304,deliberativo,18,24
11878,descolonizacion,18,24
12165,desguace,18,24
15191,epidemiologia,18,24
17251,feretro,18,24
19595,habeas,18,24
19844,have,18,24
22022,inorganico,18,24
22734,ipar,18,24
24449,liquidez,18,24
25463,manzano,18,24
28705,ocupacional,18,24
30613,perimetral,18,24
42425,who,18,24
795,adrogue,17,24
3780,auditivo,17,24
8153,clon,17,24
8637,companerx,17,24
15467,escolaridad,17,24
18118,frida,17,24
19907,heidegger,17,24
23414,karaoke,17,24
24865,lugo,17,24
25295,manantial,17,24
27627,museum,17,24
27746,napa,17,24
27813,natalidad,17,24
31037,pillar,17,24
33328,quevedo,17,24
34589,relativismo,17,24
36722,self,17,24
36906,sepultura,17,24
40009,traccion,17,24
40954,uocra,17,24
41073,utep,17,24
1329,alaska,16,24
6994,castilla,16,24
10096,cosificar,16,24
11018,debora,16,24
12410,despentes,16,24
12572,destructor,16,24
15206,episcopal,16,24
16983,familias,16,24
24308,licuado,16,24
28098,newton,16,24
28153,night,16,24
29385,pacificacion,16,24
29775,pardo,16,24
31612,pomeraniec,16,24
37342,single,16,24
39032,techno,16,24
40243,transportista,16,24
1744,alvarado,15,24
1998,amsterdam,15,24
2840,apruebo,15,24
3674,atomica,15,24
4696,baudelaire,15,24
5807,budismo,15,24
6844,carreta,15,24
10857,damas,15,24
12980,diocesis,15,24
13639,drone,15,24
14099,elia,15,24
20682,hurtado,15,24
23119,jinete,15,24
25056,mafalda,15,24
28433,nro,15,24
29395,pack,15,24
33029,puebla,15,24
33365,quimioterapia,15,24
35644,robotica,15,24
40587,trujillo,15,24
42071,vitale,15,24
1748,alves,14,24
3882,autoconciencia,14,24
4133,aviv,14,24
5272,blumberg,14,24
8415,coliseo,14,24
19475,guarnicion,14,24
25727,martino,14,24
27318,mostaza,14,24
27769,narcomenudeo,14,24
28286,nono,14,24
28980,operadora,14,24
29307,our,14,24
30953,picco,14,24
4653,bastidor,13,24
5493,borisonik,13,24
6403,camuflaje,13,24
26532,mickey,13,24
30520,perdigon,13,24
33570,rand,13,24
1383,alcides,12,24
13892,edmundo,12,24
16301,evelyn,12,24
17044,farias,12,24
28245,noemi,12,24
34838,repelente,12,24
36374,santino,12,24
39767,tokatlian,12,24
4600,barruti,11,24
17618,flamenco,11,24
19285,grassi,11,24
21225,incaa,11,24
32053,predictivo,11,24
33507,rafecas,11,24
39499,thelma,11,24
41779,vicuna,11,24
23908,latorre,10,24
31334,playboy,10,24
36528,schmitt,10,24
39893,torneos,10,24
16285,evangelismo,9,24
25261,mamani,9,24
29429,pag,9,24
3018,argibay,8,24
4228,baba,8,24
7525,charrua,8,24
17936,fotoperiodista,8,24
37997,spielberg,8,24
24194,levinas,7,24
29497,palantir,7,24
40398,trenque,7,24
2135,andresito,6,24
2295,anorexico,6,24
21094,imprenteros,6,24
29294,otr,6,24
41318,vasectomia,6,24
3531,astronomo,5,24
33367,quinceanera,5,24
42593,yerbatero,5,24
2124,andis,4,24
5717,broggi,3,24
18350,gaal,3,24
29424,padura,3,24
1077,agradar,23,23
1839,ambientado,23,23
2399,anticuado,23,23
3585,atavico,23,23
3613,atentamente,23,23
3832,auspicioso,23,23
8459,coloquial,23,23
8606,comodamente,23,23
8934,concluido,23,23
10055,cortejo,23,23
11017,debo,23,23
11202,deformar,23,23
12246,deslegitimacion,23,23
12375,desparejo,23,23
13267,distar,23,23
13374,dixit,23,23
13573,dote,23,23
14723,enesimo,23,23
14769,enfurecido,23,23
15372,escalofriante,23,23
17496,finalizado,23,23
18104,fresca,23,23
18159,fruncido,23,23
20462,horadar,23,23
21307,incomoda,23,23
23883,latido,23,23
25532,maravillar,23,23
26037,medianamente,23,23
26047,mediaticamente,23,23
30333,peligrosamente,23,23
32210,presagio,23,23
32562,profano,23,23
32886,provocativo,23,23
33175,puntualmente,23,23
33737,reacomodamiento,23,23
34021,reconocibl,23,23
34376,regado,23,23
34678,reminiscencia,23,23
36045,saca,23,23
36088,sacudido,23,23
36919,seren,23,23
37666,sofa,23,23
38385,sueter,23,23
18,abaratar,22,23
152,abrigar,22,23
464,acontecido,22,23
1225,ahogo,22,23
1316,alarde,22,23
5419,bonanza,22,23
5884,burguesa,22,23
11311,delicia,22,23
12148,desgastado,22,23
13263,distanciado,22,23
13299,distribuidor,22,23
13362,divisorio,22,23
14623,encontras,22,23
15867,estafas,22,23
16001,estimulado,22,23
16007,estipular,22,23
16572,experiencial,22,23
16794,extraviado,22,23
17150,fecundo,22,23
18887,gilles,22,23
20245,hipoteca,22,23
20711,iberoamericano,22,23
20999,impersonal,22,23
21040,impoluto,22,23
22057,inscribar,22,23
22100,insistentemente,22,23
22547,intrafamiliar,22,23
22698,invitada,22,23
23648,laborioso,22,23
25404,manojo,22,23
26684,mimado,22,23
27498,muletilla,22,23
28383,notoriedad,22,23
31111,pintoresco,22,23
32711,prontuario,22,23
33187,pure,22,23
33755,reafirmacion,22,23
34224,redundancia,22,23
34348,refrendar,22,23
35275,retro,22,23
36031,saborear,22,23
36257,salvese,22,23
36693,seguis,22,23
36829,sensatez,22,23
37001,setecientos,22,23
37795,sombrilla,22,23
37884,sordido,22,23
38505,superfluo,22,23
39115,telarana,22,23
39706,titubear,22,23
41534,ventilar,22,23
1724,alumbrado,21,23
1764,amablemente,21,23
3119,arqueologia,21,23
3644,atiborrado,21,23
3940,autogobierno,21,23
4489,banquito,21,23
8258,codicia,21,23
8956,concurrar,21,23
9431,consumista,21,23
10080,cosas,21,23
10523,cuartos,21,23
11028,decadente,21,23
11621,desacelerar,21,23
12451,desplome,21,23
12745,dialecto,21,23
13084,discolo,21,23
13316,disuelvar,21,23
13354,divinidad,21,23
14427,empobrecir,21,23
15145,envalentonado,21,23
15163,envidiable,21,23
16772,extranjeria,21,23
17424,fijatir,21,23
17970,fracturado,21,23
20438,honorable,21,23
20922,imbatible,21,23
21269,incisivo,21,23
21757,influencers,21,23
22242,integrador,21,23
22910,italo,21,23
25064,magazine,21,23
25271,mamifero,21,23
26540,microclima,21,23
29012,oportunismo,21,23
29110,orga,21,23
29116,organigrama,21,23
29227,osado,21,23
30119,patrocinar,21,23
30998,pierdo,21,23
31119,piola,21,23
31309,platano,21,23
31311,plate,21,23
31689,populoso,21,23
33817,rebano,21,23
34264,reenviar,21,23
34285,referenciar,21,23
34754,renglon,21,23
35200,resurgimiento,21,23
36078,sacrificado,21,23
36679,segregar,21,23
37855,sopesar,21,23
39200,temperamento,21,23
39327,tercerizacion,21,23
39694,titere,21,23
39779,tolerante,21,23
40270,trasciende,21,23
40871,uniar,21,23
41600,vergonzante,21,23
982,again,20,23
1229,ahorcar,20,23
1308,alameda,20,23
1620,almohadon,20,23
3465,asociativo,20,23
4150,axioma,20,23
5227,blas,20,23
5547,botellita,20,23
6592,capitalizacion,20,23
7619,chicle,20,23
8020,civiles,20,23
8931,concitar,20,23
10319,criolla,20,23
10539,cubierta,20,23
11147,dedicatoria,20,23
11237,dejame,20,23
11369,demarcar,20,23
13493,dominical,20,23
13737,duras,20,23
14302,emisor,20,23
14593,enciclica,20,23
15779,esponja,20,23
16787,extraterrestre,20,23
17759,folclorico,20,23
18620,gaviota,20,23
19708,hacinado,20,23
19789,hans,20,23
20998,impermeable,20,23
21405,incubar,20,23
21988,innato,20,23
23690,lacteo,20,23
24519,llaga,20,23
24627,llovizna,20,23
25432,mantenido,20,23
25707,marshall,20,23
26685,mimar,20,23
26723,minifalda,20,23
28831,old,20,23
29646,panuelazo,20,23
32148,premiacion,20,23
34907,reposicionar,20,23
35290,retrospectivo,20,23
36250,salvataje,20,23
38689,sutilmente,20,23
39445,testiculo,20,23
39718,tiza,20,23
40150,transfobia,20,23
41754,vicioso,20,23
41799,videos,20,23
1037,agite,19,23
1709,altruista,19,23
2791,aprendo,19,23
4220,azulejo,19,23
6405,camus,19,23
6712,cardoso,19,23
7294,centralmente,19,23
9180,conjuro,19,23
10112,cosmos,19,23
12132,desfinanciar,19,23
13570,dotacion,19,23
15449,esclavizado,19,23
16529,exministro,19,23
18654,gemido,19,23
20332,hogareno,19,23
21171,inabarcable,19,23
22456,interpretativa,19,23
23694,ladera,19,23
25380,manija,19,23
26380,mesada,19,23
27112,monopolico,19,23
27469,muertos,19,23
30750,personificacion,19,23
31075,pineiro,19,23
33196,purificar,19,23
33818,rebasar,19,23
34343,refractario,19,23
37577,sobrevivient,19,23
37954,soul,19,23
38639,sushi,19,23
39627,tiniebla,19,23
40698,turquesa,19,23
40974,urbana,19,23
41561,veraz,19,23
41833,view,19,23
516,acreditado,18,23
1174,aguas,18,23
4367,baleado,18,23
5097,bingo,18,23
5169,bisnieto,18,23
6019,cabra,18,23
9365,constitucionalidad,18,23
14958,ensueno,18,23
15494,escote,18,23
16752,extradicion,18,23
18723,genocido,18,23
20543,howard,18,23
21277,inclasificable,18,23
21578,indolencia,18,23
22667,investidura,18,23
25588,marfil,18,23
28417,noviazgo,18,23
29419,padres,18,23
30317,peleado,18,23
30585,performatividad,18,23
30994,piercing,18,23
32928,psicoanalitico,18,23
32978,pub,18,23
37819,sonda,18,23
38813,talar,18,23
38902,tapaboca,18,23
39328,tercerizado,18,23
41376,vegetariano,18,23
531,act,17,23
1705,altoparlant,17,23
5965,byung,17,23
7778,chul,17,23
8294,cognitiva,17,23
14489,enamoramiento,17,23
15544,escuchabar,17,23
15899,estandarizacion,17,23
17800,food,17,23
18668,genera,17,23
21768,info,17,23
24405,linda,17,23
27583,munich,17,23
28499,nutricionista,17,23
31668,pool,17,23
32558,prof,17,23
32722,propagandistico,17,23
33669,ratificacion,17,23
34675,remesa,17,23
39203,tempestad,17,23
40343,travas,17,23
41163,val,17,23
42398,werner,17,23
210,abuelita,16,23
4398,balvanera,16,23
4878,benigno,16,23
6953,casete,16,23
7634,chilena,16,23
11506,deportado,16,23
16070,estrellas,16,23
17217,femicido,16,23
17329,fetichismo,16,23
18541,garre,16,23
18544,garriga,16,23
19134,gore,16,23
23626,lab,16,23
25490,maquiavelo,16,23
31138,piramidal,16,23
31518,polenta,16,23
32901,proyector,16,23
35853,rotonda,16,23
37437,skate,16,23
7426,chacarera,15,23
10717,cuneo,15,23
10913,darin,15,23
14314,emocionalidad,15,23
15912,estarer,15,23
18116,frias,15,23
23605,kulfas,15,23
26556,microorganismo,15,23
26600,migrantes,15,23
29282,otamendi,15,23
30367,pelusa,15,23
30860,petrobras,15,23
31240,planalto,15,23
31472,poe,15,23
36951,sermon,15,23
4187,ayuno,14,23
4211,azteca,14,23
4913,berlusconi,14,23
7149,cds,14,23
9720,conversatorio,14,23
10757,curricula,14,23
13576,douglas,14,23
15202,epilepsia,14,23
17045,farina,14,23
19078,golpeador,14,23
23458,kelly,14,23
23615,kurdo,14,23
24172,leucemia,14,23
24353,lilita,14,23
26529,michigan,14,23
26632,milena,14,23
30408,penguin,14,23
36555,sciolista,14,23
36687,seguidora,14,23
1473,alexandra,13,23
4556,barrabrava,13,23
16353,exactas,13,23
18610,gauchesco,13,23
19249,granados,13,23
19872,hebdo,13,23
24460,lisergico,13,23
25928,mausoleo,13,23
30899,photo,13,23
36908,sepulveda,13,23
38028,sra,13,23
38518,superman,13,23
41596,verga,13,23
484,acordeon,12,23
3046,aries,12,23
6188,caleta,12,23
6371,campbell,12,23
8185,coach,12,23
12302,desmont,12,23
23481,keynes,12,23
32008,precios,12,23
35303,retuits,12,23
37857,sophia,12,23
39639,tintura,12,23
41136,vacunatorio,12,23
17058,farrell,11,23
18174,fuck,11,23
22926,ivana,11,23
24228,libanes,11,23
24771,losada,11,23
25518,maradonian,11,23
30686,perotti,11,23
30711,persa,11,23
31201,pixel,11,23
42310,waisbord,11,23
42404,western,11,23
1384,alcira,10,23
19528,guille,10,23
27886,nba,10,23
3500,assange,9,23
3526,astrologo,9,23
6888,cartes,9,23
6910,carvajal,9,23
24122,leonel,9,23
27754,napolitano,9,23
28134,nielsen,9,23
31660,pontifice,9,23
40430,tribune,9,23
16914,fakes,8,23
21011,implant,8,23
41069,uta,8,23
6223,callejas,7,23
13464,domador,7,23
19452,guardaparqu,7,23
20089,hezbollah,7,23
23914,lauquen,7,23
26489,meu,7,23
26597,migrana,7,23
37763,solteria,7,23
38995,taty,7,23
42396,weretilneck,7,23
2507,antofagasta,6,23
38387,sufi,6,23
23184,jorgelina,5,23
23769,lanatta,5,23
29378,pacho,5,23
38177,subcomandante,5,23
23435,kathy,4,23
29173,orinoco,4,23
41259,vania,4,23
42142,vladislavic,4,23
42429,wicomb,4,23
2918,arbizu,3,23
10855,dalmasso,3,23
24247,liberatori,3,23
25847,mateen,3,23
27970,neltume,3,23
29468,paiva,3,23
38845,tam,3,23
473,acoplar,22,22
728,admirable,22,22
2826,apropio,22,22
5044,bienvenir,22,22
5301,bocinazo,22,22
6207,calificativo,22,22
9512,contestir,22,22
10516,cuarta,22,22
10688,culturales,22,22
11677,desahogo,22,22
12233,desintegrar,22,22
14608,encolumnar,22,22
18754,geograficamente,22,22
19683,hacerme,22,22
20679,hurgar,22,22
24548,llanamente,22,22
31364,plena,22,22
32642,project,22,22
32662,prolongacion,22,22
34931,represente,22,22
35084,resistido,22,22
35190,resuelir,22,22
35328,revalorizar,22,22
35508,riesgos,22,22
36710,seiscientos,22,22
37507,sobreactuar,22,22
37754,solito,22,22
38414,sugestivo,22,22
39365,termine,22,22
40077,trajin,22,22
186,absorcion,21,22
342,acentuado,21,22
1188,aguerrido,21,22
1980,amplificacion,21,22
3797,aullar,21,22
4419,banalizar,21,22
4922,bernard,21,22
6099,cagada,21,22
7044,catartico,21,22
7362,cerrada,21,22
8092,clausurado,21,22
8472,colorida,21,22
8925,conciliador,21,22
9373,constitutiva,21,22
9840,coqueteo,21,22
11260,dejo,21,22
12063,desentender,21,22
12103,desestabilizador,21,22
12491,desprevenido,21,22
12595,desvencijado,21,22
13500,domino,21,22
14770,enfurecir,21,22
15758,espinoso,21,22
16544,exotismo,21,22
16770,extranjera,21,22
21186,inadmisible,21,22
21331,inconcebible,21,22
22478,interrumpar,21,22
24421,lineas,21,22
27036,momentaneamente,21,22
27621,musculos,21,22
28280,nominar,21,22
28840,olfatear,21,22
29060,oralidad,21,22
29389,pacificamente,21,22
29518,paliativo,21,22
30384,penar,21,22
31341,playon,21,22
31619,pomulo,21,22
31820,posicionado,21,22
31946,practicado,21,22
32290,prestir,21,22
32304,presupuestaria,21,22
32319,pretendidamente,21,22
32557,proeza,21,22
34073,recorri,21,22
34471,rehabilitar,21,22
34940,reprime,21,22
35019,rescatado,21,22
36837,sensibilizar,21,22
37571,sobrevida,21,22
37893,sorna,21,22
39996,trabajer,21,22
41124,vacilar,21,22
41939,vintage,21,22
522,acribillar,20,22
1152,agrupado,20,22
1505,alfred,20,22
2296,anormal,20,22
2565,apabullante,20,22
3823,ausentar,20,22
7381,certidumbre,20,22
9076,configurado,20,22
9194,conmocionar,20,22
9910,cornisa,20,22
11075,decimir,20,22
11954,descriptivo,20,22
13144,diseminacion,20,22
13494,dominicana,20,22
14323,emotividad,20,22
15146,envalentonar,20,22
15225,epopeya,20,22
15982,estigmatizant,20,22
16357,exagerada,20,22
17122,favorita,20,22
17810,foraneo,20,22
18044,frasquito,20,22
18217,fulgor,20,22
20563,hubierar,20,22
20946,impactant,20,22
22199,instrumentar,20,22
22426,internalizar,20,22
22654,inversamente,20,22
23552,know,20,22
24163,leticia,20,22
24570,llego,20,22
26199,memorizar,20,22
28313,normalizado,20,22
28806,oimos,20,22
29170,orina,20,22
30382,penalmente,20,22
31061,pincel,20,22
31330,plausible,20,22
31722,poro,20,22
31868,postergacion,20,22
32036,predecesor,20,22
32781,proseguir,20,22
33106,pulsar,20,22
33255,quechua,20,22
33699,rayado,20,22
34336,reformulacion,20,22
34915,repregunta,20,22
35336,revelado,20,22
36236,salvaguardar,20,22
36916,seras,20,22
37101,shorts,20,22
38207,subgenero,20,22
38305,suburbano,20,22
38529,superponar,20,22
39295,tentado,20,22
39533,tibieza,20,22
41569,verborragia,20,22
1544,alienado,19,22
1639,alojo,19,22
1700,altisonante,19,22
4484,banqueta,19,22
7019,cataclismo,19,22
8262,codificacion,19,22
9317,consola,19,22
10565,cuclilla,19,22
12068,desentiendir,19,22
12192,desierta,19,22
12433,despilfarro,19,22
12465,desposeido,19,22
13353,divina,19,22
13614,drenaje,19,22
13649,dual,19,22
14218,embargar,19,22
14246,emborrachar,19,22
15028,entras,19,22
15085,entretiempo,19,22
16487,exiguo,19,22
17144,fechado,19,22
18933,giratorio,19,22
19712,hackear,19,22
20004,hermanita,19,22
25507,maquinita,19,22
27071,monetizar,19,22
27282,morresi,19,22
27856,navaja,19,22
29438,pagano,19,22
29491,paladar,19,22
29500,palazo,19,22
30158,pausar,19,22
31530,policiales,19,22
31636,ponerte,19,22
31816,posibilitir,19,22
32767,prorrogar,19,22
33331,quicio,19,22
34515,reinstalar,19,22
34751,renegociar,19,22
37306,sincerar,19,22
37624,society,19,22
37972,space,19,22
38302,subtitulo,19,22
39339,terco,19,22
39734,tobogan,19,22
40709,tutelar,19,22
42655,yuta,19,22
42737,zarpar,19,22
4463,banera,18,22
4667,batacazo,18,22
4822,bellisimo,18,22
5172,bisturi,18,22
6006,cabildeo,18,22
7424,chacabuco,18,22
9592,contramarcha,18,22
11413,demoniaco,18,22
12565,destronar,18,22
12620,detectado,18,22
13347,dividendo,18,22
13420,documentalista,18,22
15866,estafar,18,22
21576,indocumentado,18,22
23209,jovencita,18,22
23333,juntxs,18,22
23925,lavadero,18,22
27409,moza,18,22
28504,nutritivo,18,22
29541,palmeras,18,22
35348,reventa,18,22
35536,rina,18,22
39346,tergiversar,18,22
39505,there,18,22
41398,veintinueve,18,22
2552,anunciant,17,22
3034,ari,17,22
3598,atenas,17,22
5504,borramiento,17,22
6072,cadete,17,22
6317,camello,17,22
7026,catalizador,17,22
8787,compro,17,22
9448,contadora,17,22
10734,curadora,17,22
11059,decias,17,22
11070,decile,17,22
13442,dolarizado,17,22
14473,empunar,17,22
18786,gerencia,17,22
18835,gesualdi,17,22
18908,ginecologo,17,22
20040,heroismo,17,22
20586,huerto,17,22
20618,humana,17,22
22887,island,17,22
23942,lavarropas,17,22
26667,millenial,17,22
26818,misericordia,17,22
27032,molotov,17,22
30506,percusion,17,22
35563,ripio,17,22
35638,robles,17,22
36434,sarten,17,22
38203,subestimacion,17,22
39549,tientar,17,22
41231,valuado,17,22
3692,atp,16,22
10561,cuchilla,16,22
13557,dorrego,16,22
13609,dream,16,22
15213,epistemico,16,22
15239,equilibrista,16,22
18778,gerais,16,22
21563,individualizado,16,22
23833,largometraje,16,22
25203,malformacion,16,22
34393,regenerar,16,22
35745,romanticismo,16,22
39774,toledo,16,22
41357,vecinx,16,22
42558,yamila,16,22
42715,zapatero,16,22
9605,contraprestacion,15,22
11674,desague,15,22
16384,excavacion,15,22
26100,medium,15,22
28623,obstruccion,15,22
29891,participant,15,22
30253,pediatrico,15,22
36154,salcedo,15,22
39434,tesorero,15,22
42161,vodka,15,22
42559,yanez,15,22
5518,bosco,14,22
5746,brothers,14,22
6484,canguro,14,22
8124,clientelar,14,22
9753,convocant,14,22
13443,dolarizar,14,22
14169,elusion,14,22
17182,feldman,14,22
20850,iliberal,14,22
25475,mapeo,14,22
30800,pesa,14,22
38472,sun,14,22
38731,tabare,14,22
41548,veracruz,14,22
42162,vogue,14,22
3781,auditor,13,22
6832,carranza,13,22
6841,carreras,13,22
8592,comites,13,22
9426,consumidora,13,22
10209,crater,13,22
20019,herminio,13,22
21495,indiana,13,22
21824,ingeniera,13,22
23951,lawrence,13,22
25063,magario,13,22
28392,novaresio,13,22
29250,oseo,13,22
34620,religiosa,13,22
36333,sanguinetti,13,22
37432,sivak,13,22
37620,sociedades,13,22
41893,villarreal,13,22
2503,antivacuna,12,22
2607,apartamento,12,22
4158,ayelen,12,22
5255,blogspot,12,22
6242,calo,12,22
6810,carnivoro,12,22
7182,cegetista,12,22
18202,fugitivo,12,22
36009,sabato,12,22
38295,subteniente,12,22
41712,vialidad,12,22
9019,conductual,11,22
12333,desobedient,11,22
17599,fitzgerald,11,22
19355,grindr,11,22
25156,malabarista,11,22
28473,num,11,22
34897,reportera,11,22
843,aecio,10,22
3205,arrieta,10,22
6449,canclini,10,22
10719,cunha,10,22
10871,dana,10,22
22737,ipcc,10,22
27315,mossack,10,22
40565,trotskismo,10,22
3650,atilio,9,22
7519,charlotte,9,22
8863,conan,9,22
10187,cox,9,22
13496,dominico,9,22
13764,eaaf,9,22
20637,humboldt,9,22
27371,moura,9,22
41266,vanoli,9,22
5481,bordon,8,22
7616,chicho,8,22
33547,ramita,8,22
1704,altman,7,22
16180,etchevehere,7,22
25866,materna,7,22
33534,ram,7,22
118,abortolegal,6,22
13895,edson,6,22
19526,guilherme,6,22
24949,maca,6,22
5398,bombay,5,22
6968,cassataro,5,22
20316,hiyab,5,22
23185,jorgito,5,22
26604,migre,5,22
28953,onlyfans,5,22
39905,torpedo,5,22
41249,vandana,5,22
42757,zeo,5,22
845,aedes,4,22
3260,artemis,4,22
6639,carabajal,4,22
6852,carrie,4,22
23438,katmandu,4,22
42822,zuboff,4,22
16899,fader,3,22
17786,fonid,3,22
18729,genovese,3,22
31032,piletones,3,22
167,abrumado,21,21
492,acosado,21,21
506,acostumbro,21,21
1588,allanado,21,21
1699,altisimos,21,21
1982,amplificado,21,21
1987,amplisimo,21,21
2354,anteponer,21,21
2859,apurada,21,21
7291,centralizacion,21,21
9636,contratir,21,21
11707,desangrar,21,21
12868,dificultoso,21,21
13579,down,21,21
16361,exagero,21,21
16764,extranamente,21,21
17463,filmico,21,21
17477,filoso,21,21
17894,fortuito,21,21
18823,gesticular,21,21
18995,globalmente,21,21
20015,hermetico,21,21
21399,incrustado,21,21
21833,ingenioso,21,21
21970,inmovilizar,21,21
22254,integro,21,21
23952,laxa,21,21
24043,legitima,21,21
24728,london,21,21
26405,mesura,21,21
26754,minuciosamente,21,21
27891,nebulosa,21,21
28440,nublar,21,21
30655,permeabl,21,21
31281,plantee,21,21
34119,recuerda,21,21
35333,revelabar,21,21
36204,salpicado,21,21
36767,semillero,21,21
37259,simil,21,21
38343,sud,21,21
40128,transcurrido,21,21
40538,trompeta,21,21
41188,valga,21,21
41239,vamos,21,21
41862,vii,21,21
42724,zapping,21,21
622,acusatorio,20,21
2160,anestesiado,20,21
2559,anzuelo,20,21
2806,aprieta,20,21
3911,autodenominar,20,21
4322,bajon,20,21
8487,comanda,20,21
8776,comprendi,20,21
8827,comulgar,20,21
9176,conjuntamente,20,21
9430,consumismo,20,21
10684,cultor,20,21
11542,deprimir,20,21
11978,descuidado,20,21
12293,desmenuzar,20,21
12483,desprendimiento,20,21
12643,deteriorado,20,21
13412,doctrinario,20,21
13596,dramaticamente,20,21
14748,enfilar,20,21
15825,estabar,20,21
15874,estallado,20,21
16006,estipulado,20,21
17554,firmemente,20,21
18529,garita,20,21
18832,gestual,20,21
19548,guir,20,21
19698,hacias,20,21
19840,hater,20,21
20502,horroroso,20,21
20943,impaciente,20,21
21137,imprudente,20,21
21212,inasible,20,21
21363,incontenible,20,21
21450,indefension,20,21
21478,indescifrable,20,21
21762,influenciar,20,21
22581,introducido,20,21
22917,itinerante,20,21
23081,jerarquizacion,20,21
23709,laferrere,20,21
24158,letargo,20,21
24763,lorenz,20,21
26726,minimalista,20,21
26759,minuscula,20,21
27687,naciente,20,21
27762,narcisismo,20,21
28542,objetivos,20,21
28845,oliar,20,21
33784,realpolitik,20,21
33883,recargar,20,21
33961,recluir,20,21
34182,redimir,20,21
34491,reinado,20,21
34707,remordimiento,20,21
34861,repetitivo,20,21
35232,retirir,20,21
35264,retrasado,20,21
35294,retrovisor,20,21
35534,rimbombante,20,21
36650,sediento,20,21
36912,sequito,20,21
37414,sistematizacion,20,21
38665,sustentacion,20,21
38704,sweater,20,21
38934,tararear,20,21
40105,tranquilizador,20,21
40469,tripa,20,21
40872,unica,20,21
42702,zanjar,20,21
720,administradora,19,21
787,adrede,19,21
1240,ahuyentar,19,21
1694,altibajo,19,21
1717,alucinar,19,21
2209,angular,19,21
2625,apegado,19,21
2890,aranar,19,21
3411,asidero,19,21
3478,asomo,19,21
4469,bangladesh,19,21
7301,centrista,19,21
9083,confinar,19,21
10318,crio,19,21
11136,decretado,19,21
11990,desdicha,19,21
12329,desnutricion,19,21
13200,disminuido,19,21
13655,dubai,19,21
15508,escribano,19,21
15603,esgrimido,19,21
17504,financial,19,21
17932,fotograma,19,21
19296,gratuitamente,19,21
20354,holgado,19,21
20945,impactado,19,21
21453,indefinicion,19,21
22073,insensibilidad,19,21
22117,insoslayable,19,21
25040,maduracion,19,21
25150,make,19,21
25664,maristella,19,21
26463,metodico,19,21
26840,misogin,19,21
27122,monotonia,19,21
27850,naufrago,19,21
27878,nayib,19,21
30133,patrullar,19,21
30777,perturbacion,19,21
31898,postulant,19,21
32073,preestablecido,19,21
32084,preferencial,19,21
32726,propension,19,21
32868,provinciana,19,21
32869,provinciano,19,21
33451,racimo,19,21
33588,rapado,19,21
34173,redentor,19,21
34323,reflexividad,19,21
34367,refundacional,19,21
34648,remanido,19,21
35967,rupturista,19,21
36068,saciar,19,21
37313,sincronia,19,21
37422,sitiado,19,21
38761,tacita,19,21
39371,terminologia,19,21
41866,vil,19,21
42085,vitorear,19,21
185,absorbido,18,21
1364,alca,18,21
2176,anfitriona,18,21
2805,apriet,18,21
3352,ascetico,18,21
4013,autorreferencial,18,21
6947,caserio,18,21
7404,cesion,18,21
8707,complaciente,18,21
9423,consumiar,18,21
9451,contagiado,18,21
10153,cotejar,18,21
11885,descomprimir,18,21
12069,desentonar,18,21
12169,deshecho,18,21
12846,diezmado,18,21
12997,diplomatique,18,21
13322,diurno,18,21
14205,embarazar,18,21
15442,esclava,18,21
18556,gasa,18,21
19604,habernos,18,21
19742,halago,18,21
20629,humanizar,18,21
20906,imaginatar,18,21
21712,inferioridad,18,21
23140,jocoso,18,21
23900,latinoamericanos,18,21
24311,licuar,18,21
25885,mato,18,21
26198,memorioso,18,21
26217,mendocin,18,21
26458,meticuloso,18,21
27443,muchxs,18,21
29155,orificio,18,21
29275,ostracismo,18,21
29735,paralizante,18,21
30075,patito,18,21
30549,perejil,18,21
32748,proporcionalmente,18,21
32960,psiquiatria,18,21
34277,refaccion,18,21
34598,relatoria,18,21
34904,reposera,18,21
34916,repreguntar,18,21
35406,reviveir,18,21
35691,rodete,18,21
36408,sarandi,18,21
37719,soldati,18,21
38967,tarro,18,21
41235,valvula,18,21
5046,bife,17,21
5120,biologa,17,21
7478,changuito,17,21
7805,cianuro,17,21
9710,convergente,17,21
11284,deleite,17,21
11465,dentadura,17,21
11486,departamental,17,21
11873,descolgar,17,21
12359,desorganizado,17,21
12557,destituyente,17,21
12904,digitalizar,17,21
13507,donado,17,21
13602,dramaturga,17,21
13879,edita,17,21
14883,enredadera,17,21
15473,escolta,17,21
16275,evaluo,17,21
17053,farmacologico,17,21
17372,fidanza,17,21
19294,gratuidad,17,21
20447,honrado,17,21
21054,importador,17,21
22349,interconexion,17,21
23811,lapices,17,21
25321,mandarina,17,21
25630,mariel,17,21
26287,mentirosa,17,21
26414,metabolizar,17,21
26656,militarizar,17,21
27427,much,17,21
28336,noruego,17,21
28849,oligarquico,17,21
29755,parapolicial,17,21
29969,pasean,17,21
31958,pradera,17,21
33555,rampa,17,21
40810,ultraconservador,17,21
41263,vanina,17,21
41356,vecinos,17,21
213,abuelos,16,21
4716,bayer,16,21
4831,beltran,16,21
5145,bioquimico,16,21
5155,bipartidista,16,21
11061,decible,16,21
11160,defectuoso,16,21
11341,della,16,21
11517,depositado,16,21
11584,derretir,16,21
14895,enriquecido,16,21
15152,envejecido,16,21
18340,future,16,21
19871,heavy,16,21
21404,incubadora,16,21
23442,katz,16,21
24680,locutora,16,21
24864,lugarteniente,16,21
26738,ministerios,16,21
27372,mouse,16,21
27526,multilateralismo,16,21
32219,prescripcion,16,21
33306,querellant,16,21
36356,santander,16,21
36698,segura,16,21
40249,transversalmente,16,21
40276,trash,16,21
802,aduanero,15,21
985,agamben,15,21
1085,agraria,15,21
1367,alcaldesa,15,21
1859,ambulatorio,15,21
4906,berisso,15,21
5060,bikini,15,21
6071,cadet,15,21
16643,export,15,21
18737,gentrificacion,15,21
19056,golden,15,21
19594,habea,15,21
24321,liebre,15,21
24851,lucy,15,21
25290,managers,15,21
27493,mula,15,21
29566,pampeana,15,21
30378,penalista,15,21
32407,print,15,21
33137,punicion,15,21
33212,putas,15,21
35777,ronaldo,15,21
36751,semen,15,21
39131,telefonos,15,21
42426,why,15,21
4852,benedetto,14,21
5090,binarie,14,21
6883,carter,14,21
6907,cartucho,14,21
6970,cassette,14,21
8809,compuerta,14,21
12820,didactica,14,21
13672,duek,14,21
16260,evacuacion,14,21
18601,gatito,14,21
19132,gordura,14,21
19235,gramatical,14,21
27042,momo,14,21
27294,mortem,14,21
30217,pecera,14,21
32492,procedimental,14,21
36527,schmidt,14,21
36657,sedronar,14,21
38020,spray,14,21
38776,tacuari,14,21
38792,taiana,14,21
39134,telegram,14,21
1500,alfonsina,13,21
2393,anticoncepcion,13,21
2427,antifeminista,13,21
4232,babel,13,21
5418,bonafini,13,21
7169,cedaw,13,21
7457,champan,13,21
15208,episode,13,21
24128,leonor,13,21
32047,predicador,13,21
34780,rentista,13,21
35994,ryan,13,21
36479,sauna,13,21
39058,tecnocracia,13,21
39270,teniar,13,21
39758,todoterreno,13,21
41733,vicejefa,13,21
42151,voce,13,21
2057,anarcocapitalista,12,21
4896,bercovich,12,21
5556,botox,12,21
6141,calamar,12,21
6900,cartonear,12,21
8521,comedero,12,21
8910,concesionario,12,21
8966,condado,12,21
10410,crucificado,12,21
17863,formoseno,12,21
22979,jalil,12,21
24085,leloir,12,21
26497,meza,12,21
27155,montanita,12,21
27845,nature,12,21
30636,peritaje,12,21
33538,ramallo,12,21
36167,salgado,12,21
40100,tranquero,12,21
40256,trapero,12,21
6777,carlo,11,21
14841,enm,11,21
18359,gaby,11,21
22978,jaldo,11,21
23037,jauria,11,21
25254,malvina,11,21
27206,moraes,11,21
35684,rodante,11,21
35847,roth,11,21
36810,senegal,11,21
40591,trumpismo,11,21
4113,avina,10,21
6472,canel,10,21
10747,curia,10,21
19382,groenlandia,10,21
31191,pitt,10,21
33107,pulse,10,21
40891,unificador,10,21
41248,vandalo,10,21
17637,flaubert,9,21
22627,invap,9,21
23000,janet,9,21
24999,macondo,9,21
29295,otranto,9,21
31220,placebo,9,21
38496,superclasico,9,21
38721,syriza,9,21
40784,ufi,9,21
590,acueducto,8,21
6549,canton,8,21
7538,chatbot,8,21
7901,cindy,8,21
19274,grant,8,21
24329,ligadura,8,21
36561,scorsese,8,21
14416,empleadora,7,21
17350,fiba,7,21
18342,futuridad,7,21
37518,sobreendeudamiento,7,21
39913,torrijos,7,21
42259,voucher,7,21
42508,wow,7,21
1727,alumbrera,6,21
19759,halperin,6,21
23126,jitsu,6,21
24442,lipovetzky,6,21
35855,rotterdam,6,21
42529,xiomara,6,21
4512,barbaccia,5,21
4724,bazterrica,5,21
18405,galimberti,5,21
26200,memphis,5,21
26829,misioneros,5,21
34135,recuperador,5,21
36438,sasha,5,21
40862,unen,5,21
23602,kueider,4,21
29141,oria,4,21
38029,srecko,4,21
39963,toviggino,4,21
2120,andi,3,21
4384,balmaceda,3,21
10965,ddo,3,21
1414,aledana,20,20
1798,amargura,20,20
3653,atinar,20,20
3898,autocritico,20,20
4137,avivar,20,20
4270,bagaje,20,20
4274,bah,20,20
5292,bocanada,20,20
5973,cabalgar,20,20
6210,caligrafia,20,20
8790,comprobacion,20,20
8995,condicionante,20,20
9785,cooptar,20,20
10344,cristalizado,20,20
11335,delirar,20,20
11358,demandado,20,20
12587,desvanecer,20,20
12659,detonante,20,20
13270,distendido,20,20
15039,entrecortado,20,20
16981,familiarizado,20,20
17095,fatidico,20,20
18303,furiosa,20,20
19257,grandioso,20,20
19797,har,20,20
20887,ilustrativo,20,20
21451,indefenso,20,20
21627,ineludibl,20,20
22162,instintivo,20,20
22261,intelectualmente,20,20
22468,interroga,20,20
22650,invernal,20,20
22907,italiana,20,20
23699,ladrido,20,20
24602,llever,20,20
25085,magma,20,20
26075,medicos,20,20
26343,merecido,20,20
26446,meteorico,20,20
28937,ondulado,20,20
30630,peripecia,20,20
31062,pincelada,20,20
31682,popularmente,20,20
32115,preguntarnos,20,20
32200,preponderante,20,20
33790,reaparicion,20,20
33903,receptivo,20,20
34960,reproductor,20,20
36155,salchicha,20,20
36904,sepultado,20,20
37015,severamente,20,20
38619,surtir,20,20
39091,teir,20,20
39294,tentaculo,20,20
39362,terminas,20,20
40306,trastienda,20,20
628,adalid,19,20
1139,agroindustria,19,20
1537,alice,19,20
1632,aloja,19,20
2079,anchas,19,20
2155,anejo,19,20
2372,antibala,19,20
2668,aplanar,19,20
3460,asociaciones,19,20
4027,autosuficiencia,19,20
4596,barros,19,20
6461,candidatear,19,20
6627,capturan,19,20
6723,carentes,19,20
7066,catering,19,20
7867,cierro,19,20
8036,clandestinamente,19,20
8054,clarito,19,20
8393,colera,19,20
9053,conferir,19,20
9540,continuum,19,20
9558,contracorriente,19,20
9635,contratiempo,19,20
9767,conyugal,19,20
10070,cortocircuito,19,20
10675,culposo,19,20
11045,decencia,19,20
11220,degradante,19,20
11434,denegar,19,20
11589,derritar,19,20
11940,descreir,19,20
12470,despotricar,19,20
13186,disimiles,19,20
13278,distinguido,19,20
13336,diversificado,19,20
14500,enardecido,19,20
14764,enfundado,19,20
15027,entrarir,19,20
16669,expresir,19,20
17867,formulado,19,20
18149,fronteras,19,20
18276,fundant,19,20
19061,goleada,19,20
19638,habituado,19,20
19642,habitue,19,20
19700,haciendo,19,20
19956,henri,19,20
20451,honroso,19,20
20872,ilusionado,19,20
20909,imaginativo,19,20
20926,imborrable,19,20
21152,impulsivo,19,20
22096,insistar,19,20
22541,intolerante,19,20
22810,irremediable,19,20
23963,lea,19,20
24847,lucrativo,19,20
25916,matutino,19,20
26221,menear,19,20
26389,mesias,19,20
27343,motivacional,19,20
27542,multiplicado,19,20
28465,nuez,19,20
29713,parafernalia,19,20
30019,pastizal,19,20
30366,peluquero,19,20
30588,performers,19,20
31606,polvoriento,19,20
31618,pomposo,19,20
32578,profesionalizar,19,20
33072,pugnar,19,20
33109,pulseado,19,20
33118,pulular,19,20
33697,ray,19,20
33785,realzar,19,20
33858,recalar,19,20
33960,recluido,19,20
34269,reescritura,19,20
34765,renombre,19,20
35277,retroalimentacion,19,20
37150,sien,19,20
37505,sobreactuacion,19,20
37587,sobriedad,19,20
37841,sonrie,19,20
38159,suavemente,19,20
38536,superpuesto,19,20
38598,surfear,19,20
39109,tejio,19,20
40126,transcurer,19,20
40766,ubicuo,19,20
41404,veintisiete,19,20
41510,vengas,19,20
41921,vinculante,19,20
69,ablandar,18,20
151,abrigado,18,20
1259,airoso,18,20
2244,animalito,18,20
3415,asiduo,18,20
4346,balbucear,18,20
5118,biografo,18,20
8650,comparativamente,18,20
8770,compras,18,20
9281,conservadora,18,20
9407,consulte,18,20
10039,corset,18,20
10342,cristalizacion,18,20
10731,curacion,18,20
11367,demarcacion,18,20
11749,desarrollismo,18,20
12213,desindustrializacion,18,20
12800,diciendome,18,20
13087,disconformidad,18,20
13682,duer,18,20
14840,enloquecir,18,20
15419,escatimar,18,20
15988,estilistico,18,20
16017,estocada,18,20
17510,financieramente,18,20
17719,fluo,18,20
18713,genialidad,18,20
19768,hambruna,18,20
20224,hipertension,18,20
20295,historicidad,18,20
21130,impropio,18,20
21177,inacio,18,20
21262,incierta,18,20
21315,incompatibilidad,18,20
22853,irritado,18,20
23654,labrar,18,20
23875,late,18,20
24076,lejania,18,20
25383,maniobrar,18,20
25656,mariquita,18,20
25823,masturbacion,18,20
26336,merecedor,18,20
26769,miopia,18,20
28300,nordico,18,20
28343,nosotrir,18,20
28922,omnipresencia,18,20
29835,parlante,18,20
30080,patologizacion,18,20
30542,perecer,18,20
30716,perseguidor,18,20
30995,pierda,18,20
31086,pink,18,20
31952,practicas,18,20
32157,premium,18,20
32603,profus,18,20
32656,prolijidad,18,20
35060,residual,18,20
35663,rociar,18,20
37842,sonrien,18,20
38740,tablet,18,20
40585,trueno,18,20
40753,ubaldini,18,20
40765,ubicuidad,18,20
42324,wallace,18,20
38,abc,17,20
1180,agudizacion,17,20
1651,alquila,17,20
3424,asignatura,17,20
7190,celac,17,20
7247,cenicero,17,20
8152,cloacal,17,20
8673,compatibilizar,17,20
9584,contraido,17,20
11700,desamparado,17,20
11939,descreimiento,17,20
12222,desinflar,17,20
14265,embudo,17,20
15091,entrevistada,17,20
15173,envoltorio,17,20
15856,estadisticas,17,20
17221,femineidad,17,20
17310,fes,17,20
19264,granero,17,20
19884,hechizo,17,20
20366,hollywoodense,17,20
20987,imperfeccion,17,20
21238,incautar,17,20
21579,indolente,17,20
21744,inflamacion,17,20
22284,intendenta,17,20
23101,jesucristo,17,20
24426,linguista,17,20
24797,low,17,20
25198,maleta,17,20
27214,moralizacion,17,20
29935,pasa,17,20
31528,policiaco,17,20
33793,reapropiacion,17,20
34192,redistributiva,17,20
34199,redoblant,17,20
34217,reduccionista,17,20
36638,security,17,20
36822,senorial,17,20
40973,urban,17,20
41064,usurpacion,17,20
41604,veridico,17,20
41768,victimizar,17,20
2027,analgesico,16,20
2880,arabes,16,20
3120,arqueologico,16,20
5263,bloqueado,16,20
7007,castrense,16,20
7211,celest,16,20
7943,circulante,16,20
8273,coeficiente,16,20
8436,colocacion,16,20
9769,conyuge,16,20
12313,desmovilizacion,16,20
13390,doblez,16,20
13888,editorialista,16,20
14429,empoderada,16,20
15748,espias,16,20
15864,estafado,16,20
15865,estafador,16,20
16171,etaria,16,20
16583,experticia,16,20
17110,fausto,16,20
18773,georgia,16,20
20333,hogares,16,20
22543,intoxicado,16,20
24609,llora,16,20
24862,lugareno,16,20
25830,mataderos,16,20
26182,membresia,16,20
27807,nata,16,20
30090,patovica,16,20
31545,polifonico,16,20
32976,puan,16,20
33647,rasta,16,20
35531,rima,16,20
39206,templanza,16,20
40976,urbanismo,16,20
41832,vietnamita,16,20
42492,woolf,16,20
39,abdala,15,20
854,aeronautico,15,20
3311,arts,15,20
4561,barranca,15,20
5576,bovino,15,20
5865,bunge,15,20
8186,coaching,15,20
8357,colchoneta,15,20
11438,denigracion,15,20
12338,desocupados,15,20
12761,diametro,15,20
15861,estadual,15,20
18921,giorgi,15,20
19544,guionado,15,20
20676,hunter,15,20
21166,imputabilidad,15,20
23136,jobs,15,20
23972,lean,15,20
24318,lideresa,15,20
24402,linchar,15,20
25794,mason,15,20
26149,melconian,15,20
26895,mmm,15,20
28812,ojeda,15,20
30582,performatica,15,20
31130,pipo,15,20
31253,planero,15,20
31289,plasma,15,20
32034,predador,15,20
33093,pulitzer,15,20
33171,puntuacion,15,20
36401,saquito,15,20
37517,sobredosis,15,20
38191,subdesarrollo,15,20
42467,wisconsin,15,20
2500,antiterrorista,14,20
5648,brecht,14,20
6360,camp,14,20
8057,clark,14,20
8875,concejala,14,20
9821,copiloto,14,20
16053,estratificacion,14,20
17431,filadelfia,14,20
20260,hipster,14,20
20531,hotelero,14,20
24825,luchadora,14,20
25452,manufactura,14,20
26315,mercante,14,20
28217,noa,14,20
28254,nolasco,14,20
29255,osito,14,20
30207,pearl,14,20
35216,reten,14,20
35804,rosales,14,20
38826,talisman,14,20
39359,terminante,14,20
39841,too,14,20
40645,tullio,14,20
41990,virginidad,14,20
2140,androcentrico,13,20
2714,apoderado,13,20
3353,ascetismo,13,20
4562,barranco,13,20
5175,bitacora,13,20
5355,bolivariana,13,20
5737,bronx,13,20
5916,bursatil,13,20
7584,chernobyl,13,20
7795,churchill,13,20
7984,cisma,13,20
8503,combatientes,13,20
8784,comprimido,13,20
11870,desclasificar,13,20
12671,deus,13,20
16831,fabiola,13,20
18859,gibson,13,20
19130,gordon,13,20
20215,hipermercado,13,20
23827,largada,13,20
24349,lili,13,20
27559,multiverso,13,20
35753,romeo,13,20
37486,snowden,13,20
40140,transfeminismo,13,20
2334,antartico,12,20
2566,apache,12,20
5840,bulacio,12,20
6713,cardozo,12,20
7419,cha,12,20
7774,chuck,12,20
8572,comics,12,20
11019,deborah,12,20
11678,desahuciado,12,20
16915,fal,12,20
18631,gba,12,20
19480,guatemalteco,12,20
20012,hermeneutico,12,20
23484,keynesiano,12,20
25756,masajista,12,20
28460,nuevas,12,20
30845,petersburgo,12,20
33656,rastrillaj,12,20
35877,royal,12,20
3089,armenio,11,20
4941,berta,11,20
5521,bosnia,11,20
10058,cortesano,11,20
11445,denise,11,20
17235,feminizar,11,20
18391,galaxias,11,20
19486,guayaquil,11,20
20066,heterodoxia,11,20
20144,higuain,11,20
22942,jabali,11,20
24917,luro,11,20
25125,mailer,11,20
25368,manicomio,11,20
30012,pasteur,11,20
30830,pesquero,11,20
31133,piquetera,11,20
5109,biodrama,10,20
7529,chascomus,10,20
23550,knight,10,20
42704,zanjon,10,20
2,abad,9,20
126,abra,9,20
5598,brad,9,20
10380,cromosoma,9,20
14200,embalse,9,20
15291,erica,9,20
19436,guanaco,9,20
23179,jordania,9,20
24208,leyes,9,20
24441,lipovetsky,9,20
28572,obregon,9,20
31658,pontificado,9,20
34287,referendo,9,20
36648,sedicion,9,20
1989,ampolla,8,20
4975,better,8,20
5331,bolano,8,20
17339,ffaa,8,20
22881,islamica,8,20
31549,polilla,8,20
42554,yala,8,20
8119,clics,7,20
15338,errejon,7,20
18377,gail,7,20
27307,moscovich,7,20
27808,natacha,7,20
28749,oesterheld,7,20
28882,olp,7,20
30627,periodizacion,7,20
39723,tlatelolco,7,20
536,actis,6,20
2121,andina,6,20
4333,balaguer,6,20
6108,cahn,6,20
10679,cultivador,6,20
20353,hole,6,20
23127,jiu,6,20
40754,ubaldo,6,20
2906,arauz,5,20
5490,boricua,5,20
16728,extimidad,5,20
27170,monteverde,5,20
30453,pentecostalismo,5,20
41261,vanidos,5,20
2195,angie,4,20
17537,finnegans,4,20
23002,janis,4,20
31654,pontaquarto,4,20
37983,spb,4,20
39873,tordo,4,20
42834,zuniga,4,20
6140,calama,3,20
15183,epecuen,3,20
16178,etchegoyen,3,20
32326,pretoria,3,20
33240,quan,3,20
35814,rosauro,3,20
38320,succession,3,20
26,abarrotado,19,19
378,achacar,19,19
2151,anecdotico,19,19
2772,aprehender,19,19
3180,arremetir,19,19
3370,asentir,19,19
3453,asistimos,19,19
3502,association,19,19
3821,auscultar,19,19
4090,avergonzar,19,19
4203,azorado,19,19
5050,bifurcar,19,19
5242,blindaje,19,19
6081,cae,19,19
7749,chorrear,19,19
7955,circunscribir,19,19
8265,codificar,19,19
8960,concurrido,19,19
12199,designio,19,19
13736,durarir,19,19
14391,empezamos,19,19
14674,enderezar,19,19
15030,entreabierto,19,19
15733,espere,19,19
15882,estamento,19,19
16410,exceptuar,19,19
16705,extensivo,19,19
17140,febril,19,19
18086,frenado,19,19
20342,hojear,19,19
20562,hubieramos,19,19
20957,imparcial,19,19
21032,implorar,19,19
21210,inapropiado,19,19
21647,inesperadamente,19,19
22011,inocular,19,19
22127,inspirador,19,19
22146,instantaneamente,19,19
22708,invocado,19,19
22717,involuntariamente,19,19
23629,laberintico,19,19
27393,movilizada,19,19
30492,perceptible,19,19
31405,plusvalia,19,19
31470,podrida,19,19
31629,pone,19,19
34005,recondito,19,19
34664,remediar,19,19
36737,semanalmente,19,19
37677,sofocar,19,19
38228,sublevacion,19,19
38312,subvertir,19,19
38492,superadoro,19,19
38823,tali,19,19
38952,target,19,19
40553,tropico,19,19
41224,valores,19,19
42128,vivirir,19,19
668,adeudado,18,19
857,aeroportuaria,18,19
1508,algarabia,18,19
3190,arrepinteir,18,19
3473,asombrado,18,19
3594,atemorizar,18,19
5936,busco,18,19
6046,cachet,18,19
7588,cheta,18,19
8049,clarificar,18,19
8204,cobardia,18,19
9246,conscientemente,18,19
9253,consecuentemente,18,19
10232,creces,18,19
12167,deshabitado,18,19
12488,desprestigiar,18,19
12529,destartalado,18,19
12612,desvirtuar,18,19
12871,difuminar,18,19
13206,disociar,18,19
13627,drogadicto,18,19
13686,duermen,18,19
13860,edgar,18,19
15124,entusiasma,18,19
15364,escalafon,18,19
15546,escuchada,18,19
15894,estancar,18,19
16741,extorsivo,18,19
16795,extraviar,18,19
18472,gandhi,18,19
19310,gravitar,18,19
20306,histrionico,18,19
20796,idoneo,18,19
20958,imparcialidad,18,19
21155,impulsora,18,19
21195,inalambrico,18,19
22081,inserto,18,19
22837,irresuelto,18,19
22854,irritante,18,19
23351,jurisdiccional,18,19
24558,llavero,18,19
24575,llena,18,19
24578,llenir,18,19
25394,maniqueo,18,19
25673,market,18,19
25750,masacrar,18,19
25863,materializado,18,19
26653,militarista,18,19
26791,mirandome,18,19
28047,neumatico,18,19
28816,ojito,18,19
28909,ominoso,18,19
31156,pirueta,18,19
31640,pong,18,19
32665,prolonguir,18,19
32846,proveedora,18,19
34535,reiteracion,18,19
34666,remedios,18,19
34697,remodelar,18,19
34701,remolino,18,19
34842,repentinamente,18,19
35016,resbaladizo,18,19
35674,rockstar,18,19
35768,rompi,18,19
37209,silenciamiento,18,19
38250,subordinada,18,19
39234,tendal,18,19
40059,traicionado,18,19
40418,triada,18,19
40554,tropiezo,18,19
41192,valiar,18,19
41450,velozmente,18,19
42061,vistoso,18,19
403,acij,17,19
449,acompane,17,19
690,adidas,17,19
743,adoctrinar,17,19
1030,agilizar,17,19
1801,amarillento,17,19
1905,amigabl,17,19
2137,andrew,17,19
2165,anexar,17,19
2849,apunt,17,19
2920,arbolado,17,19
3157,arrastre,17,19
3440,asinteir,17,19
3530,astronomico,17,19
3728,atrevido,17,19
4984,bianchi,17,19
5626,brasilera,17,19
5938,business,17,19
6144,calamidad,17,19
6528,canta,17,19
6766,carita,17,19
7060,categorizacion,17,19
7142,cbc,17,19
8118,clicks,17,19
9349,constanza,17,19
10412,crucifijo,17,19
11081,decirme,17,19
11219,degradado,17,19
11753,desarticulacion,17,19
11814,descamisado,17,19
12145,desgarro,17,19
12252,deslindar,17,19
12739,diagramar,17,19
12942,diluido,17,19
13258,disruptiva,17,19
14798,engominado,17,19
15428,escenificacion,17,19
17631,flaquito,17,19
17679,floreado,17,19
17700,flotacion,17,19
18144,frondoso,17,19
18176,fucsia,17,19
18264,fundamentado,17,19
18651,gemelas,17,19
19169,gourmet,17,19
19220,grafica,17,19
20422,honda,17,19
20440,honorem,17,19
21173,inacabado,17,19
21322,incomprensibl,17,19
21400,incrustar,17,19
21868,inhabilitacion,17,19
21899,inimaginabl,17,19
21960,inmoralidad,17,19
22061,inscripta,17,19
22122,inspeccionar,17,19
22382,intergubernamental,17,19
22506,intervencionismo,17,19
22815,irremplazable,17,19
22985,jamaica,17,19
23036,jauretche,17,19
24168,letrero,17,19
25395,maniqui,17,19
26139,mejoria,17,19
26258,mensajeria,17,19
27521,multifacetico,17,19
27977,nenir,17,19
28075,neustadt,17,19
30463,pepa,17,19
30841,petalo,17,19
31116,pio,17,19
32444,privativo,17,19
32589,profetico,17,19
32701,promulgacion,17,19
32750,proposicion,17,19
32751,propositivo,17,19
33408,quisir,17,19
33590,rapaz,17,19
33639,raso,17,19
34045,reconvertido,17,19
34161,redada,17,19
34275,reestructurar,17,19
34319,reflexionir,17,19
34512,reinsercion,17,19
34574,relajo,17,19
34753,renga,17,19
35327,revalorizacion,17,19
35370,revestido,17,19
35588,ritmico,17,19
36316,sanear,17,19
38061,state,17,19
38165,subalterna,17,19
38235,sublime,17,19
38799,taiwan,17,19
39154,televisar,17,19
39468,teve,17,19
40421,triangular,17,19
41735,vicejefe,17,19
41865,viktor,17,19
3210,arrinconar,16,19
3241,arrugas,16,19
3597,atemporal,16,19
4288,bailando,16,19
7213,celestes,16,19
8232,cochera,16,19
8335,colaboradora,16,19
8553,comes,16,19
9938,corporation,16,19
10186,cowboy,16,19
10643,cuidir,16,19
11633,desacople,16,19
11729,desaprobacion,16,19
12421,despertador,16,19
12516,desregular,16,19
12582,desvalorizacion,16,19
12725,diabolico,16,19
14044,electricista,16,19
15462,escogido,16,19
15823,est,16,19
18263,fundamentacion,16,19
19136,gori,16,19
20486,hornalla,16,19
21828,ingenieros,16,19
21958,inmolar,16,19
22320,interanual,16,19
22351,intercontinental,16,19
22692,invisibilizada,16,19
23650,laborista,16,19
24869,luigi,16,19
25268,mameluco,16,19
25320,mandarin,16,19
28681,ochocientos,16,19
28847,oligarca,16,19
28975,operacional,16,19
29214,ortografia,16,19
31180,pitada,16,19
32212,prescindencia,16,19
33102,pulpito,16,19
33505,rafaela,16,19
33670,ratificado,16,19
33809,rebaja,16,19
35749,romantizar,16,19
35816,rose,16,19
38332,sucesora,16,19
38382,suenos,16,19
38836,talle,16,19
38879,tanks,16,19
39072,tecnopolis,16,19
40920,universalista,16,19
695,adinerado,15,19
1295,alabanza,15,19
1928,amnesia,15,19
4165,aymara,15,19
4171,aysa,15,19
4868,benefico,15,19
6186,calentura,15,19
8378,colectivista,15,19
10960,day,15,19
12793,dicha,15,19
14675,endeudada,15,19
15698,espectral,15,19
15910,estarar,15,19
16649,exportadora,15,19
17633,flashback,15,19
20287,histerico,15,19
22389,interioridad,15,19
23084,jeremy,15,19
24900,lumpen,15,19
25578,mareado,15,19
25982,mcdonald,15,19
26966,modista,15,19
27138,monstruosidad,15,19
27570,mundiales,15,19
27991,neofascista,15,19
28390,nova,15,19
30842,petardo,15,19
30864,petrolera,15,19
31288,plaqueta,15,19
31828,positivismo,15,19
31839,pospandemia,15,19
32240,presentismo,15,19
32547,productivista,15,19
34374,rega,15,19
35500,riego,15,19
36019,sabia,15,19
36625,secularizacion,15,19
37169,sigiloso,15,19
40542,troncal,15,19
41498,venezolana,15,19
42213,voluntarista,15,19
42287,vuestro,15,19
42555,yale,15,19
563,actuado,14,19
2848,apunalar,14,19
4358,baldazo,14,19
4492,baqueano,14,19
8004,citroen,14,19
8820,computador,14,19
10064,cortinas,14,19
10514,cuarenton,14,19
12398,despeinado,14,19
12738,diagrama,14,19
13176,disgregacion,14,19
13587,dra,14,19
16504,existencialista,14,19
18329,futbolera,14,19
19923,helena,14,19
20301,historiografia,14,19
20615,humahuaca,14,19
22893,ismael,14,19
24135,lerner,14,19
24741,longoni,14,19
26478,metrobus,14,19
27281,morral,14,19
27514,multiculturalismo,14,19
28524,obeso,14,19
29556,palta,14,19
31400,pluriempleo,14,19
32498,procesador,14,19
32840,proust,14,19
34694,remocion,14,19
36472,sauce,14,19
36538,schteingart,14,19
37291,simulado,14,19
41246,vandalismo,14,19
4661,basualdo,13,19
5065,bilbao,13,19
6283,camarista,13,19
6756,carina,13,19
7171,cedes,13,19
10156,coti,13,19
10479,cuadruple,13,19
10974,death,13,19
13591,dragado,13,19
18904,ginecologa,13,19
20327,hocico,13,19
22657,inversionista,13,19
27350,motocicleta,13,19
29545,palomar,13,19
30136,patti,13,19
30575,perforacion,13,19
32984,public,13,19
34633,relocalizar,13,19
38549,superviviente,13,19
40250,tranvia,13,19
41241,vampiro,13,19
41605,verificable,13,19
42384,weinstein,13,19
2439,antiheroe,12,19
3980,autopart,12,19
4599,barrot,12,19
4903,bergman,12,19
6597,capitana,12,19
6708,cardiovascular,12,19
6985,castellanos,12,19
10845,dalar,12,19
11667,desafuero,12,19
12606,desvinculacion,12,19
15346,erupcion,12,19
16241,eurnekian,12,19
18009,francesco,12,19
19496,guernica,12,19
21077,impostor,12,19
28879,olmos,12,19
30039,patagonica,12,19
30403,penelope,12,19
30960,pichincha,12,19
31921,potosi,12,19
37990,speed,12,19
39118,telecom,12,19
40683,turbante,12,19
40959,upcn,12,19
42108,viver,12,19
42172,voladura,12,19
4289,bailanta,11,19
7001,castracion,11,19
7563,check,11,19
17761,folio,11,19
19534,guillotina,11,19
20133,higgins,11,19
21433,indalo,11,19
30031,pastura,11,19
32074,preexistencia,11,19
40206,transmedio,11,19
2368,antiaborto,10,19
3558,atacama,10,19
4143,awada,10,19
4967,beta,10,19
6058,caciqu,10,19
6368,campanella,10,19
9161,coni,10,19
13472,domesticacion,10,19
13858,edenor,10,19
14174,elvis,10,19
16634,expo,10,19
23066,jelin,10,19
25021,madison,10,19
25136,maite,10,19
29211,ortodoxas,10,19
30318,peleador,10,19
31387,plumas,10,19
35758,romney,10,19
38059,startup,10,19
38791,tai,10,19
2271,annie,9,19
5081,bimbo,9,19
6455,candelaria,9,19
7583,chernobil,9,19
8448,colonialidad,9,19
13033,directv,9,19
23782,langostino,9,19
36966,seru,9,19
37011,seul,9,19
38110,stonewall,9,19
40865,unfpa,9,19
18919,gioja,8,19
25945,mayer,8,19
40561,trosko,8,19
42560,yang,8,19
2601,aparicio,7,19
2748,apostoles,7,19
4357,baldassi,7,19
16179,etchemendy,7,19
25062,magallanes,7,19
26356,merino,7,19
29801,paret,7,19
33046,puentes,7,19
38970,tartagal,7,19
10841,dakar,6,19
21035,implosionado,6,19
23735,lake,6,19
24855,ludmila,6,19
30843,pete,6,19
38746,taboada,6,19
41002,uriarte,6,19
19119,gop,5,19
28234,nocturnidad,5,19
41018,urrutia,5,19
6835,carrascosa,4,19
15532,escriva,4,19
28104,nft,4,19
28296,norcoreano,4,19
37965,soviet,4,19
41033,usaid,4,19
1244,ailton,3,19
1862,ameal,3,19
3216,arrocero,3,19
5573,bouvier,3,19
5603,bragarnik,3,19
7586,chester,3,19
11611,dervich,3,19
29100,orejudo,3,19
29569,pampillon,3,19
38714,syd,3,19
41916,vinchuca,3,19
434,acomodo,18,18
1100,agredido,18,18
1361,alboroto,18,18
1629,alocucion,18,18
1716,alucinante,18,18
3013,argentinxs,18,18
3435,asimilacion,18,18
3676,atomizacion,18,18
4099,aversion,18,18
4874,benevolo,18,18
5505,borran,18,18
7864,cierne,18,18
8660,comparti,18,18
8661,compartiar,18,18
8686,competente,18,18
8989,condescendiente,18,18
10332,crisi,18,18
10415,crucir,18,18
11458,denostado,18,18
11824,descarado,18,18
11968,descubri,18,18
12920,dijir,18,18
14343,empapelar,18,18
14362,empatizar,18,18
14369,empedrado,18,18
14831,enlazado,18,18
14953,ensordecedor,18,18
15357,escabullir,18,18
15990,estilizado,18,18
16011,estirado,18,18
16112,estructuran,18,18
16790,extravagant,18,18
17021,fantasmagorico,18,18
17991,fragor,18,18
18573,gastada,18,18
19287,grata,18,18
19814,harir,18,18
20408,homogeneizar,18,18
20683,hurto,18,18
21481,indeseado,18,18
21950,inmigratorio,18,18
21953,inmiscuir,18,18
22392,interiorizar,18,18
24103,leninista,18,18
25773,masculinizado,18,18
26088,mediocridad,18,18
26776,mirado,18,18
26803,mirir,18,18
27091,monoambiente,18,18
28600,observo,18,18
28920,omnipotencia,18,18
28921,omnipotente,18,18
29267,ostensible,18,18
30035,patadas,18,18
33182,pupila,18,18
33678,ratonar,18,18
33819,rebatir,18,18
34019,reconoci,18,18
34900,reporteros,18,18
35297,retruco,18,18
36050,sacarnos,18,18
36255,salvedad,18,18
36742,semblante,18,18
36882,sepan,18,18
37352,sinnumero,18,18
38820,talentoso,18,18
40068,traigar,18,18
41299,vario,18,18
41360,veda,18,18
41380,vehemente,18,18
41400,veintipico,18,18
41934,vinimos,18,18
393,aciago,17,18
1479,alfabetico,17,18
1644,alpargata,17,18
2320,ansiar,17,18
2771,aprecio,17,18
2846,apuesto,17,18
2912,arbitrariamente,17,18
3378,asertivo,17,18
3642,atestiguar,17,18
3687,atormentado,17,18
4870,beneplacito,17,18
5849,bullicio,17,18
6131,calabaza,17,18
6458,candente,17,18
7274,centenares,17,18
8107,clemente,17,18
8453,colonizado,17,18
11203,deforme,17,18
11857,descentralizar,17,18
12083,desertar,17,18
12291,desmentido,17,18
12409,despensa,17,18
12485,despreocupado,17,18
12886,digamoslo,17,18
12903,digitalizado,17,18
13223,disparatado,17,18
13457,dolorosamente,17,18
13738,durazno,17,18
13960,egipcio,17,18
15052,entrelazado,17,18
15101,entrevister,17,18
15147,envasado,17,18
15437,escindir,17,18
15706,espeer,17,18
15853,estadista,17,18
15927,estatizacion,17,18
16329,evitir,17,18
16419,exclamacion,17,18
16620,explorado,17,18
17745,fogonear,17,18
18731,gentil,17,18
19550,guirnalda,17,18
19689,hacha,17,18
19905,hegemonizar,17,18
20351,holding,17,18
20516,hospitalizado,17,18
20846,ilegitimidad,17,18
20894,imagina,17,18
21046,impongar,17,18
21623,ineficiencia,17,18
21817,infundir,17,18
21882,inhospito,17,18
21963,inmortalizado,17,18
22959,jactancia,17,18
23321,junt,17,18
23886,latigazo,17,18
24859,ludwig,17,18
25310,manda,17,18
25316,mandamiento,17,18
26239,menguar,17,18
26492,mexicana,17,18
26564,microscopio,17,18
27229,morboso,17,18
27665,mutilar,17,18
28621,obstinado,17,18
30406,penetrante,17,18
30782,perturbadoro,17,18
31427,pobrecito,17,18
31725,porosa,17,18
31829,positivista,17,18
31976,prebenda,17,18
32291,presto,17,18
33271,quedatir,17,18
33322,querrir,17,18
33633,rasgar,17,18
33907,recesivo,17,18
33954,reclamado,17,18
34117,recubrir,17,18
34146,recurrio,17,18
34866,repisa,17,18
35298,retuercir,17,18
35586,risueno,17,18
36890,separir,17,18
37555,sobresaliente,17,18
37712,soldadito,17,18
38070,stefanoni,17,18
38490,superador,17,18
39246,tendiente,17,18
39338,terciopelo,17,18
39443,testear,17,18
40678,tupido,17,18
41149,vagar,17,18
332,aceleradamente,16,18
353,acepter,16,18
1446,alentado,16,18
1907,amigar,16,18
2658,apilada,16,18
2722,apolitico,16,18
2851,apuntado,16,18
4454,banderita,16,18
4481,banos,16,18
4582,barrido,16,18
4861,beneficiaria,16,18
5294,boceto,16,18
5448,book,16,18
8847,comunidades,16,18
9003,condolencia,16,18
9111,conformidad,16,18
9490,contencioso,16,18
10183,cover,16,18
11731,desaprovechar,16,18
12897,digestivo,16,18
14063,electronica,16,18
15436,escindido,16,18
15983,estigmatizante,16,18
16088,estresado,16,18
16499,eximir,16,18
16933,falico,16,18
17295,ferroviaria,16,18
18678,generalidad,16,18
19651,hablado,16,18
19891,hedonismo,16,18
20992,impericia,16,18
21302,incoherencia,16,18
21984,inmutabl,16,18
23031,jarron,16,18
23698,ladrar,16,18
23815,lapidario,16,18
24671,locomotora,16,18
24738,longitud,16,18
25690,marques,16,18
25704,marruecos,16,18
26259,mensajero,16,18
26910,moco,16,18
27051,monarquico,16,18
27142,montada,16,18
27433,muchachos,16,18
27527,multimedia,16,18
27874,navideno,16,18
27933,negatividad,16,18
28364,notero,16,18
28580,obscenidad,16,18
29574,panacea,16,18
32100,pregnancia,16,18
32140,preludio,16,18
32197,preparo,16,18
33278,queen,16,18
33512,raid,16,18
33943,recio,16,18
34113,recuadro,16,18
34166,redefinar,16,18
34226,redundante,16,18
34252,reemplazante,16,18
35219,retenido,16,18
35323,reuters,16,18
35863,rouge,16,18
37204,silbato,16,18
37777,solvencia,16,18
38376,sueltos,16,18
38396,sufragista,16,18
39308,teologo,16,18
39689,titan,16,18
39713,titularidad,16,18
40436,tributar,16,18
41597,vergara,16,18
302,accidentado,15,18
761,adoquin,15,18
1041,aglomerado,15,18
1695,altillo,15,18
2472,antipatriarcal,15,18
3983,autopercibe,15,18
4169,ayre,15,18
4215,azucarero,15,18
5016,bid,15,18
5841,bulevar,15,18
6428,canasto,15,18
6668,caratular,15,18
7758,chris,15,18
8396,coletazo,15,18
8717,complementariedad,15,18
9825,copla,15,18
11408,demoler,15,18
12828,die,15,18
13746,durkheim,15,18
13902,educacional,15,18
14718,energy,15,18
14921,ensanamiento,15,18
14951,ensonacion,15,18
15004,entonacion,15,18
15281,ereccion,15,18
15520,escrir,15,18
15792,esposito,15,18
15926,estatista,15,18
16457,exfuncionario,15,18
17464,filmografia,15,18
17760,folha,15,18
19042,godot,15,18
19908,heidi,15,18
19995,herman,15,18
20107,hidrant,15,18
20134,high,15,18
20377,hombria,15,18
21049,impopular,15,18
21180,inactivo,15,18
21474,independientes,15,18
21518,indigenista,15,18
22326,intercambiabl,15,18
22762,irigoyen,15,18
24551,llanos,15,18
25520,maradoniano,15,18
25908,matter,15,18
27423,mtv,15,18
27730,nalga,15,18
28329,norteamerica,15,18
28330,norteamericana,15,18
28470,nulidad,15,18
29112,organicamente,15,18
29573,pana,15,18
30057,paternalismo,15,18
30065,patilla,15,18
30837,pesticida,15,18
30984,piedrazo,15,18
31179,pita,15,18
34175,redentoro,15,18
35162,restablecimiento,15,18
35634,robinson,15,18
36775,semiotico,15,18
36828,sensacionalista,15,18
37286,simpsons,15,18
37946,sotana,15,18
37989,speech,15,18
38186,subcultura,15,18
40703,tusquets,15,18
41273,vaquero,15,18
41353,vecindad,15,18
41790,videoclip,15,18
42003,virtualizacion,15,18
42146,vocacional,15,18
521,acribillado,14,18
546,actividades,14,18
865,afanar,14,18
2055,anarco,14,18
2190,angelito,14,18
3124,arquetipico,14,18
4285,bailable,14,18
5156,bipolar,14,18
6951,caset,14,18
7147,cck,14,18
9774,cooper,14,18
9781,cooperativista,14,18
10072,cortometraje,14,18
10353,cristinista,14,18
10967,dead,14,18
11649,desafeccion,14,18
11865,desclasado,14,18
12086,desertificacion,14,18
13590,drag,14,18
14293,emily,14,18
15925,estatismo,14,18
16298,evasor,14,18
16786,extraterrestr,14,18
17130,fce,14,18
17684,florecimiento,14,18
18402,galicia,14,18
18806,geronimo,14,18
19851,haya,14,18
21498,indias,14,18
21582,indomito,14,18
21865,ingresos,14,18
21974,inmundo,14,18
21992,innegociable,14,18
23794,lanusse,14,18
23974,lear,14,18
24064,leiar,14,18
24268,libia,14,18
26572,midia,14,18
26940,moderna,14,18
27383,movie,14,18
28722,odebrecht,14,18
29565,pampean,14,18
30195,pcr,14,18
30251,pediatria,14,18
30415,penitenciaria,14,18
30940,picana,14,18
31571,politics,14,18
34229,reed,14,18
37365,sintaxis,14,18
37683,soho,14,18
38149,studio,14,18
38985,tatiana,14,18
39446,testificar,14,18
39587,tim,14,18
41314,vasallo,14,18
42714,zapateria,14,18
603,acumulativo,13,18
2897,aranda,13,18
4702,bauman,13,18
4939,bersuit,13,18
5495,born,13,18
5525,bosques,13,18
6162,calcio,13,18
6356,camison,13,18
6583,capilaridad,13,18
8840,comunicant,13,18
9776,cooperadora,13,18
11839,descartable,13,18
12088,desertor,13,18
13866,edicto,13,18
14197,embalsamado,13,18
17752,foja,13,18
18051,fray,13,18
24125,leonidas,13,18
25220,mall,13,18
29841,parodi,13,18
30857,petri,13,18
36337,sanitaria,13,18
37227,silo,13,18
37548,sobreprecio,13,18
38956,tarifario,13,18
39173,temario,13,18
40362,travo,13,18
1558,alimentaria,12,18
4774,beckett,12,18
4805,belicosidad,12,18
4918,bernabe,12,18
6616,capriles,12,18
7571,chelsea,12,18
9897,coreografo,12,18
9901,corinthians,12,18
10182,cov,12,18
13691,duhaldismo,12,18
13838,economy,12,18
18645,gelblung,12,18
18797,gerli,12,18
19446,guaranies,12,18
19962,hepatitis,12,18
20013,hermes,12,18
27990,neofascismo,12,18
28510,oaxaca,12,18
33031,pueblado,12,18
33481,radicalizada,12,18
34600,relax,12,18
38119,storni,12,18
471,acoplado,11,18
1475,alexandria,11,18
3315,aruguete,11,18
8672,compatibilidad,11,18
13197,dislocado,11,18
16631,explotador,11,18
22502,interuniversitario,11,18
22980,jalisco,11,18
22997,jane,11,18
27034,moma,11,18
30139,pau,11,18
30609,periferio,11,18
30951,picasso,11,18
31765,porter,11,18
36061,sacerdocio,11,18
40041,traffic,11,18
42391,wells,11,18
3462,asociados,10,18
4871,benetton,10,18
6039,cacha,10,18
6095,cafetero,10,18
6163,calco,10,18
6394,campito,10,18
16225,eucalipto,10,18
17433,filantropia,10,18
19736,haitiano,10,18
19974,hercules,10,18
23097,jesica,10,18
23098,jesse,10,18
23250,judiciales,10,18
24111,lenteja,10,18
25121,maia,10,18
25923,maurice,10,18
26641,miliciano,10,18
30548,pereira,10,18
33389,quinteros,10,18
34588,relatividad,10,18
36131,sain,10,18
36557,scolari,10,18
39151,televisa,10,18
2786,aprendices,9,18
7931,ciper,9,18
8147,clitoris,9,18
13424,documentos,9,18
13540,doria,9,18
14344,empaque,9,18
16949,falo,9,18
18125,friends,9,18
18451,games,9,18
18473,gandolfo,9,18
18621,gaviria,9,18
24761,loredo,9,18
27367,mouffe,9,18
34163,reddit,9,18
36952,serna,9,18
39568,tijuana,9,18
41929,vinedo,9,18
28,abascal,8,18
818,adultos,8,18
869,afd,8,18
4971,betina,8,18
7157,ceballos,8,18
7191,celador,8,18
8365,coleccionismo,8,18
13894,eds,8,18
14172,elvio,8,18
15904,estano,8,18
17546,fire,8,18
17935,fotoperiodismo,8,18
18397,galerista,8,18
24941,lynn,8,18
29370,paceno,8,18
30150,pauls,8,18
31135,piquito,8,18
36340,sanitarista,8,18
41086,utilitarista,8,18
17694,florianopolis,7,18
23072,jenny,7,18
23409,kapuscinski,7,18
27406,moyanismo,7,18
27803,narvaja,7,18
31723,poronga,7,18
39343,teresita,7,18
39981,trabaja,7,18
40787,uganda,7,18
41187,valery,7,18
2009,anabolico,6,18
4503,baranao,6,18
6830,carr,6,18
11734,desarmadero,6,18
15614,esloveno,6,18
15736,esperma,6,18
26152,melenchon,6,18
26172,melody,6,18
28544,objetor,6,18
31161,pisac,6,18
4191,azabache,5,18
10790,cusicanqui,5,18
20058,herzog,5,18
40690,turf,5,18
21896,iniesta,4,18
29615,panguipulli,4,18
30194,pci,4,18
39089,tehuel,4,18
4937,berro,3,18
7793,chuquicamata,3,18
10181,couto,3,18
13161,disfonia,3,18
13543,dorita,3,18
29496,palancas,3,18
30862,petrogrado,3,18
38877,tanino,3,18
862,afable,17,17
904,aficion,17,17
1675,altavoz,17,17
1997,amputar,17,17
2795,aprestar,17,17
3681,atonito,17,17
4390,balsamo,17,17
5223,blanquisimo,17,17
6527,cansino,17,17
6769,cariz,17,17
8253,codazo,17,17
9740,conviir,17,17
9871,cordialidad,17,17
10136,costear,17,17
10582,cuentar,17,17
10907,danzar,17,17
11056,deciamos,17,17
11338,delitos,17,17
12161,desgraciadamente,17,17
12254,desliz,17,17
12519,destacable,17,17
12807,dicotomico,17,17
13035,diriar,17,17
13146,diseminado,17,17
13160,disertar,17,17
13929,efectivizar,17,17
14410,emplazar,17,17
14739,enfermedades,17,17
14886,enredo,17,17
14911,ensalado,17,17
15076,entretejar,17,17
15402,escaramuza,17,17
15915,estarir,17,17
16114,estructurante,17,17
16316,evidenciado,17,17
16346,exacerbacion,17,17
16400,excentricidad,17,17
16955,falsamente,17,17
18160,fruncir,17,17
19571,gustarar,17,17
21335,inconcluso,17,17
21418,incumplida,17,17
21583,indonesia,17,17
21808,infringir,17,17
21927,inmanente,17,17
22347,interconectado,17,17
22399,interlocutora,17,17
23762,lamparita,17,17
24454,lirica,17,17
26350,merezcar,17,17
27376,movedizo,17,17
27997,neologismo,17,17
28605,obsesivamente,17,17
28777,oficializar,17,17
29320,ovacionar,17,17
29708,paradojica,17,17
30067,patina,17,17
31744,portadora,17,17
32025,preconcepto,17,17
32065,predominantemente,17,17
32185,preparabar,17,17
32532,procurir,17,17
32676,prometi,17,17
33015,pudiente,17,17
33038,puedas,17,17
33620,rarisimo,17,17
33628,rascacielos,17,17
33945,recipiente,17,17
34099,recrudecimiento,17,17
34105,rectificar,17,17
34695,remodelacion,17,17
35326,revalidar,17,17
35525,rigurosamente,17,17
35558,rioplatense,17,17
36252,salvavida,17,17
37370,sintetizado,17,17
37902,sorprendentemente,17,17
38411,sugerido,17,17
39083,tedioso,17,17
40299,traspie,17,17
40898,uniformidad,17,17
41468,vendaval,17,17
62,abigarrado,16,17
93,abonado,16,17
781,adquier,16,17
916,afinado,16,17
1322,alarido,16,17
2206,angresano,16,17
2808,aprieto,16,17
2814,aprobada,16,17
2876,aquiles,16,17
3243,arruinado,16,17
3290,artificialmente,16,17
3829,auspiciar,16,17
3943,autografo,16,17
4022,autorretrato,16,17
4183,ayude,16,17
4722,bazar,16,17
5454,boomerang,16,17
5975,caballeria,16,17
6153,calcado,16,17
6240,calmir,16,17
6721,carenciado,16,17
7252,cenit,16,17
7253,cenital,16,17
8645,comparada,16,17
9116,confortable,16,17
9945,corporizar,16,17
10175,countries,16,17
10325,criptico,16,17
10387,cronograma,16,17
10476,cuadrito,16,17
10480,cuadruplicar,16,17
10659,culminacion,16,17
10993,deberer,16,17
11207,defraudar,16,17
11470,dentista,16,17
12350,desorbitado,16,17
12358,desorganizacion,16,17
12577,desubicado,16,17
13142,diseccion,16,17
14260,embrollo,16,17
14375,empeoramiento,16,17
14492,enamore,16,17
14530,encapsulado,16,17
14815,enhebrar,16,17
14827,enjuiciar,16,17
15113,entronizar,16,17
15218,epistolar,16,17
15395,escapatoria,16,17
15499,escrachado,16,17
15717,esperabl,16,17
16699,extemporaneo,16,17
16773,extranjerizacion,16,17
16869,facilitado,16,17
17239,fenix,16,17
17622,flanco,16,17
17667,flickr,16,17
17983,fragmentada,16,17
18197,fugacidad,16,17
18224,fuma,16,17
19112,good,16,17
20307,histrionismo,16,17
21087,impredecibl,16,17
21110,imprevisibilidad,16,17
21271,incitacion,16,17
21419,incumplido,16,17
21461,indemne,16,17
21831,ingenios,16,17
21986,inmutar,16,17
22315,interactua,16,17
22562,intrascendente,16,17
22622,invalidar,16,17
23859,laser,16,17
24298,licenciar,16,17
24586,llevadero,16,17
25177,maldecir,16,17
25312,mandado,16,17
25942,may,16,17
26019,mechon,16,17
26046,mediatica,16,17
26939,modern,16,17
28073,neurotico,16,17
29596,pandemio,16,17
31358,plegado,16,17
32565,profecias,16,17
32690,promocionado,16,17
32932,psicodelico,16,17
33862,recalcular,16,17
34038,reconstruido,16,17
34545,reivindicativo,16,17
35405,revival,16,17
35421,revolotear,16,17
35763,rompecabeza,16,17
35860,rotundamente,16,17
35914,rudimentario,16,17
36455,satirico,16,17
36957,serpentear,16,17
36993,sesionar,16,17
37679,soft,16,17
37702,solapar,16,17
38397,sufri,16,17
38903,tapada,16,17
39047,tecnicismo,16,17
39867,torbellino,16,17
40101,tranqui,16,17
40118,transar,16,17
40573,troya,16,17
40883,unidades,16,17
41060,usufructuar,16,17
41121,vacilacion,16,17
41655,vertiginosamente,16,17
41965,violeto,16,17
42112,viveza,16,17
1601,almacenado,15,17
2185,angelical,15,17
2953,arcilla,15,17
3142,arrancado,15,17
3392,asesoria,15,17
3819,auschwitz,15,17
3956,automatismo,15,17
3991,autoproclamar,15,17
4335,balanceado,15,17
4907,berkeley,15,17
5464,borcego,15,17
5942,busquen,15,17
6105,cagon,15,17
6137,calado,15,17
6434,cancelado,15,17
6672,carballo,15,17
6887,cartero,15,17
7267,censurado,15,17
8277,coercitivo,15,17
8604,community,15,17
9947,corpulento,15,17
10148,costumbrista,15,17
10765,cursada,15,17
11050,decepcionante,15,17
11594,derroche,15,17
12515,desregulado,15,17
12905,digitalmente,15,17
13089,discontinuar,15,17
13451,dolio,15,17
13615,drenar,15,17
14638,encuadr,15,17
15332,errante,15,17
15468,escolarizacion,15,17
15569,escudrinar,15,17
15712,espejito,15,17
15791,esposar,15,17
17559,first,15,17
19116,googlear,15,17
19406,grua,15,17
19713,hackeo,15,17
20452,hood,15,17
21085,imprecision,15,17
21617,inefable,15,17
21878,inhibicion,15,17
22092,insinuacion,15,17
22385,interino,15,17
22564,intratables,15,17
22824,irresistibl,15,17
23043,jay,15,17
24531,llamarer,15,17
24981,machine,15,17
25456,manufacturero,15,17
26417,metafisica,15,17
26909,mocion,15,17
27016,molestir,15,17
28608,obsolescencia,15,17
29867,parroco,15,17
30083,patologizar,15,17
30165,pavado,15,17
30215,pecar,15,17
30363,peludo,15,17
31519,polera,15,17
31648,poniar,15,17
31959,prado,15,17
32097,prefigurar,15,17
32622,progresion,15,17
32700,promueir,15,17
32936,psicologas,15,17
33345,quiero,15,17
33716,razonablemente,15,17
33856,recaida,15,17
33970,recodo,15,17
33998,recompensar,15,17
34507,reiniciar,15,17
34722,renacentista,15,17
35003,requisa,15,17
36338,sanitarias,15,17
36352,santafesina,15,17
36673,segmentar,15,17
37897,sororo,15,17
38012,sponsors,15,17
39004,taxativo,15,17
40085,tramitacion,15,17
40102,tranquila,15,17
40217,transmutar,15,17
40653,tumbo,15,17
41242,vanagloriar,15,17
41307,varonil,15,17
626,ada,14,17
708,adjudicacion,14,17
856,aeroparque,14,17
2464,antinomia,14,17
2510,antojar,14,17
3294,artigas,14,17
3443,asis,14,17
3709,atrapir,14,17
3936,autogestionado,14,17
3941,autogolpe,14,17
4453,banderin,14,17
5382,boluda,14,17
5444,bonus,14,17
6187,calesita,14,17
6849,carretilla,14,17
6949,caseron,14,17
6975,castana,14,17
11332,delinquir,14,17
12561,destrato,14,17
13857,eden,14,17
14176,email,14,17
15602,esgrima,14,17
16422,excluidos,14,17
18027,frankenstein,14,17
18198,fugado,14,17
19916,heladeria,14,17
20154,hijito,14,17
21519,indigent,14,17
21572,indivisible,14,17
22935,izar,14,17
23745,lamas,14,17
24223,lgtbiq,14,17
25032,madrileno,14,17
25487,maqueira,14,17
25801,massachusetts,14,17
25950,mayordomo,14,17
26169,melodico,14,17
26373,mermelada,14,17
27369,mountain,14,17
27656,mutante,14,17
28259,nomade,14,17
29853,parques,14,17
29984,pasito,14,17
30210,peca,14,17
30623,periodistica,14,17
31750,portarretrato,14,17
32000,precedido,14,17
32782,proselitismo,14,17
33097,pulmonar,14,17
35044,resetear,14,17
35148,responsabilizacion,14,17
36169,salgan,14,17
36307,sandoval,14,17
36393,saque,14,17
37071,shell,14,17
37316,sincronizado,14,17
38243,subnacional,14,17
38533,superpotencia,14,17
38595,sureste,14,17
38998,taurus,14,17
39795,tomador,14,17
39815,tomografia,14,17
41880,village,14,17
276,acantilado,13,17
373,acertijo,13,17
3509,astilla,13,17
5002,bicameral,13,17
5714,broche,13,17
5835,buitr,13,17
6002,cabezazo,13,17
7597,chiapas,13,17
8288,cofundador,13,17
8380,colectivizar,13,17
8450,colonialista,13,17
10061,corteza,13,17
10755,curitiba,13,17
12412,desperdiciar,13,17
13936,efemerid,13,17
14543,encarecer,13,17
16105,estructuracion,13,17
17371,fiction,13,17
17735,focalizada,13,17
17909,fosforo,13,17
18643,gelatina,13,17
18852,gianni,13,17
18934,girl,13,17
19018,gmail,13,17
19602,habermas,13,17
20827,igualitarista,13,17
21557,individuacion,13,17
22048,insalvable,13,17
22676,investigadorxs,13,17
23695,ladero,13,17
26038,medianera,13,17
27283,morris,13,17
27954,negrita,13,17
28771,oficiales,13,17
29645,pantufla,13,17
33802,reasignacion,13,17
36390,sapiens,13,17
36678,segregado,13,17
37026,sexoafectiva,13,17
38278,subsidiado,13,17
39586,tilo,13,17
39657,tipologia,13,17
39978,tra,13,17
40586,trueque,13,17
40824,ultranza,13,17
41455,venado,13,17
41793,videoconferencia,13,17
42610,yogur,13,17
42743,zavaleta,13,17
2331,antagonizar,12,17
2466,antipanico,12,17
3004,argelia,12,17
3912,autodestruccion,12,17
3932,autoficcion,12,17
4532,barcaza,12,17
5006,biceps,12,17
5135,biometrico,12,17
6337,caminante,12,17
6923,casal,12,17
7208,celebrity,12,17
7480,chanta,12,17
7632,children,12,17
9621,contrarrevolucion,12,17
9943,corporeo,12,17
10242,crediticio,12,17
18088,french,12,17
21016,implante,12,17
23187,jornadas,12,17
23767,lanacion,12,17
24218,lgbtq,12,17
24673,locro,12,17
24821,lucero,12,17
26107,meet,12,17
26981,mohamed,12,17
27019,molido,12,17
27234,mordida,12,17
28066,neurologo,12,17
28670,oceanico,12,17
29392,pacifista,12,17
29712,paraestatal,12,17
30070,patinar,12,17
30581,performar,12,17
31298,plasticidad,12,17
31337,playero,12,17
31492,poker,12,17
33233,qaeda,12,17
33318,querida,12,17
33710,rayuela,12,17
38058,start,12,17
38116,stories,12,17
38542,supervisado,12,17
40487,tristan,12,17
40861,une,12,17
41791,videoclips,12,17
896,afgano,11,17
949,afp,11,17
2174,anfiteatro,11,17
2823,apropiador,11,17
3040,arica,11,17
3663,atlantida,11,17
4901,berger,11,17
5400,bombear,11,17
6087,caetano,11,17
6767,caritas,11,17
7777,chueco,11,17
7815,cibernetica,11,17
8170,clubes,11,17
8614,comp,11,17
9112,conformismo,11,17
10653,culebron,11,17
10928,darthes,11,17
13532,doping,11,17
13707,duna,11,17
13813,ecologica,11,17
16261,evacuado,11,17
17184,felices,11,17
17211,femenina,11,17
17219,feminazi,11,17
18062,fred,11,17
22228,insurreccional,11,17
23170,jonatan,11,17
23471,kerosene,11,17
27876,navio,11,17
28156,nihilista,11,17
33822,rebeca,11,17
35023,rescatista,11,17
35322,reutemann,11,17
37395,siri,11,17
37401,sirvienta,11,17
38986,tato,11,17
39642,tip,11,17
40879,unicornio,11,17
41151,vaginal,11,17
41159,vainilla,11,17
42363,wave,11,17
1196,aguilera,10,17
2145,android,10,17
2465,antioquia,10,17
3088,armenia,10,17
5232,blatter,10,17
5757,brujeria,10,17
11113,decolonial,10,17
13459,doloso,10,17
18412,gallery,10,17
18880,gilbert,10,17
22757,iraqui,10,17
24173,leuco,10,17
26305,mercader,10,17
29766,parc,10,17
32400,principiant,10,17
33541,rambo,10,17
34109,rectora,10,17
37621,societal,10,17
41363,vedia,10,17
331,aceleracionismo,9,17
1349,albertismo,9,17
2288,anonymous,9,17
4253,backlash,9,17
5234,blazer,9,17
5312,boeing,9,17
5410,bon,9,17
7473,chang,9,17
8031,claire,9,17
9886,core,9,17
13434,doha,9,17
18763,geologo,9,17
18838,getulio,9,17
19333,greta,9,17
23205,journalism,9,17
23440,katrina,9,17
29091,ordonez,9,17
30077,patogeno,9,17
30704,perreo,9,17
31548,poligono,9,17
33330,quiaca,9,17
36918,serbio,9,17
39768,token,9,17
41730,vicedirectora,9,17
1312,alanis,8,17
2188,angelina,8,17
4757,bebito,8,17
4933,berretin,8,17
5178,bitcoins,8,17
5276,boa,8,17
7073,catolicas,8,17
7471,chandler,8,17
7973,ciruja,8,17
8993,condicionalidad,8,17
18902,gina,8,17
19481,guattari,8,17
19964,her,8,17
23416,karateca,8,17
24726,loncon,8,17
26150,melella,8,17
26892,miyazaki,8,17
27316,mossad,8,17
29501,palazzo,8,17
29825,parker,8,17
33509,ragendorfer,8,17
35893,rubi,8,17
36581,sebreli,8,17
41783,vidas,8,17
6927,casanello,7,17
10404,cruceno,7,17
15184,eph,7,17
17137,feb,7,17
17582,fisicoculturista,7,17
19388,groove,7,17
20127,hiena,7,17
24714,lolo,7,17
25174,malcorra,7,17
26679,milo,7,17
26987,moira,7,17
29817,parisi,7,17
30218,peces,7,17
32830,protestantismo,7,17
33135,punibilidad,7,17
33683,ratzinger,7,17
38981,tatarabuelo,7,17
39418,terry,7,17
40744,tyler,7,17
8062,clases,6,17
17176,fein,6,17
20017,hermida,6,17
22992,jamie,6,17
29020,oprah,6,17
29475,pakapaka,6,17
30889,phil,6,17
36543,schwartz,6,17
39722,tizon,6,17
40255,trapera,6,17
41615,vermelho,6,17
42309,waisberg,6,17
1247,aime,5,17
24805,lsca,5,17
26488,metrovias,5,17
27152,montaner,5,17
35478,richardson,5,17
39977,tpp,5,17
42304,wade,5,17
42465,wire,5,17
42689,zambrano,5,17
18302,furio,4,17
18389,galarza,4,17
18976,glass,4,17
20708,ibero,4,17
23462,kendall,4,17
24683,lodge,4,17
25275,mamma,4,17
36511,schavelzon,4,17
39690,titanes,4,17
40914,unite,4,17
5763,brumadinho,3,17
10911,dargelos,3,17
12046,desencuentros,3,17
14134,elizondo,3,17
19009,glory,3,17
25422,mansour,3,17
28102,ney,3,17
35981,russia,3,17
37086,shipibo,3,17
38038,stagnaro,3,17
224,aburre,16,16
582,acuciante,16,16
712,adjuntar,16,16
1029,agilidad,16,16
1217,ahinco,16,16
1886,americanos,16,16
2058,anarquia,16,16
2292,anoranza,16,16
2307,anote,16,16
2522,antonomasia,16,16
2740,aportir,16,16
3217,arrodillado,16,16
3635,aterrorizar,16,16
4428,bancan,16,16
5319,bohemia,16,16
5990,cabecear,16,16
6587,capitalino,16,16
6966,casos,16,16
7272,centena,16,16
7361,cerquita,16,16
7709,chocante,16,16
7951,circundar,16,16
8083,claudicar,16,16
8586,comisionado,16,16
8987,condescendencia,16,16
11315,delicioso,16,16
11328,delineado,16,16
11354,demagogico,16,16
11537,depresivo,16,16
11948,descriminalizacion,16,16
11965,descubrar,16,16
12205,desigualmente,16,16
12334,desobediente,16,16
12637,detenimiento,16,16
12944,diluvio,16,16
13233,dispersa,16,16
13303,distributiva,16,16
13795,echir,16,16
13977,eiffel,16,16
14577,encendedor,16,16
14836,enloquecedor,16,16
15075,entretanto,16,16
15244,equipar,16,16
15294,erigido,16,16
15557,escuchaste,16,16
15710,espejar,16,16
16161,estuviste,16,16
16537,exorbitant,16,16
16961,falsificar,16,16
18054,freak,16,16
18163,frustrante,16,16
19812,hariar,16,16
20005,hermanito,16,16
20055,hervidero,16,16
20074,heteronormatividad,16,16
20269,hirveir,16,16
20738,ideado,16,16
20741,idealismo,16,16
21251,incerteza,16,16
21278,inclaudicable,16,16
21664,inexperto,16,16
21675,infaltable,16,16
21764,influido,16,16
23177,jopo,16,16
23917,laurel,16,16
24359,limar,16,16
24972,machacar,16,16
25416,mansalva,16,16
25579,marear,16,16
26279,mentar,16,16
27012,moler,16,16
27095,monocorde,16,16
27297,mortifero,16,16
28275,nomenclatura,16,16
28866,oliver,16,16
28943,oneroso,16,16
29003,opinologo,16,16
29010,oportunamente,16,16
29350,oxido,16,16
29702,paradisiaco,16,16
29733,paralizacion,16,16
29901,participo,16,16
31227,placido,16,16
31700,porcelana,16,16
33017,pudierar,16,16
33027,pudreir,16,16
33738,reacomodar,16,16
34216,reduccionismo,16,16
34437,regodear,16,16
34493,reinante,16,16
34763,renombrado,16,16
34831,repaser,16,16
35120,respetable,16,16
35158,resquemor,16,16
35289,retrospectivamente,16,16
35384,revisado,16,16
36894,sepia,16,16
37207,silenciada,16,16
37558,sobresaltar,16,16
37865,sopor,16,16
38208,subgrupo,16,16
38922,tapon,16,16
38989,tatuada,16,16
39414,terrorifico,16,16
39604,timing,16,16
40180,transgresor,16,16
40225,transparentar,16,16
40401,trenzar,16,16
40922,universalizacion,16,16
42586,yema,16,16
42772,zigzagueante,16,16
737,admitido,15,16
766,adoracion,15,16
1082,agrado,15,16
1274,ajenidad,15,16
1296,alabar,15,16
1452,alergia,15,16
1454,alero,15,16
1945,amontonamiento,15,16
2202,angosta,15,16
2768,apreciado,15,16
2807,apriete,15,16
3054,aristocrata,15,16
3394,aseveracion,15,16
3404,asfixiado,15,16
3917,autodidacta,15,16
4682,batido,15,16
5031,bienes,15,16
5465,borcegui,15,16
6666,caratula,15,16
7543,chato,15,16
7933,cippec,15,16
8873,concedido,15,16
9051,conferencista,15,16
9515,contextual,15,16
9523,contigo,15,16
9543,contornos,15,16
9573,contrae,15,16
9641,contravencional,15,16
10218,creadora,15,16
10606,cueste,15,16
10608,cuestionabl,15,16
11378,demencial,15,16
11444,denis,15,16
11890,desconcentrar,15,16
12020,desembolsar,15,16
12416,desperfecto,15,16
12506,despuntar,15,16
12541,destiempo,15,16
12652,determinismo,15,16
13081,discografica,15,16
14170,elusivo,15,16
14792,engendro,15,16
14929,ensayado,15,16
15100,entreviste,15,16
15120,entumecido,15,16
15517,escribis,15,16
15571,escuelas,15,16
15582,escupe,15,16
15709,espejado,15,16
15841,estacer,15,16
16067,estrellado,15,16
16098,estrident,15,16
16662,exprese,15,16
17032,far,15,16
17624,flanqueado,15,16
17878,forrado,15,16
18395,galera,15,16
18952,giuliano,15,16
19209,graduada,15,16
19289,gratificacion,15,16
19361,grisaceo,15,16
19704,haciendome,15,16
19728,hagas,15,16
20094,hibridacion,15,16
20150,hijas,15,16
20414,homologar,15,16
21736,inflable,15,16
22207,insuflar,15,16
22546,intra,15,16
22573,intrigar,15,16
22795,irreconocible,15,16
23028,jarra,15,16
23954,laxo,15,16
24071,leiste,15,16
24112,lentejuela,15,16
24396,linaj,15,16
24583,llevabar,15,16
24995,macizo,15,16
25100,magnificar,15,16
25880,matinal,15,16
26508,mezquindad,15,16
27507,multi,15,16
28457,nuestrxs,15,16
28584,obsequiar,15,16
29291,otorgamiento,15,16
29332,overol,15,16
30074,patita,15,16
30560,perezoso,15,16
30576,perforado,15,16
30799,pervivir,15,16
31251,planean,15,16
31463,podrar,15,16
31532,policias,15,16
31565,political,15,16
32206,prerrogativa,15,16
32293,presumiblemente,15,16
32544,productiva,15,16
32579,profesionalmente,15,16
32875,provisoria,15,16
33158,punteria,15,16
33442,racha,15,16
33851,recabar,15,16
33908,receso,15,16
34422,registrir,15,16
34445,regresion,15,16
34646,remanente,15,16
34822,reparticion,15,16
36053,sacas,15,16
36076,sacramento,15,16
36330,sanguchito,15,16
36498,scalabrini,15,16
36761,semidesnudo,15,16
37545,sobrepeso,15,16
37560,sobreseer,15,16
38026,square,15,16
38222,subjetivamente,15,16
38573,supranacional,15,16
38773,tactil,15,16
39644,tipear,15,16
39980,trabado,15,16
40473,tripartito,15,16
41387,veias,15,16
41403,veintiseis,15,16
41443,veloces,15,16
41647,verticalidad,15,16
41690,vetusto,15,16
41707,viajir,15,16
42261,voy,15,16
42283,vuelvan,15,16
223,aburrar,14,16
1413,aleccionar,14,16
1722,aludido,14,16
1766,amadeo,14,16
2901,aras,14,16
3489,aspiradora,14,16
3884,autoconocimiento,14,16
4028,autosuficiente,14,16
5036,bienpensante,14,16
5340,boleteria,14,16
5563,boudou,14,16
6079,caducidad,14,16
6758,carinosamente,14,16
7069,catherine,14,16
8324,coincido,14,16
8623,compadre,14,16
8632,companerismo,14,16
9170,conjugacion,14,16
9368,constitucionalmente,14,16
10212,crea,14,16
10880,dandy,14,16
11670,desagrado,14,16
12250,desligado,14,16
12336,desocupada,14,16
12607,desvinculado,14,16
12860,diferido,14,16
12896,digestion,14,16
13016,direccionar,14,16
13091,discontinuo,14,16
13716,duplicacion,14,16
13872,edilicia,14,16
13986,ejecutiva,14,16
14123,eliseo,14,16
14862,enoje,14,16
15344,erudicion,14,16
15404,escarbar,14,16
15993,estima,14,16
16382,excarcelacion,14,16
16808,extrovertido,14,16
17256,feriant,14,16
18646,gelido,14,16
18932,girasol,14,16
19046,goethe,14,16
19584,guy,14,16
20170,hill,14,16
20856,illinois,14,16
21012,implantacion,14,16
21314,incomparable,14,16
21486,indeterminacion,14,16
22024,inoxidable,14,16
22683,inviabilidad,14,16
23012,jaquear,14,16
24105,lennon,14,16
24141,lesbica,14,16
25012,madame,14,16
25015,madeja,14,16
25210,malicia,14,16
25493,maquillado,14,16
25910,matthew,14,16
26260,mensajito,14,16
26469,metonimia,14,16
27205,morador,14,16
27219,moralizante,14,16
27497,muleta,14,16
28576,obreros,14,16
30422,pensa,14,16
31114,pinza,14,16
32911,prurito,14,16
34178,redescubrir,14,16
34237,reelaboracion,14,16
34894,reportear,14,16
35921,ruego,14,16
35958,rumorear,14,16
36036,sabotaje,14,16
36084,sacro,14,16
37371,sintetizador,14,16
37510,sobrecargado,14,16
37612,socialistas,14,16
38148,studies,14,16
38485,supeditado,14,16
38692,suturar,14,16
38857,tamiz,14,16
39401,terriblemente,14,16
39550,tientas,14,16
39895,tornillo,14,16
39968,toxicidad,14,16
40094,tramposo,14,16
40868,ungir,14,16
41034,usanza,14,16
41072,utensilio,14,16
877,afectivamente,13,16
1205,agujereado,13,16
1309,alamo,13,16
1466,aletear,13,16
1822,amateurismo,13,16
2639,apendice,13,16
2951,archivos,13,16
4275,bahamas,13,16
4869,benegas,13,16
6020,cabral,13,16
6624,captor,13,16
7055,catedratico,13,16
8021,civilidad,13,16
9178,conjura,13,16
10104,cosmogonia,13,16
10111,cosmopolitismo,13,16
10313,criminologia,13,16
10586,cuentista,13,16
10693,culture,13,16
11476,denunciant,13,16
12000,deseant,13,16
12117,desfasaje,13,16
13305,distrital,13,16
14686,endogamico,13,16
14933,ensayistico,13,16
15635,espacialidad,13,16
15881,estambul,13,16
16586,expertos,13,16
17098,fatigado,13,16
17156,federales,13,16
17765,folklorico,13,16
18525,gargarella,13,16
20057,hervir,13,16
20305,history,13,16
20727,iconica,13,16
21574,indoamericano,13,16
21587,induccion,13,16
21745,inflamado,13,16
22168,institucionalista,13,16
22507,intervencionista,13,16
23522,kinesiologo,13,16
25207,malhumor,13,16
25484,mapudungun,13,16
26657,militarmente,13,16
26758,minujin,13,16
26905,mochilero,13,16
27005,moldeo,13,16
27092,monoblocks,13,16
29547,palomita,13,16
30176,pavor,13,16
30224,pectoral,13,16
30745,personalizar,13,16
33592,rapear,13,16
33899,recepcionista,13,16
34290,referenta,13,16
34787,renunciamiento,13,16
36119,sagrada,13,16
36475,saudi,13,16
37441,sketch,13,16
37845,sonrio,13,16
38741,tableta,13,16
38926,taquilla,13,16
40420,triangulacion,13,16
40423,tribal,13,16
41669,vestidito,13,16
633,adan,12,16
2303,anotador,12,16
3339,asambleista,12,16
5629,braun,12,16
6508,cannes,12,16
8345,colador,12,16
8932,conciudadano,12,16
9771,cooke,12,16
9836,copy,12,16
10811,cynthia,12,16
11230,dej,12,16
11526,depreciacion,12,16
15946,estepa,12,16
17346,fianza,12,16
17762,folk,12,16
18299,furgoneta,12,16
18922,giorgia,12,16
18935,girls,12,16
19474,guarismo,12,16
19540,guinea,12,16
24800,loza,12,16
25742,maryland,12,16
26693,mimica,12,16
27547,multipolar,12,16
28765,offline,12,16
29640,pantera,12,16
30346,pelopincho,12,16
30536,perdurabilidad,12,16
30663,permitanme,12,16
31728,poroteo,12,16
32395,princeton,12,16
32956,psicotico,12,16
34184,redireccionar,12,16
34377,regalado,12,16
37299,sinagoga,12,16
37467,smata,12,16
38096,stiglitz,12,16
39504,theory,12,16
39625,tinglado,12,16
39698,titilar,12,16
40258,trapito,12,16
40367,traza,12,16
41619,verne,12,16
41819,viena,12,16
42736,zarpado,12,16
42823,zucal,12,16
1,aaron,11,16
211,abuelito,11,16
2005,amy,11,16
2749,apostolico,11,16
3900,autocuidado,11,16
4827,belo,11,16
5123,biologicamente,11,16
5143,biopsia,11,16
5144,bioquimica,11,16
6150,calavera,11,16
6151,calavero,11,16
7018,cata,11,16
12282,desmayo,11,16
15205,episcopado,11,16
15410,escarmiento,11,16
16187,eterna,11,16
16258,eutanasia,11,16
18989,globalista,11,16
19093,gomes,11,16
19784,hangar,11,16
19922,helen,11,16
20209,hiperconectividad,11,16
20561,huberman,11,16
20578,huelo,11,16
21379,incorreccion,11,16
22995,jan,11,16
23061,jefes,11,16
25264,mamarracho,11,16
25798,mass,11,16
27403,movimientos,11,16
28668,oceania,11,16
30703,perrear,11,16
34477,reich,11,16
35618,roa,11,16
36123,saguier,11,16
37075,sheraton,11,16
37096,shop,11,16
41211,vallejos,11,16
41243,vance,11,16
41317,vascular,11,16
41731,vicegobernador,11,16
2468,antiparra,10,16
2742,apostador,10,16
3105,arnes,10,16
4886,benson,10,16
6328,camillero,10,16
6554,canuelas,10,16
7049,catch,10,16
7849,cienaga,10,16
8162,cloro,10,16
15452,esclerosis,10,16
18689,generativo,10,16
18705,genet,10,16
19214,gradualista,10,16
23949,law,10,16
28070,neuropsiquiatrico,10,16
28227,nochebuena,10,16
34447,regresividad,10,16
35905,rubrica,10,16
35980,russell,10,16
36550,sciences,10,16
38592,surcoreano,10,16
38855,tambo,10,16
38964,tarot,10,16
41774,victoriano,10,16
699,aditivo,9,16
4459,bandoneon,9,16
4631,basile,9,16
5196,blackrock,9,16
5922,busaniche,9,16
7717,chocolatada,9,16
7838,cidade,9,16
10120,cosquin,9,16
16826,fabbri,9,16
23114,jill,9,16
24605,llinas,9,16
25550,march,9,16
25614,marianela,9,16
26849,mississippi,9,16
27295,mortero,9,16
29102,orellano,9,16
29571,pampita,9,16
30519,perdidos,9,16
30599,pergolini,9,16
31315,platens,9,16
34732,renato,9,16
38172,subasta,9,16
40443,triciclo,9,16
41100,utt,9,16
41854,vigo,9,16
42488,woods,9,16
1646,alperovich,8,16
4271,bagdad,8,16
5832,buho,8,16
6470,candy,8,16
8313,cohn,8,16
18862,gier,8,16
18955,giuseppe,8,16
19238,grammy,8,16
21909,injerto,8,16
22552,intranquilidad,8,16
23224,juani,8,16
25564,marcia,8,16
27485,muhammad,8,16
28852,olimpia,8,16
29104,orfanato,8,16
30308,pela,8,16
32759,propulsion,8,16
36423,sarkozy,8,16
38822,talese,8,16
41869,vilas,8,16
539,activa,7,16
5781,bryan,7,16
7328,ceramista,7,16
14799,engordado,7,16
18209,fuks,7,16
20870,iluminista,7,16
23301,julie,7,16
24885,luke,7,16
25069,maggie,7,16
25337,mandril,7,16
25853,mateos,7,16
36066,sachet,7,16
2518,antonieta,6,16
2724,apolo,6,16
3037,ariana,6,16
4073,avengers,6,16
7080,catriel,6,16
7858,cientificismo,6,16
7983,cisjordania,6,16
8127,clientelista,6,16
10448,csjn,6,16
19910,heinrich,6,16
26142,mel,6,16
27732,nam,6,16
35046,resfriado,6,16
5871,buquebus,5,16
7344,cerdos,5,16
10279,crexell,5,16
17686,florencialcaraz,5,16
20453,hook,5,16
20706,ibera,5,16
21407,incucai,5,16
25115,mahiques,5,16
35891,rubens,5,16
37065,shaw,5,16
42591,yerbal,5,16
1530,aliaga,4,16
7319,cepeda,4,16
10519,cuartetero,4,16
19380,grobo,4,16
23501,kiki,4,16
29379,pachorra,4,16
33232,pyongyang,4,16
35556,rionegrino,4,16
36930,serge,4,16
37991,spencer,4,16
42192,volpi,4,16
7260,censal,3,16
17076,fassi,3,16
20854,illa,3,16
23420,kari,3,16
25976,mbl,3,16
25990,mds,3,16
30490,percentil,3,16
142,abreir,15,15
435,acompana,15,15
684,adicionalmente,15,15
771,adormecido,15,15
797,adscribir,15,15
1002,agasajar,15,15
1025,aggiornar,15,15
1576,alistar,15,15
1580,alivianar,15,15
1628,alocado,15,15
1692,alterno,15,15
1693,althusser,15,15
2779,apremio,15,15
2788,aprendimos,15,15
3442,asir,15,15
3767,audibl,15,15
4284,bailabl,15,15
4443,bandada,15,15
5254,blogs,15,15
5451,books,15,15
5694,brindir,15,15
7855,cientificamente,15,15
8343,colacion,15,15
8550,comerciar,15,15
8615,compa,15,15
8939,concluyente,15,15
9457,contagioso,15,15
10024,corroir,15,15
10227,creativamente,15,15
10579,cuentagotas,15,15
11090,decisivamente,15,15
11201,deformado,15,15
11796,desbordante,15,15
11981,desdecir,15,15
12288,desmembrar,15,15
12301,desmitificar,15,15
12363,desorientar,15,15
12495,desprolijo,15,15
12550,destinatarios,15,15
12656,detonacion,15,15
13205,disociado,15,15
14880,enrarecido,15,15
15139,enunciador,15,15
15481,escondida,15,15
15537,escrutar,15,15
16155,estuve,15,15
16598,explica,15,15
16647,exportado,15,15
16678,expropiado,15,15
16763,extranado,15,15
17202,felizmente,15,15
17341,fiable,15,15
17373,fidedigno,15,15
17713,fluctuar,15,15
18428,galopante,15,15
19451,guardaespaldas,15,15
19688,hacete,15,15
19879,hecatombe,15,15
20205,hiperbolico,15,15
20905,imaginas,15,15
21182,inadecuacion,15,15
21746,inflamar,15,15
21798,infortunio,15,15
21834,ingente,15,15
21869,inhabilitado,15,15
21870,inhabilitar,15,15
21893,iniciativo,15,15
21964,inmortalizar,15,15
21969,inmovilizado,15,15
22160,instigar,15,15
22196,instrumentalizacion,15,15
22256,intelecto,15,15
22542,intoxicacion,15,15
22681,investir,15,15
23692,ladeado,15,15
23876,lateir,15,15
24636,lluvioso,15,15
24638,loable,15,15
24663,localmente,15,15
25144,majestuoso,15,15
25372,manifestado,15,15
25731,martirio,15,15
26214,mendigar,15,15
26253,menosprecio,15,15
26303,merca,15,15
26323,mercantilizar,15,15
26563,microscopico,15,15
26836,mismisima,15,15
26901,mocasin,15,15
27518,multidisciplinario,15,15
27575,mundialmente,15,15
27637,musicalizar,15,15
28791,ofrendar,15,15
28908,ominos,15,15
29608,paneo,15,15
30247,pedestal,15,15
30376,penales,15,15
30656,permeable,15,15
30892,philippe,15,15
31460,podiar,15,15
31614,pompa,15,15
31715,pormenorizado,15,15
32182,prepacer,15,15
32510,proclama,15,15
32644,prole,15,15
32761,propusar,15,15
33105,pulsacion,15,15
33258,quedabar,15,15
33262,quedarir,15,15
33407,quisimos,15,15
33610,rapto,15,15
33746,reactualizacion,15,15
33800,reaseguro,15,15
33979,recolectado,15,15
34306,refinar,15,15
34444,regrese,15,15
34519,reinterpretacion,15,15
34621,religiosamente,15,15
34882,repliegar,15,15
35274,retribuir,15,15
35292,retrotrair,15,15
36023,sabido,15,15
36157,saldado,15,15
36612,secuaz,15,15
36871,sentirir,15,15
37931,sospechosa,15,15
38234,sublimar,15,15
38300,subtexto,15,15
38919,tapizado,15,15
39683,tironeo,15,15
40791,uia,15,15
40924,universalizar,15,15
41156,vaho,15,15
41194,validado,15,15
41336,vayamos,15,15
41383,vehiculizar,15,15
41630,versatilidad,15,15
41668,vestida,15,15
41750,viciado,15,15
41914,vincent,15,15
42056,vistazo,15,15
423,acogida,14,15
581,acuciant,14,15
940,afluencia,14,15
997,agarre,14,15
1158,aguad,14,15
1250,air,14,15
2620,apatico,14,15
3177,arremeteir,14,15
3484,aspereza,14,15
4058,avasallamiento,14,15
4102,avezado,14,15
5511,borro,14,15
5635,bravuconada,14,15
5768,bruscamente,14,15
6294,cambiado,14,15
6504,canjear,14,15
7427,chacarero,14,15
7514,charlatan,14,15
7772,chucheria,14,15
8059,claroscuro,14,15
8061,clasemediero,14,15
8582,coming,14,15
8605,comoda,14,15
9095,confiscar,14,15
9125,confrontativo,14,15
9289,conservir,14,15
9482,contemporanea,14,15
9997,correspondido,14,15
10334,crisol,14,15
10549,cucaracha,14,15
10667,culpabilizacion,14,15
10883,danes,14,15
11120,deconstruido,14,15
11466,dental,14,15
11763,desatencion,14,15
11799,desbordes,14,15
12001,deseante,14,15
12054,desenfundar,14,15
12327,desnudir,14,15
12462,despolitizado,14,15
12847,diezmar,14,15
13044,dirijo,14,15
13905,educadora,14,15
13933,efectuado,14,15
14166,elucubracion,14,15
14221,embarrar,14,15
14884,enredado,14,15
14919,ensamble,14,15
15174,envolvente,14,15
16023,estoico,14,15
16076,estremeceir,14,15
16103,estropear,14,15
16406,excepcionalmente,14,15
18816,gestado,14,15
19180,gozo,14,15
19643,habitues,14,15
19710,hacir,14,15
19999,hermanar,14,15
20232,hipnotizado,14,15
20503,hortaliza,14,15
20568,hubiser,14,15
20569,hudson,14,15
21030,implicitar,14,15
21074,impostado,14,15
21117,imprimar,14,15
21454,indefinidamente,14,15
21928,inmaterial,14,15
22191,instrumentacion,14,15
22223,insuperable,14,15
22237,intangibl,14,15
22554,intranquilo,14,15
23253,judicializar,14,15
23633,labil,14,15
23754,lamer,14,15
24012,lees,14,15
24054,lego,14,15
24192,leviatan,14,15
24305,licor,14,15
24487,litigar,14,15
24506,liviana,14,15
24898,luminosidad,14,15
26319,mercantilista,14,15
26827,misionera,14,15
27395,movilizador,14,15
27503,mullido,14,15
27722,naipe,14,15
27748,napoleon,14,15
28389,nouvelle,14,15
28429,now,14,15
28536,objetivamente,14,15
28769,oficia,14,15
29153,orientir,14,15
29488,palaciego,14,15
29622,panoramica,14,15
30260,pedirme,14,15
30807,pesadumbre,14,15
31153,piropo,14,15
31747,portales,14,15
31990,precarizada,14,15
32038,predecibl,14,15
32537,prodigio,14,15
32833,proto,14,15
33173,puntualidad,14,15
33837,rebota,14,15
34007,reconectar,14,15
34303,refinamiento,14,15
34684,remision,14,15
35287,retrogrado,14,15
36241,salvajemente,14,15
36325,sangria,14,15
36413,sarcastico,14,15
37016,severidad,14,15
37452,slavoj,14,15
38293,subt,14,15
38999,tautologia,14,15
39344,tergiversacion,14,15
39523,thriller,14,15
39593,timbr,14,15
39655,tipografia,14,15
40814,ultraderechas,14,15
40867,ungido,14,15
40949,untar,14,15
41038,usas,14,15
41511,vengativo,14,15
42074,vitalicio,14,15
42174,volantazo,14,15
42204,voluminoso,14,15
42291,vulgaridad,14,15
207,abucheo,13,15
459,acondicionar,13,15
1079,agradeci,13,15
1379,alcanzo,13,15
1507,alga,13,15
2191,angelo,13,15
2802,apreton,13,15
3721,atreveer,13,15
3856,autito,13,15
3903,autocumplido,13,15
3974,autonomizacion,13,15
3995,autoral,13,15
4017,autorregulacion,13,15
4700,bauer,13,15
4996,bibliografico,13,15
5423,bond,13,15
5662,brevedad,13,15
5957,buzon,13,15
6180,caleidoscopio,13,15
6820,carpas,13,15
6831,carra,13,15
7324,cer,13,15
7483,chantal,13,15
8813,compulsivamente,13,15
9801,copamiento,13,15
10226,creativa,13,15
10488,cualitativamente,13,15
10599,cuerpito,13,15
10650,culata,13,15
10722,cuno,13,15
10920,darnos,13,15
11096,declamado,13,15
12186,deshumanizar,13,15
12255,deslizamiento,13,15
12524,destajo,13,15
13198,dislocar,13,15
13827,economicista,13,15
14666,encumbrado,13,15
14908,ensair,13,15
15351,esbozado,13,15
15949,estereotipada,13,15
16198,eticamente,13,15
16781,extraordinariamente,13,15
17167,feed,13,15
17820,fordista,13,15
17990,fragmentos,13,15
18362,gaceta,13,15
18963,gladiador,13,15
19298,gravamen,13,15
19644,habitus,13,15
19657,hablant,13,15
19836,hastiado,13,15
19853,hayar,13,15
19867,health,13,15
20883,ilustrador,13,15
20936,imitador,13,15
20954,impago,13,15
21633,ineptitud,13,15
21731,infinitum,13,15
21917,injustificado,13,15
22085,insidioso,13,15
22101,insisti,13,15
22816,irrenunciable,13,15
23145,jodeir,13,15
23404,kansas,13,15
23788,languido,13,15
24596,llevarte,13,15
24929,luxemburgo,13,15
24957,macartismo,13,15
25167,malasia,13,15
25218,malisimo,13,15
25322,mandas,13,15
25691,marquesina,13,15
25861,materialista,13,15
26689,mimesis,13,15
28206,nitrogeno,13,15
28340,nosotrar,13,15
28804,oil,13,15
29118,organismos,13,15
29576,panadero,13,15
30339,pelirrojo,13,15
30918,piazzolla,13,15
30948,picaresca,13,15
31260,planicie,13,15
31342,playstation,13,15
31727,poroso,13,15
31806,posesivo,13,15
33198,purista,13,15
33972,recogiar,13,15
34033,reconsiderar,13,15
34871,replanteo,13,15
35075,resiliente,13,15
36367,santidad,13,15
36654,sedimentar,13,15
38359,sudoeste,13,15
38557,suplantar,13,15
38675,sustraccion,13,15
39182,tembladeral,13,15
39668,tirante,13,15
39728,toallita,13,15
39884,tornado,13,15
39914,torsion,13,15
39940,tostada,13,15
41841,vigila,13,15
42106,vivenciar,13,15
42795,zombie,13,15
35,abatir,12,15
1547,alienigen,12,15
1948,amoral,12,15
2462,antinatural,12,15
2471,antipatico,12,15
2577,apago,12,15
3361,aseguradora,12,15
5045,bif,12,15
7757,choza,12,15
8309,cohesionado,12,15
9063,confiabilidad,12,15
9583,contrahegemonico,12,15
11511,deportiva,12,15
12510,desquicio,12,15
13285,distopica,12,15
13937,efemeride,12,15
14685,endogamia,12,15
15987,estilista,12,15
18031,franquear,12,15
18379,gaitan,12,15
18565,gasoil,12,15
18609,gauchesca,12,15
18632,gcba,12,15
18920,giordano,12,15
19176,goz,12,15
19975,here,12,15
19987,herejia,12,15
20203,hiperbole,12,15
20596,huevon,12,15
21194,inaki,12,15
21966,inmovilidad,12,15
21978,inmunizacion,12,15
22733,ipanema,12,15
23918,lauren,12,15
24074,leitmotiv,12,15
24144,lesbo,12,15
24458,lisboa,12,15
25660,marisco,12,15
26171,melodramatico,12,15
26421,metaforicamente,12,15
26947,modernizador,12,15
27334,mota,12,15
27364,motriz,12,15
27417,mst,12,15
27436,muches,12,15
27910,necochea,12,15
29315,outsiders,12,15
29442,pagas,12,15
29693,paracaidista,12,15
30680,peronistas,12,15
30710,perry,12,15
31466,podrer,12,15
32221,prescripto,12,15
33333,quiebr,12,15
33912,recetario,12,15
34466,regulatoria,12,15
34989,repugnante,12,15
35101,resoplar,12,15
35480,richter,12,15
35552,riobamba,12,15
35924,rufino,12,15
36011,sabe,12,15
36302,sandia,12,15
36591,secesion,12,15
36664,see,12,15
36814,senior,12,15
36820,senores,12,15
37005,setentisto,12,15
37042,sexualizacion,12,15
37274,simplicidad,12,15
37561,sobreseimiento,12,15
38146,stuart,12,15
38455,sumergen,12,15
38613,suroeste,12,15
39355,terminacion,12,15
39589,timba,12,15
39901,toronto,12,15
40563,trote,12,15
42118,vivible,12,15
42676,zaguan,12,15
202,absuelto,11,15
819,adultxs,11,15
2162,anestesico,11,15
5086,bin,11,15
5165,bisagro,11,15
6664,caras,11,15
7861,cientificos,11,15
9376,constituyent,11,15
9602,contrapoder,11,15
9891,coreo,11,15
11504,deponer,11,15
11843,descartes,11,15
12765,diapositiva,11,15
14114,eliminatoria,11,15
14115,eliminatorias,11,15
14219,embarque,11,15
15252,equis,11,15
15969,estetizacion,11,15
15974,estevez,11,15
17792,fontana,11,15
18433,galtieri,11,15
18905,ginecologia,11,15
18911,gini,11,15
19054,gold,11,15
19822,harrison,11,15
19972,herbicida,11,15
20272,hisopado,11,15
20374,hombrecito,11,15
21317,incompetencia,11,15
22208,insular,11,15
23032,jason,11,15
24169,letrina,11,15
24227,liana,11,15
25013,madariaga,11,15
25755,masajear,11,15
27405,moya,11,15
27477,muestreo,11,15
28821,okey,11,15
28992,opereta,11,15
29111,organica,11,15
29321,oval,11,15
31091,pinochetista,11,15
31437,pochoclo,11,15
31440,pocket,11,15
33052,puerperio,11,15
33694,raviol,11,15
35118,respetabilidad,11,15
35391,revisitado,11,15
37428,situacional,11,15
37781,solvente,11,15
38253,subproducto,11,15
38565,suplicio,11,15
39145,telerman,11,15
40435,tributacion,11,15
40820,ultraliberal,11,15
40984,urbanos,11,15
41236,vamir,11,15
41991,virginie,11,15
42423,whitman,11,15
42539,xxiii,11,15
2015,anadido,10,15
5122,biologica,10,15
5798,bucle,10,15
8225,cocalero,10,15
8252,coda,10,15
8556,cometa,10,15
9843,cora,10,15
9999,corresponsabilidad,10,15
10647,cuir,10,15
15686,especimen,10,15
16128,estudiantado,10,15
17164,federici,10,15
17881,forster,10,15
17883,fortabat,10,15
18549,garrote,10,15
20880,ilustraciones,10,15
20927,imbricacion,10,15
24230,libarona,10,15
25559,marchir,10,15
25733,maru,10,15
26184,membrillo,10,15
26660,milito,10,15
29296,otre,10,15
30601,pericial,10,15
31221,placenta,10,15
31562,polit,10,15
31650,poniatowska,10,15
31666,ponzi,10,15
33714,razonabilidad,10,15
33963,recluso,10,15
34885,repolitizacion,10,15
36259,salvia,10,15
36329,sanguche,10,15
36569,scrollear,10,15
36635,securitario,10,15
37155,sierras,10,15
38438,sul,10,15
40478,tripode,10,15
41877,villada,10,15
42588,yemen,10,15
42665,zabaleta,10,15
42819,zuazo,10,15
42843,zurich,10,15
4732,beach,9,15
5659,breton,9,15
7079,catre,9,15
7159,cebo,9,15
9587,contrainteligencia,9,15
10676,cultiva,9,15
11825,descarbonizacion,9,15
12665,detroit,9,15
17147,fecundacion,9,15
17326,fetal,9,15
19124,gordillo,9,15
19244,gramsciano,9,15
20159,hijxs,9,15
22064,insecticida,9,15
23123,jirafa,9,15
24088,lemoine,9,15
25078,magisterio,9,15
27041,momia,9,15
29529,palmada,9,15
29664,paparazzi,9,15
30128,patrono,9,15
31064,pincha,9,15
31181,pitar,9,15
31644,pongan,9,15
33082,pujol,9,15
33401,quiros,9,15
34730,renata,9,15
35821,rosenberg,9,15
37027,sexoafectivo,9,15
40821,ultramar,9,15
41811,viej,9,15
42008,viruela,9,15
2996,ares,8,15
4395,baltimore,8,15
5136,biondini,8,15
9206,connor,8,15
15064,entrenadora,8,15
15069,entrepiso,8,15
23590,kreplak,8,15
29542,palmo,8,15
30026,pastoriza,8,15
32627,progresividad,8,15
32923,psicoactiva,8,15
36065,sacerdotisa,8,15
36349,santacruceno,8,15
36578,seba,8,15
36646,sedentario,8,15
37787,somatico,8,15
38936,tarcus,8,15
38984,tatian,8,15
39943,tota,8,15
41639,vertebra,8,15
42132,vivos,8,15
42776,ziliotto,8,15
3608,atenea,7,15
5437,bonista,7,15
11512,deportivas,7,15
13392,doc,7,15
13425,dodge,7,15
17273,ferraresi,7,15
17693,florian,7,15
18863,gif,7,15
20712,ibid,7,15
22268,intelligence,7,15
25123,maier,7,15
25771,masculinizacion,7,15
26747,mino,7,15
28214,niza,7,15
29995,pasos,7,15
37052,shale,7,15
37145,siegrist,7,15
38123,stranger,7,15
38707,swift,7,15
41792,videoclub,7,15
42520,xeneize,7,15
42542,yabran,7,15
42812,zorra,7,15
1490,alfaro,6,15
3950,autolesion,6,15
8282,cofco,6,15
13523,donne,6,15
13583,doxa,6,15
18640,gei,6,15
23095,jerusalem,6,15
24740,longobardi,6,15
25307,manco,6,15
25966,mazorca,6,15
31085,pini,6,15
34761,reno,6,15
36197,salman,6,15
36411,saravia,6,15
37975,spagnuolo,6,15
40205,transmedia,6,15
279,acapulco,5,15
4221,azules,5,15
7905,cinefila,5,15
10654,culiacan,5,15
15787,esports,5,15
15961,esteroid,5,15
16214,etno,5,15
17803,football,5,15
20817,iguala,5,15
24400,linchado,5,15
25065,magda,5,15
28167,nin,5,15
28310,normalista,5,15
37660,sodero,5,15
40745,tyson,5,15
41004,uribismo,5,15
41825,vientos,5,15
42414,which,5,15
42606,yoda,5,15
4567,barraza,4,15
5452,booktuber,4,15
8541,comerci,4,15
18594,gatera,4,15
23965,leader,4,15
29357,oyarzun,4,15
31792,posdemocracia,4,15
33008,puch,4,15
33012,puchuncavi,4,15
4250,bacigalupo,3,15
5206,blanck,3,15
6189,calfuquir,3,15
8831,comunario,3,15
10956,davinci,3,15
16239,euphoria,3,15
17205,fellner,3,15
18155,fructosa,3,15
18171,fsln,3,15
18569,gasometro,3,15
19729,hagelin,3,15
20717,ibrahim,3,15
29899,participes,3,15
30409,penha,3,15
30816,pescarmona,3,15
38392,sufis,3,15
38393,sufismo,3,15
23,abarcativo,14,14
97,abordado,14,14
113,abortir,14,14
293,acced,14,14
389,achinado,14,14
530,acronimo,14,14
733,admisible,14,14
1054,agobio,14,14
1416,aledanos,14,14
1631,alogir,14,14
1636,alojan,14,14
1833,ambas,14,14
1953,amorfo,14,14
1983,amplificador,14,14
2304,anotan,14,14
2314,anquilosado,14,14
2344,antecesora,14,14
2706,apocaliptica,14,14
3535,astuta,14,14
3593,atemorizado,14,14
3628,aterrar,14,14
3634,aterrorizado,14,14
4225,azuzar,14,14
4347,balbuceo,14,14
4628,basica,14,14
5115,biografias,14,14
5116,biografica,14,14
5314,boga,14,14
5530,bosta,14,14
5688,brilloso,14,14
5692,brindado,14,14
5728,bronceado,14,14
6209,californiano,14,14
6346,caminito,14,14
7338,cercenar,14,14
7646,chillon,14,14
8228,cocer,14,14
8346,colapsa,14,14
8577,comiencir,14,14
8786,comprir,14,14
9148,congoja,14,14
9359,consternacion,14,14
9580,contragolpe,14,14
10005,corretear,14,14
10505,cuantioso,14,14
10716,cundir,14,14
10986,debatido,14,14
11319,delimitacion,14,14
11539,deprimente,14,14
11653,desafiado,14,14
11682,desajuste,14,14
11915,descontado,14,14
11928,descontrolar,14,14
12033,desempolvar,14,14
12079,desequilibrado,14,14
12475,despreciado,14,14
12839,diestra,14,14
12936,diligencia,14,14
13064,disciplinador,14,14
13269,distender,14,14
13780,ebrio,14,14
13925,efectista,14,14
14072,elegi,14,14
14617,encontrarar,14,14
14624,encontrer,14,14
14701,enemiga,14,14
14902,enrollar,14,14
14972,entendierar,14,14
15051,entrelazada,14,14
15646,espaldas,14,14
16084,estrepitos,14,14
16136,estudie,14,14
16202,etimologia,14,14
16785,extrapolar,14,14
16789,extravagancia,14,14
16946,fallir,14,14
17475,filos,14,14
17854,formatear,14,14
18740,genuina,14,14
19118,googleo,14,14
19263,granel,14,14
19537,guinar,14,14
20153,hijita,14,14
20639,humeante,14,14
20747,idealmente,14,14
20792,idolatrar,14,14
20930,imbricar,14,14
21028,implicita,14,14
21067,imposibilitar,14,14
21095,impresa,14,14
21279,inclemencia,14,14
21667,inexplorado,14,14
21851,ingrato,14,14
21979,inmunizar,14,14
22153,instaurado,14,14
22829,irrespetuoso,14,14
23723,lagrimear,14,14
24655,locales,14,14
25743,marziani,14,14
26134,mejorado,14,14
26232,menester,14,14
26299,meollo,14,14
26443,mete,14,14
27157,montanoso,14,14
27212,moralismo,14,14
27597,munro,14,14
27854,nautico,14,14
28761,ofertar,14,14
28993,operir,14,14
29032,oprobio,14,14
29452,pague,14,14
29623,panoramico,14,14
29773,parco,14,14
29872,parsimonia,14,14
29946,pasamano,14,14
29956,pasarir,14,14
32251,presidencialista,14,14
32691,promocional,14,14
33020,pudiser,14,14
33128,punal,14,14
33174,puntualizar,14,14
33340,quiera,14,14
33643,raspar,14,14
34075,recorriar,14,14
34196,redituable,14,14
34905,reposicion,14,14
35194,resultarir,14,14
35236,retocar,14,14
35493,ridiculez,14,14
35651,robustecer,14,14
35956,rumiar,14,14
36117,sagaz,14,14
36225,salude,14,14
36659,seducido,14,14
36892,sepas,14,14
37134,sideral,14,14
37179,significant,14,14
37812,sonador,14,14
38755,tachado,14,14
38841,tallo,14,14
38945,tardiamente,14,14
39311,teoricamente,14,14
39650,tipificado,14,14
39682,tironear,14,14
40061,traicionero,14,14
40164,transformir,14,14
40186,transicional,14,14
41037,usarir,14,14
41271,vapuleado,14,14
41651,vertice,14,14
41863,viii,14,14
42168,volado,14,14
42218,volvamos,14,14
206,abuchear,13,14
269,acalorado,13,14
310,accionario,13,14
678,adhesivo,13,14
1053,agobiar,13,14
1144,agronomo,13,14
1298,alacena,13,14
1608,almanaque,13,14
2089,anclada,13,14
2322,ansiolitico,13,14
3749,atropellado,13,14
3876,autocensura,13,14
4188,ayuntamiento,13,14
4808,beligerancia,13,14
5636,bravura,13,14
5806,budin,13,14
6045,cacheo,13,14
6545,cantina,13,14
6684,carcasa,13,14
7277,centennial,13,14
7366,cerramos,13,14
7533,chasquido,13,14
8387,colegiado,13,14
8442,colombiana,13,14
8489,comandancia,13,14
8497,comas,13,14
8713,complejizo,13,14
8789,comprobable,13,14
9149,congraciar,13,14
9249,consecucion,13,14
9282,conservadores,13,14
9686,convenci,13,14
9819,copiado,13,14
9959,correccional,13,14
10123,cosso,13,14
10272,crepusculo,13,14
10289,criada,13,14
11046,decenio,13,14
11302,deliberar,13,14
11810,descalza,13,14
12036,desencadenante,13,14
12260,deslucido,13,14
12776,dibugir,13,14
12790,diccion,13,14
12926,dilapidar,13,14
13315,disuelto,13,14
13816,ecologismo,13,14
13946,eficazmente,13,14
14149,elocuencia,13,14
14286,emile,13,14
14368,empedernido,13,14
14531,encapsular,13,14
14584,encerrona,13,14
14633,encriptado,13,14
14753,enfrascado,13,14
14787,engels,13,14
15255,equitativamente,13,14
15391,escapada,13,14
15598,esforzado,13,14
15872,estalla,13,14
16123,estudeir,13,14
16137,estudien,13,14
16417,excitante,13,14
16500,existe,13,14
16675,exprimir,13,14
16819,eyectar,13,14
17262,fermin,13,14
17352,fibron,13,14
17613,flamant,13,14
18032,franqueza,13,14
18132,frita,13,14
18430,galope,13,14
18881,gilberto,13,14
20071,heteronorma,13,14
20916,imaginir,13,14
21200,inalterable,13,14
21303,incoherente,13,14
21357,inconsistente,13,14
21424,incurable,13,14
21750,inflexible,13,14
21766,influjo,13,14
21840,ingerir,13,14
21920,inmaculado,13,14
21937,inmensamente,13,14
22017,inoperancia,13,14
22419,internacionalista,13,14
22530,intimidante,13,14
22601,intuyo,13,14
22614,inutilidad,13,14
23551,knock,13,14
24713,lollapalooza,13,14
24737,longevo,13,14
24767,loro,13,14
24816,luc,13,14
24968,macerar,13,14
25097,magnicidio,13,14
25252,malversacion,13,14
25397,manito,13,14
25492,maquillada,13,14
25854,mater,13,14
26066,medicar,13,14
26800,miriada,13,14
26968,modorra,13,14
27805,nasal,13,14
27959,negros,13,14
28278,nominado,13,14
28599,observir,13,14
28785,ofrec,13,14
29197,orquidea,13,14
29791,parejita,13,14
29951,pasantia,13,14
29973,pasen,13,14
30171,pavimentar,13,14
30173,pavo,13,14
30431,pensante,13,14
30496,percha,13,14
30737,personales,13,14
31626,ponderacion,13,14
31836,posneoliberal,13,14
32161,premura,13,14
32345,previsiblemente,13,14
33053,puertas,13,14
33460,racionalizar,13,14
33820,rebautizado,13,14
33913,rechacir,13,14
34136,recuperamos,13,14
34360,refugiados,13,14
34396,reggae,13,14
34542,reivindicado,13,14
34580,relatado,13,14
34715,remunerada,13,14
34784,renuevir,13,14
35373,revictimizacion,13,14
35439,revulsivo,13,14
35453,rezagado,13,14
35489,rictus,13,14
36156,saldada,13,14
36331,sanguinario,13,14
36768,seminal,13,14
37054,shampoo,13,14
37166,sigilo,13,14
37330,sine,13,14
37572,sobreviir,13,14
38941,tardecita,13,14
40328,trate,13,14
40741,two,13,14
41097,utopio,13,14
41155,vaguedad,13,14
41555,veraniego,13,14
41560,veras,13,14
41580,verdor,13,14
41815,viejita,13,14
41889,villanueva,13,14
41958,violentado,13,14
42006,virtuosismo,13,14
42196,voltaje,13,14
42210,voluntarios,13,14
42551,yahoo,13,14
147,abreviado,12,14
1049,agnostico,12,14
1266,aislo,12,14
1861,ame,12,14
2198,anglo,12,14
2276,anodino,12,14
2310,anoto,12,14
3017,argerich,12,14
3076,armadura,12,14
3121,arqueologo,12,14
3640,atestado,12,14
4267,bafici,12,14
4479,bannon,12,14
5001,biblos,12,14
7061,categorizar,12,14
7156,cebado,12,14
7950,circundante,12,14
8013,ciudadela,12,14
8505,combativa,12,14
8590,comisura,12,14
9188,conminar,12,14
9301,considerer,12,14
9658,controlador,12,14
9711,converger,12,14
10074,cortoplacista,12,14
10474,cuadrille,12,14
10592,cuerina,12,14
11052,deceso,12,14
11152,deduccion,12,14
11695,desalojado,12,14
11789,desbloquear,12,14
12100,desespero,12,14
12162,desgraciado,12,14
12174,deshielo,12,14
12207,desilusionado,12,14
12208,desilusionar,12,14
12226,desinformar,12,14
12340,desodorante,12,14
12610,desvir,12,14
12760,diametralmente,12,14
12844,dietrich,12,14
12913,dignificar,12,14
15193,epidemiologo,12,14
15209,episodico,12,14
15337,erre,12,14
16296,evasiva,12,14
16602,explicado,12,14
16964,faltante,12,14
18491,garabato,12,14
18831,gestora,12,14
18970,glamoroso,12,14
19068,goliat,12,14
19173,goya,12,14
19270,granjero,12,14
19426,guacho,12,14
19513,guggenheim,12,14
20025,hermosura,12,14
20037,heroicidad,12,14
20648,humedecir,12,14
20670,hundimiento,12,14
20732,iconoclasta,12,14
20818,igualacion,12,14
21353,inconsciencia,12,14
21439,indecible,12,14
22354,interculturalidad,12,14
22802,irreflexivo,12,14
23023,jardineria,12,14
23065,jehova,12,14
23169,jonas,12,14
23225,juanita,12,14
23311,junco,12,14
23369,justificable,12,14
23533,kircherismo,12,14
23877,latencia,12,14
24307,licuacion,12,14
24376,limitrofe,12,14
24437,linyera,12,14
24690,logia,12,14
24776,lost,12,14
25469,maoista,12,14
25963,mazazo,12,14
26218,mendocina,12,14
26607,miguelete,12,14
27141,monta,12,14
27608,muriel,12,14
28053,neuquino,12,14
28078,neutralizacion,12,14
28196,nirvana,12,14
28854,olimpiadas,12,14
29187,orono,12,14
29390,pacificar,12,14
29669,papeleo,12,14
29845,parodico,12,14
30191,pba,12,14
30263,pedis,12,14
31044,pilotear,12,14
31457,podesta,12,14
31661,pontificia,12,14
32573,profesionales,12,14
32721,propagandista,12,14
32756,propugnar,12,14
32977,puas,12,14
33703,rayita,12,14
34092,recreativa,12,14
34188,rediseno,12,14
34669,rememoracion,12,14
34741,rendija,12,14
35342,reveler,12,14
35389,revisionista,12,14
35677,rocky,12,14
35681,rodado,12,14
35910,ruckauf,12,14
36039,sabre,12,14
36407,sarampion,12,14
36943,seriar,12,14
37019,sevilla,12,14
37041,sexualidades,12,14
37718,soldar,12,14
38130,stream,12,14
38931,tarado,12,14
39065,tecnologias,12,14
39250,tendriar,12,14
39409,territorialmente,12,14
40357,travestismo,12,14
40444,tricolor,12,14
40519,trocar,12,14
40636,tuitera,12,14
40802,ultimar,12,14
41135,vacunas,12,14
42016,viscera,12,14
42233,volviste,12,14
42316,waldo,12,14
42522,xenofobas,12,14
42660,yuxtaposicion,12,14
634,adaptabilidad,11,14
945,aforismo,11,14
2166,anexion,11,14
2877,aquino,11,14
3330,asaltante,11,14
3516,astor,11,14
4101,avestruz,11,14
6114,caiman,11,14
7178,ceferino,11,14
7676,chiquitito,11,14
7938,circense,11,14
8395,colesterol,11,14
9288,conservatorio,11,14
9315,consistentemente,11,14
9909,corner,11,14
11072,decima,11,14
12146,desgasta,11,14
13882,edith,11,14
15280,erdogan,11,14
15742,espesura,11,14
16753,extraditar,11,14
17236,femme,11,14
17621,flan,11,14
19013,glovo,11,14
19593,habano,11,14
21652,inevitabilidad,11,14
22322,interbloque,11,14
22919,its,11,14
23248,judia,11,14
24971,macha,11,14
25545,marcas,11,14
25580,marechal,11,14
26558,micropolitica,11,14
26627,milano,11,14
26821,mises,11,14
26856,misticismo,11,14
27250,morfina,11,14
27404,movistar,11,14
27986,neoconservadoro,11,14
28373,noticios,11,14
28932,oncologico,11,14
29133,orgasmos,11,14
30163,pava,11,14
30849,petisa,11,14
30852,petit,11,14
30963,pick,11,14
31008,pietro,11,14
31022,piketty,11,14
31538,polideportivo,11,14
32030,precuela,11,14
32732,propiciatorio,11,14
32891,proximamente,11,14
32981,pubico,11,14
33148,puntado,11,14
33150,puntaje,11,14
34122,recuerden,11,14
34326,reflujo,11,14
35176,restoer,11,14
35375,revictimizar,11,14
36243,salvajismo,11,14
37120,siberia,11,14
37338,sinfonico,11,14
37532,sobreinformacion,11,14
37829,sonidista,11,14
37960,south,11,14
38010,sponsor,11,14
39071,tecnologo,11,14
39077,tectonica,11,14
39313,teorizacion,11,14
39813,tommy,11,14
40288,trasmision,11,14
40293,trasnochado,11,14
40651,tumbero,11,14
41911,vina,11,14
41997,virologo,11,14
748,adolescentes,10,14
2624,apedrear,10,14
4167,ayn,10,14
4213,azucarado,10,14
4377,ballester,10,14
4894,berardi,10,14
5000,bibliotecario,10,14
5783,buarque,10,14
7341,cerda,10,14
7688,chisme,10,14
9577,contrafactico,10,14
9982,correligionario,10,14
10456,cuadernito,10,14
10546,cubria,10,14
13807,ecocidio,10,14
13931,efector,10,14
14199,embalsamar,10,14
15071,entrerrian,10,14
15970,estetizado,10,14
17821,foreign,10,14
20056,hervido,10,14
20583,huergo,10,14
21261,incienso,10,14
21743,inflamable,10,14
21763,influenza,10,14
22911,itati,10,14
23781,langosta,10,14
24490,lito,10,14
24993,maciel,10,14
25087,magnani,10,14
25638,marilyn,10,14
25701,marroqui,10,14
26746,minnesota,10,14
27743,nanotecnologia,10,14
29222,oruro,10,14
29479,pakistani,10,14
29653,panzon,10,14
30022,pastora,10,14
31493,pol,10,14
34795,reo,10,14
35430,revolution,10,14
35460,riacho,10,14
35962,runner,10,14
36280,samsung,10,14
37977,spam,10,14
38047,standard,10,14
38867,tanga,10,14
39726,tnt,10,14
39966,tower,10,14
40541,tronar,10,14
41230,vals,10,14
42253,votarir,10,14
3789,august,9,14
4261,badaro,9,14
6502,canj,9,14
6538,cante,9,14
6814,carola,9,14
7036,catamarqueno,9,14
7660,chingolo,9,14
7666,chipre,9,14
8111,clero,9,14
8432,colmena,9,14
8969,condecoracion,9,14
9005,condominio,9,14
9039,confabulacion,9,14
9144,congestion,9,14
10131,costantini,9,14
10737,curandera,9,14
13660,duchamp,9,14
14611,encomienda,9,14
17917,fotocopiadora,9,14
22034,inquilinato,9,14
22388,interiores,9,14
24119,leonard,9,14
24888,luli,9,14
26114,megaevento,9,14
26516,mica,9,14
26943,modernismo,9,14
27695,nacionalismos,9,14
27956,negritud,9,14
28183,nini,9,14
28192,nipon,9,14
29034,ops,9,14
31073,pineda,9,14
31078,pinero,9,14
31655,ponte,9,14
33934,reciclador,9,14
36128,said,9,14
37007,setiembre,9,14
37464,smart,9,14
37824,soneto,9,14
38460,sumerjo,9,14
38576,supremacismo,9,14
38991,tatuador,9,14
39088,teheran,9,14
39461,tetera,9,14
39750,today,9,14
40842,unamuno,9,14
42383,weil,9,14
1348,albertina,8,14
1358,albornoz,8,14
2416,antidroga,8,14
4787,beirut,8,14
6014,cablevision,8,14
6674,carbohidrato,8,14
7724,cholo,8,14
8486,comahue,8,14
11869,desclasificado,8,14
13542,doris,8,14
17466,films,8,14
18988,globalismo,8,14
19313,gray,8,14
19489,gubernamentalidad,8,14
19675,habriar,8,14
20368,holmes,8,14
22947,jackie,8,14
24170,letrista,8,14
24492,litoraleno,8,14
24604,llilas,8,14
26061,medical,8,14
26231,meneses,8,14
26404,mestre,8,14
26816,miserere,8,14
29277,oswald,8,14
33378,quino,8,14
33388,quintero,8,14
35703,roedor,8,14
36540,schuliaquer,8,14
37305,sinceramiento,8,14
37739,solidaria,8,14
38785,tagina,8,14
39438,testa,8,14
39530,tibetano,8,14
42111,vives,8,14
649,adela,7,14
4308,bajante,7,14
4497,baradero,7,14
5283,bobby,7,14
6157,calcaterra,7,14
9924,coronda,7,14
10849,dalia,7,14
12838,diesel,7,14
13695,duke,7,14
13721,duprat,7,14
17555,firmenich,7,14
17857,formica,7,14
18376,gaia,7,14
18545,garro,7,14
19108,gonzales,7,14
19433,gualeguay,7,14
20049,herrscher,7,14
20109,hidratacion,7,14
23627,laba,7,14
23912,laudatio,7,14
23981,lebacs,7,14
24159,letelier,7,14
25236,malosetti,7,14
26304,mercadeo,7,14
26392,meso,7,14
27818,natasha,7,14
27846,naturista,7,14
29210,ortodoxa,7,14
30093,patriada,7,14
32138,prelado,7,14
32970,psuv,7,14
33225,putrefaccion,7,14
36267,samantha,7,14
36530,schneider,7,14
37140,sidney,7,14
41137,vacuno,7,14
42357,watergate,7,14
2163,anestesista,6,14
2521,antonioni,6,14
2999,arevalo,6,14
3518,astrazeneca,6,14
4147,axat,6,14
7852,cienfuegos,6,14
13468,domecq,6,14
13677,duende,6,14
17567,fiscalista,6,14
17831,forja,6,14
19855,haydee,6,14
19967,heraldo,6,14
23018,jarabe,6,14
24783,lou,6,14
25679,markus,6,14
28302,noria,6,14
29183,ornella,6,14
33494,radiofonico,6,14
33586,rapa,6,14
38727,sztajnszrajber,6,14
42446,willis,6,14
42674,zago,6,14
1731,alumn,5,14
2116,ander,5,14
2284,anonimas,5,14
2895,arancelario,5,14
4564,barrani,5,14
8315,coi,5,14
8529,comensalidad,5,14
8561,cometierra,5,14
10897,danone,5,14
13841,ecosocial,5,14
16557,expatriado,5,14
17939,fotovoltaico,5,14
19245,grana,5,14
20532,hoteles,5,14
20601,huguito,5,14
20944,impact,5,14
22783,irracionalismo,5,14
23085,jerez,5,14
23684,lacronica,5,14
26023,medallon,5,14
26515,mic,5,14
29247,osde,5,14
35785,ronnie,5,14
36060,saccomanno,5,14
36520,schillaci,5,14
39233,tenconi,5,14
39538,tico,5,14
40564,trotski,5,14
40947,unsplash,5,14
8384,coledesky,4,14
11053,dechado,4,14
15278,ercilla,4,14
19911,heisenberg,4,14
23076,jeque,4,14
24252,liberman,4,14
25226,mallin,4,14
25276,mamo,4,14
28087,neverland,4,14
30002,past,4,14
31185,piter,4,14
33192,puricelli,4,14
38728,sztulwark,4,14
5275,bndg,3,14
18638,geert,3,14
22912,itaugua,3,14
26681,milonguero,3,14
26804,mirista,3,14
29064,orangutan,3,14
34054,recordacion,3,14
36164,sales,3,14
36864,sentimentalidad,3,14
39817,tompkins,3,14
41185,valerie,3,14
323,aceitar,13,13
328,aceituna,13,13
439,acompanamos,13,13
535,action,13,13
767,adorado,13,13
891,aferran,13,13
909,afilar,13,13
1001,agarro,13,13
1003,agasajo,13,13
1360,alborotar,13,13
1714,alucinado,13,13
1937,amoldar,13,13
1943,amontonada,13,13
2434,antigua,13,13
2546,anuencia,13,13
2548,anulado,13,13
2581,apalancar,13,13
2613,apasionadamente,13,13
2616,apasionante,13,13
2712,apodado,13,13
3047,ariete,13,13
3100,armonizar,13,13
3191,arrestado,13,13
3231,arropar,13,13
3371,aseo,13,13
3471,asomado,13,13
3768,audible,13,13
3893,autocracia,13,13
3907,autodefinir,13,13
4124,aviser,13,13
4396,baluarte,13,13
4672,batallacultural,13,13
5510,borrir,13,13
6345,caminir,13,13
6575,capear,13,13
7281,centers,13,13
8407,colilla,13,13
9001,condizar,13,13
9238,consabido,13,13
9939,corporativismo,13,13
10006,corri,13,13
10164,cotizado,13,13
10482,cuajar,13,13
10483,cuajo,13,13
10496,cuantas,13,13
11034,decair,13,13
11161,defeir,13,13
11217,degollar,13,13
11407,demoleir,13,13
11411,demolir,13,13
11480,denuncie,13,13
11952,descriptar,13,13
12229,desinhibido,13,13
12319,desnivel,13,13
12591,desvario,13,13
12688,devastar,13,13
12796,dichoso,13,13
12909,dignamente,13,13
13008,diqu,13,13
13019,directa,13,13
13178,disgregar,13,13
13408,doctorar,13,13
14086,elencos,13,13
14142,ello,13,13
14300,emisario,13,13
14345,empaquetado,13,13
14388,empeza,13,13
14393,empezaste,13,13
14812,engullir,13,13
14901,enrollado,13,13
15300,erizar,13,13
15397,escapes,13,13
15621,esmerar,13,13
15875,estallan,13,13
16093,estribo,13,13
16461,exhalar,13,13
16564,expedir,13,13
16727,extiendar,13,13
16969,falto,13,13
16982,familiarizar,13,13
17077,fast,13,13
17196,felino,13,13
17501,financiada,13,13
17626,flaquear,13,13
17646,fleco,13,13
18213,fulano,13,13
18364,gacho,13,13
18802,germano,13,13
19309,gravitante,13,13
19597,haberle,13,13
19611,habida,13,13
19724,haga,13,13
19914,helada,13,13
20160,hilacha,13,13
20428,honestamente,13,13
20544,hoyo,13,13
20650,humild,13,13
21103,impresionado,13,13
21164,impureza,13,13
21555,indistintamente,13,13
21734,infla,13,13
21935,inmejorable,13,13
22266,inteligible,13,13
22319,interamericano,13,13
22967,jagger,13,13
23077,jerarca,13,13
23082,jerarquizado,13,13
23241,jubilo,13,13
23346,juridicamente,13,13
24049,legitimamente,13,13
24290,librito,13,13
24432,linkedin,13,13
24819,lucecita,13,13
25232,malogrado,13,13
26269,mensualmente,13,13
26408,mesyngier,13,13
26590,migaja,13,13
27003,moldeado,13,13
27321,mostrado,13,13
27872,navego,13,13
28100,next,13,13
28585,obsequio,13,13
29171,orinar,13,13
29223,orwell,13,13
29299,otrora,13,13
29843,parodiar,13,13
29941,pasadizo,13,13
30364,peluquera,13,13
30456,penultimo,13,13
30590,perfumado,13,13
30666,permitirir,13,13
31210,pizca,13,13
31430,pobres,13,13
31601,polvareda,13,13
31680,popularizado,13,13
31874,posteriori,13,13
32055,predileccion,13,13
32146,premeditado,13,13
32180,preocupir,13,13
32209,presagiar,13,13
32387,primogenito,13,13
32712,pronunciacion,13,13
32730,propiciado,13,13
32739,propinar,13,13
33133,punetazo,13,13
33179,punzante,13,13
33458,racionalista,13,13
33853,recaen,13,13
33928,recibirir,13,13
34231,reedita,13,13
34249,reemplacir,13,13
34435,regocijar,13,13
34436,regocijo,13,13
34524,reintroducir,13,13
34708,remotamente,13,13
34735,rencilla,13,13
34802,reorientacion,13,13
34879,replicado,13,13
34935,represiva,13,13
35029,reseco,13,13
35296,retrucar,13,13
35311,reunar,13,13
35845,rotativo,13,13
36120,sagradir,13,13
36262,salvir,13,13
36397,saquen,13,13
37418,sistemica,13,13
37615,socializado,13,13
37673,sofisticar,13,13
37834,sonoridad,13,13
37924,sospechada,13,13
38319,subyugar,13,13
38768,tacon,13,13
38908,tape,13,13
39369,terminir,13,13
39681,tironeado,13,13
39982,trabajabar,13,13
40291,trasmitir,13,13
40368,trazabilidad,13,13
40625,tufillo,13,13
40886,unidireccional,13,13
40975,urbanidad,13,13
41068,usurpar,13,13
41117,vacian,13,13
41391,veinteanera,13,13
41399,veintiocho,13,13
41489,venenos,13,13
41849,vigilir,13,13
41964,violetas,13,13
42039,visitaba,13,13
42438,wilde,13,13
42690,zambullir,13,13
112,abortero,12,13
166,abroquelar,12,13
337,acelerir,12,13
352,acepte,12,13
1045,aglutinante,12,13
1341,albedrio,12,13
1359,alborotado,12,13
1513,algoritmica,12,13
1522,algunx,12,13
1568,alineacion,12,13
1838,ambientacion,12,13
1956,amorosamente,12,13
2007,anabel,12,13
2024,analfabetismo,12,13
2102,andamio,12,13
2110,andas,12,13
2260,aniquilamiento,12,13
2279,anomia,12,13
2676,aplaudido,12,13
2965,ardid,12,13
3086,armazon,12,13
3155,arrastran,12,13
3741,atrincherado,12,13
3773,audifono,12,13
3830,auspicio,12,13
4091,averguenzar,12,13
4314,bajen,12,13
4541,bardear,12,13
5182,bizarra,12,13
5393,bombardeado,12,13
5429,bondiola,12,13
5731,bronco,12,13
6335,caminant,12,13
6621,captado,12,13
6635,capusotto,12,13
6772,carles,12,13
6797,carnavalesco,12,13
6878,carteleria,12,13
7064,catequesis,12,13
7093,caudaloso,12,13
7250,cenido,12,13
7398,cesare,12,13
7796,churrasco,12,13
7813,ciberespacio,12,13
8082,claudicacion,12,13
8298,cogobierno,12,13
8663,compartierar,12,13
8702,compitar,12,13
8771,compraventa,12,13
8852,comunitaria,12,13
9042,confeccionado,12,13
9169,conjeturar,12,13
9544,contorsion,12,13
9549,contraataque,12,13
10429,crujido,12,13
10589,cuentos,12,13
10610,cuestionada,12,13
10705,cumpli,12,13
10826,dador,12,13
11283,deleitar,12,13
11632,desacoplar,12,13
11710,desanimo,12,13
11889,desconcentracion,12,13
12061,desenredar,12,13
12261,deslumbrado,12,13
12360,desorganizar,12,13
12452,despoblado,12,13
12734,diagnosticado,12,13
13180,disgustar,12,13
13271,distension,12,13
13281,distintiva,12,13
13670,dude,12,13
13770,east,12,13
13896,edu,12,13
14143,ellx,12,13
14282,emigrado,12,13
14335,empanar,12,13
14365,empecinado,12,13
14404,empiricamente,12,13
14486,enaltecir,12,13
14613,encono,12,13
14734,enferman,12,13
14838,enloquecer,12,13
15246,equiparacion,12,13
15388,escaneo,12,13
15533,escrupulo,12,13
15896,estanciero,12,13
15897,estanco,12,13
16078,estremecimiento,12,13
16120,estrujar,12,13
16476,exhortar,12,13
16695,extasiado,12,13
16723,externalizar,12,13
16809,exuberancia,12,13
16963,faltant,12,13
17313,festejado,12,13
17320,festin,12,13
17327,fetich,12,13
17345,fiambre,12,13
17744,fogoneado,12,13
18201,fugazmente,12,13
18298,furgon,12,13
18718,genitalidad,12,13
19037,gobiernos,12,13
19715,hackers,12,13
19805,hard,12,13
20131,hiervir,12,13
20200,hiperactividad,12,13
20213,hiperinflacionario,12,13
20394,homilia,12,13
20761,identifiquir,12,13
20965,impavido,12,13
21076,impostergable,12,13
21144,impugnado,12,13
21754,infligir,12,13
21807,infrecuente,12,13
21812,infula,12,13
21924,inmanejable,12,13
22411,intermitencia,12,13
22420,internacionalizacion,12,13
22459,interpretir,12,13
22570,intrigado,12,13
22848,irrisorio,12,13
22968,jaguar,12,13
22977,jalar,12,13
23124,jiron,12,13
23166,jolgorio,12,13
23216,joyeria,12,13
24052,legitimir,12,13
24417,linealidad,12,13
25204,malgastar,12,13
25408,manosear,12,13
25659,mariscal,12,13
25819,mastico,12,13
25879,matilde,12,13
25883,matizado,12,13
26123,megaproyecto,12,13
26406,mesurado,12,13
26482,metropolis,12,13
27175,monticulo,12,13
27223,morar,12,13
27644,mussolini,12,13
27831,nato,12,13
28633,obtura,12,13
28898,olvidser,12,13
29194,orquestado,12,13
29196,orquestar,12,13
29554,palpitar,12,13
29674,papelon,12,13
29706,paradojalmente,12,13
29847,paroxismo,12,13
30118,patrocinador,12,13
30234,pedagogo,12,13
30440,pensativo,12,13
30451,pentagrama,12,13
30504,percibo,12,13
30853,petitorio,12,13
31117,piojo,12,13
31504,polarizada,12,13
31594,pollito,12,13
32168,prendida,12,13
32203,prepotente,12,13
32514,proclamas,12,13
32515,proclive,12,13
33170,puntos,12,13
33492,radioelectrico,12,13
33803,reasignar,12,13
33861,recalcitrante,12,13
34103,rectificacion,12,13
34127,recuestir,12,13
34140,recupero,12,13
34349,refrescante,12,13
34371,refutacion,12,13
34391,regazo,12,13
34833,repatriacion,12,13
34835,repatriar,12,13
35260,retraido,12,13
36653,sedimentado,12,13
37506,sobreactuado,12,13
37746,solidificar,12,13
37867,soportable,12,13
37883,sordidez,12,13
38296,subterfugio,12,13
38690,sutura,12,13
38801,tajada,12,13
39205,templado,12,13
39439,testaferro,12,13
39866,torax,12,13
39941,tostado,12,13
39987,trabajadoras,12,13
40064,traidora,12,13
40095,tran,12,13
40244,transposicion,12,13
40502,triunfalista,12,13
40635,tuiter,12,13
40781,ufanar,12,13
41006,uriburu,12,13
41147,vagamente,12,13
41301,varita,12,13
41603,vericueto,12,13
41621,vero,12,13
41662,ves,12,13
42601,yeso,12,13
42710,zapallo,12,13
42770,zigzag,12,13
42832,zumbar,12,13
1124,agrietado,11,13
1157,aguacero,11,13
1469,alevosia,11,13
1493,alfil,11,13
1659,alquimista,11,13
2032,analitica,11,13
2113,andatir,11,13
2200,angola,11,13
3742,atrincherar,11,13
3966,automovilista,11,13
4247,bachiller,11,13
4598,barroso,11,13
4685,batista,11,13
5079,billonario,11,13
5142,biopolitico,11,13
5256,bloguero,11,13
5310,body,11,13
7376,cerruti,11,13
7569,chejov,11,13
9497,content,11,13
9520,contextura,11,13
10234,crecida,11,13
10557,cucheta,11,13
10577,cuenco,11,13
10739,curandero,11,13
11200,deformacion,11,13
11659,desafinado,11,13
11834,descaro,11,13
12238,desinversion,11,13
12504,desprovista,11,13
13204,disociacion,11,13
13268,diste,11,13
13448,dolient,11,13
13651,dualismo,11,13
13699,dulz,11,13
14991,entertainment,11,13
15309,ero,11,13
16478,exhumacion,11,13
16484,exigimos,11,13
16688,expulsivo,11,13
17563,fiscales,11,13
17634,flashear,11,13
17847,formalista,11,13
17897,forum,11,13
18068,freedom,11,13
18724,genoma,11,13
18992,globalizador,11,13
19063,golear,11,13
19926,helio,11,13
19971,herbert,11,13
20072,heteronormado,11,13
20370,holograma,11,13
20508,hospedaje,11,13
20781,idiomatico,11,13
20914,imagineria,11,13
21135,improviso,11,13
21355,inconscientemente,11,13
21707,infelicidad,11,13
21709,inferencia,11,13
22038,inquisicion,11,13
23035,jauregui,11,13
23463,kenia,11,13
23568,konex,11,13
24383,limosna,11,13
24669,locker,11,13
24951,macabra,11,13
25326,mandataria,11,13
25398,manjar,11,13
25718,martillazo,11,13
26024,medano,11,13
27025,molinet,11,13
27263,moririr,11,13
27737,nana,11,13
27772,narcotico,11,13
27822,nati,11,13
28883,olvid,11,13
29306,otto,11,13
29694,paracetamol,11,13
29809,parido,11,13
29915,partidista,11,13
30795,pervertir,11,13
30978,piecita,11,13
30983,piedras,11,13
31442,poda,11,13
31544,polifonia,11,13
31960,praga,11,13
32159,premonicion,11,13
32382,primigenio,11,13
32404,principista,11,13
33416,quite,11,13
33658,rastrillar,11,13
33794,reapropiar,11,13
35506,riera,11,13
35636,roble,11,13
36238,salvaj,11,13
36603,secretismo,11,13
36758,semicirculo,11,13
36853,sentate,11,13
36988,sesenton,11,13
37051,shakira,11,13
37245,simbiotico,11,13
37573,sobrevivar,11,13
37655,socorristas,11,13
38400,sufriente,11,13
38406,sufro,11,13
38927,taquillero,11,13
39614,timothy,11,13
39691,titanic,11,13
39826,toni,11,13
41439,velita,11,13
41787,vidente,11,13
41955,violencias,11,13
42455,wing,11,13
122,about,10,13
811,adulterado,10,13
855,aeronave,10,13
1013,agenciar,10,13
1294,alabama,10,13
1854,ambo,10,13
2413,antidisturbios,10,13
2869,aquelarre,10,13
3845,austriaca,10,13
4192,azafata,10,13
4217,azufre,10,13
4319,bajista,10,13
4474,banking,10,13
5099,binner,10,13
5318,bogotano,10,13
5476,border,10,13
6027,cabron,10,13
6420,canalla,10,13
6768,caritativo,10,13
7231,celso,10,13
7290,centralista,10,13
7476,change,10,13
7771,chubutense,10,13
9007,condonacion,10,13
9058,confesionario,10,13
9622,contrarrevolucionario,10,13
10472,cuadrilatero,10,13
11204,deformidad,10,13
11295,delia,10,13
12195,design,10,13
15753,espinal,10,13
16693,exsecretario,10,13
16722,externalizacion,10,13
16889,factual,10,13
16904,fair,10,13
17216,femicidios,10,13
17277,ferraro,10,13
17324,festividad,10,13
18008,francesca,10,13
18568,gasolinera,10,13
19507,guerrillera,10,13
19714,hacker,10,13
19802,haras,10,13
20095,hibridez,10,13
20175,hilton,10,13
20565,hubiesar,10,13
22214,insultante,10,13
22624,invalido,10,13
22686,invicto,10,13
22844,irrevocable,10,13
22849,irritabilidad,10,13
23055,jeep,10,13
23310,juncal,10,13
23717,lagarto,10,13
24150,lesionado,10,13
24553,llanta,10,13
25057,maffia,10,13
25623,marico,10,13
26101,medrano,10,13
27543,multiplicador,10,13
27562,mundan,10,13
27837,naturalismo,10,13
27963,neil,10,13
29052,ora,10,13
29443,page,10,13
29720,paraguayas,10,13
30446,pensionado,10,13
30834,pestanear,10,13
32211,presar,10,13
33533,ralph,10,13
34810,reparadora,10,13
34836,repechaje,10,13
34923,representacional,10,13
34976,republicanos,10,13
35971,ruralista,10,13
37406,sismico,10,13
39269,tenian,10,13
39364,terminator,10,13
39617,tina,10,13
39651,tipificar,10,13
40099,tranquera,10,13
40708,tutelaje,10,13
40881,unida,10,13
41071,ute,10,13
41141,vademecum,10,13
41162,vajilla,10,13
2483,antipopulista,9,13
3106,arnold,9,13
3529,astronomia,9,13
3778,auditar,9,13
3894,autocrata,9,13
4200,aznar,9,13
4591,barrita,9,13
5756,brujas,9,13
7221,celine,9,13
7440,chaina,9,13
7797,churro,9,13
9650,contributivo,9,13
9715,conversacional,9,13
10453,ctera,9,13
10591,cuerdo,9,13
10854,dalma,9,13
11326,delincuencial,9,13
11422,demos,9,13
12991,diplo,9,13
13733,durand,9,13
14288,emiliana,9,13
17330,fetichista,9,13
17367,fichero,9,13
17710,fluctuacion,9,13
18287,funeraria,9,13
18804,germinal,9,13
18836,get,9,13
20884,ilustradora,9,13
21540,indiscreto,9,13
21678,infamia,9,13
21700,infectadura,9,13
22229,insurrecto,9,13
22463,interregno,9,13
23290,jujena,9,13
23312,june,9,13
23460,kempes,9,13
23468,kentucky,9,13
26110,megacanje,9,13
26178,melville,9,13
26851,mister,9,13
27240,morel,9,13
28616,obstetrica,9,13
28954,ono,9,13
29257,oslo,9,13
29827,parkinson,9,13
31474,poemario,9,13
33870,recamara,9,13
34236,reel,9,13
34412,regionalista,9,13
35602,rivalizar,9,13
35930,ruggeri,9,13
36500,scaloneta,9,13
36643,sedante,9,13
37387,sionista,9,13
37488,soberana,9,13
37873,soprano,9,13
39967,town,9,13
42322,walkman,9,13
42613,yoko,9,13
1736,alumnx,8,13
2008,anabella,8,13
3250,arsat,8,13
4069,avelluto,8,13
5709,bro,8,13
5847,bull,8,13
6248,calu,8,13
7037,catan,8,13
7467,chancha,8,13
8588,comisiones,8,13
9154,congresal,8,13
10133,costarricense,8,13
10836,daia,8,13
12048,desendeudamiento,8,13
13747,durlock,8,13
13935,efedrina,8,13
14098,eli,8,13
15303,ermitano,8,13
15956,esterilizacion,8,13
16762,extrana,8,13
17029,fanzine,8,13
18096,frenteamplista,8,13
18352,gabi,8,13
18709,geneticos,8,13
19589,gym,8,13
20352,holdouts,8,13
20402,homofobo,8,13
20547,hpv,8,13
20685,hussein,8,13
20751,idem,8,13
20819,igualado,8,13
23805,lao,8,13
24265,libertinaje,8,13
24394,lin,8,13
25636,marika,8,13
27781,narigon,8,13
28456,nuestres,8,13
28652,ocana,8,13
31403,plurinacionalidad,8,13
32406,pringles,8,13
33224,putos,8,13
33502,rae,8,13
37108,showmatch,8,13
37302,sinatra,8,13
37359,sinopsis,8,13
37654,socorrista,8,13
38338,sucre,8,13
39488,than,8,13
39521,thoreau,8,13
40139,transfemicidio,8,13
40584,true,8,13
40642,tulio,8,13
41666,vespertino,8,13
42319,walker,8,13
42728,zaragoza,8,13
42761,zeus,8,13
579,acuchillar,7,13
1185,aguer,7,13
4698,baudrillard,7,13
6065,cadaverico,7,13
9845,corach,7,13
12788,dic,7,13
15507,escribania,7,13
16836,fabricaciones,7,13
17249,fer,7,13
18404,galileo,7,13
18675,generala,7,13
19323,greg,7,13
19560,gullo,7,13
19941,hemeroteca,7,13
20548,hsbc,7,13
20840,ilegalizada,7,13
21470,independentismo,7,13
21689,infanto,7,13
23227,juanjo,7,13
23439,katopodis,7,13
25687,marplatens,7,13
26448,meteoro,7,13
26904,mochilera,7,13
27028,molinos,7,13
27401,movimientista,7,13
28367,nothing,7,13
28679,ochoa,7,13
31200,pixar,7,13
31699,porcel,7,13
31704,porche,7,13
33612,raqueta,7,13
35484,ricoeur,7,13
35555,rionegrin,7,13
36101,sado,7,13
36495,sbaraglia,7,13
37982,spataro,7,13
39585,tilly,7,13
40301,trasplantar,7,13
42337,wang,7,13
42759,zero,7,13
42763,zhao,7,13
1202,aguita,6,13
1338,albano,6,13
1648,alpha,6,13
2482,antipopulismo,6,13
6424,canario,6,13
7020,catacora,6,13
7166,cecim,6,13
7932,cipolletti,6,13
7980,cisexista,6,13
14146,elmer,6,13
17115,favelado,6,13
17573,fischer,6,13
17972,frade,6,13
21688,infantino,6,13
23063,jefferson,6,13
24249,liberen,6,13
24751,lopetegui,6,13
24787,lounge,6,13
27186,montreal,6,13
27704,nadal,6,13
27866,navegable,6,13
29802,pareto,6,13
33474,radicacion,6,13
35926,rugbiers,6,13
36446,satan,6,13
36774,semiosis,6,13
38144,striptease,6,13
38475,sunday,6,13
39055,tecnoceno,6,13
39695,titi,6,13
42272,vudu,6,13
42411,when,6,13
2212,angus,5,13
5389,bom,5,13
5605,braian,5,13
10943,dating,5,13
13897,eduard,5,13
15195,epidermis,5,13
15594,eseverri,5,13
16877,fact,5,13
17949,foyel,5,13
22962,jade,5,13
23566,kom,5,13
24782,loto,5,13
25619,mariasch,5,13
26205,menard,5,13
28467,nui,5,13
29546,palomino,5,13
31899,postulante,5,13
33804,reasons,5,13
36095,sade,5,13
36448,satanas,5,13
38142,stripper,5,13
38983,tati,5,13
86,abolicionismo,4,13
1047,agn,4,13
4470,banini,4,13
4576,barreto,4,13
5898,burn,4,13
6611,cappa,4,13
7081,catrileo,4,13
11342,delle,4,13
18207,fujimorismo,4,13
19833,hasanbegovic,4,13
20599,hughes,4,13
20693,hype,4,13
23582,kramer,4,13
23628,labatut,4,13
24355,lillo,4,13
25381,manila,4,13
29200,orsi,4,13
29264,ospina,4,13
32699,prompt,4,13
35686,rodas,4,13
40659,tun,4,13
4632,basilea,3,13
4639,basso,3,13
5739,brooker,3,13
7628,chiita,3,13
13708,duncan,3,13
15289,eribon,3,13
20088,hezbola,3,13
20722,icbc,3,13
23564,kolla,3,13
23589,krenak,3,13
24070,leis,3,13
24685,lodola,3,13
26798,mireya,3,13
27599,mur,3,13
28014,nepali,3,13
29374,pachakutik,3,13
37228,silobolsa,3,13
419,acodado,12,12
765,adorable,12,12
876,afectarir,12,12
922,afinidades,12,12
980,agachado,12,12
1371,alcancer,12,12
1391,alcoholismo,12,12
1425,alegremente,12,12
1494,alfiler,12,12
1703,altivo,12,12
2016,anadidura,12,12
2226,anico,12,12
2841,apruer,12,12
3139,arraiguir,12,12
3159,arrebatado,12,12
3326,asador,12,12
3372,asepsia,12,12
3671,atolladero,12,12
3762,aturdir,12,12
3769,audicion,12,12
3825,ausentismo,12,12
3930,autoexplotacion,12,12
3937,autogestionar,12,12
4149,axila,12,12
4306,bajado,12,12
4991,biblica,12,12
5484,borgean,12,12
5665,brevisimo,12,12
5696,brio,12,12
6100,cagado,12,12
6138,calafate,12,12
6173,caldera,12,12
6215,calladito,12,12
6222,callecita,12,12
6293,cambia,12,12
6301,cambie,12,12
6667,caratulado,12,12
6703,cardinal,12,12
7475,changarin,12,12
7685,chirrido,12,12
7856,cientificas,12,12
7899,cincuenton,12,12
7953,circunscribar,12,12
7958,circunscripto,12,12
8014,ciudades,12,12
9092,confirme,12,12
9214,conocerte,12,12
10465,cuadrar,12,12
10617,cuestionir,12,12
10660,culminante,12,12
10843,dal,12,12
10876,dando,12,12
11125,decoran,12,12
11175,defensores,12,12
11323,delimitir,12,12
11853,descentrado,12,12
11924,descontracturado,12,12
12136,desgano,12,12
12149,desgastante,12,12
12357,desordenar,12,12
12364,despabilar,12,12
12584,desvalorizar,12,12
12618,detallista,12,12
13095,discordia,12,12
13111,discriminatoria,12,12
13566,dossier,12,12
13911,educo,12,12
13958,efusivo,12,12
14185,emancipar,12,12
14186,emancipatoria,12,12
14220,embarrado,12,12
14256,embriaguez,12,12
14281,emigracion,12,12
14378,empeoro,12,12
14588,enchufado,12,12
14627,encorsetado,12,12
14837,enloqueceir,12,12
14857,enoja,12,12
14904,enroscado,12,12
15025,entrante,12,12
15339,erroneamente,12,12
15376,escalonado,12,12
15476,escoltar,12,12
15692,espectacularizar,12,12
15905,estanque,12,12
16073,estremecedor,12,12
16091,estribar,12,12
16118,estruendoso,12,12
16287,evangelizacion,12,12
16323,evitable,12,12
16387,excedent,12,12
16681,expulsa,12,12
16714,exterioridad,12,12
16905,faire,12,12
17242,fenomenologia,12,12
17314,festejamos,12,12
17722,fluorescente,12,12
17811,forastero,12,12
17852,formas,12,12
17944,foundation,12,12
18191,fuertisimo,12,12
18237,fumo,12,12
18262,fundadoro,12,12
18677,generales,12,12
18700,generosamente,12,12
19517,guiada,12,12
19608,habiamos,12,12
19682,hacendado,12,12
19826,hartar,12,12
19906,heguy,12,12
20264,hiriente,12,12
20383,homenajeado,12,12
20499,horrorizado,12,12
20662,humorada,12,12
20866,iluminador,12,12
21003,imperturbable,12,12
21393,increpa,12,12
21396,increpo,12,12
21438,indecente,12,12
21553,indistinguibl,12,12
21640,inert,12,12
21651,inestimable,12,12
21860,ingrese,12,12
21936,inmemorial,12,12
22103,insisto,12,12
22508,intervengar,12,12
22892,islote,12,12
22916,itinerant,12,12
22975,jajaja,12,12
23284,jugueton,12,12
23325,juntado,12,12
23678,laconico,12,12
23837,larguisima,12,12
24031,legible,12,12
24336,ligereza,12,12
24532,llamariar,12,12
24592,llevarir,12,12
24758,lord,12,12
24896,luminaria,12,12
25242,maltratador,12,12
25407,manoseado,12,12
25434,mantequilla,12,12
25531,maravillado,12,12
26090,medioevo,12,12
26174,melon,12,12
26183,membrete,12,12
26531,mick,12,12
26583,miento,12,12
26764,minutos,12,12
27329,mostre,12,12
27397,movilizante,12,12
27506,multar,12,12
28201,nitidamente,12,12
28333,north,12,12
28550,oblicuo,12,12
28650,ocaber,12,12
28655,ocasionado,12,12
29138,orgullosamente,12,12
29251,oser,12,12
29382,pacientemente,12,12
29549,palpabl,12,12
29957,pasas,12,12
30356,pelotudez,12,12
30477,pequenito,12,12
30563,perfeccionamiento,12,12
31052,pimienta,12,12
31199,pivotear,12,12
31295,plasmir,12,12
31388,plumazo,12,12
31453,poderosamente,12,12
31694,poquisimos,12,12
31891,postrado,12,12
32135,prejuiciosa,12,12
32160,premonitorio,12,12
32198,prepo,12,12
32577,profesionalizado,12,12
32604,profusamente,12,12
32888,proxeneta,12,12
33039,puede,12,12
33178,punzant,12,12
33417,quitir,12,12
33543,ramificar,12,12
33879,recarga,12,12
34185,redirigir,12,12
34344,refran,12,12
34536,reiteradamente,12,12
34890,reportado,12,12
35276,retroactivo,12,12
35513,rifa,12,12
35789,room,12,12
35919,ruedita,12,12
35950,rumania,12,12
36319,sangra,12,12
36800,senalo,12,12
36893,sepelio,12,12
37496,sobornar,12,12
37542,sobrepasado,12,12
37882,sordera,12,12
37920,sosiego,12,12
38090,stewart,12,12
38270,subsanar,12,12
38284,subsiguient,12,12
38415,sugierar,12,12
38502,superficialidad,12,12
38628,suscitado,12,12
38659,sustantiva,12,12
39045,tecnicas,12,12
39086,teg,12,12
39367,terminen,12,12
39467,tetris,12,12
39618,tinar,12,12
39926,tortuoso,12,12
40212,transmitar,12,12
40383,treintanero,12,12
41284,varia,12,12
42288,vuitton,12,12
368,acerrimo,11,12
534,acting,11,12
686,adicta,11,12
691,adiestrado,11,12
863,afamado,11,12
1227,ahondir,11,12
1313,alar,11,12
1814,amas,11,12
1863,amedrentamiento,11,12
2498,antisocial,11,12
2871,aquellx,11,12
2921,arboleda,11,12
2926,arcada,11,12
2932,arcangel,11,12
3240,arrugar,11,12
3264,arterial,11,12
3761,aturdimiento,11,12
3827,auspiciado,11,12
3865,autoafirmacion,11,12
4045,avant,11,12
4052,avanzo,11,12
4060,avasallante,11,12
4152,ayacucho,11,12
4763,becaria,11,12
4978,between,11,12
5049,bifurcacion,11,12
5281,boba,11,12
5313,bofetada,11,12
5519,boscoso,11,12
5585,boxer,11,12
5796,buchon,11,12
6347,caminos,11,12
6609,capot,11,12
6694,carcomir,11,12
8110,clerigo,11,12
8213,cobra,11,12
8557,cometar,11,12
8886,concentrico,11,12
9021,conecta,11,12
9191,conmocionado,11,12
9306,consignado,11,12
9417,consumacion,11,12
9473,contas,11,12
9479,contemplativo,11,12
9547,contraatacar,11,12
9798,copacabana,11,12
10135,coste,11,12
10865,damin,11,12
11041,decapitado,11,12
11042,decapitar,11,12
11109,deco,11,12
11133,decrecir,11,12
11498,depilacion,11,12
11520,depositario,11,12
11605,derrumbado,11,12
11629,desaconsejar,11,12
11646,desactualizado,11,12
11709,desanimar,11,12
11730,desaprobar,11,12
11848,descendente,11,12
11855,descentralizada,11,12
12067,desenterrar,11,12
12124,desfigurar,11,12
12270,desman,11,12
12280,desmayado,11,12
12468,despotico,11,12
12583,desvalorizado,11,12
13032,directriz,11,12
13058,discernimiento,11,12
13105,discrepar,11,12
13327,divan,11,12
13717,duplicado,11,12
13822,economic,11,12
13963,egocentrico,11,12
14371,empenado,11,12
14766,enfureceir,11,12
14858,enojada,11,12
15022,entranabl,11,12
15068,entrepierna,11,12
15172,enviudar,11,12
15245,equiparable,11,12
15497,escozor,11,12
15518,escribiste,11,12
15629,esoterico,11,12
15674,especializada,11,12
16018,estocolmo,11,12
16715,exteriorizar,11,12
16721,externalidad,11,12
16802,extremar,11,12
17079,fastidiar,11,12
17149,fecundidad,11,12
17168,feedback,11,12
17374,fideicomiso,11,12
17395,fiestas,11,12
17397,fiestero,11,12
18023,francotirador,11,12
18250,funcionarios,11,12
18255,funda,11,12
18378,gainza,11,12
18975,glasgow,11,12
18993,globalizar,11,12
19282,graso,11,12
19401,groups,11,12
19623,habilmente,11,12
19817,harold,11,12
19921,helecho,11,12
20820,igualador,11,12
20913,imaginer,11,12
21082,impracticable,11,12
21329,incomunicado,11,12
21818,infusion,11,12
21898,inigualable,11,12
21925,inmanencia,11,12
22180,institutos,11,12
22585,introspeccion,11,12
22634,invasivo,11,12
22785,irradiacion,11,12
23324,juntada,11,12
23913,laudato,11,12
24408,lindar,11,12
24852,luder,11,12
24920,lustrado,11,12
25051,maestranza,11,12
25105,magno,11,12
25110,magra,11,12
25495,maquillaj,11,12
25712,martelli,11,12
25808,masson,11,12
25907,matteo,11,12
25926,maurizio,11,12
26105,medusa,11,12
26613,mijail,11,12
26755,minuciosidad,11,12
26832,misiva,11,12
26916,modarelli,11,12
27522,multiforme,11,12
27771,narcos,11,12
27920,neerlandes,11,12
28132,nieguir,11,12
28768,offside,11,12
28936,ondear,11,12
28986,operatividad,11,12
29037,optativo,11,12
29229,osar,11,12
29487,palaciegas,11,12
29830,parlamentaria,11,12
30000,passarella,11,12
30284,pegajoso,11,12
30779,perturbado,11,12
30878,pew,11,12
30935,picadito,11,12
31363,pleito,11,12
31616,pompeya,11,12
31639,ponetir,11,12
31784,posada,11,12
32046,predicado,11,12
32086,preferentemente,11,12
32194,preparatorio,11,12
32272,prestador,11,12
32413,priorizacion,11,12
32762,propuse,11,12
32876,provisoriamente,11,12
32980,pubertad,11,12
33317,querible,11,12
33514,raigambre,11,12
33787,reanimar,11,12
34008,reconexion,11,12
34079,recorro,11,12
34502,reincorporacion,11,12
34965,reprogramar,11,12
34990,repulsion,11,12
35132,respire,11,12
35166,restaurado,11,12
35400,revistar,11,12
35670,rockera,11,12
35725,roldan,11,12
36718,selectividad,11,12
37157,siervo,11,12
37339,singapur,11,12
37364,sintagma,11,12
37502,sobrante,11,12
38190,subdesarrollado,11,12
38212,subidon,11,12
38647,suspensivo,11,12
38814,talcahuano,11,12
39095,tejado,11,12
39354,terminabar,11,12
40181,transgresora,11,12
40269,trasciendar,11,12
40335,traumatica,11,12
40647,tumbado,11,12
40679,tupper,11,12
40925,universalmente,11,12
41506,vengan,11,12
41554,veraneo,11,12
41649,verticalista,11,12
41694,viabilizar,11,12
41704,viajera,11,12
41718,vibora,11,12
42101,vivaz,11,12
42347,warren,11,12
42629,youtu,11,12
42729,zarandear,11,12
258,academicxs,10,12
355,acera,10,12
1165,aguantadero,10,12
1258,airlines,10,12
1541,alien,10,12
1718,alucinogeno,10,12
1733,alumnado,10,12
1832,ambar,10,12
2003,amurallado,10,12
2109,andarivel,10,12
2443,antiinflamatorio,10,12
2621,apatrida,10,12
2911,arbitrar,10,12
3310,artrosis,10,12
3503,asta,10,12
3630,aterrir,10,12
3914,autodestructivo,10,12
4715,bay,10,12
6387,campesinos,10,12
6728,carey,10,12
6921,casada,10,12
7297,centre,10,12
8227,coccion,10,12
8671,compasivo,10,12
8757,compostura,10,12
9059,confesiones,10,12
9360,consternado,10,12
9378,constituyentes,10,12
9505,contestador,10,12
9963,corrector,10,12
9983,correntado,10,12
10066,cortisimo,10,12
10378,cromatico,10,12
10746,cure,10,12
10770,cursiva,10,12
11270,delator,10,12
12053,desenfreno,10,12
12330,desnutrido,10,12
12469,despotismo,10,12
12594,desvelo,10,12
12682,devaluo,10,12
13196,dislocacion,10,12
13449,doliente,10,12
13495,dominicano,10,12
13748,durmient,10,12
14122,elisabeth,10,12
14480,enajenacion,10,12
14702,enemigas,10,12
14842,enmaranado,10,12
15313,eros,10,12
15773,espiritualmente,10,12
16184,eter,10,12
16582,expertar,10,12
16885,factoria,10,12
17014,fantaseo,10,12
17619,flamengo,10,12
17779,fonda,10,12
18048,fraterno,10,12
18469,ganas,10,12
18498,garantias,10,12
18500,garantista,10,12
18761,geologia,10,12
18839,ghana,10,12
19012,glosario,10,12
19190,grabadoro,10,12
19329,gremialismo,10,12
19344,grifo,10,12
19469,guardo,10,12
19671,habrar,10,12
19876,hebra,10,12
19892,hedonista,10,12
21165,impuro,10,12
21452,indefinible,10,12
21581,indomable,10,12
21944,inmersivo,10,12
22404,intermediar,10,12
22856,irrito,10,12
23685,lacroze,10,12
23873,latam,10,12
24377,limitrofes,10,12
24494,little,10,12
24640,loba,10,12
24921,lustrar,10,12
24942,lyon,10,12
25296,manaos,10,12
25965,mazo,10,12
26444,metegol,10,12
26775,miradas,10,12
27058,mondino,10,12
27220,moralizar,10,12
27444,mucosa,10,12
28693,october,10,12
29127,organizados,10,12
29310,outfit,10,12
29356,oyarbide,10,12
30030,pastrana,10,12
30497,perchero,10,12
30668,permito,10,12
30929,pibxs,10,12
31345,plazoleta,10,12
32747,proporcionalidad,10,12
32921,psi,10,12
33798,rearticular,10,12
34180,redil,10,12
34186,rediscutir,10,12
34307,refineria,10,12
34334,reformismo,10,12
34597,relatora,10,12
34895,reporteo,10,12
35747,romantizacion,10,12
36144,salamandra,10,12
36341,sanjuanino,10,12
36711,seix,10,12
36786,senadoro,10,12
36834,sensibilizacion,10,12
36874,sentistar,10,12
36909,sequedad,10,12
38057,stars,10,12
38069,stefano,10,12
38139,stress,10,12
38192,subdirector,10,12
38525,superpoder,10,12
38650,suspicaz,10,12
38811,taladro,10,12
39298,tentadoro,10,12
39531,tibia,10,12
40295,trasnoche,10,12
40305,traste,10,12
40622,tuerto,10,12
41107,vacacionar,10,12
41898,villas,10,12
42485,wonder,10,12
1145,agropecuaria,9,12
1216,ahijado,9,12
2039,analizarer,9,12
2192,angeloz,9,12
2904,arauco,9,12
2916,arbitrio,9,12
3059,aristotelico,9,12
3149,arrasador,9,12
3234,arroyos,9,12
3261,artemisa,9,12
3972,autonomismo,9,12
4412,bana,9,12
4550,barnes,9,12
4587,barrilete,9,12
4601,barry,9,12
4914,bermejo,9,12
5295,bocha,9,12
5354,bolivarian,9,12
5708,brizuela,9,12
6062,cactus,9,12
6220,callate,9,12
6286,camaron,9,12
6474,canelo,9,12
6487,canibalismo,9,12
7346,cerealera,9,12
7374,cerrojo,9,12
7574,chen,9,12
7981,cisgenero,9,12
8171,cluster,9,12
9984,correntin,9,12
10262,cremar,9,12
11016,debito,9,12
11412,demoniaca,9,12
12218,desinfectar,9,12
12927,dilatacion,9,12
13006,diputadxs,9,12
13471,domestica,9,12
13502,domo,9,12
13618,dreyfus,9,12
13661,duchar,9,12
14088,eleonora,9,12
14915,ensamblado,9,12
15109,entrometir,9,12
15305,ernest,9,12
15306,ernestina,9,12
16032,estornudo,9,12
16156,estuvierar,9,12
16521,exjefe,9,12
18374,gaggero,9,12
18386,galardon,9,12
18743,geo,9,12
18937,giron,9,12
18967,glam,9,12
19648,hablabas,9,12
19815,harlem,9,12
20108,hidrante,9,12
20302,historiografico,9,12
21187,inadvertidamente,9,12
21704,infectologa,9,12
23341,jurasico,9,12
23505,killer,9,12
23771,lancet,9,12
24463,lispector,9,12
24881,lujuria,9,12
25229,malnutricion,9,12
25306,mancini,9,12
25890,matria,9,12
26032,mediadora,9,12
26442,metaverso,9,12
26704,mindlin,9,12
26882,mitt,9,12
27626,museos,9,12
28233,noctambulo,9,12
28452,nudillo,9,12
28855,olimpica,9,12
29190,orozco,9,12
29329,ovejero,9,12
30471,pepsi,9,12
30916,piazza,9,12
31219,place,9,12
31558,polis,9,12
32068,preelectoral,9,12
32129,prehistorico,9,12
32136,prejuicioso,9,12
33191,purgatorio,9,12
33446,racializacion,9,12
34492,reinaldo,9,12
34681,remiseria,9,12
35004,requisar,9,12
35475,rich,9,12
35561,riot,9,12
35960,run,9,12
36072,sacralizacion,9,12
36212,salteado,9,12
36363,santiaguena,9,12
37477,snacks,9,12
37632,socioeducativo,9,12
38062,states,9,12
38322,succionar,9,12
38805,take,9,12
39100,tejedor,9,12
39751,todd,9,12
40022,trader,9,12
40966,ups,9,12
41520,venite,9,12
41798,videollamado,9,12
42760,zeta,9,12
42805,zoo,9,12
933,afjp,8,12
1176,aguayo,8,12
3064,arizona,8,12
3556,ata,8,12
4326,baker,8,12
5190,bjork,8,12
6367,campanas,8,12
6512,canoas,8,12
6599,capitanich,8,12
6785,carmelita,8,12
7657,ching,8,12
8168,clown,8,12
9335,conspiracionista,8,12
9861,corbeta,8,12
10203,cracks,8,12
11815,descamisados,8,12
12114,desfalco,8,12
16514,exit,8,12
16730,extingue,8,12
17061,farsante,8,12
18220,fulles,8,12
18363,gacetilla,8,12
18608,gaucha,8,12
19769,hamburgo,8,12
19839,hate,8,12
20495,horrendo,8,12
20644,humedales,8,12
21181,inadaptado,8,12
21390,incremental,8,12
21521,indigerible,8,12
23483,keynesianismo,8,12
23792,lanteri,8,12
24212,lezano,8,12
24262,libertarios,8,12
24384,limpia,8,12
24874,luisito,8,12
25680,marlboro,8,12
25876,mati,8,12
25979,mccarthy,8,12
26365,merklen,8,12
27495,mulato,8,12
29184,ornitorrinco,8,12
30010,pastelito,8,12
30419,pennsylvania,8,12
30897,phoenix,8,12
30915,piaui,8,12
31184,pitch,8,12
31235,plagio,8,12
33070,pugliese,8,12
33132,puncion,8,12
33564,ranchito,8,12
33831,rebobinar,8,12
34829,repasador,8,12
34909,repositorio,8,12
36062,sacerdotal,8,12
39104,tejerina,8,12
39225,temuco,8,12
39507,they,8,12
40945,unr,8,12
41007,uriel,8,12
41352,vecinalista,8,12
41810,vieira,8,12
41895,villarroel,8,12
42156,voceria,8,12
42327,walmart,8,12
42349,was,8,12
42501,workshop,8,12
4883,benny,7,12
5613,brando,7,12
6784,carmela,7,12
6909,caruso,7,12
7425,chacal,7,12
8422,collazo,7,12
8467,colorant,7,12
10372,crochet,7,12
14263,embrujo,7,12
14332,empalme,7,12
15870,estalinismo,7,12
16840,fabricio,7,12
16893,facu,7,12
16979,familiarista,7,12
18077,frei,7,12
18441,gamarnik,7,12
18647,gelman,7,12
18929,giralda,7,12
19806,hardcore,7,12
20116,hidrocarburifero,7,12
23019,jaramillo,7,12
23181,jordi,7,12
23432,katari,7,12
24897,luminico,7,12
25184,male,7,12
25277,mamografia,7,12
25477,mapocho,7,12
25909,matthei,7,12
25988,mdb,7,12
26609,miguelito,7,12
26745,minneapolis,7,12
27758,nara,7,12
28001,neonatologia,7,12
28127,nicotina,7,12
28240,nodulo,7,12
28667,ocean,7,12
28697,oculta,7,12
28930,oncologia,7,12
29600,pandillero,7,12
29671,papeles,7,12
33391,quintil,7,12
33767,realineamiento,7,12
34747,renee,7,12
34755,rengo,7,12
35477,richards,7,12
35902,rublo,7,12
36675,segovia,7,12
39761,tof,7,12
39972,toxina,7,12
41367,vegan,7,12
42397,werken,7,12
1219,ahmad,6,12
1292,akira,6,12
2514,anton,6,12
3101,armstrong,6,12
3525,astrologico,6,12
4751,bebedor,6,12
5353,bolivares,6,12
5615,brandon,6,12
5638,brazada,6,12
5741,bros,6,12
5968,caamano,6,12
6792,carmona,6,12
7862,cientificxs,6,12
8175,cne,6,12
8403,colibri,6,12
9703,conventillos,6,12
11385,demo,6,12
12715,dewey,6,12
12988,diosdado,6,12
18136,fritz,6,12
18423,gallup,6,12
18543,garrido,6,12
18864,gifs,6,12
19624,habitabilidad,6,12
19809,hardy,6,12
20489,hornear,6,12
20786,idish,6,12
21093,imprentero,6,12
21981,inmunologia,6,12
23158,johannesburgo,6,12
23294,jules,6,12
23557,koch,6,12
23719,lagomarsino,6,12
24142,lesbicidio,6,12
24756,lora,6,12
24799,loyola,6,12
26244,menopausia,6,12
26639,mili,6,12
27166,monteros,6,12
27330,mostri,6,12
30043,patan,6,12
30839,pet,6,12
31662,pontificio,6,12
32418,priscila,6,12
32559,profanacion,6,12
32917,pseudociencia,6,12
35873,rovira,6,12
36770,seminarista,6,12
38236,subliminal,6,12
38274,subsector,6,12
38712,swiss,6,12
38779,tadeo,6,12
39955,toti,6,12
40546,tronti,6,12
42486,wong,6,12
42775,zika,6,12
46,abdul,5,12
3252,arsenico,5,12
4534,barcelones,5,12
4979,bety,5,12
5315,bogado,5,12
7552,chavero,5,12
9049,conference,5,12
13964,egocentrismo,5,12
15531,escrituras,5,12
16924,falco,5,12
18570,gaspar,5,12
19230,grafo,5,12
20731,iconoclasistas,5,12
24932,luzu,5,12
25437,mantilla,5,12
25533,maravillosa,5,12
25780,masha,5,12
27719,naidenoff,5,12
27741,nanni,5,12
29633,pantanal,5,12
30814,pescadores,5,12
30982,piedrabuena,5,12
31302,plastilina,5,12
31434,pocha,5,12
36272,sampedro,5,12
36815,senkata,5,12
38788,tagliaferro,5,12
38789,tagliafico,5,12
39769,tokens,5,12
1242,ailen,4,12
4279,bahillo,4,12
4569,barreda,4,12
5602,bragado,4,12
6480,canetti,4,12
6999,castor,4,12
7562,checheno,4,12
10534,cubas,4,12
11568,dermis,4,12
19114,goodman,4,12
19421,gruss,4,12
20704,ibarzabal,4,12
23202,jota,4,12
23489,kibutz,4,12
24474,literacy,4,12
24804,lpp,4,12
28028,nery,4,12
28159,nikita,4,12
28320,normandia,4,12
31141,pirana,4,12
34111,rectores,4,12
35917,rue,4,12
37357,sinopec,4,12
37984,spd,4,12
39616,tin,4,12
39962,touzon,4,12
41377,vegetativo,4,12
972,afrofuturismo,3,12
2928,arcadio,3,12
5022,bieber,3,12
7356,cerimedo,3,12
10602,cuerva,3,12
13427,doe,3,12
15939,estefi,3,12
16175,etchebest,3,12
22863,irs,3,12
23979,leave,3,12
23990,lechu,3,12
33023,pudong,3,12
36515,schengen,3,12
37176,signature,3,12
38537,superrico,3,12
42751,zelaya,3,12
218,abultar,11,11
744,adolecir,11,11
821,adusto,11,11
885,afectuoso,11,11
886,afeitado,11,11
944,afonico,11,11
1023,aggiornado,11,11
1151,agrupada,11,11
1324,alarmado,11,11
1689,alternativamente,11,11
1720,aludar,11,11
1741,alusivo,11,11
1754,alzamiento,11,11
1784,amanece,11,11
1922,aminorar,11,11
1923,amir,11,11
2355,anteproyecto,11,11
2649,apestar,11,11
2655,apice,11,11
2774,aprehension,11,11
3002,argamasa,11,11
3024,arguir,11,11
3062,arito,11,11
3444,asiste,11,11
3539,asum,11,11
3695,atraco,11,11
3703,atraigar,11,11
3925,autoevidente,11,11
4044,avancir,11,11
4312,bajas,11,11
4414,banadera,11,11
4440,bancos,11,11
4531,barca,11,11
4568,barre,11,11
4615,basal,11,11
4695,batuta,11,11
4839,bendecido,11,11
5041,bienvenidos,11,11
5100,binocular,11,11
5690,brincar,11,11
5851,bullir,11,11
5894,burlon,11,11
6130,cala,11,11
6166,calculador,11,11
6263,calzon,11,11
6571,capataz,11,11
6982,castelar,11,11
7172,cedido,11,11
7248,cenicienta,11,11
7696,chistar,11,11
8342,colaborir,11,11
8464,colorada,11,11
8471,colorear,11,11
8555,comestible,11,11
8575,comido,11,11
8634,companerito,11,11
8677,compendio,11,11
8700,compinche,11,11
8701,compinches,11,11
8833,comunes,11,11
8897,conceptualmente,11,11
9016,conducto,11,11
9141,congeniar,11,11
9189,conmiseracion,11,11
9588,contralor,11,11
9618,contrarreloj,11,11
9684,convenceir,11,11
9721,converse,11,11
9827,copo,11,11
9863,corcho,11,11
10007,corria,11,11
10022,corroer,11,11
10094,cosificado,11,11
10495,cuantar,11,11
11129,decreceir,11,11
11246,dejarlos,11,11
11500,depilar,11,11
11623,desacierto,11,11
11685,desalentador,11,11
11780,desbalance,11,11
11983,desdenable,11,11
12085,desertico,11,11
12143,desgarrar,11,11
12210,desincentivar,11,11
12315,desmovilizar,11,11
12349,desopilante,11,11
12388,despedazar,11,11
12464,despolitizar,11,11
12487,desprestigiado,11,11
12631,detengamonos,11,11
12928,dilatado,11,11
13010,dir,11,11
13094,discordante,11,11
13119,disculpen,11,11
13343,divertimento,11,11
14202,embanderar,11,11
14342,empapelado,11,11
14448,emprendido,11,11
14515,encaminado,11,11
14626,encontronazo,11,11
14731,enfer,11,11
14869,enormidad,11,11
14872,enquistado,11,11
14887,enrejado,11,11
14905,enroscar,11,11
14912,ensalzar,11,11
14930,ensayan,11,11
14947,ensimismamiento,11,11
15143,env,11,11
15219,epitafio,11,11
15284,ergo,11,11
15288,erguir,11,11
15355,escabroso,11,11
15542,escualido,11,11
15550,escucharar,11,11
15576,esculpido,11,11
15638,espacios,11,11
15668,especia,11,11
15743,espetar,11,11
15962,estertor,11,11
15985,estilar,11,11
16010,estirada,11,11
16025,estomacal,11,11
16030,estorbo,11,11
16071,estrellato,11,11
16333,evocado,11,11
16438,exculpar,11,11
16462,exhausta,11,11
16909,fajina,11,11
16957,falsear,11,11
17024,fantasmatico,11,11
17038,faraonico,11,11
17090,fatalista,11,11
17091,fatalmente,11,11
17264,fernan,11,11
17419,fijamente,11,11
17423,fijate,11,11
17677,floral,11,11
17871,fornaro,11,11
17873,fornido,11,11
17927,fotografias,11,11
18057,frecuentado,11,11
18301,furibundo,11,11
18322,fusionado,11,11
19029,gobernadores,11,11
19158,got,11,11
19163,gotera,11,11
19391,groseria,11,11
19598,haberles,11,11
19777,hamster,11,11
19795,happy,11,11
19981,herederar,11,11
19998,hermanado,11,11
20000,hermanas,11,11
20493,horoscopo,11,11
20707,iberico,11,11
20901,imaginariamente,11,11
20953,impagable,11,11
21254,incesantemente,11,11
21293,inclusivar,11,11
21666,inexplicablemente,11,11
21772,infografia,11,11
21849,ingobernable,11,11
22028,inquieta,11,11
22106,insolente,11,11
22166,institucionales,11,11
22280,intencionalmente,11,11
22303,intentabar,11,11
22583,introductorio,11,11
22587,introvertido,11,11
22626,invaluable,11,11
22758,irascible,11,11
22866,irte,11,11
22957,jacqueline,11,11
23212,jovial,11,11
23504,kill,11,11
23632,labial,11,11
23636,laborable,11,11
23770,lance,11,11
23787,languidecir,11,11
24333,ligazon,11,11
24407,lindante,11,11
25211,malicios,11,11
25262,mamar,11,11
25315,mandamas,11,11
26020,mecir,11,11
26456,meticulosamente,11,11
26505,mezclo,11,11
26573,mido,11,11
26853,misteriosamente,11,11
26898,mobiliario,11,11
27431,muchachito,11,11
27509,multicausal,11,11
27622,musculosa,11,11
27887,nbc,11,11
27893,necedad,11,11
28435,nubarron,11,11
28680,ochociento,11,11
28688,ocre,11,11
28851,oligopolio,11,11
28911,omiso,11,11
29181,ornamental,11,11
29273,ostentoso,11,11
29707,paradojas,11,11
29848,parpadear,11,11
29921,partidos,11,11
29959,pasatiempo,11,11
29979,pasible,11,11
30041,patalear,11,11
30161,pautar,11,11
30370,pelvis,11,11
30693,perpetuacion,11,11
30952,picazon,11,11
30967,picotear,11,11
31217,placar,11,11
31379,plomero,11,11
31692,poquisima,11,11
31745,portafolio,11,11
31794,posdictadura,11,11
31799,poseedor,11,11
31875,posterioridad,11,11
31996,precavido,11,11
32044,predeterminado,11,11
32094,prefierar,11,11
32606,profuso,11,11
32735,propietaria,11,11
32763,propusimos,11,11
32844,provechoso,11,11
32856,prover,11,11
33032,pueblerino,11,11
33041,puedo,11,11
33088,pulgada,11,11
33190,purgar,11,11
33256,quechuo,11,11
33461,racionalmente,11,11
33624,rasa,11,11
33760,reagrupar,11,11
33834,rebosante,11,11
33926,recibimos,11,11
34029,reconozcar,11,11
34031,reconquistar,11,11
34050,recopilado,11,11
34153,recusar,11,11
34382,regalito,11,11
34384,reganadient,11,11
34400,regiar,11,11
34578,relanzamiento,11,11
34649,remanso,11,11
34857,repetimos,11,11
34981,repudiable,11,11
35063,resientir,11,11
35258,retractar,11,11
35341,revelarar,11,11
35447,reynaldo,11,11
35698,rodrigazo,11,11
36597,secretamente,11,11
36941,seriamos,11,11
37168,sigilosamente,11,11
37652,socorrer,11,11
37676,sofocante,11,11
37756,sollozo,11,11
38436,sujetos,11,11
38454,sumerge,11,11
38484,suntuoso,11,11
38748,tabues,11,11
38762,tacitamente,11,11
38868,tangencial,11,11
39038,tecladista,11,11
39046,tecnicatura,11,11
39186,tembloroso,11,11
39502,theodor,11,11
39776,tolerado,11,11
39928,torturada,11,11
40280,trasladado,11,11
40844,unanimemente,11,11
41334,vaticinio,11,11
41385,veia,11,11
41558,veranos,11,11
42187,voleo,11,11
42644,yugo,11,11
41,abdicar,10,11
199,abstraer,10,11
311,acciones,10,11
316,acechado,10,11
572,actuo,10,11
574,acuarela,10,11
832,advertido,10,11
1267,aizen,10,11
1337,albanileria,10,11
1456,alertado,10,11
1550,aligerar,10,11
2060,anarquico,10,11
2100,andaluz,10,11
2361,anteultimo,10,11
2793,apresado,10,11
2832,aproveche,10,11
2886,aragon,10,11
2959,arcos,10,11
3181,arremolinar,10,11
3340,asar,10,11
3441,asintomatico,10,11
3661,atlantica,10,11
3887,autocontrol,10,11
3892,autoconvocar,10,11
4401,balzac,10,11
4517,barbas,10,11
4523,barbieri,10,11
4584,barriga,10,11
4648,bastardo,10,11
4851,benedetti,10,11
5048,bifronte,10,11
5208,blancos,10,11
5403,bomberos,10,11
5421,bonasso,10,11
5593,bozal,10,11
5773,bruta,10,11
6069,cadenita,10,11
6164,calcomania,10,11
6179,calefon,10,11
6416,canalizacion,10,11
6422,canallo,10,11
6690,carcelero,10,11
6738,carguir,10,11
6747,caricaturesco,10,11
7264,censor,10,11
7355,cerezo,10,11
7728,chomsky,10,11
7946,circularidad,10,11
8155,clonado,10,11
8383,colectora,10,11
8538,comenzado,10,11
8681,compensatorio,10,11
9069,confidencia,10,11
9072,confidente,10,11
9283,conservadoro,10,11
9496,contenidos,10,11
9837,copyright,10,11
10427,cruje,10,11
10436,cruza,10,11
10468,cuadricula,10,11
10526,cuatrimestre,10,11
10537,cubicos,10,11
10625,cuida,10,11
10634,cuidamos,10,11
11250,dejate,10,11
11340,dell,10,11
11351,demacrado,10,11
11545,depuracion,10,11
11638,desacreditado,10,11
11665,desafortunadamente,10,11
11676,desahogar,10,11
11765,desatender,10,11
12321,desnuda,10,11
12374,despareja,10,11
12449,desplomado,10,11
12683,devaneo,10,11
12840,diestro,10,11
12857,diferencialmente,10,11
12884,diga,10,11
12941,dilucion,10,11
12950,diminutivo,10,11
13069,disciplinante,10,11
13085,disconform,10,11
13400,dock,10,11
14126,elites,10,11
14272,emergencias,10,11
14463,empujada,10,11
14640,encuadrado,10,11
15156,envenenamiento,10,11
15511,escribe,10,11
15764,espiralado,10,11
16019,estofado,10,11
16048,estrategica,10,11
16450,exegeta,10,11
16494,eximar,10,11
16953,falopo,10,11
17002,fango,10,11
17075,faso,10,11
17528,finisimo,10,11
17550,firmamento,10,11
17846,formalismo,10,11
17860,formol,10,11
18130,frijol,10,11
18649,gema,10,11
18783,gerard,10,11
19034,gobierna,10,11
20046,herreria,10,11
20162,hilar,10,11
20319,hobbes,10,11
20360,holistico,10,11
20522,hostia,10,11
20933,imita,10,11
20969,impedido,10,11
21140,impudico,10,11
21215,inaudible,10,11
21232,incapacitado,10,11
21369,inconveniencia,10,11
21596,indultar,10,11
21603,industrialista,10,11
21753,infligido,10,11
21814,infundada,10,11
21815,infundado,10,11
21823,ingeniar,10,11
21996,innova,10,11
22012,inocultable,10,11
22082,inservible,10,11
22218,insumir,10,11
22232,insustituible,10,11
22293,intensificado,10,11
22509,intervenida,10,11
22525,intimar,10,11
22589,intrusion,10,11
22991,jameson,10,11
23121,jingle,10,11
23260,jueces,10,11
23521,kinesiologia,10,11
24154,let,10,11
24251,liberir,10,11
24545,llamese,10,11
24749,loperfido,10,11
24924,lustroso,10,11
24934,luzzi,10,11
25104,magnitudes,10,11
25233,malograr,10,11
25384,manipula,10,11
25441,mantuvimos,10,11
25860,materialismo,10,11
26050,mediatizada,10,11
26065,medicamentos,10,11
26084,mediocampista,10,11
26273,menta,10,11
26322,mercantilizado,10,11
26486,metropolitanos,10,11
26645,milimetrico,10,11
26694,mimo,10,11
26977,mofar,10,11
27411,mozart,10,11
27491,mujeriego,10,11
27632,musicalidad,10,11
27913,necrologico,10,11
28341,nosotre,10,11
28381,notoria,10,11
28617,obstetricia,10,11
28865,oliveira,10,11
28896,olvidir,10,11
29022,opresiva,10,11
29026,opresores,10,11
29163,originariamente,10,11
29372,pacha,10,11
29744,parangon,10,11
29778,pareces,10,11
29854,parquet,10,11
30131,patrullaje,10,11
30285,pegamento,10,11
30444,pensilvania,10,11
30476,pequenisimo,10,11
30499,percibar,10,11
30571,perfilado,10,11
30660,permisivo,10,11
30741,personalismo,10,11
30760,persuasivo,10,11
30798,pervivencia,10,11
31042,pilot,10,11
31374,pliegar,10,11
31720,pornografica,10,11
31791,posdata,10,11
32032,precursora,10,11
32063,predominant,10,11
32079,prefabricado,10,11
32117,preguntarte,10,11
32605,profusion,10,11
32616,programas,10,11
32979,puber,10,11
33085,pulcro,10,11
33119,pulverizacion,10,11
33147,puntada,10,11
33272,quede,10,11
33282,queers,10,11
33346,quieta,10,11
33406,quisierar,10,11
34080,recortada,10,11
34090,recreado,10,11
34243,reels,10,11
34389,regatear,10,11
34429,reglamentado,10,11
34451,reguero,10,11
34540,reitero,10,11
34593,relativizo,10,11
34779,rentar,10,11
35347,revendir,10,11
35388,revisionismo,10,11
35593,ritualidad,10,11
36115,sagasti,10,11
36253,salvavidas,10,11
36431,sarsfield,10,11
36449,satanico,10,11
36630,secundar,10,11
36717,selectivamente,10,11
36972,servicial,10,11
37173,signada,10,11
37557,sobresaltado,10,11
37650,socma,10,11
37656,socorro,10,11
37895,sorora,10,11
38194,subdito,10,11
38233,sublimado,10,11
38510,superintendencia,10,11
38516,superlativo,10,11
38626,susceptibilidad,10,11
38694,suyas,10,11
38743,tablets,10,11
38875,tanguero,10,11
38924,tapujos,10,11
39419,terso,10,11
39496,theatre,10,11
39522,three,10,11
39763,toga,10,11
39853,topografia,10,11
40076,trajecito,10,11
40119,transatlantico,10,11
40199,transitoriamente,10,11
40448,trifulca,10,11
40454,trillado,10,11
40501,triunfalismo,10,11
40668,tunica,10,11
40684,turbina,10,11
40733,twist,10,11
40749,uade,10,11
40840,unac,10,11
40919,universalismo,10,11
40978,urbanistico,10,11
41223,valorativo,10,11
41562,verba,10,11
41628,versar,10,11
41629,versatil,10,11
41901,ville,10,11
41931,vinicius,10,11
42200,voltereta,10,11
42339,want,10,11
42608,yofre,10,11
109,aborte,9,11
305,accidentar,9,11
523,acrilico,9,11
658,adelina,9,11
927,afirmativa,9,11
1279,aji,9,11
1484,alfabeto,9,11
2257,aninado,9,11
2477,antipiquet,9,11
2542,anuario,9,11
2622,apdh,9,11
2979,areco,9,11
3176,arremangar,9,11
3257,arteaga,9,11
3374,asequible,9,11
3380,asesina,9,11
3469,asolar,9,11
3620,atenuante,9,11
3729,atrevimiento,9,11
4104,aviador,9,11
4812,beliz,9,11
4819,belli,9,11
4821,bellisima,9,11
5150,biotecnologicas,9,11
5168,bisexuales,9,11
5399,bombazo,9,11
5676,brigadier,9,11
6284,camarita,9,11
6437,cancerigeno,9,11
7377,certamen,9,11
7564,checo,9,11
7602,chican,9,11
7665,chipa,9,11
7837,cid,9,11
7987,cisneros,9,11
8138,clinic,9,11
8244,cocino,9,11
8904,concertar,9,11
9553,contrabandista,9,11
9847,corajudo,9,11
10028,corrosion,9,11
10154,cotejo,9,11
10392,cronometro,9,11
10821,dad,9,11
11088,decisionismo,9,11
11206,defraudado,9,11
11772,desautorizar,9,11
12471,desprecia,9,11
12548,destinataria,9,11
12804,dickinson,9,11
14249,emboscar,9,11
14268,emece,9,11
14526,encapotado,9,11
14706,enemistado,9,11
15072,entrerriana,9,11
15111,entronizacion,9,11
15319,erotica,9,11
15931,estatuilla,9,11
16212,etnicidad,9,11
16489,exilado,9,11
16986,family,9,11
17040,fardin,9,11
17119,favorablemente,9,11
17125,fax,9,11
17389,fiero,9,11
17448,filipino,9,11
17796,fontevecchia,9,11
17973,fraga,9,11
18343,futurismo,9,11
18488,gap,9,11
18664,gender,9,11
18719,gennaro,9,11
19050,going,9,11
19170,gov,9,11
19259,grandot,9,11
20261,hipsters,9,11
20410,homogeneos,9,11
20530,hoteleria,9,11
20719,ibuprofeno,9,11
20915,imaginesir,9,11
21296,incluyente,9,11
21448,indefendible,9,11
21482,indestructible,9,11
22111,insomne,9,11
22723,inyectable,9,11
22885,islamofobia,9,11
22945,jacinto,9,11
23104,jesuito,9,11
23154,johan,9,11
23252,judicializado,9,11
23485,kgb,9,11
23619,kurt,9,11
24059,legumbr,9,11
24681,locutorio,9,11
24801,lozada,9,11
24987,machito,9,11
25540,marcadamente,9,11
26608,miguelez,9,11
26782,miramar,9,11
26978,mogir,9,11
27222,moran,9,11
27799,narrir,9,11
27949,negras,9,11
28179,ninguneado,9,11
28294,norbert,9,11
29631,pantallita,9,11
29997,pass,9,11
30004,pastar,9,11
30125,patronato,9,11
30270,pedrada,9,11
30276,pega,9,11
30467,pepino,9,11
30551,perelmiter,9,11
30726,persignar,9,11
31039,pillo,9,11
31109,pintora,9,11
31254,planes,9,11
31957,prada,9,11
32078,prefabricada,9,11
32142,prematura,9,11
32534,prodan,9,11
33447,racializada,9,11
33557,ramplon,9,11
33725,rea,9,11
33888,recaudador,9,11
34106,rectitud,9,11
35306,reubicacion,9,11
35645,robotico,9,11
36074,sacralizar,9,11
36198,salmo,9,11
36202,salomon,9,11
36230,salva,9,11
36599,secretariado,9,11
37254,simeone,9,11
37317,sincronizar,9,11
38181,subcontinente,9,11
38344,sudaca,9,11
38523,superpoblacion,9,11
38898,tao,9,11
39000,tautologico,9,11
39317,tequila,9,11
39544,tiempos,9,11
40023,traders,9,11
40496,triturar,9,11
40569,troupe,9,11
40835,umberto,9,11
40950,untref,9,11
41008,urinario,9,11
41061,usura,9,11
41109,vacancia,9,11
41530,ventanita,9,11
41767,victimizante,9,11
41776,victoriosa,9,11
41985,virgilio,9,11
42033,visionado,9,11
42077,vitalista,9,11
42227,volvia,9,11
42266,vozarron,9,11
42499,working,9,11
974,afsca,8,11
1061,agonizante,8,11
1241,aida,8,11
1616,almiron,8,11
2203,angostar,8,11
2243,animalidad,8,11
2349,anteojera,8,11
2407,antiderecho,8,11
2903,araucania,8,11
3337,asambleas,8,11
3534,asturias,8,11
3567,atajada,8,11
3604,atendibl,8,11
4208,azotea,8,11
4370,balibar,8,11
4421,bananero,8,11
4898,berenjena,8,11
5054,bignone,8,11
5131,biomasa,8,11
5297,bochini,8,11
5420,bonaparte,8,11
5617,brandsen,8,11
5710,broadcasting,8,11
5828,bufon,8,11
6467,candombe,8,11
6704,cardiologo,8,11
6716,care,8,11
7134,cazado,8,11
7613,chicharra,8,11
7761,christie,8,11
7817,ciberseguridad,8,11
7935,cipres,8,11
8476,coloso,8,11
9237,conrado,8,11
9278,conservacionista,8,11
9318,consolador,8,11
9398,consul,8,11
10569,cucuta,8,11
12467,despota,8,11
12670,deudora,8,11
12681,devaluatorio,8,11
13132,discuti,8,11
14141,ellis,8,11
14761,enfriamiento,8,11
15046,entregador,8,11
16247,eurocopa,8,11
17362,ficciones,8,11
17707,flow,8,11
18070,freelancer,8,11
19004,glorieta,8,11
19658,hablante,8,11
20030,hernia,8,11
20393,homicidios,8,11
20582,huerfanos,8,11
20621,humanas,8,11
20628,humanizado,8,11
21179,inactividad,8,11
21255,incesto,8,11
21488,index,8,11
22798,irredento,8,11
23542,kits,8,11
24222,lgtbi,8,11
24246,liberation,8,11
24253,libero,8,11
24976,machetazo,8,11
25170,malbran,8,11
25399,mann,8,11
25572,marcus,8,11
25601,marginalizado,8,11
25834,matancero,8,11
25875,matheu,8,11
26439,metano,8,11
26908,mocho,8,11
27074,mongolia,8,11
27655,mutant,8,11
28919,omnimodo,8,11
28957,ontologia,8,11
29094,oregon,8,11
29587,pancreas,8,11
29746,paranoica,8,11
29939,pasacalle,8,11
30373,penacho,8,11
30827,pesito,8,11
30937,picadora,8,11
31653,pont,8,11
32273,prestadora,8,11
32350,price,8,11
32458,prize,8,11
33754,ready,8,11
34419,registral,8,11
34476,rei,8,11
34957,reproductiva,8,11
35364,reversionar,8,11
35494,ridiculizacion,8,11
35969,rurales,8,11
36105,sadop,8,11
37126,sicilia,8,11
37139,siderurgico,8,11
37388,sipa,8,11
37492,soberanista,8,11
38309,subvencionar,8,11
38916,tapita,8,11
39141,teleobjetivo,8,11
39793,tomada,8,11
40005,trabalhadores,8,11
40601,tse,8,11
41430,velasco,8,11
41491,venenoso,8,11
41728,vicealmirante,8,11
41828,viera,8,11
41885,villana,8,11
42321,walking,8,11
42346,warp,8,11
42494,wordpress,8,11
42534,xuxa,8,11
42809,zoonosis,8,11
42847,zygmunt,8,11
405,ackerman,7,11
527,acrobacia,7,11
2205,angostura,7,11
2593,aparecida,7,11
4222,azurduy,7,11
4404,bambino,7,11
4620,baseball,7,11
4686,batistuta,7,11
4875,benfica,7,11
5198,blade,7,11
5406,bombita,7,11
5431,bonelli,7,11
5583,boxear,7,11
5946,bustamante,7,11
6580,caperucita,7,11
6588,capitalism,7,11
6802,carnero,7,11
6905,cartoon,7,11
6987,castells,7,11
7300,centrismo,7,11
7570,chela,7,11
7763,christine,7,11
8045,clarice,7,11
9032,coneja,7,11
9336,conspirador,7,11
10079,cosaco,7,11
11812,descalzas,7,11
13658,dublin,7,11
13976,eidaes,7,11
14025,ele,7,11
14100,elian,7,11
14752,enforcement,7,11
16309,everest,7,11
16997,fandom,7,11
17437,filba,7,11
18241,funciona,7,11
18552,gary,7,11
18772,georgetown,7,11
18873,gigio,7,11
19085,golpismo,7,11
19352,grinberg,7,11
19816,haro,7,11
19973,herbivoro,7,11
20768,ideologica,7,11
22435,internos,7,11
22519,intestinal,7,11
23213,joy,7,11
23235,jubiladxs,7,11
24055,legrado,7,11
24121,leone,7,11
24513,livre,7,11
24641,lobato,7,11
25599,marginalizacion,7,11
25868,maternalismo,7,11
25975,mbembe,7,11
25989,mdma,7,11
27284,morrison,7,11
27827,natividad,7,11
30237,pedalea,7,11
30353,pelotita,7,11
30872,petroquimico,7,11
31827,positividad,7,11
32201,preposicion,7,11
32392,prince,7,11
33236,qatari,7,11
35330,revanchismo,7,11
35613,rizo,7,11
35827,roses,7,11
36069,saciedad,7,11
36124,sahara,7,11
37522,sobreestimar,7,11
38442,sullivan,7,11
38625,susanita,7,11
39729,toba,7,11
39735,toc,7,11
40042,trafic,7,11
40048,tragamonedas,7,11
40583,trudeau,7,11
40640,tul,7,11
40847,unanimista,7,11
41852,vignoli,7,11
641,adc,6,11
1365,alcaidia,6,11
1386,alckmin,6,11
5279,boas,6,11
5531,bostero,6,11
5753,bruera,6,11
6327,camille,6,11
6958,casilda,6,11
7068,cateter,6,11
7561,chechenia,6,11
8106,clement,6,11
10045,cortafuego,6,11
10214,creacionismo,6,11
11381,demetrio,6,11
12789,dicasterio,6,11
12975,dino,6,11
16825,faa,6,11
17726,flynn,6,11
18280,fundicion,6,11
19016,glucosa,6,11
19476,guason,6,11
19669,hablo,6,11
19899,hegemon,6,11
19944,hemisferico,6,11
20549,htm,6,11
21256,inchausti,6,11
21771,infodemia,6,11
21848,ingobernabilidad,6,11
22500,intertexto,6,11
23600,kubrick,6,11
23778,lange,6,11
24607,llonto,6,11
24668,locke,6,11
25011,madalena,6,11
25949,mayonesa,6,11
27305,mosconi,6,11
27487,muito,6,11
28120,nicki,6,11
29376,pachanga,6,11
29426,paenza,6,11
29559,palumbo,6,11
29864,parrilli,6,11
30027,pastorutti,6,11
31536,policrisis,6,11
32282,prestatario,6,11
32728,propia,6,11
33010,puchero,6,11
33324,quesada,6,11
33443,rachel,6,11
33471,radiactivo,6,11
33695,rawls,6,11
34508,reinicio,6,11
35819,rosemberg,6,11
36194,salles,6,11
36385,santucho,6,11
36570,scrolleo,6,11
37894,soror,6,11
38092,stf,6,11
38179,subcomision,6,11
39277,tennessee,6,11
39489,thank,6,11
40117,transaccional,6,11
41482,vendimia,6,11
42246,vot,6,11
42490,woodward,6,11
42517,xavi,6,11
1031,agis,5,11
4277,bahiens,5,11
4302,bait,5,11
6026,cabro,5,11
6135,calabria,5,11
6926,casandra,5,11
7174,cedro,5,11
7762,christina,5,11
7966,cirio,5,11
8865,concacaf,5,11
10623,cuico,5,11
10975,deb,5,11
12726,diada,5,11
15116,entubado,5,11
16055,estratificar,5,11
17007,fans,5,11
17647,fleitas,5,11
18482,gangsta,5,11
19051,goku,5,11
20267,hirschman,5,11
21883,inhumacion,5,11
23189,jornalero,5,11
25019,maderero,5,11
25570,marconi,5,11
25967,mazza,5,11
26538,microchip,5,11
27132,monserrat,5,11
27147,montalban,5,11
27373,move,5,11
30181,payador,5,11
30495,perceptor,5,11
36422,sarita,5,11
36547,schweblin,5,11
37265,simona,5,11
38973,tarzan,5,11
39654,tipnis,5,11
39786,tolstoi,5,11
40981,urbanizado,5,11
41216,valls,5,11
42110,viveros,5,11
42777,zimbabue,5,11
3102,army,4,11
3237,arrozal,4,11
4249,bachmann,4,11
4606,bartis,4,11
4790,bejarano,4,11
6154,calcagno,4,11
6952,caseta,4,11
7879,cij,4,11
7912,cinemigrante,4,11
10137,costello,4,11
10542,cubilla,4,11
12908,digna,4,11
13786,echavarria,4,11
14117,elina,4,11
17158,federalista,4,11
18308,furriel,4,11
19874,heber,4,11
24209,leyla,4,11
24919,lusail,4,11
25912,mattioli,4,11
25914,matute,4,11
29339,ovocito,4,11
29415,padr,4,11
29523,palin,4,11
33540,ramblas,4,11
33681,rattazzi,4,11
34663,remediacion,4,11
37358,sinopharm,4,11
37649,socixs,4,11
37969,soviets,4,11
38509,superinteligencia,4,11
39388,terraplanista,4,11
41175,valente,4,11
42514,wylie,4,11
42583,yellow,4,11
42603,yihadista,4,11
42813,zorreguieta,4,11
2473,antipatriarcales,3,11
3215,arrocera,3,11
3670,atn,3,11
3814,aureliano,3,11
4793,belarus,3,11
9866,cordera,3,11
13545,dorlin,3,11
14722,enes,3,11
16861,facie,3,11
17092,fate,3,11
19793,happiness,3,11
19933,helms,3,11
20713,ibidem,3,11
20860,ilo,3,11
23135,jobbagy,3,11
23663,lacalle,3,11
23978,leather,3,11
24875,luismi,3,11
25141,majdalani,3,11
25363,maniac,3,11
26887,mixtas,3,11
27504,mulo,3,11
28281,nomo,3,11
29206,ortin,3,11
30535,perdriel,3,11
31500,polaquito,3,11
40963,upp,3,11
60,abiertas,10,10
101,abordo,10,10
428,acomoda,10,10
461,aconsejable,10,10
518,acreditir,10,10
525,acriticamente,10,10
591,acuerdan,10,10
639,adaptativo,10,10
835,adviertar,10,10
994,agarras,10,10
1012,agenciamiento,10,10
1018,agendar,10,10
1107,agrego,10,10
1112,agresivamente,10,10
1125,agrietar,10,10
1319,alargado,10,10
1573,alisar,10,10
1719,alud,10,10
1728,alumbrir,10,10
1817,amasado,10,10
1820,amaso,10,10
1979,amplien,10,10
1993,ampuloso,10,10
2051,anaquel,10,10
2052,anar,10,10
2161,anestesiar,10,10
2298,anoso,10,10
2324,ansiosa,10,10
2333,antartica,10,10
2751,apoteosis,10,10
2754,apoyamos,10,10
2929,arcaica,10,10
3008,argentin,10,10
3096,armonios,10,10
3115,arpillera,10,10
3145,arranco,10,10
3198,arribista,10,10
3388,asesorado,10,10
3391,asesores,10,10
3413,asiduamente,10,10
3605,atendible,10,10
3610,atener,10,10
3667,atletismo,10,10
3733,atribuible,10,10
3758,atun,10,10
3803,aumente,10,10
4234,babilonia,10,10
4694,batucada,10,10
5260,bloomberg,10,10
5289,bocadillo,10,10
5322,bohoslavsky,10,10
5412,bonachon,10,10
5543,botar,10,10
5572,boutique,10,10
5639,brazalete,10,10
6030,cacao,10,10
6171,caldeado,10,10
6343,caminer,10,10
6384,campesinado,10,10
6714,cards,10,10
6754,carilla,10,10
7021,catacumba,10,10
7029,catalogado,10,10
7251,cenir,10,10
7265,censos,10,10
7784,chupado,10,10
7917,cinir,10,10
7963,circunstancialmente,10,10
8246,cocktail,10,10
8314,cohorte,10,10
8428,colmada,10,10
8706,complacient,10,10
8710,complejizacion,10,10
8826,comulga,10,10
9060,confeso,10,10
9235,conquisto,10,10
9455,contagios,10,10
9590,contraluz,10,10
9624,contrasentido,10,10
9918,coronacion,10,10
10027,corrompido,10,10
10038,corse,10,10
10418,crudamente,10,10
10779,curtir,10,10
10901,dantesco,10,10
11060,decibel,10,10
11128,decoro,10,10
11360,demandant,10,10
11380,demente,10,10
11487,departamentito,10,10
11574,derrama,10,10
11608,derrumbes,10,10
11609,derrumbir,10,10
11688,desalientar,10,10
11705,desangelado,10,10
11775,desayuna,10,10
11913,desconsolado,10,10
12073,desenvolvimiento,10,10
12147,desgastada,10,10
12339,desocupar,10,10
12399,despeinar,10,10
12441,desplante,10,10
12493,desprolija,10,10
12554,destituido,10,10
12602,desvestir,10,10
12641,detergente,10,10
12685,devastada,10,10
12699,devienar,10,10
12751,dialogico,10,10
12792,dicen,10,10
12883,difusor,10,10
12918,dijerar,10,10
12922,dijistir,10,10
12925,dilacion,10,10
12961,dinamita,10,10
13038,dirigencial,10,10
13074,discipula,10,10
13211,disonant,10,10
13251,disputan,10,10
13364,divorceir,10,10
13643,drug,10,10
13804,eclosion,10,10
13912,edulcorado,10,10
13949,eficientemente,10,10
14181,emancipado,10,10
14201,embanderado,10,10
14213,embarcado,10,10
14244,embolsar,10,10
14326,empacho,10,10
14367,empecinar,10,10
14417,empleados,10,10
14422,empobrecedor,10,10
14517,encandilado,10,10
14523,encantamiento,10,10
14565,encastrar,10,10
14801,engorde,10,10
14803,engorroso,10,10
14898,enrojecido,10,10
14906,enrostrar,10,10
14935,ensayos,10,10
15041,entrecruzamiento,10,10
15079,entretejido,10,10
15105,entristecir,10,10
15150,enveir,10,10
15198,epifanico,10,10
15273,erario,10,10
15443,esclavista,10,10
15478,escondar,10,10
15480,escondiar,10,10
15581,escupar,10,10
15928,estatizar,10,10
15965,esteticamente,10,10
15999,estimulacion,10,10
16022,estoicismo,10,10
16042,estrangulamiento,10,10
16063,estrechez,10,10
16149,estupefacto,10,10
16297,evasivo,10,10
16375,exasperacion,10,10
16386,excavar,10,10
16535,exonerar,10,10
16611,explicitado,10,10
16708,extenuado,10,10
16710,extenuante,10,10
16757,extrajudicial,10,10
16811,exuberante,10,10
16846,fabular,10,10
16878,factibilidad,10,10
16968,faltir,10,10
17099,fatigar,10,10
17171,fehaciente,10,10
17354,fibroso,10,10
17508,financiarizado,10,10
17688,florentino,10,10
17731,fobico,10,10
18076,fregar,10,10
18093,frenir,10,10
18158,fruicion,10,10
18564,gasoducto,10,10
18671,generacionalmente,10,10
18690,genere,10,10
18727,genova,10,10
19006,glorificar,10,10
19165,gotita,10,10
19189,grabadora,10,10
19224,graficos,10,10
19233,gral,10,10
19583,gutural,10,10
19615,habilidoso,10,10
19792,happening,10,10
19986,hereje,10,10
20140,higienista,10,10
20324,hobby,10,10
20590,huest,10,10
20849,ileso,10,10
20861,ilogico,10,10
20911,imaginen,10,10
21041,imponderabl,10,10
21347,incongruencia,10,10
21431,indagatorio,10,10
21668,inexpresivo,10,10
21685,infantilizacion,10,10
21782,informalmente,10,10
21832,ingeniosa,10,10
21875,inhalar,10,10
21877,inherentemente,10,10
21989,innecesariamente,10,10
22020,inoportuno,10,10
22430,internauta,10,10
22441,interpelada,10,10
22536,intimos,10,10
22628,invariable,10,10
22684,inviabl,10,10
22715,involucrir,10,10
22790,irrealidad,10,10
22797,irrecuperable,10,10
22865,irse,10,10
23281,juguetear,10,10
23391,kafkiano,10,10
23461,ken,10,10
23667,lacaniano,10,10
23715,lagarde,10,10
23820,lapsus,10,10
24464,list,10,10
24468,listar,10,10
24526,llamamiento,10,10
24585,llevadas,10,10
24675,locuaz,10,10
24727,londinense,10,10
24832,luci,10,10
25026,madrastra,10,10
25142,majestad,10,10
25206,malherido,10,10
25299,manchada,10,10
25409,manoseo,10,10
25411,manotear,10,10
25460,manutencion,10,10
25501,maquinal,10,10
25556,marche,10,10
25888,matorral,10,10
25998,mecanicamente,10,10
26346,merendar,10,10
26385,meses,10,10
26633,milenaria,10,10
26753,minucia,10,10
26820,misero,10,10
26841,misogina,10,10
26848,missing,10,10
27082,monitorean,10,10
27361,motors,10,10
27563,mundana,10,10
27594,munido,10,10
27914,necropolitica,10,10
27985,neoconservador,10,10
28024,nerviosa,10,10
28097,newsletter,10,10
28147,nieves,10,10
28366,notese,10,10
28379,notita,10,10
28551,obliga,10,10
28648,obvios,10,10
28709,ocuparir,10,10
28742,odontologo,10,10
28835,oleaje,10,10
29042,optimizacion,10,10
29146,orientador,10,10
29154,oriento,10,10
29182,ornamento,10,10
29199,orsai,10,10
29239,oscurantismo,10,10
29288,otonal,10,10
29521,palier,10,10
29637,pantanoso,10,10
29691,parabrisas,10,10
29900,participir,10,10
29991,pasmos,10,10
30014,pastiche,10,10
30117,patrocinado,10,10
30279,pegadiza,10,10
30313,peldano,10,10
30331,peligrar,10,10
30545,peregrinaje,10,10
30552,perenne,10,10
30721,perseverar,10,10
30988,piensa,10,10
31226,placidez,10,10
31257,planetaria,10,10
31286,plantita,10,10
31297,plastica,10,10
31320,platinado,10,10
31347,plebe,10,10
31362,pleitesia,10,10
31560,polisemico,10,10
31573,politik,10,10
31714,pormenor,10,10
31724,poros,10,10
31825,positiva,10,10
31857,postdictadura,10,10
32059,predisponir,10,10
32247,presidenciable,10,10
32367,primaveral,10,10
32552,productores,10,10
32600,profundizado,10,10
32685,promiscuo,10,10
32908,pruebas,10,10
33001,publicitado,10,10
33016,pudieramos,10,10
33022,pudo,10,10
33157,punteo,10,10
33201,puritano,10,10
33204,purpura,10,10
33274,quedense,10,10
33589,rapar,10,10
33686,raudo,10,10
34078,recorrimos,10,10
34144,recurrentemente,10,10
34251,reemplazado,10,10
34256,reencarnacion,10,10
34282,referenciado,10,10
34351,refresco,10,10
34395,regentear,10,10
34501,reincidir,10,10
34566,relajacion,10,10
34778,rentado,10,10
34943,reprimida,10,10
35011,resaltado,10,10
35069,resignificado,10,10
35072,resignificir,10,10
35139,responde,10,10
35204,retacear,10,10
35291,retrotraer,10,10
35353,reverberar,10,10
35402,revitalizacion,10,10
35451,reza,10,10
35792,ropaj,10,10
36484,savia,10,10
36508,scasserra,10,10
36577,seattle,10,10
36666,seer,10,10
36789,senalada,10,10
36975,servida,10,10
37039,sexuales,10,10
37212,silenciosamente,10,10
37250,simbolizado,10,10
37390,sipreba,10,10
37516,sobredimensionar,10,10
37549,sobreproduccion,10,10
37639,sociologicamente,10,10
37938,sostenidamente,10,10
38171,subas,10,10
38214,subis,10,10
38346,sudado,10,10
38457,sumergiar,10,10
38558,suplementario,10,10
38812,talante,10,10
38969,tarta,10,10
39067,tecnologicamente,10,10
39256,tenebroso,10,10
39309,teorema,10,10
39630,tino,10,10
39952,totalizar,10,10
40078,trajinar,10,10
40083,traman,10,10
40211,transmit,10,10
40220,transnacionalizacion,10,10
40596,truncado,10,10
40721,tuvimos,10,10
40799,ulterior,10,10
40901,unilateralmente,10,10
40930,universitarias,10,10
41084,utilitario,10,10
41571,verborragico,10,10
41709,viajosola,10,10
41749,viceversar,10,10
42067,visualmente,10,10
42102,vive,10,10
42114,vivian,10,10
42230,volvierar,10,10
42273,vuelan,10,10
42478,wolf,10,10
127,abracir,9,10
292,acaudalado,9,10
614,acurrucar,9,10
705,adjetivacion,9,10
714,adler,9,10
750,adolf,9,10
770,adormecer,9,10
918,afincado,9,10
920,afines,9,10
1159,aguada,9,10
1483,alfabetizar,9,10
1546,alienar,9,10
1812,amarronado,9,10
1846,ambientar,9,10
1872,amenazador,9,10
1996,amputado,9,10
2247,animas,9,10
2389,anticlerical,9,10
2390,anticolonial,9,10
2938,archienemigo,9,10
2993,arepa,9,10
3051,arisco,9,10
3183,arrendar,9,10
3319,arzobispado,9,10
3481,aspa,9,10
3510,astillado,9,10
3672,atolondrado,9,10
3704,atrapa,9,10
4681,baterista,9,10
4753,bebes,9,10
5253,bloggers,9,10
5299,bochornoso,9,10
5524,bosquejo,9,10
5541,botanica,9,10
5745,brother,9,10
5750,bru,9,10
5754,brugo,9,10
5834,building,9,10
5980,caballet,9,10
6052,cachito,9,10
6080,caduco,9,10
6155,calcar,9,10
6270,camaleonico,9,10
6342,camine,9,10
6534,cantaro,9,10
6579,capellan,9,10
6601,capitulacion,9,10
6837,carre,9,10
6946,casella,9,10
7284,centinela,9,10
7358,cerner,9,10
7526,charter,9,10
7560,checa,9,10
7565,checoslovaquia,9,10
7721,choice,9,10
7906,cinefilo,9,10
7909,cinematografia,9,10
8035,clandestina,9,10
8609,comodin,9,10
8636,companeros,9,10
8653,comparecer,9,10
8703,complacencia,9,10
8997,condiciones,9,10
9234,conquistir,9,10
9394,construyar,9,10
9444,contacte,9,10
9456,contagiosa,9,10
10054,cortejar,9,10
10118,cosquilla,9,10
10119,cosquilleo,9,10
10335,crispacion,9,10
10416,crucis,9,10
10424,cruelmente,9,10
10464,cuadrante,9,10
10578,cuent,9,10
11031,decaer,9,10
11110,decodificacion,9,10
11117,decomiso,9,10
11461,densamente,9,10
11669,desagradar,9,10
12225,desinformado,9,10
12371,despampanante,9,10
12384,despecho,9,10
12404,despejo,9,10
12472,despreciabl,9,10
12705,devorado,9,10
12932,dilecto,9,10
13092,discord,9,10
13118,disculpe,9,10
13330,divergente,9,10
13481,dominador,9,10
13501,dominzain,9,10
13515,doncella,9,10
13727,durable,9,10
13749,durmiente,9,10
14037,electorales,9,10
14437,emporio,9,10
14618,encontrarer,9,10
14771,engagement,9,10
14785,engarzar,9,10
14826,enjuiciamiento,9,10
14850,enmendar,9,10
14877,enraizar,9,10
14985,entereza,9,10
15033,entrecasa,9,10
15058,entremezclado,9,10
15136,enuncia,9,10
15380,escamotear,9,10
15485,escondite,9,10
15525,escritores,9,10
15590,esencialismo,9,10
15618,esmerado,9,10
15661,esparcido,9,10
15752,espinaca,9,10
15845,estacional,9,10
15871,estalinista,9,10
16043,estrangular,9,10
16166,eta,9,10
16306,eventualidad,9,10
16349,exacerbo,9,10
16468,exhibicionismo,9,10
16532,exogeno,9,10
16610,explicitacion,9,10
16707,extenuacion,9,10
16779,extraoficial,9,10
16796,extravio,9,10
16818,eyectado,9,10
16910,fajo,9,10
17046,farmaceutica,9,10
17331,fetichizacion,9,10
17342,fiaca,9,10
17343,fiado,9,10
17379,fidelizar,9,10
17382,fiduciario,9,10
17454,filmada,9,10
17476,filosa,9,10
17743,fogonazo,9,10
17773,followers,9,10
17891,fortin,9,10
18527,garibaldi,9,10
18603,gatopardo,9,10
18907,ginecologico,9,10
19073,goloso,9,10
19267,granizo,9,10
19377,griton,9,10
19897,hegelian,9,10
20259,hippismo,9,10
20416,homologo,9,10
20654,humilla,9,10
20684,husmear,9,10
20845,ilegitimamente,9,10
20929,imbricado,9,10
21142,impuestos,9,10
21209,inaprensible,9,10
21512,indiferenciado,9,10
21554,indistinguible,9,10
21674,infaltabl,9,10
22008,inocua,9,10
22143,instancias,9,10
22156,instigacion,9,10
22173,instituciones,9,10
22186,instructivo,9,10
22383,interin,9,10
22451,interponar,9,10
22492,intersectorial,9,10
22494,intersexual,9,10
22534,intimista,9,10
22559,intransitable,9,10
22623,invalidez,9,10
22772,irma,9,10
22788,irrazonable,9,10
22839,irreverent,9,10
23393,kahlo,9,10
23456,keith,9,10
23527,kiosko,9,10
23732,laissez,9,10
24102,leninismo,9,10
24543,llamer,9,10
24642,lobbi,9,10
24873,luisina,9,10
24906,lunfardo,9,10
25201,malevo,9,10
25248,maluma,9,10
25266,mambo,9,10
25717,martillar,9,10
25902,matrona,9,10
26087,mediocres,9,10
26341,mereces,9,10
26636,miles,9,10
26728,minimizacion,9,10
27078,monito,9,10
27228,morbos,9,10
27919,need,9,10
27938,negociable,9,10
27983,neoclasico,9,10
28068,neurona,9,10
28219,noam,9,10
28622,obstinar,9,10
28635,obturado,9,10
28726,odiador,9,10
28813,ojera,9,10
28822,oklahoma,9,10
28834,oleaginosa,9,10
29004,opio,9,10
29048,opulencia,9,10
29353,oxigenar,9,10
29409,padecido,9,10
29432,pagador,9,10
29643,pantomima,9,10
29863,parrillero,9,10
29933,parva,9,10
29985,pasivamente,9,10
30113,patriotica,9,10
30291,pegatina,9,10
30573,perfo,9,10
30705,perrita,9,10
30911,pianito,9,10
30992,pier,9,10
31065,pinchado,9,10
31352,plebeyos,9,10
31584,polivalente,9,10
31607,polvorin,9,10
31707,porcino,9,10
31769,portfolio,9,10
32080,prefacio,9,10
32101,pregnante,9,10
32162,prenado,9,10
32316,pretencioso,9,10
32442,privatista,9,10
32448,privatizador,9,10
32507,procesos,9,10
32541,producciones,9,10
32625,progresistas,9,10
32633,prohibicionismo,9,10
32683,promiscua,9,10
32684,promiscuidad,9,10
32709,prontamente,9,10
32777,proscripto,9,10
32934,psicofarmaco,9,10
33286,quejido,9,10
33491,radiodifusion,9,10
33690,rave,9,10
33797,rearticulacion,9,10
33865,recalentar,9,10
33905,receptora,9,10
33950,recitado,9,10
34206,redondear,9,10
34232,reeditado,9,10
34321,reflexiva,9,10
34426,reglado,9,10
34483,reiki,9,10
34564,relacionista,9,10
34602,relee,9,10
35002,requiem,9,10
35177,restoran,9,10
35261,retrair,9,10
35312,reuni,9,10
35376,reviente,9,10
35423,revoltoso,9,10
35532,rimar,9,10
35533,rimbaud,9,10
35616,rizomatico,9,10
35625,robayo,9,10
36038,sabrar,9,10
36171,salgas,9,10
36217,saltito,9,10
36350,santafecino,9,10
36709,seisciento,9,10
36798,senalizacion,9,10
36801,senasa,9,10
36917,serbia,9,10
36937,seriado,9,10
37043,sexualizado,9,10
37172,sigmund,9,10
37181,significantes,9,10
37499,sobrado,9,10
37515,sobredimensionado,9,10
37678,sofovich,9,10
37863,soplido,9,10
37964,souza,9,10
37995,spiderman,9,10
38063,station,9,10
38140,strike,9,10
38193,subdirectora,9,10
38314,subviertir,9,10
38483,suntuario,9,10
38631,suscribe,9,10
39027,techado,9,10
39178,tematizacion,9,10
39431,teson,9,10
39448,testigos,9,10
39598,timeline,9,10
39742,toco,9,10
40003,trabajoso,9,10
40304,trastabillar,9,10
40394,trencito,9,10
40582,truculento,9,10
40614,tuco,9,10
40617,tucumana,9,10
40701,turro,9,10
41066,usurpador,9,10
41310,varsky,9,10
41347,vease,9,10
41364,veedor,9,10
41425,velador,9,10
41537,ventoso,9,10
41565,verbalmente,9,10
41617,vernacula,9,10
41706,viajes,9,10
42269,vser,9,10
42727,zaracho,9,10
73,abnegado,8,10
451,acompano,8,10
475,acorazado,8,10
681,adicciones,8,10
906,afiebrado,8,10
1093,agraviado,8,10
1161,aguafuert,8,10
1253,airbnb,8,10
1307,alambres,8,10
1441,alemandi,8,10
1545,alienante,8,10
1563,alimentir,8,10
1880,amenizar,8,10
2056,anarcocapitalismo,8,10
2096,andador,8,10
2156,anemia,8,10
2423,antifascismo,8,10
2426,antifeminismo,8,10
3043,aridez,8,10
3317,arveja,8,10
3346,ascendiente,8,10
4205,azotado,8,10
4773,becker,8,10
4917,berna,8,10
5014,bicisenda,8,10
5035,bienpensant,8,10
5151,biotecnologico,8,10
5306,bodegon,8,10
6042,cacharro,8,10
6136,calabro,8,10
6143,calambre,8,10
6362,campal,8,10
6786,carmelo,8,10
6981,castel,8,10
6989,castidad,8,10
7161,cebra,8,10
7173,cedinci,8,10
7215,celestino,8,10
7337,cercenamiento,8,10
7393,cesacion,8,10
7722,chola,8,10
7737,chorear,8,10
7923,cinto,8,10
7947,circulatorio,8,10
8199,coautoria,8,10
8207,cobija,8,10
8219,cobrir,8,10
8284,cofia,8,10
8293,cognicion,8,10
8751,compositivo,8,10
9093,confiscacion,8,10
9140,congener,8,10
9264,consejos,8,10
9508,contestataria,8,10
9640,contravencion,8,10
9806,copas,8,10
10128,costal,8,10
10198,cpac,8,10
10267,creo,8,10
10397,cross,8,10
10455,cuadernillo,8,10
10510,cuar,8,10
10553,cucharada,8,10
10711,cumplo,8,10
10759,curriculo,8,10
10781,curto,8,10
10824,dadiva,8,10
10997,debes,8,10
11093,decisorio,8,10
11131,decreciente,8,10
11205,defraudacion,8,10
12057,desengano,8,10
12286,desmembrado,8,10
12494,desprolijidad,8,10
12900,digitales,8,10
14022,eldiario,8,10
14023,eldiarioar,8,10
14136,elle,8,10
14321,emojis,8,10
14636,encuadernacion,8,10
14697,endurecido,8,10
14725,enfant,8,10
15392,escapado,8,10
16200,etienne,8,10
16280,evangelicas,8,10
16430,excombatiente,8,10
17204,fellini,8,10
17396,fiestera,8,10
17472,filologo,8,10
17732,foca,8,10
17807,fora,8,10
18554,garzon,8,10
18629,gazebo,8,10
18687,generation,8,10
18726,genoud,8,10
18900,gimnasta,8,10
19017,gluteo,8,10
19048,gogh,8,10
19101,goncalves,8,10
19707,hacinada,8,10
19893,hedor,8,10
19939,hematoma,8,10
20196,hinduismo,8,10
20208,hiperconectado,8,10
20331,hogarena,8,10
21129,impronunciable,8,10
21157,impun,8,10
21334,inconclusa,8,10
21352,inconmovible,8,10
21533,indios,8,10
22105,insolencia,8,10
22470,interrogado,8,10
22745,ipsos,8,10
23309,jun,8,10
23508,kilogramo,8,10
23529,kiosquero,8,10
23832,large,8,10
23853,larva,8,10
23884,latifundio,8,10
24134,lepra,8,10
24362,limeno,8,10
24471,liston,8,10
24620,lloron,8,10
24688,loft,8,10
25169,malbec,8,10
25725,martini,8,10
25937,maximizacion,8,10
26059,medicado,8,10
26725,minimalismo,8,10
26761,minuta,8,10
26858,mistificacion,8,10
27198,moores,8,10
27257,mori,8,10
27515,multiculturalista,8,10
27764,narciso,8,10
27829,nativista,8,10
28018,nerds,8,10
28189,nintendo,8,10
28261,nomadismo,8,10
28287,nooo,8,10
28611,obstaculizado,8,10
28959,ontologicamente,8,10
29029,oprimida,8,10
29363,pablito,8,10
29473,pajonal,8,10
29522,palimpsesto,8,10
29692,paracaida,8,10
29813,parimos,8,10
29906,particularismo,8,10
30190,pazos,8,10
30687,perpendicular,8,10
31173,pisotear,8,10
31726,porosidad,8,10
32093,preferis,8,10
32234,presentadora,8,10
32630,progress,8,10
33120,pulverizado,8,10
33309,quereme,8,10
33640,raspa,8,10
34628,rellena,8,10
34748,renegado,8,10
35119,respetabl,8,10
35595,ritualizacion,8,10
35693,rodillo,8,10
35868,roussef,8,10
35923,rufian,8,10
36395,saqueador,8,10
36466,saturada,8,10
36626,secularizado,8,10
36865,sentimentalismo,8,10
37284,simposio,8,10
37392,sir,8,10
37454,slip,8,10
37485,snow,8,10
37774,solucionismo,8,10
37898,soros,8,10
37955,sound,8,10
38145,stroessner,8,10
38684,suteba,8,10
38851,tamayo,8,10
39649,tipificacion,8,10
40137,transexualidad,8,10
40869,ungs,8,10
40982,urbanizar,8,10
41588,verdulero,8,10
41890,villar,8,10
41899,villavicencio,8,10
41984,virgenes,8,10
42028,visibilizado,8,10
42164,voice,8,10
42482,woman,8,10
42587,yemayel,8,10
42640,yuanes,8,10
42741,zas,8,10
556,actores,7,10
592,acuerdas,7,10
632,adams,7,10
779,adosado,7,10
813,adulterio,7,10
849,aeroespacial,7,10
1173,aguardiente,7,10
1614,almidon,7,10
1855,ambrosio,7,10
2125,andrada,7,10
2499,antisubversivo,7,10
2863,apurate,7,10
3000,arfuch,7,10
3656,atisbar,7,10
4265,bae,7,10
4273,baglietto,7,10
4468,bangkok,7,10
4794,belem,7,10
5139,biopic,7,10
5274,bmw,7,10
5578,bowl,7,10
5791,buceo,7,10
5820,buey,7,10
5881,burgo,7,10
6118,cairo,7,10
6735,cargill,7,10
6867,carruaj,7,10
6954,casette,7,10
7347,cerealero,7,10
7689,chismoso,7,10
7700,chiva,7,10
8205,cobayo,7,10
8753,compositora,7,10
9954,corralon,7,10
10152,cota,7,10
10620,cuevas,7,10
11249,dejastir,7,10
11290,delfino,7,10
11388,democracio,7,10
11554,derechizado,7,10
13128,discursos,7,10
13796,echo,7,10
13808,ecofeminismo,7,10
14096,eleven,7,10
14688,endogena,7,10
15694,espectaculos,7,10
15903,estanislao,7,10
15935,estatutario,7,10
16288,evangelizador,7,10
17173,feierstein,7,10
17512,financierizacion,7,10
18015,franciscano,7,10
19339,grierson,7,10
19852,hayao,7,10
19985,herej,7,10
20176,hilux,7,10
20271,his,7,10
21800,infractor,7,10
23196,josep,7,10
23282,jugueteria,7,10
23382,juventus,7,10
24193,levin,7,10
24220,lgbttiq,7,10
24225,lia,7,10
24515,liza,7,10
24759,lorde,7,10
24857,ludopatia,7,10
25291,managua,7,10
25471,mapamundi,7,10
27338,mother,7,10
27400,movimento,7,10
28031,nestle,7,10
28423,novillo,7,10
28430,noy,7,10
28773,oficialismos,7,10
29228,osaka,7,10
29281,otakus,7,10
29509,palermitano,7,10
29948,pasamontana,7,10
31944,pra,7,10
32003,preceptora,7,10
32107,preguntabar,7,10
32704,pronombr,7,10
32813,protectora,7,10
32913,psa,7,10
33080,pujato,7,10
33351,quijano,7,10
34967,repsol,7,10
35104,resort,7,10
35412,revocatorio,7,10
35422,revoltijo,7,10
35454,rezago,7,10
35571,risas,7,10
36193,salle,7,10
36533,schonfeld,7,10
36934,serguei,7,10
37044,sexualizar,7,10
37201,silba,7,10
37459,sloterdijk,7,10
37662,sodoma,7,10
38134,streamings,7,10
39383,tero,7,10
39577,tilcara,7,10
40020,trad,7,10
40751,uatre,7,10
40819,ultraje,7,10
41667,vestibulo,7,10
41853,vignolo,7,10
42242,vorterix,7,10
400,aciera,6,10
538,actitudinal,6,10
1131,agroalimentario,6,10
1290,aka,6,10
1435,aleksandr,6,10
1443,alemao,6,10
2809,april,6,10
4581,barrick,6,10
4877,beni,6,10
5107,biodiesel,6,10
5130,bioma,6,10
5226,blaquier,6,10
5839,bukowski,6,10
6413,canale,6,10
6491,canicoba,6,10
6892,cartilago,6,10
7217,celibato,6,10
7295,centrao,6,10
7812,cibercultura,6,10
8986,condesa,6,10
10261,cremacion,6,10
10802,cutral,6,10
12373,desparecido,6,10
15529,escritural,6,10
16617,explico,6,10
17246,fenotipo,6,10
17404,figueras,6,10
17764,folklorica,6,10
18306,furman,6,10
18416,galliano,6,10
19022,gob,6,10
19403,grow,6,10
20207,hiperconcentracion,6,10
20427,hondureno,6,10
20771,ideologizacion,6,10
21048,imponible,6,10
22736,ipc,6,10
23092,jeronimo,6,10
23653,labrador,6,10
23783,language,6,10
23902,latinobarometro,6,10
24057,legua,6,10
25263,mamario,6,10
25413,manrique,6,10
25521,maradonianos,6,10
25575,mare,6,10
26148,melchor,6,10
26535,microbio,6,10
26839,mismxs,6,10
27319,mostra,6,10
27407,moyanista,6,10
28869,oliveros,6,10
29220,ortuzar,6,10
30473,peque,6,10
30540,pere,6,10
30696,perpetuidad,6,10
31204,piyama,6,10
32634,prohibicionista,6,10
34867,repitar,6,10
35945,ruisenor,6,10
36491,say,6,10
36513,schejtman,6,10
37032,sexta,6,10
37828,sonico,6,10
37973,spacex,6,10
38040,stalingrado,6,10
38044,stallone,6,10
38122,strada,6,10
39117,telechea,6,10
39406,territorializacion,6,10
39960,toulouse,6,10
40756,uberizacion,6,10
41351,vecinalismo,6,10
41627,versace,6,10
42325,wallmapu,6,10
42393,wembley,6,10
42604,yin,6,10
42664,zabala,6,10
1347,alberti,5,10
5138,biontech,5,10
5249,blockbuster,5,10
5668,briante,5,10
6780,carlota,5,10
7627,chihuahua,5,10
7631,child,5,10
8256,codelco,5,10
8685,competencias,5,10
8741,complutense,5,10
9383,constructivismo,5,10
10558,cuchi,5,10
13752,durrieu,5,10
16788,extraterritorial,5,10
16970,falu,5,10
17151,fed,5,10
17279,ferre,5,10
18045,fratelli,5,10
18452,gaming,5,10
18521,gareca,5,10
18815,gestacional,5,10
19563,gunther,5,10
20801,igj,5,10
22756,iraq,5,10
22873,ishii,5,10
23601,kuczynski,5,10
23956,lazarillo,5,10
24884,lukacs,5,10
25160,malagamba,5,10
25516,maradeo,5,10
25917,mau,5,10
27337,motel,5,10
27470,muertxs,5,10
27964,neill,5,10
29476,paki,5,10
29670,papelera,5,10
30410,peni,5,10
31129,pipi,5,10
31328,plausibilidad,5,10
31487,poiesis,5,10
31523,poliarquia,5,10
31657,ponti,5,10
31793,posdemocratico,5,10
33092,pulite,5,10
33100,pulpa,5,10
33377,quinn,5,10
35035,resentir,5,10
36104,sadomasoquista,5,10
36878,seoane,5,10
37992,speranza,5,10
38032,srnicek,5,10
39034,technology,5,10
39877,torino,5,10
40686,turbo,5,10
41431,velasquez,5,10
41586,verdugueo,5,10
41620,vernet,5,10
42186,voleibol,5,10
42361,wattpad,5,10
42400,werthein,5,10
47,abdullah,4,10
1806,amarok,4,10
2486,antipunitivismo,4,10
2995,arequito,4,10
3784,auditorium,4,10
4595,barroquismo,4,10
4651,basterra,4,10
4668,bataclan,4,10
5889,burkini,4,10
6381,campero,4,10
8862,conaie,4,10
9579,contrafuego,4,10
9979,correlacionar,4,10
10328,criptogate,4,10
11224,degustacion,4,10
12718,dhabi,4,10
12984,dior,4,10
13401,docs,4,10
14084,elenao,4,10
17532,fink,4,10
18232,fumigado,4,10
18860,gide,4,10
18954,giunta,4,10
18961,glaciares,4,10
20696,iara,4,10
22226,insurgentes,4,10
23027,jarpa,4,10
23406,kantiano,4,10
23554,koala,4,10
23645,laborde,4,10
24325,lifschitz,4,10
24667,lock,4,10
26115,megafiltracion,4,10
26141,mekas,4,10
26177,melquiades,4,10
26533,micky,4,10
27313,mosquita,4,10
27448,mudde,4,10
28045,neuman,4,10
29474,paka,4,10
29597,pandenomics,4,10
31588,polledo,4,10
35664,rocinha,4,10
36303,sandinismo,4,10
36552,scilingo,4,10
36996,session,4,10
37354,sinodo,4,10
38125,strassera,4,10
38244,subnotas,4,10
39075,tecnosocial,4,10
39494,thc,4,10
40363,travolta,4,10
41015,urraca,4,10
41472,vendehumo,4,10
41775,victorio,4,10
42163,voguing,4,10
42190,volnovich,4,10
42471,witold,4,10
42821,zubeldia,4,10
3077,armagedon,3,10
4230,babe,3,10
4509,baratta,3,10
5152,bioterio,3,10
6359,camorra,3,10
7699,chitarroni,3,10
10204,craig,3,10
11679,desahucio,3,10
13907,education,3,10
13980,eixo,3,10
18365,gadano,3,10
18589,gastronomicos,3,10
19099,gomorra,3,10
19248,granaderos,3,10
21036,implosionando,3,10
23711,lafourcade,3,10
24916,lurigancho,3,10
25906,matte,3,10
26605,migue,3,10
27184,montoto,3,10
27410,mozambique,3,10
27918,ned,3,10
30272,pedrini,3,10
31942,ppp,3,10
34848,reperfilar,3,10
35440,rewe,3,10
37810,somu,3,10
38723,systems,3,10
39124,teleferico,3,10
39374,termita,3,10
40839,umpierrez,3,10
40965,upps,3,10
41316,vasconcelos,3,10
42448,wilmer,3,10
42706,zanon,3,10
13,abandonico,9,9
132,abrar,9,9
289,acatamiento,9,9
397,acidez,9,9
409,aclamar,9,9
501,acostumbramiento,9,9
541,activado,9,9
946,aforo,9,9
1121,agridulce,9,9
1142,agronomia,9,9
1269,ajado,9,9
1317,alardear,9,9
1392,alcoholizado,9,9
1411,aleccionador,9,9
1464,aletargado,9,9
1584,aljibe,9,9
1685,alternado,9,9
1835,ambicionar,9,9
1857,ambulant,9,9
1916,amiguito,9,9
2033,analiticamente,9,9
2065,anatema,9,9
2112,andate,9,9
2150,anecdotario,9,9
2219,angustioso,9,9
2228,anidir,9,9
2253,animir,9,9
2345,antelacion,9,9
2425,antifaz,9,9
2469,antipatia,9,9
2487,antiquisimo,9,9
2513,antologico,9,9
2573,apadrinar,9,9
2684,aplazar,9,9
2701,aplomo,9,9
2716,apodir,9,9
2777,apremiante,9,9
2861,apuran,9,9
2967,ardient,9,9
3055,aristocratica,9,9
3079,arman,9,9
3175,arremangado,9,9
3178,arremeter,9,9
3209,arrinconado,9,9
3226,arrollado,9,9
3299,artist,9,9
3301,artistas,9,9
3399,asfaltar,9,9
3541,asumi,9,9
3579,atascado,9,9
3618,atenuado,9,9
3641,atestiguan,9,9
3652,atinado,9,9
3678,atomizar,9,9
3700,atragantado,9,9
3719,atraviesir,9,9
3772,audiencias,9,9
3816,aureola,9,9
3895,autocratico,9,9
4219,azulado,9,9
4256,bacon,9,9
4407,bambolear,9,9
4551,barniz,9,9
4616,basamento,9,9
4846,bendijo,9,9
4929,bernstein,9,9
4948,bertolt,9,9
5350,bolilla,9,9
5383,boludear,9,9
5577,bowie,9,9
5687,brillos,9,9
5701,britanica,9,9
5809,bue,9,9
6232,callo,9,9
6260,calzada,9,9
6372,campear,9,9
6477,caneria,9,9
6657,carambola,9,9
6751,caricaturizar,9,9
6789,carmesi,9,9
6863,carroll,9,9
6866,carroza,9,9
7058,categoricamente,9,9
7094,caudillismo,9,9
7154,ceba,9,9
7234,celu,9,9
7287,centrales,9,9
7357,cerino,9,9
7447,chalina,9,9
7464,chamuyo,9,9
7692,chispazos,9,9
7714,choclo,9,9
7888,cimentado,9,9
7908,cinema,9,9
8027,civilizar,9,9
8116,clickbait,9,9
8198,coautora,9,9
8263,codificada,9,9
8302,cohabitacion,9,9
8320,coincident,9,9
8377,colectivismo,9,9
8454,colonizador,9,9
8484,comadre,9,9
8527,comeir,9,9
8679,compensado,9,9
8767,comprarir,9,9
8772,compre,9,9
8773,comprendar,9,9
8853,comunitariamente,9,9
8929,concisar,9,9
8938,concluyent,9,9
9027,conectir,9,9
9122,confrontado,9,9
9171,conjugado,9,9
9259,consejera,9,9
9612,contrariado,9,9
9759,convoy,9,9
9814,copete,9,9
9921,coronario,9,9
9970,corregido,9,9
9990,correpi,9,9
10021,corroen,9,9
10047,cortant,9,9
10048,cortante,9,9
10124,cost,9,9
10253,creiamos,9,9
10337,crispado,9,9
10443,cruzas,9,9
10529,cuatros,9,9
10559,cuchichear,9,9
10629,cuidadorar,9,9
10702,cumple,9,9
10743,curativo,9,9
10786,curvo,9,9
10805,cuzco,9,9
10838,daily,9,9
11240,dejandola,9,9
11372,demasiada,9,9
11429,demuelir,9,9
11431,den,9,9
11502,deplorable,9,9
11625,desacomodar,9,9
11651,desafectar,9,9
11672,desagregado,9,9
11673,desagregar,9,9
11726,desapercibida,9,9
11767,desatendido,9,9
11844,descascarada,9,9
11859,descentrar,9,9
11895,desconectada,9,9
11902,desconfio,9,9
12006,desechable,9,9
12078,deseoso,9,9
12097,desesperanzado,9,9
12137,desgarbado,9,9
12244,deslealtad,9,9
12272,desmanejo,9,9
12273,desmantelado,9,9
12294,desmerecer,9,9
12347,desoladoro,9,9
12456,despojada,9,9
12535,destenido,9,9
12632,detenida,9,9
12633,detenidamente,9,9
12642,deteriorada,9,9
12717,dgi,9,9
12742,dial,9,9
12781,dibujan,9,9
12798,diciendo,9,9
12806,dicotomica,9,9
12898,digitado,9,9
12945,dime,9,9
13056,discepolo,9,9
13106,discretamente,9,9
13120,disculpo,9,9
13177,disgregado,9,9
13361,divisoria,9,9
13432,dogmatismo,9,9
13456,dolorido,9,9
13560,dosciento,9,9
13642,drucaroff,9,9
13665,ductilidad,9,9
13769,earth,9,9
13830,economics,9,9
13868,edificado,9,9
14027,eleccionario,9,9
14073,elegia,9,9
14127,elitismo,9,9
14151,elogiado,9,9
14235,embisteir,9,9
14255,embriagar,9,9
14331,empalmar,9,9
14334,empanado,9,9
14361,empatiza,9,9
14551,encarinar,9,9
14607,encolumnado,9,9
14695,endulzar,9,9
14822,enjaulado,9,9
14823,enjuagar,9,9
14899,enrolado,9,9
14900,enrolar,9,9
15035,entrecerrado,9,9
15123,enturbiar,9,9
15141,enunciativo,9,9
15220,epiteto,9,9
15221,epitome,9,9
15349,esbelto,9,9
15414,escasamente,9,9
15515,escribierar,9,9
15559,escuche,9,9
15623,esmerilar,9,9
15624,esmero,9,9
15653,espantado,9,9
15691,espectacularizado,9,9
15722,esperandolo,9,9
15737,espermatozoid,9,9
15819,esquizofrenico,9,9
15948,estereo,9,9
16090,estresar,9,9
16110,estructuralista,9,9
16436,excremento,9,9
16449,exegesis,9,9
16455,exequiel,9,9
16538,exorbitante,9,9
16555,expareja,9,9
16597,explayar,9,9
16812,exudar,9,9
16870,facilitador,9,9
16991,fanatica,9,9
17145,fechar,9,9
17258,feriar,9,9
17347,fiar,9,9
17386,fielmente,9,9
17422,fijatar,9,9
17499,financia,9,9
17627,flaqueza,9,9
17689,florero,9,9
17711,fluctuant,9,9
17721,fluorescent,9,9
17819,fordismo,9,9
17859,formo,9,9
17886,fortalecida,9,9
18143,frondosa,9,9
18274,fundamentir,9,9
18290,funesto,9,9
18496,garantes,9,9
18626,gays,9,9
18756,geografo,9,9
18769,georg,9,9
19005,glorificacion,9,9
19183,gozoso,9,9
19202,gracios,9,9
19219,grafia,9,9
19420,grupusculo,9,9
19632,habitantes,9,9
19636,habitir,9,9
19701,haciendola,9,9
19702,haciendolo,9,9
19727,hagar,9,9
19749,halfon,9,9
20100,hicierar,9,9
20201,hiperactivo,9,9
20286,histerica,9,9
20501,horroros,9,9
20759,identificarar,9,9
20772,ideologizado,9,9
20828,igualito,9,9
20843,ilegibl,9,9
20868,iluminir,9,9
21002,impertinente,9,9
21239,incauto,9,9
21266,incinerar,9,9
21305,incolume,9,9
21311,incomodir,9,9
21319,incompetente,9,9
21340,inconexo,9,9
21506,indicativo,9,9
21556,indistinto,9,9
21625,ineluctable,9,9
21643,inescindible,9,9
21773,infojus,9,9
21846,inglesa,9,9
21863,ingresir,9,9
22067,insegura,9,9
22079,insertado,9,9
22210,insulso,9,9
22211,insulta,9,9
22235,intachable,9,9
22328,intercambiado,9,9
22356,interdependient,9,9
22460,interprovincial,9,9
22464,interrelacion,9,9
22711,involucra,9,9
22794,irreconciliable,9,9
22827,irresoluble,9,9
23120,jingl,9,9
23359,justa,9,9
23639,laboralista,9,9
23640,laboralmente,9,9
23661,laburir,9,9
23671,lacerante,9,9
23750,lamentacion,9,9
23844,larralde,9,9
23858,lascivo,9,9
23920,laurent,9,9
23941,lavarropa,9,9
24045,legitimada,9,9
24406,lindant,9,9
24427,linguistica,9,9
24535,llamas,9,9
24645,lobbys,9,9
24647,lobista,9,9
24863,lugares,9,9
24936,lycra,9,9
25611,marian,9,9
25651,marioneta,9,9
25749,masacrado,9,9
25803,massimo,9,9
26261,mensalao,9,9
26286,mentiros,9,9
26388,mesianismo,9,9
26413,metabolismo,9,9
26770,mios,9,9
26790,mirandolo,9,9
27022,molinari,9,9
27084,monitoreir,9,9
27302,mos,9,9
27455,muela,9,9
27780,narices,9,9
27788,narrada,9,9
27909,necio,9,9
27972,nemesis,9,9
28009,neoyorkino,9,9
28166,nimio,9,9
28395,novato,9,9
28425,novios,9,9
28442,nucleada,9,9
28597,observe,9,9
28598,observer,9,9
28724,odia,9,9
28965,opacado,9,9
28998,opinable,9,9
29033,oprobioso,9,9
29358,oye,9,9
29493,paladin,9,9
29797,parentesi,9,9
30044,patas,9,9
30280,pegadizo,9,9
30424,pensable,9,9
30432,pensarar,9,9
30515,perdicion,9,9
30574,perfomance,9,9
30901,photoshop,9,9
30907,piados,9,9
30985,piedrazos,9,9
30986,piedrita,9,9
31082,pingo,9,9
31123,pioneras,9,9
31154,pirotecnia,9,9
31305,plataformas,9,9
31329,plausibl,9,9
31534,policlasista,9,9
31627,ponderado,9,9
31781,portunol,9,9
31932,pour,9,9
31974,preanunciar,9,9
32013,precipitado,9,9
32062,predominancia,9,9
32089,preferida,9,9
32179,preocuper,9,9
32235,presentamos,9,9
32309,presuroso,9,9
32372,primeras,9,9
32389,primordialmente,9,9
32405,principito,9,9
32430,pristino,9,9
32512,proclamado,9,9
32799,prosumidor,9,9
32898,proyectir,9,9
33021,pudiste,9,9
33050,pueril,9,9
33091,pulir,9,9
33226,putrefacto,9,9
33268,quedaste,9,9
33275,queder,9,9
33614,rar,9,9
33815,rebalso,9,9
34053,recorda,9,9
34096,recriminacion,9,9
34121,recuerde,9,9
34271,reestablecer,9,9
34280,refeir,9,9
34481,reificacion,9,9
34517,reintegrar,9,9
34518,reintegro,9,9
34639,reluciente,9,9
34644,remake,9,9
34656,remata,9,9
34686,remitente,9,9
34854,repetidamente,9,9
34896,reporter,9,9
34948,reprobar,9,9
34987,repugnancia,9,9
34993,repunte,9,9
35074,resilient,9,9
35155,resquebrajamiento,9,9
35223,reticente,9,9
35246,retoque,9,9
35413,revolcar,9,9
35435,revuelcar,9,9
35568,riquisimo,9,9
35576,risita,9,9
35596,ritualizado,9,9
35679,rocoso,9,9
35682,rodaja,9,9
35700,rodrigues,9,9
36037,sabotear,9,9
36100,sadismo,9,9
36344,sanscrito,9,9
36629,secundado,9,9
36652,sedimentada,9,9
36677,segregacionista,9,9
36776,semivacio,9,9
36876,senuelo,9,9
36889,separatista,9,9
36970,service,9,9
36998,sesudo,9,9
37188,sigo,9,9
37222,sille,9,9
37296,simultaneas,9,9
37297,simultaneidad,9,9
37628,socioculturales,9,9
37701,solapamiento,9,9
37838,sonreimos,9,9
37849,sonrojar,9,9
37919,sosegado,9,9
38115,stori,9,9
38217,subitamente,9,9
38264,subrepticio,9,9
38290,subsumido,9,9
38340,suculento,9,9
38380,suenir,9,9
38437,sujetxs,9,9
38499,superestructura,9,9
38570,supongo,9,9
38693,suya,9,9
38749,tabula,9,9
38852,tambaleante,9,9
38939,tardarir,9,9
38944,tardia,9,9
39171,telurico,9,9
39198,tempera,9,9
39199,temperamental,9,9
39623,tinendo,9,9
39672,tire,9,9
39703,titube,9,9
40056,tragos,9,9
40072,trainer,9,9
40192,transitada,9,9
40239,transportadoro,9,9
40278,traslacion,9,9
40307,trasto,9,9
40314,trasvasamiento,9,9
40329,trater,9,9
40594,trunca,9,9
40680,tuppers,9,9
40764,ubicuar,9,9
40782,ufem,9,9
40904,unipolar,9,9
40989,urdir,9,9
41013,urondo,9,9
41095,utopica,9,9
41191,valia,9,9
41257,vanguardismo,9,9
41274,vaquita,9,9
41275,var,9,9
41286,variabilidad,9,9
41329,vastos,9,9
41374,vegetarian,9,9
41423,veladamente,9,9
41503,venga,9,9
41564,verbalizar,9,9
41634,versionar,9,9
41659,vertiz,9,9
41700,viajarar,9,9
41840,vigia,9,9
41874,vilipendiado,9,9
41943,violaceo,9,9
41972,vir,9,9
42119,vivida,9,9
42245,vosotro,9,9
42409,whatsapps,9,9
42495,words,9,9
34,abatimiento,8,9
48,abecedario,8,9
233,abusada,8,9
555,actoral,8,9
669,adeudar,8,9
672,adherencia,8,9
1207,agujerito,8,9
1239,ahumado,8,9
1333,albahaca,8,9
1561,alimente,8,9
1577,alita,8,9
1587,allan,8,9
1708,altruismo,8,9
1715,alucinant,8,9
1934,amnistir,8,9
2114,andelsman,8,9
2147,androides,8,9
2282,anonima,8,9
2299,anota,8,9
2435,antiguamente,8,9
2495,antisindical,8,9
2591,apareamiento,8,9
2686,aplicabilidad,8,9
3036,ariadna,8,9
3061,aritmetico,8,9
3103,arn,8,9
3110,aromatico,8,9
3351,asceta,8,9
3434,asimilable,8,9
3493,aspirina,8,9
3581,atasco,8,9
3918,autodidacto,8,9
3946,autoimpuesto,8,9
3971,autonomico,8,9
4117,avis,8,9
4186,ayunar,8,9
4207,azote,8,9
4240,bacha,8,9
4343,balbin,8,9
4348,balcanes,8,9
4391,balseiro,8,9
4552,barometro,8,9
4637,basquetbolista,8,9
4802,belicista,8,9
4844,bendiga,8,9
4872,benevolencia,8,9
4923,bernarda,8,9
5033,bienintencionado,8,9
5147,biosfera,8,9
5218,blanqueado,8,9
5671,bridge,8,9
5824,bufete,8,9
5844,bulgheroni,8,9
5876,burdel,8,9
5900,burnout,8,9
5918,burton,8,9
6025,cabrito,8,9
6078,caducar,8,9
6082,caen,8,9
6492,caniggia,8,9
6793,carnada,8,9
7255,cenizas,8,9
7289,centralismo,8,9
7492,chapare,8,9
7499,chapotear,8,9
7822,cicatrizar,8,9
8108,clerical,8,9
8327,coito,8,9
8903,concertado,8,9
8930,conciso,8,9
8943,concomitante,8,9
8959,concurrente,8,9
8974,condenable,8,9
9096,confiscatorio,8,9
9143,congenito,8,9
9427,consumidores,8,9
9533,continuador,8,9
9736,convidado,8,9
9746,convite,8,9
9989,correos,8,9
10105,cosmologia,8,9
10297,crime,8,9
10642,cuidense,8,9
10932,darwinismo,8,9
10955,davila,8,9
11238,dejamir,8,9
11391,democratas,8,9
11402,demode,8,9
11519,depositaria,8,9
11693,desalmado,8,9
11882,descompensar,8,9
11938,descreido,8,9
12176,deshilachado,8,9
12217,desinfectante,8,9
12299,desmientar,8,9
12437,despistar,8,9
12536,desterrado,8,9
12653,determinista,8,9
12657,detonado,8,9
12818,dictum,8,9
12850,difamar,8,9
13049,dis,8,9
13599,dramatizacion,8,9
13715,duplex,8,9
13889,editorializar,8,9
13967,egresada,8,9
14101,eliana,8,9
14196,embalar,8,9
14409,emplazamiento,8,9
14457,empresarios,8,9
14646,encubierta,8,9
14650,encubridor,8,9
14882,enredada,8,9
14907,enrulado,8,9
14977,enter,8,9
15067,entreno,8,9
15421,escatologico,8,9
15444,esclavisto,8,9
15645,espaldarazo,8,9
15680,especificacion,8,9
15798,espuria,8,9
15888,estampido,8,9
16122,estuche,8,9
16146,estufas,8,9
16244,eurocentrico,8,9
16278,evanescente,8,9
16289,evangelizar,8,9
16350,exacerr,8,9
16377,exasperante,8,9
16469,exhibicionista,8,9
16475,exhortacion,8,9
16552,expansionista,8,9
16625,exploratorio,8,9
16810,exuberant,8,9
17006,fanon,8,9
17111,fauz,8,9
17159,federalizacion,8,9
17161,federalizar,8,9
17199,felitti,8,9
17238,femur,8,9
17297,ferry,8,9
17360,ficcionalizar,8,9
17432,filamento,8,9
17435,filantropo,8,9
17597,fitz,8,9
17841,formadora,8,9
17975,fraganti,8,9
17986,fragmentaria,8,9
18205,fuistir,8,9
18294,fungir,8,9
18692,genericamente,8,9
18710,genetista,8,9
18979,glenn,8,9
19394,grosor,8,9
19419,grupos,8,9
19484,guayabera,8,9
19885,hechos,8,9
19961,hepatico,8,9
20111,hidrato,8,9
20248,hipotecaria,8,9
20321,hobbi,8,9
20325,hobsbawm,8,9
20363,hollin,8,9
20384,homenajean,8,9
20458,hopkins,8,9
20620,humanamente,8,9
20714,ibiza,8,9
20886,ilustrativa,8,9
20976,impensar,8,9
21008,impiadoso,8,9
21021,implementir,8,9
21107,impresionista,8,9
21403,incubado,8,9
21468,independent,8,9
21538,indisciplina,8,9
21636,inequitativo,8,9
21789,informativa,8,9
21874,inhalacion,8,9
22010,inoculado,8,9
22109,insolvencia,8,9
22246,integralmente,8,9
22304,intentado,8,9
22556,intransferible,8,9
22636,invectiva,8,9
22666,investido,8,9
22731,ipad,8,9
22791,irrealizable,8,9
22899,israelita,8,9
22944,jacaranda,8,9
22949,jacob,8,9
23025,jardines,8,9
23265,juerga,8,9
23276,jugas,8,9
23328,juntarnos,8,9
23480,key,8,9
23655,labura,8,9
23743,lamadrid,8,9
23822,laptops,8,9
24000,lectorxs,8,9
24157,letania,8,9
24182,levantas,8,9
24224,lgtbq,8,9
24280,librepensador,8,9
25054,maestros,8,9
25187,maleable,8,9
25273,mamita,8,9
25500,maquinacion,8,9
25770,masculinidades,8,9
25832,matador,8,9
25833,matafuego,8,9
25892,matriarcado,8,9
26013,mecenas,8,9
26062,medicalizacion,8,9
26068,medicas,8,9
26464,metodista,8,9
27118,monosilabo,8,9
27196,moon,8,9
27419,mtd,8,9
27586,municipales,8,9
27870,navegante,8,9
27988,neodesarrollista,8,9
28175,ninfa,8,9
28185,ninito,8,9
28324,normatividad,8,9
28415,noventoso,8,9
28522,obesa,8,9
28566,obnubilado,8,9
28727,odiant,8,9
28970,opcional,8,9
29435,pagana,8,9
29626,panquequ,8,9
29672,papeleta,8,9
29832,parlamentarismo,8,9
29880,partenaire,8,9
29907,particularista,8,9
29944,pasajera,8,9
30349,pelotazo,8,9
30362,peluda,8,9
30423,pensabas,8,9
30429,pensandolo,8,9
30430,pensant,8,9
30514,perdi,8,9
30524,perdiz,8,9
30840,petaca,8,9
30895,phillips,8,9
31027,pilcha,8,9
31069,pinche,8,9
31140,piramides,8,9
31189,pitonisa,8,9
31197,pivot,8,9
31255,planet,8,9
31429,pobremente,8,9
31766,portera,8,9
31878,postgrado,8,9
32048,predicamento,8,9
32143,prematuramente,8,9
32871,provino,8,9
33065,puf,8,9
33090,pulido,8,9
33163,puntilla,8,9
33228,puzzle,8,9
33238,qua,8,9
33364,quimio,8,9
33381,quinquenal,8,9
33499,radioteatro,8,9
33582,rankings,8,9
33609,raptar,8,9
33657,rastrillaje,8,9
33786,reanimacion,8,9
33842,rebrote,8,9
33874,recapitular,8,9
34110,rectorado,8,9
34177,redescubreir,8,9
34347,refrendado,8,9
34358,refugiada,8,9
34398,reggaetonero,8,9
34513,reinsertar,8,9
34546,reivindico,8,9
34717,remunerar,8,9
34819,reparte,8,9
35174,restituido,8,9
35207,retador,8,9
35259,retraer,8,9
35331,revanchista,8,9
35383,revisacion,8,9
35492,ridiculamente,8,9
35778,ronca,8,9
36126,sahumerio,8,9
36256,salver,8,9
36415,sardina,8,9
36594,secrecion,8,9
36607,sectario,8,9
36897,septico,8,9
36899,septima,8,9
36978,servidora,8,9
36989,sesgada,8,9
37014,seven,8,9
37029,sexogenerico,8,9
37092,shockeado,8,9
37315,sincronizacion,8,9
37360,sinrazon,8,9
37400,sirvient,8,9
37434,sixtina,8,9
37681,softwares,8,9
37820,sondear,8,9
37888,sorete,8,9
38007,spivak,8,9
38015,sportivo,8,9
38425,suite,8,9
38517,superliga,8,9
38614,surreal,8,9
38630,suscribar,8,9
38638,suscrito,8,9
38744,tablita,8,9
38917,tapiz,8,9
38923,tapujo,8,9
39041,teclear,8,9
39105,tejia,8,9
39381,ternero,8,9
39645,tipeo,8,9
39658,tir,8,9
40207,transmisibl,8,9
40549,tropelia,8,9
40567,trotsky,8,9
40576,trucado,8,9
40631,tuitea,8,9
40697,turques,8,9
40788,ugarte,8,9
40794,ulcera,8,9
40823,ultramontano,8,9
40866,ungeir,8,9
40877,unicidad,8,9
40903,unipersonal,8,9
41093,utn,8,9
41320,vasija,8,9
41456,vence,8,9
41582,verdoso,8,9
41725,vicaria,8,9
41807,vidrioso,8,9
41936,viniste,8,9
42080,viterbo,8,9
42130,vivistir,8,9
42359,watson,8,9
42385,weiss,8,9
42412,where,8,9
42611,yogurt,8,9
42654,yuri,8,9
42695,zancadilla,8,9
1090,agravamiento,7,9
1303,alambrada,7,9
1355,albino,7,9
1401,alderete,7,9
1759,alzueta,7,9
1770,amago,7,9
1990,ampuero,7,9
2394,anticonceptiva,7,9
2519,antonimo,7,9
2893,arancelamiento,7,9
2970,ardilla,7,9
3104,arnaldo,7,9
3255,artaud,7,9
3278,artico,7,9
3360,asegurador,7,9
3501,associated,7,9
4262,baden,7,9
4315,bajeza,7,9
4457,bandito,7,9
4645,bastardar,7,9
4748,bebar,7,9
5070,billar,7,9
5235,ble,7,9
5449,booker,7,9
5683,brillantina,7,9
6053,cachivach,7,9
6103,cage,7,9
6265,cam,7,9
6315,came,7,9
6322,camerun,7,9
6537,cantautor,7,9
6595,capitaloceno,7,9
6617,caprio,7,9
6637,caqui,7,9
6715,cardumen,7,9
6861,carroceria,7,9
7261,censar,7,9
7453,chamanico,7,9
7730,chonga,7,9
7956,circunscripcion,7,9
7957,circunscripta,7,9
7964,circunvalacion,7,9
8318,coimero,7,9
9062,confia,7,9
9410,consultivo,7,9
9502,contesta,7,9
9735,convicto,7,9
10144,costra,7,9
10247,credulo,7,9
10433,crustaceo,7,9
10725,cupe,7,9
11022,debutante,7,9
11095,declamacion,7,9
11403,demografia,7,9
11483,denver,7,9
11822,descapotable,7,9
12035,desencadenado,7,9
12173,deshidratar,7,9
12748,dialogado,7,9
12848,diezmo,7,9
12953,dimision,7,9
13039,dirigenta,7,9
13173,disfuncion,7,9
13255,disqueria,7,9
13371,divulgado,7,9
13634,drogueria,7,9
13776,ebert,7,9
13845,ecuanime,7,9
14669,end,7,9
14816,enia,7,9
15274,eras,7,9
15469,escolarizado,7,9
15584,escupitajo,7,9
15723,esperanto,7,9
16240,eureka,7,9
16292,evaporacion,7,9
16446,exdiputado,7,9
16760,extramatrimonial,7,9
16844,fabulacion,7,9
16849,faca,7,9
16984,familiero,7,9
17105,fauno,7,9
17470,filologia,7,9
17557,firmo,7,9
17638,flauta,7,9
17946,four,7,9
18080,freir,7,9
18103,fresan,7,9
18325,fusta,7,9
18435,galvan,7,9
18528,garin,7,9
18785,gerchunoff,7,9
18951,giuliani,7,9
19083,golpes,7,9
19348,grillet,7,9
19482,guau,7,9
19592,habanero,7,9
20077,heteropatriarcal,7,9
20227,hipertrofia,7,9
20607,huidobro,7,9
20881,ilustrada,7,9
21236,incautacion,7,9
21706,infectologo,7,9
21897,inigo,7,9
21973,inmundicia,7,9
22219,insumis,7,9
23011,jaqueado,7,9
23112,jijiji,7,9
23476,ketchup,7,9
23546,klan,7,9
23549,klux,7,9
23708,laera,7,9
24381,limonero,7,9
24736,longevidad,7,9
24785,louise,7,9
24955,macanudo,7,9
25512,maraca,7,9
25554,marchante,7,9
25645,marinelli,7,9
25657,maris,7,9
25878,matienzo,7,9
25991,mea,7,9
26078,medidor,7,9
26146,melanie,7,9
26155,meli,7,9
26300,mep,7,9
26344,merecimiento,7,9
26362,meritorio,7,9
26702,mind,7,9
27068,monetarista,7,9
27174,monti,7,9
27278,morosidad,7,9
27286,morron,7,9
27600,murakami,7,9
27889,nebbia,7,9
28344,nosotro,7,9
28434,nsa,7,9
28463,nuevos,7,9
28669,oceanica,7,9
28906,omega,7,9
29418,padrenuestro,7,9
29767,parca,7,9
29805,pari,7,9
29904,particulares,7,9
29927,partner,7,9
29966,pascuas,7,9
30193,pcc,7,9
30275,peer,7,9
30775,pertrecho,7,9
30941,picanear,7,9
31408,pluto,7,9
31458,podia,7,9
31484,poggi,7,9
31515,polemista,7,9
31771,portillo,7,9
31887,postor,7,9
31941,pozzo,7,9
31965,prats,7,9
32095,prefiguracion,7,9
32327,preuniversitario,7,9
32789,prospecto,7,9
32862,provido,7,9
32958,psique,7,9
33030,pueblada,7,9
33134,punga,7,9
33402,quiroz,7,9
33560,ranchado,7,9
33688,rav,7,9
34355,refrigerador,7,9
34906,reposicionamiento,7,9
35025,rescindir,7,9
35349,reventado,7,9
35371,revestimiento,7,9
36129,saidon,7,9
36287,sanadora,7,9
36482,sauz,7,9
36636,securitista,7,9
36702,segurola,7,9
36744,sembradio,7,9
36947,serigrafia,7,9
37059,shapiro,7,9
37249,simbolizacion,7,9
37658,socrates,7,9
37761,solterar,7,9
37783,solxs,7,9
37915,sortija,7,9
38000,spin,7,9
38751,taburete,7,9
39143,teleologico,7,9
39148,telesur,7,9
39385,terra,7,9
39426,tesina,7,9
39709,titulacion,7,9
39958,touch,7,9
39973,toy,7,9
40029,trading,7,9
40079,trajir,7,9
40187,transicionar,7,9
40263,trasandino,7,9
40560,troskista,7,9
40707,tutelado,7,9
40812,ultraconservadoro,7,9
41083,utilitaria,7,9
41308,varoufakis,7,9
41864,vikingo,7,9
42109,vivero,7,9
42148,vocalia,7,9
42301,vulva,7,9
42568,yapa,7,9
42762,zhang,7,9
192,abstencionista,6,9
1014,agency,6,9
1321,alargue,6,9
1921,aminoacido,6,9
2146,androide,6,9
2682,aplausos,6,9
2952,arcidiacono,6,9
3023,arguello,6,9
3322,asad,6,9
3376,aserradero,6,9
4011,autorrealizacion,6,9
4450,banderazo,6,9
4465,banfi,6,9
4909,berlant,6,9
4943,berti,6,9
5125,biologicismo,6,9
5170,bistagnino,6,9
5225,blanquitud,6,9
5346,bolichero,6,9
5405,bombin,6,9
5887,burka,6,9
6479,canete,6,9
6842,carrere,6,9
6873,cartabia,6,9
6904,cartoneros,6,9
7137,cazadores,6,9
7151,cea,6,9
7244,cenaculo,6,9
7396,cesantia,6,9
7472,chanel,6,9
7834,ciclon,6,9
7836,ciclovia,6,9
8388,colegial,6,9
8656,comparsa,6,9
8666,compartimento,6,9
9487,contemporary,6,9
9908,cornell,6,9
10115,cosplay,6,9
10393,cronos,6,9
10583,cuentas,6,9
10690,culturalista,6,9
10718,cuneta,6,9
10780,curtis,6,9
11650,desafectado,6,9
11708,desanimado,6,9
11716,desaparecidas,6,9
12212,desincentivo,6,9
13487,dominga,6,9
13552,dormis,6,9
13740,dure,6,9
14829,enlatado,6,9
16236,eugenesia,6,9
16380,excandidato,6,9
16908,fajardo,6,9
17587,fision,6,9
17754,fol,6,9
18367,gadsden,6,9
18478,gang,6,9
18613,gauchos,6,9
19271,granma,6,9
19393,groso,6,9
20161,hilado,6,9
22297,intensiva,6,9
22380,intergalactico,6,9
22522,intifada,6,9
22796,irrecuperabl,6,9
23200,joshua,6,9
23598,krugman,6,9
23696,ladies,6,9
23700,ladrillero,6,9
23818,laprida,6,9
24198,levitsky,6,9
24255,libertades,6,9
24744,lonkos,6,9
25134,mais,6,9
25281,mamushka,6,9
25683,marlon,6,9
25761,mascardi,6,9
26009,mecedora,6,9
26479,metrodelegado,6,9
27226,morbilidad,6,9
27962,nehuen,6,9
28135,nieman,6,9
28152,nigeriano,6,9
28487,nuncio,6,9
29584,panceta,6,9
29681,papu,6,9
29726,parakultural,6,9
29740,paramilitarismo,6,9
29875,part,6,9
30355,pelotuda,6,9
31112,pintos,6,9
31177,pistolero,6,9
31450,poderes,6,9
31934,powell,6,9
31982,precandidatura,6,9
32705,pronombre,6,9
33167,puntita,6,9
33197,purismo,6,9
33806,reato,6,9
34037,reconstructivo,6,9
34159,redactora,6,9
34279,refaccionar,6,9
34413,regionalizacion,6,9
35136,resplandecir,6,9
35748,romantizado,6,9
36242,salvajes,6,9
36313,sandy,6,9
36359,santeria,6,9
36388,sap,6,9
36571,scrum,6,9
36592,secesionista,6,9
36637,securitizacion,6,9
36732,sem,6,9
37066,she,6,9
37121,sibila,6,9
38758,tachero,6,9
38848,tamar,6,9
40073,training,6,9
40183,transhumanismo,6,9
40385,trejo,6,9
40464,trino,6,9
40778,udi,6,9
40786,ugalde,6,9
41590,verdurazo,6,9
42616,yoma,6,9
42671,zafra,6,9
1373,alcantara,5,9
2397,anticristo,5,9
2412,antidiscriminatorio,5,9
4160,aylan,5,9
4371,balin,5,9
4524,barbies,5,9
4603,barsa,5,9
4712,bauza,5,9
4900,bergamo,5,9
5540,botana,5,9
5660,bretton,5,9
5718,broke,5,9
6608,capos,5,9
6773,carli,5,9
6791,carmina,5,9
7232,celtic,5,9
7566,cheddar,5,9
8494,comandos,5,9
9023,conectados,5,9
9202,connecticut,5,9
9439,contabilizado,5,9
9855,corazza,5,9
10077,corvo,5,9
10199,cpm,5,9
10317,cringe,5,9
11435,deng,5,9
12312,desmotivacion,5,9
13606,draper,5,9
13915,edulp,5,9
13979,eisenhower,5,9
17291,ferri,5,9
17603,fixer,5,9
17783,fonema,5,9
18099,frentista,5,9
18181,fueguito,5,9
18634,gecid,5,9
18940,gisel,5,9
19265,graneros,5,9
19432,gualberto,5,9
20634,humanxs,5,9
20862,ilse,5,9
22340,interceptacion,5,9
22515,interview,5,9
22537,into,5,9
22787,irrazabal,5,9
23040,javiera,5,9
23247,judeocristian,5,9
23909,latour,5,9
23911,lau,5,9
24330,ligamento,5,9
25145,majo,5,9
25350,manero,5,9
26530,michoacan,5,9
26662,mill,5,9
26677,milman,5,9
28492,nuremberg,5,9
28493,nuria,5,9
28513,obarrio,5,9
29305,ottavis,5,9
29449,pagos,5,9
29459,paisa,5,9
29594,pandemica,5,9
29742,paramount,5,9
29930,partos,5,9
30187,payro,5,9
30902,php,5,9
31127,piparo,5,9
31438,pocillo,5,9
31675,popstar,5,9
31929,pouchard,5,9
32793,prostata,5,9
32866,provincializacion,5,9
33056,puertos,5,9
33124,pumas,5,9
33583,ranquel,5,9
34112,rectoria,5,9
35543,ringo,5,9
35545,ringuelet,5,9
36258,salvi,5,9
37082,shhh,5,9
37458,slokar,5,9
37648,sociotecnico,5,9
37696,solange,5,9
37959,sousa,5,9
38003,spinetto,5,9
38121,storytelling,5,9
38860,tamous,5,9
38909,taper,5,9
39024,tec,5,9
39080,teddy,5,9
39564,tigrense,5,9
40603,tsj,5,9
40828,ultrasonido,5,9
41348,vecin,5,9
41661,verzenassi,5,9
42013,vis,5,9
42581,yeguas,5,9
1299,alacran,4,9
1356,albondiga,4,9
1491,alferdez,4,9
2490,antirrepresivo,4,9
2935,archetti,4,9
3458,asmatico,4,9
3521,astrofisica,4,9
4233,babero,4,9
4476,banksy,4,9
4538,bard,4,9
4692,battista,4,9
4893,beraldi,4,9
4949,bertone,4,9
5427,bondage,4,9
5469,bordador,4,9
5738,brook,4,9
5792,buchanan,4,9
6116,cain,4,9
6291,camba,4,9
6497,canino,4,9
6739,cari,4,9
7392,cesac,4,9
7659,chingo,4,9
7674,chiquitania,4,9
8077,classroom,4,9
8562,cometti,4,9
8603,communications,4,9
9581,contrahegemonia,4,9
10076,corvalan,4,9
10822,dada,4,9
10862,damiani,4,9
11974,descubris,4,9
13756,duval,4,9
13854,edecan,4,9
14478,enacom,4,9
15400,escapulario,4,9
17381,fido,4,9
17401,fifty,4,9
18251,funcionarix,4,9
18447,gamboa,4,9
19167,gouges,4,9
19402,grove,4,9
19811,harguindeguy,4,9
20151,hijastra,4,9
20506,horvat,4,9
20575,huelguista,4,9
20720,icardi,4,9
20832,iib,4,9
22496,intersindical,4,9
22966,jael,4,9
23502,kiko,4,9
24263,libertarismo,4,9
24910,lupita,4,9
24964,macedo,4,9
26592,mignone,4,9
26822,mishima,4,9
26982,mohammad,4,9
27128,monrovia,4,9
27710,nadra,4,9
27739,nando,4,9
27766,narcocorrido,4,9
28101,nextel,4,9
28861,olinda,4,9
29593,pandemic,4,9
29916,partidizacion,4,9
30245,pederasta,4,9
30508,percy,4,9
30946,picardi,4,9
31036,pillan,4,9
31306,plataformizacion,4,9
31597,polola,4,9
33209,pussy,4,9
33722,rcn,4,9
34479,reidel,4,9
35515,riff,4,9
35734,rolo,4,9
35739,romana,4,9
35797,roraima,4,9
35872,rover,4,9
36740,semantica,4,9
36771,semiocapitalismo,4,9
37386,sionismo,4,9
39056,tecnociencia,4,9
40284,traslasierra,4,9
41465,vendaje,4,9
41739,vicenta,4,9
41860,vigoya,4,9
41894,villarrica,4,9
42547,yacobitti,4,9
42846,zwaig,4,9
3113,arp,3,9
3591,atelier,3,9
3725,atrevete,3,9
4691,batthyany,3,9
4697,baudino,3,9
4725,bbb,3,9
5015,bicoalicional,3,9
5411,bonacci,3,9
5432,boneta,3,9
5614,brandolino,3,9
5698,brisbane,3,9
5967,caaguazu,3,9
6917,casabe,3,9
8016,civic,3,9
8892,conceptualista,3,9
9882,cordobesista,3,9
10935,dasha,3,9
11180,deferente,3,9
11800,desc,3,9
12209,desimaginacion,3,9
12914,dignity,3,9
13893,edo,3,9
15655,espantapajaros,3,9
16024,estola,3,9
17107,faure,3,9
17728,fna,3,9
18977,glauber,3,9
19021,gnl,3,9
19471,guareschi,3,9
19504,guerrieri,3,9
20613,hum,3,9
21774,infonews,3,9
22091,insincero,3,9
22544,intoxicados,3,9
22929,ivermectina,3,9
23825,larcher,3,9
24439,liomont,3,9
25702,marroquin,3,9
25905,matta,3,9
27357,motorista,3,9
29588,pancreatitis,3,9
29737,paramedico,3,9
29879,partenair,3,9
30685,perosino,3,9
31307,plataformizado,3,9
31855,postcapitalisto,3,9
31922,potrerillos,3,9
33202,purmamarca,3,9
33876,recaptura,3,9
34847,reperfilamiento,3,9
35609,riviera,3,9
37067,sheik,3,9
37478,snap,3,9
38479,sunita,3,9
38711,swipe,3,9
39332,terceros,3,9
39855,topolansky,3,9
40674,tupaquero,3,9
41174,valenciano,3,9
17,abaratamiento,8,8
67,abjurar,8,8
71,abnegacion,8,8
91,abombado,8,8
169,abrumadoramente,8,8
215,abulia,8,8
380,achaqu,8,8
390,achinar,8,8
408,aclamado,8,8
425,acolchado,8,8
427,acometer,8,8
468,acopiar,8,8
507,acotada,8,8
512,acre,8,8
566,actualizada,8,8
620,acusandolo,8,8
703,adivino,8,8
780,adosar,8,8
831,adverti,8,8
853,aeronautica,8,8
899,afianzamiento,8,8
1026,agigantado,8,8
1083,agrandado,8,8
1228,ahorcado,8,8
1230,ahorita,8,8
1519,alguna,8,8
1604,almacenero,8,8
1671,altanero,8,8
1684,alternadamente,8,8
1690,alternative,8,8
1706,altoparlante,8,8
1796,amargar,8,8
1807,amarra,8,8
1994,amputacion,8,8
2042,analogica,8,8
2111,andatar,8,8
2268,ann,8,8
2327,ant,8,8
2508,antoine,8,8
2669,aplastada,8,8
2719,apoir,8,8
2736,aportarar,8,8
2758,apoye,8,8
2874,aquietar,8,8
2942,archivado,8,8
3030,argumentativa,8,8
3060,aritmetica,8,8
3118,arquear,8,8
3201,arriero,8,8
3208,arrimir,8,8
3232,arroyito,8,8
3276,article,8,8
3414,asiduidad,8,8
3431,asimetrica,8,8
3547,asumo,8,8
3575,atardece,8,8
3596,atemperar,8,8
3603,atendi,8,8
3619,atenuant,8,8
3654,atine,8,8
3658,atizar,8,8
3881,autocomplaciente,8,8
4024,autos,8,8
4053,avaricia,8,8
4061,avasallar,8,8
4071,avena,8,8
4110,aviir,8,8
4119,avisado,8,8
4184,ayudo,8,8
4286,bailado,8,8
4373,balizamiento,8,8
4434,bancarizado,8,8
4435,bancarrota,8,8
4478,banner,8,8
4499,baraja,8,8
4733,beagle,8,8
4761,becado,8,8
4811,beliveau,8,8
4873,benevolente,8,8
4916,bermudez,8,8
5077,billinghurst,8,8
5087,binacional,8,8
5458,boquiabierto,8,8
5634,bravucon,8,8
5800,bucolico,8,8
5850,bullicioso,8,8
6090,cafecito,8,8
6113,caigo,8,8
6305,cambiemito,8,8
6366,campanario,8,8
6490,caniche,8,8
6561,cap,8,8
6661,carapintada,8,8
6662,carapintado,8,8
6864,carrona,8,8
6890,cartesiano,8,8
7051,catecismo,8,8
7086,caucasico,8,8
7121,cavallero,8,8
7129,cavilacion,8,8
7181,cegar,8,8
7327,ceramico,8,8
7416,cfkargentina,8,8
7495,chapita,8,8
7582,chequera,8,8
7644,chillido,8,8
7776,chueca,8,8
7828,ciclicamente,8,8
8132,climatica,8,8
8140,clinicas,8,8
8165,closs,8,8
8196,coartar,8,8
8214,cobranza,8,8
8236,cocinado,8,8
8239,cocine,8,8
8321,coincidente,8,8
8339,colaborativa,8,8
8400,colgante,8,8
8426,collins,8,8
8462,coloquir,8,8
8514,combinir,8,8
8599,commodity,8,8
8622,compadecer,8,8
8670,compasiva,8,8
8727,completir,8,8
8785,comprimir,8,8
8822,computar,8,8
8945,concordancia,8,8
8968,condecir,8,8
9113,conformista,8,8
9131,confusa,8,8
9159,congruencia,8,8
9226,conociste,8,8
9279,conservado,8,8
9331,conspicuo,8,8
9390,construi,8,8
9435,consustancial,8,8
9436,conta,8,8
9465,contaminant,8,8
9555,contrabar,8,8
9568,contradice,8,8
9695,convengamos,8,8
9699,convenientemente,8,8
9708,converge,8,8
9718,conversador,8,8
9852,corazonada,8,8
9860,corbato,8,8
10023,corroido,8,8
10071,cortometraj,8,8
10085,cosechado,8,8
10086,cosechadora,8,8
10099,cosmetica,8,8
10174,countri,8,8
10205,cranear,8,8
10343,cristalizada,8,8
10580,cuentapropismo,8,8
10736,curan,8,8
10771,cursivo,8,8
10828,dady,8,8
10922,darsela,8,8
11148,dedillo,8,8
11149,dedique,8,8
11261,dejser,8,8
11272,delay,8,8
11344,delo,8,8
11398,democratizadoro,8,8
11481,denuncien,8,8
11503,deplorar,8,8
11546,depurar,8,8
11593,derrochar,8,8
11604,derruido,8,8
11610,derrumr,8,8
11689,desaliento,8,8
11690,desalinado,8,8
11724,desapegado,8,8
11762,desate,8,8
11771,desatino,8,8
11817,descansa,8,8
11887,descompuesto,8,8
11921,descontextualizado,8,8
11992,desdoblado,8,8
12005,desechabl,8,8
12013,desembarazar,8,8
12108,desestimir,8,8
12113,desfachatez,8,8
12123,desfigurado,8,8
12228,desinhibicion,8,8
12268,desmadre,8,8
12269,desmalezar,8,8
12383,despechado,8,8
12447,despliega,8,8
12496,desproporcion,8,8
12544,destilado,8,8
12558,destornillador,8,8
12673,deutsche,8,8
12778,dibujada,8,8
12885,digame,8,8
12973,dinerstein,8,8
13013,direccionado,8,8
13115,disculpame,8,8
13158,disertacion,8,8
13194,dislate,8,8
13239,displicente,8,8
13325,divagar,8,8
13365,divorciada,8,8
13453,dolo,8,8
13538,dorar,8,8
13567,dostoievski,8,8
13577,dow,8,8
13648,dser,8,8
13789,echegaray,8,8
13840,ecosistemico,8,8
13876,edipo,8,8
13940,efervescente,8,8
13997,ejerc,8,8
14041,electric,8,8
14110,elijo,8,8
14245,emborrachaber,8,8
14295,eminencia,8,8
14322,emoticon,8,8
14337,empantanar,8,8
14350,emparejar,8,8
14354,empatado,8,8
14389,empezabar,8,8
14390,empezado,8,8
14428,empodera,8,8
14439,empotrado,8,8
14534,encar,8,8
14619,encontrariar,8,8
14765,enfundar,8,8
14888,enrevesado,8,8
14923,ensanchado,8,8
14957,ensucio,8,8
14961,entallado,8,8
14986,enterito,8,8
14992,entibiar,8,8
15053,entrelazamiento,8,8
15103,entristeceir,8,8
15114,entropia,8,8
15227,epstein,8,8
15310,erogacion,8,8
15403,escarapela,8,8
15440,esclarecido,8,8
15510,escribas,8,8
15539,escuadra,8,8
15631,espaciada,8,8
15643,espado,8,8
15750,espigado,8,8
15839,estaca,8,8
15979,estigmatizada,8,8
16139,estudiir,8,8
16150,estupendo,8,8
16151,estupidamente,8,8
16358,exageradamente,8,8
16482,exigible,8,8
16503,existencialismo,8,8
16513,existo,8,8
16608,explicativa,8,8
16731,extinguido,8,8
16738,extorsionador,8,8
16898,fade,8,8
16952,falopero,8,8
17011,fantasean,8,8
17018,fantasioso,8,8
17073,fashionista,8,8
17089,fatalismo,8,8
17109,faustino,8,8
17123,favoritismo,8,8
17189,felicitaciones,8,8
17271,ferozmente,8,8
17304,fervient,8,8
17344,fiambr,8,8
17361,ficcionar,8,8
17409,figurado,8,8
17411,figurativo,8,8
17583,fisiologia,8,8
17774,fomentado,8,8
17981,fragilizar,8,8
18109,freudian,8,8
18115,friamente,8,8
18167,frutal,8,8
18180,fueguino,8,8
18195,fuesemos,8,8
18248,funcionariado,8,8
18337,futil,8,8
18490,garabatear,8,8
18494,garant,8,8
18735,gentilmente,8,8
18809,gerundio,8,8
19040,god,8,8
19149,gorrion,8,8
19161,gotear,8,8
19247,granadero,8,8
19290,gratificante,8,8
19412,grunido,8,8
19458,guarde,8,8
19566,gurues,8,8
19652,habladuria,8,8
19664,hablastir,8,8
19690,hachazo,8,8
19721,haedo,8,8
19763,hamacar,8,8
20042,herradura,8,8
20381,homeless,8,8
20405,homogeneizacion,8,8
20464,horar,8,8
20474,horkheimer,8,8
20640,humear,8,8
20942,impacientar,8,8
21014,implantado,8,8
21062,importe,8,8
21156,impulsoro,8,8
21321,incomprendido,8,8
21463,indemnizar,8,8
21477,indescifrabl,8,8
21479,indescriptible,8,8
21526,indignante,8,8
21629,ineludiblemente,8,8
21634,inepto,8,8
21735,inflabl,8,8
21795,informir,8,8
21802,infraestructural,8,8
21854,ingresado,8,8
21894,inicie,8,8
21915,injustificable,8,8
21919,inmaculada,8,8
22072,insensato,8,8
22129,inspiradoro,8,8
22158,instigador,8,8
22189,instruido,8,8
22192,instrumentado,8,8
22202,insubordinacion,8,8
22272,intempestivamente,8,8
22339,intercepta,8,8
22480,interrumpeir,8,8
22572,intrigante,8,8
22680,investigativo,8,8
22724,inyectado,8,8
22884,islamista,8,8
23064,jeffrey,8,8
23191,jorobado,8,8
23199,josh,8,8
23343,jure,8,8
23345,juridica,8,8
23373,justificativo,8,8
23415,karate,8,8
23467,kent,8,8
23585,kraut,8,8
23680,lacra,8,8
23705,ladrona,8,8
23807,lapacho,8,8
23955,laya,8,8
23986,lechero,8,8
24072,leit,8,8
24288,libretita,8,8
24313,lid,8,8
24395,lina,8,8
24473,litera,8,8
24507,livianamente,8,8
24525,llamame,8,8
24529,llamarar,8,8
24533,llamarir,8,8
24546,llamo,8,8
24560,llegabar,8,8
24674,locuacidad,8,8
24682,lodazal,8,8
24703,lograrir,8,8
24755,loquito,8,8
24766,loreto,8,8
25037,madrugar,8,8
25083,magistralmente,8,8
25319,mandarar,8,8
25366,maniatado,8,8
25367,maniatar,8,8
25377,manifiestamente,8,8
25506,maquinista,8,8
25528,maratonico,8,8
25774,masculinizar,8,8
25817,masticado,8,8
25986,mcluhan,8,8
26251,menospreciado,8,8
26270,mensurabl,8,8
26295,menudeo,8,8
26317,mercantiles,8,8
26348,merengue,8,8
26397,messias,8,8
26441,metastasis,8,8
26454,metes,8,8
26474,metralla,8,8
26523,michele,8,8
26570,midar,8,8
26577,miembra,8,8
26637,milesima,8,8
26644,milimetricamente,8,8
26768,miope,8,8
26784,miramiento,8,8
26789,mirandola,8,8
26897,mobile,8,8
26918,mode,8,8
26983,mohammed,8,8
27001,moldea,8,8
27110,monoparental,8,8
27126,monoxido,8,8
27189,montura,8,8
27211,moralina,8,8
27251,morfologia,8,8
27264,moris,8,8
27265,morisqueta,8,8
27351,motociclista,8,8
27377,movement,8,8
27628,musgo,8,8
27645,mustio,8,8
27686,nacient,8,8
27701,naciste,8,8
27712,nagasaki,8,8
27761,naranjo,8,8
27901,necesitarar,8,8
27907,necesitser,8,8
28033,nestorista,8,8
28085,never,8,8
28211,nivelar,8,8
28257,nomad,8,8
28283,nona,8,8
28306,normado,8,8
28400,novel,8,8
28413,noventista,8,8
28421,noviecito,8,8
28427,novo,8,8
28525,obispado,8,8
28649,oca,8,8
28712,ocupe,8,8
28795,ofuscado,8,8
28853,olimpiada,8,8
28881,oloroso,8,8
29114,organicidad,8,8
29243,oscurecido,8,8
29534,palmea,8,8
29535,palmear,8,8
29552,palpitacion,8,8
29666,papaya,8,8
29680,pappo,8,8
29751,parapetado,8,8
29940,pasada,8,8
29950,pasante,8,8
29958,pasaste,8,8
30052,patentar,8,8
30063,patetismo,8,8
30262,pedirte,8,8
30334,peligrosas,8,8
30338,pelirroja,8,8
30360,peluch,8,8
30468,pepita,8,8
30488,percance,8,8
30523,perdiste,8,8
30527,perdona,8,8
30591,perfumar,8,8
30603,perico,8,8
30646,perlita,8,8
30672,pernoctar,8,8
30720,perseverante,8,8
30729,persiguen,8,8
30756,perspicaz,8,8
30768,pertenezcar,8,8
30773,pertrechado,8,8
30794,pervertido,8,8
30858,petrificado,8,8
30908,piadoso,8,8
31059,pinar,8,8
31092,pinocho,8,8
31291,plasmada,8,8
31384,ploteado,8,8
31423,poblete,8,8
31454,poderosisimo,8,8
31712,porfiado,8,8
31814,posibilitado,8,8
31861,postea,8,8
31869,postergada,8,8
31972,preadolescente,8,8
32005,preciar,8,8
32099,prefijo,8,8
32126,preguntser,8,8
32134,prejuicios,8,8
32196,preparir,8,8
32238,presentimiento,8,8
32279,prestarar,8,8
32371,primeramente,8,8
32423,prisioneros,8,8
32455,privilegian,8,8
32474,probatorio,8,8
32511,proclamacion,8,8
32517,proclivir,8,8
32538,prodigioso,8,8
32574,profesionalidad,8,8
32742,proponerselo,8,8
32775,proscribir,8,8
32788,prospectivo,8,8
32902,proyectos,8,8
32905,prudencial,8,8
33074,puiggros,8,8
33154,puntazo,8,8
33205,purpurina,8,8
33343,quieres,8,8
33362,quimicamente,8,8
33394,quintuplicar,8,8
33584,ranura,8,8
33613,raquitico,8,8
33733,reaccionir,8,8
33814,rebalsar,8,8
33835,rebosar,8,8
33975,recojar,8,8
33992,recomenzar,8,8
34014,reconfortante,8,8
34048,recopila,8,8
34257,reencarnar,8,8
34267,reer,8,8
34352,refriegar,8,8
34353,refrigeracion,8,8
34499,reincidencia,8,8
34553,rejuvenecer,8,8
34570,relajante,8,8
34591,relativizacion,8,8
34668,remembranza,8,8
34756,renguear,8,8
34872,replegado,8,8
34956,reproductibilidad,8,8
34998,requeir,8,8
35078,resistar,8,8
35140,respondeir,8,8
35239,retomado,8,8
35263,retransmitir,8,8
35338,reveladora,8,8
35363,reversionado,8,8
35467,ribereno,8,8
35614,rizoma,8,8
35653,robustez,8,8
35666,rocir,8,8
35736,roly,8,8
35793,ropaje,8,8
35840,rota,8,8
35867,rousseau,8,8
35906,rubricar,8,8
35912,rudeza,8,8
35951,rumano,8,8
36007,sabatico,8,8
36114,sagacidad,8,8
36145,salame,8,8
36219,salton,8,8
36286,sanador,8,8
36321,sangrante,8,8
36651,sedimentacion,8,8
36778,sempiterno,8,8
36856,sentencian,8,8
36872,sentirte,8,8
36915,serar,8,8
37161,sifilis,8,8
37167,sigilos,8,8
37331,sinecdoque,8,8
37416,sistematizado,8,8
37447,sky,8,8
37472,smog,8,8
37520,sobreentendido,8,8
37524,sobreexplotacion,8,8
37567,sobrevalorado,8,8
37623,societario,8,8
37664,sodomita,8,8
37694,solana,8,8
37757,solos,8,8
38075,stencil,8,8
38230,sublevar,8,8
38286,subsistema,8,8
38323,sucedaneo,8,8
38333,sucesorio,8,8
38553,supiser,8,8
38563,suplica,8,8
38589,surcado,8,8
38596,surf,8,8
38608,surgidos,8,8
38910,tapete,8,8
38918,tapizada,8,8
38925,taquicardia,8,8
38928,taquito,8,8
38930,tara,8,8
38948,tardo,8,8
38965,tarotista,8,8
39018,teatralidad,8,8
39096,tejano,8,8
39179,tematizado,8,8
39231,tenaza,8,8
39261,tenenbaum,8,8
39551,tier,8,8
39558,tieso,8,8
39624,tineron,8,8
39684,tirotear,8,8
39792,tomabar,8,8
39906,torpemente,8,8
39909,torrencial,8,8
40000,trabajos,8,8
40065,traidoro,8,8
40098,tranco,8,8
40196,transitir,8,8
40325,tratarer,8,8
40327,tratativa,8,8
40344,travel,8,8
40354,travestido,8,8
40359,traviesar,8,8
40360,travieso,8,8
40378,trecho,8,8
40400,trenzado,8,8
40403,trepado,8,8
40451,trigueno,8,8
40497,triunfador,8,8
40503,triunfan,8,8
40658,tumultuoso,8,8
41065,usurpado,8,8
41114,vacia,8,8
41201,valiosisimo,8,8
41302,varixs,8,8
41303,varo,8,8
41516,venida,8,8
41559,verar,8,8
41631,versiculo,8,8
41660,very,8,8
41697,viagra,8,8
41701,viajarir,8,8
41732,vicegobernadora,8,8
41772,victorian,8,8
42021,visconti,8,8
42023,viscoso,8,8
42195,voltaire,8,8
42217,voluptuoso,8,8
42262,voyeur,8,8
42284,vuelvas,8,8
42340,war,8,8
42461,winston,8,8
42472,wittgenstein,8,8
42487,wood,8,8
42567,yanquis,8,8
42599,yes,8,8
42735,zarista,8,8
42738,zarpazo,8,8
42798,zonal,8,8
90,abollado,7,8
130,abramovich,7,8
277,acaparamiento,7,8
454,acompasar,7,8
674,adherente,7,8
735,admitar,7,8
782,adquierar,7,8
893,affair,7,8
984,agalla,7,8
1181,agudizado,7,8
1488,alfano,7,8
1624,almuerza,7,8
1627,alo,7,8
1680,altercado,7,8
1729,alumbro,7,8
1772,amague,7,8
1802,amarillismo,7,8
1901,amico,7,8
2067,anatomico,7,8
2196,angilletta,7,8
2256,animosidad,7,8
2338,antecede,7,8
2367,antiabortista,7,8
2375,anticasta,7,8
2419,antiestatal,7,8
2452,antiliberal,7,8
2584,aparador,7,8
2645,aperturista,7,8
2651,apetecible,7,8
2733,aportant,7,8
2744,apostasia,7,8
2785,aprendes,7,8
3049,ario,7,8
3066,arlen,7,8
3099,armonizacion,7,8
3127,arquimedes,7,8
3448,asistencialista,7,8
3720,atreir,7,8
3743,atrio,7,8
3785,audre,7,8
3889,autoconvocada,7,8
4131,avistamiento,7,8
4174,ayudame,7,8
4571,barrendero,7,8
4677,batata,7,8
4786,being,7,8
5047,bifo,7,8
5214,blandito,7,8
5224,blanquito,7,8
5457,boquete,7,8
5485,borgeano,7,8
5517,bosch,7,8
5527,bossa,7,8
5601,braga,7,8
5612,branding,7,8
5643,brea,7,8
5672,brief,7,8
5723,bromean,7,8
5793,buchara,7,8
5802,budapest,7,8
5895,burlona,7,8
5919,burucua,7,8
6032,cacciatore,7,8
6236,calmado,7,8
6252,calva,7,8
6280,camargo,7,8
6299,cambiarir,7,8
6389,campestre,7,8
6495,canillita,7,8
6875,cartas,7,8
6891,cartier,7,8
6896,cartografiar,7,8
6918,casablanca,7,8
7014,casucha,7,8
7057,categorial,7,8
7365,cerrajero,7,8
7502,chapuzon,7,8
7592,chevron,7,8
7606,chicanear,7,8
7691,chispazo,7,8
7739,chori,7,8
7750,chorrito,7,8
7754,choto,7,8
7913,cinetico,7,8
8287,cofre,7,8
8344,colado,7,8
8688,competiar,7,8
8762,compradora,7,8
8949,concretado,7,8
8964,concursar,7,8
8970,condecorado,7,8
9045,confederaciones,7,8
9152,congregado,7,8
9381,constriccion,7,8
9504,contestado,7,8
9763,convulsionar,7,8
9796,cop,7,8
9892,coreografa,7,8
9980,correlativo,7,8
10173,counter,7,8
10192,coyote,7,8
10263,crematorio,7,8
10278,crew,7,8
10315,criminologo,7,8
10411,crucificar,7,8
10585,cuenten,7,8
10648,cuit,7,8
10677,cultivable,7,8
10807,cyber,7,8
10818,daca,7,8
10832,daga,7,8
11038,decantacion,7,8
11066,decidis,7,8
11132,decrecimiento,7,8
11216,deglutir,7,8
11243,dejare,7,8
11256,dejenme,7,8
11313,deliciosa,7,8
11522,depositir,7,8
11582,derretido,7,8
11722,desapasionado,7,8
11768,desatendir,7,8
11937,descreer,7,8
12156,desgobierno,7,8
12257,deslocalizacion,7,8
12287,desmembramiento,7,8
12289,desmemoria,7,8
12497,desproporcionadamente,7,8
12499,desproporcionar,7,8
12502,desprotegida,7,8
12588,desvanecido,7,8
12729,diafan,7,8
12740,diagramo,7,8
12872,difundar,7,8
13311,disuasion,7,8
13410,doctrinal,7,8
13662,ducho,7,8
13664,ductil,7,8
13704,dumas,7,8
13826,economicismo,7,8
14009,ejido,7,8
14059,electromagnetico,7,8
14119,eliot,7,8
14133,elizalde,7,8
14139,elliot,7,8
14184,emancipadoro,7,8
14233,embestir,7,8
14336,empantanado,7,8
14641,encuadramiento,7,8
14917,ensamblaje,7,8
14944,ensenir,7,8
15018,entramar,7,8
15491,escorpion,7,8
15630,esoterismo,7,8
15634,espaciales,7,8
15681,especificado,7,8
15696,espectadora,7,8
15729,esperanzar,7,8
15880,estallo,7,8
16029,estorbar,7,8
16047,estrategias,7,8
16052,estratego,7,8
16157,estuvieser,7,8
16201,etilico,7,8
16220,etnografo,7,8
16376,exasperado,7,8
17028,fanzin,7,8
17052,farmacologia,7,8
17146,fechoria,7,8
17170,feeling,7,8
17175,feijoo,7,8
17303,fertilizar,7,8
17359,ficcionalizacion,7,8
17402,fight,7,8
17565,fiscalias,7,8
17601,five,7,8
17611,flagrancia,7,8
17644,flechazo,7,8
17692,florez,7,8
17770,folletin,7,8
17817,forcep,7,8
17853,formateado,7,8
17912,foso,7,8
17967,fractal,7,8
18170,frutos,7,8
18177,fucsio,7,8
18296,fur,7,8
18327,fustigar,7,8
18475,gane,7,8
18487,gaona,7,8
18515,garchar,7,8
18547,garron,7,8
18557,gasalla,7,8
18584,gastrico,7,8
18650,gemela,7,8
18790,gerenciar,7,8
18879,gilado,7,8
18959,glacial,7,8
19120,gorbachov,7,8
19308,gravitacional,7,8
19430,guagua,7,8
19457,guardavida,7,8
19668,hables,7,8
19741,halagar,7,8
19868,heart,7,8
19929,heliz,7,8
20054,hervida,7,8
20085,hey,7,8
20110,hidratar,7,8
20181,himalaya,7,8
20296,historicista,7,8
20441,honorifico,7,8
20445,honra,7,8
20479,hormigueo,7,8
20510,hospicio,7,8
20573,huelar,7,8
20890,image,7,8
20931,imbuido,7,8
20952,impagabl,7,8
20962,impasible,7,8
21339,inconducente,7,8
21414,incumbencia,7,8
21441,indecision,7,8
21509,indico,7,8
21565,individualizante,7,8
21608,industrias,7,8
21632,inentendible,7,8
21672,infalibilidad,7,8
21703,infecto,7,8
21716,infertilidad,7,8
21856,ingresant,7,8
21921,inmadurez,7,8
22088,insignificancia,7,8
22185,instrucciones,7,8
22245,integralidad,7,8
22365,interesantisimo,7,8
22418,internacionalismo,7,8
22568,intrepido,7,8
22876,isidoro,7,8
22903,istmo,7,8
23091,jerome,7,8
23174,joni,7,8
23362,justice,7,8
23482,keynesian,7,8
23742,lama,7,8
23813,lapidacion,7,8
23882,latfem,7,8
23976,leas,7,8
24139,lesbianismo,7,8
24234,liberada,7,8
24239,liberales,7,8
24275,library,7,8
24569,llegaste,7,8
24630,llueir,7,8
24702,lograrer,7,8
24742,lonja,7,8
24779,lotear,7,8
24828,luche,7,8
24989,machona,7,8
25018,maderera,7,8
25116,mahoma,7,8
25146,major,7,8
25234,malolient,7,8
25265,mamas,7,8
25280,mamposteria,7,8
25333,mandioca,7,8
25369,manicura,7,8
25560,marchita,7,8
25643,marinaro,7,8
25655,mariposas,7,8
25726,martiniano,7,8
25728,martins,7,8
25788,masista,7,8
25840,matassi,7,8
25891,matriarca,7,8
25894,matriculado,7,8
26120,megamillonario,7,8
26187,memes,7,8
26190,memorabilia,7,8
26335,mercury,7,8
26395,messenger,7,8
26581,mienta,7,8
26659,milite,7,8
26717,mingitorio,7,8
26819,miserio,7,8
26843,misoginio,7,8
26919,model,7,8
26925,modelico,7,8
26965,modismo,7,8
26999,moldavsky,7,8
27035,moment,7,8
27120,monoteista,7,8
27179,montoncito,7,8
27255,morgu,7,8
27288,morsa,7,8
27311,mosquetero,7,8
27619,musculatura,7,8
27753,napolitana,7,8
27811,natali,7,8
27832,natura,7,8
28002,neonatologo,7,8
28059,neurocirujano,7,8
28162,nilo,7,8
28252,nokia,7,8
28385,notre,7,8
28475,numeracion,7,8
28482,numerito,7,8
28529,obituario,7,8
28819,okay,7,8
28874,olivo,7,8
29157,origenes,7,8
29240,oscurantista,7,8
29322,ovalado,7,8
29530,palmadita,7,8
29690,parabrisa,7,8
29806,paria,7,8
29934,pas,7,8
29938,pasacall,7,8
30252,pediatrica,7,8
30255,pedidos,7,8
30377,penalidad,7,8
30411,penicilina,7,8
30475,pequenez,7,8
30637,peritar,7,8
30740,personalisimo,7,8
31041,pilon,7,8
31066,pinchadura,7,8
31120,piolin,7,8
31287,planton,7,8
31326,platonico,7,8
31467,podria,7,8
31524,police,7,8
31593,pollicita,7,8
31737,porta,7,8
31931,pound,7,8
31954,practicidad,7,8
31985,precariamente,7,8
32283,preste,7,8
32411,prioritariamente,7,8
32516,proclives,7,8
32716,pronuncie,7,8
32850,proveniencia,7,8
32957,psicotropico,7,8
32968,psol,7,8
33208,pusiste,7,8
33279,queens,7,8
33296,quemarropa,7,8
33519,raja,7,8
33532,rally,7,8
33659,rastrillo,7,8
33709,rayos,7,8
33792,reaprender,7,8
33884,recargo,7,8
34114,recubierta,7,8
34315,reflexiona,7,8
34340,reforzamiento,7,8
34552,rejunte,7,8
34674,remerita,7,8
34860,repetitiva,7,8
34908,repositor,7,8
34978,republicas,7,8
35154,resquebrajado,7,8
35180,restrepo,7,8
35272,retratos,7,8
35305,retweet,7,8
35324,reutilizar,7,8
35358,reverendo,7,8
35361,reversible,7,8
35559,riorda,7,8
35735,rolon,7,8
35844,rotativa,7,8
35988,rutero,7,8
36010,sabbatella,7,8
36067,sachs,7,8
36073,sacralizado,7,8
36182,salimo,7,8
36189,saliste,7,8
36214,saltena,7,8
36264,salvoconducto,7,8
36343,sans,7,8
36435,sartori,7,8
36582,sec,7,8
36712,sel,7,8
36743,semblanza,7,8
36787,senadorxs,7,8
37055,shangai,7,8
37058,shannon,7,8
37214,silente,7,8
37223,sillita,7,8
37234,silver,7,8
37451,slang,7,8
37453,slim,7,8
37512,sobrecito,7,8
37601,sociable,7,8
37645,sociopolitica,7,8
37755,sollozar,7,8
37807,somo,7,8
37912,sorteado,7,8
38153,style,7,8
38422,suicidir,7,8
38513,superiores,7,8
38534,superproduccion,7,8
38641,suspendar,7,8
38784,tag,7,8
38796,tailandia,7,8
38982,tate,7,8
39211,tempo,7,8
39318,ter,7,8
39407,territorializado,7,8
39408,territorializar,7,8
39424,tes,7,8
39556,tierro,7,8
39704,titubea,7,8
39870,torcida,7,8
39890,tornavias,7,8
40002,trabajosamente,7,8
40035,trae,7,8
40051,tragica,7,8
40445,tridente,7,8
40468,trip,7,8
40506,triunfe,7,8
40551,tropezon,7,8
40555,tropilla,7,8
40568,trotta,7,8
40669,tunon,7,8
40792,uif,7,8
40800,ultima,7,8
40849,unc,7,8
40932,universitarios,7,8
40977,urbanista,7,8
41078,utileria,7,8
41123,vacilante,7,8
41330,vaticana,7,8
41365,veer,7,8
41484,vendo,7,8
41652,vertido,7,8
41678,vesubio,7,8
41746,vicerrector,7,8
41878,villafane,7,8
42000,virreyes,7,8
42024,viser,7,8
42086,vitral,7,8
42149,vocalista,7,8
42480,wolff,7,8
42526,xii,7,8
42546,yacimientos,7,8
42571,yasky,7,8
42594,yergue,7,8
42748,zeitung,7,8
42752,zelenski,7,8
68,abl,6,8
472,acoplamiento,6,8
485,acordeonista,6,8
687,adictiva,6,8
1271,ajedrecista,6,8
1350,albertista,6,8
1437,aleluya,6,8
1743,aluvional,6,8
1803,amarillista,6,8
1867,amelie,6,8
1966,amotinar,6,8
2002,amuleto,6,8
2530,antropogenico,6,8
2532,antropologas,6,8
3001,arg,6,8
3122,arquera,6,8
3533,astudillo,6,8
3586,atc,6,8
3589,ateir,6,8
3853,autenticos,6,8
4135,avivado,6,8
4546,baricco,6,8
4830,belt,6,8
4847,bendita,6,8
4958,besos,6,8
5229,blasfemia,6,8
5288,bocacalle,6,8
5720,brokers,6,8
5855,bully,6,8
6005,cabify,6,8
6361,campagnoli,6,8
6429,canaveral,6,8
6450,cancun,6,8
6496,canin,6,8
6656,caramba,6,8
6677,carbonelli,6,8
6969,cassett,6,8
7076,catolicos,6,8
7240,cementera,6,8
7391,cervical,6,8
7443,chale,6,8
7553,chaves,6,8
7614,chicharron,6,8
7937,circa,6,8
8097,clavel,6,8
8105,clemencia,6,8
8627,companc,6,8
9040,confabular,6,8
9749,convivient,6,8
9770,cook,6,8
9874,cordilleran,6,8
9932,corpo,6,8
10210,crawford,6,8
10211,cre,6,8
10248,creedence,6,8
10400,crowd,6,8
10463,cuadrangular,6,8
10658,cullen,6,8
10827,dadora,6,8
10850,dalila,6,8
11089,decisionista,6,8
11178,deferencia,6,8
11583,derretimiento,6,8
11728,desaprender,6,8
12091,desesperada,6,8
13179,disgustado,6,8
13411,doctrinaria,6,8
13633,drogon,6,8
13768,early,6,8
14028,elecciones,6,8
14189,emanuele,6,8
14264,embrutecimiento,6,8
14267,embutido,6,8
14278,emerito,6,8
14346,empaquetar,6,8
14468,empujo,6,8
15015,entrador,6,8
15020,entrampado,6,8
15296,erik,6,8
15889,estampilla,6,8
16121,estuario,6,8
16206,etiopia,6,8
16249,europe,6,8
16274,evalue,6,8
16697,extatico,6,8
16950,falocentrico,6,8
16954,falsa,6,8
17010,fantaseado,6,8
17087,fatale,6,8
17385,field,6,8
17608,flacucho,6,8
17830,forista,6,8
17904,forzosamente,6,8
18065,frederick,6,8
18238,fun,6,8
18370,gag,6,8
18406,galindo,6,8
18559,gasear,6,8
18591,gate,6,8
18757,geographic,6,8
18759,geolocalizacion,6,8
18980,glew,6,8
19070,golombek,6,8
19092,gomeria,6,8
19293,grato,6,8
19345,grigera,6,8
19410,gruner,6,8
19801,harari,6,8
19918,heladero,6,8
19948,hemorragico,6,8
20002,hermanastro,6,8
20123,hidrologico,6,8
20157,hijueputa,6,8
20284,histerectomia,6,8
20785,idiotez,6,8
20955,impar,6,8
21611,indymedia,6,8
21711,inferiores,6,8
21820,ingalls,6,8
21872,inhabitable,6,8
22083,insfran,6,8
22400,interludio,6,8
22465,interrelacionada,6,8
22922,iuna,6,8
23466,kenneth,6,8
23544,kitty,6,8
23789,lanka,6,8
23801,lanzani,6,8
23896,latinoamericanismo,6,8
24029,legends,6,8
24042,legista,6,8
24165,letrada,6,8
24197,levitar,6,8
24293,lic,6,8
24398,linares,6,8
24593,llevarnos,6,8
24777,lot,6,8
25079,magistrada,6,8
25090,magnates,6,8
25120,mai,6,8
25303,manchon,6,8
25573,marcuse,6,8
25652,mariotto,6,8
25706,marsella,6,8
25869,maternalista,6,8
25881,matine,6,8
25961,maza,6,8
26014,mecenazgo,6,8
26072,medicine,6,8
26076,medicxs,6,8
26119,megalopolis,6,8
26127,meijide,6,8
26129,meirelles,6,8
26157,melinda,6,8
26213,mendieta,6,8
26301,mer,6,8
26475,metralleta,6,8
26506,mezcolanza,6,8
26553,micromachismo,6,8
26628,mile,6,8
27101,monografia,6,8
27187,montserrat,6,8
27456,muell,6,8
27520,multietnico,6,8
27578,mundos,6,8
27592,municipios,6,8
27820,nathan,6,8
27868,navegador,6,8
27961,negrxs,6,8
27967,nelida,6,8
27979,nenito,6,8
28046,neumann,6,8
28094,newen,6,8
28218,noah,6,8
28505,nyc,6,8
28944,onetti,6,8
28990,operatorio,6,8
29323,ovalo,6,8
29386,pacificado,6,8
29555,palpito,6,8
29641,panteras,6,8
29836,parlasur,6,8
29910,partidaria,6,8
30186,paypal,6,8
30380,penalizado,6,8
30386,penas,6,8
30528,perdoname,6,8
30809,pesame,6,8
30832,pessoa,6,8
30925,pibita,6,8
31158,pirulo,6,8
31512,polea,6,8
31556,polio,6,8
31581,politologico,6,8
31600,polucion,6,8
31739,portabilidad,6,8
31767,porteria,6,8
31786,posado,6,8
31841,pospandemio,6,8
31884,postizo,6,8
32077,preexistir,6,8
32449,privatizadoro,6,8
32669,promercado,6,8
33048,puerco,6,8
33138,punilla,6,8
33270,quedateencasa,6,8
33387,quintela,6,8
33441,race,6,8
33964,recluta,6,8
34289,referendums,6,8
34294,referento,6,8
34295,referi,6,8
34529,reinvertir,6,8
35572,risco,6,8
35772,romulo,6,8
35856,rottweiler,6,8
35895,rubicon,6,8
35896,rubiecito,6,8
36103,sadomasoquismo,6,8
36127,sai,6,8
36370,santificar,6,8
36444,sasturain,6,8
36831,sense,6,8
36881,sepacer,6,8
36888,separatismo,6,8
36903,sepulcro,6,8
37094,shocks,6,8
37163,siga,6,8
37277,simplificador,6,8
37337,sinfonica,6,8
37373,sintiendo,6,8
37661,sodio,6,8
38150,studios,6,8
38154,sua,6,8
38173,subastar,6,8
38261,subrepresentacion,6,8
38269,subsahariana,6,8
38519,supermercadista,6,8
38645,suspense,6,8
39306,teologica,6,8
39411,territorios,6,8
39686,tiroteos,6,8
39730,tobago,6,8
39732,tobillera,6,8
40108,tranquilizante,6,8
40529,trola,6,8
40797,ulrich,6,8
40834,umbanda,6,8
41085,utilitarismo,6,8
41238,vamono,6,8
41388,veiga,6,8
41480,vendible,6,8
41813,viejas,6,8
42116,viviani,6,8
42183,volcanico,6,8
42320,walkie,6,8
42388,well,6,8
42463,wiphala,6,8
42502,workshops,6,8
42787,zlotogwiazda,6,8
82,abogadxs,5,8
2369,antiaereo,5,8
2429,antigeno,5,8
2954,arcioni,5,8
3485,asperger,5,8
4281,baigorria,5,8
4409,bambu,5,8
4570,barreiro,5,8
4970,betiana,5,8
5199,blair,5,8
5293,bocas,5,8
5336,boleadora,5,8
5446,bonzo,5,8
5482,boreal,5,8
5522,bosnio,5,8
5640,brazil,5,8
5904,burocratas,5,8
6390,campina,5,8
6555,canula,5,8
7222,celis,5,8
7225,celofan,5,8
7413,ceviche,5,8
7465,chan,5,8
7630,chilavert,5,8
7650,chimentero,5,8
7736,choquehuanca,5,8
8093,clausuran,5,8
8211,cobo,5,8
8985,condes,5,8
9126,confucio,5,8
9193,conmocionante,5,8
9601,contrapiso,5,8
9694,convenciones,5,8
10092,cosido,5,8
10246,credulidad,5,8
10434,cruyff,5,8
10724,cup,5,8
10998,debi,5,8
11036,decana,5,8
11712,desaparecedor,5,8
12278,desmaterializacion,5,8
12877,difunta,5,8
12930,dildo,5,8
12983,dionisio,5,8
13015,direccionamiento,5,8
13656,dubet,5,8
13678,duendes,5,8
13761,dybala,5,8
14257,embriologia,5,8
15794,espresso,5,8
16163,esvastica,5,8
16245,eurocentrismo,5,8
16638,expolicia,5,8
16874,facio,5,8
16875,facon,5,8
17169,feeds,5,8
17237,femmes,5,8
17287,ferrero,5,8
17542,fiore,5,8
17950,foz,5,8
18098,frentetodista,5,8
18520,gardner,5,8
19311,gravitatorio,5,8
19558,gula,5,8
19794,happn,5,8
19858,hayworth,5,8
20018,herminia,5,8
20554,huanca,5,8
20602,hui,5,8
20710,iberoamericana,5,8
21000,imperterrito,5,8
21222,inbox,5,8
22375,interfase,5,8
22689,inviolable,5,8
23042,javo,5,8
23408,kappa,5,8
23573,korn,5,8
23980,lebac,5,8
24092,lenceria,5,8
24356,lily,5,8
24856,ludopata,5,8
25068,maggi,5,8
25257,malvinero,5,8
25330,mandela,5,8
25548,marcelino,5,8
25781,mashup,5,8
25858,materiales,5,8
26161,mellado,5,8
26257,mensajera,5,8
26812,miscelanea,5,8
26902,mocha,5,8
27188,montt,5,8
27418,mta,5,8
27773,narcotraficant,5,8
27806,nascimento,5,8
28052,neuquina,5,8
28109,nic,5,8
28200,nissan,5,8
28843,olguin,5,8
28844,oli,5,8
29216,ortopedia,5,8
29233,oscars,5,8
29287,otomano,5,8
29700,paradise,5,8
29996,pasquale,5,8
30082,patologizante,5,8
30126,patronazgo,5,8
30246,pederastia,5,8
30358,pelu,5,8
30474,pequena,5,8
30789,peruanos,5,8
31076,pinela,5,8
31671,popa,5,8
31883,postizas,5,8
32141,prematrimonial,5,8
33985,recolonizacion,5,8
34305,refinanciar,5,8
34401,regida,5,8
34407,regio,5,8
34744,rendo,5,8
35302,retuiteo,5,8
35479,richmond,5,8
35481,rick,5,8
35598,riva,5,8
35621,rob,5,8
35822,rosende,5,8
35883,rozas,5,8
35972,rus,5,8
35983,rust,5,8
36094,saddam,5,8
36108,saez,5,8
36201,salome,5,8
36251,salvatierra,5,8
36914,serafin,5,8
37061,shared,5,8
37084,shiff,5,8
37128,siciliani,5,8
37341,singh,5,8
37608,socialidad,5,8
37766,solterona,5,8
37862,soplete,5,8
38105,stoessel,5,8
38495,superavitario,5,8
38554,supistar,5,8
39436,tessa,5,8
39498,their,5,8
40641,tula,5,8
40715,tutti,5,8
40958,upau,5,8
41005,uribista,5,8
41142,vader,5,8
41222,valorativa,5,8
41234,valverde,5,8
41528,ventanas,5,8
41802,videovigilancia,5,8
42399,wernich,5,8
42543,yacare,5,8
42557,yamil,5,8
42639,yuan,5,8
42721,zapatos,5,8
42758,zeppelin,5,8
42802,zone,5,8
1243,ailin,4,8
1315,alarconcasanova,4,8
1340,albatro,4,8
1551,alighieri,4,8
1598,allup,4,8
1655,alquileres,4,8
2458,antimotin,4,8
2461,antinarcotico,4,8
3022,arguedas,4,8
3312,artur,4,8
4530,barby,4,8
4721,bazan,4,8
5247,bloch,4,8
5401,bombeo,4,8
5719,broker,4,8
5872,burana,4,8
6302,cambiemismo,4,8
6330,camilloni,4,8
6607,capone,4,8
7065,catequista,4,8
7857,cientificidad,4,8
7886,cimarron,4,8
7982,cisheteropatriarcal,4,8
8079,clau,4,8
8154,clonacion,4,8
8516,combustibl,4,8
9084,confino,4,8
10327,criptoestafa,4,8
11303,deliberativa,4,8
11401,democristiano,4,8
11732,desapruebir,4,8
12058,desengrietar,4,8
13349,divididos,4,8
13492,dominial,4,8
13954,efrain,4,8
14709,enerc,4,8
15238,equilibrismo,4,8
15616,esmad,4,8
15749,espiga,4,8
16255,eurozona,4,8
17183,feletti,4,8
17198,felisa,4,8
17399,fifagate,4,8
17997,frambuesa,4,8
18208,fujimorista,4,8
18284,funds,4,8
18571,gasparini,4,8
19776,hampshire,4,8
19798,hara,4,8
20361,holland,4,8
20413,homologacion,4,8
20579,huemul,4,8
20797,iecsa,4,8
21437,indecencia,4,8
22740,ipod,4,8
23334,jup,4,8
23437,katie,4,8
23479,kewpie,4,8
23558,kodak,4,8
24090,lemus,4,8
24161,lethem,4,8
24991,machowood,4,8
25130,maipo,4,8
25663,marista,4,8
25695,marquitos,4,8
25734,maruja,4,8
25855,matera,4,8
26166,melmann,4,8
27269,mormon,4,8
27306,moscoso,4,8
27425,mubi,4,8
27478,mueva,4,8
27785,narodowski,4,8
28195,niro,4,8
28199,nispero,4,8
28248,nogales,4,8
29195,orquestal,4,8
29252,osetia,4,8
30269,pedra,4,8
31047,pilquiman,4,8
31171,pisoni,4,8
31609,pomada,4,8
31673,popeye,4,8
32323,preterintencional,4,8
32494,proceedings,4,8
36492,sayak,4,8
37034,sexting,4,8
37087,shirley,4,8
37102,shoshana,4,8
37986,spears,4,8
38703,swat,4,8
38844,talud,4,8
39547,tiendita,4,8
39555,tierras,4,8
39634,tintin,4,8
40681,turati,4,8
40817,ultrajante,4,8
41009,urkupina,4,8
41592,verea,4,8
42082,vito,4,8
42302,wachowski,4,8
42379,wei,4,8
42460,winograd,4,8
42619,yopitalismo,4,8
850,aerogenerador,3,8
1381,alcazar,3,8
1640,alondra,3,8
1662,also,3,8
2311,anp,3,8
2539,antunez,3,8
2708,apocalypse,3,8
3683,atopia,3,8
4621,based,3,8
4940,bert,3,8
4955,besazo,3,8
5114,biografiado,3,8
5460,boquitas,3,8
5654,bresh,3,8
5833,build,3,8
6320,camero,3,8
6631,capuchetti,3,8
6983,castellani,3,8
7435,chad,3,8
7596,chiachio,3,8
7775,chucky,3,8
8040,clap,3,8
8402,coli,3,8
8607,comodato,3,8
8913,conchita,3,8
9029,conectivo,3,8
10089,cosep,3,8
10196,cozarinsky,3,8
10681,cultivir,3,8
12764,diane,3,8
12787,dibujos,3,8
13226,disparir,3,8
14132,elizagaray,3,8
15302,ermita,3,8
15811,esquire,3,8
17998,frame,3,8
18120,friedan,3,8
18853,giannone,3,8
19010,glosa,3,8
19156,gosling,3,8
19453,guardaparque,3,8
19731,haifa,3,8
19856,hayden,3,8
20460,hopper,3,8
20616,humala,3,8
22976,jala,3,8
23514,kimberly,3,8
23561,kogan,3,8
23584,krassnoff,3,8
23608,kuna,3,8
23621,kurzweil,3,8
24444,liqui,3,8
24500,liu,3,8
25314,mandalorian,3,8
25353,mangieri,3,8
25622,maricel,3,8
26548,microfascismo,3,8
26587,mies,3,8
26766,minyersky,3,8
26980,mogotes,3,8
26996,molas,3,8
27162,monteiro,3,8
27965,neira,3,8
28007,neorrealismo,3,8
28054,neural,3,8
28388,nouveau,3,8
28420,novick,3,8
28508,nyu,3,8
29180,orly,3,8
30993,pierce,3,8
31236,plaguicida,3,8
32204,prepucio,3,8
33508,raffo,3,8
36665,seek,3,8
36953,seropositiva,3,8
36954,serotipo,3,8
37240,silvino,3,8
38099,stillman,3,8
38111,stony,3,8
39061,tecnodiversidad,3,8
40410,trerotola,3,8
40455,trillo,3,8
41010,url,3,8
41047,using,3,8
41052,uste,3,8
41170,valdivieso,3,8
41756,vicki,3,8
41881,villagra,3,8
41903,villeneuve,3,8
42550,yaguarete,3,8
42623,yoruba,3,8
15,abanicar,7,7
110,abortera,7,7
145,abrevar,7,7
159,abris,7,7
187,absortar,7,7
203,absurdamente,7,7
241,abyeccion,7,7
275,acampes,7,7
317,acechante,7,7
391,achique,7,7
398,acidificacion,7,7
406,aclacer,7,7
407,aclamacion,7,7
411,aclar,7,7
416,aclaro,7,7
421,acogedoro,7,7
424,acogido,7,7
453,acompasado,7,7
575,acuario,7,7
576,acuartelamiento,7,7
597,acuifero,7,7
682,adicion,7,7
685,adicionar,7,7
706,adjetivar,7,7
711,adjunta,7,7
778,adoro,7,7
801,aduanas,7,7
812,adulterar,7,7
928,afirmativamente,7,7
937,afloje,7,7
941,afluent,7,7
989,agarrada,7,7
1044,aglutinador,7,7
1169,aguantas,7,7
1218,ahistorico,7,7
1374,alcantarilla,7,7
1382,alce,7,7
1524,alharaca,7,7
1539,aliciente,7,7
1702,altivez,7,7
1735,alumnos,7,7
1751,alzada,7,7
1765,amada,7,7
1794,amargado,7,7
1795,amargamente,7,7
1826,amazona,7,7
1841,ambientales,7,7
1869,amenacir,7,7
1908,amigas,7,7
1999,amuchaber,7,7
2103,andamos,7,7
2105,andante,7,7
2144,androgino,7,7
2169,anfetamina,7,7
2274,anochece,7,7
2365,anthropos,7,7
2516,antoni,7,7
2660,apilar,7,7
2695,aplicarar,7,7
2709,apocrifa,7,7
2803,apretujado,7,7
2804,apretujar,7,7
2829,aprovechado,7,7
2884,arado,7,7
2990,arengo,7,7
3021,argucia,7,7
3063,ariza,7,7
3147,arrar,7,7
3184,arrepentida,7,7
3204,arriesgo,7,7
3289,artificialidad,7,7
3303,artisticamente,7,7
3321,asa,7,7
3447,asistencialismo,7,7
3583,ataviado,7,7
3646,atico,7,7
3707,atrapante,7,7
3726,atrevi,7,7
3775,audiolibro,7,7
3958,automatizada,7,7
4029,autosuperacion,7,7
4079,aventajar,7,7
4086,aventurera,7,7
4088,avenue,7,7
4129,avispero,7,7
4175,ayudamos,7,7
4190,ayuso,7,7
4216,azucena,7,7
4237,bacanal,7,7
4242,bachata,7,7
4299,bailir,7,7
4317,bajisimo,7,7
4411,ban,7,7
4462,banelco,7,7
4549,barman,7,7
4565,barranquilla,7,7
4636,basquetbol,7,7
4647,bastardear,7,7
4817,belle,7,7
4834,bemol,7,7
4924,bernardino,7,7
4947,bertolini,7,7
4982,beyond,7,7
4990,biblias,7,7
4999,bibliotecaria,7,7
5056,bigotito,7,7
5059,bijouterie,7,7
5166,bisama,7,7
5463,borbotones,7,7
5473,bordeado,7,7
5532,bosteza,7,7
5534,bostezo,7,7
5538,botafogo,7,7
5552,botiquin,7,7
5587,boxing,7,7
5608,bramar,7,7
5621,brasero,7,7
5623,brasileiro,7,7
5673,brieva,7,7
5765,brumoso,7,7
5819,buetto,7,7
5912,burrito,7,7
5925,buscabar,7,7
5934,buscas,7,7
5993,cabecilla,7,7
6010,cabizbajo,7,7
6043,cache,7,7
6076,cado,7,7
6077,caduca,7,7
6091,cafeina,7,7
6115,caimos,7,7
6133,calabres,7,7
6172,caldear,7,7
6185,calentito,7,7
6292,cambalache,7,7
6365,campanada,7,7
6373,campechano,7,7
6388,campestr,7,7
6417,canalizada,7,7
6518,canonizar,7,7
6530,cantamutto,7,7
6546,cantinela,7,7
6568,caparazon,7,7
6685,carcavallo,7,7
6811,carnoso,7,7
6813,carol,7,7
6934,cascabel,7,7
7027,catalizar,7,7
7128,cavidad,7,7
7179,cegado,7,7
7197,celebramos,7,7
7204,celebres,7,7
7339,cerciorar,7,7
7350,cerebrovascular,7,7
7389,cervecero,7,7
7395,cesantear,7,7
7420,chabacano,7,7
7549,chauvinista,7,7
7669,chiques,7,7
7842,ciegamente,7,7
7894,cincelar,7,7
7969,cirque,7,7
7970,ciruela,7,7
8039,clandestinos,7,7
8044,clarear,7,7
8055,clarividencia,7,7
8065,clasicamente,7,7
8072,clasificatorio,7,7
8075,class,7,7
8217,cobras,7,7
8221,cobrizo,7,7
8317,coimear,7,7
8470,coloreado,7,7
8536,comentir,7,7
8620,compactar,7,7
8625,compaginar,7,7
8691,competidora,7,7
8709,complejisimo,7,7
8783,compresion,7,7
8798,comprometedor,7,7
8998,condimentar,7,7
9031,conector,7,7
9080,confinada,7,7
9225,conociser,7,7
9275,conserje,7,7
9339,conspiranoico,7,7
9379,constrenido,7,7
9380,constrenir,7,7
9501,conter,7,7
9516,contextualizacion,7,7
9545,contraar,7,7
9548,contraataco,7,7
9552,contrabandear,7,7
9645,contribu,7,7
9675,convalecencia,7,7
9731,convertirte,7,7
9744,convirtiendolo,7,7
9812,copernicano,7,7
9838,coqueta,7,7
9944,corporizado,7,7
10057,cortesana,7,7
10207,crash,7,7
10265,cremo,7,7
10286,crezar,7,7
10360,criticable,7,7
10389,cronologicamente,7,7
10406,cruces,7,7
10441,cruzarar,7,7
10545,cubri,7,7
10566,cuco,7,7
10649,cuita,7,7
10754,curita,7,7
10769,cursileria,7,7
11169,defenestrar,7,7
11185,defiendar,7,7
11225,degustar,7,7
11247,dejarte,7,7
11271,delaware,7,7
11305,delibero,7,7
11312,delicios,7,7
11384,demiurgo,7,7
11389,democracy,7,7
11396,democratizador,7,7
11416,demonizado,7,7
11457,denostacion,7,7
11571,derogado,7,7
11579,derrapar,7,7
11622,desacertado,7,7
11648,desaf,7,7
11671,desagravio,7,7
11701,desamparar,7,7
11764,desatendeir,7,7
11766,desatendida,7,7
11783,desbancar,7,7
11788,desbarrancar,7,7
11835,descarriado,7,7
11880,descolorido,7,7
11886,descompuesta,7,7
11914,desconsuelo,7,7
11962,descuber,7,7
12004,desearir,7,7
12034,desempolvo,7,7
12065,desentendido,7,7
12077,deseosa,7,7
12080,desequilibrar,7,7
12116,desfasado,7,7
12126,desfiladero,7,7
12130,desfinanciado,7,7
12160,desgraciada,7,7
12182,deshonra,7,7
12216,desinfectant,7,7
12232,desintegrado,7,7
12245,deslegitima,7,7
12247,deslegitimado,7,7
12317,desnaturalizacion,7,7
12411,desperdiciado,7,7
12479,desprejuiciado,7,7
12484,despreocupacion,7,7
12528,destaque,7,7
12533,destemplado,7,7
12599,desventura,7,7
12704,devolvi,7,7
12714,devuelvo,7,7
12720,diabetica,7,7
12756,dialoguisto,7,7
12812,dictaduro,7,7
12888,digan,7,7
13041,dirigentes,7,7
13045,dirimar,7,7
13075,discipular,7,7
13290,distorsivo,7,7
13351,divido,7,7
13360,divismo,7,7
13383,dobla,7,7
13399,docilidad,7,7
13444,dolce,7,7
13475,domesticidad,7,7
13546,dormi,7,7
13554,dormitar,7,7
13559,dorso,7,7
13654,dub,7,7
13725,durabilidad,7,7
13809,ecofeminista,7,7
13819,ecology,7,7
13832,economist,7,7
13863,edhasa,7,7
14017,elasticidad,7,7
14092,elevadisimo,7,7
14097,elevir,7,7
14116,eliminir,7,7
14154,elogioso,7,7
14183,emancipadora,7,7
14203,embarazada,7,7
14229,embellecer,7,7
14252,embotellamiento,7,7
14276,emergiar,7,7
14399,empinada,7,7
14402,empire,7,7
14424,empobrecer,7,7
14497,enarbola,7,7
14502,encabecir,7,7
14545,encarecimiento,7,7
14558,encarnizado,7,7
14575,enceguecir,7,7
14591,enchufe,7,7
14654,encuentren,7,7
14668,encumbrar,7,7
14673,endemoniado,7,7
14717,energumeno,7,7
14719,enerir,7,7
14892,enriquecedor,7,7
14924,ensanchamiento,7,7
15019,entramir,7,7
15038,entrecierrar,7,7
15050,entreguerra,7,7
15107,entrometer,7,7
15199,epifenomeno,7,7
15200,epigono,7,7
15215,epistemologica,7,7
15264,equivocadamente,7,7
15269,equivoquar,7,7
15283,erecto,7,7
15315,erosionado,7,7
15324,erotizar,7,7
15384,escandalosamente,7,7
15389,escaner,7,7
15407,escarcha,7,7
15527,escritoro,7,7
15639,espacioso,7,7
15725,esperanzada,7,7
15838,establo,7,7
16008,estir,7,7
16054,estratificado,7,7
16072,estrellita,7,7
16085,estrepitosamente,7,7
16101,estrogeno,7,7
16126,estudiamos,7,7
16226,eucaliptus,7,7
16233,euforica,7,7
16290,evans,7,7
16325,evitan,7,7
16370,examinado,7,7
16378,exasperar,7,7
16390,excediar,7,7
16510,existirir,7,7
16515,exitismo,7,7
16592,expideir,7,7
16600,explicable,7,7
16636,expoliacion,7,7
16644,exportable,7,7
16674,exprimeir,7,7
16691,exquisitez,7,7
16698,exteir,7,7
16703,extensamente,7,7
16709,extenuant,7,7
16761,extramuro,7,7
16776,extranjeros,7,7
16798,extrema,7,7
16865,facilismo,7,7
16944,fallida,7,7
16960,falsificado,7,7
16966,faltas,7,7
16985,familio,7,7
17037,faraon,7,7
17078,fastidiado,7,7
17113,favaloro,7,7
17525,fingido,7,7
17653,flete,7,7
17661,flexion,7,7
17712,fluctuante,7,7
17724,fly,7,7
17750,fogueo,7,7
17767,follaje,7,7
17782,fondos,7,7
17787,fonoaudiologa,7,7
17791,fontaine,7,7
17797,fontova,7,7
17809,foranea,7,7
17907,fosforescent,7,7
17924,fotografiada,7,7
17964,fraccionamiento,7,7
17965,fraccionar,7,7
17974,fragancia,7,7
18041,fraseo,7,7
18043,frases,7,7
18046,fraternal,7,7
18175,fucking,7,7
18187,fuerir,7,7
18214,fulbito,7,7
18215,fulero,7,7
18218,fulgurante,7,7
18222,fulminar,7,7
18347,futurologia,7,7
18429,galopar,7,7
18576,gastas,7,7
18592,gatear,7,7
18630,gazebos,7,7
18767,geopoliticamente,7,7
18834,gestualidades,7,7
18969,glamorosa,7,7
18997,globe,7,7
19197,grace,7,7
19201,gracil,7,7
19269,granjear,7,7
19277,graph,7,7
19470,guarecer,7,7
19512,guevarista,7,7
19524,guigue,7,7
19600,haberlos,7,7
19610,habias,7,7
19622,habilitir,7,7
19649,hablabir,7,7
19783,handy,7,7
19875,hebilla,7,7
19928,helipuerto,7,7
20021,hermosa,7,7
20053,herve,7,7
20087,hez,7,7
20163,hilarante,7,7
20169,hilito,7,7
20247,hipotecar,7,7
20250,hipotermia,7,7
20281,hispanohablante,7,7
20358,holgura,7,7
20375,hombrera,7,7
20425,hondura,7,7
20472,horizontalmente,7,7
20564,hubieras,7,7
20635,humareda,7,7
20709,iberoamerica,7,7
20734,iconografico,7,7
20779,idilio,7,7
21009,impidar,7,7
21066,imposibilitado,7,7
21075,impostar,7,7
21131,improvisa,7,7
21138,impsa,7,7
21159,impunemente,7,7
21163,impura,7,7
21199,inalterabl,7,7
21201,inalterado,7,7
21276,inclasificabl,7,7
21280,inclemente,7,7
21289,incluimos,7,7
21298,incluyo,7,7
21327,incomunicacion,7,7
21366,incontrastable,7,7
21389,incrementado,7,7
21413,inculto,7,7
21443,indeclinable,7,7
21449,indefensa,7,7
21520,indigente,7,7
21549,indisociable,7,7
21594,indulgencia,7,7
21639,inercial,7,7
21656,inexacto,7,7
21663,inexperiencia,7,7
21687,infantilizar,7,7
21738,inflacionaria,7,7
21794,informes,7,7
21902,ininteligibl,7,7
22161,instintivamente,7,7
22258,intelectuales,7,7
22323,intercalado,7,7
22336,interceder,7,7
22386,interinstitucional,7,7
22410,interministerial,7,7
22422,internacionalizar,7,7
22446,interpele,7,7
22477,interrump,7,7
22516,intervinient,7,7
22586,introspectivo,7,7
22599,intuitivamente,7,7
22660,invertebrado,7,7
22705,invite,7,7
22774,irnos,7,7
22808,irrelevancia,7,7
22818,irrepetibl,7,7
22983,jalonar,7,7
23015,jaques,7,7
23029,jarrito,7,7
23164,joint,7,7
23361,justeza,7,7
23487,khan,7,7
23495,kick,7,7
23563,kolina,7,7
23652,labrado,7,7
23716,lagartija,7,7
23776,landi,7,7
23848,larretista,7,7
23871,lat,7,7
23989,lechon,7,7
23992,lechuza,7,7
24024,legalizado,7,7
24047,legitimador,7,7
24060,lehman,7,7
24061,lehmann,7,7
24106,leno,7,7
24207,leyendo,7,7
24334,ligera,7,7
24450,liquidir,7,7
24482,literato,7,7
24527,llaman,7,7
24540,llamemosle,7,7
24572,llegue,7,7
24608,llor,7,7
24639,loas,7,7
24699,logotipo,7,7
24814,lubricar,7,7
24822,luces,7,7
24861,lugarcito,7,7
24922,lustre,7,7
25107,magnus,7,7
25171,malcolm,7,7
25212,maliciosamente,7,7
25213,malicioso,7,7
25217,malinterpretar,7,7
25249,malvada,7,7
25311,mandabar,7,7
25317,mandamos,7,7
25340,manejable,7,7
25378,manifiestir,7,7
25440,mantuve,7,7
25447,manubrio,7,7
25675,marketinero,7,7
25776,mascullar,7,7
25782,masi,7,7
25797,masoquista,7,7
25838,matarte,7,7
25849,matematicamente,7,7
25951,mayores,7,7
26011,meceir,7,7
26036,mediana,7,7
26063,medicamente,7,7
26098,mediterranea,7,7
26147,melbourne,7,7
26271,mensurable,7,7
26292,mentora,7,7
26384,mesero,7,7
26434,metalurgicos,7,7
26541,microcosmo,7,7
26575,miedoso,7,7
26610,miguez,7,7
26669,millennials,7,7
26676,millones,7,7
26779,miralir,7,7
26795,mirastir,7,7
26833,mism,7,7
26850,missouri,7,7
26891,mixturar,7,7
26923,modelan,7,7
26926,modelito,7,7
26955,modestamente,7,7
27002,moldeada,7,7
27013,molesta,7,7
27026,molinete,7,7
27201,mor,7,7
27216,moralizador,7,7
27236,mordisco,7,7
27242,morelos,7,7
27298,mortificacion,7,7
27324,mostrarme,7,7
27341,motiv,7,7
27389,moviles,7,7
27460,muerdar,7,7
27474,muestrario,7,7
27484,mugriento,7,7
27494,mulata,7,7
27513,multiculturalidad,7,7
27534,multipartidario,7,7
27674,muzzarella,7,7
27698,nacionalizado,7,7
27796,narrativamente,7,7
27902,necesitariar,7,7
27903,necesitarir,7,7
27926,negador,7,7
27932,negativas,7,7
28051,neuquin,7,7
28165,nimiedad,7,7
28171,nine,7,7
28194,nir,7,7
28258,nomada,7,7
28334,northwestern,7,7
28342,nosotres,7,7
28361,notebooks,7,7
28480,numericamente,7,7
28561,obligatorias,7,7
28582,obsecuencia,7,7
28694,octogenario,7,7
28708,ocuparar,7,7
28711,ocupate,7,7
28714,ocurer,7,7
28776,oficializado,7,7
28792,ofrezco,7,7
28824,okupa,7,7
28892,olvidate,7,7
28956,onomatopeya,7,7
29137,orgullosa,7,7
29165,originarios,7,7
29263,osorno,7,7
29268,ostensiblemente,7,7
29271,ostentos,7,7
29405,padec,7,7
29434,pagan,7,7
29472,pajaros,7,7
29589,panda,7,7
29649,panuelos,7,7
29660,papada,7,7
29777,parece,7,7
29784,pareciero,7,7
29818,parisina,7,7
29887,particip,7,7
29895,participarir,7,7
29988,pasmado,7,7
30005,paste,7,7
30042,pataleo,7,7
30054,pater,7,7
30170,pavimentado,7,7
30249,pedestre,7,7
30271,pedraza,7,7
30282,pegajos,7,7
30293,pegotear,7,7
30301,peirano,7,7
30405,penetrado,7,7
30500,percibi,7,7
30584,performativa,7,7
30596,pergenado,7,7
30612,perilla,7,7
30654,permeabilidad,7,7
30772,pertot,7,7
30792,perversir,7,7
30801,pesada,7,7
30974,pidar,7,7
30990,pienses,7,7
30997,pierdar,7,7
31155,pirrico,7,7
31186,pitido,7,7
31310,platar,7,7
31413,pluvial,7,7
31465,podredumbre,7,7
31638,ponete,7,7
31892,postraumatico,7,7
31906,pot,7,7
32026,precondicion,7,7
32043,predestinado,7,7
32096,prefigurado,7,7
32109,preguntado,7,7
32122,preguntenle,7,7
32125,pregunto,7,7
32145,premeditacion,7,7
32170,prendo,7,7
32178,preocuparar,7,7
32199,preponderancia,7,7
32227,presencie,7,7
32362,primarias,7,7
32375,primeriza,7,7
32376,primerizo,7,7
32386,primogenita,7,7
32428,pristin,7,7
32429,pristina,7,7
32452,privilegiada,7,7
32462,proactivo,7,7
32476,problem,7,7
32482,problematizado,7,7
32590,profetizar,7,7
32645,proletaria,7,7
32678,prometida,7,7
32745,proporcionado,7,7
32778,proscrito,7,7
32927,psicoanalitica,7,7
32954,psicoterapia,7,7
32975,pua,7,7
32989,publicaciones,7,7
33007,publiquir,7,7
33009,pucha,7,7
33013,pude,7,7
33014,pudiendo,7,7
33037,puedar,7,7
33084,pulcritud,7,7
33086,puleir,7,7
33095,pullover,7,7
33144,punks,7,7
33156,puntear,7,7
33183,pupilo,7,7
33251,quebrantar,7,7
33382,quinquenio,7,7
33462,racionamiento,7,7
33467,rada,7,7
33600,rapidisimo,7,7
33700,rayan,7,7
33701,rayar,7,7
33712,razia,7,7
33780,realizadora,7,7
33810,rebajado,7,7
33866,recalibrar,7,7
33895,receloso,7,7
33896,recep,7,7
33925,recibimiento,7,7
34016,reconoce,7,7
34035,reconstituir,7,7
34128,recular,7,7
34205,redondeado,7,7
34317,reflexionan,7,7
34379,regale,7,7
34385,reganadientes,7,7
34539,reiterativo,7,7
34565,relaciono,7,7
34569,relajan,7,7
34662,remedar,7,7
34667,remedo,7,7
34696,remodelado,7,7
34698,remojar,7,7
34711,removido,7,7
34729,renan,7,7
34828,repasa,7,7
34864,repiquetear,7,7
34865,repiqueteo,7,7
34919,reprendir,7,7
34988,repugnant,7,7
35052,resguardir,7,7
35093,resolutivo,7,7
35143,respondido,7,7
35179,restregar,7,7
35237,retoma,7,7
35286,retrograda,7,7
35403,revitalizado,7,7
35474,rice,7,7
35537,rinaldi,7,7
35583,ristra,7,7
35633,robins,7,7
35647,robotizado,7,7
35656,rocanrol,7,7
35669,rocker,7,7
35788,ronroneo,7,7
35809,rosarina,7,7
35850,rotiseria,7,7
35990,rutilante,7,7
36042,sabrir,7,7
36220,salubridad,7,7
36226,saludir,7,7
36228,saludos,7,7
36235,salvaguarda,7,7
36311,sandwiches,7,7
36328,sanguch,7,7
36346,sant,7,7
36424,sarli,7,7
36456,satirizar,7,7
36548,sci,7,7
36608,sectarismo,7,7
36697,segundos,7,7
36731,selvatico,7,7
36762,semidios,7,7
36773,semiologo,7,7
36799,senalizar,7,7
36827,sensacionalismo,7,7
36846,sentada,7,7
36935,seria,7,7
37004,setentista,7,7
37103,shot,7,7
37107,showman,7,7
37151,siendolo,7,7
37262,simio,7,7
37288,simula,7,7
37294,simulo,7,7
37361,sinsabor,7,7
37381,sintonizado,7,7
37385,sion,7,7
37412,sistematicidad,7,7
37429,situaciones,7,7
37440,skay,7,7
37474,smoking,7,7
37480,snob,7,7
37504,sobreabundancia,7,7
37539,sobrenombre,7,7
37554,sobresaliar,7,7
37562,sobreseyo,7,7
37568,sobrevalorar,7,7
37576,sobrevivi,7,7
37638,sociologica,7,7
37748,soliloquio,7,7
37773,solucionir,7,7
37854,sopapo,7,7
37856,sopeton,7,7
37932,sospechosamente,7,7
38066,stay,7,7
38071,stein,7,7
38155,suar,7,7
38166,subalternidad,7,7
38174,subcampeon,7,7
38209,subibaja,7,7
38461,sumidero,7,7
38498,superestrella,7,7
38552,supin,7,7
38561,suplencia,7,7
38602,surg,7,7
38651,suspira,7,7
38658,sustancioso,7,7
38726,szpolski,7,7
38754,tacha,7,7
38795,tailandes,7,7
38831,tall,7,7
38892,tantisimos,7,7
38932,tarantino,7,7
38955,tarifaria,7,7
39078,tectonico,7,7
39127,telefonicamente,7,7
39139,telenoche,7,7
39142,teleologia,7,7
39159,televisora,7,7
39168,telo,7,7
39218,temporariamente,7,7
39228,tenar,7,7
39252,tendrir,7,7
39253,tene,7,7
39254,tenebros,7,7
39267,tenguir,7,7
39268,teniamos,7,7
39289,tensiono,7,7
39353,termina,7,7
39366,terminemos,7,7
39458,tetas,7,7
39480,textualmente,7,7
39532,tibiamente,7,7
39542,tiempista,7,7
39548,tienir,7,7
39626,tini,7,7
39665,tiranico,7,7
39674,tirita,7,7
39677,tiroid,7,7
39754,todoesfake,7,7
39773,toldos,7,7
39810,tomes,7,7
39839,tontos,7,7
39903,torp,7,7
39934,tosca,7,7
39951,totalizante,7,7
40010,traccionado,7,7
40107,tranquilizadoro,7,7
40144,transferido,7,7
40210,transmisor,7,7
40248,transversalizar,7,7
40268,trascendido,7,7
40324,tratarar,7,7
40338,traumatismo,7,7
40349,travesano,7,7
40429,tribunalicio,7,7
40446,tridimensional,7,7
40512,trivialidad,7,7
40609,tuberia,7,7
40626,tufo,7,7
40705,tutear,7,7
40736,twittear,7,7
40740,twittero,7,7
40763,ubicua,7,7
40780,uefa,7,7
40793,ulanovsky,7,7
41031,usaber,7,7
41326,vastedad,7,7
41382,vehicular,7,7
41420,vejiga,7,7
41525,ventajoso,7,7
41598,vergarabat,7,7
41640,vertebrado,7,7
41650,verticalmente,7,7
41715,viar,7,7
41726,vicario,7,7
41818,viel,7,7
41820,viendo,7,7
41838,vigesimo,7,7
41857,vigorizar,7,7
41887,villani,7,7
41917,vinci,7,7
41924,vinculir,7,7
41935,vinistar,7,7
41957,violentada,7,7
41976,viralidad,7,7
41998,virreinato,7,7
42058,visten,7,7
42064,visualidad,7,7
42073,vitalicia,7,7
42154,vocecita,7,7
42211,voluntarioso,7,7
42243,vortice,7,7
42276,vuelir,7,7
42350,wasap,7,7
42356,water,7,7
42358,waters,7,7
42527,xiii,7,7
42650,yunque,7,7
42673,zaga,7,7
42742,zavala,7,7
42774,zigzagueo,7,7
27,abarrotar,6,7
131,abran,6,7
272,acampant,6,7
313,accountability,6,7
382,achaval,6,7
615,acusa,6,7
764,adorabl,6,7
768,adorador,6,7
911,afiliada,6,7
925,afirmado,6,7
1066,agosti,6,7
1160,aguafiesta,6,7
1206,agujerear,6,7
1209,agus,6,7
1215,ahhh,6,7
1289,ajusticiar,6,7
1327,alarmista,6,7
1385,alcista,6,7
1487,alfalfa,6,7
1556,alimentando,6,7
1647,alpes,6,7
1697,altisima,6,7
1768,amaestrado,6,7
1903,amig,6,7
1964,amos,6,7
2069,anaya,6,7
2141,androcentrismo,6,7
2313,anquilosada,6,7
2380,anticientifico,6,7
2387,anticipatorio,6,7
2544,anudamiento,6,7
2583,apanar,6,7
2633,apellidar,6,7
2662,apinar,6,7
2690,aplicadas,6,7
2872,aquiescencia,6,7
2910,arbitral,6,7
2973,arduamente,6,7
2984,arenales,6,7
3065,arjona,6,7
3347,ascension,6,7
3636,atesorado,6,7
3828,auspiciant,6,7
3835,austera,6,7
3915,autodestruir,6,7
3998,autores,6,7
4182,ayudarte,6,7
4196,azara,6,7
4239,bach,6,7
4360,baldear,6,7
4393,baltazar,6,7
4394,baltico,6,7
4496,baradel,6,7
4815,bellamente,6,7
4836,benavidez,6,7
4936,berrinche,6,7
5124,biologicas,6,7
5137,bionica,6,7
5146,bioseguridad,6,7
5203,blancanieves,6,7
5278,board,6,7
5417,bonaerenses,6,7
5500,borrachos,6,7
5558,botta,6,7
5574,bovary,6,7
5609,bramido,6,7
5619,brar,6,7
5637,brawer,6,7
5963,byron,6,7
6037,cacerolear,6,7
6073,cadillac,6,7
6074,cadillacs,6,7
6227,callejeros,6,7
6278,camarera,6,7
6313,camboya,6,7
6448,canciones,6,7
6544,cantilo,6,7
6556,canuto,6,7
6593,capitalizado,6,7
6726,caretas,6,7
6851,carri,6,7
6897,cartografico,6,7
6912,carver,6,7
6974,castagnino,6,7
7017,cat,6,7
7028,catalogacion,6,7
7054,catedras,6,7
7127,caviar,6,7
7132,cayo,6,7
7336,cercenado,6,7
7360,cerosetenta,6,7
7653,chimpance,6,7
7799,chusmear,6,7
7826,cichero,6,7
7878,ciguena,6,7
7882,cilindrada,6,7
8003,citrico,6,7
8098,clavicula,6,7
8120,client,6,7
8157,clonazepam,6,7
8182,cnv,6,7
8193,coalicional,6,7
8203,cobardes,6,7
8310,cohesionar,6,7
8329,cojon,6,7
8361,colecciona,6,7
8427,collor,6,7
8506,combatividad,6,7
8705,complacido,6,7
8755,compost,6,7
8794,comprobante,6,7
8851,comunistas,6,7
8855,comunitarismo,6,7
8907,concesionado,6,7
9127,confundar,6,7
9352,constatable,6,7
9366,constitucionalismo,6,7
9517,contextualizado,6,7
9562,contractura,6,7
9594,contrapart,6,7
9717,conversado,6,7
9780,cooperativismo,6,7
9799,copada,6,7
9841,coqueteria,6,7
9844,coracao,6,7
9862,corbyn,6,7
9896,coreografico,6,7
9906,cornelio,6,7
10029,corrosiva,6,7
10189,coya,6,7
10241,credit,6,7
10268,creole,6,7
10305,criminalistica,6,7
10314,criminologico,6,7
10414,crucigrama,6,7
10426,cruise,6,7
10432,crusoe,6,7
10469,cuadriculado,6,7
10555,cucharita,6,7
10878,dandome,6,7
11020,debord,6,7
11067,decidistar,6,7
11196,defino,6,7
11210,degeneracion,6,7
11399,democratizante,6,7
11450,denodadamente,6,7
11529,depredacion,6,7
11576,derramamiento,6,7
11636,desacralizar,6,7
11658,desafiliacion,6,7
11961,descuartizar,6,7
11991,desdichado,6,7
12018,desembocadura,6,7
12134,desgajar,6,7
12184,deshumanizado,6,7
12290,desmentida,6,7
12395,despegado,6,7
12566,destrozada,6,7
12741,diaguita,6,7
12912,dignificacion,6,7
13238,displicencia,6,7
13256,disquisicion,6,7
13334,diversidades,6,7
13391,doblo,6,7
13397,docentes,6,7
13463,domado,6,7
13498,dominique,6,7
13521,donghi,6,7
13564,dosificar,6,7
13592,drago,6,7
13632,drogo,6,7
13681,duenos,6,7
13685,duerme,6,7
13726,durabl,6,7
13861,edgard,6,7
13908,educativa,6,7
13975,eichmann,6,7
14016,elastica,6,7
14103,eliaschev,6,7
14226,embelesado,6,7
14442,emprendedora,6,7
14572,encefalico,6,7
14846,enmarco,6,7
14948,ensobrado,6,7
15078,entretejeir,6,7
15334,erratica,6,7
15394,escaparate,6,7
15432,escenografico,6,7
15466,escolares,6,7
15567,escudero,6,7
15612,eslovaquia,6,7
15627,esofago,6,7
15734,esperen,6,7
15767,espiritista,6,7
15771,espiritualidades,6,7
15785,esporadicamente,6,7
15789,esposada,6,7
15831,establec,6,7
15901,estandarizar,6,7
15958,esterilizar,6,7
15995,estimada,6,7
16204,etimologico,6,7
16227,eucaristia,6,7
16587,expertxs,6,7
16654,expositivo,6,7
16657,expositora,6,7
16751,extracurricular,6,7
16817,eyeccion,6,7
16926,falcone,6,7
17023,fantasmas,6,7
17134,fealdad,6,7
17148,fecundar,6,7
17179,felacion,6,7
17185,feliciano,6,7
17220,feminazis,6,7
17426,fijese,6,7
17522,fineza,6,7
17523,finge,6,7
17529,finita,6,7
17540,fiolo,6,7
17933,fotolog,6,7
18001,franca,6,7
18005,francella,6,7
18055,freaks,6,7
18111,freudiano,6,7
18291,funge,6,7
18304,furiosamente,6,7
18392,galaxy,6,7
18446,gamble,6,7
18483,gangster,6,7
18519,garden,6,7
18616,gaumont,6,7
18636,gedisa,6,7
18691,generica,6,7
18851,gianfranco,6,7
18928,girado,6,7
19152,gorriti,6,7
19326,gregory,6,7
19337,grial,6,7
19417,grupalidad,6,7
19425,guacha,6,7
19465,guardianes,6,7
19530,guillen,6,7
19554,guitarreada,6,7
19580,gutenberg,6,7
19676,hacar,6,7
19842,hauser,6,7
19901,hegemonica,6,7
20011,hermeneutica,6,7
20115,hidrocarburifera,6,7
20145,higuera,6,7
20191,hinchazon,6,7
20219,hiperrealista,6,7
20273,hisopar,6,7
20329,hoffman,6,7
20456,hope,6,7
20521,hosteria,6,7
20534,hotmail,6,7
20538,hours,6,7
20597,huffington,6,7
20627,humanizacion,6,7
20667,humus,6,7
20689,huxley,6,7
20691,hybris,6,7
20875,ilusionista,6,7
20912,imaginense,6,7
20920,imantar,6,7
21101,impresentable,6,7
21185,inadmisibl,6,7
21325,incomprobabl,6,7
21337,incondicionalidad,6,7
21344,inconformismo,6,7
21345,inconformista,6,7
21489,indexado,6,7
21705,infectologia,6,7
21809,infructuos,6,7
21923,inmanejabl,6,7
22141,instalo,6,7
22147,instantaneidad,6,7
22433,internista,6,7
22727,ios,6,7
22760,iriarte,6,7
22964,jadear,6,7
22982,jalon,6,7
23226,juanito,6,7
23349,juridicos,6,7
23403,kane,6,7
23519,kindle,6,7
23520,kinesiologa,6,7
23604,kukas,6,7
23649,laborismo,6,7
23764,lampino,6,7
23935,lavanderia,6,7
23960,lazzari,6,7
24034,legislado,6,7
24131,leopardo,6,7
24264,libertella,6,7
24279,libremercado,6,7
24351,lilian,6,7
24418,linealmente,6,7
24530,llamare,6,7
24611,llorado,6,7
24914,luque,6,7
24984,machis,6,7
25074,magicamente,6,7
25128,maine,6,7
25181,maldita,6,7
25313,mandala,6,7
25385,manipulabl,6,7
25454,manufacturado,6,7
25494,maquilladora,6,7
25810,mastectomia,6,7
25839,matas,6,7
25895,matricular,6,7
25944,mayans,6,7
26055,medible,6,7
26222,menegazzo,6,7
26354,meridional,6,7
26383,mesera,6,7
26614,mijo,6,7
26690,mimetico,6,7
26701,mincyt,6,7
26729,minimizado,6,7
26792,mirandonos,6,7
26878,mitomanias,6,7
26899,moby,6,7
26927,modelizacion,6,7
27046,monaco,6,7
27109,monomarental,6,7
27340,motion,6,7
27677,nabo,6,7
27681,nacha,6,7
27703,nadadora,6,7
27984,neocolonial,6,7
28176,ningun,6,7
28247,nogal,6,7
28477,numerado,6,7
28519,obeid,6,7
28625,obstruido,6,7
28675,ochentas,6,7
28873,olivier,6,7
28895,olvider,6,7
28939,ondular,6,7
29035,optamos,6,7
29088,ordenir,6,7
29140,orgullounsam,6,7
29286,other,6,7
29342,owen,6,7
29396,packaging,6,7
29423,padua,6,7
29454,pai,6,7
29461,paisajes,6,7
29503,palenque,6,7
29761,parasitario,6,7
29776,pare,6,7
29885,parti,6,7
29970,paseante,6,7
30046,pate,6,7
30152,pauperizado,6,7
30311,pelaje,6,7
30398,pendrive,6,7
30427,pensadora,6,7
30433,pensariar,6,7
30757,persuadar,6,7
30785,perturr,6,7
30931,pica,6,7
30934,picadillo,6,7
31003,piero,6,7
31160,pisa,6,7
31167,pisco,6,7
31193,pituco,6,7
31229,placita,6,7
31248,planeacion,6,7
31265,planificador,6,7
31284,plantilla,6,7
31371,pletorico,6,7
31486,pogrom,6,7
31502,polaridad,6,7
31553,polinizacion,6,7
31613,pomo,6,7
31665,pony,6,7
31888,postpandemia,6,7
31908,potasio,6,7
31910,pote,6,7
31995,precautorio,6,7
32006,precinto,6,7
32071,preescolar,6,7
32123,pregunter,6,7
32172,prensado,6,7
32246,presidenciabl,6,7
32305,presupuestariamente,6,7
32337,preventivamente,6,7
32470,probamos,6,7
32522,procter,6,7
32524,procura,6,7
32588,profetica,6,7
32593,profilaxis,6,7
32688,promo,6,7
32861,providencial,6,7
32924,psicoactivo,6,7
33112,pulserita,6,7
33200,puritanismo,6,7
33218,puteo,6,7
33297,quemas,6,7
33339,quienes,6,7
33350,quijada,6,7
33396,quiosquero,6,7
33437,rabo,6,7
33489,radioactivo,6,7
33517,rainbow,6,7
33603,rapina,6,7
33679,ratones,6,7
33759,reagrupamiento,6,7
33762,reajuste,6,7
33808,reavivir,6,7
33823,rebecca,6,7
33836,rebossio,6,7
33949,recir,6,7
34086,recova,6,7
34238,reelaborar,6,7
34276,reeves,6,7
34283,referencial,6,7
34291,referentar,6,7
34439,regodeo,6,7
34485,reimaginar,6,7
34783,renuent,6,7
34790,renuncie,6,7
34851,repeti,6,7
34946,reprobable,6,7
35076,resina,6,7
35130,respiratoria,6,7
35135,resplandeciente,6,7
35151,responsablemente,6,7
35167,restaurador,6,7
35220,reterritorializacion,6,7
35535,rimel,6,7
35575,rising,6,7
35617,rizzo,6,7
35675,rockstars,6,7
35702,roe,6,7
35711,roggio,6,7
35751,romay,6,7
35759,romo,6,7
35803,rosal,6,7
35823,rosendo,6,7
35870,routledge,6,7
35995,ryszard,6,7
36035,saborizant,6,7
36052,sacarte,6,7
36130,saiegh,6,7
36140,saladillo,6,7
36247,salvarnos,6,7
36425,sarlo,6,7
36624,secularismo,6,7
36704,sei,6,7
36705,seineldin,6,7
36791,senalador,6,7
36855,sentenciado,6,7
37037,sexuado,6,7
37072,shelley,6,7
37110,showrunner,6,7
37129,siciliano,6,7
37136,siderar,6,7
37215,sileoni,6,7
37258,simiente,6,7
37408,sismografo,6,7
37435,ska,6,7
37439,skaters,6,7
37450,slam,6,7
37523,sobreexigencia,6,7
37563,sobresueldo,6,7
37592,socarrona,6,7
37647,socios,6,7
37762,solteras,6,7
37943,sostuve,6,7
38183,subcontratado,6,7
38424,suisse,6,7
38431,sujeta,6,7
38444,sum,6,7
38618,surtidor,6,7
38677,sustraido,6,7
38716,sylvester,6,7
38793,taiano,6,7
38912,tapiado,6,7
38960,taringa,6,7
39010,tayyip,6,7
39049,tecnicos,6,7
39191,temi,6,7
39217,temporaria,6,7
39304,teologa,6,7
39349,terma,6,7
39417,terruno,6,7
39453,testimonios,6,7
39539,tics,6,7
39697,titilante,6,7
39811,tomi,6,7
39882,tormentoso,6,7
39925,tortuos,6,7
39938,toser,6,7
40082,tramado,6,7
40086,tramitado,6,7
40153,transfobio,6,7
40275,trasgresion,6,7
40432,tribuno,6,7
40517,trizas,6,7
40600,truth,6,7
40605,tube,6,7
40663,tuneado,6,7
40728,twain,6,7
40804,ultimatum,6,7
40809,ultracatolico,6,7
40988,urdimbre,6,7
41244,vancouver,6,7
41309,varsavsky,6,7
41339,vayanse,6,7
41415,vejado,6,7
41448,veloso,6,7
41471,vendedores,6,7
41504,vengador,6,7
41970,viotti,6,7
41996,virologia,6,7
42050,visor,6,7
42063,visuales,6,7
42193,volquete,6,7
42374,wednesday,6,7
42387,welcome,6,7
42437,wild,6,7
42462,winter,6,7
42540,xxx,6,7
42678,zaiat,6,7
42747,zeitgeist,6,7
42800,zoncera,6,7
20,abarca,5,7
146,abrevaya,5,7
240,abya,5,7
326,aceiteros,5,7
381,achatar,5,7
456,aconcagua,5,7
627,adagio,5,7
1749,alvez,5,7
2053,anaranjada,5,7
2117,andersen,5,7
2362,anteultimos,5,7
2440,antiimperialismo,5,7
2460,antin,5,7
3093,armonica,5,7
3335,asamblearia,5,7
3538,asueto,5,7
3592,atem,5,7
3660,atlantic,5,7
3866,autoanalisis,5,7
3945,autoidentificar,5,7
3977,autoorganizacion,5,7
4066,avelino,5,7
4162,aylwin,5,7
4340,balas,5,7
4344,balbo,5,7
4432,bancarios,5,7
4437,bancate,5,7
4633,basilica,5,7
4670,batakis,5,7
4959,bessone,5,7
5076,billiken,5,7
5258,bloody,5,7
5436,bonifacio,5,7
5861,bum,5,7
5976,caballeriza,5,7
6017,cabotaje,5,7
6238,calmante,5,7
6418,canalizado,5,7
6558,caoba,5,7
6707,cardiorrespiratorio,5,7
6711,cardona,5,7
6817,caroline,5,7
6826,carpincho,5,7
6929,casanovas,5,7
6955,casey,5,7
6964,casitas,5,7
7042,catarina,5,7
7192,celadora,5,7
7230,celsius,5,7
7282,centigrado,5,7
7401,cesaroni,5,7
7463,chamuyar,5,7
7487,chao,5,7
7645,chillier,5,7
7891,cin,5,7
7910,cinematografica,5,7
7976,cirujear,5,7
8299,cogollo,5,7
8440,colombi,5,7
8501,combatient,5,7
8667,compartirir,5,7
9015,conductista,5,7
9364,constitucionales,5,7
9474,contaste,5,7
9589,contraloria,5,7
9634,contraterrorismo,5,7
10036,corsa,5,7
10122,cossio,5,7
10134,costas,5,7
10375,cromagnon,5,7
10831,daft,5,7
10835,dai,5,7
10930,darwinian,5,7
11163,defenderte,5,7
11213,degenerativo,5,7
11318,delillo,5,7
11355,demagogo,5,7
11449,dennis,5,7
11467,dente,5,7
11866,desclasamiento,5,7
12166,desguazar,5,7
12285,desmejorado,5,7
12826,didion,5,7
13052,disca,5,7
13113,discriminir,5,7
13462,doma,5,7
13465,doman,5,7
13509,donalds,5,7
13535,dorada,5,7
13537,dorados,5,7
13760,dworkin,5,7
14061,electromovilidad,5,7
14230,embellecimiento,5,7
14400,empinado,5,7
14700,enel,5,7
14793,england,5,7
14955,ensortijado,5,7
16041,estrangulado,5,7
16282,evangelina,5,7
16299,evatest,5,7
16308,ever,5,7
16568,expendio,5,7
17035,farandulero,5,7
17112,fav,5,7
17617,flamenca,5,7
17705,flotilla,5,7
17778,fomo,5,7
17790,font,5,7
17804,fopea,5,7
17911,fosilizado,5,7
17938,fotosintesis,5,7
18210,fukushima,5,7
18312,fusco,5,7
18314,fusibl,5,7
18338,futsal,5,7
18443,gambaro,5,7
18607,gatto,5,7
18615,gaulle,5,7
18635,geddes,5,7
18744,geoeconomia,5,7
18847,giacomini,5,7
18901,gin,5,7
19069,gollan,5,7
19128,gordofobia,5,7
19212,gradualidad,5,7
19374,gritir,5,7
19931,heller,5,7
20029,hernando,5,7
20062,heterocis,5,7
20064,heterodoxa,5,7
20137,higienica,5,7
20222,hipersexualizacion,5,7
20223,hipersexualizado,5,7
20407,homogeneizante,5,7
20540,houssay,5,7
20587,huesito,5,7
20776,idh,5,7
21099,imprescriptible,5,7
22348,interconectar,5,7
22449,interplanetario,5,7
22495,intersexuales,5,7
22603,inundabl,5,7
22867,irurzun,5,7
22931,ivonne,5,7
22973,jairo,5,7
23041,javkin,5,7
23103,jesuitico,5,7
23159,johansson,5,7
23190,joroba,5,7
23418,kardashian,5,7
23578,kovadloff,5,7
23624,kuwait,5,7
23643,laboratorios,5,7
23669,lacerado,5,7
23804,lanzone,5,7
23932,lavanda,5,7
24062,lei,5,7
24304,licitra,5,7
24332,ligas,5,7
24481,literary,5,7
24485,litigant,5,7
24566,llegarer,5,7
24750,lopes,5,7
25224,malleco,5,7
25279,mamotreto,5,7
25451,manuelita,5,7
25464,manzi,5,7
25485,mapuzungun,5,7
25625,mariconeria,5,7
25705,mars,5,7
25760,mascarada,5,7
25983,mcdonalds,5,7
26329,mercer,5,7
26412,metabolico,5,7
26546,microempresa,5,7
26549,microfascista,5,7
26567,microtargeting,5,7
26678,milmillonario,5,7
26714,minerva,5,7
26744,minita,5,7
26783,mirame,5,7
27024,molinero,5,7
27129,monsalve,5,7
27368,moulin,5,7
27465,muertas,5,7
27752,napolitan,5,7
27882,nazca,5,7
27950,negre,5,7
27996,neoliberalizacion,5,7
28197,niscovolos,5,7
28386,nou,5,7
29274,ostra,5,7
29436,pagani,5,7
29606,panelismo,5,7
29625,panperonista,5,7
29838,parma,5,7
30024,pastoreo,5,7
30216,pececito,5,7
30327,pelicano,5,7
30579,performances,5,7
30628,periodizar,5,7
30855,petra,5,7
30871,petroquimica,5,7
30957,pichi,5,7
31107,pinton,5,7
31163,pisado,5,7
31178,pit,5,7
31182,pitazo,5,7
31190,pitrola,5,7
31507,polarizant,5,7
31522,poliamoros,5,7
31539,poliedrico,5,7
31711,porfia,5,7
31796,posdoctorado,5,7
32608,progenitora,5,7
32636,prohibicionisto,5,7
32820,proteico,5,7
32950,psicosocial,5,7
32982,pubis,5,7
33042,puelo,5,7
33051,puerpera,5,7
33265,quedarte,5,7
33549,rammstein,5,7
33753,reading,5,7
33911,recetar,5,7
34032,reconsideracion,5,7
34183,redireccionamiento,5,7
34394,regente,5,7
34622,religiosas,5,7
34794,renzo,5,7
34837,repelent,5,7
35705,roffe,5,7
35874,rowling,5,7
35935,ruidazo,5,7
35948,rulfo,5,7
36135,sajon,5,7
36239,salvajada,5,7
36470,saturno,5,7
36507,scarlett,5,7
36536,schorr,5,7
36583,secado,5,7
36994,sesionista,5,7
37031,sexologo,5,7
37047,sexys,5,7
37095,shooting,5,7
37347,singularizar,5,7
37782,solx,5,7
37816,sonante,5,7
37881,sorbonne,5,7
37910,sorrentino,5,7
37976,spalletti,5,7
38091,steyerl,5,7
38098,still,5,7
38229,sublevado,5,7
38365,sueca,5,7
38473,sundance,5,7
38527,superpoderosa,5,7
38705,sweet,5,7
38777,tacuba,5,7
38778,taddei,5,7
38891,tantisimo,5,7
39001,tax,5,7
39019,teatralizacion,5,7
39239,tendencios,5,7
39303,teofilo,5,7
39319,teran,5,7
39744,tocqueville,5,7
39757,todorov,5,7
39771,tolderia,5,7
39783,tolima,5,7
39864,tora,5,7
40026,tradicionalismo,5,7
40136,transexuales,5,7
40165,transformismo,5,7
40372,tre,5,7
40827,ultrarrico,5,7
40838,umet,5,7
40853,und,5,7
41059,usuarixs,5,7
41103,uxp,5,7
41426,veladora,5,7
41541,venturini,5,7
41578,verdeamarelo,5,7
41611,verja,5,7
41696,viaducto,5,7
42345,warnes,5,7
42368,webb,5,7
42390,wellness,5,7
42515,xadr,5,7
42565,yanomami,5,7
42585,yeltsin,5,7
42641,yuca,5,7
1074,agote,4,7
2346,antelo,4,7
2885,arafat,4,7
2891,arancedo,4,7
2950,archivoinfojus,4,7
3114,arpaia,4,7
3901,autocultivo,4,7
4036,ava,4,7
4765,because,4,7
4826,bellucci,4,7
5368,bolonia,4,7
5566,boulos,4,7
5699,bristol,4,7
5730,bronces,4,7
6324,cami,4,7
7023,catalana,4,7
7163,ceci,4,7
7233,celtyv,4,7
7262,censista,4,7
7641,chill,4,7
7727,chomnalez,4,7
7823,cicco,4,7
7920,cinthia,4,7
7949,circuncision,4,7
8159,clorhidrato,4,7
8181,cnu,4,7
9677,convalidacion,4,7
10171,could,4,7
10215,creacionista,4,7
10401,crown,4,7
10535,cubeta,4,7
10740,curapaligue,4,7
10800,cuti,4,7
12025,desempate,4,7
12753,dialogos,4,7
12757,diamand,4,7
12987,diosas,4,7
13260,disruptor,4,7
13297,distribucionista,4,7
13514,donato,4,7
13919,edwin,4,7
14046,electrificacion,4,7
14062,electron,4,7
14198,embalsamamiento,4,7
14294,eminem,4,7
14964,entel,4,7
15378,escama,4,7
16876,facsimil,4,7
16919,falangista,4,7
17030,fao,4,7
17244,fenomenos,4,7
17666,flichtentrei,4,7
17849,formalizado,4,7
17960,fracasir,4,7
18182,fuelle,4,7
18293,fungible,4,7
18324,fusionismo,4,7
18512,garca,4,7
18688,generativa,4,7
18886,gill,4,7
19002,globulo,4,7
19057,goldin,4,7
19103,gong,4,7
19194,grabia,4,7
19217,graf,4,7
19478,guata,4,7
19723,hafez,4,7
19845,havelange,4,7
20210,hipercritico,4,7
20226,hipertextual,4,7
20283,hispanoparlante,4,7
20421,homosocial,4,7
20459,hoppe,4,7
22333,intercambios,4,7
22602,inunda,4,7
22606,inundaciones,4,7
23175,jony,4,7
23342,jurassic,4,7
23353,jurisprudencial,4,7
23425,karla,4,7
23446,kayak,4,7
23475,ketamina,4,7
23488,kibo,4,7
23500,kike,4,7
23586,kravetz,4,7
23738,lala,4,7
24084,lello,4,7
24360,limay,4,7
24380,limonada,4,7
24580,lleral,4,7
24793,lovecraft,4,7
24947,mabxience,4,7
25119,mahuiza,4,7
25194,malen,4,7
25523,marangoni,4,7
25586,marero,4,7
25589,marga,4,7
25698,marraqueta,4,7
25925,mauriciomacri,4,7
26154,melgarejo,4,7
26398,messina,4,7
26400,mestizado,4,7
26557,microplastico,4,7
26765,minutouno,4,7
26959,modi,4,7
27030,mollo,4,7
27300,morton,4,7
27308,moscovita,4,7
27399,movimentista,4,7
27604,murdoch,4,7
27607,murguera,4,7
27721,nailon,4,7
27892,nebuloso,4,7
28081,neutron,4,7
28205,nitrato,4,7
28250,noguera,4,7
28347,nosso,4,7
28405,novelesco,4,7
28447,nucleares,4,7
28490,nunoa,4,7
28901,olympia,4,7
29174,orion,4,7
29570,pampin,4,7
30008,pasteleria,4,7
30121,patrol,4,7
30180,payada,4,7
30204,peajes,4,7
30273,pedrito,4,7
30465,peperina,4,7
30483,peral,4,7
30820,pesificacion,4,7
31016,pigna,4,7
31103,pinter,4,7
31808,posfascismo,4,7
32506,procesista,4,7
32914,psc,4,7
33486,radice,4,7
33548,ramito,4,7
33763,realdonaldtrump,4,7
34388,regata,4,7
34399,reggeaton,4,7
35344,revendedor,4,7
35448,reynares,4,7
35485,ricos,4,7
35776,ronaldinho,4,7
35997,saab,4,7
36027,sabino,4,7
36354,santamaria,4,7
36847,sentadilla,4,7
37088,shisha,4,7
37187,signorini,4,7
37455,slipak,4,7
37670,sofista,4,7
38031,srl,4,7
38033,ssc,4,7
38147,stubrin,4,7
38634,suscribite,4,7
39092,teixeira,4,7
39099,tejeda,4,7
39229,tenaris,4,7
39297,tentadora,4,7
40376,trebucq,4,7
40458,trimarco,4,7
40775,ucronia,4,7
40935,universite,4,7
41098,utopista,4,7
41313,vasallaje,4,7
41369,veganismo,4,7
41940,vinuales,4,7
42451,winazki,4,7
42595,yerma,4,7
42666,zacarias,4,7
42746,zeit,4,7
42784,zinny,4,7
37,abbas,3,7
954,african,3,7
1393,alcon,3,7
1398,aldao,3,7
1460,alessandri,3,7
1596,allister,3,7
1611,almeja,3,7
1790,amansar,3,7
2943,archivador,3,7
2960,arcucci,3,7
3277,articles,3,7
3731,atri,3,7
3770,audience,3,7
4375,ballarini,3,7
4378,ballesteros,3,7
4993,bibliodiversidad,3,7
5075,billie,3,7
5219,blanqueador,3,7
5257,blondie,3,7
5332,bolanos,3,7
5652,brennan,3,7
5736,bronstein,3,7
6452,cande,3,7
6850,carrey,3,7
7096,caupolican,3,7
7150,cdu,3,7
7934,cippolini,3,7
8166,clotilde,3,7
8173,cma,3,7
9748,convivencial,3,7
10106,cosmologico,3,7
10191,coyot,3,7
10221,cream,3,7
10814,cyt,3,7
11567,derlis,3,7
13034,direito,3,7
13452,dollar,3,7
14163,elsevier,3,7
14889,enric,3,7
15228,epuyen,3,7
15652,espanolista,3,7
16562,expedicionario,3,7
16948,fallon,3,7
17799,fonzo,3,7
17943,foul,3,7
18915,ginsberg,3,7
18943,gisella,3,7
19443,guapa,3,7
19477,guasu,3,7
19785,hank,3,7
19850,hawkins,3,7
20594,huevito,3,7
21191,inai,3,7
22768,irl,3,7
22923,iurd,3,7
23195,josemaria,3,7
23293,jul,3,7
23392,kagel,3,7
23399,kamenszain,3,7
23443,kaufman,3,7
23444,kawabata,3,7
23486,khamenei,3,7
23579,kracauer,3,7
23609,kundera,3,7
23616,kureishi,3,7
23817,laplace,3,7
24081,lelia,3,7
24354,lille,3,7
24686,loera,3,7
24831,luchsinger,3,7
25199,maletero,3,7
25251,malverde,3,7
25591,margaride,3,7
25887,matoneo,3,7
26715,ming,3,7
26896,mnba,3,7
27160,monteagudo,3,7
27312,mosqueton,3,7
27331,mostris,3,7
27496,muleiro,3,7
27667,mutti,3,7
28393,novartis,3,7
28469,nul,3,7
28479,numerario,3,7
28488,nunes,3,7
28830,olazabal,3,7
28859,olimpismo,3,7
29070,orbigny,3,7
29265,ostende,3,7
29657,paoltroni,3,7
30343,pellet,3,7
30610,periglacial,3,7
31390,plumin,3,7
31506,polarizador,3,7
31716,porn,3,7
31928,pou,3,7
32284,presti,3,7
33239,quammen,3,7
33372,quindimil,3,7
33424,rabbani,3,7
34643,remain,3,7
34781,rentistico,3,7
35395,revisor,3,7
35628,robbins,3,7
36046,sacaba,3,7
36305,sandino,3,7
37397,sirimarco,3,7
37471,smo,3,7
37987,special,3,7
37993,sperling,3,7
38077,stendhal,3,7
38127,stratford,3,7
38846,tamal,3,7
38897,tanzania,3,7
39013,tda,3,7
39347,terigi,3,7
40471,tripantu,3,7
40520,troccoli,3,7
41542,venturoso,3,7
41926,vinculos,3,7
42138,vjs,3,7
42258,vou,3,7
42312,wak,3,7
42381,weichafe,3,7
42778,zimmerman,3,7
12,abandone,6,6
24,abarco,6,6
57,abertura,6,6
77,abofetear,6,6
88,abolido,6,6
92,abominable,6,6
105,aborta,6,6
157,abririr,6,6
158,abrirnos,6,6
161,abrochaber,6,6
201,abstrair,6,6
268,acaloradamente,6,6
291,acaudalada,6,6
308,acciona,6,6
339,acelga,6,6
367,acerrima,6,6
387,achille,6,6
412,aclara,6,6
431,acomodamiento,6,6
504,acostumbre,6,6
511,acoyte,6,6
524,acritica,6,6
551,activos,6,6
651,adelantamiento,6,6
692,adiestramiento,6,6
693,adiestrar,6,6
709,adjudicado,6,6
715,adm,6,6
723,administration,6,6
772,adormecimiento,6,6
866,afano,6,6
888,afeminado,6,6
898,afianzado,6,6
931,afirme,6,6
932,afirmir,6,6
983,against,6,6
987,agarer,6,6
992,agarramos,6,6
1064,agorero,6,6
1164,aguanta,6,6
1231,ahorrado,6,6
1249,aindiado,6,6
1257,airear,6,6
1318,alargada,6,6
1387,alcoba,6,6
1429,alejando,6,6
1449,alentadoro,6,6
1463,aleta,6,6
1476,alexievich,6,6
1497,alfombrado,6,6
1498,alfombrar,6,6
1548,alienigena,6,6
1595,alliance,6,6
1607,almanaqu,6,6
1613,almibar,6,6
1638,aloje,6,6
1771,amagu,6,6
1773,amainar,6,6
1800,amarillenta,6,6
1805,amaro,6,6
1819,amasijo,6,6
1874,amenazantir,6,6
1890,amerindio,6,6
1918,amilcar,6,6
1940,amonestar,6,6
1960,amortiguador,6,6
1974,ampersand,6,6
2078,ancha,6,6
2157,anemico,6,6
2208,anguita,6,6
2221,anhelan,6,6
2229,anido,6,6
2234,anima,6,6
2240,animadversion,6,6
2251,animicamente,6,6
2297,anormalidad,6,6
2339,anteceden,6,6
2411,antidiscriminatoria,6,6
2502,antitumulto,6,6
2526,antropocentrico,6,6
2550,anule,6,6
2553,anunciante,6,6
2575,apagamos,6,6
2638,apenar,6,6
2647,apesadumbrado,6,6
2671,aplastamiento,6,6
2677,aplaudidor,6,6
2734,aportante,6,6
2780,aprend,6,6
2782,aprendan,6,6
2792,aprension,6,6
2797,apresuradamente,6,6
2811,aprisionado,6,6
2870,aquell,6,6
2881,arabesco,6,6
2958,arcor,6,6
2972,ardua,6,6
2978,areas,6,6
3090,armisticio,6,6
3097,armoniosamente,6,6
3131,arquitectos,6,6
3137,arraigar,6,6
3194,arriar,6,6
3247,arrumbado,6,6
3270,artesanalmente,6,6
3324,asadito,6,6
3332,asaltir,6,6
3375,aser,6,6
3427,asilado,6,6
3436,asimilado,6,6
3455,asisto,6,6
3476,asombrosamente,6,6
3482,aspaviento,6,6
3490,aspiran,6,6
3494,aspirir,6,6
3496,asqueado,6,6
3507,asteroide,6,6
3511,astillar,6,6
3609,ateneo,6,6
3639,atestada,6,6
3680,atonita,6,6
3682,atontado,6,6
3689,atornillado,6,6
3701,atragantar,6,6
3718,atravese,6,6
3806,aunado,6,6
3948,autoinfligido,6,6
3967,automovilistico,6,6
4082,aventurado,6,6
4185,ayuna,6,6
4224,azuzado,6,6
4296,bailecito,6,6
4304,bajabar,6,6
4316,bajisima,6,6
4372,baliza,6,6
4422,banano,6,6
4433,bancarizacion,6,6
4456,bandita,6,6
4519,barberia,6,6
4559,barragan,6,6
4613,bas,6,6
4634,basket,6,6
4654,bastilla,6,6
4658,bastonazo,6,6
4660,bastos,6,6
4669,bataille,6,6
4804,belicos,6,6
4806,belicoso,6,6
4837,bencina,6,6
4841,bendice,6,6
4932,berreta,6,6
4964,bestiario,6,6
5008,bichito,6,6
5091,binariedad,6,6
5187,bizcocho,6,6
5188,bizcochuelo,6,6
5220,blanqueamiento,6,6
5239,blend,6,6
5298,bochorno,6,6
5326,boin,6,6
5364,bolo,6,6
5425,bondados,6,6
5459,boquita,6,6
5512,borron,6,6
5513,borroneado,6,6
5553,botita,6,6
5597,bracito,6,6
5606,braille,6,6
5679,brigitte,6,6
5681,brillan,6,6
5713,brocha,6,6
5715,brocoli,6,6
5767,brusca,6,6
5771,brushing,6,6
5772,brusquedad,6,6
5789,bucean,6,6
5794,buche,6,6
5821,bufalo,6,6
5842,bulgaria,6,6
5897,burlonar,6,6
5931,buscarir,6,6
5978,caballeros,6,6
5979,caballerosidad,6,6
5992,cabecero,6,6
6051,cachiporra,6,6
6158,calcer,6,6
6247,calorico,6,6
6271,camalot,6,6
6300,cambias,6,6
6339,caminas,6,6
6369,campanita,6,6
6421,canallado,6,6
6432,cancela,6,6
6457,candent,6,6
6468,candor,6,6
6493,canil,6,6
6516,canonizacion,6,6
6523,cansada,6,6
6552,canturrear,6,6
6578,capella,6,6
6613,caprichosamente,6,6
6623,capte,6,6
6669,caravaggio,6,6
6687,carcelaria,6,6
6705,cardiopatia,6,6
6839,carreno,6,6
6889,cartesian,6,6
6893,cartilla,6,6
6936,cascado,6,6
6977,castaneda,6,6
7000,castoriadis,6,6
7005,castrar,6,6
7015,casuistica,6,6
7111,cautivado,6,6
7113,cautivante,6,6
7144,cbs,6,6
7189,cejas,6,6
7259,censado,6,6
7353,cerer,6,6
7370,cerrazon,6,6
7460,champu,6,6
7491,chapar,6,6
7493,chaparron,6,6
7496,chaplin,6,6
7511,charlamos,6,6
7546,chatura,6,6
7548,chauvinismo,6,6
7572,chemical,6,6
7605,chicanea,6,6
7607,chicaneo,6,6
7675,chiquitita,6,6
7678,chirac,6,6
7742,choris,6,6
7915,cinicamente,6,6
7960,circunspecto,6,6
7995,citadino,6,6
8025,civilizada,6,6
8099,clavir,6,6
8117,clickear,6,6
8190,coagular,6,6
8260,codiciar,6,6
8304,cohecho,6,6
8355,colcha,6,6
8430,colman,6,6
8539,comenzarir,6,6
8547,comercialmente,6,6
8563,comi,6,6
8564,comia,6,6
8581,comilona,6,6
8596,commerce,6,6
8602,communication,6,6
8657,compart,6,6
8665,compartilhado,6,6
8721,completa,6,6
8722,completado,6,6
8740,complots,6,6
8765,compran,6,6
8811,compulsa,6,6
8823,computer,6,6
8856,comunitarista,6,6
8866,concatenacion,6,6
8918,conciente,6,6
8937,conclusivo,6,6
9008,condonar,6,6
9011,conducent,6,6
9089,confirmarar,6,6
9209,connotar,6,6
9221,conocierar,6,6
9242,consagratorio,6,6
9247,conscripcion,6,6
9285,conservamos,6,6
9290,conservo,6,6
9312,consistar,6,6
9324,consolidir,6,6
9386,constructo,6,6
9395,construyo,6,6
9449,contagia,6,6
9450,contagiada,6,6
9462,contamina,6,6
9471,contarselo,6,6
9486,contemporaneos,6,6
9598,contrapesar,6,6
9626,contrastant,6,6
9642,contravenir,6,6
9656,controlable,6,6
9659,controladora,6,6
9666,contubernio,6,6
9706,convenzar,6,6
9732,convertis,6,6
9738,convidir,6,6
9760,convulsa,6,6
9765,convulso,6,6
9779,cooperativas,6,6
9784,cooptado,6,6
9815,copetin,6,6
9818,copiada,6,6
9850,coraza,6,6
9872,cordialmente,6,6
9936,corporalmente,6,6
9940,corporativista,6,6
10004,correte,6,6
10026,corrompida,6,6
10067,cortita,6,6
10073,cortoplacismo,6,6
10195,coyunturalmente,6,6
10255,creias,6,6
10266,cremoso,6,6
10270,crepitar,6,6
10274,creser,6,6
10302,criminales,6,6
10362,critical,6,6
10379,cromo,6,6
10437,cruzabar,6,6
10478,cuadros,6,6
10481,cuaja,6,6
10490,cualquier,6,6
10498,cuantica,6,6
10501,cuantificable,6,6
10512,cuarenten,6,6
10550,cucarda,6,6
10554,cucharadita,6,6
10587,cuentito,6,6
10616,cuestione,6,6
10672,culpo,6,6
10674,culposa,6,6
10728,cupon,6,6
10877,dandoles,6,6
10924,darselo,6,6
10925,darsena,6,6
10931,darwiniano,6,6
10939,datafolha,6,6
10962,days,6,6
10990,debe,6,6
10994,deberia,6,6
11005,debierar,6,6
11010,debilitan,6,6
11054,deci,6,6
11092,decisor,6,6
11106,declinante,6,6
11150,dedito,6,6
11187,define,6,6
11198,deforestar,6,6
11253,dejeme,6,6
11314,deliciosamente,6,6
11324,delincar,6,6
11329,delineador,6,6
11439,denigrado,6,6
11441,denigrante,6,6
11491,dependar,6,6
11494,dependient,6,6
11515,deportv,6,6
11536,depresiva,6,6
11538,deprimeir,6,6
11580,derrape,6,6
11644,desactivir,6,6
11711,desanudar,6,6
11850,descendient,6,6
11959,descuartizado,6,6
11960,descuartizamiento,6,6
11970,descubridor,6,6
11971,descubriir,6,6
12008,desechado,6,6
12041,desencantar,6,6
12044,desenchufar,6,6
12055,desenganchar,6,6
12066,desentendimiento,6,6
12074,desenvuelto,6,6
12115,desfasada,6,6
12125,desfila,6,6
12142,desgarramiento,6,6
12163,desgranamiento,6,6
12181,deshonesto,6,6
12187,desidentificacion,6,6
12189,desideologizado,6,6
12214,desinfeccion,6,6
12303,desmontado,6,6
12310,desmoronamiento,6,6
12385,despectivamente,6,6
12389,despedi,6,6
12405,despellejar,6,6
12418,despersonalizado,6,6
12429,despierta,6,6
12531,destellar,6,6
12539,desterritorializado,6,6
12576,desubicada,6,6
12592,desvelado,6,6
12614,detalladamente,6,6
12623,detectir,6,6
12649,determinant,6,6
12709,devota,6,6
12721,diabetico,6,6
12730,diafano,6,6
12784,dibuje,6,6
12801,diciendonos,6,6
12842,dietario,6,6
12906,digitar,6,6
13062,disciplinada,6,6
13162,disfonico,6,6
13172,disfruter,6,6
13188,disimuladamente,6,6
13203,disneylandia,6,6
13208,disolvente,6,6
13237,display,6,6
13254,disputir,6,6
13283,distopeir,6,6
13331,divergir,6,6
13483,dominant,6,6
13499,dominir,6,6
13549,dormimos,6,6
13562,dosificacion,6,6
13657,dubitativo,6,6
13744,durisima,6,6
13797,eclecticismo,6,6
13801,eclipsado,6,6
13849,ecumenico,6,6
13914,edulcorante,6,6
13939,efervescent,6,6
13951,efigie,6,6
14008,ejerzar,6,6
14019,elba,6,6
14053,electrocardiograma,6,6
14064,electronicas,6,6
14106,eligen,6,6
14167,elucubrar,6,6
14178,emanado,6,6
14241,embocar,6,6
14259,embrionario,6,6
14273,emergent,6,6
14277,emergio,6,6
14283,emigrante,6,6
14349,emparejado,6,6
14386,empero,6,6
14470,empujoncito,6,6
14475,emulacion,6,6
14477,emulo,6,6
14536,encarado,6,6
14561,encaro,6,6
14568,encausar,6,6
14576,enceir,6,6
14600,enclaustrado,6,6
14649,encubrar,6,6
14681,endiablado,6,6
14684,endocrinologo,6,6
14693,endosar,6,6
14707,enemistar,6,6
14745,enfermizo,6,6
14754,enfrascar,6,6
14772,engalanar,6,6
14788,engendra,6,6
14797,engolado,6,6
14825,enjuiciado,6,6
14830,enlazada,6,6
14952,ensonado,6,6
14954,ensordecir,6,6
14959,entablado,6,6
14995,entidades,6,6
15036,entrecerrar,6,6
15056,entremedio,6,6
15135,enunceir,6,6
15166,envidio,6,6
15167,envidioso,6,6
15370,escales,6,6
15375,escalonada,6,6
15381,escandalizado,6,6
15398,escapista,6,6
15399,escapo,6,6
15420,escatologia,6,6
15425,escenas,6,6
15474,escoltada,6,6
15512,escribeir,6,6
15545,escuchaber,6,6
15575,esculpida,6,6
15626,esnobismo,6,6
15721,esperame,6,6
15820,essa,6,6
15822,esso,6,6
15891,estanca,6,6
15921,estatalista,6,6
15923,estatica,6,6
15951,estereotipar,6,6
15955,esterilidad,6,6
16012,estiramiento,6,6
16038,estrafalario,6,6
16086,estrepitoso,6,6
16109,estructuralismo,6,6
16132,estudiantina,6,6
16191,eternizar,6,6
16251,european,6,6
16270,evaluador,6,6
16276,evan,6,6
16277,evanescent,6,6
16314,evgeny,6,6
16320,evismo,6,6
16338,evolucionado,6,6
16341,evolution,6,6
16414,exchange,6,6
16432,excompanero,6,6
16447,exdirector,6,6
16463,exhaustivamente,6,6
16479,exhumar,6,6
16488,exijar,6,6
16565,expeditivo,6,6
16594,expirar,6,6
16595,explair,6,6
16668,expresionista,6,6
16687,expulsiva,6,6
16784,extrapolacion,6,6
16815,eyaculacion,6,6
16841,fabrico,6,6
16851,faccios,6,6
16858,fachero,6,6
16880,facticamente,6,6
16918,falange,6,6
16938,fallado,6,6
16996,fanatizar,6,6
17016,fantasio,6,6
17084,fastuoso,6,6
17180,felatio,6,6
17243,fenomenologico,6,6
17255,ferial,6,6
17348,fiasco,6,6
17353,fibros,6,6
17414,figurir,6,6
17584,fisiologica,6,6
17592,fisurar,6,6
17615,flamean,6,6
17663,flexionar,6,6
17683,floreciente,6,6
17718,fluminense,6,6
17734,focalizacion,6,6
17746,fogoneo,6,6
17753,fojas,6,6
17772,follow,6,6
17784,fonetica,6,6
17785,fonetico,6,6
17829,forgir,6,6
17916,fotocopiado,6,6
17954,frac,6,6
17963,fraccionado,6,6
18078,freibrun,6,6
18084,frena,6,6
18094,frenkel,6,6
18102,fresa,6,6
18165,frustro,6,6
18186,fuere,6,6
18236,fumir,6,6
18245,funcionarar,6,6
18253,funciones,6,6
18254,fund,6,6
18315,fusible,6,6
18326,fuste,6,6
18426,galon,6,6
18434,galup,6,6
18454,gamuza,6,6
18455,gan,6,6
18604,gatorade,6,6
18658,genaro,6,6
18694,generir,6,6
18734,gentilicio,6,6
18745,geoeconomico,6,6
18753,geografica,6,6
18781,geraldo,6,6
18844,ghost,6,6
18987,globalidad,6,6
19030,gobernant,6,6
19104,gongora,6,6
19153,gorrito,6,6
19181,gozos,6,6
19221,graficamente,6,6
19254,grandilocuencia,6,6
19284,grass,6,6
19378,gritos,6,6
19407,gruas,6,6
19464,guardiana,6,6
19468,guardir,6,6
19483,guayaba,6,6
19545,guionar,6,6
19562,gunter,6,6
19572,gustave,6,6
19574,guste,6,6
19590,haba,6,6
19605,habersele,6,6
19628,habitaculo,6,6
19641,habituar,6,6
19656,hablandome,6,6
19659,hablarar,6,6
19705,haciendonos,6,6
19766,hambrienta,6,6
19787,hanna,6,6
19913,hekht,6,6
19942,hemiciclo,6,6
20006,hermann,6,6
20023,hermosisimo,6,6
20031,hero,6,6
20106,hidalguia,6,6
20118,hidrocarburos,6,6
20142,higienizar,6,6
20164,hilario,6,6
20178,hilvanado,6,6
20233,hipnotizar,6,6
20258,hippies,6,6
20274,hisopo,6,6
20275,hispanico,6,6
20318,hnos,6,6
20359,holistica,6,6
20386,homenajearlo,6,6
20398,homoerotico,6,6
20420,homosexualismo,6,6
20450,honro,6,6
20504,hortensia,6,6
20519,hostal,6,6
20556,huapi,6,6
20638,humeant,6,6
20647,humedecido,6,6
20653,humildemente,6,6
20715,ibm,6,6
20757,identificador,6,6
20762,identikit,6,6
20783,idiosincratico,6,6
20790,idola,6,6
20807,ignominia,6,6
20977,imperant,6,6
21073,impostacion,6,6
21125,improductividad,6,6
21198,inalienable,6,6
21206,inanimado,6,6
21213,inasistencia,6,6
21214,inaudibl,6,6
21247,incentivado,6,6
21301,incognito,6,6
21326,incomprobable,6,6
21349,inconmensurabl,6,6
21360,inconsulta,6,6
21364,incontestable,6,6
21398,incrustacion,6,6
21412,inculpar,6,6
21460,indemn,6,6
21485,indetenible,6,6
21550,indisoluble,6,6
21552,indistincion,6,6
21645,inescrupuloso,6,6
21770,infocomunicacional,6,6
21811,infructuoso,6,6
21822,ingenian,6,6
21836,ingenuamente,6,6
21844,ingle,6,6
21862,ingreser,6,6
21881,inhospita,6,6
21904,ininterrumpidamente,6,6
21933,inmediatista,6,6
21939,inmensidades,6,6
21949,inmigratoria,6,6
21956,inmodificable,6,6
21971,inmuebl,6,6
22006,inocentemente,6,6
22037,inquirir,6,6
22039,inquisidor,6,6
22053,insatisfecha,6,6
22063,inscrito,6,6
22095,insipido,6,6
22107,insolitamente,6,6
22116,insoslayabl,6,6
22155,instaurir,6,6
22174,instituida,6,6
22198,instrumentalmente,6,6
22200,instrumentista,6,6
22205,insuficientemente,6,6
22212,insultado,6,6
22217,insumeir,6,6
22276,intencionadamente,6,6
22425,internalizado,6,6
22439,interpelacer,6,6
22499,intersubjetivo,6,6
22518,interzona,6,6
22561,intrascendencia,6,6
22594,intui,6,6
22612,inusualmente,6,6
22616,inutilmente,6,6
22703,invitarte,6,6
22749,iracundo,6,6
22836,irresuelta,6,6
22894,ismo,6,6
22896,isonomia,6,6
22915,ithaca,6,6
23108,jeta,6,6
23139,jocosamente,6,6
23208,jovencisimo,6,6
23263,jueguen,6,6
23308,jumbo,6,6
23368,justificabl,6,6
23622,kusnetzoff,6,6
23668,laceracion,6,6
23765,lan,6,6
23773,lancir,6,6
23786,languidecer,6,6
23840,larousse,6,6
23845,larraquy,6,6
23916,laureano,6,6
23946,lavir,6,6
24008,leds,6,6
24014,lega,6,6
24097,lenguaraz,6,6
24124,leones,6,6
24171,lettre,6,6
24213,lezcano,6,6
24245,liberarme,6,6
24285,libresca,6,6
24370,limitante,6,6
24386,limpiamos,6,6
24389,limpie,6,6
24514,liz,6,6
24547,llana,6,6
24617,lloriquear,6,6
24622,lloroso,6,6
24634,lluvios,6,6
24651,lobulo,6,6
24664,locamente,6,6
24780,loteo,6,6
24838,lucidamente,6,6
24975,machet,6,6
25088,magnanimo,6,6
25101,magnificencia,6,6
25152,making,6,6
25155,malabarismo,6,6
25208,malhumorado,6,6
25239,malta,6,6
25344,manejarar,6,6
25349,maneras,6,6
25365,maniaco,6,6
25388,manipulador,6,6
25392,manipulo,6,6
25417,mansamente,6,6
25444,manuales,6,6
25461,manzan,6,6
25472,mapas,6,6
25505,maquinico,6,6
25514,maracanazo,6,6
25534,maravillosamente,6,6
25536,marazzi,6,6
25650,marion,6,6
25758,mascar,6,6
25821,mastin,6,6
25825,masturbatorio,6,6
25915,matutina,6,6
25935,maxime,6,6
25946,maynard,6,6
25974,mbappe,6,6
26002,mecanicos,6,6
26025,medardo,6,6
26085,mediocampo,6,6
26117,megalomania,6,6
26153,melendez,6,6
26159,melissa,6,6
26162,mellar,6,6
26235,mengua,6,6
26240,meninas,6,6
26268,mensualidad,6,6
26272,mensurar,6,6
26308,mercadito,6,6
26330,merceria,6,6
26371,mermado,6,6
26409,met,6,6
26424,metaforo,6,6
26449,meteorologia,6,6
26545,microemprendimiento,6,6
26554,micromundo,6,6
26560,micropolitico,6,6
26675,millonarios,6,6
26718,minguito,6,6
26724,minima,6,6
26838,mismx,6,6
26867,mitificacion,6,6
26922,modelaje,6,6
26976,mofa,6,6
27007,moldura,6,6
27045,monacal,6,6
27134,monster,6,6
27151,montanas,6,6
27172,montevideano,6,6
27183,montones,6,6
27218,moralizant,6,6
27231,mordaz,6,6
27253,morgenfeld,6,6
27270,morning,6,6
27325,mostrarnos,6,6
27374,movedizar,6,6
27461,muerde,6,6
27550,multirracial,6,6
27553,multitasking,6,6
27573,mundializacion,6,6
27574,mundializado,6,6
27638,musicalmente,6,6
27714,nah,6,6
27717,nahuatl,6,6
27816,natalucci,6,6
27869,navegant,6,6
27915,necropolitico,6,6
27928,negadoro,6,6
27978,nenita,6,6
28010,neoyorquina,6,6
28086,nevera,6,6
28092,newcastle,6,6
28129,nidia,6,6
28272,nombro,6,6
28351,nostra,6,6
28370,noticiable,6,6
28380,noto,6,6
28414,noventos,6,6
28534,objetivacion,6,6
28537,objetivar,6,6
28546,objetos,6,6
28553,obligadamente,6,6
28567,obnubilar,6,6
28677,ochentoso,6,6
28684,ociosidad,6,6
28689,oct,6,6
28735,odiosa,6,6
28775,oficializacion,6,6
28793,oftalmologo,6,6
28798,oia,6,6
28799,oida,6,6
28801,oier,6,6
28823,oktubre,6,6
28878,olmo,6,6
28891,olvidatar,6,6
28904,ombu,6,6
28924,omnisciente,6,6
28938,ondulante,6,6
29046,opuesta,6,6
29071,orbis,6,6
29075,orco,6,6
29078,ordena,6,6
29083,ordenadoro,6,6
29143,orienta,6,6
29148,orientales,6,6
29236,oscilante,6,6
29284,otear,6,6
29412,padezar,6,6
29513,palestra,6,6
29539,palmer,6,6
29644,pantorrilla,6,6
29715,parafraseo,6,6
29785,parecir,6,6
29873,parsimonioso,6,6
29876,partar,6,6
29886,particion,6,6
29924,partisana,6,6
29947,pasame,6,6
30011,pastera,6,6
30032,pat,6,6
30146,paulino,6,6
30175,pavonear,6,6
30178,pax,6,6
30277,pegada,6,6
30303,peirone,6,6
30340,pelito,6,6
30342,pellejo,6,6
30350,pelotear,6,6
30351,peloteo,6,6
30394,pendenciero,6,6
30438,pensasir,6,6
30439,pensastar,6,6
30505,percudido,6,6
30511,perdemos,6,6
30541,perecedero,6,6
30673,perogrullo,6,6
30681,peronizacion,6,6
30730,persistar,6,6
30749,personero,6,6
30751,personificado,6,6
30762,perteneces,6,6
30767,pertenezca,6,6
30781,perturbadora,6,6
30784,perturbo,6,6
30787,peruana,6,6
30790,perversidad,6,6
30879,peyorativamente,6,6
30909,piamonte,6,6
30996,pierdan,6,6
31049,piluso,6,6
31102,pinte,6,6
31169,pisir,6,6
31202,pixelado,6,6
31208,pizarro,6,6
31237,plaini,6,6
31277,planteamiento,6,6
31322,platino,6,6
31323,platita,6,6
31335,player,6,6
31357,plegable,6,6
31397,pluralizar,6,6
31479,poeticamente,6,6
31552,polinesia,6,6
31559,polisemia,6,6
31572,politicxs,6,6
31583,polivalencia,6,6
31585,polka,6,6
31631,ponelir,6,6
31693,poquisimo,6,6
31760,portenos,6,6
31832,posmoderna,6,6
31840,pospandemico,6,6
31842,posparto,6,6
31881,postigo,6,6
31894,postrimeria,6,6
31936,powerpoint,6,6
31977,prebendario,6,6
31979,precalentar,6,6
32035,predatorio,6,6
32070,preeminente,6,6
32085,preferente,6,6
32113,preguntandome,6,6
32165,prendedor,6,6
32215,prescindibl,6,6
32216,prescindible,6,6
32239,presentir,6,6
32242,preservado,6,6
32266,presionir,6,6
32308,presupuestos,6,6
32314,pretenciosa,6,6
32329,prevaleciente,6,6
32331,prevalente,6,6
32361,primariamente,6,6
32390,primos,6,6
32391,primus,6,6
32439,privados,6,6
32465,probabilistico,6,6
32543,producimos,6,6
32553,productorxs,6,6
32561,profanar,6,6
32621,progresia,6,6
32640,prohibitivo,6,6
32652,proliferir,6,6
32697,promovia,6,6
32706,pronosticado,6,6
32758,propulsar,6,6
32760,propulsor,6,6
32764,propusir,6,6
32771,prosaico,6,6
32780,prosecucion,6,6
32824,protejar,6,6
32837,prototipico,6,6
32858,proverbio,6,6
32867,provincializar,6,6
32909,pruebir,6,6
32922,psico,6,6
32987,publicacao,6,6
33108,pulseada,6,6
33152,puntano,6,6
33180,punzon,6,6
33189,purga,6,6
33217,puteir,6,6
33277,quedser,6,6
33299,queme,6,6
33332,quid,6,6
33344,quierir,6,6
33357,quilombero,6,6
33369,quincenal,6,6
33375,quiniento,6,6
33435,rabiosamente,6,6
33440,racconto,6,6
33450,racialmente,6,6
33453,raciocinio,6,6
33457,racionalismo,6,6
33497,radiohead,6,6
33529,ralentizado,6,6
33531,rallado,6,6
33556,rampante,6,6
33601,rapidito,6,6
33625,rasante,6,6
33646,rasposo,6,6
33720,razones,6,6
33730,reaccionaria,6,6
33813,rebalsa,6,6
33841,reboto,6,6
33944,recipient,6,6
33965,reclutado,6,6
33984,recolocar,6,6
34013,reconfirmar,6,6
34062,recordarir,6,6
34115,recubierto,6,6
34171,redemocratizacion,6,6
34213,redrado,6,6
34214,reduc,6,6
34223,redundacer,6,6
34235,reeducar,6,6
34265,reenvio,6,6
34273,reestrenar,6,6
34284,referencialidad,6,6
34300,referis,6,6
34330,reformado,6,6
34354,refrigerado,6,6
34370,refunfunar,6,6
34380,regalen,6,6
34403,regime,6,6
34434,reglar,6,6
34480,reier,6,6
34514,reinstalacion,6,6
34555,rejuvenecimiento,6,6
34568,relajamiento,6,6
34706,remora,6,6
34718,remunerativo,6,6
34720,ren,6,6
34764,renombrar,6,6
34776,rentabilizar,6,6
34791,renuncien,6,6
34792,renuncio,6,6
34811,reparadoro,6,6
34825,repartija,6,6
34886,repollo,6,6
34902,reposado,6,6
34973,republicanas,6,6
34992,repuntar,6,6
35095,resolverir,6,6
35160,resta,6,6
35206,retacon,6,6
35212,retardado,6,6
35214,retardatario,6,6
35224,reticular,6,6
35254,retorne,6,6
35335,revelada,6,6
35356,reverencial,6,6
35381,revincular,6,6
35415,revolea,6,6
35539,rinconcito,6,6
35540,rindo,6,6
35578,risotada,6,6
35581,rispido,6,6
35631,roberts,6,6
35646,robotizacion,6,6
35650,robusta,6,6
35690,rodet,6,6
35726,role,6,6
35857,rotulado,6,6
35953,rumbear,6,6
35964,runrun,6,6
35979,rusos,6,6
36044,sabueso,6,6
36051,sacarselo,6,6
36071,sacralidad,6,6
36109,safari,6,6
36232,salvado,6,6
36288,sanadoro,6,6
36365,santiaguino,6,6
36377,santisimo,6,6
36414,sarcofago,6,6
36457,satiro,6,6
36462,satisfagar,6,6
36504,scar,6,6
36505,scarcella,6,6
36514,schelotto,6,6
36564,scout,6,6
36575,seas,6,6
36641,sedacion,6,6
36644,sedar,6,6
36703,seguros,6,6
36795,senale,6,6
36821,senoria,6,6
36860,sentias,6,6
36987,sesentas,6,6
37063,sharon,6,6
37149,siemens,6,6
37217,silicio,6,6
37303,sinay,6,6
37374,sintiendome,6,6
37410,sistemas,6,6
37423,sitial,6,6
37476,snack,6,6
37526,sobrefacturacion,6,6
37529,sobrehumano,6,6
37535,sobremanera,6,6
37552,sobrerrepresentada,6,6
37582,sobrevivo,6,6
37586,sobria,6,6
37675,sofocado,6,6
37699,solapada,6,6
37723,soleil,6,6
37728,soliar,6,6
37785,somali,6,6
37833,sonora,6,6
37866,soporifero,6,6
37880,sorbona,6,6
37906,sorpres,6,6
37935,sostenes,6,6
37953,sotto,6,6
38011,sponsorear,6,6
38068,stefania,6,6
38097,stiletto,6,6
38201,subempleo,6,6
38220,subjefe,6,6
38232,sublimacion,6,6
38260,subregistro,6,6
38277,subsidiada,6,6
38326,sucedierar,6,6
38394,sufragar,6,6
38401,sufrierar,6,6
38423,suipacha,6,6
38440,sulfurico,6,6
38448,sumaria,6,6
38528,superpoderoso,6,6
38572,supra,6,6
38601,surfista,6,6
38636,suscripto,6,6
38679,susurrado,6,6
38764,taciturno,6,6
38850,tamaulipas,6,6
38870,tangente,6,6
38882,tanqueta,6,6
38889,tanteo,6,6
38895,tantxs,6,6
38907,tapas,6,6
38933,tararea,6,6
39003,taxativamente,6,6
39030,techito,6,6
39084,teen,6,6
39160,telgopor,6,6
39185,tembloros,6,6
39248,tendrar,6,6
39285,tensiona,6,6
39363,terminaste,6,6
39466,tetrico,6,6
39477,textos,6,6
39501,thenon,6,6
39541,tiembla,6,6
39560,tifon,6,6
39578,tildado,6,6
39612,timorato,6,6
39615,timpano,6,6
39621,tine,6,6
39675,tiritar,6,6
39707,titubeo,6,6
39765,toilette,6,6
39808,tomen,6,6
39828,tonica,6,6
39847,topetazo,6,6
39861,toquetear,6,6
39874,torear,6,6
39888,tornasolado,6,6
39921,tortillera,6,6
39937,toseir,6,6
39948,totalizador,6,6
40016,tracto,6,6
40052,tragicamente,6,6
40127,transcurrar,6,6
40168,transfronterizo,6,6
40171,transfusion,6,6
40191,transitacer,6,6
40204,translucido,6,6
40231,transpirada,6,6
40282,trasladen,6,6
40285,traslucido,6,6
40310,trastornado,6,6
40384,treintena,6,6
40387,trekking,6,6
40431,tribunero,6,6
40456,trillon,6,6
40483,tripulado,6,6
40515,triza,6,6
40570,trova,6,6
40639,tuits,6,6
40720,tuvieser,6,6
40796,ulloa,6,6
40832,ulular,6,6
40952,unxs,6,6
40999,urgentemente,6,6
41058,usuarios,6,6
41113,vacer,6,6
41139,vacuo,6,6
41337,vayan,6,6
41413,veja,6,6
41416,vejamen,6,6
41434,veleidad,6,6
41495,venerado,6,6
41553,veranear,6,6
41585,verduguear,6,6
41599,vergel,6,6
41644,vertedero,6,6
41682,vete,6,6
41736,viceministra,6,6
41753,viciosa,6,6
41808,vie,6,6
41829,vierar,6,6
41952,violatoria,6,6
41987,virginal,6,6
42015,visado,6,6
42044,visite,6,6
42054,vistar,6,6
42117,vivibl,6,6
42133,vivxs,6,6
42165,voila,6,6
42182,volcanica,6,6
42215,voluptuosa,6,6
42219,volvar,6,6
42279,vueltar,6,6
42369,webcam,6,6
42378,wegelin,6,6
42392,welschinger,6,6
42458,winner,6,6
42562,yanis,6,6
42627,yourself,6,6
42646,yugular,6,6
42694,zancada,6,6
42708,zapala,6,6
42719,zapatito,6,6
42769,zig,6,6
42773,zigzaguear,6,6
42804,zonzo,6,6
25,abarrot,5,6
280,acaramelado,5,6
345,aceptabilidad,5,6
418,acnur,5,6
528,acrobata,5,6
601,acumulador,5,6
611,acupuntura,5,6
788,adrenalin,5,6
817,adultocentrico,5,6
934,afliccion,5,6
950,afrancesado,5,6
971,afroestadounidense,5,6
1086,agrarias,5,6
1127,agrimensor,5,6
1197,aguilucho,5,6
1200,aguinis,5,6
1288,ajusticiamiento,5,6
1305,alambrar,5,6
1403,aldous,5,6
1448,alentadora,5,6
1649,alphabet,5,6
1656,alquilo,5,6
1737,alumnxs,5,6
1738,alunizaje,5,6
1887,americans,5,6
2132,andreis,5,6
2287,anonimos,5,6
2410,antidiscriminacion,5,6
2444,antiinmigracion,5,6
2454,antimacrista,5,6
2485,antiprogresista,5,6
2493,antisemitas,5,6
2504,antiviral,5,6
2527,antropofagia,5,6
2537,antropomorfico,5,6
2557,anverso,5,6
2608,apartamiento,5,6
2648,apestado,5,6
2674,aplaudar,5,6
2692,aplicador,5,6
2845,apuestir,5,6
2931,arcaismo,5,6
3009,argentine,5,6
3081,armani,5,6
3126,arquidiocesis,5,6
3158,arrear,5,6
3173,arreir,5,6
3224,arroje,5,6
3268,artesana,5,6
3307,artivista,5,6
3617,atenuacion,5,6
3745,atrofia,5,6
3841,australian,5,6
3965,automovilismo,5,6
4098,averno,5,6
4297,bailen,5,6
4300,bailo,5,6
4365,bale,5,6
4369,bali,5,6
4383,ballroom,5,6
4444,bandana,5,6
4507,baratija,5,6
4542,bardet,5,6
4586,barrilet,5,6
4644,bastarda,5,6
4704,bausch,5,6
4741,beatniks,5,6
4758,bebo,5,6
4780,before,5,6
4825,bellotti,5,6
4912,berlines,5,6
4965,bestseller,5,6
4966,bet,5,6
4974,bette,5,6
5204,blancas,5,6
5209,blancura,5,6
5259,bloom,5,6
5316,boggiano,5,6
5341,boletero,5,6
5430,bondis,5,6
5461,bora,5,6
5716,brodsky,5,6
5784,bucal,5,6
5853,bullrrich,5,6
5880,burger,5,6
5933,buscarte,5,6
6061,cacofonia,5,6
6117,caipirinha,5,6
6229,callejuela,5,6
6231,callir,5,6
6333,caminado,5,6
6355,camisolin,5,6
6378,campeones,5,6
6440,canchera,5,6
6644,caracazo,5,6
6660,carancho,5,6
6696,card,5,6
6734,cargas,5,6
6782,carlson,5,6
6803,carnes,5,6
6865,carronero,5,6
6943,cascotazo,5,6
7078,catr,5,6
7083,catterberg,5,6
7185,ceibo,5,6
7219,celibes,5,6
7458,champana,5,6
7470,chancleta,5,6
7531,chasis,5,6
7590,chevere,5,6
7658,chingada,5,6
7661,chinita,5,6
7705,cho,5,6
7729,chong,5,6
7752,chorros,5,6
7753,chota,5,6
7788,chupete,5,6
7859,cientificista,5,6
7930,cipayo,5,6
7941,circula,5,6
8086,claus,5,6
8237,cocinamos,5,6
8278,coetaneo,5,6
8292,coghlan,5,6
8296,cognoscitivo,5,6
8404,colico,5,6
8523,comediant,5,6
8537,comento,5,6
8587,comisionar,5,6
8630,companeras,5,6
8682,compet,5,6
8687,competi,5,6
8911,concesivo,5,6
8941,concomitancia,5,6
9047,confederal,5,6
9208,connotado,5,6
9243,consagre,5,6
9276,conserva,5,6
9403,consultadoir,5,6
9404,consultant,5,6
9442,contactado,5,6
9483,contemporaneamente,5,6
9585,contraindicacion,5,6
9890,coreas,5,6
9913,cornudo,5,6
10095,cosificador,5,6
10178,county,5,6
10185,cow,5,6
10304,criminalista,5,6
10374,cromado,5,6
10460,cuadradito,5,6
10502,cuantificacion,5,6
10673,culpos,5,6
10726,cupido,5,6
10798,cut,5,6
10894,dannan,5,6
10947,daunes,5,6
10984,debatesudesa,5,6
11026,decadas,5,6
11365,demando,5,6
11534,depredatorio,5,6
11555,derechizar,5,6
11603,derruida,5,6
11675,desaguisado,5,6
11747,desarrolle,5,6
11818,descansado,5,6
11997,deseabilidad,5,6
12051,desenfado,5,6
12138,desgarra,5,6
12172,deshidratado,5,6
12175,deshilachaber,5,6
12180,deshonestidad,5,6
12185,deshumanizante,5,6
12304,desmontaje,5,6
12314,desmovilizado,5,6
12415,desperezar,5,6
12435,despintado,5,6
12439,desplacer,5,6
12667,deudas,5,6
12722,diabla,5,6
12731,diafragma,5,6
12823,diderot,5,6
12859,diferendo,5,6
12890,diganme,5,6
12919,dijimos,5,6
12965,dinamizador,5,6
13086,disconforme,5,6
13230,dispensar,5,6
13232,dispenser,5,6
13321,diu,5,6
13359,divisivo,5,6
13378,djokovic,5,6
13414,docu,5,6
13469,domenech,5,6
13663,duco,5,6
13700,dulzon,5,6
13837,economizar,5,6
14029,electa,5,6
14042,electrica,5,6
14054,electrocutado,5,6
14105,eliecer,5,6
14148,eln,5,6
14270,emerge,5,6
14330,empalar,5,6
14338,empapada,5,6
14472,empunadura,5,6
14560,encarnizar,5,6
14647,encubiertar,5,6
14716,energizante,5,6
14737,enferme,5,6
14791,engendrir,5,6
14945,enser,5,6
15057,entremezclada,5,6
15089,entrevero,5,6
15121,entumecimiento,5,6
15179,enzima,5,6
15253,equitacion,5,6
15270,equivoque,5,6
15484,escondit,5,6
15560,escuchen,5,6
15579,escultorico,5,6
15596,esfinge,5,6
15610,eslavo,5,6
15943,estencil,5,6
15971,estetizar,5,6
16016,estival,5,6
16117,estruendos,5,6
16235,eugene,5,6
16385,excavadora,5,6
16396,excelentisimo,5,6
16588,expiacion,5,6
16653,exposiciones,5,6
16670,expresividad,5,6
16827,fabi,5,6
16913,fakenews,5,6
16931,falgbt,5,6
17000,fanfarron,5,6
17041,fardo,5,6
17108,faurie,5,6
17191,felicitas,5,6
17357,ficcionado,5,6
17365,fichaje,5,6
17377,fidelizacion,5,6
17425,fijense,5,6
17441,filho,5,6
17485,filtrada,5,6
17604,fixture,5,6
17696,florido,5,6
17748,fogoso,5,6
17969,fracturada,5,6
18172,fsoc,5,6
18381,gajo,5,6
18383,galactico,5,6
18401,galia,5,6
18489,gar,5,6
18523,garfunkel,5,6
18550,garton,5,6
18624,gayle,5,6
18644,gelbard,5,6
18774,georgiano,5,6
18857,giberti,5,6
18884,giles,5,6
18931,girardi,5,6
19001,globos,5,6
19082,golpeo,5,6
19097,gomita,5,6
19414,grunon,5,6
19569,gusman,5,6
19748,half,5,6
19756,halloween,5,6
19791,hansen,5,6
19848,hawaii,5,6
20014,hermeticamente,5,6
20048,herrmann,5,6
20139,higienismo,5,6
20197,hinduista,5,6
20303,historizacion,5,6
20357,holguin,5,6
20380,homeland,5,6
20505,horticola,5,6
20716,ibope,5,6
20718,ibsen,5,6
20800,igal,5,6
20816,igor,5,6
21063,importunar,5,6
21224,inca,5,6
21228,incandescente,5,6
21264,incinerada,5,6
21330,incomunicar,5,6
21682,infanticidio,5,6
21686,infantilizado,5,6
21715,infertil,5,6
21803,inframundo,5,6
21948,inmigrantes,5,6
22209,insulina,5,6
22220,insumisa,5,6
22260,intelectualismo,5,6
22269,intemperancia,5,6
22274,intemporal,5,6
22350,interconsulta,5,6
22373,interestelar,5,6
22405,intermediaria,5,6
22432,internismo,5,6
22436,interoceanico,5,6
22437,interoperabilidad,5,6
22501,intertextualidad,5,6
22553,intranquilizar,5,6
22579,intro,5,6
22617,invadiar,5,6
22864,irsa,5,6
22872,isaias,5,6
22875,isiboro,5,6
22888,islandes,5,6
23030,jarro,5,6
23038,javi,5,6
23051,jeanette,5,6
23079,jerarquias,5,6
23106,jesusa,5,6
23162,johns,5,6
23203,jotape,5,6
23246,judeo,5,6
23258,judo,5,6
23300,juliano,5,6
23378,juveniles,5,6
23427,karol,5,6
23496,kid,5,6
23497,kids,5,6
23545,kiwi,5,6
23614,kurdistan,5,6
23623,kusturica,5,6
23646,laboriosamente,5,6
23712,lafuente,5,6
23726,laica,5,6
23728,laicismo,5,6
23763,lampedusa,5,6
23856,lascano,5,6
23966,leaders,5,6
24002,lecturas,5,6
24242,liberalizar,5,6
24281,librera,5,6
24374,limites,5,6
24375,limito,5,6
24388,limpido,5,6
24433,linklater,5,6
24447,liquidado,5,6
24499,litvachky,5,6
24559,llega,5,6
24658,localista,5,6
24719,lombriz,5,6
24770,losa,5,6
24918,lurzer,5,6
24998,macmillan,5,6
25055,maestrxs,5,6
25111,magritte,5,6
25137,maiten,5,6
25164,malandra,5,6
25209,mali,5,6
25237,malparido,5,6
25323,mandastar,5,6
25403,manodurista,5,6
25600,marginalizada,5,6
25618,marias,5,6
25753,masacro,5,6
25815,masters,5,6
25844,mateada,5,6
26005,mecanizado,5,6
26006,mecano,5,6
26108,meeting,5,6
26112,megadevaluacion,5,6
26131,mejicano,5,6
26203,mena,5,6
26366,merle,5,6
26430,metallica,5,6
26445,metemos,5,6
26451,meteorologo,5,6
26569,mid,5,6
26695,min,5,6
26749,minoridad,5,6
26763,minutito,5,6
26781,miralo,5,6
26847,misse,5,6
26859,mistificado,5,6
26885,mixta,5,6
26921,modelado,5,6
26984,mohicano,5,6
27029,moll,5,6
27093,monobloque,5,6
27098,monogama,5,6
27279,moroso,5,6
27280,morozov,5,6
27292,mortandad,5,6
27323,mostrarir,5,6
27345,motivador,5,6
27355,motora,5,6
27356,motorhome,5,6
27537,multiplataforma,5,6
27548,multipremiado,5,6
27556,multitudes,5,6
27716,nahon,5,6
27793,narradoro,5,6
27828,nativismo,5,6
28091,newbery,5,6
28128,nidera,5,6
28138,niet,5,6
28260,nomades,5,6
28387,nous,5,6
28453,nudista,5,6
28512,obamacare,5,6
28531,objetable,5,6
28540,objetivista,5,6
28604,obsesiva,5,6
28716,ocurrente,5,6
28731,odie,5,6
28739,odontologa,5,6
28740,odontologia,5,6
28868,oliverio,5,6
29054,oracle,5,6
29106,orfebre,5,6
29201,orson,5,6
29230,osario,5,6
29311,outlet,5,6
29420,padrinazgo,5,6
29624,panperonismo,5,6
29642,pantoja,5,6
29752,parapetar,5,6
29844,parodica,5,6
29925,partisano,5,6
30045,patata,5,6
30167,pavese,5,6
30240,pedante,5,6
30388,pence,5,6
30589,performir,5,6
30598,pergola,5,6
30615,perimido,5,6
30648,permafrost,5,6
30664,permitar,5,6
30714,persecutorio,5,6
30739,personalisima,5,6
30821,pesificado,5,6
30835,pestaneo,5,6
30846,petersen,5,6
30884,pfa,5,6
30893,philips,5,6
30900,photos,5,6
30959,pichiciegos,5,6
30969,pictorico,5,6
31031,pileton,5,6
31336,playera,5,6
31381,plomizo,5,6
31396,pluralizacion,5,6
31441,pocos,5,6
31494,pola,5,6
31542,polietileno,5,6
31555,polino,5,6
31602,polvillo,5,6
31615,pompeu,5,6
31732,porra,5,6
31813,posibilismo,5,6
31943,ppt,5,6
31949,practicant,5,6
31980,precandidata,5,6
32111,preguntalir,5,6
32158,premoderno,5,6
32164,prende,5,6
32286,prestifilippo,5,6
32351,pride,5,6
32354,priista,5,6
32396,principado,5,6
32485,problemita,5,6
32519,procrastinacion,5,6
32535,prodiga,5,6
32536,prodigar,5,6
32585,profesorxs,5,6
32740,propix,5,6
32774,proscribeir,5,6
33025,pudoros,5,6
33026,pudran,5,6
33099,pulp,5,6
33126,punadito,5,6
33194,purificado,5,6
33195,purificador,5,6
33221,putita,5,6
33301,quentin,5,6
33354,quilapayun,5,6
33414,quitamos,5,6
33438,rabolini,5,6
33553,ramones,5,6
33562,ranchera,5,6
33571,randazzismo,5,6
33631,rasgado,5,6
33666,ratear,5,6
33750,readecuacion,5,6
33768,realinear,5,6
33816,rebanada,5,6
33919,reciban,5,6
34001,reconcentrado,5,6
34209,redondito,5,6
34462,regularizado,5,6
34510,reinoso,5,6
34609,relevada,5,6
34618,relieves,5,6
34635,relojeria,5,6
34691,remixado,5,6
34713,remplazar,5,6
34964,reprogramacion,5,6
34968,reptar,5,6
34979,republique,5,6
34996,reputado,5,6
35058,residentes,5,6
35079,resiste,5,6
35082,resistentes,5,6
35144,respondistir,5,6
35187,resucitacion,5,6
35210,retahila,5,6
35244,retomo,5,6
35262,retransmision,5,6
35299,retuit,5,6
35345,revender,5,6
35564,ripoll,5,6
35750,romario,5,6
35761,rompas,5,6
35798,rorty,5,6
35830,rosista,5,6
35897,rubin,5,6
35916,rudy,5,6
36016,saben,5,6
36017,saberes,5,6
36033,saborido,5,6
36249,salvas,5,6
36327,sangro,5,6
36381,santojanni,5,6
36445,sat,5,6
36464,satoshi,5,6
36558,scooter,5,6
36562,scotch,5,6
36565,scouts,5,6
36568,scroll,5,6
36584,secador,5,6
36595,secret,5,6
36617,secuencio,5,6
36633,secundarios,5,6
36634,secure,5,6
36756,semiautomatico,5,6
36812,senero,5,6
36819,senoras,5,6
36859,senti,5,6
36907,sepulturero,5,6
36946,series,5,6
36949,serle,5,6
36971,services,5,6
36980,servil,5,6
37083,shi,5,6
37116,siames,5,6
37195,siguir,5,6
37244,simbiotica,5,6
37279,simplificadoro,5,6
37281,simplismo,5,6
37314,sincronico,5,6
37421,site,5,6
37438,skater,5,6
37564,sobretodir,5,6
37640,sociologicas,5,6
37730,solicitante,5,6
37778,solvent,5,6
37786,somalia,5,6
37813,sonajero,5,6
37949,soterrado,5,6
37962,souto,5,6
37988,specific,5,6
38088,stevenson,5,6
38124,strass,5,6
38175,subcampeonato,5,6
38275,subsecuente,5,6
38315,subvirteir,5,6
38443,sultan,5,6
38708,swing,5,6
38803,tajantemente,5,6
38818,talentos,5,6
38935,tarareo,5,6
39122,teledirigido,5,6
39138,telemundo,5,6
39379,terna,5,6
39386,terranova,5,6
39391,terratenient,5,6
39442,testarudo,5,6
39465,tetra,5,6
39470,tex,5,6
39510,thing,5,6
39525,through,5,6
39552,tiernamente,5,6
39580,tilde,5,6
39720,tiznado,5,6
39724,tlc,5,6
39753,todesca,5,6
39875,torero,5,6
39894,tornero,5,6
39942,tostar,5,6
39971,toxicologico,5,6
40047,tragado,5,6
40106,tranquilizadora,5,6
40147,transfiguracion,5,6
40216,transmutacion,5,6
40234,transpiro,5,6
40261,traqueteo,5,6
40355,travestir,5,6
40397,trenes,5,6
40492,tristisimo,5,6
40533,trolo,5,6
40599,trust,5,6
40638,tuitosfera,5,6
40643,tulipan,5,6
40712,tutora,5,6
40731,twin,5,6
40737,twitteo,5,6
40771,ucedeista,5,6
40803,ultimas,5,6
40874,unicameral,5,6
40927,universidade,5,6
40943,unplugged,5,6
40944,unq,5,6
40960,upgrade,5,6
40964,upper,5,6
41000,urgido,5,6
41050,usp,5,6
41063,usurero,5,6
41205,valladares,5,6
41214,vallese,5,6
41264,vanity,5,6
41298,varilla,5,6
41411,veira,5,6
41475,vendes,5,6
41720,vibra,5,6
41760,victimaria,5,6
41823,vienes,5,6
42012,viruta,5,6
42045,visito,5,6
42072,vitali,5,6
42096,vivaldi,5,6
42153,vocear,5,6
42167,vola,5,6
42176,volantear,5,6
42232,volvio,5,6
42280,vueltita,5,6
42318,walk,5,6
42510,writers,5,6
42564,yankees,5,6
42648,yungas,5,6
42649,yungay,5,6
42657,yuval,5,6
42707,zapado,5,6
42771,zigzagueant,5,6
42799,zonas,5,6
42811,zoonotico,5,6
40,abdicacion,4,6
257,academicos,4,6
630,adamo,4,6
943,afonia,4,6
1133,agroecologica,4,6
1223,ahogamiento,4,6
1264,aislante,4,6
1521,algunes,4,6
1578,aliverti,4,6
1667,altamar,4,6
1837,ambient,4,6
1897,ameu,4,6
1954,amorim,4,6
2041,analogias,4,6
2129,andreani,4,6
2171,anfibiapapel,4,6
2401,anticuarentena,4,6
2421,antiestatista,4,6
2431,antiglobalizacion,4,6
2887,aramayo,4,6
2896,arancibia,4,6
2997,aret,4,6
3164,arrecifes,4,6
3292,artificios,4,6
3341,ascasubi,4,6
3519,astrid,4,6
3590,ateismo,4,6
3637,atesoramiento,4,6
3868,autoayudo,4,6
3927,autoexclusion,4,6
3949,autoinmune,4,6
3951,autolimitacion,4,6
4145,awards,4,6
4179,ayudantia,4,6
4194,azalea,4,6
4464,banero,4,6
4490,banzer,4,6
4646,bastardeado,4,6
4731,bea,4,6
4744,beautiful,4,6
4772,beckenbauer,4,6
4938,bersa,4,6
5026,bielorrusia,4,6
5053,biglia,4,6
5132,biombo,4,6
5180,biza,4,6
5271,bluetooth,4,6
5360,bolivianos,4,6
5440,bonn,4,6
5507,borrelli,4,6
5509,borri,4,6
5549,botero,4,6
5779,brutos,4,6
5797,buckingham,4,6
5888,burke,4,6
5915,burruchaga,4,6
5939,busnelli,4,6
5960,buzzi,4,6
6028,cabulero,4,6
6102,cagazo,4,6
6821,carpe,4,6
6880,cartelizacion,4,6
6913,cary,4,6
7207,celebrities,4,6
7407,cesta,4,6
7448,challenge,4,6
7568,chejfec,4,6
7746,chorobik,4,6
7773,chucho,4,6
7780,chung,4,6
7808,ciberacoso,4,6
7880,cilantro,4,6
8103,clean,4,6
8144,clio,4,6
8410,colin,4,6
8613,comorbilidad,4,6
8914,conchudo,4,6
9286,conservant,4,6
9328,consonante,4,6
9835,copula,4,6
9854,corazones,4,6
9899,corin,4,6
10003,corresponsalia,4,6
10121,cosse,4,6
10146,costumbres,4,6
10197,cozzi,4,6
10321,criollista,4,6
10323,criopreservacion,4,6
10371,croce,4,6
10618,cueto,4,6
10639,cuidate,4,6
10748,curiae,4,6
10763,curry,4,6
10895,danny,4,6
10927,darth,4,6
11029,decadentes,4,6
11087,decisiones,4,6
11432,denegacion,4,6
11826,descarbonizar,4,6
12158,desgrabar,4,6
12490,despret,4,6
12835,diem,4,6
12923,dijk,4,6
13001,diputad,4,6
13467,dome,4,6
13556,dorothy,4,6
13575,doug,4,6
13617,drew,4,6
13644,drummond,4,6
13722,dupuy,4,6
13878,edison,4,6
13922,efe,4,6
14066,electroshock,4,6
14074,elegibl,4,6
14140,elliott,4,6
14628,encorsetar,4,6
14679,endeudir,4,6
14699,ene,4,6
15190,epidemico,4,6
15207,episiotomia,4,6
15271,eramos,4,6
15275,erasmo,4,6
15358,escafandra,4,6
15422,escazu,4,6
15463,escogidos,4,6
15493,escotado,4,6
15780,esponjoso,4,6
16256,eusebio,4,6
16312,everything,4,6
16911,fak,4,6
17026,fantasy,4,6
17218,femicir,4,6
17338,few,4,6
17368,fico,4,6
17403,figueiredo,4,6
17405,figueredo,4,6
17444,filiar,4,6
17480,filosofar,4,6
17600,fitzpatrick,4,6
17747,fogonero,4,6
17813,force,4,6
17828,forever,4,6
17914,fotito,4,6
17919,fotogaleria,4,6
17958,fracasamos,4,6
18074,freezado,4,6
18097,frentes,4,6
18415,galli,4,6
18551,garua,4,6
18628,gazati,4,6
18874,giglio,4,6
18888,gillespie,4,6
18889,gilliam,4,6
18918,gioconda,4,6
18998,globes,4,6
19060,goldstein,4,6
19105,goni,4,6
19166,gotze,4,6
19494,guelar,4,6
19536,guin,4,6
19539,guinda,4,6
19666,hablen,4,6
19717,had,4,6
19932,hello,4,6
19955,henna,4,6
19959,henriquez,4,6
20112,hidraulica,4,6
20165,hilary,4,6
20270,hirviente,4,6
20355,holgazan,4,6
20666,humpty,4,6
20721,icaro,4,6
20765,ideograma,4,6
21268,incision,4,6
22070,inseminacion,4,6
22181,institutriz,4,6
22298,intensivista,4,6
22390,interiorizacion,4,6
22523,intimacion,4,6
23048,jazzera,4,6
23111,jihadista,4,6
23176,joplin,4,6
23344,jurgen,4,6
23450,keaton,4,6
23455,keir,4,6
23610,kung,4,6
23676,lacolo,4,6
23730,lainez,4,6
23969,leaks,4,6
24005,lederer,4,6
24453,lira,4,6
24512,livingston,4,6
24774,lospenatto,4,6
24807,ltd,4,6
24845,lucky,4,6
24892,lumbalgia,4,6
24937,lydia,4,6
24950,macabeos,4,6
24958,macaya,4,6
24963,macdonald,4,6
25072,magic,4,6
25175,malcriado,4,6
25222,mallarme,4,6
25524,marano,4,6
25574,mardulce,4,6
25689,marque,4,6
25889,matrero,4,6
25941,maxwell,4,6
26042,mediapart,4,6
26125,meglio,4,6
26204,menarca,4,6
26351,merida,4,6
26518,miceli,4,6
26666,millas,4,6
26671,millet,4,6
26785,miramir,4,6
27054,moncloa,4,6
27065,monetaria,4,6
27108,monologuista,4,6
27111,monopatin,4,6
27149,montalva,4,6
27245,morenista,4,6
27414,mrs,4,6
27415,msi,4,6
27421,mtp,4,6
27449,mudez,4,6
27459,mueran,4,6
27675,myanmar,4,6
27734,namibia,4,6
27877,nayarit,4,6
28020,nerina,4,6
28029,nes,4,6
28115,niceto,4,6
28160,nikon,4,6
28369,noticiabilidad,4,6
28374,noticiosa,4,6
28408,november,4,6
28528,obito,4,6
28586,observa,4,6
28846,oliden,4,6
29028,oprimen,4,6
29327,ovd,4,6
29369,pacena,4,6
29499,palavecino,4,6
29504,paleolibertario,4,6
29658,pap,4,6
29729,paralelas,4,6
29749,paranoide,4,6
29962,pasco,4,6
30017,pastillero,4,6
30089,patova,4,6
30149,paulon,4,6
30188,paysandu,4,6
30337,peligrosos,4,6
30389,penchaszadeh,4,6
30391,pendeja,4,6
30413,penis,4,6
30616,perinatal,4,6
30817,pescuezo,4,6
30887,pharma,4,6
30896,phoebe,4,6
31040,pilmaiquen,4,6
31121,pioneer,4,6
31587,pollan,4,6
31738,portaavion,4,6
31856,postcolonial,4,6
31971,preadolescent,4,6
31983,precaria,4,6
32419,priscilla,4,6
32431,priva,4,6
32472,probas,4,6
32495,procelac,4,6
32859,provida,4,6
32947,psicopedagogia,4,6
33047,puerca,4,6
33280,queensland,4,6
33432,rabina,4,6
33511,raices,4,6
33515,raimundo,4,6
33572,randazzista,4,6
33691,raverta,4,6
34411,regionalismo,4,6
34478,reid,4,6
34549,rejtman,4,6
34637,relojito,4,6
34721,renabap,4,6
34878,replicacion,4,6
34913,reposteria,4,6
34995,reputacional,4,6
35354,reverdecer,4,6
35544,rings,4,6
35582,risso,4,6
35710,rogers,4,6
35818,rosello,4,6
36098,sadin,4,6
36099,sadir,4,6
36237,salvai,4,6
36292,sancho,4,6
36392,sapucay,4,6
36420,sari,4,6
36510,schargrodsky,4,6
36542,schvartzman,4,6
36566,scrabble,4,6
36780,sen,4,6
36967,servera,4,6
36995,seso,4,6
36997,sessions,4,6
37017,severino,4,6
37137,siderca,4,6
37143,sie,4,6
37470,smn,4,6
37508,sobreadaptacion,4,6
37689,sojuzgamiento,4,6
37738,solidamente,4,6
37996,spiegel,4,6
38001,spinelli,4,6
38056,starmer,4,6
38100,sting,4,6
38248,suboficiales,4,6
38255,subraya,4,6
38413,sugestion,4,6
38546,supervisora,4,6
38886,tantanian,4,6
38949,tarducci,4,6
38958,tarija,4,6
39136,telemarketer,4,6
39147,teleserie,4,6
39323,terapista,4,6
39387,terraplanismo,4,6
39460,tete,4,6
39484,thai,4,6
39827,tonic,4,6
39834,tonito,4,6
39976,tozudo,4,6
40260,traqueotomia,4,6
40366,trayvon,4,6
40571,trovador,4,6
40613,tucker,4,6
40620,tudo,4,6
40769,ucd,4,6
40885,unidimensional,4,6
40956,uomo,4,6
40980,urbanizada,4,6
41233,value,4,6
41671,vestidor,4,6
41729,vicedirector,4,6
41843,vigilador,4,6
41891,villareal,4,6
41892,villarino,4,6
42079,vitaminico,4,6
42134,vizcarra,4,6
42194,volta,4,6
42271,vucetich,4,6
42476,wokismo,4,6
42484,won,4,6
42530,xipolitakis,4,6
42541,yaber,4,6
42573,yasnaya,4,6
42637,yrigoyenista,4,6
42722,zapiola,4,6
42734,zarismo,4,6
42756,zenon,4,6
42780,zina,4,6
377,acha,3,6
986,agapito,3,6
1920,amini,3,6
2049,anana,3,6
2070,anc,3,6
2097,andahazi,3,6
2248,animation,3,6
2312,anpcyt,3,6
2689,aplicaciones,3,6
2864,apure,3,6
3274,arthaus,3,6
3306,artivismo,3,6
3316,arvac,3,6
3498,ass,3,6
3515,aston,3,6
3908,autodenigracion,3,6
4244,bachelard,3,6
4690,battaglia,3,6
4768,beccaria,3,6
4843,bendiciones,3,6
4881,benja,3,6
4892,beraja,3,6
4902,berges,3,6
4942,bertha,3,6
5096,bing,3,6
5101,binominal,3,6
5240,blender,3,6
5282,bobbio,3,6
5392,bombal,3,6
5560,bottinelli,3,6
5689,brin,3,6
5788,bucca,3,6
5845,bulimia,3,6
5864,bund,3,6
5917,burstein,3,6
5947,buster,3,6
6120,cajamarca,3,6
6134,calabrese,3,6
6397,camporismo,3,6
6634,capurro,3,6
6775,carlito,3,6
6788,carmencita,3,6
6898,cartografo,3,6
6957,casielles,3,6
7008,castrilli,3,6
7143,cbd,3,6
7146,cccb,3,6
7642,chillan,3,6
8131,climate,3,6
8389,colegiala,3,6
8589,comiste,3,6
8860,conadi,3,6
8891,conceptualismos,3,6
9164,conifera,3,6
9400,consular,3,6
9649,contributiva,3,6
9972,corregimiento,3,6
10168,cotton,3,6
10179,cour,3,6
10324,cripta,3,6
10340,cristaleria,3,6
10797,customs,3,6
10806,cxrecs,3,6
10888,danielito,3,6
11294,delhi,3,6
11348,dem,3,6
11387,democracias,3,6
12403,despeje,3,6
12424,despertate,3,6
12780,dibujamos,3,6
13413,doctrine,3,6
13518,dondo,3,6
13610,dreamer,3,6
13647,dry,3,6
13706,dumpty,3,6
13709,dunne,3,6
13714,duplaa,3,6
13766,eamon,3,6
13811,ecografo,3,6
14015,elargentinozn,3,6
14328,empadronamiento,3,6
14658,encuestad,3,6
15258,equivalencial,3,6
15363,escalador,3,6
16182,etecsa,3,6
16273,evaluativo,3,6
17085,fatah,3,6
17566,fiscalidad,3,6
17598,fitzcarraldo,3,6
17755,fola,3,6
17951,fpds,3,6
18179,fueguin,3,6
18417,gallimard,3,6
18440,gamaleya,3,6
18567,gasolinazo,3,6
18655,gemini,3,6
18812,gessaghi,3,6
18890,gilligan,3,6
18912,ginkgo,3,6
18965,gladis,3,6
18972,glande,3,6
19015,glucos,3,6
19582,gutman,3,6
19835,hassan,3,6
20086,heysel,3,6
20172,hills,3,6
20435,honneth,3,6
21047,imponibl,3,6
21585,indra,3,6
21613,inecip,3,6
22084,inshallah,3,6
23001,janeth,3,6
23004,january,3,6
23044,jaz,3,6
23045,jazeera,3,6
23299,julianne,3,6
23319,junipero,3,6
23400,kamikaze,3,6
23531,kioto,3,6
23599,kubitschek,3,6
23798,lanzagranada,3,6
23839,laringe,3,6
23940,lavarden,3,6
23964,lead,3,6
24099,leni,3,6
24133,leoz,3,6
24301,licha,3,6
24495,litto,3,6
24581,lleras,3,6
24606,llm,3,6
24721,lomitas,3,6
24798,lowe,3,6
25041,madurado,3,6
25113,magui,3,6
25557,marchetti,3,6
25735,maruska,3,6
25779,mash,3,6
25896,matrilineal,3,6
25987,mcs,3,6
25992,mead,3,6
26026,medel,3,6
26490,meus,3,6
26683,mima,3,6
26894,mlc,3,6
26998,moldavia,3,6
27070,monetizado,3,6
27156,montano,3,6
27169,montessori,3,6
27199,moori,3,6
27267,morla,3,6
27531,multimodal,3,6
27581,munequera,3,6
27590,municipalizacion,3,6
27863,navdanya,3,6
27971,nem,3,6
28204,nito,3,6
28216,nml,3,6
28249,nogueira,3,6
28514,obdulio,3,6
28664,occrp,3,6
28672,oceanografico,3,6
28900,olympe,3,6
29108,orfeo,3,6
29215,ortografico,3,6
29457,paine,3,6
29507,paleontologico,3,6
29610,panesi,3,6
29965,pascuale,3,6
30085,patos,3,6
30111,patriotas,3,6
30137,paty,3,6
30185,payne,3,6
30198,pdi,3,6
30200,pdvsa,3,6
30304,peixoto,3,6
31196,piumato,3,6
31407,plutarco,3,6
31495,polaca,3,6
31561,polista,3,6
31774,portorriqueno,3,6
31880,posthumanismo,3,6
31968,prd,3,6
32355,prilidiano,3,6
32966,psl,3,6
33390,quinteto,3,6
33575,randy,3,6
33648,rasti,3,6
33693,ravignani,3,6
33708,rayon,3,6
33799,reas,3,6
33931,reciclabl,3,6
33935,recicladores,3,6
34200,redoblante,3,6
34584,relationship,3,6
34683,remises,3,6
34939,reprimarizacion,3,6
35464,riba,3,6
35706,rofman,3,6
35865,rourke,3,6
35881,rozanski,3,6
35965,rupias,3,6
35977,rusito,3,6
36134,saiz,3,6
36196,salma,3,6
36274,sampl,3,6
36300,sandberg,3,6
36306,sandleris,3,6
36544,schwarz,3,6
37200,silas,3,6
37569,sobrevaluado,3,6
37876,soraya,3,6
38182,subcontratacion,3,6
38476,sune,3,6
38842,talmud,3,6
39340,terere,3,6
39402,terricidio,3,6
39487,thames,3,6
39571,tiki,3,6
39671,tiratiro,3,6
39731,tobias,3,6
39807,tomei,3,6
40162,transformer,3,6
40374,trebisacce,3,6
40480,tripoli,3,6
40789,ugarteche,3,6
40854,undav,3,6
40860,underwood,3,6
40970,uranga,3,6
41157,vai,3,6
41184,valeriasampedro,3,6
41595,veredita,3,6
41839,vigi,3,6
42293,vulgata,3,6
42334,walzer,3,6
42342,wark,3,6
42456,winka,3,6
42572,yasmin,3,6
42577,yeah,3,6
42681,zaldivar,3,6
42750,zelarayan,3,6
42792,zoja,3,6
42814,zorrito,3,6
42817,zorzoli,3,6
42830,zulma,3,6
9,abanderar,5,5
19,abarato,5,5
64,abismar,5,5
74,abocada,5,5
84,abolengo,5,5
114,abortista,5,5
133,abrasador,5,5
135,abrasivo,5,5
141,abre,5,5
143,abreu,5,5
148,abreviar,5,5
216,abulico,5,5
226,aburridisimo,5,5
229,aburrimos,5,5
250,acabo,5,5
262,acalambrado,5,5
263,acalambrar,5,5
285,acaricio,5,5
321,aceitada,5,5
325,aceitero,5,5
360,acercamos,5,5
361,acercandonos,5,5
363,acercarte,5,5
383,achica,5,5
426,acolito,5,5
458,acondicionamiento,5,5
489,acorralamiento,5,5
497,acostada,5,5
505,acostumbrir,5,5
533,actas,5,5
578,acuchillado,5,5
586,acudi,5,5
609,acuos,5,5
610,acuoso,5,5
612,acupunturista,5,5
613,acurrucado,5,5
646,adecuan,5,5
652,adelantamos,5,5
670,adheir,5,5
702,adivinir,5,5
725,administrativamente,5,5
754,adonis,5,5
763,adora,5,5
790,adrenalinico,5,5
793,adriano,5,5
805,adulacion,5,5
822,advenedizo,5,5
838,advirtierar,5,5
840,adyacencia,5,5
848,aerobico,5,5
879,afectividades,5,5
884,afectuosamente,5,5
915,afinacion,5,5
919,afincar,5,5
938,aflojo,5,5
942,afluente,5,5
1020,agent,5,5
1022,agentes,5,5
1038,agito,5,5
1095,agraviante,5,5
1106,agregas,5,5
1146,agropecuarias,5,5
1212,aguzar,5,5
1233,ahorrir,5,5
1237,ahuecar,5,5
1248,ainda,5,5
1260,airways,5,5
1278,ajetreo,5,5
1282,ajustadisimo,5,5
1291,akal,5,5
1300,alado,5,5
1335,albania,5,5
1396,alcurnia,5,5
1405,aleacion,5,5
1412,aleccionadora,5,5
1421,alegorico,5,5
1445,alende,5,5
1481,alfabetizado,5,5
1529,aliados,5,5
1536,alicaida,5,5
1552,alimana,5,5
1623,almorzo,5,5
1625,almuerzan,5,5
1725,alumbramiento,5,5
1758,alzo,5,5
1781,amanado,5,5
1811,amarre,5,5
1831,ambages,5,5
1845,ambientalmente,5,5
1898,ami,5,5
1913,amigue,5,5
1914,amiguismo,5,5
1929,amnesty,5,5
1930,amniotico,5,5
1933,amnistiar,5,5
1939,amonestacion,5,5
1955,amorio,5,5
1973,amperimetro,5,5
1995,amputada,5,5
2000,amuchado,5,5
2011,anacronia,5,5
2029,analisi,5,5
2071,anca,5,5
2082,anchorena,5,5
2095,andado,5,5
2099,andalucia,5,5
2106,andanza,5,5
2130,andreas,5,5
2164,anexado,5,5
2170,anfibiacristian,5,5
2222,anhelante,5,5
2236,animacionesemmanuel,5,5
2239,animadora,5,5
2281,anonadado,5,5
2290,anorado,5,5
2336,anteayer,5,5
2350,anteojito,5,5
2382,anticipadamente,5,5
2400,anticuarenten,5,5
2433,antigripal,5,5
2449,antik,5,5
2491,antirretroviral,5,5
2582,apalear,5,5
2599,aparezcan,5,5
2600,aparezco,5,5
2612,apartidario,5,5
2618,apasiono,5,5
2642,aperitivo,5,5
2650,apetecer,5,5
2654,apiadar,5,5
2666,aplanadora,5,5
2700,aplomado,5,5
2711,apocrifo,5,5
2723,apollinaire,5,5
2726,apologista,5,5
2729,aporia,5,5
2732,aportamos,5,5
2745,apostilla,5,5
2752,apoyabrazo,5,5
2775,apremiado,5,5
2778,apremiar,5,5
2819,apropia,5,5
2834,aprovisionar,5,5
2867,aquejado,5,5
2894,arancelar,5,5
2899,araoz,5,5
2900,arar,5,5
2936,archi,5,5
2980,arellano,5,5
2981,aren,5,5
2987,arenero,5,5
3005,argelino,5,5
3012,argentinizar,5,5
3016,argenzuela,5,5
3019,argot,5,5
3041,arico,5,5
3098,armonioso,5,5
3107,arnoldo,5,5
3141,arrancada,5,5
3150,arrasadoro,5,5
3165,arregla,5,5
3174,arremangada,5,5
3182,arrendamiento,5,5
3229,arrollar,5,5
3230,arropado,5,5
3242,arruinada,5,5
3267,artesan,5,5
3282,articuladora,5,5
3302,artistica,5,5
3396,asexuado,5,5
3397,asexual,5,5
3408,ashley,5,5
3479,asonada,5,5
3480,asordinado,5,5
3566,ataja,5,5
3573,ataquir,5,5
3584,atavica,5,5
3588,atea,5,5
3595,atemperado,5,5
3607,atendimos,5,5
3645,atiborrar,5,5
3738,atribuyo,5,5
3746,atrofiado,5,5
3747,atrofiar,5,5
3756,atuel,5,5
3808,aupado,5,5
3809,aupar,5,5
3850,autenticamente,5,5
3858,autoabastecer,5,5
3942,autografiado,5,5
3975,autonomizar,5,5
3989,autopreservacion,5,5
4030,autosustentable,5,5
4051,avanzarar,5,5
4080,aventar,5,5
4092,averiado,5,5
4106,aviar,5,5
4122,avisame,5,5
4136,avivamiento,5,5
4141,avon,5,5
4176,ayudando,5,5
4236,bacalao,5,5
4246,bachero,5,5
4311,bajarir,5,5
4327,bakunin,5,5
4337,balanceo,5,5
4350,balcanizacion,5,5
4399,balvin,5,5
4441,band,5,5
4493,baquedano,5,5
4501,barajas,5,5
4527,barbita,5,5
4539,barda,5,5
4557,barraca,5,5
4604,bartender,5,5
4619,basavilbaso,5,5
4674,batallan,5,5
4688,batlle,5,5
4734,bear,5,5
4740,beatnik,5,5
4750,bebedero,5,5
4756,bebita,5,5
4767,beccar,5,5
4775,bed,5,5
4791,bel,5,5
4849,bendizar,5,5
4864,beneficiir,5,5
4866,beneficios,5,5
4934,berreto,5,5
4945,bertoia,5,5
4968,betancourt,5,5
4980,beverly,5,5
5004,bicarbonato,5,5
5019,bidet,5,5
5062,bilardista,5,5
5133,biomedicina,5,5
5186,bizcochito,5,5
5194,blackberry,5,5
5213,blandir,5,5
5252,blogger,5,5
5261,blooper,5,5
5277,boal,5,5
5323,boi,5,5
5335,bolchevismo,5,5
5397,bombau,5,5
5443,bonsai,5,5
5455,boquear,5,5
5479,bordet,5,5
5514,borronear,5,5
5533,bostezar,5,5
5596,bracear,5,5
5646,brebaje,5,5
5675,brigadas,5,5
5685,brillir,5,5
5752,bruces,5,5
5761,brukman,5,5
5810,bueh,5,5
5814,buenazo,5,5
5831,buhardilla,5,5
5843,bulgaro,5,5
5863,bumeran,5,5
5874,burbujas,5,5
5875,burdamente,5,5
5879,bureau,5,5
5901,buro,5,5
5959,buzzfeed,5,5
5961,bypass,5,5
6000,cabezal,5,5
6012,cableado,5,5
6092,cafes,5,5
6145,calamitos,5,5
6146,calamitoso,5,5
6156,calcareo,5,5
6182,calentador,5,5
6193,calibrado,5,5
6224,callejear,5,5
6233,callosa,5,5
6254,calveiro,5,5
6269,camaleon,5,5
6290,camastro,5,5
6380,camperita,5,5
6382,camperon,5,5
6464,candidatxs,5,5
6478,canero,5,5
6517,canonizado,5,5
6536,cantata,5,5
6551,cantora,5,5
6581,capicua,5,5
6591,capitalizabl,5,5
6619,capta,5,5
6647,caractericir,5,5
6692,carcomeir,5,5
6693,carcomido,5,5
6737,carguero,5,5
6749,caricaturizacion,5,5
6783,carman,5,5
6790,carmin,5,5
6809,carnivora,5,5
6871,carson,5,5
6886,carterita,5,5
6911,carvalho,5,5
6915,cas,5,5
6932,casarte,5,5
6938,cascarita,5,5
6939,cascaron,5,5
6945,case,5,5
6967,casquillo,5,5
6971,cassina,5,5
7035,catamarquena,5,5
7038,catanzaro,5,5
7041,cataratas,5,5
7045,catastro,5,5
7071,catodico,5,5
7084,catulo,5,5
7119,cavado,5,5
7155,cebada,5,5
7162,cecchi,5,5
7184,ceibal,5,5
7201,celebratoria,5,5
7226,celosamente,5,5
7239,celulosa,5,5
7278,centennials,5,5
7320,cepernic,5,5
7439,chaher,5,5
7462,chamuscado,5,5
7484,chanto,5,5
7489,chapadmalal,5,5
7512,charlan,5,5
7540,chateau,5,5
7542,chatita,5,5
7580,chequeir,5,5
7585,cherry,5,5
7604,chicanas,5,5
7609,chicano,5,5
7624,chiflado,5,5
7626,chiflido,5,5
7637,chilenos,5,5
7695,chisporroteo,5,5
7698,chistoso,5,5
7712,chocha,5,5
7713,chocho,5,5
7747,chorra,5,5
7787,chupe,5,5
7790,chupin,5,5
7824,ciccone,5,5
7866,cierren,5,5
7874,cigarra,5,5
7900,cincuentones,5,5
7945,circularar,5,5
7974,cirujana,5,5
7977,cirujeo,5,5
7985,cisn,5,5
7999,cities,5,5
8024,civilizacional,5,5
8156,clonar,5,5
8243,cocinir,5,5
8249,cocoliche,5,5
8303,cohabitar,5,5
8330,col,5,5
8349,colapse,5,5
8371,colectar,5,5
8386,colegas,5,5
8398,colgajo,5,5
8485,comadrona,5,5
8491,comandantes,5,5
8500,combatido,5,5
8513,combinatoria,5,5
8576,comience,5,5
8595,comme,5,5
8624,compadrito,5,5
8633,companerita,5,5
8696,compilada,5,5
8764,compramo,5,5
8793,comprobant,5,5
8796,comprobe,5,5
8894,conceptualizado,5,5
8899,concerniente,5,5
8901,concert,5,5
8908,concesionar,5,5
8940,concluyo,5,5
8942,concomitant,5,5
8946,concordar,5,5
8971,condecorar,5,5
8988,condescendient,5,5
9000,conditions,5,5
9024,conectamos,5,5
9035,conexa,5,5
9048,confeir,5,5
9099,conflictiva,5,5
9121,confrontada,5,5
9128,confundi,5,5
9142,congenita,5,5
9150,congratular,5,5
9158,congress,5,5
9236,conrad,5,5
9251,consecuent,5,5
9257,conseguis,5,5
9271,consentida,5,5
9300,considere,5,5
9325,consolido,5,5
9327,consonant,5,5
9330,consorte,5,5
9332,conspira,5,5
9338,conspiranoica,5,5
9374,constitutivamente,5,5
9384,constructivista,5,5
9397,consuetudinario,5,5
9453,contagie,5,5
9460,contale,5,5
9461,contame,5,5
9507,contestario,5,5
9519,contextualmente,5,5
9528,contingent,5,5
9530,continua,5,5
9537,continuer,5,5
9575,contraen,5,5
9578,contrafigura,5,5
9600,contrapicado,5,5
9614,contrariar,5,5
9617,contrarreforma,5,5
9627,contrastante,5,5
9661,controlir,5,5
9678,convalidado,5,5
9693,convencionalmente,5,5
9727,convertible,5,5
9730,convertirtar,5,5
9758,convoco,5,5
9809,copenhague,5,5
9853,corazoncito,5,5
9859,corbatita,5,5
9867,corderito,5,5
9894,coreografiado,5,5
9902,corista,5,5
9904,cornea,5,5
9985,correntina,5,5
9992,corres,5,5
10015,corrillo,5,5
10033,corruptela,5,5
10046,cortamos,5,5
10088,cosen,5,5
10116,cosplayer,5,5
10155,coterraneo,5,5
10244,creditos,5,5
10259,creir,5,5
10310,criminalizante,5,5
10367,critique,5,5
10381,cronenberg,5,5
10391,cronometrado,5,5
10395,croqueta,5,5
10444,cruzastar,5,5
10446,cry,5,5
10506,cuantitativamente,5,5
10536,cubico,5,5
10560,cuchicheo,5,5
10644,cuido,5,5
10646,cuil,5,5
10651,culatazo,5,5
10692,culturas,5,5
10776,curtidores,5,5
10777,curtiembre,5,5
10785,curvatura,5,5
10804,cuyos,5,5
10842,dakota,5,5
10879,dandonos,5,5
10890,danila,5,5
10919,darme,5,5
10933,darwinista,5,5
10950,davi,5,5
11000,debias,5,5
11055,decia,5,5
11082,decirselo,5,5
11098,declamativo,5,5
11114,decolorado,5,5
11130,decrecer,5,5
11134,decrepito,5,5
11144,dedicarar,5,5
11146,dedicas,5,5
11165,defendi,5,5
11212,degenerar,5,5
11235,dejalir,5,5
11239,dejando,5,5
11241,dejaramos,5,5
11242,dejarar,5,5
11245,dejarir,5,5
11257,dejenmir,5,5
11258,dejes,5,5
11282,delegativo,5,5
11285,deletrear,5,5
11287,deleznable,5,5
11299,deliberant,5,5
11364,demandir,5,5
11368,demarcado,5,5
11383,demian,5,5
11410,demolido,5,5
11421,demoro,5,5
11447,denlir,5,5
11451,denodado,5,5
11456,denomino,5,5
11489,depeche,5,5
11496,dependio,5,5
11499,depilada,5,5
11528,depreciar,5,5
11601,derrotista,5,5
11634,desacralizacion,5,5
11637,desacreditacion,5,5
11642,desactivado,5,5
11699,desamparada,5,5
11719,desaparecidxs,5,5
11784,desbande,5,5
11785,desbarajuste,5,5
11790,desbloqueo,5,5
11792,desbocar,5,5
11820,descanse,5,5
11823,descaradamente,5,5
11876,descolocado,5,5
11881,descompensacion,5,5
11905,desconocida,5,5
11908,desconocierar,5,5
11912,desconsoladamente,5,5
11930,descorchar,5,5
11963,descubierta,5,5
11986,desdentado,5,5
11996,desdramatizar,5,5
12029,desempenos,5,5
12043,desencarnado,5,5
12050,desenfadado,5,5
12101,desestabiliza,5,5
12110,desestructuracion,5,5
12112,desfachatado,5,5
12135,desganado,5,5
12139,desgarrada,5,5
12170,desheredado,5,5
12177,deshilachar,5,5
12219,desinfla,5,5
12230,desinhibir,5,5
12237,desintoxicacion,5,5
12297,desmesuradamente,5,5
12307,desmoralizacion,5,5
12355,desordenada,5,5
12379,desparramo,5,5
12406,despelote,5,5
12423,despertaron,5,5
12425,despiadadamente,5,5
12482,desprendido,5,5
12486,despreocupar,5,5
12500,desproposito,5,5
12511,desquitar,5,5
12538,desterritorializacion,5,5
12556,destituyent,5,5
12578,desubicar,5,5
12580,desvalido,5,5
12598,desventajos,5,5
12630,detenernos,5,5
12644,deterioran,5,5
12675,devalua,5,5
12712,devuelto,5,5
12799,diciendoles,5,5
12819,did,5,5
12864,dificilisimo,5,5
12911,dignifica,5,5
12924,dijser,5,5
12934,dilematico,5,5
12964,dinamito,5,5
12989,dioses,5,5
12999,diptico,5,5
13017,direcciontomas,5,5
13028,directores,5,5
13036,dirias,5,5
13071,disciplinares,5,5
13121,discurer,5,5
13155,disenosebastian,5,5
13175,disfuncionalidad,5,5
13184,disimetria,5,5
13187,disimulada,5,5
13212,disonante,5,5
13231,dispensario,5,5
13274,distingo,5,5
13312,disuasivo,5,5
13340,diversos,5,5
13346,dividar,5,5
13375,diy,5,5
13407,doctorando,5,5
13421,documentalisto,5,5
13430,dogmatica,5,5
13490,dominguero,5,5
13517,dondir,5,5
13558,dorsal,5,5
13568,dostoievsky,5,5
13569,dota,5,5
13585,doy,5,5
13588,draconiana,5,5
13600,dramatizado,5,5
13601,dramatizar,5,5
13624,drogada,5,5
13625,drogadiccion,5,5
13652,dualista,5,5
13679,duenidad,5,5
13750,durmieron,5,5
13767,earl,5,5
13814,ecologicamente,5,5
13846,ecuanimidad,5,5
13871,edil,5,5
13924,efectismo,5,5
13959,egida,5,5
13968,egresadas,5,5
14003,ejercita,5,5
14038,electoralista,5,5
14068,elefantiasico,5,5
14078,elegis,5,5
14079,elegistir,5,5
14137,ellen,5,5
14190,embadurnar,5,5
14192,embajadas,5,5
14215,embarcir,5,5
14231,embellecir,5,5
14253,embravecido,5,5
14254,embriagado,5,5
14280,emi,5,5
14304,emiteir,5,5
14358,empatica,5,5
14382,empequenecir,5,5
14384,emperatriz,5,5
14394,empiece,5,5
14401,empinar,5,5
14438,empotrada,5,5
14444,emprendedorista,5,5
14481,enajenado,5,5
14514,encallar,5,5
14518,encandilamiento,5,5
14520,encanonar,5,5
14538,encarcelacion,5,5
14542,encarcelir,5,5
14562,encasillamiento,5,5
14566,encastre,5,5
14574,enceguecido,5,5
14586,enchastre,5,5
14590,enchufar,5,5
14603,enclenque,5,5
14604,enco,5,5
14620,encontrarir,5,5
14653,encuentra,5,5
14689,endogeno,5,5
14713,energicamente,5,5
14794,english,5,5
14796,englor,5,5
14806,engrandecir,5,5
14807,engripado,5,5
14833,enlentecir,5,5
14843,enmarcada,5,5
14854,enmudecir,5,5
14864,enojoso,5,5
14876,enraizamiento,5,5
14881,enrarecir,5,5
14913,ensambla,5,5
14914,ensamblada,5,5
15005,entonado,5,5
15055,entrelinea,5,5
15095,entrevistadxs,5,5
15110,entroncar,5,5
15119,entuerto,5,5
15122,entumecir,5,5
15132,enumerado,5,5
15182,epa,5,5
15226,epoque,5,5
15233,equidistancia,5,5
15234,equidistante,5,5
15251,equipos,5,5
15292,erich,5,5
15308,ernst,5,5
15323,erotizado,5,5
15365,escalante,5,5
15369,escalerita,5,5
15386,escandinavo,5,5
15406,escarceo,5,5
15412,escarpado,5,5
15429,escenificado,5,5
15470,escolarizar,5,5
15490,escorpio,5,5
15505,escriba,5,5
15552,escucharir,5,5
15555,escucharte,5,5
15613,eslovenia,5,5
15617,esmalte,5,5
15622,esmerilado,5,5
15628,esoterica,5,5
15637,espaciar,5,5
15660,esparcida,5,5
15705,especulo,5,5
15731,esperanzo,5,5
15735,esperer,5,5
15738,espermatozoide,5,5
15801,esquela,5,5
15840,estacar,5,5
15843,estaciona,5,5
15862,estadunidense,5,5
15877,estalle,5,5
15879,estallir,5,5
15909,estaqueado,5,5
15942,estelares,5,5
15952,estereotipico,5,5
15989,estilizacion,5,5
15991,estilizar,5,5
16000,estimulada,5,5
16020,estoica,5,5
16027,estonia,5,5
16031,estornudar,5,5
16057,estratosfera,5,5
16058,estratosferico,5,5
16059,estre,5,5
16134,estudias,5,5
16142,estudiosa,5,5
16147,estupefaccion,5,5
16228,eudeba,5,5
16246,eurocomunismo,5,5
16269,evaluado,5,5
16313,everywhere,5,5
16391,excedido,5,5
16398,excelso,5,5
16399,excentrica,5,5
16407,excepciones,5,5
16437,exculpa,5,5
16486,exigua,5,5
16497,eximido,5,5
16511,existis,5,5
16516,exitista,5,5
16522,exjuez,5,5
16527,exmilitante,5,5
16534,exonerado,5,5
16593,expidir,5,5
16605,explicarselo,5,5
16606,explicarte,5,5
16607,explicas,5,5
16637,expoliado,5,5
16650,exportadores,5,5
16684,expulse,5,5
16716,exterminado,5,5
16717,exterminador,5,5
16720,externa,5,5
16774,extranjerizante,5,5
16797,extravir,5,5
16852,faccioso,5,5
16864,facilisimo,5,5
16907,fajar,5,5
16936,fall,5,5
16967,falte,5,5
16973,famelico,5,5
17004,fangoso,5,5
17031,fap,5,5
17042,fargo,5,5
17050,farmacity,5,5
17093,father,5,5
17131,fda,5,5
17187,felicita,5,5
17233,feminizada,5,5
17257,feriante,5,5
17281,ferreas,5,5
17306,fervientemente,5,5
17321,festiva,5,5
17335,feudo,5,5
17336,feuerbach,5,5
17369,ficticia,5,5
17387,fieltro,5,5
17413,figurin,5,5
17434,filantropico,5,5
17524,fingida,5,5
17536,finn,5,5
17625,flanquear,5,5
17649,flema,5,5
17678,florcita,5,5
17682,florecido,5,5
17729,fnpi,5,5
17780,fondear,5,5
17815,forcejear,5,5
17827,forestales,5,5
17862,formosena,5,5
17890,fortificado,5,5
17896,fortunato,5,5
17899,forzada,5,5
17900,forzadamente,5,5
17902,forzamiento,5,5
17993,fraguado,5,5
18085,frenada,5,5
18090,freneticamente,5,5
18119,fridman,5,5
18135,fritura,5,5
18153,frozen,5,5
18190,fuertes,5,5
18252,funcione,5,5
18273,fundamente,5,5
18348,futuros,5,5
18387,galardonado,5,5
18388,galardonar,5,5
18458,ganadera,5,5
18513,garces,5,5
18526,gargola,5,5
18572,gasset,5,5
18585,gastritis,5,5
18605,gatsby,5,5
18623,gayatri,5,5
18637,geek,5,5
18648,gelos,5,5
18684,generamos,5,5
18697,generizado,5,5
18711,genia,5,5
18716,genios,5,5
18736,gentio,5,5
18746,geoestrategico,5,5
18780,geraldine,5,5
18798,germain,5,5
18845,ghostwriter,5,5
18878,gilada,5,5
18968,glamoros,5,5
18986,globales,5,5
19007,gloriosa,5,5
19081,golpecito,5,5
19095,gomina,5,5
19123,gordiano,5,5
19131,gordos,5,5
19192,grabe,5,5
19205,gradacion,5,5
19229,grafito,5,5
19258,grandisimo,5,5
19276,grapa,5,5
19283,grasoso,5,5
19288,grati,5,5
19346,grijalbo,5,5
19383,grogui,5,5
19387,grooming,5,5
19389,grosera,5,5
19390,groseramente,5,5
19398,ground,5,5
19413,grunir,5,5
19422,gruta,5,5
19461,guardiacarcel,5,5
19492,guebel,5,5
19499,guerras,5,5
19523,guie,5,5
19535,guimaraes,5,5
19546,guionflorencia,5,5
19606,haberselo,5,5
19607,haberte,5,5
19612,habido,5,5
19661,hablarles,5,5
19673,habrer,5,5
19678,hacedora,5,5
19679,hacelir,5,5
19680,hacelo,5,5
19693,hachero,5,5
19725,hagamoslo,5,5
19740,halagado,5,5
19755,halle,5,5
19895,heffes,5,5
19917,heladerita,5,5
19924,helice,5,5
19953,hendija,5,5
19954,hendrix,5,5
19965,heraclito,5,5
19984,hereditario,5,5
19997,hermanada,5,5
20035,heroica,5,5
20036,heroicamente,5,5
20083,hexagonal,5,5
20185,hincar,5,5
20188,hinchadas,5,5
20230,hipnosis,5,5
20300,historietista,5,5
20341,hojas,5,5
20350,hold,5,5
20387,homenajeo,5,5
20403,homogeneamente,5,5
20463,horado,5,5
20566,hubiesemos,5,5
20611,hule,5,5
20612,hulk,5,5
20665,humphrey,5,5
20678,huracanado,5,5
20744,idealizada,5,5
20773,ideologizar,5,5
20869,iluminismo,5,5
20900,imaginaria,5,5
20928,imbricada,5,5
20938,immanuel,5,5
20960,impartido,5,5
20983,imperceptiblemente,5,5
20986,imperecedero,5,5
21078,impostora,5,5
21114,imprevistamente,5,5
21118,imprime,5,5
21128,impronunciabl,5,5
21136,imprudencia,5,5
21160,impunes,5,5
21226,incaico,5,5
21265,incinerado,5,5
21275,incivilizado,5,5
21297,incluyerar,5,5
21299,inco,5,5
21318,incompetent,5,5
21328,incomunicada,5,5
21332,inconciliabl,5,5
21338,incondicionalmente,5,5
21362,incontaminado,5,5
21365,incontinencia,5,5
21368,incontrolado,5,5
21374,incorporamos,5,5
21382,incorregible,5,5
21383,incorruptible,5,5
21384,incredula,5,5
21464,indemnizatorio,5,5
21499,indica,5,5
21529,indignidad,5,5
21537,indiscernible,5,5
21566,individualizar,5,5
21584,indonesio,5,5
21607,industrializar,5,5
21612,ine,5,5
21655,inexactitud,5,5
21660,inexorabl,5,5
21697,infecta,5,5
21797,infortunado,5,5
21806,infrecuent,5,5
21810,infructuosamente,5,5
21839,ingerflom,5,5
21855,ingresamos,5,5
21873,inhabitual,5,5
21941,inmerecido,5,5
21993,innoble,5,5
22003,inobjetable,5,5
22021,inorganica,5,5
22026,inquebrantabl,5,5
22041,inquisidoro,5,5
22042,inquisitivo,5,5
22045,insalubr,5,5
22177,institut,5,5
22182,instituyent,5,5
22231,insustentable,5,5
22244,integrales,5,5
22252,integrista,5,5
22265,inteligibl,5,5
22296,intensisimo,5,5
22316,interactuam,5,5
22327,intercambiable,5,5
22358,interdisciplinaria,5,5
22391,interiorizado,5,5
22413,intermitentemente,5,5
22462,interracial,5,5
22481,interrumpida,5,5
22497,intersticial,5,5
22503,interurbano,5,5
22511,intervenimos,5,5
22528,intimidado,5,5
22529,intimidant,5,5
22545,intoxicar,5,5
22550,intramuros,5,5
22575,intrincada,5,5
22597,intuimos,5,5
22625,invalorable,5,5
22674,investigadores,5,5
22704,invitas,5,5
22706,invivible,5,5
22710,invoco,5,5
22743,ips,5,5
22813,irremontable,5,5
22820,irrepresentable,5,5
22830,irrespirable,5,5
22832,irresponsabl,5,5
22834,irresponsablemente,5,5
22846,irrigar,5,5
22857,irrompible,5,5
22858,irrumpar,5,5
22868,irving,5,5
22871,isabella,5,5
22895,iso,5,5
22927,ivanna,5,5
22937,izquierdas,5,5
22965,jadeo,5,5
22974,jaja,5,5
22986,jamaiquino,5,5
23009,japonesa,5,5
23014,jaqueo,5,5
23016,jar,5,5
23090,jeroglifico,5,5
23128,jmilei,5,5
23132,joanna,5,5
23144,jode,5,5
23147,jodida,5,5
23180,jordano,5,5
23217,joystick,5,5
23237,jubilatoria,5,5
23305,julius,5,5
23347,juridicas,5,5
23379,juvenilismo,5,5
23397,kalashnikov,5,5
23413,karaok,5,5
23417,karateka,5,5
23436,katia,5,5
23441,katy,5,5
23448,kazajistan,5,5
23453,keep,5,5
23459,kelper,5,5
23473,kerry,5,5
23494,kiciloff,5,5
23538,kirchneristas,5,5
23611,kunkel,5,5
23618,kurosawa,5,5
23638,laborales,5,5
23677,laconicamente,5,5
23679,lacoste,5,5
23689,lactante,5,5
23733,laja,5,5
23753,lamentos,5,5
23760,lamothe,5,5
23835,largos,5,5
23865,lastimadura,5,5
23867,lastimero,5,5
23895,latinoamericanas,5,5
23897,latinoamericanista,5,5
23905,latita,5,5
23907,laton,5,5
23933,lavandera,5,5
23953,laxitud,5,5
23985,lechera,5,5
23994,lecto,5,5
23999,lectores,5,5
24021,legalista,5,5
24113,lentes,5,5
24152,leslie,5,5
24156,letalidad,5,5
24177,levanta,5,5
24231,libelula,5,5
24248,libere,5,5
24267,liberty,5,5
24309,licuadora,5,5
24369,limitant,5,5
24392,limpito,5,5
24399,lince,5,5
24410,lindera,5,5
24459,lisergica,5,5
24469,listening,5,5
24501,liv,5,5
24518,llach,5,5
24565,llegare,5,5
24573,lleguen,5,5
24574,lleguser,5,5
24577,llene,5,5
24595,llevarselo,5,5
24613,lloras,5,5
24618,llorir,5,5
24621,llorona,5,5
24629,lloviznar,5,5
24635,lluviosa,5,5
24665,locas,5,5
24672,locos,5,5
24689,loger,5,5
24704,logras,5,5
24723,lomos,5,5
24795,lovers,5,5
24796,lovisolo,5,5
24835,luciani,5,5
24850,luctuoso,5,5
24890,lulista,5,5
24954,macana,5,5
25025,madr,5,5
25034,madruga,5,5
25043,madurativo,5,5
25109,magos,5,5
25126,main,5,5
25135,maison,5,5
25138,maitena,5,5
25143,majestuosidad,5,5
25172,malcom,5,5
25188,maleante,5,5
25193,malefico,5,5
25238,malsano,5,5
25272,mamis,5,5
25297,mancera,5,5
25305,mancillar,5,5
25364,maniaca,5,5
25393,maniqueismo,5,5
25428,mantenernos,5,5
25446,manualmente,5,5
25489,maquiavelico,5,5
25502,maquinar,5,5
25510,marabotto,5,5
25527,maratonica,5,5
25539,marcacion,5,5
25562,marchito,5,5
25567,marciana,5,5
25621,maricas,5,5
25626,maridaje,5,5
25627,maridar,5,5
25757,masas,5,5
25777,maseda,5,5
25789,masita,5,5
25822,mastrini,5,5
25911,mattia,5,5
25929,mauss,5,5
25934,maximalista,5,5
25964,mazmorra,5,5
25994,meandro,5,5
26007,mecanografiado,5,5
26012,mecena,5,5
26053,mediato,5,5
26095,meditado,5,5
26165,mello,5,5
26167,melo,5,5
26211,mencionir,5,5
26230,meneo,5,5
26237,menguado,5,5
26249,menoscabar,5,5
26311,mercadolibre,5,5
26349,meretrices,5,5
26394,mesopotamia,5,5
26426,metalero,5,5
26438,metanfetamina,5,5
26453,meterte,5,5
26459,metida,5,5
26467,metodologicamente,5,5
26471,metonimico,5,5
26504,mezclir,5,5
26522,michelangelo,5,5
26555,microondas,5,5
26620,milagrosamente,5,5
26638,miley,5,5
26687,mimbre,5,5
26705,minecraft,5,5
26793,mirarlo,5,5
26876,mitologica,5,5
26879,mitomano,5,5
26917,modas,5,5
26928,modelizar,5,5
26930,modelos,5,5
26932,modem,5,5
26935,moderadamente,5,5
26946,modernizado,5,5
26954,modernos,5,5
26974,modulos,5,5
26985,mohin,5,5
26986,moho,5,5
27040,momentum,5,5
27073,monfort,5,5
27087,monjas,5,5
27096,monocromatico,5,5
27104,monolito,5,5
27105,monologar,5,5
27146,montajegonzalo,5,5
27217,moralizadoro,5,5
27230,morcilla,5,5
27232,mordaza,5,5
27310,mosquear,5,5
27328,mostras,5,5
27375,movedizas,5,5
27438,muchisimar,5,5
27462,muere,5,5
27479,mueve,5,5
27489,mujercita,5,5
27541,multiplicada,5,5
27654,mutandis,5,5
27660,mute,5,5
27679,nac,5,5
27735,namuncura,5,5
27819,nathalie,5,5
27825,nativa,5,5
27855,nava,5,5
27862,navas,5,5
27937,negligente,5,5
27944,negocien,5,5
27987,neoconservadurismo,5,5
28058,neurocientifico,5,5
28074,neurotransmisor,5,5
28084,nevar,5,5
28212,nivolo,5,5
28224,noceti,5,5
28228,nochecita,5,5
28239,nodriza,5,5
28255,nom,5,5
28274,nomenclador,5,5
28299,nordestino,5,5
28356,notacion,5,5
28396,noveciento,5,5
28496,nutre,5,5
28548,oblicua,5,5
28560,obligatoriamente,5,5
28587,observabar,5,5
28589,observablir,5,5
28646,obviir,5,5
28673,ochava,5,5
28690,octava,5,5
28734,odios,5,5
28814,ojeroso,5,5
28815,ojete,5,5
28915,omitido,5,5
28925,omnivoro,5,5
28931,oncologica,5,5
28999,opinador,5,5
29008,opongar,5,5
29067,oratorio,5,5
29069,orbe,5,5
29079,ordenadamente,5,5
29093,oregano,5,5
29099,orejon,5,5
29131,orgasmico,5,5
29149,orientalismo,5,5
29186,orondo,5,5
29221,oruga,5,5
29224,orwelliano,5,5
29272,ostentosa,5,5
29278,oswaldo,5,5
29304,ottaviano,5,5
29334,ovidio,5,5
29343,own,5,5
29404,paddle,5,5
29408,padecida,5,5
29467,paises,5,5
29498,palau,5,5
29538,palmeo,5,5
29553,palpitante,5,5
29581,panamericano,5,5
29598,pandereta,5,5
29614,pangolin,5,5
29630,pantallazo,5,5
29647,panuelito,5,5
29683,paqueta,5,5
29701,paradisiaca,5,5
29753,parapeto,5,5
29754,paraplejico,5,5
29759,parasitar,5,5
29774,parda,5,5
29780,pareciar,5,5
29790,parejas,5,5
29793,paren,5,5
29810,parienta,5,5
29859,parranda,5,5
29862,parrillada,5,5
29865,parrillita,5,5
29878,partecita,5,5
29953,pasarar,5,5
29978,pasibl,5,5
30013,pasteurizado,5,5
30048,patee,5,5
30049,pateman,5,5
30072,patino,5,5
30101,patriciado,5,5
30223,pechuga,5,5
30229,pedagoga,5,5
30232,pedagogica,5,5
30239,pedaleo,5,5
30248,pedestr,5,5
30258,pedirir,5,5
30261,pedirnos,5,5
30295,peguir,5,5
30300,peine,5,5
30309,pelada,5,5
30326,peliagudo,5,5
30352,pelotero,5,5
30414,penitencia,5,5
30420,penosamente,5,5
30501,percibida,5,5
30507,percusionista,5,5
30517,perdidamente,5,5
30521,perdimos,5,5
30555,peretti,5,5
30559,perezos,5,5
30594,perfumir,5,5
30659,permisividad,5,5
30684,perorata,5,5
30709,perros,5,5
30764,pertenecient,5,5
30803,pesadez,5,5
30854,petovello,5,5
30867,petroleum,5,5
30890,philadelphia,5,5
30970,picture,5,5
30971,pida,5,5
30975,pidiendoles,5,5
30976,pidiendome,5,5
30989,piensen,5,5
31054,pimpinela,5,5
31063,pinch,5,5
31090,pinochetismo,5,5
31095,pins,5,5
31100,pintamos,5,5
31137,pira,5,5
31149,piri,5,5
31168,pise,5,5
31183,pitbull,5,5
31203,pixelar,5,5
31214,pizzurno,5,5
31222,placentera,5,5
31233,plagar,5,5
31245,planchita,5,5
31279,planteas,5,5
31300,plasticola,5,5
31313,plateada,5,5
31338,players,5,5
31378,plomeria,5,5
31399,pluricultural,5,5
31406,plusvalor,5,5
31483,poetizar,5,5
31499,polanyi,5,5
31510,polaroid,5,5
31531,policiamiento,5,5
31543,polifacetico,5,5
31547,poligamia,5,5
31554,polinizar,5,5
31591,pollerita,5,5
31641,ponga,5,5
31643,pongamosle,5,5
31645,pongar,5,5
31646,pongas,5,5
31649,ponias,5,5
31651,poniente,5,5
31684,populi,5,5
31770,portico,5,5
31834,posmodernismo,5,5
31882,postindustrial,5,5
32019,preclinico,5,5
32020,precocidad,5,5
32022,precolombino,5,5
32023,preconcebida,5,5
32024,preconcebido,5,5
32033,precursoro,5,5
32042,predefinido,5,5
32051,predico,5,5
32052,predictiva,5,5
32098,prefijado,5,5
32114,preguntandomir,5,5
32147,premeditar,5,5
32155,premios,5,5
32192,preparatir,5,5
32257,presidiario,5,5
32259,presidio,5,5
32261,presiente,5,5
32302,presupuestado,5,5
32311,pret,5,5
32364,primate,5,5
32383,primitivismo,5,5
32401,principiante,5,5
32463,proba,5,5
32473,probation,5,5
32483,problematizan,5,5
32556,produzcan,5,5
32567,proferido,5,5
32568,proferir,5,5
32569,profesa,5,5
32592,profilactico,5,5
32653,prolifero,5,5
32686,promisoria,5,5
32738,propinado,5,5
32757,propulsado,5,5
32794,prostibulario,5,5
32823,proteja,5,5
32839,protuberancia,5,5
32849,provengar,5,5
32991,publicados,5,5
32994,publicarar,5,5
32997,publicastar,5,5
33113,pulsero,5,5
33176,puntuar,5,5
33266,quedartir,5,5
33273,quedemo,5,5
33287,quejoso,5,5
33294,queman,5,5
33302,quepa,5,5
33341,quierar,5,5
33342,quiere,5,5
33429,rabieta,5,5
33444,rachid,5,5
33463,racionar,5,5
33516,rain,5,5
33593,rapeo,5,5
33630,rasero,5,5
33638,rasguno,5,5
33645,raspos,5,5
33673,ratio,5,5
33740,reactiva,5,5
33752,reader,5,5
33761,reajustar,5,5
33805,reasumir,5,5
33827,rebeldes,5,5
33845,rebusqu,5,5
33846,rebusque,5,5
33850,recabado,5,5
33860,recalcitrant,5,5
33867,recalientar,5,5
33878,recar,5,5
33881,recargada,5,5
33890,recaudatorio,5,5
33929,recibis,5,5
33977,recolecta,5,5
33990,recomendandir,5,5
33993,recomienda,5,5
34009,reconfigura,5,5
34010,reconfiguracer,5,5
34015,reconfortar,5,5
34018,reconocerir,5,5
34041,recontar,5,5
34055,recordada,5,5
34064,recordas,5,5
34125,recuerdos,5,5
34130,recupeer,5,5
34137,recuperan,5,5
34145,recurri,5,5
34164,rede,5,5
34208,redondeo,5,5
34234,reeducacion,5,5
34258,reencauzar,5,5
34272,reestatizacion,5,5
34331,reformador,5,5
34337,reformulado,5,5
34342,refraccion,5,5
34390,regateo,5,5
34414,regionalmente,5,5
34456,regulacionista,5,5
34495,reinaras,5,5
34497,reinauguracion,5,5
34505,reingresar,5,5
34521,reinterpretado,5,5
34531,reinviertir,5,5
34533,reirno,5,5
34534,reis,5,5
34548,rejilla,5,5
34575,relamir,5,5
34581,relatan,5,5
34625,religiosos,5,5
34671,remendar,5,5
34703,remontada,5,5
34704,remontado,5,5
34737,rencoroso,5,5
34786,renunciado,5,5
34868,repitencia,5,5
34933,represiir,5,5
34942,reprimen,5,5
34947,reprobacion,5,5
34966,repruebar,5,5
34977,republicar,5,5
34991,repulsivo,5,5
35006,rer,5,5
35014,resarcimiento,5,5
35022,rescater,5,5
35039,reservas,5,5
35048,resfrio,5,5
35089,resituar,5,5
35134,resplandecient,5,5
35157,resquebrajo,5,5
35186,restrinjar,5,5
35188,resucitado,5,5
35203,retacea,5,5
35229,retiran,5,5
35240,retomamos,5,5
35257,retractacion,5,5
35295,retruca,5,5
35321,reuno,5,5
35352,reverbera,5,5
35394,reviso,5,5
35425,revolucionado,5,5
35428,revolucionarias,5,5
35434,revoque,5,5
35444,reyerta,5,5
35458,rezongar,5,5
35487,ricotera,5,5
35495,ridiculizado,5,5
35546,rinir,5,5
35557,rioplatens,5,5
35597,ritualmente,5,5
35626,robben,5,5
35641,robocops,5,5
35648,robots,5,5
35668,rockefeller,5,5
35719,rojos,5,5
35722,rolandi,5,5
35771,rompo,5,5
35787,ronquido,5,5
35796,roquero,5,5
35829,rosi,5,5
35833,rosquero,5,5
35843,rotary,5,5
35858,rotular,5,5
35866,rouseff,5,5
35936,ruidito,5,5
35961,runfla,5,5
35970,ruralidad,5,5
35998,saap,5,5
36077,sacrificada,5,5
36132,sainete,5,5
36146,salamin,5,5
36160,saldrar,5,5
36165,salesian,5,5
36166,salesiano,5,5
36170,salgari,5,5
36254,salve,5,5
36273,samper,5,5
36277,sampleo,5,5
36297,sancto,5,5
36368,santificacion,5,5
36406,saramago,5,5
36429,sarney,5,5
36443,sastreria,5,5
36450,satelit,5,5
36483,save,5,5
36487,savoy,5,5
36518,schiaffino,5,5
36605,secretos,5,5
36615,secuencial,5,5
36616,secuenciar,5,5
36671,segmentada,5,5
36692,seguiriar,5,5
36760,semidesnuda,5,5
36813,senil,5,5
36826,sensacional,5,5
36852,sentas,5,5
36858,sentencioso,5,5
36861,sentida,5,5
36895,septentrional,5,5
36902,sepulcral,5,5
36913,sera,5,5
36929,seres,5,5
36936,seriada,5,5
37008,seu,5,5
37033,sexteto,5,5
37090,shoa,5,5
37098,shorcito,5,5
37111,shows,5,5
37141,sido,5,5
37152,siente,5,5
37156,sierratomas,5,5
37162,sifon,5,5
37194,siguierar,5,5
37203,silbatina,5,5
37256,simetrica,5,5
37320,sindicales,5,5
37326,sindicar,5,5
37346,singularizacion,5,5
37443,skinhead,5,5
37541,sobreoferta,5,5
37551,sobrerrepresentacion,5,5
37566,sobrevaloracion,5,5
37597,socavon,5,5
37629,sociodemografica,5,5
37674,sofoca,5,5
37716,soldados,5,5
37717,soldadura,5,5
37750,solipsismo,5,5
37775,soluciono,5,5
37805,sommelier,5,5
37815,sonambulo,5,5
37831,sonidotomas,5,5
37885,sordina,5,5
37929,sospechir,5,5
37958,sourrouille,5,5
37985,speak,5,5
38008,spoilear,5,5
38014,sporting,5,5
38024,sprint,5,5
38054,stark,5,5
38084,stern,5,5
38103,stockear,5,5
38204,subestimado,5,5
38216,subita,5,5
38226,subleir,5,5
38238,submarina,5,5
38263,subrepticiamente,5,5
38266,subrogado,5,5
38283,subsidios,5,5
38285,subsiguiente,5,5
38303,subtrama,5,5
38304,subtropical,5,5
38352,sudan,5,5
38355,suddeutsche,5,5
38356,sudestada,5,5
38357,sudestado,5,5
38362,sudoros,5,5
38371,suelar,5,5
38388,suficiencia,5,5
38432,sujetado,5,5
38486,supeditar,5,5
38491,superadora,5,5
38538,superstar,5,5
38540,supersticioso,5,5
38668,sustentir,5,5
38686,suterh,5,5
38701,swap,5,5
38733,tabiqu,5,5
38775,tacuara,5,5
38786,tagle,5,5
38815,talco,5,5
38835,tallarin,5,5
38885,tanta,5,5
38893,tantos,5,5
38974,tas,5,5
39020,teatralizar,5,5
39085,teflon,5,5
39121,teleconferencia,5,5
39133,telegrafo,5,5
39170,telonero,5,5
39174,temas,5,5
39196,tempano,5,5
39238,tendencias,5,5
39241,tendencioso,5,5
39266,tengo,5,5
39280,tensa,5,5
39335,terciarizacion,5,5
39420,tersura,5,5
39421,tertius,5,5
39433,tesoreria,5,5
39472,texana,5,5
39479,textualidad,5,5
39500,them,5,5
39513,thinking,5,5
39543,tiempito,5,5
39546,tiendar,5,5
39565,tigres,5,5
39576,tiktoks,5,5
39581,tildir,5,5
39595,timbrear,5,5
39660,tirabar,5,5
39700,titiritero,5,5
39705,titubeante,5,5
39719,tiziana,5,5
39741,tocayo,5,5
39816,tomografo,5,5
39820,tonal,5,5
39858,topper,5,5
39896,torniquet,5,5
39919,tortar,5,5
39995,trabajen,5,5
40012,tracciono,5,5
40066,traidos,5,5
40070,trailers,5,5
40115,transabl,5,5
40131,transdisciplinar,5,5
40149,transfigurar,5,5
40152,transfobico,5,5
40195,transite,5,5
40223,transpacifico,5,5
40228,transpira,5,5
40236,transportado,5,5
40289,trasmitar,5,5
40303,trastabilla,5,5
40323,tratante,5,5
40336,traumaticir,5,5
40382,treintanera,5,5
40392,tremula,5,5
40413,treta,5,5
40434,tributa,5,5
40439,tributir,5,5
40442,tricep,5,5
40481,triptico,5,5
40486,tris,5,5
40494,triturado,5,5
40510,trivia,5,5
40525,troika,5,5
40597,truncar,5,5
40602,tsing,5,5
40606,tuberculo,5,5
40610,tubito,5,5
40627,tugurio,5,5
40665,tunecino,5,5
40677,tupida,5,5
40700,turra,5,5
40713,tutoria,5,5
40743,tycsports,5,5
40762,ubico,5,5
40822,ultramoderno,5,5
40845,unanimes,5,5
40864,unetir,5,5
40908,unisex,5,5
40921,universalistas,5,5
40948,untado,5,5
40995,urgar,5,5
41012,urnas,5,5
41026,uruguayas,5,5
41042,use,5,5
41048,usir,5,5
41062,usuraria,5,5
41081,utilice,5,5
41104,uzi,5,5
41122,vacilant,5,5
41143,vadir,5,5
41144,vagabundear,5,5
41213,valles,5,5
41218,valorable,5,5
41225,valorir,5,5
41228,valoro,5,5
41247,vandalizar,5,5
41283,vari,5,5
41296,varies,5,5
41297,variete,5,5
41319,vaselina,5,5
41321,vasito,5,5
41338,vayansar,5,5
41341,vayas,5,5
41344,veamos,5,5
41417,vejar,5,5
41435,velero,5,5
41451,velvet,5,5
41476,vendetta,5,5
41486,veneciano,5,5
41493,venerable,5,5
41524,ventajero,5,5
41536,ventos,5,5
41544,venzar,5,5
41591,vere,5,5
41633,versionado,5,5
41643,vertebrar,5,5
41680,vetado,5,5
41683,veterana,5,5
41738,vicent,5,5
41752,vicios,5,5
41780,vid,5,5
41789,videoarte,5,5
41794,videogonzalo,5,5
41814,viejisimo,5,5
41827,vientres,5,5
41879,villaflor,5,5
41909,vimos,5,5
41912,vinagre,5,5
41956,violenta,5,5
41968,violinista,5,5
42035,visionaria,5,5
42041,visitador,5,5
42046,vislumbrado,5,5
42069,vitae,5,5
42090,vittorio,5,5
42158,voces,5,5
42159,vociferante,5,5
42214,voluptuos,5,5
42221,volveriamos,5,5
42228,volviar,5,5
42247,vota,5,5
42389,welles,5,5
42401,wes,5,5
42453,windows,5,5
42466,wired,5,5
42470,without,5,5
42506,wos,5,5
42507,would,5,5
42596,yermo,5,5
42638,ysy,5,5
42670,zafo,5,5
42672,zag,5,5
42679,zaire,5,5
42701,zanjado,5,5
42767,zidane,5,5
42785,zito,5,5
42810,zoonotica,5,5
42839,zurdaje,5,5
42,abdo,4,5
136,abraza,4,5
162,abrochada,4,5
165,abroquelamiento,4,5
288,acassuso,4,5
320,acefalia,4,5
392,achura,4,5
466,acopiado,4,5
467,acopiador,4,5
554,actora,4,5
794,adrienne,4,5
814,adultero,4,5
841,adyacente,4,5
935,afligido,4,5
1005,agatha,4,5
1189,aguiar,4,5
1236,ahuecado,4,5
1252,airado,4,5
1270,ajax,4,5
1281,ajuar,4,5
1342,alberca,4,5
1354,albiceleste,4,5
1459,alessandra,4,5
1471,alexa,4,5
1786,amanecido,4,5
1788,amaneramiento,4,5
1789,amansadora,4,5
1815,amasa,4,5
2050,ananas,4,5
2075,ancestralidad,4,5
2153,anegamiento,4,5
2180,angelado,4,5
2183,angeli,4,5
2207,anguila,4,5
2371,antiautoritario,4,5
2378,anticiclica,4,5
2403,anticuario,4,5
2406,antidepresivo,4,5
2417,antielitista,4,5
2432,antigobierno,4,5
2558,anzorreguy,4,5
2562,apa,4,5
2590,aparatoso,4,5
2605,apart,4,5
2720,apolineo,4,5
2764,apps,4,5
2812,aprisionar,4,5
2828,aprovecha,4,5
2933,arcano,4,5
2947,archivista,4,5
2962,arde,4,5
2969,ardiles,4,5
2983,arenal,4,5
3035,aria,4,5
3038,ariane,4,5
3112,around,4,5
3211,arriola,4,5
3253,arslanian,4,5
3285,articulir,4,5
3304,artisticas,4,5
3309,artritis,4,5
3318,ary,4,5
3345,ascendido,4,5
3377,aserrin,4,5
3400,asfaltico,4,5
3522,astrofisico,4,5
3601,atencional,4,5
3779,auditiva,4,5
3790,auguste,4,5
3796,aulico,4,5
3811,auratico,4,5
3859,autoabastecimiento,4,5
3891,autoconvocados,4,5
3919,autodisciplina,4,5
3986,autopercibo,4,5
4016,autorreflexivo,4,5
4085,aventuras,4,5
4112,aviles,4,5
4121,avisale,4,5
4138,avivir,4,5
4161,ayllus,4,5
4201,aznarez,4,5
4293,bailarinxs,4,5
4294,bailas,4,5
4298,bailey,4,5
4321,bajofondo,4,5
4342,balbi,4,5
4349,balcanico,4,5
4366,baleada,4,5
4392,baltasar,4,5
4408,bamboleo,4,5
4545,barenboim,4,5
4678,batato,4,5
4684,batisenal,4,5
4723,bazo,4,5
4727,bbva,4,5
4728,bcn,4,5
4951,bertrand,4,5
4952,beruti,4,5
4976,bettina,4,5
4988,bibiana,4,5
4997,bibliorato,4,5
5024,biela,4,5
5043,bienvenidxs,4,5
5068,bilis,4,5
5140,biopoder,4,5
5231,blatt,4,5
5237,blefari,4,5
5248,block,4,5
5475,bordeaux,4,5
5508,borrello,4,5
5526,boss,4,5
5594,bpm,4,5
5610,branco,4,5
5642,brazuca,4,5
5656,brest,4,5
5707,britos,4,5
5729,bronceador,4,5
5786,bucaramanga,4,5
5857,bullyng,4,5
5858,bulnes,4,5
5930,buscarer,4,5
5944,busquser,4,5
5986,cabanas,4,5
6050,cachetear,4,5
6104,caggiano,4,5
6123,cajetilla,4,5
6148,calana,4,5
6159,calcetin,4,5
6170,calcuta,4,5
6190,calheiros,4,5
6211,calixto,4,5
6438,canceroso,4,5
6488,canibalizar,4,5
6499,canitas,4,5
6567,capacitista,4,5
6665,carassai,4,5
6679,carbonifero,4,5
6701,cardiaca,4,5
6755,carilo,4,5
6779,carlosmartinale,4,5
7003,castrador,4,5
7106,caustico,4,5
7136,cazadora,4,5
7186,ceil,4,5
7258,cens,4,5
7313,century,4,5
7371,cerril,4,5
7383,certificada,4,5
7415,cfkargentin,4,5
7501,chapulin,4,5
7530,chase,4,5
7595,chia,4,5
7617,chicken,4,5
7635,chilenidad,4,5
7638,chilenxs,4,5
7718,chocolatado,4,5
7725,cholulo,4,5
7734,chop,4,5
7759,christi,4,5
7766,chrome,4,5
7789,chupetin,4,5
7791,chupo,4,5
7798,chusma,4,5
7831,ciclismo,4,5
7840,ciecti,4,5
7883,cilindrico,4,5
7895,cinchada,4,5
7927,cio,4,5
7979,cisco,4,5
8047,clarificacion,4,5
8064,clasica,4,5
8102,claypole,4,5
8129,clifford,4,5
8146,cliquear,4,5
8160,clorinda,4,5
8172,clyde,4,5
8174,cnba,4,5
8191,coagulo,4,5
8267,codigos,4,5
8275,coequiper,4,5
8283,coffee,4,5
8297,cogobernar,4,5
8392,colegios,4,5
8394,coleridge,4,5
8498,combat,4,5
8532,comentador,4,5
8638,companerxs,4,5
8726,complete,4,5
8805,compruebo,4,5
8807,comps,4,5
8880,concentrador,4,5
8887,concentrir,4,5
8917,concient,4,5
8921,concienzudamente,4,5
8953,concubina,4,5
9052,conferido,4,5
9061,confesor,4,5
9218,conocida,4,5
9472,contarte,4,5
9489,contencios,4,5
9561,contractualista,4,5
9673,conurbanizar,4,5
9692,convencionalismo,4,5
9991,correria,4,5
10014,corriere,4,5
10063,cortinado,4,5
10114,coso,4,5
10138,costeno,4,5
10200,cpu,4,5
10269,crepe,4,5
10287,cri,4,5
10357,cristoff,4,5
10394,crooner,4,5
10396,croquis,4,5
10407,crucet,4,5
10431,crush,4,5
10467,cuadricep,4,5
10527,cuatrociento,4,5
10530,cuauhtemoc,4,5
10562,cuchillazo,4,5
10563,cuchillero,4,5
10597,cuerpa,4,5
10744,curatorial,4,5
10761,curriculums,4,5
10803,cuyan,4,5
10834,dahiana,4,5
10844,dalai,4,5
10847,daleo,4,5
10853,dalloway,4,5
10887,daniele,4,5
10898,danos,4,5
10948,davalos,4,5
11030,decadentista,4,5
11086,decisional,4,5
11199,deform,4,5
11244,dejarer,4,5
11345,delphine,4,5
11379,dement,4,5
11423,demosle,4,5
11469,dentifrico,4,5
11473,denuncialismo,4,5
11543,deprisa,4,5
11558,derek,4,5
11624,desacomoda,4,5
11933,descortesia,4,5
11947,describo,4,5
11987,desdibujada,4,5
12076,deseos,4,5
12087,desertificar,4,5
12258,deslocalizado,4,5
12308,desmoralizado,4,5
12419,despersonalizar,4,5
12420,despertado,4,5
12477,despreciativo,4,5
12514,desregulada,4,5
12674,deux,4,5
12701,devocional,4,5
12710,devotamente,4,5
12713,devuelvan,4,5
12766,diaria,4,5
12825,didier,4,5
12901,digitalidad,4,5
12954,dimitir,4,5
12977,dinosaurios,4,5
13003,diputadas,4,5
13051,disc,4,5
13066,disciplinadoro,4,5
13080,discografia,4,5
13510,donant,4,5
13528,donroe,4,5
13548,dormilon,4,5
13563,dosificado,4,5
13589,dracula,4,5
13604,dramaturgico,4,5
13641,drops,4,5
13732,duranbarbismo,4,5
13754,dustin,4,5
13783,echague,4,5
13787,echazu,4,5
13805,eclosionar,4,5
13831,economicus,4,5
13856,edelmiro,4,5
13970,egresadxs,4,5
13995,ejemplificadora,4,5
14048,electrificar,4,5
14055,electrodo,4,5
14094,elevador,4,5
14124,eliseos,4,5
14158,elongar,4,5
14240,embobado,4,5
14242,embole,4,5
14250,embotellado,4,5
14285,emilce,4,5
14494,enana,4,5
14499,enardecida,4,5
14569,encauzamiento,4,5
14579,encendi,4,5
14595,enciclopedico,4,5
14606,encogimiento,4,5
14614,enconter,4,5
14663,encuestadxs,4,5
14680,endgame,4,5
14687,endogen,4,5
14747,enfiestar,4,5
14873,enquistar,4,5
14879,enrarecida,4,5
14910,ensaladera,4,5
14950,ensombrecido,4,5
14999,entienden,4,5
15001,entierrir,4,5
15003,entomologo,4,5
15011,entorpecimiento,4,5
15016,entramada,4,5
15049,entregue,4,5
15077,entreteje,4,5
15081,entretelon,4,5
15276,erasure,4,5
15336,errazuriz,4,5
15377,escalpelo,4,5
15408,escardo,4,5
15453,esclusa,4,5
15459,escocesa,4,5
15514,escribes,4,5
15521,escrita,4,5
15553,escucharme,4,5
15597,esfinter,4,5
15609,eslabonamiento,4,5
15707,espeir,4,5
15755,espinillo,4,5
15766,espiritismo,4,5
15808,esquilar,4,5
15810,esquir,4,5
15814,esquive,4,5
15868,estafo,4,5
16009,estira,4,5
16014,estiron,4,5
16044,estratagema,4,5
16195,ethel,4,5
16215,etnocentrico,4,5
16222,etre,4,5
16223,ets,4,5
16464,exhaustividad,4,5
16506,existent,4,5
16530,exmujer,4,5
16553,expansiva,4,5
16603,explicame,4,5
16823,ezpeleta,4,5
16832,fabra,4,5
16881,facticidad,4,5
16888,facts,4,5
16923,falciani,4,5
16929,faldon,4,5
16935,falklands,4,5
17020,fantasmagoria,4,5
17033,farage,4,5
17036,farandulo,4,5
17065,fascinada,4,5
17102,fatuo,4,5
17162,federation,4,5
17283,ferreiro,4,5
17391,fierrero,4,5
17436,filarmonica,4,5
17450,fillol,4,5
17520,fine,4,5
17561,firulete,4,5
17639,flautista,4,5
17658,flexibilizado,4,5
17670,flirteo,4,5
17808,forajido,4,5
17823,forenses,4,5
17833,forjador,4,5
17872,fornicar,4,5
17999,framing,4,5
18146,frontalidad,4,5
18211,fukuyama,4,5
18234,fumigados,4,5
18317,fusilada,4,5
18360,gac,4,5
18385,galante,4,5
18394,galeno,4,5
18506,garat,4,5
18538,garrapata,4,5
18597,gatilla,4,5
18617,gavazzo,4,5
18696,generizada,4,5
18732,gentile,4,5
18748,geoffrey,4,5
18865,gig,4,5
18876,gijon,4,5
18978,glenda,4,5
18981,gleyzer,4,5
19020,gnc,4,5
19045,goes,4,5
19089,gomaespuma,4,5
19111,gonzo,4,5
19174,goycochea,4,5
19239,grammys,4,5
19261,grandoto,4,5
19411,grunge,4,5
19415,grupa,4,5
19520,guias,4,5
19559,gulag,4,5
19561,gulp,4,5
19564,gurion,4,5
19732,haiku,4,5
19733,hair,4,5
19735,haitian,4,5
19775,hammett,4,5
19838,hat,4,5
19863,hazlo,4,5
19865,head,4,5
19898,hegeliano,4,5
19935,help,4,5
19936,helsinki,4,5
20051,hersey,4,5
20052,hertz,4,5
20097,hic,4,5
20282,hispanoparlant,4,5
20314,hits,4,5
20317,hizo,4,5
20349,holandesa,4,5
20449,honre,4,5
20485,hormonizacion,4,5
20490,hornero,4,5
20570,huea,4,5
20593,huevazo,4,5
20692,hyde,4,5
20730,iconoclasia,4,5
20737,ideacion,4,5
20814,ignota,4,5
20830,iguana,4,5
20841,ilegalizado,4,5
20851,ilich,4,5
20859,illya,4,5
21106,impresionismo,4,5
21203,inamovilidad,4,5
21204,inanicion,4,5
21233,incapacitar,4,5
21235,incas,4,5
21240,incel,4,5
21285,incluer,4,5
21306,incomibl,4,5
21381,incorregibl,4,5
21417,incumplible,4,5
21434,indebidamente,4,5
21440,indecidible,4,5
21484,indetectable,4,5
21602,industriales,4,5
21732,infinity,4,5
21741,inflador,4,5
21792,informatizado,4,5
21805,infrarrojo,4,5
21826,ingenieril,4,5
21980,inmunodeficiencia,4,5
22009,inocuidad,4,5
22043,ins,4,5
22046,insalubre,4,5
22305,intentandolo,4,5
22338,intercept,4,5
22395,interjuego,4,5
22401,intermedia,4,5
22461,interpuesto,4,5
22514,interventora,4,5
22549,intramuro,4,5
22551,intranquila,4,5
22563,intratable,4,5
22565,intrauterino,4,5
22571,intrigant,4,5
22615,inutilizar,4,5
22637,invencibilidad,4,5
22720,invulnerable,4,5
22730,ipa,4,5
22732,ipads,4,5
22883,islamismo,4,5
22952,jacobino,4,5
22981,jallalla,4,5
23070,jenner,4,5
23201,josue,4,5
23221,juancarra,4,5
23270,jugabas,4,5
23388,kaczka,4,5
23390,kafkian,4,5
23421,karim,4,5
23472,kerouac,4,5
23553,knowledge,4,5
23556,kobe,4,5
23567,kon,4,5
23603,kuka,4,5
23613,kurdi,4,5
23620,kuryaki,4,5
23670,lacerant,4,5
23683,lacroix,4,5
23693,laden,4,5
23706,ladronzuelo,4,5
23775,landau,4,5
23780,langer,4,5
23880,lateralmente,4,5
23927,lavadora,4,5
23959,lazzarato,4,5
23967,leadership,4,5
23987,leches,4,5
24013,left,4,5
24022,legaliza,4,5
24073,leite,4,5
24080,leleque,4,5
24082,leliq,4,5
24189,levedad,4,5
24196,levita,4,5
24210,leyva,4,5
24266,liberto,4,5
24364,liminalidad,4,5
24425,lingot,4,5
24436,linux,4,5
24496,lituano,4,5
24542,llamen,4,5
24549,llanero,4,5
24691,logic,4,5
24733,longa,4,5
24747,looking,4,5
24769,lorrie,4,5
24879,lujos,4,5
24913,lupus,4,5
24938,lygia,4,5
24960,macbeth,4,5
24974,mache,4,5
25031,madriguera,4,5
25067,magenta,4,5
25073,magica,4,5
25114,mahatma,4,5
25158,malacalza,4,5
25178,maldesarrollo,4,5
25191,maleducado,4,5
25228,mallo,4,5
25283,mamut,4,5
25292,manal,4,5
25294,mananita,4,5
25336,mandolina,4,5
25354,manglar,4,5
25423,mansplaining,4,5
25448,manucho,4,5
25561,marchitar,4,5
25593,marge,4,5
25607,margulis,4,5
25653,maripos,4,5
25667,maritima,4,5
25669,maritimos,4,5
25677,marketplace,4,5
25716,martilla,4,5
25768,masculinas,4,5
25899,matrioshkas,4,5
25922,mauri,4,5
25948,mayol,4,5
25978,mccain,4,5
25981,mcconaughey,4,5
26000,mecanicista,4,5
26004,mecanizacion,4,5
26008,meccia,4,5
26080,medife,4,5
26122,megaoperativo,4,5
26233,menesunda,4,5
26310,mercadointernista,4,5
26313,mercados,4,5
26359,meritocrata,4,5
26382,mescolanza,4,5
26498,mezcal,4,5
26502,mezcle,4,5
26612,mija,4,5
26643,miligramo,4,5
26703,mindfulness,4,5
26713,mineros,4,5
26752,minotauro,4,5
26802,mirilla,4,5
26835,mismidad,4,5
26880,mitos,4,5
26907,mochkofsky,4,5
27062,monedita,4,5
27067,monetarismo,4,5
27144,montaigne,4,5
27225,morbido,4,5
27261,morin,4,5
27471,muesca,4,5
27528,multimedial,4,5
27588,municipalidades,4,5
27636,musicalizado,4,5
27669,mutualista,4,5
27680,naces,4,5
27767,narcocriminalidad,4,5
27815,natalio,4,5
27865,navegabl,4,5
27912,necrologica,4,5
27958,negroni,4,5
28000,neonato,4,5
28004,neonazis,4,5
28019,nerea,4,5
28121,nicky,4,5
28148,nigel,4,5
28210,nivelacion,4,5
28346,nossa,4,5
28412,noventas,4,5
28432,nra,4,5
28466,nugget,4,5
28474,number,4,5
28486,nun,4,5
28662,occidentalizado,4,5
28676,ochentista,4,5
28699,ocultado,4,5
28721,oddone,4,5
28745,oenege,4,5
28870,oliveto,4,5
28926,omoplato,4,5
28935,onde,4,5
29063,orange,4,5
29082,ordenadora,4,5
29101,orellana,4,5
29202,ort,4,5
29205,ortelli,4,5
29218,ortopedico,4,5
29280,otaku,4,5
29319,ovacionado,4,5
29367,pacatar,4,5
29388,pacificadora,4,5
29586,pancita,4,5
29592,pandemias,4,5
29616,panic,4,5
29636,pantanosa,4,5
29696,parade,4,5
29758,pararrayo,4,5
29829,parlamentar,4,5
29846,parolin,4,5
29917,partidizado,4,5
29989,pasman,4,5
30016,pastillas,4,5
30097,patriarcalismo,4,5
30162,pautassi,4,5
30179,pay,4,5
30206,peaks,4,5
30213,pecadora,4,5
30221,pechito,4,5
30244,pedemonte,4,5
30287,pegarar,4,5
30289,pegas,4,5
30368,peluso,4,5
30387,penasco,4,5
30418,penna,4,5
30441,pense,4,5
30486,perantuono,4,5
30554,perestroika,4,5
30604,peridural,4,5
30769,pertinaz,4,5
30848,peticionar,4,5
30883,pezuna,4,5
31020,pijo,4,5
31021,pikachu,4,5
31033,pilgrim,4,5
31081,pinga,4,5
31093,pinos,4,5
31098,pintadas,4,5
31118,piojos,4,5
31151,piromano,4,5
31213,pizzero,4,5
31228,placir,4,5
31318,platicar,4,5
31321,platini,4,5
31366,plenaria,4,5
31416,pnud,4,5
31592,pollero,4,5
31701,porcelanato,4,5
31710,porfa,4,5
31717,pornificacion,4,5
31763,portentosa,4,5
31831,positivos,4,5
31843,pospolitica,4,5
31844,pospolitico,4,5
31854,postapocaliptico,4,5
31859,postdoctoral,4,5
31890,postproduccion,4,5
32110,preguntale,4,5
32222,preseleccion,4,5
32268,presos,4,5
32379,primerxs,4,5
32741,propone,4,5
32784,prosovietico,4,5
32816,protegiar,4,5
32889,proxenetismo,4,5
32943,psicopatico,4,5
32948,psicopedagogico,4,5
32961,psiquiatrica,4,5
33078,pujanza,4,5
33159,punteril,4,5
33243,quds,4,5
33261,quedaremos,4,5
33276,quedese,4,5
33298,quemazon,4,5
33312,queretaro,4,5
33323,querubin,4,5
33428,rabiar,4,5
33488,radioactividad,4,5
33498,radiologo,4,5
33559,ranchada,4,5
33637,rasgunar,4,5
33723,rcp,4,5
33724,rda,4,5
33748,read,4,5
33824,rebelado,4,5
33864,recalentamiento,4,5
33885,recato,4,5
33924,recibidor,4,5
33978,recolectada,4,5
34152,recusacion,4,5
34179,redibujar,4,5
34304,refinanciacion,4,5
34320,reflexiono,4,5
34410,regionales,4,5
34418,registradoro,4,5
34488,reimpresion,4,5
34511,reinscribir,4,5
34550,rejunt,4,5
34590,relativista,4,5
34616,relief,4,5
34680,remise,4,5
34685,remitar,4,5
34752,renegrido,4,5
34901,reporting,4,5
34959,reproductivos,4,5
34961,reproductora,4,5
35015,resarcir,4,5
35043,reset,4,5
35045,reseteo,4,5
35056,residencias,4,5
35062,residuos,4,5
35359,reversa,4,5
35382,revindicar,4,5
35386,revise,4,5
35446,reynal,4,5
35473,ricciardelli,4,5
35517,righi,4,5
35541,rinesi,4,5
35580,rispidez,4,5
35695,rodo,4,5
35733,rolnik,4,5
35755,romeu,4,5
35765,rompedor,4,5
35817,rosedal,4,5
35834,rosquita,4,5
35903,rublos,4,5
35955,rumi,4,5
36054,sacaste,4,5
36058,sacchi,4,5
36059,sacco,4,5
36086,sacude,4,5
36110,saferstein,4,5
36139,saladero,4,5
36275,sample,4,5
36336,sanita,4,5
36378,santista,4,5
36405,saralegui,4,5
36473,sauces,4,5
36474,saudade,4,5
36521,schiller,4,5
36523,schirmer,4,5
36546,schwarzenegger,4,5
36556,scola,4,5
36576,seasons,4,5
36600,secretarias,4,5
36706,seinfeld,4,5
36721,selena,4,5
36728,sellers,4,5
36759,semiconductor,4,5
36836,sensibilizado,4,5
36939,serialidad,4,5
37006,seth,4,5
37021,sexenio,4,5
37050,shakesperiano,4,5
37060,share,4,5
37073,shenzhen,4,5
37198,sil,4,5
37318,sindicado,4,5
37333,sinestesia,4,5
37375,sintiera,4,5
37394,sirenita,4,5
37399,sirven,4,5
37442,ski,4,5
37444,skinheads,4,5
37475,sms,4,5
37544,sobrepesca,4,5
37657,socorros,4,5
37735,solicito,4,5
37740,solidariamente,4,5
37792,sombrerito,4,5
37808,somos,4,5
37837,sonrei,4,5
37956,soundcloud,4,5
37957,soundtrack,4,5
37981,spasiuk,4,5
37998,spike,4,5
38048,stands,4,5
38094,stickers,4,5
38095,stiftung,4,5
38114,store,4,5
38141,strip,4,5
38151,study,4,5
38161,suavizado,4,5
38199,subejecucion,4,5
38254,subrair,4,5
38268,subrogar,4,5
38405,sufris,4,5
38620,surubi,4,5
38640,susi,4,5
38660,sustantivamente,4,5
38720,syngenta,4,5
38734,tabique,4,5
38756,tachadura,4,5
38759,tachito,4,5
38781,taekwondo,4,5
38787,tagliaferri,4,5
38809,talado,4,5
38854,tambero,4,5
38921,tapo,4,5
38972,tartamudo,4,5
39073,tecnopolitica,4,5
39074,tecnopolitico,4,5
39110,tejo,4,5
39120,telecomunicaciones,4,5
39224,temps,4,5
39249,tendras,4,5
39279,tenorio,4,5
39348,term,4,5
39396,terrenito,4,5
39404,territoriales,4,5
39412,terron,4,5
39503,theodore,4,5
39526,thunberg,4,5
39573,tiktoker,4,5
39592,timbero,4,5
39633,tintero,4,5
39678,tirolesa,4,5
39696,titicaca,4,5
39701,titiunik,4,5
39725,tlon,4,5
39822,tonel,4,5
39857,toponimo,4,5
39950,totalizant,4,5
39957,tottenham,4,5
39964,tow,4,5
40138,transfeir,4,5
40203,translation,4,5
40251,tranviarios,4,5
40300,trasplantado,4,5
40389,tremebundo,4,5
40453,trilce,4,5
40459,trimestral,4,5
40518,tro,4,5
40531,trolleo,4,5
40630,tuitcronica,4,5
40644,tullido,4,5
40830,ultravioleta,4,5
40831,ultro,4,5
40900,unilateralismo,4,5
40910,unit,4,5
40934,universitat,4,5
40938,univision,4,5
40953,unzue,4,5
40991,urea,4,5
41017,urribarri,4,5
41102,uvas,4,5
41131,vacunada,4,5
41133,vacunal,4,5
41212,vallenato,4,5
41240,vampirizar,4,5
41389,veint,4,5
41610,verifico,4,5
41747,vicerrectora,4,5
41773,victoriana,4,5
41897,villaruel,4,5
42048,vislumbro,4,5
42097,vivanco,4,5
42270,vtv,4,5
42315,waldman,4,5
42317,wales,4,5
42326,wally,4,5
42371,weberiano,4,5
42372,wechat,4,5
42373,wedding,4,5
42434,wiki,4,5
42444,williamson,4,5
42452,window,4,5
42454,winfrey,4,5
42459,winners,4,5
42468,wisky,4,5
42576,yaya,4,5
42584,yelmo,4,5
42612,yogyakarta,4,5
42628,youth,4,5
42677,zaguero,4,5
42698,zanetti,4,5
42739,zarpe,4,5
42745,zeiger,4,5
42766,zicarelli,4,5
42790,zodiaco,4,5
42840,zurdazo,4,5
623,acustica,3,5
968,afrodescendientes,3,5
1050,ago,3,5
1162,aguafuerte,3,5
1372,alcancia,3,5
1400,aldeano,3,5
1444,alencar,3,5
1467,aleteo,3,5
1567,alina,3,5
1756,alzate,3,5
1902,amicus,3,5
1942,amonio,3,5
1965,amotinamiento,3,5
2063,anastasia,3,5
2177,ang,3,5
2264,anitta,3,5
2291,anorak,3,5
2363,anthem,3,5
2414,antidoping,3,5
2428,antigas,3,5
2456,antimisil,3,5
2623,ape,3,5
3523,astrologa,3,5
3833,austen,3,5
3864,autoadscripcion,3,5
3896,autocreacion,3,5
3944,autoidentificacion,3,5
3981,autopartista,3,5
4093,averigua,3,5
4155,ayatola,3,5
4260,badaracco,3,5
4307,bajant,3,5
4356,baldasarre,3,5
4364,baldwin,3,5
4477,banlieu,3,5
4491,bap,3,5
4548,barista,3,5
4572,barrenechea,3,5
4759,bebu,3,5
4770,bechdel,3,5
4810,belisario,3,5
5017,bidaseca,3,5
5034,biennale,3,5
5157,bipolaridad,3,5
5195,blackface,3,5
5284,bobe,3,5
5435,bongo,3,5
5467,bordaberry,3,5
5551,botinera,3,5
5586,boxers,3,5
5600,brady,3,5
5653,brenner,3,5
5669,briceno,3,5
5678,brighton,3,5
5928,buscadoras,3,5
5954,buy,3,5
6009,cabito,3,5
6336,caminantar,3,5
6719,caren,3,5
6988,castelo,3,5
7002,castrado,3,5
7024,catalano,3,5
7063,catena,3,5
7070,cati,3,5
7103,causarar,3,5
7177,cefalea,3,5
7323,ceprodh,3,5
7450,chamaco,3,5
7575,chena,3,5
7656,chinda,3,5
7679,chirimbolo,3,5
7745,choro,3,5
7756,chow,3,5
7802,ciadi,3,5
7904,cineclub,3,5
7907,cinefilos,3,5
7971,ciruelo,3,5
8200,cob,3,5
8269,codito,3,5
8368,colecho,3,5
8412,colinas,3,5
8423,collective,3,5
8425,collia,3,5
8858,conabip,3,5
9299,consideras,3,5
9308,consignismo,3,5
9350,constanzo,3,5
9492,contendor,3,5
9608,contraprueba,3,5
9856,corbalan,3,5
9865,corcuera,3,5
9912,cornuda,3,5
9916,corolla,3,5
9930,corpacci,3,5
9937,corporate,3,5
10075,coruna,3,5
10190,coyoacan,3,5
10292,criador,3,5
10368,crivella,3,5
10568,cucurucho,3,5
10699,cumbres,3,5
10742,curas,3,5
10839,daireaux,3,5
10864,damien,3,5
10908,danzarin,3,5
10952,davidowitz,3,5
11071,decilir,3,5
11135,decrepitud,3,5
11164,defendes,3,5
11177,defensorias,3,5
11229,deis,3,5
11343,dellepiane,3,5
11552,derechito,3,5
11565,derivir,3,5
11615,desabrido,3,5
11858,descentramiento,3,5
11923,descontracturada,3,5
11995,desdolarizacion,3,5
12049,desendeudar,3,5
12171,deshidratacion,3,5
12190,desideologizar,3,5
12387,despedazado,3,5
12728,diado,3,5
12974,diniz,3,5
13096,discos,3,5
13141,disecado,3,5
13317,disvalor,3,5
13426,dodgers,3,5
13436,doi,3,5
13519,donell,3,5
13526,donoso,3,5
13594,drake,3,5
13683,duerma,3,5
13852,edadismo,3,5
13877,edir,3,5
14057,electrogeno,3,5
14058,electroingenieria,3,5
14171,elva,3,5
14212,embarcadero,3,5
14374,empeorado,3,5
14983,enteras,3,5
15301,erizo,3,5
15360,escalable,3,5
15777,esplendoroso,3,5
15821,essex,3,5
16181,etcheverry,3,5
16221,etnologo,3,5
16459,exgobernador,3,5
16496,eximicion,3,5
16528,exmilitar,3,5
16833,fabre,3,5
16901,faenar,3,5
16980,familiarizacion,3,5
17048,farmaceuticos,3,5
17181,feld,3,5
17250,feral,3,5
17355,fic,3,5
17393,fiesp,3,5
17570,fiscalizador,3,5
17590,fisu,3,5
17655,flex,3,5
17665,flia,3,5
17668,flint,3,5
17738,focas,3,5
17756,folclor,3,5
17768,follar,3,5
17795,fontenla,3,5
17918,fotocopiar,3,5
18139,frola,3,5
18173,fuba,3,5
18269,fundamentalistas,3,5
18366,gadget,3,5
18372,gagarin,3,5
18407,gallagher,3,5
18511,garbo,3,5
18540,garratt,3,5
18593,gatekeeper,3,5
18633,gear,3,5
18641,geisha,3,5
18827,gestionario,3,5
18841,gherardi,3,5
18875,gigolo,3,5
18897,gimeno,3,5
18910,ginger,3,5
18948,gitlin,3,5
18964,gladiadoras,3,5
19146,gorostiaga,3,5
19364,grisura,3,5
19449,guardabosqu,3,5
19473,guarimba,3,5
19491,gudino,3,5
19497,guero,3,5
19503,guerreros,3,5
19515,guglear,3,5
19525,guijarro,3,5
19691,hache,3,5
19771,hamburguesas,3,5
19786,hanks,3,5
19824,hart,3,5
19889,hedge,3,5
19934,helmut,3,5
19946,hemolitico,3,5
19970,herbario,3,5
20032,herodoto,3,5
20104,hicks,3,5
20173,hillsborough,3,5
20484,hormonar,3,5
20507,horvilleur,3,5
20609,huinca,3,5
20686,huston,3,5
20690,huyssen,3,5
20702,ibarguren,3,5
20798,ied,3,5
20921,imas,3,5
21459,indelegable,3,5
21491,indh,3,5
21573,indo,3,5
21609,industricidio,3,5
21676,infama,3,5
22025,input,3,5
22239,integra,3,5
22486,interruptor,3,5
22604,inundable,3,5
22735,iparraguirre,3,5
22738,iphon,3,5
22755,iraola,3,5
22767,irish,3,5
22771,irlandeses,3,5
22905,itaipu,3,5
22932,ivor,3,5
22954,jacobs,3,5
23013,jaqueca,3,5
23020,jardim,3,5
23129,joaco,3,5
23357,juscelino,3,5
23402,kampfer,3,5
23407,kanye,3,5
23431,katana,3,5
23445,kawaii,3,5
23457,keka,3,5
23515,kimmel,3,5
23560,koenig,3,5
23565,kollmann,3,5
23593,kristeva,3,5
23595,kroos,3,5
23597,krueger,3,5
23741,lam,3,5
23755,lamien,3,5
23757,laminado,3,5
23797,lanzador,3,5
23808,lapena,3,5
23842,larraburu,3,5
23849,larriel,3,5
23910,latronico,3,5
24127,leonino,3,5
24216,lgbtinbq,3,5
24382,limonov,3,5
24768,lorraine,3,5
24773,losers,3,5
24813,lubricante,3,5
24889,lulismo,3,5
24996,mackay,3,5
25098,magnicido,3,5
25117,mahsa,3,5
25282,mamushkas,3,5
25332,mandibulas,3,5
25402,manning,3,5
25435,mantera,3,5
25787,masismo,3,5
25870,maternalizacion,3,5
25913,maturana,3,5
25971,mazzola,3,5
25973,mazzucato,3,5
26058,medicada,3,5
26318,mercantilismo,3,5
26324,merce,3,5
26520,michaux,3,5
26525,michelini,3,5
26539,microcine,3,5
26542,microcredito,3,5
26661,milk,3,5
26699,minarquista,3,5
26721,minibus,3,5
26886,mixtape,3,5
26893,mizraje,3,5
27064,moneta,3,5
27100,monogamico,3,5
27148,montaldo,3,5
27241,morelli,3,5
27254,morgenstern,3,5
27277,moros,3,5
27363,motricidad,3,5
27422,mtst,3,5
27424,muay,3,5
27481,muffin,3,5
27499,mulheres,3,5
27641,musiquita,3,5
27725,naiv,3,5
27731,nalgada,3,5
27768,narcomaquina,3,5
27786,narrable,3,5
27847,naty,3,5
27875,naviera,3,5
28061,neurodivergente,3,5
28106,nguillatun,3,5
28223,noboa,3,5
28418,novicia,3,5
28431,npr,3,5
28710,ocupas,3,5
28820,okcupid,3,5
29103,oreo,3,5
29204,orteguista,3,5
29248,ose,3,5
29253,osf,3,5
29344,ows,3,5
29428,paf,3,5
29762,parasite,3,5
29819,parisini,3,5
29852,parquecito,3,5
30001,passu,3,5
30007,pastelera,3,5
30068,patinador,3,5
30071,patineta,3,5
30112,patriotero,3,5
30634,perita,3,5
30682,peronizar,3,5
30690,perpetran,3,5
30701,perras,3,5
30873,petrus,3,5
30888,phi,3,5
30999,pierina,3,5
31005,pierri,3,5
31050,pim,3,5
31150,pirineos,3,5
31333,playback,3,5
31412,plutonio,3,5
31517,polen,3,5
31625,poncio,3,5
31713,porfirio,3,5
31735,porron,3,5
31809,posfordismo,3,5
31824,posindustrial,3,5
31909,potassa,3,5
32028,precordillera,3,5
32040,predeciblemente,3,5
32441,private,3,5
32560,profanado,3,5
32832,protex,3,5
32920,psg,3,5
33049,puercoespin,3,5
33059,puestera,3,5
33069,puglia,3,5
33316,queribl,3,5
33329,qui,3,5
33495,radiograbador,3,5
33500,radioterapia,3,5
33651,rastreable,3,5
33661,rastrojero,3,5
33869,recalt,3,5
34004,reconciliatorio,3,5
34061,recordarer,3,5
34088,recovecos,3,5
34450,regueira,3,5
34647,remanida,3,5
34655,remasterizado,3,5
34740,rendidor,3,5
34804,rep,3,5
35028,resecar,3,5
35087,resistire,3,5
35472,ricci,3,5
35620,roast,3,5
35661,roche,3,5
35676,rockwell,3,5
35697,rodoviaria,3,5
35879,royco,3,5
35889,ruas,3,5
35908,ruca,3,5
36083,sacristia,3,5
36191,salitre,3,5
36200,salmuera,3,5
36279,samsa,3,5
36318,sang,3,5
36447,satana,3,5
36478,saulquin,3,5
36512,schejter,3,5
36535,schopenhauer,3,5
36541,schumpeter,3,5
36551,scientist,3,5
36560,scoring,3,5
36766,semillas,3,5
36835,sensibilizada,3,5
36862,sentime,3,5
37085,shiito,3,5
37197,sikuri,3,5
37287,sims,3,5
37436,skarmeta,3,5
37462,sly,3,5
37473,smoke,3,5
37484,snorkel,3,5
37685,sojal,3,5
37715,soldadora,3,5
37737,solid,3,5
37948,sotelo,3,5
38055,starlink,3,5
38129,stravinsky,3,5
38143,strippers,3,5
38318,subyugacion,3,5
38407,sugar,3,5
38555,supiste,3,5
38566,suplicy,3,5
38612,suroccidente,3,5
38696,suyos,3,5
38698,sven,3,5
38717,sylvestre,3,5
38753,taca,3,5
38863,tanatorio,3,5
38966,tarragona,3,5
39051,tecnificacion,3,5
39054,tecnocapitalista,3,5
39081,tedesco,3,5
39163,tellas,3,5
39189,temeridad,3,5
39197,tempe,3,5
39302,teocratico,3,5
39428,tesista,3,5
39471,texan,3,5
39506,theron,3,5
39611,timonel,3,5
39825,tongo,3,5
39993,trabajastar,3,5
40015,tracker,3,5
40071,train,3,5
40167,transfronteriza,3,5
40479,tripolar,3,5
40675,tupe,3,5
40732,twins,3,5
40850,uncion,3,5
40858,understand,3,5
40992,uremico,3,5
41035,usarar,3,5
41145,vagabundeo,3,5
41368,vegana,3,5
41412,veiras,3,5
41429,velas,3,5
41614,vermelha,3,5
41870,vilca,3,5
41900,villazon,3,5
41923,vincularidad,3,5
41995,virno,3,5
42103,viveiros,3,5
42333,walther,3,5
42428,wichis,3,5
42439,wilhelm,3,5
42464,wiphalas,3,5
42647,yuk,3,5
42661,yuxtapuesto,3,5
42803,zonificacion,3,5
42835,zunino,3,5
21,abarcador,4,4
32,abateir,4,4
66,abismos,4,4
72,abnegada,4,4
107,abortamos,4,4
111,aborteras,4,4
119,abortolegalya,4,4
120,abortos,4,4
125,abr,4,4
134,abrasar,4,4
144,abrevadero,4,4
154,abrigos,4,4
156,abrimos,4,4
163,abrochar,4,4
176,absolutismo,4,4
177,absolutista,4,4
179,absolutos,4,4
181,absorbar,4,4
191,abstencionismo,4,4
200,abstraido,4,4
214,abuelx,4,4
222,aburer,4,4
251,acacia,4,4
254,academicamente,4,4
255,academicista,4,4
260,acaecer,4,4
265,acallado,4,4
270,acalorar,4,4
299,accesoria,4,4
301,access,4,4
304,accidentalmente,4,4
327,aceitoso,4,4
329,acelera,4,4
341,acentuacion,4,4
350,aceptarir,4,4
351,aceptas,4,4
369,acerrimos,4,4
379,achaparrado,4,4
394,acicate,4,4
396,acicatear,4,4
414,aclarado,4,4
430,acomodador,4,4
446,acompanarir,4,4
447,acompanarte,4,4
448,acompanas,4,4
474,acople,4,4
480,acordatar,4,4
481,acordate,4,4
482,acordatir,4,4
509,acotamiento,4,4
520,acreedora,4,4
587,acudiar,4,4
593,acuerdense,4,4
598,acumar,4,4
617,acusada,4,4
662,adentrado,4,4
696,adio,4,4
724,administrativa,4,4
758,adoptarir,4,4
759,adopter,4,4
776,adornito,4,4
808,adult,4,4
810,adulteracion,4,4
834,advienir,4,4
842,aea,4,4
860,aerostatico,4,4
871,afecta,4,4
882,afectos,4,4
955,africana,4,4
961,afroargentin,4,4
969,afrodita,4,4
979,agachada,4,4
996,agarratir,4,4
1016,agendada,4,4
1024,aggiornamiento,4,4
1043,aglutinado,4,4
1098,agredar,4,4
1099,agredida,4,4
1102,agrega,4,4
1116,agreste,4,4
1119,agricultora,4,4
1137,agroexportadoro,4,4
1138,agroganadero,4,4
1179,agudisimo,4,4
1190,aguijon,4,4
1204,agujereada,4,4
1221,ahogada,4,4
1254,airbus,4,4
1261,aislacionisto,4,4
1268,aja,4,4
1277,ajetreado,4,4
1302,alak,4,4
1310,alamos,4,4
1328,alas,4,4
1330,alazan,4,4
1334,albamonte,4,4
1353,albicelest,4,4
1363,albuquerque,4,4
1369,alcalino,4,4
1376,alcanz,4,4
1415,aledano,4,4
1422,alegr,4,4
1453,alergico,4,4
1515,algoritmizacion,4,4
1526,alia,4,4
1531,aliancista,4,4
1553,alimentabar,4,4
1574,alison,4,4
1575,alista,4,4
1582,alivie,4,4
1597,allo,4,4
1609,almaraz,4,4
1619,almohadilla,4,4
1621,almorce,4,4
1633,alojada,4,4
1643,alopecia,4,4
1645,alpargatas,4,4
1666,altair,4,4
1712,aluar,4,4
1740,alusiva,4,4
1808,amarrada,4,4
1848,ambigua,4,4
1879,ameniti,4,4
1891,amerique,4,4
1909,amigdala,4,4
1938,amoldir,4,4
1941,amoniaco,4,4
1958,amorrortu,4,4
1963,amortizar,4,4
1967,amour,4,4
1969,amparada,4,4
1981,amplificada,4,4
1991,ampulos,4,4
2001,amuchar,4,4
2023,analfabeta,4,4
2035,analiza,4,4
2047,analytics,4,4
2064,anastasio,4,4
2083,anchos,4,4
2084,anchura,4,4
2087,ancianos,4,4
2104,andanada,4,4
2139,andrey,4,4
2152,anegado,4,4
2181,angelelli,4,4
2211,anguloso,4,4
2217,angustias,4,4
2230,anillaco,4,4
2233,anillos,4,4
2245,animalizar,4,4
2254,animista,4,4
2272,annunziata,4,4
2280,anomico,4,4
2283,anonimamente,4,4
2308,anoticeir,4,4
2342,antecedido,4,4
2409,antidictatorial,4,4
2418,antiespecista,4,4
2453,antimacrismo,4,4
2496,antisismico,4,4
2509,antojadizo,4,4
2555,anuncie,4,4
2563,apabullado,4,4
2572,apadrinado,4,4
2580,apaguir,4,4
2585,aparataje,4,4
2592,aparecerir,4,4
2615,apasionamiento,4,4
2626,apegar,4,4
2632,apelativo,4,4
2635,apelmazado,4,4
2636,apelmazar,4,4
2643,apersonar,4,4
2646,aperturisto,4,4
2661,apinado,4,4
2679,aplaudo,4,4
2681,aplausometro,4,4
2699,aplique,4,4
2704,apocalipsi,4,4
2727,apologo,4,4
2728,apoltronado,4,4
2737,aportarir,4,4
2757,apoyatura,4,4
2767,apreciada,4,4
2773,aprehendir,4,4
2776,apremiant,4,4
2781,aprenda,4,4
2817,aprobe,4,4
2827,aprovech,4,4
2852,apuntalado,4,4
2858,apuntir,4,4
2875,aquilatar,4,4
2907,araya,4,4
2941,archivada,4,4
2961,ardar,4,4
3006,argenleaks,4,4
3025,argumedo,4,4
3027,argumentado,4,4
3032,argumentir,4,4
3075,armadora,4,4
3091,armo,4,4
3133,arquitecturas,4,4
3135,arrabalero,4,4
3143,arrancamos,4,4
3153,arrastra,4,4
3169,arregle,4,4
3172,arregui,4,4
3179,arremetida,4,4
3195,arribado,4,4
3246,arrullo,4,4
3265,artero,4,4
3272,artesanias,4,4
3298,artimana,4,4
3314,aruba,4,4
3323,asada,4,4
3358,asegura,4,4
3412,asidua,4,4
3417,asienten,4,4
3426,asignir,4,4
3467,asocio,4,4
3513,astilleros,4,4
3536,astutamente,4,4
3554,asustir,4,4
3611,atenta,4,4
3624,aterciopelado,4,4
3625,aterrada,4,4
3647,atienda,4,4
3648,atienir,4,4
3649,atildado,4,4
3651,atin,4,4
3673,atom,4,4
3684,atorado,4,4
3685,atorar,4,4
3696,atracon,4,4
3713,atraveir,4,4
3715,atravesamiento,4,4
3727,atrevida,4,4
3748,atronador,4,4
3753,attention,4,4
3759,aturde,4,4
3766,audibilidad,4,4
3777,audiovisuales,4,4
3800,aumentados,4,4
3826,auspiceir,4,4
3842,australiana,4,4
3879,autocomplacencia,4,4
3883,autoconfianza,4,4
3886,autoconstruccion,4,4
3906,autodefinido,4,4
3909,autodenominada,4,4
3913,autodestructiva,4,4
3922,autoengano,4,4
3926,autoexcluir,4,4
3928,autoexigente,4,4
3969,autonomamente,4,4
4000,autoricir,4,4
4014,autorreferencialidad,4,4
4015,autorreflexion,4,4
4020,autorrepresentacion,4,4
4049,avanzados,4,4
4054,avaro,4,4
4056,avasallado,4,4
4059,avasallant,4,4
4065,avejentado,4,4
4076,avenimiento,4,4
4097,averiguo,4,4
4118,avisa,4,4
4120,avisador,4,4
4134,avivada,4,4
4144,award,4,4
4146,away,4,4
4164,aymar,4,4
4170,ayres,4,4
4199,azcuenaga,4,4
4204,azot,4,4
4226,azuzo,4,4
4231,babear,4,4
4258,bacterian,4,4
4301,baires,4,4
4318,bajisimos,4,4
4338,balances,4,4
4345,balbuceante,4,4
4381,ballotaje,4,4
4425,bancaba,4,4
4430,bancaria,4,4
4451,banderia,4,4
4482,banque,4,4
4486,banquetes,4,4
4502,barak,4,4
4526,barbilla,4,4
4528,barbosa,4,4
4536,barcito,4,4
4544,barea,4,4
4577,barria,4,4
4624,basf,4,4
4638,bassi,4,4
4659,bastones,4,4
4673,batallador,4,4
4693,battle,4,4
4699,bauen,4,4
4710,bautizo,4,4
4742,beato,4,4
4755,bebidas,4,4
4762,becar,4,4
4779,beef,4,4
4800,belice,4,4
4801,belicismo,4,4
4828,belocopitt,4,4
4885,bensaid,4,4
4930,beron,4,4
4946,bertoldi,4,4
4963,bestialidad,4,4
5012,bicicleteada,4,4
5030,bienaventuranza,4,4
5057,bigotudo,4,4
5082,bimestre,4,4
5084,bimonetario,4,4
5111,bioenergia,4,4
5149,biotecnologica,4,4
5176,bitch,4,4
5205,blanche,4,4
5212,blandiendo,4,4
5245,blister,4,4
5268,blow,4,4
5309,bodrio,4,4
5329,bol,4,4
5367,bolognesa,4,4
5373,bolsito,4,4
5379,bolt,4,4
5380,boltanski,4,4
5385,boludir,4,4
5434,bonfatti,4,4
5438,bonita,4,4
5442,bonos,4,4
5483,bores,4,4
5487,borgia,4,4
5494,borja,4,4
5539,botamanga,4,4
5555,botonera,4,4
5557,bots,4,4
5561,botto,4,4
5562,bouchard,4,4
5567,bourbon,4,4
5595,bra,4,4
5604,bragueta,4,4
5632,brave,4,4
5658,brete,4,4
5691,brindada,4,4
5702,britanicas,4,4
5725,bromista,4,4
5732,broncodilatador,4,4
5749,broz,4,4
5795,buches,4,4
5823,bufar,4,4
5836,buitrar,4,4
5854,bulls,4,4
5908,burocratizado,4,4
5909,burocratizar,4,4
5910,burra,4,4
5943,busquets,4,4
5972,cabalga,4,4
5974,cabalidad,4,4
6013,cablerio,4,4
6021,cabrear,4,4
6024,cabrir,4,4
6031,cacareo,4,4
6038,cacerolero,4,4
6044,cachengue,4,4
6049,cachete,4,4
6056,cachorra,4,4
6063,cadalso,4,4
6085,caerir,4,4
6096,cafetin,4,4
6126,cajoneado,4,4
6128,cajoneo,4,4
6152,calcada,4,4
6201,calientes,4,4
6234,calls,4,4
6246,calorica,4,4
6250,calumniar,4,4
6304,cambiemitar,4,4
6309,cambier,4,4
6312,cambista,4,4
6318,cameo,4,4
6332,caminabar,4,4
6391,campinas,4,4
6393,campings,4,4
6414,canaleta,4,4
6427,canastita,4,4
6473,canela,4,4
6489,canica,4,4
6498,canita,4,4
6501,canitrot,4,4
6509,canning,4,4
6522,cansa,4,4
6576,capela,4,4
6632,capuchino,4,4
6640,carabina,4,4
6680,carbonizado,4,4
6706,cardiopulmonar,4,4
6709,cardo,4,4
6744,caribenos,4,4
6746,caricaturesca,4,4
6748,caricaturista,4,4
6798,carnavalito,4,4
6808,carnico,4,4
6823,carpet,4,4
6825,carpetazos,4,4
6845,carretear,4,4
6848,carretero,4,4
6868,carruaje,4,4
6894,cartita,4,4
6901,cartoneo,4,4
6906,cartuchera,4,4
6919,casaca,4,4
6940,cascarrabias,4,4
6941,casciari,4,4
7048,catatonico,4,4
7105,causas,4,4
7112,cautivant,4,4
7120,cavalieri,4,4
7148,cdc,4,4
7237,celulitis,4,4
7249,ceniciento,4,4
7306,centrodelantero,4,4
7311,centuria,4,4
7342,cerdena,4,4
7354,cereza,4,4
7411,cetro,4,4
7412,cevallos,4,4
7423,chaca,4,4
7429,chachara,4,4
7431,chacinado,4,4
7437,chaga,4,4
7468,chanchito,4,4
7482,chantajear,4,4
7490,chapado,4,4
7494,chapear,4,4
7510,charlado,4,4
7515,charlataneria,4,4
7516,charle,4,4
7522,charol,4,4
7524,charro,4,4
7532,chasquear,4,4
7537,chatarreria,4,4
7550,chaval,4,4
7557,chavito,4,4
7587,chesterton,4,4
7593,chevy,4,4
7608,chicanero,4,4
7611,chich,4,4
7625,chiflar,4,4
7663,chinos,4,4
7671,chiquillo,4,4
7682,chirolita,4,4
7683,chirriante,4,4
7684,chirriar,4,4
7693,chispeant,4,4
7731,chongazo,4,4
7744,chorizos,4,4
7748,chorrea,4,4
7764,christmas,4,4
7767,chrysler,4,4
7781,chupa,4,4
7785,chupamedia,4,4
7803,ciado,4,4
7814,cibernauta,4,4
7825,ciceron,4,4
7847,cielos,4,4
7892,cinar,4,4
7922,cintita,4,4
7954,circunscribe,4,4
7988,cistema,4,4
7994,citadin,4,4
8052,clarisa,4,4
8056,clarividente,4,4
8063,clash,4,4
8084,claudina,4,4
8088,claustrofobico,4,4
8091,clausurada,4,4
8134,climatizado,4,4
8135,climatologico,4,4
8187,coactiva,4,4
8188,coactivo,4,4
8208,cobijado,4,4
8216,cobrarar,4,4
8254,code,4,4
8261,codicioso,4,4
8268,codina,4,4
8274,coelho,4,4
8300,cogote,4,4
8301,cogotear,4,4
8312,cohibido,4,4
8322,coincidiar,4,4
8336,colaboradoro,4,4
8354,colau,4,4
8367,colecciono,4,4
8379,colectivizacion,4,4
8413,colindant,4,4
8419,colla,4,4
8433,colmillo,4,4
8526,comedores,4,4
8543,comercializable,4,4
8552,comernos,4,4
8569,comicidad,4,4
8574,comidilla,4,4
8597,commercial,4,4
8601,commonwealth,4,4
8655,comparo,4,4
8659,comparte,4,4
8739,complotar,4,4
8742,componedor,4,4
8759,comprabamos,4,4
8769,comprarte,4,4
8779,comprensiblemente,4,4
8797,comprometar,4,4
8800,comprometi,4,4
8804,compruebir,4,4
8842,comunicarar,4,4
8845,comunicir,4,4
8883,concentre,4,4
8978,condenas,4,4
9006,condon,4,4
9055,confese,4,4
9073,confien,4,4
9098,conflagracion,4,4
9115,confortabl,4,4
9165,conin,4,4
9168,conjetural,4,4
9173,conjugo,4,4
9199,conmutador,4,4
9219,conocidisimo,4,4
9227,conozcan,4,4
9228,conozcar,4,4
9258,conseguistir,4,4
9267,consensual,4,4
9295,considerada,4,4
9311,consista,4,4
9354,constatada,4,4
9428,consumidoro,4,4
9433,consumos,4,4
9470,contarir,4,4
9481,contemplo,4,4
9541,contornear,4,4
9546,contraargumento,4,4
9550,contrabajo,4,4
9559,contractivo,4,4
9565,contracurva,4,4
9574,contraejemplo,4,4
9582,contrahegemonica,4,4
9615,contrariedad,4,4
9669,contundentemente,4,4
9671,conurbana,4,4
9683,convence,4,4
9691,convencionales,4,4
9696,convenido,4,4
9707,conver,4,4
9716,conversaciones,4,4
9742,convirtiendo,4,4
9743,convirtiendola,4,4
9773,coope,4,4
9789,coordinadamente,4,4
9795,coorganizado,4,4
9808,copello,4,4
9813,copet,4,4
9824,copita,4,4
9830,copresencia,4,4
9903,corleone,4,4
9907,cornelius,4,4
9928,coronita,4,4
9964,correctora,4,4
9977,correista,4,4
9987,correntoso,4,4
9996,corresponderir,4,4
10000,corresponsable,4,4
10129,costamagna,4,4
10141,costillar,4,4
10177,countrys,4,4
10201,cqc,4,4
10219,creadores,4,4
10225,creas,4,4
10228,creative,4,4
10231,crecerir,4,4
10283,creyerar,4,4
10316,crin,4,4
10336,crispada,4,4
10338,crispar,4,4
10366,criticos,4,4
10377,cromatica,4,4
10386,cronistas,4,4
10409,crucialmente,4,4
10413,crucifixion,4,4
10417,cruda,4,4
10484,cuales,4,4
10485,cualesquiera,4,4
10497,cuantia,4,4
10500,cuantificabl,4,4
10541,cubiertos,4,4
10543,cubismo,4,4
10547,cubrimos,4,4
10556,cucharon,4,4
10574,cuelir,4,4
10633,cuidadxs,4,4
10638,cuidatar,4,4
10640,cuidatir,4,4
10645,cuidser,4,4
10656,culiao,4,4
10685,cultos,4,4
10697,cumbio,4,4
10707,cumplidor,4,4
10720,cunnilingus,4,4
10745,curcuma,4,4
10751,curiosear,4,4
10764,cursa,4,4
10774,curteir,4,4
10808,cyberpunk,4,4
10813,cyrus,4,4
10820,dactilar,4,4
10867,damnificar,4,4
10903,danubio,4,4
10909,darar,4,4
10912,darien,4,4
10921,darraidou,4,4
10941,date,4,4
10949,dave,4,4
10953,davidson,4,4
10959,dawson,4,4
10979,debat,4,4
10983,debates,4,4
10985,debatida,4,4
10995,deberiamos,4,4
10999,debiar,4,4
11024,debute,4,4
11033,decaimiento,4,4
11040,decapitacion,4,4
11057,decian,4,4
11073,decimar,4,4
11104,declarir,4,4
11115,decomisado,4,4
11145,dedicarte,4,4
11158,defeccion,4,4
11222,degrade,4,4
11251,dejatir,4,4
11262,dela,4,4
11268,delasotista,4,4
11274,delega,4,4
11281,delegativa,4,4
11306,delicadamente,4,4
11309,delicatessen,4,4
11317,delictual,4,4
11376,deme,4,4
11397,democratizadora,4,4
11433,denegado,4,4
11443,denigratorio,4,4
11446,denle,4,4
11475,denunciamos,4,4
11490,depend,4,4
11497,depetri,4,4
11501,deplorabl,4,4
11521,deposite,4,4
11524,depravado,4,4
11532,depredadoro,4,4
11533,depredar,4,4
11540,deprimi,4,4
11550,derechazo,4,4
11581,derredor,4,4
11586,derribo,4,4
11588,derrir,4,4
11590,derrocado,4,4
11617,desabrochado,4,4
11641,desactivacion,4,4
11680,desajust,4,4
11681,desajustar,4,4
11684,desalentado,4,4
11687,desalienta,4,4
11691,desalineado,4,4
11715,desaparecida,4,4
11742,desarreglo,4,4
11751,desarrollisto,4,4
11759,desata,4,4
11769,desatiendir,4,4
11770,desatinado,4,4
11781,desbalanceado,4,4
11786,desbaratado,4,4
11806,descalificado,4,4
11836,descarrilar,4,4
11837,descartabilidad,4,4
11845,descascarado,4,4
11872,descolgado,4,4
11874,descollante,4,4
11879,descolonizar,4,4
11903,descongelar,4,4
11910,desconozcar,4,4
11911,desconsiderado,4,4
11917,descontenta,4,4
11919,descontextualizacion,4,4
11920,descontextualizada,4,4
11922,descontextualizar,4,4
11943,describi,4,4
11946,describis,4,4
11951,descripta,4,4
11976,descuenta,4,4
12002,deseantes,4,4
12011,desee,4,4
12026,desempenado,4,4
12039,desencajar,4,4
12070,desentramar,4,4
12084,desertica,4,4
12106,desestimado,4,4
12154,desglosar,4,4
12155,desglose,4,4
12157,desgrabacion,4,4
12179,deshojar,4,4
12211,desincentivir,4,4
12240,desistio,4,4
12242,desjerarquizacion,4,4
12248,deslegitimador,4,4
12259,deslomar,4,4
12262,deslumbramiento,4,4
12276,desmarcado,4,4
12279,desmaterializar,4,4
12309,desmoralizar,4,4
12324,desnudan,4,4
12348,desollado,4,4
12351,desorbitant,4,4
12365,despachado,4,4
12372,despareceir,4,4
12380,despatarrado,4,4
12417,despersonalizacion,4,4
12434,despintada,4,4
12455,despogir,4,4
12474,despreciada,4,4
12509,desquiciar,4,4
12512,desquite,4,4
12523,destaco,4,4
12530,destartalar,4,4
12534,destenida,4,4
12540,destete,4,4
12542,destierrar,4,4
12560,destratar,4,4
12563,destripado,4,4
12585,desvaneceer,4,4
12601,desverguenza,4,4
12611,desvirgar,4,4
12613,desvivir,4,4
12625,detectivesca,4,4
12636,detenidxs,4,4
12639,detento,4,4
12654,detestable,4,4
12658,detonador,4,4
12661,detox,4,4
12689,develacer,4,4
12724,diabolica,4,4
12747,dialoga,4,4
12754,dialoguen,4,4
12803,dickens,4,4
12810,dictadora,4,4
12843,dietetica,4,4
12845,diezmada,4,4
12851,difamatorio,4,4
12855,diferenciador,4,4
12870,difuminado,4,4
12891,digas,4,4
12892,digerible,4,4
12893,digerido,4,4
12895,digest,4,4
12931,dile,4,4
12970,dineral,4,4
12971,dinerito,4,4
13014,direccionalidad,4,4
13021,directas,4,4
13030,directoro,4,4
13031,directorx,4,4
13047,dirir,4,4
13072,disciplinaria,4,4
13083,discola,4,4
13088,discontinuado,4,4
13140,disease,4,4
13159,disertant,4,4
13164,disfraces,4,4
13169,disfrutabar,4,4
13195,dislexia,4,4
13218,disparadora,4,4
13229,dispensa,4,4
13242,dispongo,4,4
13273,distingar,4,4
13275,distinguibl,4,4
13292,distractivo,4,4
13308,disuadar,4,4
13309,disuadeir,4,4
13313,disuasorio,4,4
13318,disyuncion,4,4
13324,divagacion,4,4
13341,divertidisimo,4,4
13370,divulgada,4,4
13402,docta,4,4
13415,documenta,4,4
13486,domine,4,4
13503,domus,4,4
13513,donatella,4,4
13529,door,4,4
13530,dopado,4,4
13541,dorio,4,4
13574,double,4,4
13582,downtown,4,4
13611,dreams,4,4
13616,dress,4,4
13619,dreyfuss,4,4
13622,driver,4,4
13629,drogan,4,4
13636,dromedario,4,4
13675,duen,4,4
13688,dueto,4,4
13689,duggan,4,4
13698,dulcificar,4,4
13701,dulzor,4,4
13703,duma,4,4
13705,dumping,4,4
13712,duopolio,4,4
13719,duplicidad,4,4
13720,dupont,4,4
13735,durara,4,4
13755,duty,4,4
13759,dwight,4,4
13765,each,4,4
13775,ebay,4,4
13793,echeverri,4,4
13844,ecualizar,4,4
13875,edipico,4,4
13910,educir,4,4
13921,eeyn,4,4
13928,efectivizacion,4,4
13941,effect,4,4
13950,eficientista,4,4
13984,ejecutante,4,4
13989,ejecutora,4,4
13993,ejemplificado,4,4
13999,ejerci,4,4
14007,ejerza,4,4
14030,electas,4,4
14047,electrificado,4,4
14050,electrizante,4,4
14052,electro,4,4
14082,elementos,4,4
14107,elijan,4,4
14118,elio,4,4
14164,eltit,4,4
14177,emanacion,4,4
14195,embalado,4,4
14208,embarazoso,4,4
14217,embargado,4,4
14223,embaucar,4,4
14239,emblemo,4,4
14279,emerja,4,4
14298,emir,4,4
14319,emociono,4,4
14325,empacar,4,4
14341,empapelada,4,4
14366,empecinamiento,4,4
14376,empeoran,4,4
14385,emperifollado,4,4
14395,empiecen,4,4
14397,empiezas,4,4
14403,empiria,4,4
14413,empleadas,4,4
14418,empleadxs,4,4
14447,emprendi,4,4
14458,empresarixs,4,4
14479,enagua,4,4
14484,enaltecer,4,4
14485,enaltecido,4,4
14487,enamorada,4,4
14491,enamorarar,4,4
14509,encajado,4,4
14527,encaprichado,4,4
14549,encargarir,4,4
14585,enchastrar,4,4
14592,encia,4,4
14601,enclavado,4,4
14621,encontrartar,4,4
14634,encriptar,4,4
14639,encuadrada,4,4
14667,encumbramiento,4,4
14692,endorfina,4,4
14721,enervar,4,4
14724,enfadado,4,4
14733,enfermacer,4,4
14755,enfreir,4,4
14759,enfrentarir,4,4
14763,enfundada,4,4
14768,enfurecida,4,4
14775,enganch,4,4
14789,engendrado,4,4
14805,engrandecer,4,4
14810,engrudo,4,4
14819,enjabonado,4,4
14820,enjabonar,4,4
14824,enjugar,4,4
14834,enlistar,4,4
14848,enmascaramiento,4,4
14855,ennegrecido,4,4
14859,enojadisimo,4,4
14874,enraizada,4,4
14878,enrareceir,4,4
14894,enriquecida,4,4
14916,ensamblaj,4,4
14967,entendar,4,4
14976,entente,4,4
14982,enterarte,4,4
14997,entiendan,4,4
15012,entra,4,4
15026,entrarer,4,4
15032,entrecano,4,4
15034,entrecejo,4,4
15037,entrechocar,4,4
15061,entrena,4,4
15074,entres,4,4
15080,entretejir,4,4
15087,entreverado,4,4
15094,entrevistadora,4,4
15099,entrevistas,4,4
15112,entronizado,4,4
15115,entrser,4,4
15130,enumera,4,4
15134,enumero,4,4
15144,envalentonada,4,4
15148,envasar,4,4
15154,envenenada,4,4
15168,envilecer,4,4
15171,environment,4,4
15189,epidemica,4,4
15194,epidermico,4,4
15217,epistemologo,4,4
15222,epoc,4,4
15230,equality,4,4
15254,equitativa,4,4
15261,equivalia,4,4
15285,ergonomico,4,4
15299,erizado,4,4
15311,erogena,4,4
15317,erosionir,4,4
15326,errada,4,4
15328,erradicado,4,4
15331,errancia,4,4
15343,eructo,4,4
15350,esbirro,4,4
15354,escabio,4,4
15356,escabullar,4,4
15367,escale,4,4
15379,escamado,4,4
15417,escasisimo,4,4
15450,esclavizar,4,4
15457,escobillon,4,4
15464,escola,4,4
15489,escoria,4,4
15530,escriturar,4,4
15536,escrutado,4,4
15549,escuchamir,4,4
15551,escucharer,4,4
15566,escuderia,4,4
15573,escueta,4,4
15577,esculpir,4,4
15592,esencializar,4,4
15625,esmirriado,4,4
15664,esparrago,4,4
15697,espectadoras,4,4
15716,esperabar,4,4
15719,esperada,4,4
15728,esperanzadora,4,4
15754,espinazo,4,4
15756,espino,4,4
15760,espio,4,4
15762,espir,4,4
15804,esquematicamente,4,4
15806,esquematismo,4,4
15846,estacionalidad,4,4
15849,estaciones,4,4
15850,estaciono,4,4
15860,estadounidenses,4,4
15873,estallada,4,4
15911,estaras,4,4
15913,estaria,4,4
15959,esternon,4,4
15966,esteticismo,4,4
15986,estilete,4,4
16002,estimulant,4,4
16021,estoicamente,4,4
16040,estrambotico,4,4
16061,estrechamiento,4,4
16068,estrellan,4,4
16074,estremecedora,4,4
16077,estremecido,4,4
16107,estructurador,4,4
16113,estructurant,4,4
16119,estrujado,4,4
16144,estudos,4,4
16165,esxs,4,4
16170,etareo,4,4
16183,etenberg,4,4
16185,eterea,4,4
16193,eternum,4,4
16194,ethan,4,4
16203,etimologicamente,4,4
16211,etnica,4,4
16216,etnocentrismo,4,4
16224,etud,4,4
16230,eufemisticamente,4,4
16243,euroasiatico,4,4
16279,evangelica,4,4
16284,evangelios,4,4
16291,evaporacer,4,4
16294,evaristo,4,4
16304,events,4,4
16311,everybody,4,4
16327,evite,4,4
16336,evoco,4,4
16343,evurum,4,4
16368,examin,4,4
16379,exasperir,4,4
16383,excarcelar,4,4
16435,excrecencia,4,4
16439,exculpatorio,4,4
16442,excursionistas,4,4
16448,execrable,4,4
16458,exfutbolista,4,4
16477,exhorto,4,4
16490,exiliada,4,4
16525,exmarido,4,4
16526,exmiembro,4,4
16533,exoneracion,4,4
16546,expandecir,4,4
16551,expansionismo,4,4
16566,expendedor,4,4
16567,expendedora,4,4
16576,experimentamos,4,4
16591,expidar,4,4
16604,explicarir,4,4
16624,exploration,4,4
16633,explotarar,4,4
16635,expoagro,4,4
16646,exportaciones,4,4
16735,extirpado,4,4
16740,extorsiva,4,4
16767,extrane,4,4
16778,extranos,4,4
16780,extraoficialmente,4,4
16804,extremis,4,4
16816,eyacular,4,4
16824,ezra,4,4
16845,fabulador,4,4
16848,fabulosos,4,4
16868,facilitacion,4,4
16887,factotum,4,4
16896,facultar,4,4
16956,falseado,4,4
16972,famailla,4,4
16974,famiglia,4,4
16989,famus,4,4
16999,fanfarria,4,4
17008,fanta,4,4
17013,fantaseir,4,4
17057,farra,4,4
17062,farsesco,4,4
17063,fasciculo,4,4
17074,fasito,4,4
17081,fastidioso,4,4
17133,fea,4,4
17135,fear,4,4
17136,feat,4,4
17141,fecal,4,4
17163,federer,4,4
17172,fehacientemente,4,4
17203,fellatio,4,4
17226,feminism,4,4
17259,fermentado,4,4
17261,fermento,4,4
17308,fervorosamente,4,4
17318,festeje,4,4
17378,fidelizado,4,4
17416,figuron,4,4
17427,fijeza,4,4
17429,fil,4,4
17439,files,4,4
17445,filiatorio,4,4
17446,filiberto,4,4
17452,filma,4,4
17456,filmadora,4,4
17461,filmen,4,4
17473,filonazi,4,4
17474,filonazis,4,4
17479,filosofal,4,4
17503,financiador,4,4
17511,financieras,4,4
17519,finde,4,4
17544,fiorentino,4,4
17548,firmaba,4,4
17620,flamigero,4,4
17623,flaneur,4,4
17630,flaquita,4,4
17645,flechita,4,4
17651,fleni,4,4
17662,flexionado,4,4
17671,flogger,4,4
17672,flojito,4,4
17698,florista,4,4
17706,floto,4,4
17708,flower,4,4
17749,foguear,4,4
17788,fonoaudiologo,4,4
17874,fornite,4,4
17892,fortisimo,4,4
17922,fotografeir,4,4
17929,fotografie,4,4
17930,fotografio,4,4
17941,foucaultian,4,4
17942,foucaultiano,4,4
17945,foundations,4,4
17956,fracasada,4,4
17978,fragiles,4,4
17980,fragilizacion,4,4
18020,francofono,4,4
18036,frantz,4,4
18066,fredy,4,4
18072,freeshop,4,4
18083,frejuli,4,4
18112,freyre,4,4
18150,fronteriza,4,4
18193,fuerzan,4,4
18225,fumado,4,4
18230,fumen,4,4
18261,fundadoras,4,4
18292,fungeir,4,4
18332,futbolistas,4,4
18334,futbolizacion,4,4
18335,futbolizado,4,4
18349,futurosaumentado,4,4
18380,gaj,4,4
18400,galgos,4,4
18420,gallino,4,4
18442,gamarra,4,4
18468,ganarme,4,4
18470,ganastir,4,4
18476,ganen,4,4
18480,ganglio,4,4
18481,gangrena,4,4
18485,ganso,4,4
18531,garota,4,4
18533,garpa,4,4
18536,garrafal,4,4
18546,garrocha,4,4
18558,gaseado,4,4
18562,gasifero,4,4
18563,gasista,4,4
18577,gaste,4,4
18598,gatillado,4,4
18625,gayol,4,4
18661,gendarme,4,4
18663,gendarmes,4,4
18674,generadora,4,4
18685,generariar,4,4
18728,genoves,4,4
18738,gentrificar,4,4
18775,georgias,4,4
18779,gerald,4,4
18791,gerent,4,4
18801,germanico,4,4
18820,gestapo,4,4
18828,gestionir,4,4
18840,ghandi,4,4
18855,giardini,4,4
18883,gildo,4,4
18938,girondo,4,4
18945,gitana,4,4
18957,glace,4,4
18973,glandula,4,4
18974,glase,4,4
18983,glitch,4,4
19039,gocir,4,4
19055,goldberg,4,4
19064,golem,4,4
19076,golpea,4,4
19079,golpean,4,4
19084,golpeteo,4,4
19091,gomera,4,4
19098,gomon,4,4
19113,goodbye,4,4
19117,googlee,4,4
19122,gordes,4,4
19133,gordxs,4,4
19143,gorman,4,4
19145,gorosito,4,4
19206,gradiente,4,4
19227,grafitero,4,4
19236,gramatico,4,4
19243,gramsciana,4,4
19273,granos,4,4
19286,grasso,4,4
19303,graves,4,4
19304,gravisima,4,4
19314,graznido,4,4
19322,greenwich,4,4
19324,gregoriano,4,4
19328,gremiales,4,4
19342,griffin,4,4
19343,griffith,4,4
19353,grinch,4,4
19359,gripes,4,4
19370,grite,4,4
19373,grites,4,4
19404,growth,4,4
19424,guacamayo,4,4
19448,guardabarrera,4,4
19462,guardiamarina,4,4
19501,guerreras,4,4
19527,guillaume,4,4
19567,gus,4,4
19570,gusta,4,4
19575,gustito,4,4
19579,gustoso,4,4
19662,hablarte,4,4
19670,hablser,4,4
19695,haciamos,4,4
19706,haciendote,4,4
19716,hacking,4,4
19747,hale,4,4
19757,halls,4,4
19761,ham,4,4
19782,hands,4,4
19807,hardt,4,4
19841,hato,4,4
19847,hawaiana,4,4
19849,hawking,4,4
19854,hayas,4,4
19866,heads,4,4
19880,hecha,4,4
19890,hedges,4,4
19894,heer,4,4
19903,hegemonicos,4,4
19927,helios,4,4
19930,hell,4,4
19937,hematologia,4,4
19950,hendel,4,4
19979,herede,4,4
19989,heretico,4,4
20010,hermanxs,4,4
20020,hermitage,4,4
20059,hesse,4,4
20073,heteronormativa,4,4
20076,heteropatriarcado,4,4
20078,heterosexista,4,4
20092,hibernacion,4,4
20143,higo,4,4
20152,hije,4,4
20220,hipersensibilidad,4,4
20236,hipocratico,4,4
20246,hipotecado,4,4
20254,hipotetizar,4,4
20266,hirsch,4,4
20268,hirsuta,4,4
20280,hispanohablant,4,4
20309,hitazo,4,4
20320,hobbesiano,4,4
20323,hobbiir,4,4
20337,hojalata,4,4
20340,hojarasca,4,4
20344,hojita,4,4
20367,hollywoodenses,4,4
20371,hombr,4,4
20400,homofobica,4,4
20412,homologable,4,4
20471,horizontalizacion,4,4
20478,hormigonado,4,4
20497,horriblemente,4,4
20512,hospitalaria,4,4
20517,hospitalizar,4,4
20523,hostigado,4,4
20535,hotton,4,4
20537,hour,4,4
20545,hoyos,4,4
20559,hub,4,4
20567,hubieses,4,4
20585,huertas,4,4
20591,huesudo,4,4
20598,hugh,4,4
20614,huma,4,4
20630,humanizo,4,4
20672,hundo,4,4
20675,hunt,4,4
20694,iacono,4,4
20698,iba,4,4
20760,identificatorio,4,4
20775,ides,4,4
20789,idol,4,4
20805,igneo,4,4
20806,ignifugo,4,4
20809,ignoramos,4,4
20813,ignorir,4,4
20844,ilegible,4,4
20876,iluso,4,4
20892,images,4,4
20893,imagin,4,4
20935,imitado,4,4
20949,impacte,4,4
20968,impecablemente,4,4
20997,impermeabilidad,4,4
21001,impertinencia,4,4
21013,implantada,4,4
21023,implica,4,4
21051,importa,4,4
21055,importadora,4,4
21060,importarar,4,4
21065,imposibilitada,4,4
21068,imposibilitir,4,4
21083,imprecacion,4,4
21084,imprecisar,4,4
21096,impresar,4,4
21116,imprim,4,4
21119,imprimen,4,4
21120,imprimi,4,4
21121,imprimia,4,4
21146,impugno,4,4
21149,impulsir,4,4
21172,inacabable,4,4
21189,inaes,4,4
21197,inalienabl,4,4
21237,incautado,4,4
21250,incentivos,4,4
21290,incluirir,4,4
21313,incomparabl,4,4
21341,inconfesabl,4,4
21342,inconfesable,4,4
21371,incordio,4,4
21376,incorpore,4,4
21378,incorporeo,4,4
21409,incuestionado,4,4
21415,incumbir,4,4
21416,incumplibl,4,4
21432,indague,4,4
21445,indefectible,4,4
21447,indefendibl,4,4
21494,indian,4,4
21505,indicarir,4,4
21528,indigne,4,4
21534,indira,4,4
21544,indiscutiblemente,4,4
21546,indisimulable,4,4
21571,indivisibilidad,4,4
21575,indocil,4,4
21586,indubitable,4,4
21588,inducida,4,4
21591,inductivo,4,4
21595,indulgente,4,4
21614,inedita,4,4
21630,inenarrable,4,4
21631,inentendibl,4,4
21646,inespecifico,4,4
21669,inexpugnabl,4,4
21684,infantilismo,4,4
21692,infatigable,4,4
21695,infecciosa,4,4
21717,infestado,4,4
21719,infidencia,4,4
21725,infima,4,4
21730,infinitud,4,4
21733,infir,4,4
21780,informales,4,4
21816,infundar,4,4
21842,ingestion,4,4
21847,ingleses,4,4
21861,ingresen,4,4
21879,inhibidor,4,4
21903,ininteligible,4,4
21906,iniquidad,4,4
21908,injerencista,4,4
21922,inmaduro,4,4
21957,inmolacion,4,4
21968,inmovilizacion,4,4
21994,innombrabl,4,4
22007,inocentes,4,4
22018,inoperant,4,4
22036,inquina,4,4
22071,insensatez,4,4
22078,inserta,4,4
22086,insigne,4,4
22093,insinuado,4,4
22110,insomn,4,4
22124,inspectora,4,4
22133,instagramers,4,4
22144,instant,4,4
22195,instrumentalista,4,4
22213,insultan,4,4
22230,insustancial,4,4
22251,integrismo,4,4
22270,intemperi,4,4
22290,intensidades,4,4
22308,intentemos,4,4
22311,intentona,4,4
22334,intercedar,4,4
22342,interceptado,4,4
22345,intercesion,4,4
22353,interculturales,4,4
22368,interesarles,4,4
22394,interjeccion,4,4
22421,internacionalizado,4,4
22466,interrelacionado,4,4
22467,interrelacionar,4,4
22490,intersectar,4,4
22532,intimidatorio,4,4
22566,intravenoso,4,4
22567,intrepidez,4,4
22596,intuido,4,4
22621,invalidado,4,4
22633,invasiva,4,4
22645,inventivo,4,4
22668,investiga,4,4
22679,investigativa,4,4
22700,invitandolos,4,4
22722,inyectabl,4,4
22741,ipola,4,4
22742,iprofesional,4,4
22746,iquique,4,4
22777,ironica,4,4
22814,irremplazabl,4,4
22843,irreversiblemente,4,4
22886,islamofobo,4,4
22902,issues,4,4
22933,ivr,4,4
22934,ivy,4,4
22938,izquierdismo,4,4
22989,jamenei,4,4
23006,japan,4,4
23022,jardineras,4,4
23049,jbs,4,4
23059,jefazo,4,4
23069,jenkins,4,4
23113,jilguero,4,4
23167,jolie,4,4
23188,jornal,4,4
23193,josef,4,4
23259,judy,4,4
23289,juicioso,4,4
23323,juntacer,4,4
23327,juntarno,4,4
23330,juntilla,4,4
23335,jupiter,4,4
23338,juramentar,4,4
23374,justificatorio,4,4
23386,juzgo,4,4
23394,kairos,4,4
23411,karam,4,4
23451,keats,4,4
23464,keniata,4,4
23493,kicillofok,4,4
23509,kilometraje,4,4
23517,kimun,4,4
23547,kleiman,4,4
23570,kooy,4,4
23575,korol,4,4
23580,kraft,4,4
23581,kraken,4,4
23587,kreimer,4,4
23641,laborar,4,4
23644,laboratorista,4,4
23666,lacanian,4,4
23672,lacerar,4,4
23688,lactant,4,4
23737,laksman,4,4
23744,lamar,4,4
23791,lante,4,4
23803,lanzo,4,4
23841,larrabure,4,4
23846,larrea,4,4
23869,lastra,4,4
23885,latifundista,4,4
23901,latinoamericanxs,4,4
23921,lauria,4,4
23938,lavando,4,4
23947,lavo,4,4
23948,lavrov,4,4
23962,lcd,4,4
23977,least,4,4
23998,lectoras,4,4
24066,leigh,4,4
24093,lengas,4,4
24130,leopardi,4,4
24174,lev,4,4
24176,levant,4,4
24205,leyen,4,4
24232,libera,4,4
24243,liberan,4,4
24286,libresco,4,4
24312,licuo,4,4
24323,lies,4,4
24345,likear,4,4
24347,likser,4,4
24365,liminar,4,4
24372,limitarar,4,4
24409,linde,4,4
24412,lindisimo,4,4
24443,liquen,4,4
24452,lir,4,4
24466,listada,4,4
24511,livings,4,4
24524,llamalo,4,4
24528,llamarada,4,4
24536,llamaste,4,4
24564,llegarar,4,4
24571,llegu,4,4
24589,llevalo,4,4
24594,llevarsela,4,4
24599,llevatir,4,4
24657,localismo,4,4
24676,locucion,4,4
24698,logos,4,4
24709,lois,4,4
24716,lomada,4,4
24729,londono,4,4
24739,longitudinal,4,4
24746,lookear,4,4
24754,loquero,4,4
24772,loser,4,4
24811,lubricacion,4,4
24826,luchan,4,4
24893,lumbar,4,4
24895,lumen,4,4
24903,lunatico,4,4
24931,luzca,4,4
24940,lyndon,4,4
24997,mackinnon,4,4
25007,macula,4,4
25039,madura,4,4
25044,madure,4,4
25048,mae,4,4
25050,maestranda,4,4
25127,mainardi,4,4
25133,mairal,4,4
25151,maker,4,4
25165,malandro,4,4
25173,malcomidos,4,4
25185,maleabilidad,4,4
25215,malinowski,4,4
25216,malintencionado,4,4
25223,mallea,4,4
25253,malversar,4,4
25258,malvivient,4,4
25289,managerial,4,4
25325,mandatar,4,4
25345,manejas,4,4
25347,manejir,4,4
25371,manifestaciones,4,4
25390,manipuladoro,4,4
25418,mansedumbre,4,4
25427,mantencion,4,4
25429,mantenes,4,4
25445,manualidad,4,4
25453,manufacturada,4,4
25465,manzoni,4,4
25468,maoismo,4,4
25476,maple,4,4
25497,maquillan,4,4
25511,marabunta,4,4
25558,marchi,4,4
25602,marginalizar,4,4
25610,mariachi,4,4
25616,marianne,4,4
25666,marital,4,4
25682,marley,4,4
25686,marmota,4,4
25723,martinelli,4,4
25764,mascaron,4,4
25766,maschwitz,4,4
25785,masificado,4,4
25806,massive,4,4
25807,massmedia,4,4
25811,mastellone,4,4
25835,matando,4,4
25850,matematicas,4,4
25918,maullar,4,4
25920,maureen,4,4
25952,mayorga,4,4
25972,mazzon,4,4
25980,mccartney,4,4
26067,medicare,4,4
26097,meditativo,4,4
26102,medrar,4,4
26176,meloso,4,4
26189,memo,4,4
26192,memorando,4,4
26197,memoriosa,4,4
26209,mencionamos,4,4
26224,menemato,4,4
26227,menemovil,4,4
26241,menique,4,4
26250,menoscabo,4,4
26256,mensajear,4,4
26265,menstruando,4,4
26274,mentada,4,4
26296,menudito,4,4
26307,mercaderias,4,4
26339,merecemos,4,4
26381,mesaza,4,4
26391,mesmo,4,4
26399,mestiza,4,4
26423,metaforizar,4,4
26429,metalizado,4,4
26431,metalmecanico,4,4
26457,meticulosidad,4,4
26462,metodicamente,4,4
26470,metonimicamente,4,4
26483,metropolitan,4,4
26494,mexicanos,4,4
26507,mezquina,4,4
26543,microeconomia,4,4
26550,microfisica,4,4
26565,microsegundo,4,4
26568,microtrafico,4,4
26580,miembrxs,4,4
26588,mifepristona,4,4
26593,migra,4,4
26616,mila,4,4
26647,militan,4,4
26706,mineirao,4,4
26707,mineiro,4,4
26722,minici,4,4
26733,mining,4,4
26757,minue,4,4
26811,misas,4,4
26814,miserabilista,4,4
26941,modernas,4,4
26948,modernizadora,4,4
26950,modernizant,4,4
26951,modernizante,4,4
26979,mogolico,4,4
26989,moja,4,4
26992,mojigato,4,4
26993,mojo,4,4
26995,mol,4,4
27033,molusco,4,4
27059,mondo,4,4
27077,monique,4,4
27080,monitorea,4,4
27115,monopolizado,4,4
27140,mont,4,4
27171,montevidean,4,4
27235,mordido,4,4
27249,morfi,4,4
27293,mortecin,4,4
27317,most,4,4
27320,mostracion,4,4
27326,mostrarselo,4,4
27360,motoro,4,4
27378,movements,4,4
27380,moves,4,4
27385,moviendose,4,4
27396,movilizant,4,4
27412,mozilla,4,4
27429,muchachada,4,4
27430,muchachita,4,4
27452,muebleria,4,4
27458,muera,4,4
27533,multipartidaria,4,4
27549,multiproposito,4,4
27552,multisensorial,4,4
27564,mundanal,4,4
27572,mundialito,4,4
27598,mup,4,4
27616,mus,4,4
27640,musicos,4,4
27650,mutable,4,4
27666,mutismo,4,4
27678,nabokov,4,4
27693,nacionalidades,4,4
27726,najera,4,4
27727,nakamoto,4,4
27789,narradir,4,4
27823,nation,4,4
27857,navajas,4,4
27879,nayla,4,4
27884,nazis,4,4
27894,necesaria,4,4
27905,necesite,4,4
27906,necesito,4,4
27908,necia,4,4
27916,necrosis,4,4
27960,negrura,4,4
27981,neobarroco,4,4
27994,neoliberales,4,4
28021,neron,4,4
28025,nerviosamente,4,4
28030,nesquik,4,4
28064,neurologia,4,4
28144,nietzscheano,4,4
28149,niger,4,4
28157,nihilo,4,4
28177,ninguna,4,4
28178,ningunea,4,4
28184,ninita,4,4
28193,niquel,4,4
28207,niunameno,4,4
28246,noesno,4,4
28262,nomado,4,4
28264,nombrada,4,4
28285,none,4,4
28288,noooo,4,4
28314,normalizador,4,4
28315,normalizadora,4,4
28322,normar,4,4
28349,nostalgicamente,4,4
28363,notera,4,4
28402,novelado,4,4
28404,novelesca,4,4
28407,novelita,4,4
28409,novena,4,4
28426,novisimo,4,4
28428,novoa,4,4
28437,nubecita,4,4
28445,nuclean,4,4
28462,nueves,4,4
28507,nytimes,4,4
28558,obligarir,4,4
28578,obro,4,4
28588,observabl,4,4
28593,observan,4,4
28607,obseso,4,4
28609,obsoletar,4,4
28620,obstinadamente,4,4
28629,obtendrir,4,4
28641,obveir,4,4
28661,occidentalista,4,4
28687,ocr,4,4
28698,ocultacion,4,4
28702,ocultista,4,4
28717,ocurrida,4,4
28719,ocvirk,4,4
28736,odioso,4,4
28738,odiseo,4,4
28751,ofendar,4,4
28780,oficie,4,4
28790,ofrendado,4,4
28810,ojal,4,4
28838,oleoducto,4,4
28871,olivetti,4,4
28887,olvidamos,4,4
28893,olvidatir,4,4
28929,onceavo,4,4
28933,oncologo,4,4
28940,ondulo,4,4
28942,oner,4,4
28945,onetto,4,4
28955,onomastico,4,4
28985,operativa,4,4
28995,opiaceo,4,4
28996,opina,4,4
29002,opinir,4,4
29027,oprime,4,4
29097,orejas,4,4
29107,orfebreria,4,4
29119,organiza,4,4
29135,orgiastico,4,4
29168,orillar,4,4
29198,orrego,4,4
29219,ortuno,4,4
29235,oscilant,4,4
29259,osmosis,4,4
29309,outdoor,4,4
29340,ovular,4,4
29349,oxidar,4,4
29352,oxigenado,4,4
29365,pac,4,4
29368,pacato,4,4
29387,pacificador,4,4
29407,padeci,4,4
29440,pagarmar,4,4
29463,paisajista,4,4
29492,paladear,4,4
29494,palais,4,4
29517,paliativa,4,4
29526,palla,4,4
29531,palmar,4,4
29532,palmario,4,4
29558,paluch,4,4
29568,pampero,4,4
29591,pandemiar,4,4
29609,panera,4,4
29679,papista,4,4
29682,papua,4,4
29727,paralela,4,4
29756,parapsicologia,4,4
29822,paritarias,4,4
29828,parks,4,4
29837,parloteo,4,4
29839,parnaso,4,4
29849,parpadeo,4,4
29856,parrafada,4,4
29866,parripollo,4,4
29890,participamos,4,4
29894,participarar,4,4
29913,partidazo,4,4
29920,partidocracia,4,4
29922,parties,4,4
29923,partisan,4,4
29931,parturienta,4,4
29980,pasik,4,4
29990,pasmo,4,4
29993,pasmoso,4,4
29998,passalacqua,4,4
30036,patadita,4,4
30091,patrana,4,4
30127,patrones,4,4
30132,patrullan,4,4
30153,pauperrimo,4,4
30168,pavimentacion,4,4
30177,pavoros,4,4
30202,peace,4,4
30214,pecaminoso,4,4
30219,peceto,4,4
30264,pedistir,4,4
30278,pegadito,4,4
30297,pein,4,4
30322,peleer,4,4
30323,peleo,4,4
30383,penaloza,4,4
30390,pendar,4,4
30399,pendrives,4,4
30434,pensarir,4,4
30442,pensemoslo,4,4
30447,pensionados,4,4
30448,pensiones,4,4
30469,pepito,4,4
30479,pequenoburgues,4,4
30484,perales,4,4
30493,perceptiva,4,4
30510,perdedora,4,4
30530,perdone,4,4
30534,perdonir,4,4
30538,perduracion,4,4
30544,peregrinaj,4,4
30553,perentorio,4,4
30562,perfeccionado,4,4
30593,perfumeria,4,4
30602,pericles,4,4
30618,periodicidad,4,4
30632,periscope,4,4
30657,permeado,4,4
30670,pernambuco,4,4
30671,pernicioso,4,4
30676,peroncho,4,4
30702,perrault,4,4
30713,persecusion,4,4
30735,person,4,4
30755,perspicacia,4,4
30802,pesadamente,4,4
30805,pesadillesco,4,4
30808,pesaje,4,4
30811,pescadito,4,4
30823,pesimamente,4,4
30838,pestilente,4,4
30868,petroliferos,4,4
30870,petronas,4,4
30874,pettinato,4,4
30903,physique,4,4
30906,piacere,4,4
30917,piazzola,4,4
30924,pibir,4,4
30938,picadura,4,4
30944,picaport,4,4
30955,pichanga,4,4
30968,pictograma,4,4
30991,piensir,4,4
31011,pifie,4,4
31014,pigmento,4,4
31026,pilat,4,4
31035,pillaje,4,4
31060,pinata,4,4
31079,pineyro,4,4
31083,pinguin,4,4
31087,pinkwashing,4,4
31104,pinterest,4,4
31143,piratas,4,4
31147,pirca,4,4
31148,pires,4,4
31152,piropear,4,4
31174,pisoteo,4,4
31188,piton,4,4
31198,pivote,4,4
31230,plafon,4,4
31247,planck,4,4
31296,plasmo,4,4
31317,platica,4,4
31346,please,4,4
31349,plebeyas,4,4
31350,plebeyismo,4,4
31353,plebiscitar,4,4
31355,plee,4,4
31372,pleura,4,4
31377,plo,4,4
31424,poblo,4,4
31426,pobrecita,4,4
31439,pocimo,4,4
31490,poir,4,4
31508,polarizante,4,4
31535,policlinico,4,4
31541,poliester,4,4
31550,polimero,4,4
31551,polimorfo,4,4
31557,polipropileno,4,4
31611,pomelo,4,4
31620,pon,4,4
31642,pongamo,4,4
31656,pontevedra,4,4
31659,pontificar,4,4
31669,poor,4,4
31696,poquitito,4,4
31733,porres,4,4
31761,portento,4,4
31764,portentoso,4,4
31780,portuguesa,4,4
31788,poscapitalismo,4,4
31800,poseedorar,4,4
31803,poseidon,4,4
31818,posiblidad,4,4
31823,posicionir,4,4
31858,postdoctorado,4,4
31863,posteado,4,4
31912,potenciacion,4,4
31933,povo,4,4
31940,pozos,4,4
31970,preadolescencia,4,4
32012,precipitadamente,4,4
32037,predecesora,4,4
32072,preestablecida,4,4
32112,preguntame,4,4
32120,pregunte,4,4
32127,prehispanico,4,4
32130,preindustrial,4,4
32137,prejuzgar,4,4
32191,preparas,4,4
32213,prescindente,4,4
32236,presentarnos,4,4
32254,presidentar,4,4
32256,presidentes,4,4
32277,prestancia,4,4
32287,prestigiado,4,4
32296,presumo,4,4
32310,presxs,4,4
32318,pretendida,4,4
32321,pretendiente,4,4
32334,prevenido,4,4
32365,primatesta,4,4
32374,primerisimo,4,4
32377,primermundista,4,4
32410,prioritaria,4,4
32421,prisionera,4,4
32426,prismatico,4,4
32436,privadas,4,4
32443,privativa,4,4
32446,privatizada,4,4
32453,privilegiadamente,4,4
32461,proactividad,4,4
32468,probadamente,4,4
32477,problemas,4,4
32480,problematicos,4,4
32486,probo,4,4
32499,procesadora,4,4
32509,procesual,4,4
32523,procunar,4,4
32531,procurer,4,4
32545,productivamente,4,4
32584,profesores,4,4
32587,profetas,4,4
32598,profundiza,4,4
32648,proletarizacion,4,4
32650,proliferan,4,4
32658,prologado,4,4
32671,prometar,4,4
32673,prometeico,4,4
32692,promocionan,4,4
32717,pronuncien,4,4
32753,proprio,4,4
32770,prosaica,4,4
32772,prosapia,4,4
32786,prospectiva,4,4
32804,protagonistas,4,4
32825,protesi,4,4
32847,proveedoro,4,4
32857,proverbial,4,4
32883,provocarar,4,4
32885,provocativamente,4,4
32887,provoquir,4,4
32919,pseudonimo,4,4
32931,psicodelia,4,4
32941,psicologos,4,4
32953,psicoterapeuta,4,4
32955,psicotica,4,4
32963,psiquicamente,4,4
33018,pudiesemos,4,4
33036,pueda,4,4
33063,puestos,4,4
33066,puff,4,4
33083,pulcra,4,4
33104,pulpos,4,4
33115,pulsional,4,4
33117,pululan,4,4
33149,puntaj,4,4
33155,punteado,4,4
33165,puntillosamente,4,4
33169,puntocom,4,4
33199,puritan,4,4
33210,put,4,4
33214,puteado,4,4
33229,pym,4,4
33241,quantum,4,4
33244,quebec,4,4
33247,quebradizo,4,4
33254,quebre,4,4
33263,quedarnos,4,4
33300,quemir,4,4
33303,quepar,4,4
33308,querellar,4,4
33320,queriendo,4,4
33336,quiebrir,4,4
33355,quilla,4,4
33360,quimerico,4,4
33379,quinoto,4,4
33392,quintin,4,4
33430,rabillo,4,4
33464,racism,4,4
33469,radi,4,4
33477,radicales,4,4
33520,rajado,4,4
33523,raje,4,4
33536,ramadan,4,4
33544,ramillete,4,4
33561,ranchear,4,4
33567,rancia,4,4
33578,rankea,4,4
33580,rankear,4,4
33591,rapean,4,4
33597,raphael,4,4
33607,rapsodia,4,4
33608,raptado,4,4
33642,raspaje,4,4
33644,raspo,4,4
33649,rastra,4,4
33667,ratero,4,4
33668,rati,4,4
33704,rayito,4,4
33717,razonado,4,4
33727,reabsorbir,4,4
33734,reacia,4,4
33736,reacomoda,4,4
33739,reacomodir,4,4
33751,readecuar,4,4
33770,realismos,4,4
33772,realiti,4,4
33773,realities,4,4
33775,realizablar,4,4
33843,rebuscado,4,4
33857,recaigar,4,4
33873,recapacitar,4,4
33875,recapituler,4,4
33898,recepcionar,4,4
33917,rechinar,4,4
33921,recibe,4,4
33922,recibiar,4,4
33955,reclamamos,4,4
33968,reclutir,4,4
33974,recogimiento,4,4
33983,recoleto,4,4
33995,recomienzar,4,4
34023,reconocida,4,4
34026,reconociendo,4,4
34034,reconstitucion,4,4
34058,recordandonos,4,4
34060,recordare,4,4
34063,recordarme,4,4
34132,recuperable,4,4
34160,redactoro,4,4
34195,redituabl,4,4
34197,redituar,4,4
34204,redondea,4,4
34219,reducimos,4,4
34222,reductor,4,4
34225,redundant,4,4
34228,redundir,4,4
34240,reeleccionista,4,4
34245,reembolso,4,4
34246,reemergencia,4,4
34248,reemplacer,4,4
34263,reenviado,4,4
34266,reequilibrar,4,4
34278,refaccionado,4,4
34286,referencias,4,4
34293,referentes,4,4
34296,referiar,4,4
34313,reflexiir,4,4
34322,reflexivamente,4,4
34333,reformatorio,4,4
34346,refrenar,4,4
34356,refrigerio,4,4
34372,refutado,4,4
34375,regada,4,4
34421,registre,4,4
34441,regordete,4,4
34453,reguetonero,4,4
34469,regusto,4,4
34484,reilly,4,4
34516,reinstaurar,4,4
34526,reinventado,4,4
34551,rejuntado,4,4
34559,relacionamiento,4,4
34573,relajer,4,4
34577,relanzado,4,4
34583,relations,4,4
34586,relatir,4,4
34608,relegitimar,4,4
34641,rem,4,4
34660,rembrandt,4,4
34689,remito,4,4
34702,remolon,4,4
34724,renacido,4,4
34766,renova,4,4
34767,renovabl,4,4
34782,renuencia,4,4
34800,reorganizado,4,4
34820,reparten,4,4
34821,reparti,4,4
34859,repetis,4,4
34862,repetto,4,4
34863,repiensar,4,4
34869,repito,4,4
34918,reprendeir,4,4
34938,reprima,4,4
34949,reprobatorio,4,4
34950,reprochable,4,4
34971,republican,4,4
34980,repudiabl,4,4
34982,repudiado,4,4
35031,resenado,4,4
35049,resguarda,4,4
35070,resignifican,4,4
35077,resista,4,4
35088,resistirla,4,4
35090,resma,4,4
35106,resources,4,4
35117,respeta,4,4
35123,respeten,4,4
35141,respondes,4,4
35142,respondi,4,4
35178,restos,4,4
35199,resumo,4,4
35231,retire,4,4
35235,retocado,4,4
35238,retomada,4,4
35247,retorcer,4,4
35270,retratista,4,4
35284,retroexcavadora,4,4
35308,reuma,4,4
35309,reumatico,4,4
35310,reuna,4,4
35360,reversibl,4,4
35374,revictimizante,4,4
35378,reviertan,4,4
35380,revinculacion,4,4
35393,revisited,4,4
35401,revistas,4,4
35431,revolutionary,4,4
35449,reynolds,4,4
35452,rezagada,4,4
35466,riberena,4,4
35490,ridad,4,4
35491,rider,4,4
35498,ridley,4,4
35502,rien,4,4
35511,riestra,4,4
35549,rinonera,4,4
35569,rir,4,4
35574,risible,4,4
35608,riveros,4,4
35612,rizado,4,4
35652,robustecido,4,4
35658,rocco,4,4
35672,rockers,4,4
35704,roer,4,4
35730,rollito,4,4
35752,rombo,4,4
35756,romilda,4,4
35774,rona,4,4
35820,rosemblat,4,4
35828,rosetti,4,4
35851,rotker,4,4
35880,rozamiento,4,4
35892,rubeola,4,4
35898,rubinich,4,4
35928,ruge,4,4
35933,rugoso,4,4
35934,rui,4,4
35944,ruinoso,4,4
35952,rumba,4,4
35959,rumoreo,4,4
36000,sab,4,4
36002,sabados,4,4
36005,saban,4,4
36012,sabedor,4,4
36014,sabelotodo,4,4
36056,sacate,4,4
36075,sacramental,4,4
36082,sacrilego,4,4
36085,sacrosanto,4,4
36112,safo,4,4
36162,salem,4,4
36180,salierar,4,4
36181,salim,4,4
36184,salina,4,4
36186,salinidad,4,4
36187,salirme,4,4
36195,sally,4,4
36205,salpicadura,4,4
36245,salvarar,4,4
36276,samplear,4,4
36298,sanda,4,4
36315,saneamientos,4,4
36324,sangres,4,4
36369,santificado,4,4
36389,sapiencia,4,4
36394,saqueado,4,4
36410,sarasa,4,4
36426,sarmientin,4,4
36440,sassen,4,4
36469,saturday,4,4
36471,satya,4,4
36485,savio,4,4
36486,savoir,4,4
36489,saxo,4,4
36499,scaletta,4,4
36503,scanner,4,4
36516,scher,4,4
36532,scholz,4,4
36537,schrodinger,4,4
36539,schubert,4,4
36559,score,4,4
36579,sebas,4,4
36589,seccionar,4,4
36590,secco,4,4
36596,secreta,4,4
36602,secretarios,4,4
36642,sedado,4,4
36647,sedentarismo,4,4
36668,segar,4,4
36691,seguino,4,4
36695,segundito,4,4
36750,semejar,4,4
36752,semestral,4,4
36757,semicerrado,4,4
36777,semola,4,4
36796,senales,4,4
36797,senaletico,4,4
36806,sencillos,4,4
36851,sentarme,4,4
36875,sentiste,4,4
36883,separa,4,4
36923,serenata,4,4
36985,seselovsky,4,4
37003,setentismo,4,4
37009,seudo,4,4
37012,seus,4,4
37022,sexi,4,4
37028,sexogenerica,4,4
37030,sexologia,4,4
37049,shakesperian,4,4
37069,sheila,4,4
37077,sherlock,4,4
37093,shockeante,4,4
37105,should,4,4
37119,sibarito,4,4
37132,sidario,4,4
37144,siegfried,4,4
37147,siembre,4,4
37221,sillazo,4,4
37225,silloncito,4,4
37229,silr,4,4
37242,simba,4,4
37263,simmel,4,4
37301,sinapsis,4,4
37312,sincro,4,4
37324,sindicalizada,4,4
37328,sindicatos,4,4
37348,singularmente,4,4
37349,siniestrar,4,4
37366,sintesi,4,4
37379,sintomatologia,4,4
37384,sinverguenza,4,4
37402,sirvo,4,4
37415,sistematizada,4,4
37448,skyline,4,4
37487,soares,4,4
37511,sobrecargar,4,4
37513,sobrecogedoro,4,4
37530,sobreimpreso,4,4
37531,sobreimprimir,4,4
37533,sobrelleir,4,4
37538,sobrenombr,4,4
37546,sobrepoblacion,4,4
37550,sobreproteccion,4,4
37553,sobrerrepresentado,4,4
37589,sobrinito,4,4
37604,socialcristiano,4,4
37610,socialismos,4,4
37614,socializada,4,4
37622,societaria,4,4
37630,sociodemografico,4,4
37644,sociologxs,4,4
37667,sofas,4,4
37668,sofi,4,4
37688,sojo,4,4
37708,solazar,4,4
37710,sold,4,4
37714,soldador,4,4
37726,solemnes,4,4
37734,solicitir,4,4
37758,solsticio,4,4
37771,solucionado,4,4
37784,soma,4,4
37790,sombras,4,4
37794,sombria,4,4
37806,somnoliento,4,4
37859,sopla,4,4
37871,soportir,4,4
37887,sordomudo,4,4
37891,sorin,4,4
37911,sorry,4,4
37930,sospecho,4,4
37967,sovieticas,4,4
37974,spadaro,4,4
37978,spanglish,4,4
37994,spf,4,4
38035,stadium,4,4
38042,stalinista,4,4
38073,steiner,4,4
38076,stencils,4,4
38079,step,4,4
38081,stephanie,4,4
38085,sternik,4,4
38117,storm,4,4
38135,streams,4,4
38158,suavecito,4,4
38167,subalternizacion,4,4
38176,subcategoria,4,4
38180,subconsciente,4,4
38187,subcutaneo,4,4
38198,subeditor,4,4
38200,subempleado,4,4
38206,subfacturacion,4,4
38259,subrayo,4,4
38265,subrogacion,4,4
38298,subterraneamente,4,4
38301,subtitulado,4,4
38308,subvencionado,4,4
38336,sucinto,4,4
38361,sudoracion,4,4
38364,sudoroso,4,4
38378,suena,4,4
38399,sufrient,4,4
38403,sufrimos,4,4
38449,sumariamente,4,4
38466,sumisa,4,4
38469,summer,4,4
38470,summum,4,4
38478,sunga,4,4
38481,sunset,4,4
38500,superestructural,4,4
38508,superheroina,4,4
38511,superintendente,4,4
38524,superpoblado,4,4
38581,suprimido,4,4
38600,surfer,4,4
38604,surgen,4,4
38617,surtido,4,4
38621,survey,4,4
38622,survive,4,4
38657,sustanciar,4,4
38671,sustituido,4,4
38700,svetliza,4,4
38732,tabicado,4,4
38742,tableteo,4,4
38770,tacticamente,4,4
38780,tado,4,4
38816,talent,4,4
38819,talentosa,4,4
38829,talkies,4,4
38830,talking,4,4
38838,tallercito,4,4
38858,tamizado,4,4
38869,tangencialmente,4,4
38874,tanguera,4,4
38876,tania,4,4
38887,tantas,4,4
38890,tantisima,4,4
38894,tantra,4,4
38899,taoista,4,4
38900,tap,4,4
38913,tapial,4,4
38937,tardanza,4,4
38942,tarder,4,4
38977,taser,4,4
38978,tasmania,4,4
39002,taxativa,4,4
39022,teatrero,4,4
39028,techie,4,4
39057,tecnocientifico,4,4
39076,tecpetrol,4,4
39093,tej,4,4
39106,tejian,4,4
39129,telefonista,4,4
39137,telematico,4,4
39207,templar,4,4
39220,tempore,4,4
39232,tenazmente,4,4
39237,tendencialmente,4,4
39260,tenemos,4,4
39283,tensiometro,4,4
39293,tentacular,4,4
39342,tereschuk,4,4
39345,tergiversado,4,4
39361,terminarir,4,4
39373,terminos,4,4
39429,tesitura,4,4
39454,testo,4,4
39462,tetilla,4,4
39515,third,4,4
39529,tiananmen,4,4
39567,tijeretazo,4,4
39591,timberlake,4,4
39607,timochenko,4,4
39610,timonear,4,4
39636,tintineo,4,4
39638,tintoreria,4,4
39652,tipir,4,4
39653,tipito,4,4
39656,tipografico,4,4
39667,tirant,4,4
39670,tiras,4,4
39673,tires,4,4
39708,titubeos,4,4
39717,tiwanaku,4,4
39721,tizne,4,4
39777,toleran,4,4
39788,tolva,4,4
39791,tomabamos,4,4
39797,tomarar,4,4
39798,tomare,4,4
39799,tomarir,4,4
39801,tomarte,4,4
39803,tomastir,4,4
39818,ton,4,4
39824,tonelli,4,4
39829,tonicidad,4,4
39830,tonico,4,4
39836,tontera,4,4
39862,toqueteo,4,4
39865,toracico,4,4
39878,torito,4,4
39881,tormentos,4,4
39887,tornasolada,4,4
39922,tortonese,4,4
39924,tortuguitas,4,4
39949,totalizadoro,4,4
39959,touche,4,4
39970,toxicologia,4,4
39997,trabajes,4,4
40001,trabajosa,4,4
40004,trabalengua,4,4
40037,traeme,4,4
40040,traes,4,4
40054,tragicomico,4,4
40057,traiamos,4,4
40067,traigan,4,4
40075,trajeado,4,4
40093,trampos,4,4
40096,tranca,4,4
40121,transcribeir,4,4
40125,transcrita,4,4
40133,transeunt,4,4
40146,transfierar,4,4
40154,transforma,4,4
40159,transformadora,4,4
40166,transformista,4,4
40184,transhumanista,4,4
40189,transido,4,4
40198,transitoria,4,4
40200,transitoriedad,4,4
40208,transmisible,4,4
40221,transnacionalizado,4,4
40227,transparento,4,4
40235,transponer,4,4
40242,transportes,4,4
40247,transversalizacion,4,4
40254,trapecio,4,4
40279,traslada,4,4
40290,trasmitido,4,4
40294,trasnochar,4,4
40296,traspasado,4,4
40308,trastocado,4,4
40311,trastornar,4,4
40313,trasuntar,4,4
40316,trat,4,4
40322,tratant,4,4
40326,tratas,4,4
40334,traumado,4,4
40339,traumatizado,4,4
40340,traumatologia,4,4
40341,traumatologo,4,4
40345,traveling,4,4
40346,travelling,4,4
40361,travis,4,4
40375,trebol,4,4
40379,trecientos,4,4
40396,trends,4,4
40404,trepador,4,4
40407,trepe,4,4
40408,trepidante,4,4
40433,tribus,4,4
40449,triglicerido,4,4
40467,trios,4,4
40476,triplicado,4,4
40514,trivializar,4,4
40526,troilo,4,4
40535,trombosis,4,4
40539,trompo,4,4
40557,troquelar,4,4
40559,troskismo,4,4
40577,trucar,4,4
40608,tuberculoso,4,4
40632,tuiteado,4,4
40634,tuiteir,4,4
40656,tumoral,4,4
40702,turron,4,4
40717,tuve,4,4
40722,tuvir,4,4
40727,tve,4,4
40734,twit,4,4
40747,tzu,4,4
40767,ubr,4,4
40777,udesa,4,4
40785,ufrj,4,4
40798,ulrico,4,4
40807,ultimos,4,4
40818,ultrajar,4,4
40829,ultratumba,4,4
40851,unctad,4,4
40859,understanding,4,4
40870,unguento,4,4
40880,unicos,4,4
40894,uniformada,4,4
40897,uniformes,4,4
40917,universales,4,4
40933,universitarixs,4,4
40969,uraba,4,4
40972,urano,4,4
40986,urdapilleta,4,4
40987,urdido,4,4
40993,urena,4,4
40996,urge,4,4
41028,uruguayos,4,4
41030,usabar,4,4
41036,usarer,4,4
41074,uterino,4,4
41088,utilizable,4,4
41127,vacui,4,4
41128,vacuidad,4,4
41140,vade,4,4
41164,valar,4,4
41186,valeroso,4,4
41190,valgar,4,4
41197,validir,4,4
41207,vallar,4,4
41245,vandalico,4,4
41251,vandor,4,4
41262,vanidoso,4,4
41268,vaporos,4,4
41270,vapuleada,4,4
41272,vapulear,4,4
41282,varguismo,4,4
41285,variabar,4,4
41293,varias,4,4
41402,veintipocos,4,4
41406,veintitantos,4,4
41407,veintitre,4,4
41466,vendamos,4,4
41477,vendettar,4,4
41490,venenosa,4,4
41494,veneracion,4,4
41515,venias,4,4
41531,vente,4,4
41540,venture,4,4
41551,veranean,4,4
41552,veraneant,4,4
41556,veranito,4,4
41566,verbena,4,4
41616,vermont,4,4
41623,verona,4,4
41648,verticalismo,4,4
41664,vesicula,4,4
41672,vestidura,4,4
41675,vestimentas,4,4
41687,vetir,4,4
41689,vetusta,4,4
41743,vicepresidencial,4,4
41766,victimizado,4,4
41784,videito,4,4
41817,viejos,4,4
41850,viglieca,4,4
41858,vigorosamente,4,4
41868,vilarino,4,4
41910,vin,4,4
41918,vinciane,4,4
41927,vindicacion,4,4
41945,violada,4,4
41953,violence,4,4
41975,virales,4,4
41978,viralizada,4,4
41983,virgencita,4,4
41988,virgine,4,4
42034,visionar,4,4
42037,visiones,4,4
42060,vistos,4,4
42081,vitivinicola,4,4
42092,viudez,4,4
42095,vivacidad,4,4
42107,vivendi,4,4
42121,vividor,4,4
42126,vivificar,4,4
42152,vocea,4,4
42171,voladoro,4,4
42173,volanta,4,4
42197,volteado,4,4
42241,vorazmente,4,4
42268,vronsky,4,4
42282,vuelva,4,4
42289,vulcano,4,4
42292,vulgarmente,4,4
42295,vulnerabilizado,4,4
42303,wacquant,4,4
42311,waits,4,4
42353,wasp,4,4
42362,watts,4,4
42376,weekend,4,4
42382,weichan,4,4
42395,went,4,4
42418,whiski,4,4
42424,whitney,4,4
42477,wola,4,4
42489,woodstock,4,4
42500,works,4,4
42504,worldwide,4,4
42511,writing,4,4
42519,xeneiz,4,4
42525,xiaoping,4,4
42556,yamaha,4,4
42579,yeats,4,4
42598,yerro,4,4
42607,yodo,4,4
42618,yonquis,4,4
42642,yucatan,4,4
42643,yuchark,4,4
42653,yuppie,4,4
42659,yuxtaponir,4,4
42683,zamarrear,4,4
42726,zara,4,4
42816,zorzal,4,4
42828,zulemita,4,4
42829,zuleta,4,4
7,aballay,3,4
237,abuse,3,4
267,acalorada,3,4
375,acetato,3,4
384,achicado,3,4
410,aclamir,3,4
470,acopl,3,4
596,acuerpar,3,4
667,aderezado,3,4
671,adhemar,3,4
694,adinerada,3,4
844,aedd,3,4
867,afanosamente,3,4
874,afectados,3,4
951,afrancesar,3,4
962,afroargentina,3,4
1017,agendado,3,4
1110,agremiados,3,4
1171,aguar,3,4
1213,aguzo,3,4
1339,albarracin,3,4
1406,aleandro,3,4
1409,aleatoriedad,3,4
1431,alejandria,3,4
1436,aleksandra,3,4
1458,alesia,3,4
1489,alfareria,3,4
1504,alforja,3,4
1566,alin,3,4
1641,alone,3,4
1673,altarcito,3,4
1782,amancay,3,4
1932,amnistiado,3,4
2026,analgesia,3,4
2059,anarquica,3,4
2072,ancap,3,4
2073,ancestra,3,4
2080,anche,3,4
2133,andreotti,3,4
2136,andrespetersen,3,4
2194,angelus,3,4
2197,anglicismo,3,4
2231,anillado,3,4
2263,anito,3,4
2316,ansaldi,3,4
2370,antiargentin,3,4
2379,anticientifica,3,4
2420,antiestatismo,3,4
2442,antiinflacionario,3,4
2476,antipetismo,3,4
2484,antiprogresismo,3,4
2505,anto,3,4
2529,antropogenica,3,4
2586,aparatito,3,4
2588,aparatologia,3,4
2657,apila,3,4
2739,aportes,3,4
2747,apostolado,3,4
2902,arauca,3,4
2924,arc,3,4
2940,architecture,3,4
2998,arete,3,4
3003,arganaraz,3,4
3007,argenmex,3,4
3085,armaste,3,4
3087,armendariz,3,4
3111,aron,3,4
3167,arreglador,3,4
3200,arriendo,3,4
3206,arrigoni,3,4
3212,arroba,3,4
3235,arroyuelo,3,4
3293,artificioso,3,4
3384,asesine,3,4
3403,asfixiada,3,4
3407,ash,3,4
3452,asistidor,3,4
3562,atache,3,4
3599,atencio,3,4
3643,athletic,3,4
3686,atormentada,3,4
3691,atosigar,3,4
3693,atracar,3,4
3795,aulicino,3,4
3813,aurelia,3,4
3848,autarquia,3,4
3878,autocentrado,3,4
3888,autocontrolar,3,4
3921,autoedicion,3,4
3933,autoflagelacion,3,4
3952,autolimitar,3,4
3978,autoorganizado,3,4
4018,autorregulado,3,4
4031,autotransformacion,3,4
4032,autovia,3,4
4037,available,3,4
4070,avemaria,3,4
4072,avendano,3,4
4115,avioncito,3,4
4132,avistar,3,4
4189,ayurveda,3,4
4282,baiguera,3,4
4324,bajorrelieve,3,4
4328,bal,3,4
4361,baldia,3,4
4410,bambula,3,4
4445,bandazo,3,4
4475,banks,3,4
4506,barata,3,4
4535,barcenas,3,4
4575,barres,3,4
4607,bartleby,3,4
4610,barton,3,4
4650,basteri,3,4
4652,bastian,3,4
4679,bate,3,4
4711,bauxita,3,4
4745,beauty,3,4
4766,beccacece,3,4
4776,bedoya,3,4
4778,beechcraft,3,4
4833,bemberg,3,4
4863,beneficie,3,4
4899,beretta,3,4
4911,berlinale,3,4
4950,bertoni,3,4
4953,besa,3,4
4972,betnaza,3,4
5013,bicicleteo,3,4
5020,bidimensional,3,4
5023,biedma,3,4
5085,bimotor,3,4
5089,binariamente,3,4
5098,binguero,3,4
5106,biodegradable,3,4
5119,biole,3,4
5200,blake,3,4
5201,blanc,3,4
5238,bleichmar,3,4
5246,bloc,3,4
5266,bloqueaste,3,4
5348,bolido,3,4
5365,bolocco,3,4
5366,bologna,3,4
5413,bonadeo,3,4
5422,bonavena,3,4
5478,borders,3,4
5488,borgiano,3,4
5496,boron,3,4
5520,boskalis,3,4
5545,botecito,3,4
5548,botellon,3,4
5570,bourgois,3,4
5579,bowling,3,4
5590,boyaca,3,4
5618,branko,3,4
5631,bravata,3,4
5655,bresson,3,4
5680,brilhante,3,4
5735,bronquitis,3,4
5748,browning,3,4
5776,brutalista,3,4
5782,btu,3,4
5813,buenaventura,3,4
5829,bug,3,4
5862,bumble,3,4
5924,buscabamos,3,4
5935,buscastir,3,4
5958,buzz,3,4
5964,bytedance,3,4
6018,caboverdeana,3,4
6088,caf,3,4
6281,camarilla,3,4
6308,cambien,3,4
6370,campari,3,4
6376,campeonar,3,4
6411,canadon,3,4
6415,canaletti,3,4
6423,canarias,3,4
6454,candelabro,3,4
6482,cangrejal,3,4
6506,cannabico,3,4
6531,cantando,3,4
6539,canten,3,4
6570,capasso,3,4
6573,capcioso,3,4
6577,capelina,3,4
6602,capitular,3,4
6655,caram,3,4
6676,carbonato,3,4
6678,carbonero,3,4
6740,caribbean,3,4
6742,caribena,3,4
6774,carlin,3,4
6822,carpentier,3,4
6833,carrara,3,4
6881,cartelizado,3,4
6976,castanares,3,4
7087,caucaso,3,4
7138,cazafantasma,3,4
7153,ceara,3,4
7299,centrifugo,3,4
7304,centroamericana,3,4
7369,cerras,3,4
7378,certeau,3,4
7406,cespedes,3,4
7408,cesto,3,4
7441,chairo,3,4
7449,challenger,3,4
7454,chamarra,3,4
7573,chemtest,3,4
7648,chimango,3,4
7667,chips,3,4
7680,chirimbote,3,4
7703,chloe,3,4
7723,cholakian,3,4
7768,chu,3,4
7769,chubasco,3,4
7792,chupon,3,4
7794,chuquisaca,3,4
7804,cial,3,4
7807,ciber,3,4
7819,ciborg,3,4
7821,cicatrizacion,3,4
7835,ciclopeo,3,4
7841,ciega,3,4
7881,cildanez,3,4
7898,cincuentenario,3,4
7967,cirmi,3,4
7990,cisterno,3,4
8000,citizen,3,4
8001,citra,3,4
8002,citrica,3,4
8066,clasicismo,3,4
8125,clientelares,3,4
8136,climatologo,3,4
8142,clint,3,4
8158,clono,3,4
8163,close,3,4
8180,cnt,3,4
8362,coleccionable,3,4
8370,colectado,3,4
8406,colihue,3,4
8414,colindante,3,4
8439,colom,3,4
8451,colonias,3,4
8455,colonizadoro,3,4
8468,colorante,3,4
8549,comerciantes,3,4
8725,completas,3,4
8763,compralo,3,4
8801,comprometidamente,3,4
8906,concesionada,3,4
9033,conejillo,3,4
9038,coney,3,4
9201,connectas,3,4
9334,conspiracionismo,3,4
9347,constantini,3,4
9358,constelar,3,4
9405,consultante,3,4
9409,consultiva,3,4
9434,consustanciado,3,4
9468,contamino,3,4
9607,contrapropuesta,3,4
9681,convalido,3,4
9766,conway,3,4
9807,cope,3,4
9826,coplero,3,4
9828,copper,3,4
9833,copropietario,3,4
9869,corderoy,3,4
9875,cordillerano,3,4
9895,coreografica,3,4
9929,corp,3,4
9949,corra,3,4
9956,corre,3,4
9965,corredera,3,4
9975,correia,3,4
10031,corrugado,3,4
10126,costadito,3,4
10169,coty,3,4
10170,coulasso,3,4
10249,creek,3,4
10329,criptografico,3,4
10382,cronicamente,3,4
10428,crujen,3,4
10447,crypto,3,4
10470,cuadricular,3,4
10492,cualunquismo,3,4
10515,cuaron,3,4
10551,cucha,3,4
10596,cuerp,3,4
10622,cuiaba,3,4
10624,cuid,3,4
10655,culiado,3,4
10695,cumbiera,3,4
10700,cumpa,3,4
10778,curtiembres,3,4
10788,cusco,3,4
10796,customizado,3,4
10810,cyborgs,3,4
10812,cyril,3,4
10817,dable,3,4
10829,daenerys,3,4
10860,damelir,3,4
10873,danani,3,4
10906,danzante,3,4
10936,daskal,3,4
10946,daulte,3,4
10954,davies,3,4
10989,debats,3,4
10992,debere,3,4
11063,decidiar,3,4
11139,decretos,3,4
11279,delegados,3,4
11333,delio,3,4
11430,demuestrir,3,4
11437,denia,3,4
11463,densificacion,3,4
11482,denuncio,3,4
11626,desacomodo,3,4
11630,desacoplado,3,4
11631,desacoplamiento,3,4
11645,desactivo,3,4
11706,desangrado,3,4
11740,desarrapado,3,4
11801,desca,3,4
11867,desclasar,3,4
11907,desconocidx,3,4
11932,descortes,3,4
11949,descriminalizar,3,4
11956,descrir,3,4
12017,desembarque,3,4
12133,desfondar,3,4
12204,desigualitario,3,4
12221,desinflado,3,4
12266,desmadrado,3,4
12267,desmadrar,3,4
12316,desnacionalizacion,3,4
12354,desordena,3,4
12427,despidar,3,4
12430,despierten,3,4
12454,despoder,3,4
12492,desprogramacion,3,4
12517,desresponsabilizacion,3,4
12672,deutsch,3,4
12706,devorador,3,4
12762,diamond,3,4
12852,diferen,3,4
12862,differently,3,4
12889,diganle,3,4
12967,dinamo,3,4
12979,diocesano,3,4
12994,diplomado,3,4
13007,dipy,3,4
13050,disalvo,3,4
13060,disciplin,3,4
13137,discutimos,3,4
13163,disforia,3,4
13363,divo,3,4
13419,documentalismo,3,4
13470,domenico,3,4
13525,donor,3,4
13527,donovan,3,4
13544,dorito,3,4
13580,downey,3,4
13612,dreamworks,3,4
13613,dredging,3,4
13646,druscovich,3,4
13693,duhau,3,4
13739,durban,3,4
13771,easton,3,4
13772,eastwood,3,4
13790,echenique,3,4
13855,edelman,3,4
13874,edimburgo,3,4
13932,efectos,3,4
13943,efi,3,4
14020,eldeberna,3,4
14069,elefantito,3,4
14224,embebido,3,4
14236,embistir,3,4
14251,embotelladora,3,4
14292,emilse,3,4
14347,emparchar,3,4
14407,empirista,3,4
14460,empresaurio,3,4
14744,enfermir,3,4
14782,enganir,3,4
14989,enterrador,3,4
15029,entrastir,3,4
15031,entreacto,3,4
15047,entregadora,3,4
15104,entristecer,3,4
15231,equi,3,4
15249,equiparir,3,4
15277,erbetta,3,4
15293,ericka,3,4
15298,eritrea,3,4
15312,erogeno,3,4
15322,erotizacion,3,4
15447,esclavizacion,3,4
15506,escribana,3,4
15918,estatales,3,4
15973,esteves,3,4
15981,estigmatizadores,3,4
16033,estou,3,4
16083,estrepito,3,4
16102,estropeado,3,4
16169,etarea,3,4
16257,euskera,3,4
16271,evaluadoro,3,4
16300,eve,3,4
16310,everton,3,4
16431,excomisario,3,4
16434,excomunion,3,4
16523,exjugador,3,4
16524,exmandatario,3,4
16750,extractor,3,4
16793,extraviadas,3,4
16820,ezcurra,3,4
16922,falcao,3,4
16934,falkland,3,4
16951,falopa,3,4
17003,fangos,3,4
17017,fantasios,3,4
17054,farn,3,4
17097,fatigada,3,4
17126,faxes,3,4
17139,febricula,3,4
17154,federado,3,4
17160,federalizado,3,4
17166,fedesch,3,4
17177,feinman,3,4
17206,felman,3,4
17208,female,3,4
17210,femenil,3,4
17275,ferrario,3,4
17294,ferrocarriles,3,4
17316,festejante,3,4
17400,fifpro,3,4
17438,file,3,4
17465,filmoteca,3,4
17490,fim,3,4
17491,finado,3,4
17527,finisecular,3,4
17586,fisiologo,3,4
17648,fleje,3,4
17680,floreal,3,4
17697,floripondio,3,4
17769,folleteria,3,4
17794,fontanet,3,4
17801,foods,3,4
17824,forest,3,4
17834,forjadora,3,4
17836,forje,3,4
17843,formaldehido,3,4
17947,fourier,3,4
17953,fpycs,3,4
18029,frankie,3,4
18071,freelancers,3,4
18079,freijo,3,4
18082,freixo,3,4
18107,fresneda,3,4
18233,fumigador,3,4
18246,funcionari,3,4
18297,furcio,3,4
18436,galvanizar,3,4
18464,ganadores,3,4
18474,gandulfo,3,4
18479,ganga,3,4
18484,gano,3,4
18509,garbanzo,3,4
18514,garch,3,4
18542,garreton,3,4
18548,garrotazo,3,4
18618,gaveta,3,4
18639,geertz,3,4
18703,genesio,3,4
18714,genico,3,4
18747,geoff,3,4
18760,geolocalizar,3,4
18808,gerontologo,3,4
18850,giancarlo,3,4
18856,giardino,3,4
18950,giuliana,3,4
18996,globant,3,4
19014,glow,3,4
19019,gna,3,4
19041,godard,3,4
19047,goffman,3,4
19129,gordofobico,3,4
19138,gorilaje,3,4
19139,gorilismo,3,4
19140,gorki,3,4
19150,gorriones,3,4
19155,gorrudo,3,4
19157,gospel,3,4
19175,goyeneche,3,4
19242,gramscian,3,4
19256,grandinetti,3,4
19275,granulado,3,4
19350,grimm,3,4
19368,gritandole,3,4
19397,groucho,3,4
19400,groupie,3,4
19435,guamini,3,4
19487,guayaquileno,3,4
19538,guinazu,3,4
19599,haberlo,3,4
19694,hachette,3,4
19737,hakim,3,4
19744,halal,3,4
19745,halar,3,4
19753,hallaras,3,4
19772,hamelin,3,4
19779,handball,3,4
19799,harakiri,3,4
19800,harapiento,3,4
19810,harem,3,4
19843,hausmann,3,4
19869,heat,3,4
19904,hegemonizado,3,4
19909,hein,3,4
19938,hematologico,3,4
19949,hemoterapia,3,4
20001,hermanastra,3,4
20027,hernandarias,3,4
20125,hiedra,3,4
20147,higuita,3,4
20180,him,3,4
20182,himalayas,3,4
20194,hindi,3,4
20211,hiperestimulacion,3,4
20218,hiperrealidad,3,4
20239,hipodermico,3,4
20242,hipopotamo,3,4
20243,hipopotar,3,4
20255,hipotiroidismo,3,4
20262,hiriart,3,4
20263,hirient,3,4
20322,hobbie,3,4
20339,hojaldre,3,4
20494,horowitz,3,4
20515,hospitalizacion,3,4
20555,huang,3,4
20560,hubei,3,4
20592,huevada,3,4
20604,huidacer,3,4
20608,huila,3,4
20668,hundi,3,4
20688,huti,3,4
20697,iarc,3,4
20705,ibas,3,4
20791,idolatra,3,4
20833,iigg,3,4
20848,iles,3,4
20874,ilusionir,3,4
20889,ilya,3,4
20908,imaginativa,3,4
20939,immigration,3,4
20951,impaga,3,4
20980,imperativa,3,4
21112,imprevision,3,4
21124,improcedente,3,4
21193,inakayalvuelve,3,4
21246,incendios,3,4
21343,inconformidad,3,4
21402,incubacion,3,4
21420,incumplidor,3,4
21444,indecoroso,3,4
21496,indianapolis,3,4
21548,indisociabl,3,4
21567,individualizo,3,4
21615,ineditas,3,4
21618,inefectiva,3,4
21626,ineluctablemente,3,4
21644,inescrupulos,3,4
21670,inexpugnable,3,4
21790,informativamente,3,4
21930,inmediata,3,4
21967,inmovilista,3,4
21983,inmutabilidad,3,4
22023,inoxidabl,3,4
22052,insatisfactorio,3,4
22097,insiste,3,4
22114,insonorizado,3,4
22128,inspiradora,3,4
22150,instantes,3,4
22159,instigadora,3,4
22188,instructora,3,4
22221,insumiso,3,4
22253,integrity,3,4
22371,interespecies,3,4
22719,invulnerabilidad,3,4
22800,irreemplazable,3,4
22821,irreprimible,3,4
22847,irrision,3,4
22901,issue,3,4
22909,italica,3,4
22920,iturriaga,3,4
22950,jacobacci,3,4
22951,jacobinismo,3,4
22971,jaimes,3,4
22996,jana,3,4
22999,janes,3,4
23005,januca,3,4
23073,jens,3,4
23100,jessie,3,4
23157,johannes,3,4
23198,josephine,3,4
23242,jubiloso,3,4
23283,juguetes,3,4
23396,kala,3,4
23429,karush,3,4
23469,kermes,3,4
23524,kingdom,3,4
23571,kopenawa,3,4
23583,krapp,3,4
23591,kristalina,3,4
23606,kultur,3,4
23612,kupchik,3,4
23617,kuropatwa,3,4
23647,laboriosidad,3,4
23665,lacandona,3,4
23722,lagrimal,3,4
23758,lamm,3,4
23779,langenauer,3,4
23790,lannister,3,4
23863,lastimada,3,4
23868,lastimir,3,4
23924,lavabo,3,4
23929,laval,3,4
23943,lavedra,3,4
24129,leonora,3,4
24146,lesbofobia,3,4
24162,leti,3,4
24219,lgbtqi,3,4
24226,liam,3,4
24306,licua,3,4
24326,lifting,3,4
24339,lightyear,3,4
24341,lijalad,3,4
24358,limado,3,4
24393,limusina,3,4
24424,lingeri,3,4
24516,lizardo,3,4
24534,llamarte,3,4
24541,llamemoslo,3,4
24588,llevados,3,4
24598,llevate,3,4
24646,loberia,3,4
24734,longchamps,3,4
24735,longdon,3,4
24753,lopresti,3,4
24760,lore,3,4
24786,louisiana,3,4
24790,louta,3,4
24802,lozania,3,4
24809,lubavitch,3,4
24820,lucena,3,4
24872,luisiana,3,4
24883,lujurioso,3,4
24912,lupu,3,4
24933,luzuriaga,3,4
24944,lyotard,3,4
24982,machinea,3,4
24990,machos,3,4
24994,maciza,3,4
25008,macumba,3,4
25010,madagascar,3,4
25046,madurista,3,4
25070,maggio,3,4
25081,magistrados,3,4
25091,magnesio,3,4
25095,magneto,3,4
25099,magnificado,3,4
25140,maja,3,4
25147,majors,3,4
25159,malaga,3,4
25162,malamente,3,4
25219,malisimos,3,4
25230,malnutrido,3,4
25244,maltraten,3,4
25247,maluco,3,4
25309,mancuerna,3,4
25415,mansalir,3,4
25491,maquila,3,4
25515,maracay,3,4
25529,maratonista,3,4
25543,marcapaso,3,4
25648,marinovic,3,4
25661,marisel,3,4
25684,marlowe,3,4
25697,marrano,3,4
25796,masoquismo,3,4
25800,massaccesi,3,4
25841,mataste,3,4
25845,mateado,3,4
25977,mbya,3,4
25984,mckenzie,3,4
25993,meado,3,4
26018,mechero,3,4
26054,medibl,3,4
26069,medici,3,4
26093,medita,3,4
26143,melamina,3,4
26186,memecoins,3,4
26245,menopausico,3,4
26262,menstrua,3,4
26285,mentiras,3,4
26312,mercadopago,3,4
26320,mercantilizable,3,4
26342,mereciar,3,4
26367,merleau,3,4
26393,mesoamerica,3,4
26428,metalifero,3,4
26435,metamensaje,3,4
26473,metraje,3,4
26480,metrodelegados,3,4
26544,microemprendedor,3,4
26562,microrrelato,3,4
26652,militarismo,3,4
26686,mimbr,3,4
26692,mimi,3,4
26780,miralles,3,4
26831,misisipi,3,4
26869,mitificar,3,4
26883,mitterrand,3,4
26890,mixturan,3,4
26931,models,3,4
26933,modena,3,4
27006,moldes,3,4
27020,molienda,3,4
27031,molloy,3,4
27075,moni,3,4
27119,monoteismo,3,4
27136,monstruos,3,4
27161,montecristo,3,4
27163,monteleone,3,4
27266,moritz,3,4
27289,mortadela,3,4
27473,muestral,3,4
27561,mumala,3,4
27565,mundanidad,3,4
27647,musulmana,3,4
27649,muta,3,4
27661,muteado,3,4
27672,mutuos,3,4
27713,nagle,3,4
27729,nal,3,4
27733,name,3,4
27747,napalm,3,4
27755,naposta,3,4
27756,napster,3,4
27777,nardini,3,4
27782,narino,3,4
27814,natalie,3,4
27821,nathy,3,4
27852,nauseabundo,3,4
27859,navales,3,4
27880,nazarena,3,4
27927,negadora,3,4
27942,negocian,3,4
27982,neocapitalismo,3,4
28005,neopentecostal,3,4
28015,nepotismo,3,4
28049,neumonologo,3,4
28060,neurodegenerativo,3,4
28062,neurodiverso,3,4
28063,neurologa,3,4
28067,neuromuscular,3,4
28107,nhs,3,4
28108,nia,3,4
28151,nigerian,3,4
28225,nocetti,3,4
28232,nocontesta,3,4
28238,nodocent,3,4
28256,noma,3,4
28269,nombren,3,4
28284,nonagenaria,3,4
28397,novecientos,3,4
28451,nude,3,4
28472,nuls,3,4
28476,numerada,3,4
28491,nupcia,3,4
28521,obera,3,4
28527,obispos,3,4
28574,obrerista,3,4
28636,obturador,3,4
28723,odessa,3,4
28787,ofreciendo,3,4
28794,ofuscacion,3,4
28805,oim,3,4
28825,okupacion,3,4
28976,operacionalizar,3,4
28988,operativos,3,4
28991,opere,3,4
29005,opioid,3,4
29009,oporto,3,4
29043,optimizado,3,4
29089,ordeno,3,4
29169,orin,3,4
29189,oropeza,3,4
29193,orquestada,3,4
29209,ortodoncia,3,4
29258,osmar,3,4
29325,ovarico,3,4
29338,ovnis,3,4
29360,oyola,3,4
29373,pachakuti,3,4
29383,pacific,3,4
29444,pages,3,4
29453,pah,3,4
29506,paleontologia,3,4
29548,palos,3,4
29619,panoleta,3,4
29652,panzeri,3,4
29655,paoletti,3,4
29748,paranoid,3,4
29800,pares,3,4
29807,parias,3,4
29826,parking,3,4
29860,parravicini,3,4
29999,passaponti,3,4
30084,paton,3,4
30099,patrice,3,4
30155,pausada,3,4
30166,pavan,3,4
30183,payasito,3,4
30201,pea,3,4
30231,pedagogias,3,4
30268,pedofilos,3,4
30290,pegasus,3,4
30294,pegue,3,4
30302,peiro,3,4
30321,pelee,3,4
30385,penarol,3,4
30454,pentecostes,3,4
30480,pequines,3,4
30487,perarnau,3,4
30498,percheron,3,4
30525,perdomo,3,4
30633,periscopio,3,4
30669,pernado,3,4
30675,peroncha,3,4
30683,peronologo,3,4
30734,perso,3,4
30856,petrella,3,4
30898,phone,3,4
30913,piantavoto,3,4
31002,piernita,3,4
31007,pietragalla,3,4
31028,pilcomayo,3,4
31034,pili,3,4
31043,pilotar,3,4
31048,piltriquitron,3,4
31057,pinaculo,3,4
31125,piovano,3,4
31192,pittsburgh,3,4
31194,pitufo,3,4
31225,placidamente,3,4
31259,planici,3,4
31285,plantin,3,4
31370,pleonasmo,3,4
31373,plexo,3,4
31415,pnt,3,4
31480,poeticidad,3,4
31525,policentrico,3,4
31563,politeista,3,4
31652,pons,3,4
31663,pontoriero,3,4
31686,populismos,3,4
31688,populistas,3,4
31709,porco,3,4
31757,portenisimo,3,4
31789,poscapitalista,3,4
31798,posee,3,4
31877,postestructuralismo,3,4
31895,postsocialista,3,4
31904,postverdad,3,4
32021,precolombina,3,4
32027,preconizar,3,4
32054,predictor,3,4
32104,pregonero,3,4
32119,preguntaste,3,4
32294,presumido,3,4
32333,prevenibl,3,4
32353,prifma,3,4
32508,processing,3,4
32533,procuvin,3,4
32661,prologuista,3,4
32666,promedia,3,4
32719,propagador,3,4
32723,propagandizar,3,4
32773,proscenio,3,4
32779,prosecretario,3,4
32785,prospeccion,3,4
32819,proteica,3,4
32821,protein,3,4
32827,protest,3,4
32854,provenzal,3,4
32899,proyectivo,3,4
32910,pruebo,3,4
33131,punchi,3,4
33215,puteamos,3,4
33234,qanon,3,4
33252,quebranto,3,4
33313,queria,3,4
33314,queriamos,3,4
33327,question,3,4
33370,quincey,3,4
33384,quintaesencia,3,4
33410,quisiste,3,4
33425,rabbit,3,4
33501,radonsky,3,4
33510,rai,3,4
33528,ralentizacion,3,4
33664,rasurado,3,4
33684,raudal,3,4
33689,ravasi,3,4
33795,rear,3,4
33801,reasentamiento,3,4
33832,reboot,3,4
33852,recado,3,4
33868,recaliente,3,4
33877,recapturar,3,4
33927,recibio,3,4
33986,recombinant,3,4
34040,reconstruyo,3,4
34047,reconviertar,3,4
34094,recreir,3,4
34131,recuperabl,3,4
34148,recursero,3,4
34174,redentora,3,4
34198,redoblado,3,4
34255,reencantamiento,3,4
34301,refierar,3,4
34328,reform,3,4
34489,reims,3,4
34523,reintroduccion,3,4
34604,relegacion,3,4
34627,rellano,3,4
34657,rematado,3,4
34677,remington,3,4
34699,remolacha,3,4
34731,renatep,3,4
34758,renguir,3,4
34805,repagar,3,4
34814,reparatorio,3,4
34834,repatriado,3,4
34898,reporteria,3,4
34924,representaciones,3,4
34932,represento,3,4
35026,rescision,3,4
35085,resistierar,3,4
35152,responso,3,4
35153,resquebragir,3,4
35300,retuiteado,3,4
35332,revel,3,4
35346,revendido,3,4
35396,revisora,3,4
35409,revocacion,3,4
35419,revoleir,3,4
35512,rieznik,3,4
35514,rifas,3,4
35547,rinoceront,3,4
35550,rinoplastia,3,4
35562,rip,3,4
35577,risk,3,4
35579,risotto,3,4
35627,robbie,3,4
35680,rod,3,4
35724,rolar,3,4
35728,rollers,3,4
35767,rompeviento,3,4
35784,ronderos,3,4
35849,rothschild,3,4
35871,rouvier,3,4
35911,rucula,3,4
35941,ruin,3,4
36004,sabalero,3,4
36229,salute,3,4
36312,sandwichito,3,4
36345,sanson,3,4
36375,santis,3,4
36416,sardo,3,4
36419,sarghini,3,4
36481,sauvignon,3,4
36506,scarlet,3,4
36509,schanton,3,4
36517,scherer,3,4
36522,schindler,3,4
36545,schwarzbock,3,4
36567,script,3,4
36656,sedoso,3,4
36763,semienterrado,3,4
36931,sergei,3,4
36932,sergey,3,4
36969,servian,3,4
37079,sherry,3,4
37112,shu,3,4
37114,shut,3,4
37148,siembrir,3,4
37184,significatividad,3,4
37216,siley,3,4
37233,silvano,3,4
37235,silverman,3,4
37353,sinodalidad,3,4
37355,sinonimia,3,4
37368,sinteticamente,3,4
37433,sivori,3,4
37481,snobismo,3,4
37521,sobreestimacion,3,4
37633,socioespacial,3,4
37651,socolovsky,3,4
37799,somerset,3,4
37827,sonic,3,4
37892,sorkin,3,4
37942,sostienen,3,4
37950,sotheby,3,4
37952,sotomayor,3,4
37961,southern,3,4
38005,spirit,3,4
38023,springsteen,3,4
38045,stan,3,4
38080,stepan,3,4
38106,stola,3,4
38136,streep,3,4
38188,subdeclaracion,3,4
38189,subdeclarar,3,4
38273,subsecretarios,3,4
38297,subterranea,3,4
38429,sujarchuk,3,4
38480,sunito,3,4
38522,superministro,3,4
38526,superpoderos,3,4
38578,supreme,3,4
38685,sutecba,3,4
38709,swinger,3,4
38710,swingers,3,4
38737,tablado,3,4
38783,tafi,3,4
38790,tahiti,3,4
38808,talabarteria,3,4
38828,talkie,3,4
38962,tarjetero,3,4
38968,tarso,3,4
38996,tauil,3,4
38997,tauro,3,4
39026,techada,3,4
39031,techne,3,4
39062,tecnofeudalismo,3,4
39144,telepatia,3,4
39162,tellado,3,4
39247,tendon,3,4
39324,terceiro,3,4
39358,terminalidad,3,4
39360,terminarar,3,4
39372,terminologico,3,4
39425,teseo,3,4
39490,thanos,3,4
39520,thor,3,4
39540,tie,3,4
39561,tifus,3,4
39569,tijuca,3,4
39584,till,3,4
39609,timonazo,3,4
39613,timoteo,3,4
39619,tinayre,3,4
39712,titulares,3,4
39715,titularizar,3,4
39737,tocadisco,3,4
39755,todonoticia,3,4
39832,tonificar,3,4
39844,topadoras,3,4
39850,topics,3,4
39889,tornavia,3,4
40081,tramada,3,4
40090,tramontina,3,4
40169,transfuga,3,4
40174,transgeneros,3,4
40179,transgresivo,3,4
40188,transiciono,3,4
40190,transistor,3,4
40257,trapisonda,3,4
40287,trasluz,3,4
40353,travesticidios,3,4
40415,trezeguet,3,4
40470,tripadvisor,3,4
40485,triquell,3,4
40498,triunfadora,3,4
40521,trochita,3,4
40528,trol,3,4
40540,tron,3,4
40545,tronos,3,4
40558,troska,3,4
40580,truck,3,4
40593,trumplandia,3,4
40660,tuna,3,4
40662,tundis,3,4
40672,tupamaro,3,4
40676,tupi,3,4
40710,tuto,3,4
40748,tzvetar,3,4
40779,uds,3,4
40783,uff,3,4
40816,ultrajado,3,4
40968,uqbar,3,4
41016,urresti,3,4
41043,user,3,4
41053,ustra,3,4
41203,valium,3,4
41209,vallecito,3,4
41250,vanderbilt,3,4
41253,vane,3,4
41279,varelita,3,4
41359,vectorial,3,4
41405,veintitanto,3,4
41418,vejatorio,3,4
41440,veliz,3,4
41458,vencedora,3,4
41535,vento,3,4
41581,verdos,3,4
41607,verificada,3,4
41608,verificado,3,4
41778,victory,3,4
41834,views,3,4
41851,viglietti,3,4
41884,villalon,3,4
41950,violarar,3,4
41959,violentados,3,4
42018,visceralidad,3,4
42020,vischi,3,4
42083,vitobello,3,4
42100,vivasnosqueremos,3,4
42105,vivencial,3,4
42136,vizzoti,3,4
42226,volvi,3,4
42267,vpn,3,4
42298,vulnerada,3,4
42335,wambra,3,4
42338,wanna,3,4
42402,wesley,3,4
42413,whether,3,4
42415,whipala,3,4
42416,whipalas,3,4
42473,wizenberg,3,4
42548,yacyreta,3,4
42549,yael,3,4
42553,yair,3,4
42589,yendo,3,4
42592,yerbar,3,4
42600,yesica,3,4
42617,yong,3,4
42675,zagreb,3,4
42686,zambia,3,4
42696,zancudo,3,4
42713,zapateo,3,4
42731,zaratustra,3,4
42732,zarazaga,3,4
42733,zarina,3,4
42740,zarza,3,4
42765,ziblatt,3,4
42768,ziembrowski,3,4
42781,zinaida,3,4
42793,zola,3,4
42824,zuccotti,3,4
42845,zuvic,3,4
0,aapresid,3,3
3,abadia,3,3
36,abba,3,3
45,abduccion,3,3
52,abeles,3,3
70,ablando,3,3
95,abonir,3,3
103,aborigenes,3,3
106,abortado,3,3
115,abortiva,3,3
116,abortivo,3,3
121,abotonado,3,3
123,above,3,3
124,aboy,3,3
140,abrazos,3,3
149,abreviaturar,3,3
150,abriga,3,3
164,abroquelado,3,3
171,abrupta,3,3
182,absorbent,3,3
183,absorbente,3,3
188,absorto,3,3
189,abstemio,3,3
198,abstractos,3,3
225,aburri,3,3
231,aburro,3,3
232,abusa,3,3
242,abyecta,3,3
245,acabadamente,3,3
248,acabarar,3,3
249,acabas,3,3
259,academy,3,3
261,acaecir,3,3
264,acallada,3,3
271,acampada,3,3
283,acaricie,3,3
284,acaricien,3,3
314,acde,3,3
315,ace,3,3
335,aceleramiento,3,3
354,acequias,3,3
356,acerado,3,3
357,acerbo,3,3
364,acercas,3,3
370,acertadamente,3,3
388,achin,3,3
395,acicateado,3,3
401,acierta,3,3
404,acindar,3,3
417,acne,3,3
420,acogedor,3,3
433,acomodaticio,3,3
437,acompaname,3,3
440,acompanando,3,3
441,acompanandolo,3,3
442,acompanant,3,3
445,acompanarar,3,3
452,acompasadamente,3,3
455,acomplejado,3,3
460,acongojado,3,3
476,acord,3,3
486,acordes,3,3
487,acordonar,3,3
503,acostumbras,3,3
514,acrecienta,3,3
529,acrobatico,3,3
543,activamos,3,3
547,activir,3,3
557,actorxs,3,3
558,actos,3,3
562,actuada,3,3
569,actually,3,3
573,acu,3,3
580,acuciada,3,3
583,acuclillado,3,3
584,acuclillar,3,3
585,acudar,3,3
588,acudimos,3,3
604,acumulir,3,3
637,adaptamos,3,3
640,adapto,3,3
642,adecua,3,3
648,adefesio,3,3
656,adelgazado,3,3
661,adenda,3,3
665,adepta,3,3
698,adiposo,3,3
700,adivina,3,3
704,adjetiir,3,3
716,administrable,3,3
721,administradoras,3,3
727,administro,3,3
736,admite,3,3
739,admonicion,3,3
746,adolescencias,3,3
749,adolescnte,3,3
752,adolorido,3,3
762,adoquinada,3,3
796,adscribe,3,3
799,adscripto,3,3
806,adulador,3,3
807,adular,3,3
820,adusta,3,3
824,adverbio,3,3
825,adversaria,3,3
827,adversativa,3,3
836,advierte,3,3
837,advirtiendo,3,3
839,advisor,3,3
868,afc,3,3
883,afectuos,3,3
889,aferrada,3,3
903,afiches,3,3
907,afilada,3,3
929,afirmativir,3,3
956,africanizado,3,3
959,afroamericana,3,3
964,afrobrasileno,3,3
965,afrocaribeno,3,3
970,afroestadounidens,3,3
978,afv,3,3
991,agarrala,3,3
995,agarrate,3,3
998,agarren,3,3
999,agarres,3,3
1004,agata,3,3
1006,agazapa,3,3
1008,agazapar,3,3
1009,agd,3,3
1019,agendo,3,3
1032,agita,3,3
1040,aglomerada,3,3
1042,aglomerar,3,3
1056,agonal,3,3
1059,agonistica,3,3
1060,agonizant,3,3
1065,agost,3,3
1068,agostini,3,3
1075,agraciado,3,3
1088,agravacion,3,3
1094,agraviant,3,3
1096,agraviar,3,3
1108,agreguer,3,3
1109,agremiacion,3,3
1122,agrieta,3,3
1123,agrietada,3,3
1126,agrietir,3,3
1130,agroalimentaria,3,3
1136,agroexportadora,3,3
1143,agronomico,3,3
1155,agtech,3,3
1163,aguafuertes,3,3
1166,aguantado,3,3
1167,aguantadoro,3,3
1175,aguascalientes,3,3
1177,agudelo,3,3
1184,agudos,3,3
1187,aguerre,3,3
1191,aguijonazo,3,3
1194,aguilas,3,3
1195,aguileno,3,3
1198,aguinaga,3,3
1214,ahead,3,3
1238,ahumada,3,3
1246,aimaro,3,3
1256,aireado,3,3
1272,ajedrecistico,3,3
1276,ajenos,3,3
1284,ajustador,3,3
1286,ajustazo,3,3
1332,albacea,3,3
1351,albertisto,3,3
1375,alcantarillado,3,3
1377,alcanza,3,3
1390,alcoholicos,3,3
1407,aleatoria,3,3
1408,aleatoriamente,3,3
1417,alegado,3,3
1465,aletargamiento,3,3
1468,alevos,3,3
1482,alfabetizador,3,3
1492,alfie,3,3
1495,alfio,3,3
1509,algarabir,3,3
1517,algoritmos,3,3
1518,algu,3,3
1520,algune,3,3
1535,alibaba,3,3
1542,aliena,3,3
1560,alimentarios,3,3
1572,alisado,3,3
1630,aloe,3,3
1650,alpino,3,3
1658,alquimico,3,3
1674,altavista,3,3
1681,alterego,3,3
1683,alterio,3,3
1701,altitud,3,3
1711,alu,3,3
1721,alude,3,3
1753,alzaga,3,3
1762,amabilisimo,3,3
1776,amalgamo,3,3
1778,amalita,3,3
1780,amanada,3,3
1787,amanerado,3,3
1793,amaral,3,3
1816,amasada,3,3
1824,amaya,3,3
1844,ambientalistas,3,3
1860,amcham,3,3
1865,ameghino,3,3
1876,amenazarla,3,3
1877,amenazarlir,3,3
1878,amenazas,3,3
1893,amesetamiento,3,3
1894,amet,3,3
1896,ametrallar,3,3
1900,amical,3,3
1910,amigorena,3,3
1915,amiguita,3,3
1936,amolda,3,3
1949,amoralidad,3,3
1950,amordazado,3,3
1951,amordazar,3,3
1952,amores,3,3
1959,amortiguado,3,3
1962,amortizacion,3,3
1968,amoxicilina,3,3
1992,ampulosidad,3,3
2004,amurallar,3,3
2012,anacronicamente,3,3
2018,anado,3,3
2019,anadon,3,3
2036,analizabar,3,3
2045,analysis,3,3
2048,anama,3,3
2068,anatomy,3,3
2076,ancestralmente,3,3
2108,andariego,3,3
2131,andrei,3,3
2138,andrews,3,3
2142,androgin,3,3
2143,androginia,3,3
2154,anegar,3,3
2158,anemona,3,3
2172,anfibiedad,3,3
2187,angelico,3,3
2189,angelini,3,3
2193,angels,3,3
2201,angoleno,3,3
2218,angustier,3,3
2250,animes,3,3
2259,aniquilado,3,3
2266,ankara,3,3
2289,anora,3,3
2300,anotaba,3,3
2306,anotas,3,3
2309,anoticiado,3,3
2315,anquilosamiento,3,3
2325,ansiosamente,3,3
2352,anteojos,3,3
2357,anteriores,3,3
2376,antichavismo,3,3
2377,antichavista,3,3
2384,anticipamos,3,3
2386,anticipatoria,3,3
2398,anticronista,3,3
2402,anticuarentenir,3,3
2422,antiestres,3,3
2430,antiglobalismo,3,3
2436,antigubernamental,3,3
2445,antiinmigrant,3,3
2446,antiinmigrante,3,3
2447,antiintelectual,3,3
2448,antiintelectualismo,3,3
2455,antimenemista,3,3
2457,antimoderno,3,3
2459,antimusulman,3,3
2463,antineoliberal,3,3
2467,antiparasitario,3,3
2470,antipatica,3,3
2488,antirracismo,3,3
2506,antoaguinaga,3,3
2528,antropofagico,3,3
2534,antropologicas,3,3
2538,antropomorfo,3,3
2561,aol,3,3
2564,apabullant,3,3
2568,apaciguado,3,3
2569,apaciguan,3,3
2571,apadrina,3,3
2579,apague,3,3
2589,aparatosa,3,3
2604,apariencias,3,3
2630,apelamos,3,3
2637,apenado,3,3
2640,apenita,3,3
2641,apercibimiento,3,3
2653,apetitos,3,3
2656,apicultor,3,3
2663,aplacado,3,3
2665,aplanado,3,3
2667,aplanamiento,3,3
2683,aplazamiento,3,3
2685,aplica,3,3
2693,aplicados,3,3
2696,aplicarir,3,3
2697,aplicativo,3,3
2698,apliqu,3,3
2702,apnea,3,3
2703,apocado,3,3
2710,apocrifas,3,3
2721,apolitica,3,3
2730,aportacion,3,3
2750,apotegma,3,3
2756,apoyarlos,3,3
2761,appeal,3,3
2763,apply,3,3
2765,apreciable,3,3
2770,apreciir,3,3
2783,aprendar,3,3
2796,aprestir,3,3
2810,aprioristico,3,3
2821,apropiadamente,3,3
2825,apropie,3,3
2833,aprovisionamiento,3,3
2839,aproximir,3,3
2847,apunado,3,3
2850,apuntada,3,3
2854,apuntamos,3,3
2857,apuntes,3,3
2866,apuron,3,3
2873,aquieta,3,3
2908,arba,3,3
2913,arbitrarias,3,3
2927,arcadia,3,3
2937,archiconocido,3,3
2944,archivan,3,3
2946,archive,3,3
2948,archivistico,3,3
2957,arcon,3,3
2963,arden,3,3
2966,ardido,3,3
2991,arenguir,3,3
2992,arenoso,3,3
2994,arequipa,3,3
3011,argentinizado,3,3
3015,argentores,3,3
3042,arida,3,3
3048,arijon,3,3
3050,arisca,3,3
3057,aristofanes,3,3
3068,arltian,3,3
3070,armabar,3,3
3094,armonicamente,3,3
3116,arqueada,3,3
3117,arqueado,3,3
3151,arrasamiento,3,3
3162,arrecho,3,3
3213,arrobado,3,3
3214,arrobar,3,3
3228,arrolladora,3,3
3245,arrullar,3,3
3248,arrumbar,3,3
3249,arruzza,3,3
3262,artera,3,3
3283,articuladoro,3,3
3296,artillero,3,3
3328,asalariar,3,3
3329,asaltado,3,3
3338,asambleismo,3,3
3350,ascesis,3,3
3362,aseguramiento,3,3
3364,asegurarme,3,3
3369,asentimiento,3,3
3379,aserto,3,3
3421,asignaciones,3,3
3425,asigne,3,3
3428,asilar,3,3
3433,asimilabl,3,3
3439,asincronico,3,3
3449,asistenta,3,3
3457,asmatica,3,3
3464,asociativismo,3,3
3466,asocier,3,3
3468,asolado,3,3
3470,asoma,3,3
3505,asterix,3,3
3506,asteroid,3,3
3508,astigmatismo,3,3
3528,astronautas,3,3
3540,asume,3,3
3545,asumirer,3,3
3546,asumis,3,3
3551,asustada,3,3
3555,asusto,3,3
3559,atacan,3,3
3569,ataje,3,3
3576,atardeceir,3,3
3578,atareado,3,3
3580,atascar,3,3
3615,atentir,3,3
3623,ateos,3,3
3629,aterrice,3,3
3631,aterrizado,3,3
3690,atorrante,3,3
3699,atragantada,3,3
3706,atrapant,3,3
3724,atreverir,3,3
3737,atribuyendole,3,3
3740,atrinchera,3,3
3754,attta,3,3
3763,atwood,3,3
3794,aulica,3,3
3802,aumentarir,3,3
3805,auna,3,3
3812,aurea,3,3
3820,auscultacion,3,3
3831,auspicios,3,3
3847,austrohungaro,3,3
3849,autarquico,3,3
3860,autoabastecir,3,3
3861,autoadhesivo,3,3
3862,autoadjudicar,3,3
3863,autoadministrar,3,3
3869,autobautizar,3,3
3872,autobomba,3,3
3874,autocelebracion,3,3
3875,autocelebratorio,3,3
3877,autocentrada,3,3
3880,autocomplacient,3,3
3885,autoconscient,3,3
3902,autocumplida,3,3
3905,autodefineir,3,3
3924,autoevident,3,3
3929,autoexilio,3,3
3931,autoexplotar,3,3
3934,autoflagelar,3,3
3938,autogestiva,3,3
3947,autoincriminar,3,3
3962,automotores,3,3
3979,autoparodia,3,3
3988,autopostular,3,3
3996,autoreferencial,3,3
3997,autoregular,3,3
4002,autoridades,3,3
4003,autoritariamente,3,3
4010,autoro,3,3
4012,autorreferencia,3,3
4019,autorregular,3,3
4021,autorrepresentar,3,3
4025,autosostenible,3,3
4026,autostop,3,3
4055,avasalla,3,3
4057,avasalladoro,3,3
4068,avello,3,3
4075,avenidas,3,3
4077,avenir,3,3
4078,aventajado,3,3
4083,aventuran,3,3
4096,averigue,3,3
4100,aves,3,3
4105,aviadora,3,3
4107,avicola,3,3
4126,avisorar,3,3
4127,avispa,3,3
4128,avispado,3,3
4130,avistaje,3,3
4140,avocado,3,3
4151,axiomatico,3,3
4156,ayatollah,3,3
4157,aybar,3,3
4163,ayma,3,3
4177,ayudano,3,3
4181,ayudarir,3,3
4193,azafran,3,3
4198,azcona,3,3
4209,azov,3,3
4210,azt,3,3
4214,azucarera,3,3
4223,azuza,3,3
4227,azzolin,3,3
4238,bacci,3,3
4241,bachaquero,3,3
4252,background,3,3
4255,backup,3,3
4263,badia,3,3
4268,bafl,3,3
4269,bafta,3,3
4272,baggio,3,3
4280,bahrein,3,3
4287,bailan,3,3
4310,bajarar,3,3
4313,baje,3,3
4323,bajonear,3,3
4332,baladi,3,3
4351,balcanizado,3,3
4354,balconear,3,3
4382,ballottage,3,3
4387,balotage,3,3
4397,baluchis,3,3
4400,balza,3,3
4403,bambi,3,3
4405,bambolea,3,3
4406,bambolean,3,3
4413,banada,3,3
4427,bancado,3,3
4436,bancarselar,3,3
4438,banchero,3,3
4447,bandejas,3,3
4452,banderillero,3,3
4460,banega,3,3
4461,banegas,3,3
4471,banito,3,3
4472,banjo,3,3
4498,baraj,3,3
4505,barandal,3,3
4510,baravalle,3,3
4518,barbecho,3,3
4540,bardea,3,3
4554,barquito,3,3
4566,barras,3,3
4597,barrosa,3,3
4602,barrymore,3,3
4608,bartok,3,3
4611,bartulo,3,3
4617,basanta,3,3
4622,baseotto,3,3
4626,bashevis,3,3
4627,basic,3,3
4641,bastant,3,3
4649,bastardos,3,3
4656,basto,3,3
4665,bat,3,3
4687,batiz,3,3
4703,baur,3,3
4705,bautismal,3,3
4713,bavaro,3,3
4714,bavio,3,3
4717,bayo,3,3
4718,bayon,3,3
4719,bayoneta,3,3
4720,baza,3,3
4736,beatifica,3,3
4737,beatificar,3,3
4738,beatle,3,3
4777,beduino,3,3
4782,beigir,3,3
4784,beilinson,3,3
4785,bein,3,3
4789,beisbolista,3,3
4792,bela,3,3
4799,belica,3,3
4807,believe,3,3
4820,bellini,3,3
4824,belloti,3,3
4832,bem,3,3
4838,bendecida,3,3
4845,bendigar,3,3
4850,bene,3,3
4853,benedict,3,3
4856,benefactora,3,3
4858,beneficiada,3,3
4884,benoit,3,3
4887,bentos,3,3
4888,benvenuto,3,3
4891,ber,3,3
4905,bergson,3,3
4919,bernabeu,3,3
4920,bernabey,3,3
4928,bernini,3,3
4931,berrear,3,3
4935,berrinch,3,3
4944,bertie,3,3
4956,bese,3,3
4987,biasi,3,3
4995,bibliografica,3,3
5003,bicampeon,3,3
5007,bicha,3,3
5025,bielorrus,3,3
5028,biempensant,3,3
5038,bienvenidar,3,3
5039,bienvenidas,3,3
5042,bienvenidosir,3,3
5051,bifurcir,3,3
5058,bih,3,3
5061,bilardismo,3,3
5066,bild,3,3
5071,billboard,3,3
5074,billetero,3,3
5083,bimodal,3,3
5095,binder,3,3
5103,binstock,3,3
5105,biocombustibl,3,3
5128,biologizacion,3,3
5158,birmania,3,3
5171,bistec,3,3
5173,bisuteria,3,3
5179,bitstream,3,3
5181,bizantino,3,3
5185,bizco,3,3
5189,biznaga,3,3
5192,blablabla,3,3
5197,blackwater,3,3
5210,blandear,3,3
5211,blandeir,3,3
5216,blank,3,3
5217,blanquea,3,3
5228,blasfemar,3,3
5230,blasfemo,3,3
5233,blaustein,3,3
5236,bleeding,3,3
5244,blindir,3,3
5264,bloqueador,3,3
5285,boberia,3,3
5290,bocadito,3,3
5296,bochar,3,3
5302,bocon,3,3
5307,bodeguero,3,3
5308,bodoc,3,3
5321,bohio,3,3
5328,boit,3,3
5337,boleo,3,3
5347,boliches,3,3
5349,boligrafo,3,3
5361,bollera,3,3
5363,bollos,3,3
5369,bolonqui,3,3
5381,bolten,3,3
5387,boludos,3,3
5388,bolzano,3,3
5395,bombardeen,3,3
5426,bondadoso,3,3
5433,bonete,3,3
5447,boo,3,3
5450,booking,3,3
5456,boquense,3,3
5462,borbon,3,3
5470,bordadora,3,3
5477,borderlands,3,3
5491,borinsky,3,3
5503,borradura,3,3
5516,bortz,3,3
5528,bossi,3,3
5559,botticelli,3,3
5569,bourgeois,3,3
5571,boutiqu,3,3
5580,bowman,3,3
5588,boxistico,3,3
5591,boyar,3,3
5599,bradbury,3,3
5607,brain,3,3
5611,brandes,3,3
5616,brandoni,3,3
5664,breviario,3,3
5700,britain,3,3
5711,broadly,3,3
5722,bromatologico,3,3
5733,broncoespasmo,3,3
5734,bronquiti,3,3
5742,brosi,3,3
5758,brujita,3,3
5764,brumberg,3,3
5785,bucanero,3,3
5787,bucarest,3,3
5799,bucolica,3,3
5804,buddy,3,3
5817,buenito,3,3
5826,buffett,3,3
5827,bufo,3,3
5846,bulimico,3,3
5848,bullanguero,3,3
5859,bulo,3,3
5868,bunuel,3,3
5869,bunz,3,3
5886,burguesito,3,3
5892,burlesco,3,3
5893,burlesque,3,3
5896,burlonamente,3,3
5899,burning,3,3
5905,burocratica,3,3
5907,burocratizacion,3,3
5911,burrero,3,3
5914,burroughs,3,3
5929,buscadores,3,3
5932,buscarme,3,3
5940,busque,3,3
5948,bustillo,3,3
5955,buzios,3,3
5962,byrne,3,3
5983,caballos,3,3
5997,cabelludo,3,3
6023,cabreros,3,3
6040,cachaca,3,3
6041,cachafaz,3,3
6055,cachondeo,3,3
6060,caco,3,3
6067,cadenazo,3,3
6075,cadmio,3,3
6083,caeria,3,3
6084,caeriar,3,3
6086,caes,3,3
6093,cafetera,3,3
6098,cafrune,3,3
6106,cague,3,3
6107,cahiers,3,3
6112,caidos,3,3
6127,cajonear,3,3
6147,calamuchita,3,3
6160,calchaqui,3,3
6177,calefaccionada,3,3
6178,calefaccionar,3,3
6192,calibracion,3,3
6199,calientan,3,3
6202,califato,3,3
6205,calificandolo,3,3
6212,caliz,3,3
6214,calla,3,3
6217,callampa,3,3
6221,callatir,3,3
6230,calles,3,3
6237,calman,3,3
6244,calorcito,3,3
6255,calvicie,3,3
6256,calvinista,3,3
6272,camalote,3,3
6287,camarot,3,3
6288,camarote,3,3
6289,camas,3,3
6297,cambiaria,3,3
6311,cambios,3,3
6316,camel,3,3
6319,camerino,3,3
6323,camerunes,3,3
6329,camillo,3,3
6334,caminadoro,3,3
6341,caminatas,3,3
6344,caminera,3,3
6349,camioncito,3,3
6357,camita,3,3
6358,cammesa,3,3
6385,campesinas,3,3
6409,canadian,3,3
6430,canberra,3,3
6431,cancel,3,3
6441,cancherear,3,3
6456,candelero,3,3
6459,candia,3,3
6465,candidez,3,3
6469,candoros,3,3
6471,cane,3,3
6475,canelon,3,3
6476,canelones,3,3
6481,canevaro,3,3
6485,cani,3,3
6500,canito,3,3
6505,cannabica,3,3
6514,canonazo,3,3
6519,canos,3,3
6535,cantas,3,3
6553,canturreo,3,3
6574,cape,3,3
6598,capitanear,3,3
6605,capocomico,3,3
6606,capoeira,3,3
6615,capricornio,3,3
6629,capture,3,3
6633,capullo,3,3
6652,caracterizamos,3,3
6658,caramelir,3,3
6663,caraqueno,3,3
6682,carburar,3,3
6689,carcelera,3,3
6691,carceles,3,3
6697,cardboard,3,3
6700,cardenismo,3,3
6710,cardon,3,3
6724,carestia,3,3
6727,caretear,3,3
6750,caricaturizado,3,3
6761,carir,3,3
6764,carismatica,3,3
6796,carnavales,3,3
6799,carnavalizacion,3,3
6801,carnear,3,3
6805,carnevale,3,3
6815,carole,3,3
6818,carone,3,3
6829,carpita,3,3
6836,carraspear,3,3
6843,carrero,3,3
6846,carretel,3,3
6853,carriego,3,3
6862,carrol,3,3
6869,carrusel,3,3
6882,cartelon,3,3
6885,carterista,3,3
6914,carzoglio,3,3
6962,casio,3,3
6973,castagneto,3,3
6978,castaneira,3,3
6980,castanos,3,3
6993,castiguir,3,3
6997,castizo,3,3
6998,castle,3,3
7004,castradoro,3,3
7006,castrens,3,3
7010,casts,3,3
7050,cate,3,3
7062,catela,3,3
7067,caterva,3,3
7090,caucion,3,3
7092,caudalos,3,3
7104,causarme,3,3
7124,cave,3,3
7126,cavernicola,3,3
7130,cayetana,3,3
7140,cazuela,3,3
7165,cecilio,3,3
7167,ced,3,3
7168,cedar,3,3
7175,cedron,3,3
7180,cegadoro,3,3
7188,cejar,3,3
7194,celebr,3,3
7199,celebrarer,3,3
7200,celebrativo,3,3
7209,celebro,3,3
7218,celibe,3,3
7223,celman,3,3
7229,celsa,3,3
7238,celuloide,3,3
7245,cenamos,3,3
7256,cenizo,3,3
7268,censuran,3,3
7271,centelleante,3,3
7276,centenialls,3,3
7302,centroafricana,3,3
7308,centroeuropeo,3,3
7316,cep,3,3
7329,ceramistas,3,3
7368,cerrarir,3,3
7394,cesanteado,3,3
7400,cesareo,3,3
7403,cesio,3,3
7409,cesura,3,3
7410,cetaceo,3,3
7417,cgp,3,3
7421,chabola,3,3
7433,chacota,3,3
7436,chador,3,3
7442,chala,3,3
7461,chamuscada,3,3
7486,chanza,3,3
7497,chapman,3,3
7500,chapucero,3,3
7503,chaquena,3,3
7509,charlaba,3,3
7523,charretera,3,3
7527,chascarrillo,3,3
7528,chasco,3,3
7545,chatterjee,3,3
7551,chavarria,3,3
7577,chequea,3,3
7618,chicl,3,3
7623,chiesa,3,3
7629,chilanga,3,3
7639,chilevision,3,3
7640,chilindrina,3,3
7647,chiloe,3,3
7652,chimentos,3,3
7655,chinchudo,3,3
7668,chiqu,3,3
7673,chiquitaje,3,3
7681,chiringuito,3,3
7686,chiruzo,3,3
7694,chispeante,3,3
7704,chmiel,3,3
7706,choca,3,3
7707,chocado,3,3
7708,chocador,3,3
7711,chocas,3,3
7733,chonguito,3,3
7738,choreo,3,3
7741,choriplaneros,3,3
7755,chovinista,3,3
7779,chumbo,3,3
7782,chupada,3,3
7783,chupadero,3,3
7800,chuzo,3,3
7806,ciao,3,3
7809,ciberataque,3,3
7810,cibercafe,3,3
7811,cibercrimen,3,3
7818,cibervigilancia,3,3
7827,ciciliani,3,3
7829,ciclicidad,3,3
7845,cielito,3,3
7853,cienta,3,3
7873,cifras,3,3
7876,cigarrito,3,3
7893,cincelado,3,3
7896,cincos,3,3
7914,cini,3,3
7926,cinzia,3,3
7929,cipayismo,3,3
7936,cir,3,3
7952,circunloquio,3,3
7959,circunscritar,3,3
7965,cirilico,3,3
7998,cite,3,3
8007,ciudadan,3,3
8009,ciudadanas,3,3
8015,ciudania,3,3
8022,civilista,3,3
8029,cizana,3,3
8042,claraboya,3,3
8048,clarificador,3,3
8051,clarinete,3,3
8058,clarke,3,3
8070,clasificador,3,3
8076,classic,3,3
8078,clastres,3,3
8101,clay,3,3
8104,clearing,3,3
8109,clerico,3,3
8112,cleveland,3,3
8128,clientes,3,3
8150,clive,3,3
8161,clorindo,3,3
8167,cloud,3,3
8179,cnooc,3,3
8184,coaccionar,3,3
8189,coadyuve,3,3
8195,coartado,3,3
8201,cobalto,3,3
8220,cobriza,3,3
8226,coccia,3,3
8233,cochino,3,3
8242,cocineros,3,3
8245,cocker,3,3
8251,coctelera,3,3
8257,codesal,3,3
8271,cody,3,3
8272,coe,3,3
8285,cofr,3,3
8289,cofundadora,3,3
8291,cogerte,3,3
8325,coinx,3,3
8326,coisa,3,3
8328,cojo,3,3
8333,colaboracionista,3,3
8338,colaborarar,3,3
8340,colaborativamente,3,3
8350,colapsen,3,3
8359,colear,3,3
8363,coleccionado,3,3
8376,colectividades,3,3
8382,colecto,3,3
8399,colgant,3,3
8405,coliflor,3,3
8409,colimbas,3,3
8456,colonizan,3,3
8460,coloquialmente,3,3
8466,colorados,3,3
8469,colorea,3,3
8474,colorinches,3,3
8479,columnas,3,3
8510,combinada,3,3
8518,combustibles,3,3
8530,comenta,3,3
8545,comercializada,3,3
8559,cometi,3,3
8565,comian,3,3
8566,comiar,3,3
8568,comicamente,3,3
8594,commander,3,3
8600,commons,3,3
8610,comodisimo,3,3
8616,compacer,3,3
8617,compact,3,3
8618,compactacion,3,3
8619,compactado,3,3
8626,compana,3,3
8631,companere,3,3
8641,compar,3,3
8642,compara,3,3
8647,comparados,3,3
8649,comparas,3,3
8652,compare,3,3
8654,comparir,3,3
8664,compartila,3,3
8676,compelido,3,3
8683,competen,3,3
8698,compilador,3,3
8711,complejizado,3,3
8715,complementada,3,3
8719,complementir,3,3
8728,completisimo,3,3
8729,completitud,3,3
8738,complotado,3,3
8745,componiar,3,3
8746,comportamental,3,3
8749,compose,3,3
8754,compositoro,3,3
8756,compostaje,3,3
8766,comprandolo,3,3
8768,comprarno,3,3
8775,comprendes,3,3
8782,comprer,3,3
8788,comprobabl,3,3
8792,comprobamos,3,3
8806,compruer,3,3
8815,compungido,3,3
8816,compus,3,3
8817,computa,3,3
8825,comte,3,3
8843,comunicarme,3,3
8864,conato,3,3
8867,concatenado,3,3
8868,concatenar,3,3
8869,concebible,3,3
8877,concejos,3,3
8882,concentrarer,3,3
8884,concentrer,3,3
8885,concentrica,3,3
8896,conceptualizo,3,3
8898,concernient,3,3
8916,concienciacion,3,3
8922,concienzudo,3,3
8927,conciliatorio,3,3
8944,concomitantemente,3,3
8954,concubinato,3,3
8962,concursado,3,3
8963,concursant,3,3
8972,condell,3,3
8977,condenaron,3,3
8980,condene,3,3
8982,condensada,3,3
9002,condoleezza,3,3
9004,condomi,3,3
9020,conea,3,3
9025,conectandolo,3,3
9030,conecto,3,3
9037,conexo,3,3
9046,confederado,3,3
9068,confias,3,3
9074,confiesa,3,3
9078,configurir,3,3
9085,confir,3,3
9090,confirmarir,3,3
9091,confirmatorio,3,3
9094,confiscado,3,3
9103,conflictos,3,3
9104,conflictuar,3,3
9117,confortablemente,3,3
9118,confortar,3,3
9119,confraternidad,3,3
9124,confrontativa,3,3
9134,conga,3,3
9135,congela,3,3
9136,congelacion,3,3
9146,conglomerar,3,3
9160,congruente,3,3
9163,conico,3,3
9166,conintes,3,3
9175,conjunta,3,3
9187,conminado,3,3
9192,conmocionant,3,3
9200,connatural,3,3
9203,connell,3,3
9204,connery,3,3
9211,conoce,3,3
9213,conocere,3,3
9223,conocimientos,3,3
9229,conozcas,3,3
9256,conseguime,3,3
9262,consejeros,3,3
9268,consensualismo,3,3
9270,consent,3,3
9291,considerabar,3,3
9297,considerando,3,3
9298,considerandolo,3,3
9302,consientar,3,3
9303,consigar,3,3
9304,consiglieri,3,3
9320,consolatorio,3,3
9337,conspiranoia,3,3
9343,conspiro,3,3
9348,constantino,3,3
9356,constate,3,3
9361,constipacion,3,3
9371,constituirir,3,3
9372,constitution,3,3
9389,construer,3,3
9391,construida,3,3
9408,consulting,3,3
9411,consulto,3,3
9414,consultores,3,3
9420,consumeir,3,3
9421,consumer,3,3
9422,consumia,3,3
9437,contabas,3,3
9458,contain,3,3
9469,contandole,3,3
9511,contestes,3,3
9536,continuarir,3,3
9551,contrabandeado,3,3
9569,contradictor,3,3
9571,contradigar,3,3
9586,contraindicado,3,3
9619,contrarresta,3,3
9625,contrasexual,3,3
9638,contratistas,3,3
9643,contrera,3,3
9647,contribuimos,3,3
9651,contribuyan,3,3
9653,contribuyerar,3,3
9662,controlo,3,3
9672,conurbanizacion,3,3
9676,convaleciente,3,3
9680,convalidir,3,3
9682,convenc,3,3
9705,conventual,3,3
9726,convertibl,3,3
9729,convertirir,3,3
9733,convexo,3,3
9739,convido,3,3
9745,convirtiendomar,3,3
9752,convocadxs,3,3
9756,convocarar,3,3
9764,convulsivo,3,3
9768,conyugalidad,3,3
9787,coordina,3,3
9803,coparon,3,3
9804,coparticipabl,3,3
9810,copera,3,3
9811,copernican,3,3
9822,copios,3,3
9823,copioso,3,3
9832,coproducido,3,3
9834,coprotagonista,3,3
9858,corbatin,3,3
9864,corcovado,3,3
9876,cordo,3,3
9884,cordova,3,3
9911,corno,3,3
9926,coronilla,3,3
9927,coronir,3,3
9942,corporeidad,3,3
9946,corpulenta,3,3
9950,corradi,3,3
9951,corrado,3,3
9967,corredora,3,3
9968,corredores,3,3
9969,corregi,3,3
9971,corregidor,3,3
9974,corregirte,3,3
9993,corresponda,3,3
10002,corresponsales,3,3
10009,corridas,3,3
10012,corrientemente,3,3
10017,corrimos,3,3
10019,corroboracion,3,3
10035,corruptoro,3,3
10037,corsario,3,3
10041,cort,3,3
10044,cortadora,3,3
10049,cortapluma,3,3
10051,cortarar,3,3
10078,cos,3,3
10081,coscia,3,3
10082,coscorron,3,3
10091,cosi,3,3
10098,cosito,3,3
10101,cosmetologia,3,3
10107,cosmonauta,3,3
10109,cosmopolitan,3,3
10110,cosmopolitica,3,3
10117,cosplayers,3,3
10147,costumbrismo,3,3
10162,cotitular,3,3
10167,cotorra,3,3
10180,court,3,3
10188,coy,3,3
10208,craso,3,3
10220,creadorx,3,3
10223,creanme,3,3
10224,crearar,3,3
10251,creerir,3,3
10254,creiar,3,3
10257,creido,3,3
10264,cremita,3,3
10271,crepuscular,3,3
10277,cretina,3,3
10280,creyendo,3,3
10284,creyeron,3,3
10285,creyser,3,3
10294,crianzas,3,3
10306,criminalistico,3,3
10307,criminaliza,3,3
10312,criminalizo,3,3
10354,cristino,3,3
10373,croma,3,3
10399,crossover,3,3
10402,cru,3,3
10423,cruella,3,3
10442,cruzarme,3,3
10449,csu,3,3
10450,csutcb,3,3
10454,cts,3,3
10466,cuadrazo,3,3
10471,cuadril,3,3
10475,cuadriplicar,3,3
10487,cualificado,3,3
10503,cuantificado,3,3
10517,cuarteado,3,3
10524,cuartucho,3,3
10570,cueca,3,3
10571,cuelga,3,3
10572,cuelgo,3,3
10573,cuelgue,3,3
10584,cuente,3,3
10593,cuernito,3,3
10598,cuerpecito,3,3
10612,cuestionador,3,3
10621,cufre,3,3
10635,cuidan,3,3
10637,cuidastir,3,3
10641,cuiden,3,3
10652,culeado,3,3
10663,culon,3,3
10664,culott,3,3
10668,culpabilizador,3,3
10689,culturalismo,3,3
10701,cumpl,3,3
10708,cumplierar,3,3
10710,cumplirir,3,3
10721,cunningham,3,3
10738,curanderismo,3,3
10749,curial,3,3
10756,curito,3,3
10773,cursus,3,3
10783,curutchet,3,3
10799,cutaneo,3,3
10801,cutis,3,3
10816,dabas,3,3
10819,dacha,3,3
10833,daguerrotipo,3,3
10840,daisy,3,3
10848,dali,3,3
10851,dall,3,3
10863,damiansk,3,3
10868,damocles,3,3
10869,damonte,3,3
10881,dane,3,3
10882,daneri,3,3
10889,daniels,3,3
10893,danir,3,3
10900,dantesca,3,3
10902,danton,3,3
10905,danzant,3,3
10917,darkness,3,3
10918,darling,3,3
10923,darselir,3,3
10938,database,3,3
10942,datificacion,3,3
10961,dayan,3,3
10964,ddi,3,3
10971,deambulo,3,3
10973,dear,3,3
10982,debaten,3,3
10987,debatimos,3,3
11004,debieramos,3,3
11013,debilmente,3,3
11014,debio,3,3
11015,debir,3,3
11032,decaida,3,3
11044,decenas,3,3
11062,decida,3,3
11077,decimocuarto,3,3
11079,decirles,3,3
11080,decirlo,3,3
11094,declacer,3,3
11100,declaracionismo,3,3
11102,declarant,3,3
11112,decolar,3,3
11116,decomisar,3,3
11119,deconstructivo,3,3
11124,decorador,3,3
11140,dedicabar,3,3
11155,deepseek,3,3
11157,defaults,3,3
11166,defendible,3,3
11168,defenestrado,3,3
11171,defense,3,3
11179,deferent,3,3
11188,defini,3,3
11209,degenera,3,3
11214,degli,3,3
11215,deglutido,3,3
11223,degrado,3,3
11232,dejabas,3,3
11233,dejad,3,3
11236,dejalo,3,3
11255,dejenmar,3,3
11259,dejir,3,3
11277,delegadas,3,3
11292,delgadisimo,3,3
11301,deliberantes,3,3
11310,delich,3,3
11321,delimitan,3,3
11331,delinque,3,3
11347,deluca,3,3
11350,demacrada,3,3
11353,demagogicamente,3,3
11359,demandamos,3,3
11363,demande,3,3
11366,demarca,3,3
11371,demasia,3,3
11374,demasiar,3,3
11375,dembow,3,3
11382,demi,3,3
11404,demograficamente,3,3
11427,demostrarir,3,3
11428,demostrativo,3,3
11440,denigrant,3,3
11448,denme,3,3
11468,dentellada,3,3
11474,denuncialista,3,3
11479,denuncias,3,3
11484,deodoro,3,3
11514,deportologo,3,3
11516,deposicion,3,3
11525,deprecia,3,3
11527,depreciado,3,3
11531,depredadora,3,3
11544,depuesto,3,3
11563,derivarir,3,3
11564,derivas,3,3
11569,dero,3,3
11573,derqui,3,3
11596,derrotada,3,3
11599,derrotarar,3,3
11602,derrotisto,3,3
11613,desabastecer,3,3
11616,desabrochaber,3,3
11618,desacartonado,3,3
11627,desacompasado,3,3
11628,desaconsejado,3,3
11635,desacralizado,3,3
11640,desactiva,3,3
11652,desafecto,3,3
11657,desafie,3,3
11660,desafinar,3,3
11664,desaforar,3,3
11683,desalambrar,3,3
11692,desalinear,3,3
11694,desalogir,3,3
11703,desanclado,3,3
11714,desapareci,3,3
11720,desaparecio,3,3
11723,desapasionamiento,3,3
11733,desar,3,3
11738,desarraigar,3,3
11741,desarreglado,3,3
11745,desarrolladora,3,3
11748,desarrollen,3,3
11773,desavenencia,3,3
11774,desaventajado,3,3
11777,desayune,3,3
11782,desbalanz,3,3
11793,desbord,3,3
11795,desbordant,3,3
11803,descafeinado,3,3
11807,descalificadora,3,3
11809,descalificativo,3,3
11811,descalzar,3,3
11828,descargabl,3,3
11831,descarnada,3,3
11832,descarnadamente,3,3
11846,descascarar,3,3
11860,descerrajar,3,3
11861,descifrable,3,3
11862,descifrado,3,3
11864,descifro,3,3
11871,desco,3,3
11875,descollar,3,3
11925,descontracturante,3,3
11929,descoordinacion,3,3
11931,descorrer,3,3
11934,descoseir,3,3
11935,descoser,3,3
11941,describ,3,3
11942,describar,3,3
11944,describierar,3,3
11953,descriptiva,3,3
11958,descruzar,3,3
11966,descubras,3,3
11967,descubre,3,3
11969,descubriar,3,3
11975,descubro,3,3
11984,desdenado,3,3
12007,desechada,3,3
12012,deseer,3,3
12014,desembarcado,3,3
12022,desembozadamente,3,3
12023,desembozado,3,3
12024,desempatar,3,3
12032,desempoderado,3,3
12047,desendeudada,3,3
12056,desenganche,3,3
12062,desensillar,3,3
12064,desentendida,3,3
12089,desespera,3,3
12095,desesperantes,3,3
12098,desesperanzador,3,3
12104,desestabilizant,3,3
12109,desestresar,3,3
12111,desestructurar,3,3
12118,desfase,3,3
12121,desfederalizacion,3,3
12122,desfiguracion,3,3
12127,desfilan,3,3
12144,desgarrir,3,3
12152,desglobalizacion,3,3
12153,desglosado,3,3
12178,deshilvanar,3,3
12188,desideologizacion,3,3
12193,desiertar,3,3
12200,designir,3,3
12202,desigualad,3,3
12215,desinfectado,3,3
12220,desinflacion,3,3
12223,desinfle,3,3
12227,desinformativo,3,3
12236,desinteresar,3,3
12239,desiree,3,3
12253,deslinde,3,3
12265,desmadr,3,3
12271,desmanado,3,3
12295,desmerecir,3,3
12300,desmilitarizacion,3,3
12320,desnivelado,3,3
12322,desnudado,3,3
12323,desnudamiento,3,3
12341,desoer,3,3
12342,desoido,3,3
12352,desorbitar,3,3
12366,despachante,3,3
12381,despatarrar,3,3
12382,despavorida,3,3
12393,despedirte,3,3
12394,despedis,3,3
12400,despeja,3,3
12432,despilfarrar,3,3
12436,despintar,3,3
12438,despiste,3,3
12440,desplant,3,3
12453,despoblar,3,3
12459,despoje,3,3
12463,despolitizador,3,3
12481,desprendidar,3,3
12508,desquiciante,3,3
12518,desresponsabilizar,3,3
12525,destapado,3,3
12551,destinatarix,3,3
12564,destripar,3,3
12573,destruer,3,3
12581,desvalijar,3,3
12597,desventajar,3,3
12600,desvergonzado,3,3
12622,detecte,3,3
12626,detectivesco,3,3
12640,detentor,3,3
12677,devaluada,3,3
12680,devaluatoria,3,3
12690,develacion,3,3
12691,develado,3,3
12692,develamiento,3,3
12694,developer,3,3
12695,development,3,3
12696,devenida,3,3
12707,devoradoro,3,3
12727,diadema,3,3
12732,diagnostica,3,3
12733,diagnosticada,3,3
12749,dialogante,3,3
12759,diamela,3,3
12772,diasporico,3,3
12794,dicharachero,3,3
12814,dictaminada,3,3
12822,didactismo,3,3
12827,dido,3,3
12834,diegote,3,3
12837,dieras,3,3
12869,difierar,3,3
12875,difundimos,3,3
12887,digamosloir,3,3
12916,digo,3,3
12935,dilemma,3,3
12937,diligente,3,3
12946,dimelo,3,3
12949,dimensiono,3,3
12952,dimir,3,3
12955,dimitri,3,3
12962,dinamitado,3,3
12969,dinastico,3,3
12981,diogenes,3,3
12982,dionisiaco,3,3
12995,diplomaticamente,3,3
13000,diputacion,3,3
13012,direccionada,3,3
13018,direct,3,3
13027,directoras,3,3
13048,dirty,3,3
13055,discar,3,3
13057,discernible,3,3
13065,disciplinadora,3,3
13068,disciplinant,3,3
13077,disclaimer,3,3
13078,discman,3,3
13093,discordancia,3,3
13098,discotecas,3,3
13099,discovery,3,3
13103,discrecionalmente,3,3
13117,disculpas,3,3
13133,discutiar,3,3
13136,discutidor,3,3
13139,discutirer,3,3
13145,diseminada,3,3
13152,disenen,3,3
13153,disenir,3,3
13168,disfruta,3,3
13192,disipacion,3,3
13213,dispacer,3,3
13215,disparada,3,3
13220,dispararar,3,3
13221,disparat,3,3
13222,disparatada,3,3
13228,disparos,3,3
13240,dispondrar,3,3
13250,disputamos,3,3
13253,disputas,3,3
13276,distinguible,3,3
13277,distinguida,3,3
13280,distinta,3,3
13294,distraidamente,3,3
13302,distribution,3,3
13314,disuelir,3,3
13320,disyuntor,3,3
13326,divagues,3,3
13332,diversa,3,3
13345,divertirno,3,3
13352,diviertar,3,3
13377,dizque,3,3
13380,dmitri,3,3
13387,doblegado,3,3
13428,dog,3,3
13433,dogs,3,3
13435,doherty,3,3
13437,doing,3,3
13441,dolarizada,3,3
13460,dolphin,3,3
13461,dom,3,3
13482,dominancia,3,3
13489,dominguera,3,3
13520,donetsk,3,3
13539,dore,3,3
13551,dormirir,3,3
13553,dormiste,3,3
13578,dowek,3,3
13581,downloads,3,3
13584,doxear,3,3
13586,doyle,3,3
13620,drink,3,3
13626,drogadicta,3,3
13635,droite,3,3
13637,dromi,3,3
13640,drones,3,3
13645,drunk,3,3
13711,duodeno,3,3
13724,dura,3,3
13741,duren,3,3
13743,during,3,3
13758,dvds,3,3
13773,ebanista,3,3
13774,ebano,3,3
13778,ebook,3,3
13779,ebriedad,3,3
13785,echaron,3,3
13788,eche,3,3
13791,echev,3,3
13792,echevarria,3,3
13818,ecologo,3,3
13821,economias,3,3
13835,economix,3,3
13836,economixpodcast,3,3
13847,ecuatorial,3,3
13850,ecumenismo,3,3
13853,edant,3,3
13883,editions,3,3
13890,editoro,3,3
13891,edmond,3,3
13899,educ,3,3
13913,edulcorant,3,3
13916,eduque,3,3
13923,efebo,3,3
13953,efluvio,3,3
13955,efusion,3,3
13956,efusivamente,3,3
13957,efusividad,3,3
13973,ehess,3,3
13974,ehrlich,3,3
13990,ejem,3,3
13992,ejemplaridad,3,3
13994,ejemplificador,3,3
14002,ejercierir,3,3
14005,ejercite,3,3
14014,eladio,3,3
14021,eldestapeweb,3,3
14024,eldorado,3,3
14031,electiva,3,3
14040,electoro,3,3
14049,electrizado,3,3
14051,electrizar,3,3
14060,electromecanico,3,3
14076,elegiriamos,3,3
14077,elegirir,3,3
14089,elephant,3,3
14090,eleuterio,3,3
14109,elijas,3,3
14129,elixir,3,3
14130,eliza,3,3
14138,elles,3,3
14145,elman,3,3
14147,elmo,3,3
14157,elongacion,3,3
14161,elpidio,3,3
14165,elucidar,3,3
14209,embarbijado,3,3
14211,embarcada,3,3
14216,embarco,3,3
14225,embebir,3,3
14227,embelesamiento,3,3
14228,embelezado,3,3
14234,embistar,3,3
14243,embolsado,3,3
14247,emborracher,3,3
14261,embrujada,3,3
14262,embrujar,3,3
14266,embutida,3,3
14269,emepa,3,3
14290,emilie,3,3
14296,eminent,3,3
14309,emmy,3,3
14310,emo,3,3
14318,emocionas,3,3
14327,empadronado,3,3
14329,empalagar,3,3
14348,empardar,3,3
14353,empastar,3,3
14359,empaticamente,3,3
14363,empecar,3,3
14370,empeine,3,3
14379,empequeneceir,3,3
14380,empequenecer,3,3
14381,empequenecido,3,3
14387,emperrar,3,3
14396,empiecir,3,3
14406,empirismo,3,3
14411,empleabilidad,3,3
14421,empobrece,3,3
14423,empobreceir,3,3
14430,empoderadas,3,3
14433,empoderante,3,3
14435,empodero,3,3
14436,empoli,3,3
14440,emprendar,3,3
14450,emprendo,3,3
14455,empresariales,3,3
14461,emprestito,3,3
14467,empujen,3,3
14471,empuna,3,3
14474,emputado,3,3
14482,enajenar,3,3
14483,enalteceir,3,3
14493,enamorir,3,3
14496,enap,3,3
14501,encabalgar,3,3
14505,encabezarar,3,3
14512,encajonar,3,3
14513,encallado,3,3
14528,encaprichar,3,3
14529,encapsulada,3,3
14533,encapuchar,3,3
14535,encarada,3,3
14544,encarecido,3,3
14552,encarir,3,3
14555,encarnadura,3,3
14557,encarne,3,3
14559,encarnizamiento,3,3
14564,encastrada,3,3
14567,encausado,3,3
14571,encauzo,3,3
14573,encegueceir,3,3
14581,encerado,3,3
14587,enchuf,3,3
14589,enchufan,3,3
14596,enciendar,3,3
14599,enclaustrada,3,3
14610,encomiable,3,3
14612,encomiendir,3,3
14615,encontra,3,3
14622,encontrarte,3,3
14625,encontro,3,3
14629,encorsetir,3,3
14630,encorvada,3,3
14632,encrespado,3,3
14637,encuadernada,3,3
14644,encuadro,3,3
14645,encuber,3,3
14664,encuestas,3,3
14665,encumbrada,3,3
14683,endiosamiento,3,3
14690,endometriosis,3,3
14691,endomingado,3,3
14694,endouterina,3,3
14704,enemigos,3,3
14708,ener,3,3
14710,energetica,3,3
14715,energiza,3,3
14726,enfardar,3,3
14736,enfermas,3,3
14743,enfermerxs,3,3
14767,enfurecer,3,3
14776,engancha,3,3
14779,enganchas,3,3
14781,engane,3,3
14786,engatusar,3,3
14802,engorrosa,3,3
14808,engrosamiento,3,3
14811,enguantada,3,3
14813,enhebra,3,3
14814,enhebrado,3,3
14835,enlodar,3,3
14852,enmudecer,3,3
14853,enmudecido,3,3
14865,enologia,3,3
14870,enough,3,3
14871,enquistada,3,3
14890,enrico,3,3
14903,enroque,3,3
14920,ensanado,3,3
14928,ensayada,3,3
14941,ensenarar,3,3
14942,ensenaste,3,3
14949,ensobrar,3,3
14966,entenado,3,3
14968,entendere,3,3
14975,entendiste,3,3
14978,entera,3,3
14984,enterate,3,3
14993,entibio,3,3
14996,entienda,3,3
14998,entiendar,3,3
15000,entierra,3,3
15007,entonz,3,3
15008,entornada,3,3
15040,entrecruzada,3,3
15060,entren,3,3
15070,entrer,3,3
15088,entreverar,3,3
15096,entrevistan,3,3
15098,entrevistarla,3,3
15102,entrevistir,3,3
15108,entrometido,3,3
15117,entubamiento,3,3
15118,entubar,3,3
15127,entusiasmir,3,3
15142,enuncio,3,3
15160,envian,3,3
15164,envidiado,3,3
15176,envuelta,3,3
15178,enyesado,3,3
15196,epidural,3,3
15203,epileptico,3,3
15211,episteme,3,3
15212,epistemica,3,3
15229,epyg,3,3
15240,equilibro,3,3
15247,equiparado,3,3
15262,equivoca,3,3
15267,equivocarnos,3,3
15282,erecta,3,3
15286,erguida,3,3
15318,erosivo,3,3
15342,eructar,3,3
15347,erving,3,3
15348,erwin,3,3
15361,escalacer,3,3
15405,escarbir,3,3
15409,escarlato,3,3
15413,escarpin,3,3
15426,escenica,3,3
15433,escenografo,3,3
15446,esclaviza,3,3
15448,esclavizada,3,3
15456,escobazo,3,3
15471,escolastico,3,3
15486,escondo,3,3
15488,escopetazo,3,3
15492,escot,3,3
15495,escotes,3,3
15496,escotilla,3,3
15500,escrachan,3,3
15504,escri,3,3
15509,escribar,3,3
15513,escriben,3,3
15516,escribirte,3,3
15519,escribo,3,3
15534,escrupulosamente,3,3
15535,escrupuloso,3,3
15541,escuadrones,3,3
15548,escuchame,3,3
15558,escuchastir,3,3
15561,escuches,3,3
15562,escuchir,3,3
15563,escucho,3,3
15564,escudado,3,3
15585,escurer,3,3
15605,esgrimista,3,3
15607,eskenazi,3,3
15620,esmeraldas,3,3
15632,espaciado,3,3
15636,espacialmente,3,3
15641,espadachin,3,3
15642,espadeo,3,3
15648,espanglish,3,3
15651,espanoles,3,3
15654,espantajo,3,3
15659,espanyol,3,3
15667,espe,3,3
15679,especifica,3,3
15687,especista,3,3
15703,especulativa,3,3
15708,espejada,3,3
15730,esperanzas,3,3
15732,esperarir,3,3
15745,espiado,3,3
15746,espiamos,3,3
15765,espiralizacion,3,3
15772,espiritualismo,3,3
15783,espontaneismo,3,3
15795,espuela,3,3
15797,espumant,3,3
15807,esquiar,3,3
15816,esquiver,3,3
15824,estabamos,3,3
15833,estableci,3,3
15836,establezco,3,3
15869,estalactita,3,3
15886,estampe,3,3
15920,estatalismo,3,3
15922,estatalmente,3,3
15930,estatuaria,3,3
15934,estatutaria,3,3
15944,estenssoro,3,3
15945,estentoreo,3,3
15957,esterilizado,3,3
15967,esteticista,3,3
15972,estetoscopio,3,3
15976,estibador,3,3
15998,estimativo,3,3
16028,estopa,3,3
16034,estrabico,3,3
16035,estrabismo,3,3
16051,estrategicos,3,3
16064,estrechisimo,3,3
16075,estremecedoro,3,3
16089,estresante,3,3
16095,estrictisima,3,3
16124,estudia,3,3
16135,estudiastir,3,3
16138,estudies,3,3
16159,estuvir,3,3
16162,estuvo,3,3
16164,esvastico,3,3
16168,etapismo,3,3
16205,etiope,3,3
16217,etnografa,3,3
16231,eufemistico,3,3
16252,europeista,3,3
16263,evadido,3,3
16266,evaluable,3,3
16268,evaluada,3,3
16303,eventos,3,3
16324,evitacion,3,3
16328,eviten,3,3
16332,evocada,3,3
16335,evocativo,3,3
16340,evolucionista,3,3
16345,exaccion,3,3
16351,exacta,3,3
16362,exalcalde,3,3
16366,exalumna,3,3
16369,examinada,3,3
16372,examiner,3,3
16373,examinir,3,3
16374,example,3,3
16381,excarcelable,3,3
16395,excelentemente,3,3
16397,excelsior,3,3
16405,excepcionalismo,3,3
16409,exceptuada,3,3
16433,excomulgar,3,3
16441,excursionista,3,3
16445,exdictador,3,3
16451,exembajador,3,3
16452,exempleado,3,3
16456,exesposa,3,3
16460,exhalacion,3,3
16470,exhibicionisto,3,3
16471,exhibida,3,3
16473,exhibidor,3,3
16495,eximia,3,3
16498,eximio,3,3
16505,existencialmente,3,3
16509,existiesar,3,3
16512,existiser,3,3
16518,exitosa,3,3
16536,exoplaneta,3,3
16541,exorcizado,3,3
16556,expatriacion,3,3
16558,expectacion,3,3
16571,experience,3,3
16578,experimentir,3,3
16580,expert,3,3
16589,expiar,3,3
16599,explicabl,3,3
16614,explicitas,3,3
16616,explicitud,3,3
16618,explique,3,3
16622,exploradora,3,3
16627,explosionar,3,3
16655,exposito,3,3
16665,expresidento,3,3
16667,expresionismo,3,3
16676,expropia,3,3
16689,expuse,3,3
16690,exquisitamente,3,3
16694,extasi,3,3
16701,extendida,3,3
16711,extenuar,3,3
16724,externamente,3,3
16725,externas,3,3
16734,extirpacion,3,3
16758,extralegal,3,3
16759,extralimitar,3,3
16769,extranisimo,3,3
16771,extranjeras,3,3
16783,extraparlamentario,3,3
16792,extraveir,3,3
16800,extremado,3,3
16801,extremadura,3,3
16866,facilismos,3,3
16867,facilista,3,3
16871,facilitadorar,3,3
16886,factory,3,3
16895,facultado,3,3
16903,faie,3,3
16917,falang,3,3
16921,falbo,3,3
16928,faldeo,3,3
16932,falible,3,3
16943,fallen,3,3
16987,famosisimo,3,3
16993,fanaticos,3,3
16995,fanatizado,3,3
17001,fanfarronear,3,3
17005,fanny,3,3
17009,fantasea,3,3
17043,faria,3,3
17059,farruko,3,3
17082,fasto,3,3
17083,fastuosa,3,3
17094,fatico,3,3
17100,fatigos,3,3
17143,fechaber,3,3
17174,feijoada,3,3
17192,felicito,3,3
17194,feligresia,3,3
17195,felin,3,3
17207,felpudo,3,3
17209,femeneidad,3,3
17213,femi,3,3
17222,femineidades,3,3
17223,femini,3,3
17229,feminist,3,3
17245,fenotipico,3,3
17260,fermentar,3,3
17263,fernadez,3,3
17272,ferozo,3,3
17276,ferraris,3,3
17278,ferraudi,3,3
17280,ferreamente,3,3
17285,ferreos,3,3
17289,ferretero,3,3
17302,fertilizante,3,3
17312,festegir,3,3
17315,festejan,3,3
17323,festivales,3,3
17332,fetichizado,3,3
17337,fever,3,3
17340,ffyl,3,3
17364,fichado,3,3
17390,fierrera,3,3
17412,figure,3,3
17421,fijas,3,3
17440,filete,3,3
17449,fill,3,3
17459,filmarar,3,3
17462,filmica,3,3
17469,filokirchnerista,3,3
17471,filologico,3,3
17488,filtrarar,3,3
17514,financio,3,3
17534,finlandesa,3,3
17541,fiordo,3,3
17558,firpo,3,3
17560,firulet,3,3
17568,fiscaliza,3,3
17571,fiscalizadora,3,3
17575,fisgon,3,3
17578,fisicalidad,3,3
17580,fisicas,3,3
17588,fisioterapeuta,3,3
17596,fitosanitario,3,3
17602,fix,3,3
17609,flagelar,3,3
17628,flaquisima,3,3
17629,flaquisimo,3,3
17636,flat,3,3
17642,fleabag,3,3
17650,fleming,3,3
17654,fletero,3,3
17669,flirtear,3,3
17676,floracion,3,3
17701,flotador,3,3
17720,fluor,3,3
17758,folclorica,3,3
17766,folklorista,3,3
17776,fomentir,3,3
17802,foos,3,3
17805,foquito,3,3
17814,forcejea,3,3
17825,forestacion,3,3
17837,form,3,3
17844,formales,3,3
17864,forms,3,3
17876,foros,3,3
17877,forrada,3,3
17879,forrar,3,3
17884,fortachon,3,3
17898,forza,3,3
17908,fosforescente,3,3
17920,fotogenia,3,3
17934,fotomontaje,3,3
17955,fracasa,3,3
17987,fragmentariamente,3,3
17992,fraguada,3,3
17995,fraire,3,3
17996,fram,3,3
18002,francaise,3,3
18013,franciscan,3,3
18014,franciscana,3,3
18017,franciso,3,3
18018,franck,3,3
18024,franela,3,3
18053,frazado,3,3
18058,frecuentan,3,3
18092,frenillo,3,3
18100,frepasista,3,3
18110,freudiana,3,3
18123,friend,3,3
18127,frigido,3,3
18128,frigobar,3,3
18141,fronda,3,3
18147,frontalmente,3,3
18156,fructuoso,3,3
18157,frugal,3,3
18212,fulana,3,3
18216,fulgencio,3,3
18223,fum,3,3
18227,fumadora,3,3
18228,fuman,3,3
18239,funado,3,3
18266,fundamentales,3,3
18271,fundamentan,3,3
18279,funde,3,3
18309,further,3,3
18311,fusa,3,3
18336,futebol,3,3
18341,futures,3,3
18351,gabardina,3,3
18354,gabino,3,3
18358,gabtunez,3,3
18361,gacela,3,3
18373,gage,3,3
18403,galilei,3,3
18409,gallega,3,3
18421,gallito,3,3
18427,galop,3,3
18437,galvano,3,3
18450,gamerro,3,3
18453,gamma,3,3
18457,ganada,3,3
18467,ganaramos,3,3
18477,ganfeng,3,3
18501,garantizacion,3,3
18503,garantizamos,3,3
18505,garantizarir,3,3
18510,garbarino,3,3
18517,garcilaso,3,3
18522,garfio,3,3
18530,garnica,3,3
18532,garoto,3,3
18539,garrapinada,3,3
18578,gastes,3,3
18579,gastir,3,3
18582,gastos,3,3
18583,gastre,3,3
18587,gastronomica,3,3
18653,gemidito,3,3
18656,gemir,3,3
18676,generalato,3,3
18686,generas,3,3
18721,genocidas,3,3
18725,genomica,3,3
18730,genta,3,3
18749,geofisico,3,3
18750,geografa,3,3
18752,geografias,3,3
18758,geoingenieria,3,3
18776,georgieva,3,3
18782,geranio,3,3
18787,gerenciadora,3,3
18792,gerenta,3,3
18794,gerhard,3,3
18795,geriatria,3,3
18807,gerontocracia,3,3
18810,ges,3,3
18817,gestalt,3,3
18822,gesticula,3,3
18837,getino,3,3
18842,ghersa,3,3
18846,giacchino,3,3
18848,giacomo,3,3
18849,gian,3,3
18854,giardinelli,3,3
18858,gibler,3,3
18867,gigantes,3,3
18870,gigantismo,3,3
18885,gili,3,3
18891,gilmore,3,3
18893,gime,3,3
18894,gimen,3,3
18895,gimena,3,3
18906,ginecologica,3,3
18916,ginza,3,3
18917,ginzburg,3,3
18924,giovani,3,3
18925,giovanna,3,3
18939,giroux,3,3
18942,gisele,3,3
18947,gitanos,3,3
18949,giulia,3,3
18953,giulio,3,3
18956,give,3,3
18958,glaciacion,3,3
18962,glaciologia,3,3
18994,globalization,3,3
18999,globito,3,3
19011,glosar,3,3
19023,gobernaba,3,3
19035,gobiernir,3,3
19044,godzilla,3,3
19049,goias,3,3
19059,goldsmith,3,3
19066,golfista,3,3
19074,golpazo,3,3
19096,gominar,3,3
19100,gonada,3,3
19106,gonna,3,3
19107,gonza,3,3
19127,gordodan,3,3
19135,gorgojo,3,3
19141,gorla,3,3
19142,gorleri,3,3
19148,gorriacer,3,3
19160,gotea,3,3
19171,governance,3,3
19172,government,3,3
19177,goza,3,3
19178,gozadora,3,3
19182,gozosa,3,3
19193,graben,3,3
19195,grabo,3,3
19225,grafiteado,3,3
19226,grafitear,3,3
19232,graiver,3,3
19237,grammophon,3,3
19262,grandulon,3,3
19281,grasiento,3,3
19295,gratuita,3,3
19306,gravita,3,3
19312,gravo,3,3
19316,greatest,3,3
19319,grecolatino,3,3
19332,gresca,3,3
19334,gretchen,3,3
19363,grises,3,3
19366,gritabar,3,3
19367,gritado,3,3
19371,griteria,3,3
19375,gritito,3,3
19379,gro,3,3
19384,groncho,3,3
19386,grondonista,3,3
19409,grulla,3,3
19423,gruyere,3,3
19429,guadana,3,3
19437,guanajuato,3,3
19438,guangdong,3,3
19456,guardarropa,3,3
19490,gucci,3,3
19493,gueir,3,3
19509,guerrita,3,3
19514,guglea,3,3
19521,guide,3,3
19529,guillem,3,3
19533,guillon,3,3
19541,guinness,3,3
19549,guiraldes,3,3
19555,guitarrero,3,3
19557,guitart,3,3
19577,gustos,3,3
19578,gustosamente,3,3
19588,gwyneth,3,3
19596,haberla,3,3
19601,haberma,3,3
19619,habilitant,3,3
19620,habilitante,3,3
19630,habitant,3,3
19635,habitats,3,3
19645,habl,3,3
19650,habladar,3,3
19653,hablan,3,3
19654,hablando,3,3
19655,hablandole,3,3
19660,hablarir,3,3
19672,habremos,3,3
19674,habria,3,3
19681,haceme,3,3
19684,hacersela,3,3
19685,hacerselo,3,3
19696,hacian,3,3
19703,haciendomar,3,3
19711,hackea,3,3
19730,hagman,3,3
19739,halac,3,3
19743,halagueno,3,3
19778,hand,3,3
19780,handke,3,3
19781,handle,3,3
19790,hansel,3,3
19796,haptica,3,3
19804,harbor,3,3
19820,harriet,3,3
19827,hartas,3,3
19846,hawaian,3,3
19861,hazar,3,3
19862,hazard,3,3
19870,heaven,3,3
19877,hebraica,3,3
19881,hechaber,3,3
19882,hechicero,3,3
19883,hechizado,3,3
19886,hechura,3,3
19951,henderson,3,3
19952,hendidura,3,3
19957,henrik,3,3
19963,hepburn,3,3
19969,herbalife,3,3
19977,heredamos,3,3
19993,hermafrodita,3,3
19994,hermafroditismo,3,3
20009,hermanx,3,3
20022,hermosamente,3,3
20041,herr,3,3
20043,herraj,3,3
20050,herrumbrado,3,3
20060,hete,3,3
20063,heteroclito,3,3
20065,heterodoxas,3,3
20070,heteronomia,3,3
20081,heuristico,3,3
20082,hewlett,3,3
20084,hexagono,3,3
20090,hialuronico,3,3
20098,hice,3,3
20099,hicieramos,3,3
20122,hidrologia,3,3
20130,hiervar,3,3
20141,higienizacion,3,3
20166,hilb,3,3
20177,hilvana,3,3
20192,hinchismo,3,3
20202,hiperbol,3,3
20204,hiperbolica,3,3
20206,hipercomunicacion,3,3
20214,hiperkinetico,3,3
20216,hiperpresencia,3,3
20217,hiperpresidencialismo,3,3
20221,hipersexual,3,3
20225,hipertenso,3,3
20228,hipervinculo,3,3
20229,hiphopero,3,3
20234,hipo,3,3
20235,hipocondriaco,3,3
20244,hipostasiado,3,3
20252,hipoteticamente,3,3
20256,hippi,3,3
20276,hispanista,3,3
20278,hispanoamerica,3,3
20279,hispanoamericano,3,3
20288,histoire,3,3
20298,historicos,3,3
20312,hitleriana,3,3
20335,hogwarts,3,3
20338,hojaldrado,3,3
20343,hojeo,3,3
20356,holgazaneria,3,3
20365,hollywoodens,3,3
20373,hombrear,3,3
20388,homeopata,3,3
20389,homerico,3,3
20395,hominido,3,3
20396,homme,3,3
20406,homogeneizadoro,3,3
20411,homologabl,3,3
20415,homologia,3,3
20423,hondamente,3,3
20430,honestismo,3,3
20431,honestista,3,3
20437,honorabilidad,3,3
20442,honorio,3,3
20444,honorum,3,3
20446,honradez,3,3
20457,hopenhayn,3,3
20468,horita,3,3
20475,horma,3,3
20481,hormiguita,3,3
20487,hornby,3,3
20488,horneado,3,3
20518,host,3,3
20533,hotesur,3,3
20557,huaso,3,3
20571,hueca,3,3
20577,huellas,3,3
20605,huidiza,3,3
20606,huidizo,3,3
20619,humanae,3,3
20632,humanoide,3,3
20641,humeda,3,3
20645,humedeceir,3,3
20646,humedecer,3,3
20659,humito,3,3
20681,hurtadilla,3,3
20687,hustvedt,3,3
20725,icfj,3,3
20740,idealice,3,3
20766,ideologa,3,3
20777,idi,3,3
20787,idl,3,3
20823,iguales,3,3
20824,igualitariamente,3,3
20839,ilegalismo,3,3
20858,illuminati,3,3
20863,iluminabar,3,3
20877,ilusoriamente,3,3
20895,imaginabar,3,3
20902,imaginariar,3,3
20904,imaginarios,3,3
20910,imagine,3,3
20919,imantado,3,3
20924,imberbes,3,3
20925,imberbser,3,3
20932,img,3,3
20941,impacient,3,3
20959,impartar,3,3
20964,impavida,3,3
20984,imperdible,3,3
20995,imperir,3,3
20996,impermanencia,3,3
21005,impetuoso,3,3
21006,impiados,3,3
21007,impiadosa,3,3
21022,implemento,3,3
21034,implosionada,3,3
21038,impo,3,3
21039,impoluta,3,3
21042,imponderable,3,3
21043,imponencia,3,3
21050,impopularidad,3,3
21057,important,3,3
21061,importarl,3,3
21089,impregnada,3,3
21098,imprescriptibl,3,3
21100,impresentabl,3,3
21139,impudicamente,3,3
21150,impulsivamente,3,3
21151,impulsividad,3,3
21162,impuntualidad,3,3
21167,imputable,3,3
21178,inactivado,3,3
21205,inanidad,3,3
21208,inaplicable,3,3
21211,inasibl,3,3
21216,inaudita,3,3
21243,incendiaria,3,3
21272,incitado,3,3
21284,inclinir,3,3
21286,inclui,3,3
21287,incluida,3,3
21304,incoloro,3,3
21309,incomodas,3,3
21348,inconmensurabilidad,3,3
21351,inconmovibl,3,3
21377,incorporeidad,3,3
21394,increpado,3,3
21401,incuba,3,3
21406,incubo,3,3
21410,inculca,3,3
21423,incur,3,3
21456,indelebl,3,3
21458,indelegabl,3,3
21465,indemostrable,3,3
21466,independence,3,3
21469,independente,3,3
21475,independizado,3,3
21483,indetectabl,3,3
21490,indexar,3,3
21493,indiado,3,3
21497,indianista,3,3
21503,indicando,3,3
21522,indigna,3,3
21524,indignada,3,3
21530,indignir,3,3
21539,indisciplinado,3,3
21541,indiscriminadamente,3,3
21547,indisimulado,3,3
21564,individualizant,3,3
21570,individuos,3,3
21580,indoloro,3,3
21599,indumentario,3,3
21606,industrializadoro,3,3
21610,industrio,3,3
21619,inefectividad,3,3
21620,inefectivo,3,3
21657,inexcusable,3,3
21671,inextricablemente,3,3
21690,infartante,3,3
21693,infausto,3,3
21698,infectada,3,3
21702,infections,3,3
21742,inflafloy,3,3
21748,inflation,3,3
21749,inflexibilidad,3,3
21752,infligeir,3,3
21755,influenceir,3,3
21759,influenciabl,3,3
21761,influenciador,3,3
21788,information,3,3
21796,informo,3,3
21813,infumable,3,3
21819,ing,3,3
21821,ingenia,3,3
21829,ingenierxs,3,3
21835,ingenua,3,3
21850,ingrata,3,3
21852,ingravidez,3,3
21857,ingresantes,3,3
21858,ingresantser,3,3
21867,inhabilidad,3,3
21871,inhabitabl,3,3
21885,ini,3,3
21901,inimaginado,3,3
21911,injurioso,3,3
21916,injustificada,3,3
21926,inmanent,3,3
21943,inmersiva,3,3
21977,inmunitario,3,3
21987,innata,3,3
21995,innombrable,3,3
22019,inoperante,3,3
22040,inquisidora,3,3
22047,insalubridad,3,3
22049,insania,3,3
22050,insano,3,3
22056,insausti,3,3
22058,inscribi,3,3
22065,insecticidas,3,3
22076,insepulto,3,3
22090,insignio,3,3
22104,insobornable,3,3
22119,insostenibilidad,3,3
22132,instagramer,3,3
22134,instala,3,3
22136,instaladisir,3,3
22138,instalador,3,3
22157,instigado,3,3
22194,instrumentalidad,3,3
22206,insufla,3,3
22255,intel,3,3
22267,inteligir,3,3
22281,intencionar,3,3
22287,intensa,3,3
22292,intensificada,3,3
22295,intension,3,3
22300,intensivos,3,3
22302,intenta,3,3
22306,intentarir,3,3
22307,intente,3,3
22309,intenter,3,3
22321,interbarrial,3,3
22325,intercamb,3,3
22330,intercambie,3,3
22331,intercambiir,3,3
22335,intercedeir,3,3
22337,intercedir,3,3
22341,interceptada,3,3
22344,intercepto,3,3
22346,interclaustro,3,3
22357,interdisciplinar,3,3
22360,interdisciplinarios,3,3
22364,interesantisima,3,3
22367,interesarar,3,3
22369,intereser,3,3
22370,intereses,3,3
22372,interest,3,3
22374,interetnica,3,3
22379,interfierar,3,3
22384,interinato,3,3
22393,interiormente,3,3
22396,interlineado,3,3
22403,intermediado,3,3
22407,intermediarios,3,3
22438,interpela,3,3
22444,interpelarlo,3,3
22445,interpelarno,3,3
22447,interpelo,3,3
22474,interrogativo,3,3
22476,interrogo,3,3
22484,interrumpo,3,3
22491,intersectir,3,3
22517,interviniente,3,3
22533,intimido,3,3
22548,intrahospitalario,3,3
22555,intransferibl,3,3
22560,intraocular,3,3
22574,intrigas,3,3
22588,introyectar,3,3
22590,intrusivo,3,3
22593,intubacion,3,3
22609,inundir,3,3
22620,invado,3,3
22630,invariant,3,3
22631,invariante,3,3
22648,invernaculo,3,3
22652,inverosimilitud,3,3
22661,inverti,3,3
22662,invertida,3,3
22664,invertimos,3,3
22675,investigadorx,3,3
22677,investigan,3,3
22682,investment,3,3
22688,inviolabilidad,3,3
22697,invitad,3,3
22701,invitandonos,3,3
22726,ion,3,3
22728,iot,3,3
22729,iowa,3,3
22744,ipso,3,3
22748,iracunda,3,3
22751,irala,3,3
22752,iram,3,3
22761,iribarne,3,3
22764,iriondo,3,3
22773,irno,3,3
22784,irracionalmente,3,3
22792,irrebatibl,3,3
22801,irreflexivamente,3,3
22807,irregularmente,3,3
22812,irremontabl,3,3
22822,irreprochabl,3,3
22823,irreprochable,3,3
22826,irresolubl,3,3
22828,irresolucion,3,3
22841,irreversibilidad,3,3
22845,irrigacion,3,3
22850,irritabl,3,3
22851,irritable,3,3
22860,irrumpen,3,3
22874,isi,3,3
22900,israelitas,3,3
22904,itai,3,3
22914,iteracion,3,3
22930,ivo,3,3
22941,jab,3,3
22956,jacquefernandez,3,3
22960,jactancioso,3,3
22963,jadeante,3,3
22969,jai,3,3
22987,jamandreu,3,3
22993,jamil,3,3
23003,janssen,3,3
23026,jaroslavsky,3,3
23067,jelinek,3,3
23068,jengibre,3,3
23074,jep,3,3
23075,jequ,3,3
23088,jerico,3,3
23109,jeton,3,3
23125,jitrik,3,3
23131,joana,3,3
23138,jockeys,3,3
23143,jodas,3,3
23153,joggings,3,3
23156,johanna,3,3
23182,jordy,3,3
23207,jovencisima,3,3
23218,jozami,3,3
23222,juanchi,3,3
23223,juanes,3,3
23228,juano,3,3
23230,jubila,3,3
23239,jubile,3,3
23240,jubileo,3,3
23243,juca,3,3
23266,juerte,3,3
23275,jugarar,3,3
23277,juglar,3,3
23285,juguetona,3,3
23286,juguito,3,3
23288,juicios,3,3
23302,julien,3,3
23306,jullien,3,3
23314,jungle,3,3
23320,junot,3,3
23331,juntito,3,3
23355,jury,3,3
23356,jus,3,3
23366,justicialistas,3,3
23401,kaminetzky,3,3
23410,kar,3,3
23422,karin,3,3
23447,kayaks,3,3
23449,keanu,3,3
23452,keen,3,3
23470,kermesse,3,3
23478,kevlar,3,3
23490,kichner,3,3
23491,kichnerismo,3,3
23498,kier,3,3
23506,killing,3,3
23511,kilometros,3,3
23512,kilos,3,3
23516,kimono,3,3
23518,kinder,3,3
23525,kings,3,3
23528,kiosquera,3,3
23530,kiosquito,3,3
23532,kircher,3,3
23536,kirchnerismos,3,3
23539,kiss,3,3
23555,koalas,3,3
23572,kopyto,3,3
23574,kornblihtt,3,3
23576,kosher,3,3
23592,kristen,3,3
23594,kristin,3,3
23596,kropotkin,3,3
23625,kyoto,3,3
23631,labia,3,3
23651,labrada,3,3
23656,laburador,3,3
23660,labure,3,3
23675,laclausiano,3,3
23681,lacrado,3,3
23686,lactal,3,3
23697,lados,3,3
23701,ladrilleros,3,3
23702,ladrillito,3,3
23713,lagaceta,3,3
23714,lagana,3,3
23724,laguito,3,3
23736,lakers,3,3
23747,lame,3,3
23784,languida,3,3
23785,languidamente,3,3
23799,lanzallama,3,3
23806,lapa,3,3
23810,lapicero,3,3
23814,lapidar,3,3
23828,largado,3,3
23831,largas,3,3
23834,largoplacista,3,3
23836,larguirucho,3,3
23851,larroquy,3,3
23854,larval,3,3
23855,lasa,3,3
23857,lasciva,3,3
23891,latine,3,3
23898,latinoamericanizacion,3,3
23903,latinxs,3,3
23919,laurence,3,3
23931,lavallol,3,3
23934,lavanderas,3,3
23937,lavandinar,3,3
23945,lavin,3,3
23961,lazzaro,3,3
23982,leblon,3,3
23995,lectoescritura,3,3
24011,leere,3,3
24020,legalismo,3,3
24030,legi,3,3
24041,legislo,3,3
24048,legitimadora,3,3
24077,lejanisimo,3,3
24083,leliqs,3,3
24089,lemon,3,3
24095,lenguado,3,3
24098,lenguas,3,3
24101,leningrado,3,3
24104,leninisto,3,3
24108,lenta,3,3
24123,leonera,3,3
24126,leonina,3,3
24145,lesbofeminismo,3,3
24147,lesbofobico,3,3
24160,leteo,3,3
24175,levadura,3,3
24179,levantador,3,3
24183,levantatar,3,3
24185,levanten,3,3
24187,levanton,3,3
24195,levine,3,3
24202,lewkowicz,3,3
24237,liberadora,3,3
24270,libidinoso,3,3
24294,liceaga,3,3
24310,licuando,3,3
24340,ligia,3,3
24342,lijar,3,3
24366,limit,3,3
24378,limo,3,3
24385,limpiado,3,3
24404,linconao,3,3
24420,lineamientos,3,3
24423,lineup,3,3
24431,linkear,3,3
24445,liquid,3,3
24461,lisette,3,3
24479,literariamente,3,3
24486,litigante,3,3
24498,liturgico,3,3
24521,llamabar,3,3
24523,llamados,3,3
24544,llames,3,3
24552,llanquileo,3,3
24563,llegan,3,3
24567,llegariar,3,3
24582,llerena,3,3
24590,llevamir,3,3
24591,llevandola,3,3
24601,lleven,3,3
24603,lleves,3,3
24610,llorada,3,3
24615,llorente,3,3
24616,lloret,3,3
24625,llovido,3,3
24626,llovio,3,3
24628,lloviznaba,3,3
24631,llueva,3,3
24637,lmr,3,3
24643,lobbista,3,3
24648,lobito,3,3
24659,localizable,3,3
24666,locion,3,3
24678,locus,3,3
24701,lograrar,3,3
24708,loic,3,3
24710,lol,3,3
24720,lombrosiano,3,3
24725,lonardi,3,3
24791,louvre,3,3
24794,lovera,3,3
24810,lubitsch,3,3
24812,lubricado,3,3
24815,lubrico,3,3
24823,luchado,3,3
24829,luchino,3,3
24837,lucida,3,3
24868,lui,3,3
24882,lujurios,3,3
24894,lumbrera,3,3
24905,luneta,3,3
24907,lunik,3,3
24909,lupanar,3,3
24911,lupo,3,3
24915,luquitas,3,3
24926,luthier,3,3
24943,lyons,3,3
24945,maastricht,3,3
24953,macan,3,3
24959,macba,3,3
24961,macchi,3,3
24962,maccio,3,3
24965,macedonia,3,3
24967,macer,3,3
24970,maceton,3,3
24979,machin,3,3
24980,machina,3,3
24992,machuca,3,3
25016,madeleine,3,3
25022,madness,3,3
25023,mado,3,3
25030,madrigal,3,3
25036,madrugador,3,3
25077,magisterial,3,3
25094,magnetizado,3,3
25106,magnum,3,3
25118,mahuad,3,3
25148,maju,3,3
25157,malabia,3,3
25161,malambo,3,3
25179,maldice,3,3
25186,maleabl,3,3
25190,maledicencia,3,3
25192,malefica,3,3
25205,malhechor,3,3
25225,mallimaci,3,3
25227,mallita,3,3
25240,maltrata,3,3
25256,malvinense,3,3
25267,mame,3,3
25269,mames,3,3
25274,mamito,3,3
25278,mamografias,3,3
25304,mancillado,3,3
25308,mancomunado,3,3
25324,mandatado,3,3
25338,mane,3,3
25339,manejabl,3,3
25341,manejada,3,3
25346,manejer,3,3
25356,manguear,3,3
25358,manguerear,3,3
25359,manguito,3,3
25373,manifestant,3,3
25375,manifestantes,3,3
25389,manipuladora,3,3
25396,manita,3,3
25401,mannarino,3,3
25412,manoteo,3,3
25414,mansa,3,3
25430,mantengamos,3,3
25431,mantengan,3,3
25455,manufacturas,3,3
25457,manuscrita,3,3
25459,manuscritos,3,3
25473,mapea,3,3
25478,mapping,3,3
25504,maquinica,3,3
25519,maradoniana,3,3
25525,marasmo,3,3
25552,marchand,3,3
25553,marchant,3,3
25577,mareada,3,3
25581,marejada,3,3
25582,maremagnum,3,3
25584,marentes,3,3
25587,mares,3,3
25603,marginalmente,3,3
25605,margo,3,3
25606,marguerite,3,3
25613,marianar,3,3
25633,marietta,3,3
25637,marilina,3,3
25639,marimacha,3,3
25642,marinar,3,3
25671,marjorie,3,3
25674,marketinera,3,3
25678,markets,3,3
25692,marquevich,3,3
25694,marquita,3,3
25703,marroquineria,3,3
25708,marsupial,3,3
25719,martilleo,3,3
25730,martires,3,3
25732,martirologio,3,3
25744,marziotta,3,3
25746,marzolini,3,3
25748,masacr,3,3
25752,masacres,3,3
25763,mascarita,3,3
25772,masculinizada,3,3
25778,masetto,3,3
25783,masia,3,3
25795,masoneria,3,3
25813,mastercard,3,3
25814,masterclass,3,3
25816,mastica,3,3
25826,masturbir,3,3
25827,masturr,3,3
25831,matado,3,3
25846,matear,3,3
25903,matser,3,3
25919,maullido,3,3
25921,maurette,3,3
25932,maxilar,3,3
25938,maximizado,3,3
25962,mazapan,3,3
25968,mazzei,3,3
25969,mazzeo,3,3
25970,mazziotti,3,3
25985,mckinsey,3,3
25999,mecanicismo,3,3
26010,mecedoro,3,3
26015,mecer,3,3
26017,mechar,3,3
26022,medallas,3,3
26034,medial,3,3
26045,mediateca,3,3
26052,mediatizar,3,3
26060,medicaid,3,3
26106,medvedev,3,3
26113,megaelecciones,3,3
26118,megalomano,3,3
26124,megatlon,3,3
26128,mein,3,3
26137,mejorarir,3,3
26138,mejores,3,3
26140,mejunje,3,3
26173,melomano,3,3
26179,mely,3,3
26188,memetico,3,3
26201,mempo,3,3
26207,mencionabar,3,3
26216,mendiguren,3,3
26228,menen,3,3
26236,menguada,3,3
26238,menguante,3,3
26242,meno,3,3
26243,menonita,3,3
26248,menoscabado,3,3
26281,mentidero,3,3
26284,mentirar,3,3
26289,mento,3,3
26293,mentoria,3,3
26298,meo,3,3
26327,mercenaria,3,3
26332,merck,3,3
26337,merecedora,3,3
26338,merecemo,3,3
26345,merello,3,3
26352,meridian,3,3
26353,meridiano,3,3
26361,meritocrato,3,3
26363,meritos,3,3
26369,merluza,3,3
26376,merodeo,3,3
26377,mers,3,3
26378,meryl,3,3
26402,mestizas,3,3
26407,mesurar,3,3
26411,metaanalisis,3,3
26415,metadato,3,3
26416,metadiscursivo,3,3
26420,metaforas,3,3
26436,metamorfosear,3,3
26455,metiar,3,3
26461,metier,3,3
26503,mezclilla,3,3
26511,mezzo,3,3
26514,miasma,3,3
26524,michelin,3,3
26527,michelson,3,3
26536,microbiologia,3,3
26552,microhistoria,3,3
26559,micropoliticas,3,3
26561,microrelato,3,3
26571,middle,3,3
26579,miembros,3,3
26591,migliore,3,3
26596,migran,3,3
26603,migratorios,3,3
26611,mihanovich,3,3
26619,milagrosa,3,3
26625,milanesas,3,3
26658,military,3,3
26673,millonaria,3,3
26688,mimeografiada,3,3
26708,minelli,3,3
26732,minimos,3,3
26735,minishort,3,3
26740,ministras,3,3
26743,ministrxs,3,3
26762,minutero,3,3
26773,miracomonosponemos,3,3
26788,mirando,3,3
26810,misael,3,3
26813,misera,3,3
26824,misiles,3,3
26826,misionar,3,3
26863,mitch,3,3
26868,mitificado,3,3
26875,mitologias,3,3
26900,mocase,3,3
26906,mochilo,3,3
26911,mocoso,3,3
26912,mocovi,3,3
26920,modela,3,3
26949,modernizadoro,3,3
26957,modestisimo,3,3
26964,modin,3,3
26967,modisto,3,3
26972,modulares,3,3
27011,molecularmente,3,3
27023,moline,3,3
27038,momentito,3,3
27039,momentos,3,3
27047,monada,3,3
27048,monaguillo,3,3
27053,monckeberg,3,3
27055,mondadori,3,3
27057,mondelez,3,3
27063,moneria,3,3
27081,monitoreado,3,3
27089,monjita,3,3
27094,monocausal,3,3
27102,monolinguismo,3,3
27106,monologico,3,3
27114,monopoliza,3,3
27121,monotematico,3,3
27137,monstruosa,3,3
27153,montanez,3,3
27154,montanista,3,3
27194,moody,3,3
27195,moog,3,3
27200,moquear,3,3
27215,moralizado,3,3
27268,morley,3,3
27273,morochito,3,3
27275,morochon,3,3
27287,morrudo,3,3
27296,morti,3,3
27299,mortificar,3,3
27327,mostrarte,3,3
27332,mostro,3,3
27333,mot,3,3
27336,moteado,3,3
27349,motochorros,3,3
27352,motoquera,3,3
27365,motta,3,3
27366,motu,3,3
27370,mountains,3,3
27384,moviendo,3,3
27386,movies,3,3
27390,movilice,3,3
27416,msn,3,3
27435,muchedumbres,3,3
27441,muchnik,3,3
27445,muda,3,3
27467,muertes,3,3
27475,muestre,3,3
27476,muestren,3,3
27480,mufa,3,3
27500,mulita,3,3
27508,multicanal,3,3
27510,multicausalidad,3,3
27517,multidimensionalidad,3,3
27519,multiespecie,3,3
27523,multifuncional,3,3
27525,multilateralidad,3,3
27535,multipartidismo,3,3
27536,multipartidista,3,3
27539,multiples,3,3
27544,multiplicadora,3,3
27554,multitienda,3,3
27557,multitudinaria,3,3
27560,multivoco,3,3
27589,municipalista,3,3
27593,munida,3,3
27606,murgas,3,3
27615,murzi,3,3
27624,museistico,3,3
27633,musicaliza,3,3
27634,musicalizacion,3,3
27635,musicalizada,3,3
27648,musulmanes,3,3
27651,mutacer,3,3
27653,mutado,3,3
27658,mutati,3,3
27659,mutatis,3,3
27673,muuu,3,3
27685,nacidos,3,3
27706,nadella,3,3
27708,nadine,3,3
27724,nairobi,3,3
27728,nakba,3,3
27749,napoleonico,3,3
27760,naranjas,3,3
27770,narcopolicia,3,3
27776,nardi,3,3
27778,narendra,3,3
27779,narguile,3,3
27784,narnia,3,3
27800,narro,3,3
27801,narrow,3,3
27826,nativas,3,3
27843,naturalizir,3,3
27853,nauseam,3,3
27860,navarra,3,3
27896,necesarias,3,3
27898,necesidades,3,3
27899,necesitabas,3,3
27911,necrofilia,3,3
27917,nectar,3,3
27936,negligent,3,3
27947,negr,3,3
27951,negrero,3,3
27953,negrisimos,3,3
27966,nel,3,3
27973,nemina,3,3
27989,neoextractivismo,3,3
27992,neofito,3,3
27999,neonatal,3,3
28006,neopopulismo,3,3
28008,neoyorkin,3,3
28012,neozelandes,3,3
28016,ner,3,3
28034,nestornauta,3,3
28042,netto,3,3
28044,networking,3,3
28057,neurociencias,3,3
28072,neurotica,3,3
28089,nevo,3,3
28105,nfts,3,3
28112,nicaraguens,3,3
28114,nice,3,3
28119,nickelodeon,3,3
28133,nieir,3,3
28137,niente,3,3
28141,nietxs,3,3
28143,nietzschean,3,3
28145,nieva,3,3
28154,nights,3,3
28163,nim,3,3
28164,nimia,3,3
28170,ninci,3,3
28182,ningunx,3,3
28191,ninxs,3,3
28215,nizacion,3,3
28244,noelle,3,3
28251,noir,3,3
28268,nombras,3,3
28270,nombrer,3,3
28271,nombres,3,3
28273,nome,3,3
28289,noquear,3,3
28290,noqueo,3,3
28293,norah,3,3
28303,noriega,3,3
28308,normales,3,3
28312,normalizada,3,3
28316,normalizante,3,3
28321,normando,3,3
28326,normies,3,3
28352,nostro,3,3
28362,noten,3,3
28365,notes,3,3
28377,notificado,3,3
28391,novak,3,3
28394,novarum,3,3
28403,novelas,3,3
28419,novicio,3,3
28438,nubes,3,3
28444,nucleamiento,3,3
28450,nucleoelectrica,3,3
28464,nuevxs,3,3
28468,nuke,3,3
28478,numeral,3,3
28484,numeros,3,3
28494,nutella,3,3
28503,nutritiva,3,3
28516,obedeci,3,3
28532,objetado,3,3
28535,objetivado,3,3
28539,objetivismo,3,3
28545,objetores,3,3
28547,oblea,3,3
28549,oblicuamente,3,3
28555,obligandolo,3,3
28557,obligarar,3,3
28559,obligatoria,3,3
28564,obligue,3,3
28565,obnubila,3,3
28577,obrigado,3,3
28579,obscena,3,3
28583,obsequiado,3,3
28594,observant,3,3
28624,obstruccionista,3,3
28627,obten,3,3
28631,obtengo,3,3
28634,obturacion,3,3
28637,obturan,3,3
28639,obturir,3,3
28640,obtusa,3,3
28644,obvias,3,3
28682,ochos,3,3
28686,ocluir,3,3
28728,odiante,3,3
28730,odias,3,3
28732,odiir,3,3
28741,odontologico,3,3
28744,oede,3,3
28746,oenegero,3,3
28757,ofensor,3,3
28758,oferent,3,3
28760,ofertado,3,3
28764,official,3,3
28766,offset,3,3
28784,oficioso,3,3
28796,ofuscar,3,3
28802,oiga,3,3
28803,oigar,3,3
28808,oiste,3,3
28828,olaf,3,3
28836,oleg,3,3
28850,oligopolico,3,3
28856,olimpicamente,3,3
28862,olisquear,3,3
28864,olivares,3,3
28884,olvida,3,3
28885,olvidabl,3,3
28889,olvidarer,3,3
28890,olvidas,3,3
28899,olvir,3,3
28907,ominami,3,3
28913,omiti,3,3
28914,omitida,3,3
28951,onlinir,3,3
28958,ontologica,3,3
28962,oooh,3,3
28963,opa,3,3
28964,opacada,3,3
28983,operaria,3,3
28994,opero,3,3
28997,opinabl,3,3
29016,oposicional,3,3
29025,opresora,3,3
29049,opulenta,3,3
29050,opulento,3,3
29059,orales,3,3
29061,oralmente,3,3
29073,orbital,3,3
29076,ordaz,3,3
29087,ordene,3,3
29092,ore,3,3
29098,orejo,3,3
29113,organice,3,3
29123,organizada,3,3
29150,orientalista,3,3
29166,origins,3,3
29172,orino,3,3
29175,oriunda,3,3
29177,orixa,3,3
29188,oropel,3,3
29192,orquestacion,3,3
29217,ortopedica,3,3
29231,osasuna,3,3
29238,oscura,3,3
29246,oscuros,3,3
29249,osea,3,3
29254,osias,3,3
29256,oskar,3,3
29261,osobuco,3,3
29266,ostensibl,3,3
29279,oszlak,3,3
29293,otorguir,3,3
29303,ott,3,3
29312,outro,3,3
29313,outs,3,3
29316,outsourcing,3,3
29318,ovaciona,3,3
29324,ovarias,3,3
29331,overcast,3,3
29333,oversize,3,3
29347,oxidacion,3,3
29351,oxigena,3,3
29361,ozono,3,3
29366,pacata,3,3
29384,pacifica,3,3
29393,pacini,3,3
29397,packard,3,3
29399,pacotilla,3,3
29402,pactista,3,3
29411,padecimos,3,3
29413,padezcar,3,3
29425,paella,3,3
29433,pagame,3,3
29437,paganismo,3,3
29441,pagarte,3,3
29446,paginas,3,3
29450,pagu,3,3
29451,paguar,3,3
29455,paido,3,3
29462,paisajismo,3,3
29464,paisajistico,3,3
29465,paisan,3,3
29477,pakis,3,3
29480,pal,3,3
29482,palaba,3,3
29484,palabrerio,3,3
29485,palabrota,3,3
29486,palacete,3,3
29505,paleolitica,3,3
29508,palermitana,3,3
29515,paley,3,3
29519,palidecir,3,3
29527,palm,3,3
29533,palmas,3,3
29536,palmeiras,3,3
29537,palmeiro,3,3
29557,paltrow,3,3
29560,palurdo,3,3
29582,panamericanos,3,3
29603,pandoro,3,3
29604,pane,3,3
29611,panfletaria,3,3
29612,panfletario,3,3
29627,pansexual,3,3
29628,pantagruelica,3,3
29635,pantanos,3,3
29638,pantelides,3,3
29651,panzada,3,3
29663,papaleo,3,3
29667,papayas,3,3
29678,papila,3,3
29685,paquetito,3,3
29686,paquistani,3,3
29689,parabolica,3,3
29722,paraguita,3,3
29723,paraiba,3,3
29750,paranormal,3,3
29760,parasitaria,3,3
29765,parati,3,3
29779,parecia,3,3
29795,parentela,3,3
29799,pareo,3,3
29812,parietal,3,3
29858,parral,3,3
29870,parroquiana,3,3
29871,pars,3,3
29874,parsons,3,3
29882,partero,3,3
29883,partes,3,3
29884,partha,3,3
29888,participabar,3,3
29897,participativos,3,3
29911,partidarias,3,3
29914,partidismo,3,3
29918,partidizar,3,3
29928,partnership,3,3
29936,pasabar,3,3
29937,pasabas,3,3
29942,pasador,3,3
29949,pasando,3,3
29955,pasarella,3,3
29961,pascale,3,3
29972,pasee,3,3
29975,paseos,3,3
29976,paser,3,3
29977,pashmina,3,3
29992,pasmosa,3,3
30009,pastelero,3,3
30018,pastillita,3,3
30025,pastoril,3,3
30028,pastos,3,3
30029,pastoso,3,3
30050,patentado,3,3
30051,patentamiento,3,3
30055,paterna,3,3
30059,paternar,3,3
30064,pathos,3,3
30069,patinaje,3,3
30081,patologizant,3,3
30087,patoteada,3,3
30088,patotear,3,3
30098,patriarcalmente,3,3
30107,patrimonios,3,3
30109,patriot,3,3
30114,patrioticas,3,3
30130,patrullaj,3,3
30135,pattern,3,3
30138,patys,3,3
30156,pausadamente,3,3
30169,pavimentada,3,3
30182,payas,3,3
30196,pdc,3,3
30205,peak,3,3
30227,peculiarmente,3,3
30236,pedalada,3,3
30241,pedanteria,3,3
30256,pedigri,3,3
30257,pedile,3,3
30259,pedirles,3,3
30283,pegajosa,3,3
30288,pegarte,3,3
30292,pegoteado,3,3
30296,pehuen,3,3
30316,peleada,3,3
30319,peleamos,3,3
30324,pelerin,3,3
30329,peliculas,3,3
30330,peliculo,3,3
30344,pellizcar,3,3
30347,pelos,3,3
30369,pelvico,3,3
30374,penado,3,3
30392,pendejada,3,3
30397,pendon,3,3
30435,pensarme,3,3
30436,pensarnos,3,3
30449,pentacampeon,3,3
30455,pentium,3,3
30512,perderte,3,3
30522,perdiser,3,3
30531,perdoneme,3,3
30532,perdonen,3,3
30533,perdonenme,3,3
30550,perelman,3,3
30565,perfeccionista,3,3
30567,perfectibl,3,3
30568,perfectible,3,3
30606,periferica,3,3
30608,perifericos,3,3
30611,perignon,3,3
30624,periodisticamente,3,3
30625,periodisticas,3,3
30639,periurbana,3,3
30645,perlado,3,3
30650,permaneci,3,3
30662,permita,3,3
30667,permitis,3,3
30694,perpetuamente,3,3
30708,perrone,3,3
30719,perseverant,3,3
30722,persia,3,3
30727,persigo,3,3
30728,persigue,3,3
30754,perspectivas,3,3
30763,perteneci,3,3
30774,pertrechar,3,3
30776,perturba,3,3
30778,perturbada,3,3
30796,perviertar,3,3
30797,perviveir,3,3
30819,pesen,3,3
30822,pesima,3,3
30861,petrodolar,3,3
30866,petroleros,3,3
30876,petulante,3,3
30886,pfl,3,3
30894,phillip,3,3
30914,piar,3,3
30927,pibos,3,3
30928,pibx,3,3
30939,picaflor,3,3
30943,picantear,3,3
30949,picaresco,3,3
30954,pichai,3,3
30958,pichicho,3,3
30964,pickering,3,3
30972,pidamos,3,3
30973,pidan,3,3
30979,piecito,3,3
31000,pierini,3,3
31010,pifiar,3,3
31013,pigmalion,3,3
31015,pigmeo,3,3
31017,pignanelli,3,3
31024,pilaga,3,3
31038,pilleria,3,3
31045,pilotin,3,3
31051,pimentel,3,3
31070,pincho,3,3
31071,pine,3,3
31072,pineau,3,3
31094,pinotea,3,3
31105,pintita,3,3
31110,pintoresca,3,3
31115,pinzado,3,3
31128,pipeta,3,3
31136,pir,3,3
31144,pirate,3,3
31145,pirateo,3,3
31157,piruetas,3,3
31165,pisas,3,3
31172,pisoteado,3,3
31205,pizano,3,3
31234,plagiar,3,3
31242,planchada,3,3
31246,plancho,3,3
31261,planidera,3,3
31262,planifica,3,3
31268,planisferio,3,3
31274,plantas,3,3
31275,plante,3,3
31280,planteastar,3,3
31290,plasmacion,3,3
31294,plasme,3,3
31301,plasticos,3,3
31308,platanito,3,3
31327,platos,3,3
31340,playmobil,3,3
31356,plegabl,3,3
31361,plegarias,3,3
31380,plomizar,3,3
31385,plotkin,3,3
31389,plumerillo,3,3
31391,plumon,3,3
31398,pluri,3,3
31402,plurinacionales,3,3
31409,plutocracia,3,3
31410,plutocrata,3,3
31411,plutocratico,3,3
31417,pobla,3,3
31428,pobrecitos,3,3
31443,podado,3,3
31447,pode,3,3
31464,podre,3,3
31468,podriamos,3,3
31475,poemas,3,3
31482,poetisa,3,3
31489,points,3,3
31497,polak,3,3
31498,polanski,3,3
31511,polaroids,3,3
31527,policiaca,3,3
31533,policing,3,3
31540,poliedro,3,3
31546,poliforme,3,3
31574,politique,3,3
31575,politiqueria,3,3
31580,politologia,3,3
31586,polla,3,3
31590,polleria,3,3
31599,polonio,3,3
31603,polvito,3,3
31608,polvorines,3,3
31610,pombo,3,3
31617,pomposamente,3,3
31622,ponchar,3,3
31623,ponche,3,3
31632,ponelos,3,3
31633,poneme,3,3
31635,ponerselo,3,3
31647,pongase,3,3
31664,ponty,3,3
31667,ponzio,3,3
31672,pope,3,3
31674,poppins,3,3
31683,population,3,3
31690,popurri,3,3
31691,poquer,3,3
31695,poquita,3,3
31698,porce,3,3
31705,porcina,3,3
31706,porcinar,3,3
31730,porqu,3,3
31756,portenidad,3,3
31759,portenocentrico,3,3
31762,portentos,3,3
31775,portos,3,3
31776,portuaria,3,3
31795,posdictatorial,3,3
31805,posesionar,3,3
31807,poseso,3,3
31812,poshumano,3,3
31837,posneoliberalismo,3,3
31838,posnet,3,3
31847,posproduccion,3,3
31848,pospuesto,3,3
31850,possible,3,3
31862,posteacer,3,3
31865,postelectoral,3,3
31879,postguerra,3,3
31885,postmoderno,3,3
31886,postneoliberal,3,3
31889,postpolitico,3,3
31903,postural,3,3
31918,potentado,3,3
31924,potrillo,3,3
31927,potus,3,3
31930,poulantzas,3,3
31937,poy,3,3
31938,poza,3,3
31948,practicamos,3,3
31953,practices,3,3
31956,practique,3,3
31961,pragmatica,3,3
31966,pravda,3,3
31975,preaviso,3,3
31978,precalentamiento,3,3
31984,precariado,3,3
31986,precaridad,3,3
31992,precarizador,3,3
31997,precedencia,3,3
32056,predilecta,3,3
32088,preferiblemente,3,3
32092,prefeririar,3,3
32102,pregonado,3,3
32105,pregrado,3,3
32106,preguerra,3,3
32108,preguntabas,3,3
32116,preguntarselo,3,3
32121,preguntelar,3,3
32131,preinfarto,3,3
32132,preinstalado,3,3
32152,premiere,3,3
32153,preminencia,3,3
32167,prendiar,3,3
32173,prenz,3,3
32181,preocupser,3,3
32189,preparandome,3,3
32195,preparensir,3,3
32205,prequirurgico,3,3
32207,pres,3,3
32214,prescindibilidad,3,3
32220,prescriptivo,3,3
32228,present,3,3
32229,presenta,3,3
32230,presentable,3,3
32237,presentes,3,3
32249,presidenciales,3,3
32262,presinteir,3,3
32274,prestame,3,3
32280,prestas,3,3
32281,prestataria,3,3
32285,prestidigitador,3,3
32292,presumible,3,3
32301,presupuesta,3,3
32303,presupuestar,3,3
32312,pretemporada,3,3
32313,pretencios,3,3
32315,pretenciosamente,3,3
32324,preterito,3,3
32336,prevention,3,3
32358,primal,3,3
32373,primerear,3,3
32378,primeros,3,3
32381,primigenia,3,3
32394,princesas,3,3
32399,principes,3,3
32414,priorizado,3,3
32416,prir,3,3
32424,prism,3,3
32427,prison,3,3
32434,privacy,3,3
32437,privadisimo,3,3
32451,prividera,3,3
32475,probidad,3,3
32487,procacidad,3,3
32488,procaz,3,3
32502,procesan,3,3
32504,procese,3,3
32518,proclivser,3,3
32529,procuran,3,3
32554,productos,3,3
32555,produjir,3,3
32566,proferida,3,3
32580,profeso,3,3
32591,profeto,3,3
32597,profundisima,3,3
32610,program,3,3
32617,programatica,3,3
32631,prohibar,3,3
32635,prohibicionistas,3,3
32639,prohibitiva,3,3
32641,prohir,3,3
32659,prologar,3,3
32677,prometiar,3,3
32680,prometimos,3,3
32681,prominencia,3,3
32725,propendir,3,3
32743,propones,3,3
32766,prorrogado,3,3
32787,prospectivamente,3,3
32800,protagonica,3,3
32805,protagoniza,3,3
32811,protect,3,3
32814,protege,3,3
32818,protegiendo,3,3
32835,protocolizar,3,3
32841,provean,3,3
32842,provear,3,3
32851,provenient,3,3
32855,provenzano,3,3
32865,provinciales,3,3
32874,provisionalmente,3,3
32884,provocarir,3,3
32890,proxima,3,3
32912,prusiano,3,3
32918,pseudocientifica,3,3
32929,psicoanalizar,3,3
32930,psicobolche,3,3
32933,psicodiagnostico,3,3
32944,psicopatologia,3,3
32945,psicopatologico,3,3
32946,psicopedagoga,3,3
32951,psicosomatico,3,3
32952,psicotecnico,3,3
32971,psycho,3,3
32972,psychological,3,3
32973,psychology,3,3
32983,publi,3,3
32986,publicabar,3,3
32995,publicarir,3,3
33000,publicitacion,3,3
33006,publique,3,3
33040,puedir,3,3
33043,puent,3,3
33045,puentear,3,3
33061,puestito,3,3
33067,pufs,3,3
33076,pujant,3,3
33081,pujo,3,3
33101,pulperia,3,3
33110,pulsear,3,3
33130,punch,3,3
33151,puntal,3,3
33161,puntiaguda,3,3
33162,puntiagudo,3,3
33164,puntillos,3,3
33166,puntilloso,3,3
33177,punzada,3,3
33181,pupi,3,3
33206,pusierar,3,3
33207,pusilanime,3,3
33220,putir,3,3
33222,putito,3,3
33227,putx,3,3
33242,quarracino,3,3
33249,quebradura,3,3
33250,quebrantamiento,3,3
33259,quedado,3,3
33260,quedarar,3,3
33264,quedarseencasa,3,3
33288,quejumbroso,3,3
33290,quemada,3,3
33292,quemador,3,3
33310,quererte,3,3
33321,querramos,3,3
33325,quese,3,3
33337,quiebro,3,3
33338,quiene,3,3
33347,quietito,3,3
33353,quijotesco,3,3
33374,quinienta,3,3
33380,quinquela,3,3
33385,quintal,3,3
33398,quirno,3,3
33403,quirurgica,3,3
33404,quirurgicamente,3,3
33411,quiso,3,3
33426,rabi,3,3
33431,rabin,3,3
33433,rabinico,3,3
33439,rabona,3,3
33449,racializar,3,3
33490,radioastronomia,3,3
33493,radiofonia,3,3
33513,raido,3,3
33524,rajo,3,3
33526,rala,3,3
33527,ralear,3,3
33563,rancheria,3,3
33566,ranchos,3,3
33576,ranger,3,3
33579,rankeado,3,3
33587,rapada,3,3
33594,rapera,3,3
33596,rapetti,3,3
33605,rapper,3,3
33617,raras,3,3
33619,rarisima,3,3
33621,rarito,3,3
33626,rasca,3,3
33627,rascacielo,3,3
33632,rasgadura,3,3
33635,rasguido,3,3
33636,rasguna,3,3
33641,raspado,3,3
33650,rastreabl,3,3
33653,rastreir,3,3
33655,rastrero,3,3
33662,rastrojo,3,3
33663,rastros,3,3
33674,rational,3,3
33682,rattin,3,3
33685,raudamente,3,3
33706,raymundo,3,3
33732,reaccione,3,3
33743,reactividad,3,3
33749,readaptacion,3,3
33757,reafirme,3,3
33776,realizable,3,3
33782,really,3,3
33812,rebaje,3,3
33830,rebenque,3,3
33840,reboten,3,3
33847,rec,3,3
33848,reca,3,3
33855,recagar,3,3
33871,recambiar,3,3
33880,recargabl,3,3
33891,recaude,3,3
33892,recaudir,3,3
33900,receptaculo,3,3
33901,receptar,3,3
33902,receptividad,3,3
33910,recetado,3,3
33918,rechoncho,3,3
33920,recibar,3,3
33932,reciclada,3,3
33941,recife,3,3
33946,reciprocamente,3,3
33953,recitir,3,3
33958,reclinado,3,3
33959,reclinar,3,3
33994,recomiendir,3,3
33997,recompensada,3,3
34017,reconocerer,3,3
34020,reconociar,3,3
34025,reconocidxs,3,3
34028,reconozca,3,3
34044,reconvertida,3,3
34057,recordando,3,3
34059,recordarar,3,3
34067,recordemos,3,3
34074,recorria,3,3
34104,rectificado,3,3
34116,recubrimiento,3,3
34120,recuerdas,3,3
34123,recuerdes,3,3
34126,recuerdser,3,3
34129,recule,3,3
34139,recuperir,3,3
34141,recurer,3,3
34149,recursivamente,3,3
34162,redado,3,3
34165,rededor,3,3
34167,redefine,3,3
34181,redimido,3,3
34190,redistribucionista,3,3
34202,redoble,3,3
34207,redondel,3,3
34244,reembolsar,3,3
34247,reemplace,3,3
34250,reemplazabl,3,3
34261,reensamblar,3,3
34262,reenveir,3,3
34270,reese,3,3
34299,referirno,3,3
34311,reflejir,3,3
34316,reflexionado,3,3
34327,reforestacion,3,3
34345,refregar,3,3
34362,refugier,3,3
34364,refulgente,3,3
34365,refulgir,3,3
34368,refundador,3,3
34386,reganar,3,3
34417,registradora,3,3
34424,registros,3,3
34427,reglamenta,3,3
34432,reglamentarismo,3,3
34438,regodeir,3,3
34440,regordet,3,3
34442,regresado,3,3
34464,regularla,3,3
34468,regurgitar,3,3
34482,reificada,3,3
34486,reimo,3,3
34496,reinas,3,3
34498,reinaugurar,3,3
34500,reincident,3,3
34504,reindustrializacion,3,3
34506,reingreso,3,3
34520,reinterpretada,3,3
34528,reinversion,3,3
34530,reinvidicar,3,3
34543,reivindicador,3,3
34554,rejuvenecido,3,3
34561,relacioner,3,3
34572,relajate,3,3
34585,relationships,3,3
34606,relegamiento,3,3
34631,reloaded,3,3
34636,relojero,3,3
34638,relucient,3,3
34642,remachar,3,3
34645,remanent,3,3
34651,remarca,3,3
34652,remarcable,3,3
34653,remarcado,3,3
34661,remeceir,3,3
34673,remerar,3,3
34676,remezon,3,3
34687,remitido,3,3
34692,remixar,3,3
34700,remolcar,3,3
34712,remozado,3,3
34719,remunerir,3,3
34726,renacionalizar,3,3
34727,renacom,3,3
34734,renazcan,3,3
34745,rendon,3,3
34757,renguera,3,3
34760,renir,3,3
34762,renombrada,3,3
34788,renunciante,3,3
34806,repago,3,3
34813,reparatoria,3,3
34815,reparir,3,3
34817,reparta,3,3
34845,repercutar,3,3
34856,repetidor,3,3
34875,repletar,3,3
34880,replicador,3,3
34884,repliegues,3,3
34889,reportada,3,3
34911,repossi,3,3
34912,reposteo,3,3
34914,repostulacion,3,3
34917,repregunto,3,3
34962,reproductoro,3,3
34963,reproduzcan,3,3
34985,repuesta,3,3
35007,rerum,3,3
35012,resaltador,3,3
35018,rescata,3,3
35024,rescato,3,3
35040,reserve,3,3
35041,reservo,3,3
35047,resfriar,3,3
35067,resigne,3,3
35083,resisti,3,3
35091,resolana,3,3
35096,resonador,3,3
35102,resoplido,3,3
35103,resoplo,3,3
35109,respalde,3,3
35110,respaldir,3,3
35112,respecta,3,3
35126,respirable,3,3
35138,respondan,3,3
35147,responsabiliza,3,3
35168,restauradora,3,3
35171,restaurantes,3,3
35183,restringeir,3,3
35192,resultadista,3,3
35196,resumidamente,3,3
35205,retaceo,3,3
35208,retadora,3,3
35213,retardar,3,3
35222,reticent,3,3
35225,retier,3,3
35242,retome,3,3
35243,retomir,3,3
35245,retono,3,3
35249,retorcir,3,3
35251,retoricamente,3,3
35267,retratada,3,3
35279,retroalimente,3,3
35280,retrocedar,3,3
35281,retrocede,3,3
35285,retrofuturista,3,3
35293,retroviral,3,3
35314,reunierar,3,3
35316,reunificado,3,3
35317,reunificar,3,3
35325,revalidacion,3,3
35343,revelo,3,3
35357,reverenciar,3,3
35366,reverte,3,3
35367,revertido,3,3
35377,reviento,3,3
35390,revisionisto,3,3
35399,revistaenie,3,3
35407,revivido,3,3
35410,revocado,3,3
35414,revolcon,3,3
35416,revoleado,3,3
35417,revolean,3,3
35420,revoleo,3,3
35433,revolvi,3,3
35441,rewind,3,3
35457,rezonga,3,3
35462,riad,3,3
35471,ricchieri,3,3
35504,riendo,3,3
35505,riendose,3,3
35523,rigoberta,3,3
35528,rihanna,3,3
35529,riir,3,3
35530,rijar,3,3
35566,riquelmista,3,3
35573,rise,3,3
35584,ristre,3,3
35585,risuena,3,3
35594,ritualista,3,3
35603,rivarola,3,3
35610,rivolo,3,3
35611,rivotril,3,3
35615,rizomatica,3,3
35624,robastar,3,3
35640,robocop,3,3
35643,robotech,3,3
35649,robson,3,3
35662,rociado,3,3
35673,rockets,3,3
35678,rococo,3,3
35694,rodis,3,3
35712,roido,3,3
35716,rojinegro,3,3
35731,rollizo,3,3
35741,romanico,3,3
35743,romanov,3,3
35744,romantica,3,3
35762,rompe,3,3
35769,rompia,3,3
35770,rompistar,3,3
35779,roncha,3,3
35781,rond,3,3
35786,ronoso,3,3
35806,rosalind,3,3
35824,rosenfeld,3,3
35826,rosental,3,3
35832,rosquear,3,3
35846,rotatorio,3,3
35854,rotos,3,3
35878,royale,3,3
35885,rrhh,3,3
35886,rsoc,3,3
35888,ruarte,3,3
35904,ruborizar,3,3
35913,rudi,3,3
35922,rufatto,3,3
35929,rugen,3,3
35938,ruidosa,3,3
35939,ruidosamente,3,3
35943,ruinos,3,3
35963,running,3,3
35974,rush,3,3
35975,rushdie,3,3
35984,rusticidad,3,3
35987,rutas,3,3
35993,rutinizacion,3,3
36008,sabatini,3,3
36015,sabemos,3,3
36020,sabiamente,3,3
36022,sabias,3,3
36032,saboreo,3,3
36034,saborizado,3,3
36040,sabrer,3,3
36048,sacandome,3,3
36049,sacandose,3,3
36055,sacastir,3,3
36064,sacerdotes,3,3
36087,sacudida,3,3
36092,sadaic,3,3
36093,sadam,3,3
36096,sadi,3,3
36102,sadomaso,3,3
36111,safety,3,3
36116,sagastizabal,3,3
36118,sagitario,3,3
36122,sagrar,3,3
36142,salam,3,3
36148,salariado,3,3
36150,salariazo,3,3
36163,salerno,3,3
36168,salgamos,3,3
36176,salidas,3,3
36178,saliendo,3,3
36207,salpicon,3,3
36210,saltamos,3,3
36216,salteo,3,3
36246,salvarir,3,3
36248,salvarte,3,3
36260,salvifico,3,3
36278,sampler,3,3
36296,sancor,3,3
36317,sanfilippo,3,3
36334,sanguinolenta,3,3
36348,santacrucena,3,3
36358,santas,3,3
36360,santero,3,3
36366,santibanez,3,3
36371,santiguar,3,3
36376,santisima,3,3
36379,santito,3,3
36400,saques,3,3
36409,sarandon,3,3
36417,sardonico,3,3
36421,sarin,3,3
36427,sarmientino,3,3
36432,sarta,3,3
36433,sarte,3,3
36437,sartreano,3,3
36439,saskia,3,3
36441,sassone,3,3
36453,saten,3,3
36460,satisfactoriamente,3,3
36480,sauron,3,3
36488,saw,3,3
36490,saxofonista,3,3
36493,sayes,3,3
36494,sazon,3,3
36496,sbt,3,3
36497,scafati,3,3
36502,scania,3,3
36524,schkolnik,3,3
36526,schmidl,3,3
36529,schmucler,3,3
36531,schoklender,3,3
36574,search,3,3
36609,sectas,3,3
36618,secuestra,3,3
36627,secularizar,3,3
36628,secunda,3,3
36649,sedicioso,3,3
36662,seductora,3,3
36667,segal,3,3
36684,seguidismo,3,3
36688,seguidores,3,3
36689,seguime,3,3
36696,segundon,3,3
36707,seir,3,3
36716,selecciones,3,3
36739,semanas,3,3
36746,sembradora,3,3
36755,semiarido,3,3
36772,semiologia,3,3
36779,semprun,3,3
36794,senalarar,3,3
36804,sencillito,3,3
36823,senorio,3,3
36832,sensibilicir,3,3
36840,sensiblero,3,3
36843,sensu,3,3
36848,sentadir,3,3
36866,sentimentalista,3,3
36868,sentiras,3,3
36869,sentirer,3,3
36870,sentiriar,3,3
36877,seo,3,3
36879,sep,3,3
36886,separador,3,3
36891,separo,3,3
36896,septicemia,3,3
36901,septuagenario,3,3
36910,sequence,3,3
36921,serenamente,3,3
36922,serenar,3,3
36924,serenellini,3,3
36926,serenisima,3,3
36942,serian,3,3
36950,serlo,3,3
36955,serpaj,3,3
36956,serpenteant,3,3
36958,serpentina,3,3
36961,serrania,3,3
36964,serruchar,3,3
36965,serrucho,3,3
36968,servi,3,3
36981,servilismo,3,3
37000,setecienta,3,3
37013,sevel,3,3
37036,sexuada,3,3
37053,shalom,3,3
37062,sharing,3,3
37064,sharp,3,3
37074,shepard,3,3
37078,sherpa,3,3
37080,sheryl,3,3
37081,shetland,3,3
37104,shots,3,3
37109,showroom,3,3
37113,shua,3,3
37115,sia,3,3
37117,siamesa,3,3
37118,sibarita,3,3
37124,sica,3,3
37127,sicilian,3,3
37130,sicologico,3,3
37135,sideralmente,3,3
37138,siderurgica,3,3
37142,sidra,3,3
37153,sienteeeeeeir,3,3
37160,sietemesino,3,3
37165,sigfried,3,3
37189,sigue,3,3
37190,sigueir,3,3
37191,siguiendolo,3,3
37193,siguieramos,3,3
37196,siii,3,3
37206,silence,3,3
37226,sillones,3,3
37278,simplificadora,3,3
37283,simplon,3,3
37309,sincopado,3,3
37310,sincretico,3,3
37311,sincretismo,3,3
37334,sinestesico,3,3
37345,singularisimo,3,3
37351,sinistra,3,3
37363,sintactico,3,3
37376,sintierar,3,3
37389,sipe,3,3
37403,sisa,3,3
37404,siseo,3,3
37405,sisifo,3,3
37424,sitiar,3,3
37445,skoknic,3,3
37446,skrillex,3,3
37460,slots,3,3
37463,smaldone,3,3
37469,smiths,3,3
37482,snobs,3,3
37483,snoop,3,3
37489,soberanamente,3,3
37491,soberanismo,3,3
37500,sobradoro,3,3
37501,sobrant,3,3
37514,sobredimension,3,3
37519,sobreendeudar,3,3
37525,sobreexposicion,3,3
37527,sobregirado,3,3
37528,sobrehuman,3,3
37540,sobreocupacion,3,3
37579,sobrevivientes,3,3
37580,sobrevivio,3,3
37584,sobrevuelan,3,3
37585,sobrevuelir,3,3
37593,socavado,3,3
37594,socavamiento,3,3
37596,socavir,3,3
37602,sociais,3,3
37616,socializant,3,3
37634,sociohistorico,3,3
37635,sociolaboral,3,3
37643,sociologos,3,3
37653,socorrir,3,3
37663,sodomia,3,3
37665,soez,3,3
37686,sojera,3,3
37690,sojuzgar,3,3
37704,solares,3,3
37707,solaz,3,3
37709,solcito,3,3
37711,soldada,3,3
37725,solemnemente,3,3
37732,solicitarar,3,3
37733,solicite,3,3
37741,solidarias,3,3
37749,solimano,3,3
37765,solteron,3,3
37767,soltir,3,3
37770,soluciona,3,3
37776,solutions,3,3
37779,solventado,3,3
37788,somatizacion,3,3
37791,sombreado,3,3
37797,some,3,3
37798,someone,3,3
37801,sometiar,3,3
37803,sometimientir,3,3
37814,sonal,3,3
37818,sonarir,3,3
37823,soner,3,3
37836,sonreer,3,3
37847,sonrisas,3,3
37848,sonrogir,3,3
37852,soon,3,3
37861,sople,3,3
37868,soportado,3,3
37872,soporto,3,3
37875,sora,3,3
37877,sorbe,3,3
37878,sorbir,3,3
37899,sorpasso,3,3
37900,sorprendar,3,3
37904,sorprenderme,3,3
37916,sortilegio,3,3
37922,soslayo,3,3
37926,sospechamos,3,3
37928,sospeche,3,3
37941,sostiene,3,3
37944,sostuvo,3,3
37979,spano,3,3
37980,spartacus,3,3
37999,spillover,3,3
38006,spiritus,3,3
38019,spotlight,3,3
38022,springfield,3,3
38027,squella,3,3
38034,stack,3,3
38041,stalinismo,3,3
38043,stallman,3,3
38053,stare,3,3
38060,startups,3,3
38067,steel,3,3
38072,steinem,3,3
38078,stent,3,3
38089,stevie,3,3
38104,stocks,3,3
38126,strategy,3,3
38138,stremear,3,3
38168,subalternizado,3,3
38170,subalternos,3,3
38184,subcontratar,3,3
38185,subcontratista,3,3
38195,subdividir,3,3
38196,subdivision,3,3
38202,subespecie,3,3
38215,subistar,3,3
38218,subite,3,3
38223,subjetivante,3,3
38227,subleva,3,3
38231,sublevo,3,3
38237,sublimo,3,3
38241,submarinos,3,3
38246,subocupacion,3,3
38262,subrepresentado,3,3
38267,subrogante,3,3
38276,subsidia,3,3
38280,subsidiaria,3,3
38291,subsumio,3,3
38313,subviertar,3,3
38321,succionado,3,3
38324,sucedia,3,3
38334,sucia,3,3
38339,sucucho,3,3
38345,sudadera,3,3
38354,sudden,3,3
38363,sudorosa,3,3
38377,suely,3,3
38379,suenan,3,3
38386,sufer,3,3
38391,sufijo,3,3
38416,sugus,3,3
38420,suicidarte,3,3
38427,suizas,3,3
38434,sujetas,3,3
38439,sulfurar,3,3
38441,sulfuroso,3,3
38451,sumarisimo,3,3
38452,sumarte,3,3
38456,sumergi,3,3
38474,sundar,3,3
38482,sunshine,3,3
38497,supercopa,3,3
38503,superficialmente,3,3
38515,superlativa,3,3
38521,supermercados,3,3
38531,superporderosas,3,3
38541,supervillano,3,3
38548,superviviencia,3,3
38550,superyo,3,3
38556,suplantacion,3,3
38569,supongar,3,3
38583,supuesta,3,3
38586,supurar,3,3
38587,supuse,3,3
38594,sures,3,3
38597,surfean,3,3
38599,surfeo,3,3
38606,surgida,3,3
38633,suscribirte,3,3
38644,suspendo,3,3
38680,susurrante,3,3
38691,suturado,3,3
38702,swarovski,3,3
38706,sweter,3,3
38713,switch,3,3
38725,szperling,3,3
38730,tabaquismo,3,3
38738,table,3,3
38750,taburet,3,3
38765,tacklear,3,3
38771,tacticas,3,3
38782,tafetan,3,3
38797,taimada,3,3
38798,taimado,3,3
38800,taiwanes,3,3
38806,taking,3,3
38810,taladrar,3,3
38821,tales,3,3
38825,talion,3,3
38859,tamizar,3,3
38871,tanger,3,3
38883,tanquetas,3,3
38884,tant,3,3
38896,tanza,3,3
38905,tapalque,3,3
38914,tapiar,3,3
38915,tapir,3,3
38920,tapizar,3,3
38940,tardas,3,3
38943,tardes,3,3
38946,tardias,3,3
38951,tarek,3,3
38953,targeting,3,3
38963,tarjetita,3,3
38971,tartamudear,3,3
38976,tasacion,3,3
38980,tatami,3,3
38987,tattoo,3,3
38988,tatu,3,3
39006,taxis,3,3
39012,tazon,3,3
39016,tease,3,3
39021,teatre,3,3
39033,technologies,3,3
39036,tecito,3,3
39040,teclea,3,3
39042,tecleo,3,3
39050,tecnicxs,3,3
39052,tecnificado,3,3
39063,tecnofinanciero,3,3
39069,tecnologicos,3,3
39070,tecnologizado,3,3
39087,tego,3,3
39108,tejimos,3,3
39132,telegrafico,3,3
39156,televisivas,3,3
39166,tellez,3,3
39176,tematicamente,3,3
39181,temazo,3,3
39194,temita,3,3
39204,tempestuoso,3,3
39209,templeton,3,3
39215,temporalidades,3,3
39221,temprana,3,3
39236,tendencial,3,3
39240,tendenciosa,3,3
39243,tendero,3,3
39251,tendrias,3,3
39255,tenebrosa,3,3
39258,tenelir,3,3
39281,tensado,3,3
39288,tensiones,3,3
39291,tensor,3,3
39314,teorizado,3,3
39316,tepp,3,3
39333,terciaria,3,3
39336,terciarizado,3,3
39350,termal,3,3
39352,termidor,3,3
39376,termoelectrica,3,3
39378,termotanque,3,3
39380,ternera,3,3
39390,terraqueo,3,3
39398,terrestr,3,3
39432,tesorera,3,3
39441,testarudez,3,3
39450,testimoniant,3,3
39456,tests,3,3
39459,tetazo,3,3
39463,teto,3,3
39464,tetona,3,3
39475,textiles,3,3
39476,textito,3,3
39483,tgd,3,3
39485,thais,3,3
39486,thalia,3,3
39493,thatcherismo,3,3
39497,theguardian,3,3
39514,thinktank,3,3
39519,thomson,3,3
39527,thurman,3,3
39557,tiesa,3,3
39559,tiffenberg,3,3
39562,tiger,3,3
39574,tiktokero,3,3
39575,tiktokers,3,3
39582,tildo,3,3
39583,tilin,3,3
39588,timar,3,3
39590,timbal,3,3
39605,timming,3,3
39606,timo,3,3
39629,tinku,3,3
39635,tintinear,3,3
39641,tios,3,3
39643,tipeado,3,3
39646,tipica,3,3
39680,tironea,3,3
39687,tirria,3,3
39693,titanio,3,3
39699,titile,3,3
39714,titularizacion,3,3
39739,tocador,3,3
39740,tocas,3,3
39743,tocopilla,3,3
39749,todavio,3,3
39764,togo,3,3
39781,tolerir,3,3
39782,tolero,3,3
39784,tolkien,3,3
39787,toluca,3,3
39796,tomandome,3,3
39800,tomarme,3,3
39805,tombo,3,3
39812,tomillo,3,3
39831,tonificado,3,3
39833,tonight,3,3
39851,topless,3,3
39854,topografo,3,3
39856,topologico,3,3
39859,tops,3,3
39868,torcedor,3,3
39876,tories,3,3
39883,torna,3,3
39886,tornasol,3,3
39891,torneado,3,3
39897,torniquete,3,3
39899,tornquist,3,3
39902,toros,3,3
39910,torrencialmente,3,3
39915,torsionar,3,3
39918,tortafrita,3,3
39933,tosar,3,3
39936,tose,3,3
39939,tosir,3,3
39965,towards,3,3
39975,tozudez,3,3
39983,trabajabas,3,3
39990,trabajarar,3,3
39991,trabajarir,3,3
39998,trabajito,3,3
40007,trabazon,3,3
40008,trabuchi,3,3
40013,trace,3,3
40018,tractorista,3,3
40019,tracy,3,3
40036,traelo,3,3
40038,traemir,3,3
40043,traficado,3,3
40110,tranquilizo,3,3
40112,tranquilos,3,3
40120,transciendir,3,3
40124,transcripta,3,3
40132,transe,3,3
40143,transferible,3,3
40148,transfigurado,3,3
40151,transfobica,3,3
40155,transformable,3,3
40160,transformadoras,3,3
40163,transformers,3,3
40170,transfugas,3,3
40172,transgender,3,3
40175,transgenesis,3,3
40182,transgresoro,3,3
40202,translate,3,3
40214,transmitimos,3,3
40219,transnacionales,3,3
40222,transodio,3,3
40229,transpiraba,3,3
40237,transportador,3,3
40238,transportadora,3,3
40252,tranza,3,3
40273,trasformacion,3,3
40274,trasformar,3,3
40277,trashumant,3,3
40315,trasvasar,3,3
40318,tratabamos,3,3
40320,tratados,3,3
40333,traumada,3,3
40373,tread,3,3
40386,trek,3,3
40405,trepadora,3,3
40411,tresciento,3,3
40414,trevi,3,3
40417,triacca,3,3
40419,triado,3,3
40425,tribulacion,3,3
40437,tributaria,3,3
40441,tricampeon,3,3
40447,tridimensionalidad,3,3
40452,trilateral,3,3
40461,trinar,3,3
40465,trinomio,3,3
40472,triparticion,3,3
40475,triplemente,3,3
40488,tristar,3,3
40493,tritura,3,3
40495,trituradora,3,3
40499,triunfadoro,3,3
40509,triunviro,3,3
40513,trivializacion,3,3
40516,trizado,3,3
40522,troco,3,3
40524,trogloditar,3,3
40527,trois,3,3
40534,trombon,3,3
40548,tropel,3,3
40572,trovato,3,3
40574,trozar,3,3
40590,trumpiano,3,3
40595,truncada,3,3
40612,tucan,3,3
40615,tucu,3,3
40619,tucumar,3,3
40623,tuerzar,3,3
40624,tuetano,3,3
40629,tuitazo,3,3
40649,tumbas,3,3
40650,tumbera,3,3
40652,tumblr,3,3
40654,tumini,3,3
40661,tunas,3,3
40664,tunear,3,3
40670,tununa,3,3
40673,tupamaros,3,3
40704,tutanka,3,3
40716,tutu,3,3
40718,tuviera,3,3
40723,tuvistar,3,3
40725,tuya,3,3
40730,twenty,3,3
40739,twittera,3,3
40746,tzeltal,3,3
40757,ubica,3,3
40758,ubicable,3,3
40776,uda,3,3
40805,ultimisimo,3,3
40811,ultraconservadora,3,3
40825,ultraortodoxo,3,3
40852,uncuyo,3,3
40855,undecimo,3,3
40875,unicamp,3,3
40892,unificadoro,3,3
40906,unirir,3,3
40907,unirnos,3,3
40911,unita,3,3
40912,unitaria,3,3
40923,universalizador,3,3
40940,unla,3,3
40942,unpaz,3,3
40961,uploads,3,3
40962,upon,3,3
40967,upside,3,3
40990,ure,3,3
40994,uretra,3,3
41021,urteaga,3,3
41022,urticant,3,3
41039,usastir,3,3
41040,usb,3,3
41044,uses,3,3
41049,usos,3,3
41051,uss,3,3
41067,usurpadoro,3,3
41070,utdt,3,3
41076,uti,3,3
41079,utilero,3,3
41080,utiles,3,3
41087,utilizabar,3,3
41091,utilizamos,3,3
41099,utrecht,3,3
41108,vacaciones,3,3
41112,vaceir,3,3
41119,vacias,3,3
41120,vacien,3,3
41126,vacua,3,3
41138,vacunologia,3,3
41154,vague,3,3
41160,vainmann,3,3
41166,valderramas,3,3
41172,valedor,3,3
41179,valentine,3,3
41180,valentino,3,3
41189,valgame,3,3
41217,valmaggia,3,3
41232,valuar,3,3
41237,vamo,3,3
41252,vandorista,3,3
41269,vaporoso,3,3
41280,vareo,3,3
41289,variada,3,3
41294,varicela,3,3
41305,varonero,3,3
41324,vassallo,3,3
41327,vastisimo,3,3
41331,vaticanista,3,3
41375,vegetarianismo,3,3
41378,veggie,3,3
41381,vehementemente,3,3
41394,veinti,3,3
41401,veintipoco,3,3
41428,velardez,3,3
41436,veleta,3,3
41438,velir,3,3
41445,velocimetro,3,3
41446,velodromo,3,3
41452,vem,3,3
41460,vencerir,3,3
41474,venderlas,3,3
41478,vendia,3,3
41479,vendiar,3,3
41483,vendimos,3,3
41492,venera,3,3
41497,venerea,3,3
41500,venezolanos,3,3
41502,venezuelizacion,3,3
41505,vengadora,3,3
41508,venganzas,3,3
41521,venitir,3,3
41545,veo,3,3
41549,veracruzana,3,3
41550,veranea,3,3
41570,verborragica,3,3
41572,verbos,3,3
41575,verdades,3,3
41577,verdeamarela,3,3
41583,verdu,3,3
41612,verlo,3,3
41613,verlos,3,3
41641,vertebrador,3,3
41656,vertiginosidad,3,3
41663,vesical,3,3
41665,vespertina,3,3
41698,viaja,3,3
41703,viajecito,3,3
41719,viborear,3,3
41722,vibrador,3,3
41734,vicejefatura,3,3
41759,victimar,3,3
41763,victimismo,3,3
41764,victimista,3,3
41769,victimizarme,3,3
41782,vidala,3,3
41786,vident,3,3
41796,videojuegos,3,3
41800,videotape,3,3
41801,videoteca,3,3
41821,viendolir,3,3
41822,viendolo,3,3
41844,vigilan,3,3
41856,vigorizado,3,3
41871,vilches,3,3
41872,vilela,3,3
41873,vileza,3,3
41875,vilipendiar,3,3
41883,villalobos,3,3
41886,villancico,3,3
41932,vinilico,3,3
41937,vinito,3,3
41948,violadores,3,3
41951,violariar,3,3
41986,virgin,3,3
41992,virico,3,3
42019,visceralmente,3,3
42022,viscos,3,3
42068,vita,3,3
42076,vitalismo,3,3
42084,vitor,3,3
42087,vitraux,3,3
42123,viviendas,3,3
42125,vivificante,3,3
42127,vivire,3,3
42140,vladimiro,3,3
42141,vladislav,3,3
42150,vocalizacion,3,3
42170,voladora,3,3
42185,volea,3,3
42191,volodimir,3,3
42199,volteo,3,3
42201,voltio,3,3
42202,voluble,3,3
42216,voluptuosidad,3,3
42220,volve,3,3
42223,volverte,3,3
42225,volvete,3,3
42229,volviendo,3,3
42251,votantes,3,3
42255,voten,3,3
42256,voting,3,3
42263,voyeurismo,3,3
42264,voyeurista,3,3
42275,vuelen,3,3
42278,vuelos,3,3
42307,wai,3,3
42313,wake,3,3
42328,walmir,3,3
42332,walters,3,3
42352,waso,3,3
42355,watchdog,3,3
42360,watt,3,3
42375,week,3,3
42377,weekly,3,3
42380,weich,3,3
42386,weiwei,3,3
42405,whastapp,3,3
42408,whatsappear,3,3
42410,wheeler,3,3
42417,whiskeria,3,3
42420,whiskys,3,3
42421,whistleblowers,3,3
42430,wide,3,3
42432,wife,3,3
42445,willie,3,3
42474,wojtyla,3,3
42481,wolfsburgo,3,3
42497,workaholic,3,3
42498,workers,3,3
42505,worry,3,3
42509,wright,3,3
42516,xalapa,3,3
42521,xenofoba,3,3
42552,yai,3,3
42569,yaracer,3,3
42570,yasin,3,3
42574,yasser,3,3
42582,yeit,3,3
42602,yeyati,3,3
42605,yirar,3,3
42615,yoli,3,3
42620,yorio,3,3
42634,ypfb,3,3
42636,yrigoyenismo,3,3
42651,yunta,3,3
42656,yute,3,3
42658,yuxtaponer,3,3
42663,yves,3,3
42667,zafan,3,3
42680,zak,3,3
42682,zama,3,3
42685,zambada,3,3
42687,zambo,3,3
42692,zamorista,3,3
42697,zanella,3,3
42699,zanini,3,3
42703,zanjo,3,3
42709,zapallito,3,3
42712,zapatazo,3,3
42717,zapatillas,3,3
42723,zapla,3,3
42744,zeballos,3,3
42754,zendaya,3,3
42755,zenit,3,3
42764,zibecchi,3,3
42779,zimmermann,3,3
42783,zinedine,3,3
42789,zodiacal,3,3
42796,zombies,3,3
42801,zonda,3,3
42808,zooms,3,3
42820,zuban,3,3
42826,zueco,3,3
42831,zumba,3,3
42836,zurbriggen,3,3
42837,zurcido,3,3
42841,zurdito,3,3
