doc_id,ID,source_url,title_text,tagline,autor_names,post_date,category,text_type,category_list,word_count_model_text
0,15668,https://www.revistaanfibia.com/la-china-invisible/,La China invisible,Feria La Salada,Sebastián Hacher; Ariel Wilkis,2012-05-14 13:43:22,Política y Economía,Crónica,['Política y Economía'],4928
1,15706,https://www.revistaanfibia.com/grobocopatel-el-rico-que-se-cree-steve-jobs/,El rico que se cree Steve Jobs,Gustavo Grobocopatel,Graciela Mochkofsky; Alexandre Roig,2012-05-24 13:36:12,Política y Economía,Crónica,['Política y Economía'],3239
2,15743,https://www.revistaanfibia.com/la-vaca-sagrada/,La vaca sagrada,,Josefina Licitra,2012-06-05 14:52:58,Tecnologías,,['Tecnologías'],5005
3,15695,https://www.revistaanfibia.com/los-arruinados-del-parana/,Los arruinados del Paraná,Adictos al juego,Gisele Sousa Dias,2012-06-14 10:16:11,Culturas,,['Culturas'],4144
4,15687,https://www.revistaanfibia.com/de-chile-tacna-una-historia-de-carniceros-y-cirujanos/,De Chile a Tacna: una historia de carniceros y cirujanos,,Jorge Turpo Rivas,2012-06-25 14:52:05,Culturas,Crónica,['Culturas'],2052
5,14466,https://www.revistaanfibia.com/bolivia-en-llamas/,Bolivia en llamas,,Mario Murillo; Alfredo Grieco y Bavio,2012-06-28 14:19:51,Política y Economía,Crónica,['Política y Economía'],3251
6,14454,https://www.revistaanfibia.com/los-lideres-de-la-primavera-mexicana/,Los líderes de la primavera mexicana (I),,Guillermo Osorno,2012-07-06 13:27:04,Política y Economía,Crónica,['Política y Economía'],5165
7,3650,https://www.revistaanfibia.com/nunca-te-metas-con-las-mariscadoras-de-vigo/,Nunca te metas con las mariscadoras de Vigo,,Manuel Rivas,2012-07-16 17:08:34,Política y Economía,Crónica,['Política y Economía'],2554
8,3669,https://www.revistaanfibia.com/lucia-la-remadora-olimpica-de-las-manos-imposibles/,"Lucía, la remadora olímpica de las manos imposibles",,Gonzalo Figueroa,2012-07-23 17:32:48,Culturas,Crónica,['Culturas'],1423
9,3639,https://www.revistaanfibia.com/el-fisicoculturista-que-no-puede-mirarse-en-el-espejo/,El fisicoculturista que no puede mirarse en el espejo,,Gloria Ziegler,2012-07-30 15:38:38,Culturas,Crónica,['Culturas'],3552
10,15943,https://www.revistaanfibia.com/tizon-lo-revolucionario-de-la-naturaleza/,Lo revolucionario de la naturaleza,Héctor Tizón,,2012-08-07 10:53:30,Culturas,Crónica,['Culturas'],3277
11,6593,https://www.revistaanfibia.com/love-pablo-escobar/,I love Pablo Escobar,,Santiago Restrepo; Juan Carrá,2012-08-09 11:32:24,Culturas,Crónica,['Culturas'],3619
12,3534,https://www.revistaanfibia.com/uruguay-lapidados-por-la-tv/,Uruguay: lapidados por la TV,,César Bianchi,2012-08-29 11:33:57,Política y Economía,Crónica,['Política y Economía'],4440
13,23101,https://www.revistaanfibia.com/la-derecha-respira/,La derecha respira,Espiritualidades,Nicolás Viotti; Diego Geddes,2012-09-11 09:01:39,Política y Economía,Crónica,['Política y Economía'],4570
14,15656,https://www.revistaanfibia.com/cacerolas-rebelion-y-felicidad/,Cacerolas: rebelión y felicidad,,Máximo Badaró,2012-09-18 13:18:52,Política y Economía,Crónica,['Política y Economía'],2621
15,3551,https://www.revistaanfibia.com/el-debut-politico-de-los-nativos-digitales/,El debut político de los nativos digitales,Escuelas tomadas,Micaela Ortelli; Malvina Silba,2012-09-28 13:35:50,Política y Economía,Crónica,['Política y Economía'],3276
16,3508,https://www.revistaanfibia.com/la-reforma-agraria-de-las-mujeres-guaranies/,La reforma agraria de las mujeres guaraníes,,Álex Ayala Ugarte,2012-10-01 17:32:04,Políticas de géneros,Crónica,['Políticas de géneros'],2578
17,3493,https://www.revistaanfibia.com/fluidos-trans-arte-y-performance-queer/,Fluidos trans: arte y performance queer,,Matías Máximo,2012-10-02 16:59:55,Políticas de géneros,,['Políticas de géneros'],2556
18,3432,https://www.revistaanfibia.com/jovenes-de-san-judas-el-mexico-desesperado/,Jóvenes de San Judas: el México desesperado,,Laura Castellanos; Arturo Hernández Valencia; Alfredo Nateras,2012-10-10 14:04:09,Culturas,Crónica,['Culturas'],3235
19,3414,https://www.revistaanfibia.com/sufrir-por-amor/,Sufrir por amor,Sado gay,Enzo Maqueira,2012-10-16 11:55:37,Amor y sexo,,['Amor y sexo'],3200
20,3239,https://www.revistaanfibia.com/estallo-el-verano/,Estalló el verano,,Cecilia González,2012-11-09 13:57:50,Política y Economía,Crónica,['Política y Economía'],1974
21,3284,https://www.revistaanfibia.com/historico-se-voto-en-clarin/,Histórico: se votó en Clarín,,Tomás Pérez Vizzón,2012-11-16 14:13:53,Política y Economía,Crónica,['Política y Economía'],2942
22,3214,https://www.revistaanfibia.com/mas-alla-del-padre/,Más allá del padre,Facundo Moyano,Diego Genoud; Nicolás Damin,2012-11-22 11:02:28,Política y Economía,Crónica,['Política y Economía'],5514
23,3205,https://www.revistaanfibia.com/ludmer-una-maquina-de-lectura/,"Ludmer, una máquina de lectura",,Ana Fornaro,2012-11-28 12:55:02,Otras,Crónica,['Otras'],2908
24,3191,https://www.revistaanfibia.com/limpiar-la-muerte/,Limpiar la muerte,,Agustina Grasso,2012-12-05 12:36:41,Culturas,Crónica,['Culturas'],2884
25,3111,https://www.revistaanfibia.com/el-regreso-a-la-tierra-prometida/,EL REGRESO A LA TIERRA PROMETIDA,,Pablo Strozza,2012-12-05 14:53:00,Culturas,Crónica,['Culturas'],3982
26,3093,https://www.revistaanfibia.com/algo-mas-que-humo/,Algo más que humo,,Cecilia Devanna; Tomás Pérez Vizzón,2012-12-07 12:43:02,Ambiente,Crónica,['Ambiente'],2569
27,3134,https://www.revistaanfibia.com/la-desahuciada-que-narra/,La desahuciada que narra,,Cristina Fallarás,2012-12-12 09:04:27,Políticas de géneros,,['Políticas de géneros'],3249
28,2745,https://www.revistaanfibia.com/que-tan-lejos-llegan-en-15-segundos/,¿Qué tan lejos llegan en 15 segundos?,Israel y Palestina,Sonia Budassi,2012-12-19 13:20:00,Política y Economía,Crónica,['Política y Economía'],6244
29,2724,https://www.revistaanfibia.com/nos-llevara-la-corriente/,Nos llevará la corriente,Maratón acuática,Ariel Idez,2013-02-01 15:54:25,Culturas,Crónica,['Culturas'],1718
30,15642,https://www.revistaanfibia.com/tortas-putos-y-cumbieros/,"Tortas, putos y cumbieros",,Cecilia Palmeiro; Paula Bistagnino,2013-02-07 12:29:03,Amor y sexo,Crónica,['Amor y sexo'],3933
31,2714,https://www.revistaanfibia.com/sonata-para-tres/,Sonata para tres,,Juan Camilo Jaramillo; Ronal Castañeda,2013-02-08 15:16:24,Culturas,Crónica,['Culturas'],4085
32,2697,https://www.revistaanfibia.com/una-guerra-de-sangre-y-fuego-en-el-paraiso-mapuche/,Una guerra de sangre y fuego en el paraíso mapuche,,Carolina Rojas Neculhual; Martín Correa,2013-02-13 14:16:47,Política y Economía,Crónica,['Política y Economía'],4824
33,15634,https://www.revistaanfibia.com/el-sol-de-tu-bravura/,El sol de tu bravura,,Gabriel García Márquez,2013-03-06 11:22:46,Culturas,,['Culturas'],3245
34,15617,https://www.revistaanfibia.com/subido-al-caballo/,Subido al caballo,,Eduardo Míguez; Javier Drovetto,2013-03-11 10:20:05,Culturas,Crónica,['Culturas'],4199
35,15372,https://www.revistaanfibia.com/filipinas-un-viaje-al-otro-lado-del-mundo/,Filipinas: un viaje al otro lado del mundo,,Leila Guerriero,2013-03-12 11:20:35,Política y Economía,Crónica,['Política y Economía'],5722
36,3043,https://www.revistaanfibia.com/la-balada-del-perro-y-la-muerte/,La balada del perro y la muerte,Rosario,Eliezer Budasoff,2013-03-25 12:05:06,Culturas,,['Culturas'],3765
37,1860,https://www.revistaanfibia.com/mi-tio-un-desaparecido/,"Mi tío, un desaparecido",Premio Centro Cultural de la Memoria Haroldo Conti,María Cecilia Toledo,2013-03-26 16:31:20,Políticas de géneros,Crónica,['Políticas de géneros'],2237
38,3055,https://www.revistaanfibia.com/somos-menos/,Somos menos,Inundación de La Plata,Josefina López Mac Kenzie; Laureano Barrera; Diego Galeano,2013-04-05 12:55:17,Política y Economía,Crónica,['Política y Economía'],3570
39,2611,https://www.revistaanfibia.com/los-muertos-negados/,Los muertos negados,Inundación de La Plata,Juan Manuel Mannarino,2013-04-12 15:41:41,Políticas de géneros,Crónica,['Políticas de géneros'],4097
40,2819,https://www.revistaanfibia.com/la-12-historia-de-una-traicion/,La 12: historia de una traición,Barras bravas,Gustavo Grabia,2013-05-02 12:31:26,Culturas,,['Culturas'],3791
41,2585,https://www.revistaanfibia.com/forzudas-la-belleza-del-cuerpo-femenino/,La belleza del cuerpo femenino,Forzudas,Enzo Maqueira; María Inés Landa,2013-05-13 15:12:53,Salud,Crónica,['Salud'],2445
42,3021,https://www.revistaanfibia.com/tribilin-mi-mama-me-mima/,TRIBILÍN: MI MAMÁ ME MIMA,,María Mansilla; Marina Luz García,2013-06-06 14:42:23,Políticas de géneros,Crónica,['Políticas de géneros'],2970
43,3003,https://www.revistaanfibia.com/aguantar-no-es-chamuyar/,Aguantar no es chamuyar,Hinchas y barras,Pablo Alabarces; Juan Manuel Mannarino,2013-06-18 13:28:10,Culturas,Crónica,['Culturas'],5486
44,14703,https://www.revistaanfibia.com/campo-de-mayo-como-quebrar-un-rugbier/,Campo de Mayo: cómo quebrar a un rugbier,Rugby y masculinidades,Félix Bruzzone,2013-06-26 12:00:50,Culturas,Crónica,['Culturas'],2829
45,2570,https://www.revistaanfibia.com/policias-en-accion/,Policías en acción,Violencia en Budge,María Florencia Alcaraz; Javier Auyero,2013-07-01 14:45:51,Política y Economía,,['Política y Economía'],3561
46,2439,https://www.revistaanfibia.com/la-tv-hardcore/,La TV hardcore,Luis Ventura,Walter Lezcano,2013-07-08 14:03:25,Culturas,Crónica,['Culturas'],4993
47,2559,https://www.revistaanfibia.com/morir-como-perros/,Morir como perros,,Juan D´Alessandro,2013-07-31 14:13:16,Culturas,Crónica,['Culturas'],4303
48,2158,https://www.revistaanfibia.com/dejarlo-todo/,Dejarlo todo,Premio Nuevas Plumas,Martina Bastos,2013-08-15 16:43:03,Política y Economía,Crónica,['Política y Economía'],3519
49,2143,https://www.revistaanfibia.com/imaginate-este-lugar-todo-lleno-de-armas/,Imaginate este lugar todo lleno de armas,,Miguel Prenz,2013-08-25 16:15:06,Política y Economía,Crónica,['Política y Economía'],4155
50,2916,https://www.revistaanfibia.com/los-fantasmas-del-facebook/,Los fantasmas del Facebook,,Marian Moya; Victoria Ennis,2013-08-27 12:17:24,Tecnologías,Crónica,['Tecnologías'],3593
51,15994,https://www.revistaanfibia.com/quien-le-teme-felix-diaz/,¿Quién le teme a Félix Díaz?,,Lorena Cardin; Axel Lazzari,2013-09-02 14:51:53,Culturas,Ensayo,['Culturas'],2973
52,3170,https://www.revistaanfibia.com/el-principio-de-la-noche-interminable/,El principio de la noche interminable,Laura Carlotto,María Eugenia Ludueña,2013-09-06 16:54:06,Culturas,Crónica,['Culturas'],2629
53,2996,https://www.revistaanfibia.com/a-esta-nena-la-mataron/,A esta nena la mataron,,Federico Schirmer; Selva Almada,2013-09-09 11:17:41,Políticas de géneros,Crónica,['Políticas de géneros'],3383
54,2990,https://www.revistaanfibia.com/ovnis-te-juro-que-los-vi/,OVNIS: TE JURO QUE LOS VI,Misterios del universo,Federico Bianchini,2013-09-11 10:56:53,Ambiente,Crónica,['Ambiente'],4342
55,2170,https://www.revistaanfibia.com/mickey-mouse-es-un-jubilado-con-hambre/,Mickey Mouse es un jubilado con hambre,Disney World,Mónica Yemayel,2013-09-24 17:46:32,Culturas,Crónica,['Culturas'],4580
56,2418,https://www.revistaanfibia.com/mondongo-o-como-escapar-de-la-picadora-de-carne/,Cómo escapar de la picadora de carne,Mondongo,Viviana Usubiaga; Mercedes Ezquiaga,2013-09-30 13:35:19,Culturas,Crónica,['Culturas'],5221
57,1241,https://www.revistaanfibia.com/el-olvido-de-los-cangrejos/,El olvido de los cangrejos,Neurociencias,Betina González; Ramiro Freudenthal,2013-10-07 18:47:47,Educación,Crónica,['Educación'],3349
58,2387,https://www.revistaanfibia.com/justicia-aunque-sea-lo-ultimo-que-haga/,"Justicia, aunque sea lo último que haga",Caso Solano,Juan Manuel Mannarino,2013-10-16 15:04:00,Políticas de géneros,Crónica,['Políticas de géneros'],4247
59,16004,https://www.revistaanfibia.com/sentirse-boliviano-en-buenos-aires/,Sentirse boliviano en Buenos Aires,,Natalia Gavazzo,2013-10-18 11:42:17,Culturas,Ensayo,['Culturas'],2147
60,2056,https://www.revistaanfibia.com/el-candidato-esponja-de-liberal-a-conservador-popular/,El candidato esponja: de liberal a conservador popular,Sergio Massa,Lucas Rubinich; Andrés Fidanza,2013-10-21 18:03:39,Política y Economía,Crónica,['Política y Economía'],6241
61,2037,https://www.revistaanfibia.com/el-equilibrista-del-relato-ideologico-a-la-historia-minima/,El equilibrista: del relato ideológico a la historia mínima,Martín Insaurralde,Pablo Perantuono; Romina Malagamba,2013-10-24 17:13:47,Política y Economía,Crónica,['Política y Economía'],4611
62,1954,https://www.revistaanfibia.com/llevame-al-casting/,Llevame al casting,Castings de niños,Natalia Gelós; Carolina Duek,2013-10-29 16:08:01,Tecnologías,Crónica,['Tecnologías'],4352
63,1946,https://www.revistaanfibia.com/sangrar-por-dentro/,Sangrar por dentro,,Margarita García Robayo,2013-10-31 15:38:42,Culturas,Crónica,['Culturas'],3846
64,1500,https://www.revistaanfibia.com/bolivia-los-linchados-de-el-alto/,Bolivia: Los linchados de El Alto,Beca Crónica en Bolivia,Jorge Derpic; Álex Ayala Ugarte,2013-11-04 17:38:30,Políticas de géneros,Crónica,['Políticas de géneros'],4686
65,14896,https://www.revistaanfibia.com/que-tenes-ahi/,¿Qué tenés ahí?,Día de los Difuntos,Brenda Canelo,2013-11-06 11:36:41,Políticas de géneros,Ensayo,['Políticas de géneros'],1751
66,15862,https://www.revistaanfibia.com/verte-entre-la-multitud/,Verte entre la multitud,,Ana Soffietto,2013-11-08 11:02:14,Culturas,Crónica,['Culturas'],2979
67,1888,https://www.revistaanfibia.com/la-vieja-felicidad-del-extasis/,La vieja felicidad del éxtasis,Creamfields,Enzo Maqueira; José María Casco,2013-11-11 17:44:07,Amor y sexo,Crónica,['Amor y sexo'],5935
68,1933,https://www.revistaanfibia.com/un-remedio-cada-20-anos/,Un remedio cada 20 años,Medicamentos,Darío Floppo,2013-11-13 15:03:02,Salud,Crónica,['Salud'],4202
69,2832,https://www.revistaanfibia.com/el-regreso-de-la-matria-grande/,EL REGRESO DE LA MATRIA GRANDE,Bachelet,Patricio Fernández,2013-11-18 12:41:21,Culturas,Crónica,['Culturas'],1748
70,992,https://www.revistaanfibia.com/el-estilo-en-la-mirada/,El estilo en la mirada,Perfil de Hebe Uhart,Mariana Enríquez,2013-11-20 18:36:54,Culturas,Crónica,['Culturas'],5768
71,2908,https://www.revistaanfibia.com/veni-conmigo-no-te-voy-a-traicionar/,"Vení conmigo, no te voy a traicionar",,Rodrigo Daskal; Alejandro Wall,2013-11-26 11:43:12,Culturas,Crónica,['Culturas'],2750
72,16008,https://www.revistaanfibia.com/serena-nueva-venus-negra/,Serena Williams: la nueva Venus negra,,Alejandro Frigerio,2013-12-01 14:16:40,Culturas,Ensayo,['Culturas'],2422
73,1882,https://www.revistaanfibia.com/mis-dias-con-giselle-rimolo-en-la-carcel-2/,Mis días con Giselle Rímolo en la cárcel,Primer Premio de Crónicas La Voluntad,María Silvina Prieto,2013-12-02 17:12:24,Políticas de géneros,,['Políticas de géneros'],3934
74,1869,https://www.revistaanfibia.com/venancio-y-gregorio-vuelven-del-exilio/,Venancio y Gregorio vuelven del exilio,Ventriloquía,Daniel Riera,2013-12-15 16:54:57,Culturas,Crónica,['Culturas'],3477
75,2770,https://www.revistaanfibia.com/soy-cuartetero-y-que/,"Soy cuartetero, ¿y qué?",,Dante Leguizamón; Malena Previtali,2013-12-18 15:44:15,Culturas,Crónica,['Culturas'],5930
76,1540,https://www.revistaanfibia.com/tomas-y-las-escrituras-sagradas/,Tomás y las escrituras sagradas,,Ana Prieto,2014-01-31 16:03:08,Culturas,Crónica,['Culturas'],3511
77,1184,https://www.revistaanfibia.com/el-soldado-de-cristina/,El soldado de Cristina,Andrés Larroque,Gabriel Sued,2014-02-03 17:24:00,Política y Economía,Crónica,['Política y Economía'],6665
78,1727,https://www.revistaanfibia.com/el-periodismo-segun-monsanto/,El periodismo según Monsanto,,Soledad Barruti,2014-02-05 17:11:57,Salud,Crónica,['Salud'],6326
79,1196,https://www.revistaanfibia.com/el-dolar-los-cerdos-y-los-peces/,"El dólar, los cerdos y los peces",Economía,Alejandro Rebossio,2014-02-21 18:23:55,Política y Economía,Crónica,['Política y Economía'],4445
80,1647,https://www.revistaanfibia.com/el-heroe-ferpecto-de-alex-de-la-iglesia/,El héroe ferpecto de Álex de la Iglesia,Lionel Messi,Patricia Suárez,2014-02-25 15:29:16,Culturas,Crónica,['Culturas'],4165
81,1672,https://www.revistaanfibia.com/mil-formas-de-danarnos/,Las mil formas de dañarnos,ACV,Catalina Dowbley; Juan Baldovino,2014-03-05 16:00:00,Salud,Crónica,['Salud'],2673
82,1704,https://www.revistaanfibia.com/el-videojuego-de-dios-2/,El videojuego de Dios,Large Hadron Collider,Bruno Arpaia,2014-03-19 16:19:00,Tecnologías,Crónica,['Tecnologías'],5538
83,1716,https://www.revistaanfibia.com/enfrentar-la-muerte/,Enfrentar la muerte,Premio Centro Cultural de la Memoria Haroldo Conti,Cecilia González,2014-03-24 16:54:47,Política y Economía,,['Política y Economía'],2060
84,2645,https://www.revistaanfibia.com/es-feo-matarse-entre-chilenos-diputado/,"Es feo matarse entre chilenos, diputado",Rosauro Martínez,Cristian Alarcón,2014-03-25 16:45:28,Política y Economía,Crónica,['Política y Economía'],6060
85,1142,https://www.revistaanfibia.com/ruido-de-animales-salvajes/,Ruido de animales salvajes,Amazonía ecuatoriana,Elsa Drucaroff,2014-03-31 18:20:23,Política y Economía,Crónica,['Política y Economía'],3705
86,1541,https://www.revistaanfibia.com/mucho-mas-que-comer-placenta/,Mucho más que comer placenta,Cienciología,Nicolás Viotti; Diego Geddes,2014-04-07 14:18:30,Culturas,Crónica,['Culturas'],4023
87,209,https://www.revistaanfibia.com/el-dolor-no-existe/,EL DOLOR NO EXISTE,Artes Marciales Mixtas,Lenin Brea; Gonzalo Figueroa,2014-04-22 14:39:31,Culturas,Crónica,['Culturas'],4372
88,258,https://www.revistaanfibia.com/un-amor-eterno-de-seis-dias/,UN AMOR ETERNO DE SEIS DÍAS,Citas Virtuales,Eugenia Zicavo; Cecilia González,2014-04-22 15:14:40,Políticas de géneros,Crónica,['Políticas de géneros'],5272
89,200,https://www.revistaanfibia.com/el-populista-incomodo/,EL POPULISTA INCÓMODO,Ernesto Laclau,Flavio Rapisardi,2014-04-22 15:15:26,Política y Economía,Ensayo,['Política y Economía'],1281
90,231,https://www.revistaanfibia.com/la-narco-maquina-ya-no-necesita-chapos/,La narcomáquina ya no necesita Chapos,México,Rossana Reguillo Cruz,2014-04-22 16:53:48,Política y Economía,Ensayo,['Política y Economía'],2968
91,184,https://www.revistaanfibia.com/la-piel-que-nos-encierra/,La piel que nos encierra,Ciencia en la UNSAM,Patricia Serrano,2014-04-22 19:36:54,Culturas,,['Culturas'],2445
92,244,https://www.revistaanfibia.com/crimea/,"Crimea: allí donde haya rusos, hay Rusia",Internacionales,Hinde Pomeraniec,2014-04-23 10:01:46,Política y Economía,Crónica,['Política y Economía'],2143
93,188,https://www.revistaanfibia.com/el-ultimo-desnudo-de-effy/,El último desnudo de Effy,Mundo queer,Matías Máximo,2014-04-23 15:46:09,Políticas de géneros,Crónica,['Políticas de géneros'],2129
94,255,https://www.revistaanfibia.com/hijos-de-represores-30-mil-quilombos/,Hijos de represores: 30 mil quilombos,La Herencia de la Dictadura,Máximo Badaró; Félix Bruzzone,2014-04-23 17:33:57,Política y Economía,,['Política y Economía'],4193
95,216,https://www.revistaanfibia.com/ardio-la-pobreza/,ARDIÓ LA POBREZA,Valparaíso,Álvaro Bisama,2014-04-23 17:45:23,Política y Economía,Crónica,['Política y Economía'],4632
96,226,https://www.revistaanfibia.com/te-preferiamos-muerto-de-amor/,TE PREFERÍAMOS MUERTO DE AMOR,Gabriel García Márquez,Patricia Nieto,2014-04-25 09:58:47,Culturas,Crónica,['Culturas'],1837
97,321,https://www.revistaanfibia.com/me-encantaria-escucharlos/,Orgullo y silencio,J.M. Coetzee,Claudia Piñeiro,2014-04-25 13:02:14,Culturas,Crónica,['Culturas'],3354
98,175,https://www.revistaanfibia.com/la-invencion-de-nueva-york/,LA INVENCIÓN DE NUEVA YORK,Paul Auster,Mariana Enríquez,2014-04-26 19:15:32,Culturas,Crónica,['Culturas'],4069
99,358,https://www.revistaanfibia.com/negocio-hora-fatal/,Relatos de muerte y cementerios,Feria del Libro,Sonia Budassi; Mariana Enríquez,2014-04-28 14:37:59,Culturas,,['Culturas'],807
100,407,https://www.revistaanfibia.com/fiesta-anfibia-en-el-campus-de-la-unsam/,Fiesta Anfibia en el campus de la UNSAM,,,2014-04-29 21:15:27,Culturas,,['Culturas'],286
101,424,https://www.revistaanfibia.com/espia-de-la-walsh/,El espía de la Walsh,Inteligencia,Ana Soffietto,2014-04-30 14:11:28,Culturas,Crónica,['Culturas'],3935
102,442,https://www.revistaanfibia.com/30-mil-quilombos-debate-picante/,30 mil quilombos: del encuentro anfibio al debate picante,,,2014-05-02 21:04:35,Culturas,,['Culturas'],833
103,453,https://www.revistaanfibia.com/violetta-chino-maidana-wilkis-y-hacher-todo-tiene-que-ver-con-todo/,"Violetta, Chino Maidana, Wilkis y Hacher: todo tiene que ver con todo",,,2014-05-03 18:55:27,Culturas,,['Culturas'],1000
104,464,https://www.revistaanfibia.com/el-hombre-que-nada/,El hombre que nada,Fogwill,Federico Bianchini,2014-05-04 13:28:56,Culturas,Crónica,['Culturas'],4210
105,342,https://www.revistaanfibia.com/cien-pinas-por-round/,El chino matrero,Marcos Maidana,Ricardo Robins,2014-05-05 01:35:14,Culturas,Crónica,['Culturas'],4156
106,489,https://www.revistaanfibia.com/almada-por-el-camino-de-la-no-ficcion/,Almada por el camino de la no ficción,Feria del Libro,Selva Almada,2014-05-05 14:49:33,Culturas,,['Culturas'],997
107,504,https://www.revistaanfibia.com/presentaron-el-premio-de-cronicas-ineditas-las-nuevas-plumas/,Presentaron el Premio de Crónicas Inéditas Las Nuevas Plumas,,,2014-05-06 13:23:48,Culturas,,['Culturas'],566
108,512,https://www.revistaanfibia.com/la-nueva-anfibia-en-la-feria-del-libro/,La Nueva Anfibia en la Feria del Libro,,,2014-05-06 15:18:39,Otras,,['Otras'],236
109,500,https://www.revistaanfibia.com/narrar-la-memoria/,Narrar la memoria,,,2014-05-06 21:16:37,Política y Economía,,['Política y Economía'],939
110,526,https://www.revistaanfibia.com/un-simulacro-verdadero/,Un simulacro verdadero,Mario Testino,Raúl Trujillo; Ana Wajszczuk,2014-05-07 13:28:49,Culturas,Crónica,['Culturas'],5311
111,539,https://www.revistaanfibia.com/cambio-de-piel-a-sala-llena/,Cambio de piel a sala llena,Anfibia en la Feria del Libro,,2014-05-08 15:04:00,Culturas,,['Culturas'],717
112,555,https://www.revistaanfibia.com/donde-esta-mugica-hoy/,¿Dónde está Mugica hoy?,Curas villeros,María Sucarrat; Flavio Rapisardi,2014-05-09 14:50:06,Culturas,Crónica,['Culturas'],5223
113,586,https://www.revistaanfibia.com/en-grafica-no-se-te-pide-que-seas-un-carnicero/,"""En gráfica no se te pide que seas un carnicero""",,,2014-05-09 19:39:39,Culturas,,['Culturas'],1023
114,591,https://www.revistaanfibia.com/un-cambio-de-ideas-y-semillas/,Un cambio de ideas y semillas,,,2014-05-11 19:01:46,Culturas,,['Culturas'],865
115,596,https://www.revistaanfibia.com/mercado-central/,Mercado central,Concentración editorial,Daniela Szpilbarg,2014-05-12 13:28:42,Culturas,Ensayo,['Culturas'],2248
116,607,https://www.revistaanfibia.com/claudia-pineiro-cuando-una-idea-es-consistente-vuelve-aparecer-hasta-que-la-escribis/,“Una idea consistente vuelve y vuelve hasta que la escribís”,Feria del Libro,Claudia Piñeiro,2014-05-12 16:32:11,Culturas,,['Culturas'],1086
117,620,https://www.revistaanfibia.com/saraus-de-las-periferias/,Saraus: poesía y periferia,San Pablo,Lucía Tennina,2014-05-14 14:50:40,Culturas,Ensayo,['Culturas'],1978
118,642,https://www.revistaanfibia.com/desde-ese-entonces-sigo-viva/,"Desde ese entonces, sigo viva",Femicidio,Selva Almada,2014-05-16 12:42:14,Políticas de géneros,Crónica,['Políticas de géneros'],1074
119,647,https://www.revistaanfibia.com/una-insuperable-fiesta-de-musica-arrogante/,Una insuperable fiesta de música arrogante,Babasónicos,Martín Cortés,2014-05-19 13:42:09,Culturas,,['Culturas'],3698
120,676,https://www.revistaanfibia.com/oraciones-intimas/,Oraciones íntimas,Manuel Rivas,Matías Máximo,2014-05-20 14:24:33,Culturas,,['Culturas'],883
121,686,https://www.revistaanfibia.com/el-lobo-argentino-de-jp-morgan/,El lobo argentino de JP Morgan,Economía y ficción,Leandro Renou; Ignacio Chausis,2014-05-21 14:31:39,Culturas,,['Culturas'],1023
122,702,https://www.revistaanfibia.com/el-libro-gordo-de-manolo/,El libro gordo de Manolo,Feria del Libro,Manuel Rivas,2014-05-21 20:34:16,Culturas,,['Culturas'],1574
123,725,https://www.revistaanfibia.com/la-cadena-de-enganos-de-j-volpi/,La cadena de engaños de J. Volpi,,,2014-05-23 17:53:40,Otras,,['Otras'],383
124,743,https://www.revistaanfibia.com/dudu-la-baronesa-de-arte-ba/,"Dudú, la baronesa de Arte BA",El mercado del arte,Camila Bretón,2014-05-26 17:11:28,Culturas,Crónica,['Culturas'],4796
125,752,https://www.revistaanfibia.com/cris-morena-es-feminista/,Cris Morena es feminista,Criatura emocional,Carolina Duek,2014-05-27 15:20:01,Políticas de géneros,Ensayo,['Políticas de géneros'],3136
126,765,https://www.revistaanfibia.com/sobre-las-nuevas-plumas/,Sobre las Nuevas Plumas,,,2014-05-28 15:17:32,Otras,,['Otras'],368
127,809,https://www.revistaanfibia.com/putos_hubo_siempre/,Putos hubo siempre,Diario del festival de cine LGBTIQ,Albertina Carri,2014-05-30 12:33:56,Amor y sexo,Crónica,['Amor y sexo'],4035
128,879,https://www.revistaanfibia.com/tensiones-sobre-el-mapa/,Tensiones sobre el mapa,La UNSAM en el barrio,Natalia Gelós,2014-06-02 14:30:08,Política y Economía,Crónica,['Política y Economía'],3304
129,918,https://www.revistaanfibia.com/como-es-ganar-las-nuevas-plumas/,Cómo es ganar las Nuevas Plumas,,,2014-06-03 14:23:46,Otras,,['Otras'],344
130,915,https://www.revistaanfibia.com/los-elefantes-no-olvidan-los-exiliados-tampoco/,"Los elefantes no olvidan, los exiliados tampoco",Abdicó el Rey,Gabriela Wiener,2014-06-03 15:14:17,Política y Economía,Crónica,['Política y Economía'],1379
131,946,https://www.revistaanfibia.com/los-diarios-intimos-son-una-farsa/,Los diarios íntimos son una farsa,Abelardo Castillo,Gabriela Franco,2014-06-04 14:44:13,Culturas,Ensayo,['Culturas'],2537
132,1047,https://www.revistaanfibia.com/borges-que-piensa-de-sartre/,"Borges, ¿Qué piensa usted de Sartre?",Los diarios de Abelardo Castillo,Abelardo Castillo,2014-06-06 13:32:13,Culturas,Crónica,['Culturas'],2795
133,1075,https://www.revistaanfibia.com/feliz-dia-del-periodista-anfibio/,¡Feliz día del periodista anfibio!,,,2014-06-07 12:21:48,Otras,,['Otras'],797
134,1130,https://www.revistaanfibia.com/zamba-para-un-padre-solo/,Zamba para un padre solo,El caso de las turistas francesas,Ana Fornaro,2014-06-09 14:43:39,Políticas de géneros,Crónica,['Políticas de géneros'],2871
135,1173,https://www.revistaanfibia.com/marcos-el-subcomandante-innecesario/,"Marcos, el Subcomandante innecesario",EZLN (México),Alejandro Reyes,2014-06-10 13:51:23,Política y Economía,Ensayo,['Política y Economía'],2852
136,1222,https://www.revistaanfibia.com/operacion-messi-asi-se-hizo-argentino/,Operación Messi: así se hizo argentino,Argentina vs España,Andrés Eliceche,2014-06-12 14:36:31,Culturas,,['Culturas'],2999
137,1292,https://www.revistaanfibia.com/la-venganza-del-arquero-chingon/,La venganza del arquero chingón,México vs Camerún,,2014-06-13 14:37:04,Culturas,Crónica,['Culturas'],1955
138,1317,https://www.revistaanfibia.com/la-caida-del-mosqueton/,La caída del Mosquetón,Rosauro Martínez,Carolina Rojas Neculhual,2014-06-13 23:12:36,Política y Economía,,['Política y Economía'],751
139,1479,https://www.revistaanfibia.com/con-holanda-pondriamos-ocho-defensores/,¿Con Holanda pondríamos ocho defensores?,Argentina vs Bosnia,,2014-06-16 15:21:39,Culturas,Crónica,['Culturas'],1395
140,1498,https://www.revistaanfibia.com/colarse-en-el-maracana-mision-imposible/,Colarse en El Maracaná: Misión imposible,Argentina vs Bosnia,Ulises Rodríguez,2014-06-16 17:59:42,Culturas,,['Culturas'],475
141,1553,https://www.revistaanfibia.com/obscenos-hoy/,Obscenos hoy,Pensar el cuerpo,Camila Bretón,2014-06-17 14:40:53,Políticas de géneros,Crónica,['Políticas de géneros'],2854
142,1596,https://www.revistaanfibia.com/vos-no-hables-que-sos-mujer/,"""Vos no hablés que sos mujer""",,,2014-06-17 17:26:23,Culturas,,['Culturas'],1109
143,1616,https://www.revistaanfibia.com/manu-for-export/,Manu for export,Un bahiense campeón en la NBA,,2014-06-17 18:54:03,Culturas,,['Culturas'],2563
144,1650,https://www.revistaanfibia.com/el-mundial-es-ficcion/,El mundial es ficción,Brasil 2014,Pablo Alabarces,2014-06-18 13:56:40,Culturas,Ensayo,['Culturas'],2595
145,1685,https://www.revistaanfibia.com/todo-sobre-los-buitres/,Todo sobre los buitres,Deuda externa,,2014-06-18 17:20:59,Política y Economía,,['Política y Economía'],1204
146,25454,https://www.revistaanfibia.com/suenos-anfibios/,Sueños anfibios,,,2014-06-20 08:10:00,Culturas,,['Culturas'],556
147,1747,https://www.revistaanfibia.com/los-mandamientos-de-sabella/,Los mandamientos de Sabella,Mundial 2014,,2014-06-20 13:46:15,Culturas,,['Culturas'],1562
148,1965,https://www.revistaanfibia.com/al-gauchito-le-dio-verguenza/,Al gauchito le dio vergüenza,Mundial 1978,Lía Ferrero,2014-06-24 16:56:45,Culturas,Ensayo,['Culturas'],3186
149,1971,https://www.revistaanfibia.com/hacer-justicia-en-un-segundo/,Hacer justicia en un segundo,Brasil 2014,Ezequiel Fernández Moores,2014-06-25 13:40:18,Culturas,Crónica,['Culturas'],2506
150,1979,https://www.revistaanfibia.com/messi-vacio-las-calles/,Messi vació las calles,Argentina vs Nigeria,,2014-06-25 19:17:34,Culturas,Crónica,['Culturas'],739
151,1984,https://www.revistaanfibia.com/el-secreto-del-poder-estatal/,El secreto del poder estatal,Michel Foucault,Luciano Nosetto,2014-06-26 12:23:49,Política y Economía,Ensayo,['Política y Economía'],3728
152,1993,https://www.revistaanfibia.com/piquetes-en-la-prehistoria-de-las-redes-sociales/,Piquetes en la prehistoria de las redes sociales,Darío Santillán,Sebastián Hacher,2014-06-26 14:39:16,Política y Economía,,['Política y Economía'],1254
153,2006,https://www.revistaanfibia.com/el-aparato-analitico-de-los-foucaults/,El aparato analítico de los Foucaults,Coloquio internacional,Romina Malagamba,2014-06-26 17:02:35,Culturas,,['Culturas'],840
154,2032,https://www.revistaanfibia.com/sacate-la-camiseta/,Sacate la camiseta,Cuerpos,Carolina Justo von Lurzer; Carolina Spataro,2014-06-27 14:31:01,Culturas,Ensayo,['Culturas'],1053
155,2081,https://www.revistaanfibia.com/el-mundial-empieza-en-octavos/,El mundial empieza en octavos,,Federico Bianchini,2014-06-27 19:39:51,Culturas,,['Culturas'],511
156,2025,https://www.revistaanfibia.com/que-le-dieron-a-diego/,¿Qué le dieron a Diego?,Doping,Andrés Burgo; Alejandro Wall,2014-06-28 12:54:47,Culturas,Crónica,['Culturas'],3179
157,2095,https://www.revistaanfibia.com/dilma-es-una-mujer-de-suerte/,Dilma es una mujer de suerte,,Federico Bianchini,2014-06-28 22:13:12,Culturas,,['Culturas'],1275
158,2120,https://www.revistaanfibia.com/brasil-te-digo-que-se-siente/,"Brasil, te digo qué se siente",,,2014-06-29 23:16:32,Culturas,,['Culturas'],445
159,2133,https://www.revistaanfibia.com/un-melodrama-uruguayo/,Un melodrama uruguayo,Luis Suárez,Ignacio Pardo,2014-06-30 14:05:16,Culturas,Crónica,['Culturas'],3466
160,2187,https://www.revistaanfibia.com/12-000-por-una-entrada-trucha/,$ 12.000 por una entrada trucha,Argentina vs Suiza,Federico Bianchini,2014-06-30 18:52:14,Culturas,Crónica,['Culturas'],2396
161,2196,https://www.revistaanfibia.com/el-pocho-me-calienta-di-maria-me-enamora/,"El Pocho me calienta, Di María me enamora",Argentina vs Suiza,,2014-07-01 20:26:31,Culturas,,['Culturas'],669
162,2223,https://www.revistaanfibia.com/no-podemos-sufrir-siempre/,No podemos sufrir siempre,Argentina vs Suiza,Federico Bianchini,2014-07-01 22:50:38,Culturas,,['Culturas'],985
163,2238,https://www.revistaanfibia.com/mundial-para-quien/,Mundial para quién,Brasil 2014,Salvador Schavelzon,2014-07-02 15:32:11,Culturas,,['Culturas'],4066
164,2274,https://www.revistaanfibia.com/panico-a-la-derrota/,Pánico a la derrota,Brasil 2014,Rafael Beltrán,2014-07-03 14:18:40,Culturas,Ensayo,['Culturas'],1295
165,2271,https://www.revistaanfibia.com/brasilero-en-fortaleza-te-despides-del-mundial/,Brasilero en Fortaleza te despides del Mundial,Brasil 2014,Vladimir Durán,2014-07-03 16:42:50,Culturas,,['Culturas'],1280
166,2308,https://www.revistaanfibia.com/de-como-el-mago-forlizzi-pudo-colarse-en-el-mundial/,De cómo el mago Forlizzi pudo colarse en el Mundial,Brasil 2014,Federico Bianchini,2014-07-03 17:24:19,Culturas,,['Culturas'],1416
167,2329,https://www.revistaanfibia.com/que-hace-un-turco-en-mi-equipo/,¿Qué hace un turco en mi equipo?,Brasil 2014,Amílcar Salas Oroño,2014-07-04 14:33:02,Culturas,Ensayo,['Culturas'],1282
168,2343,https://www.revistaanfibia.com/cuidado-que-vienen-los-ticos/,"Cuidado, se vienen los ticos",Costa Rica hizo historia,,2014-07-05 00:35:38,Culturas,,['Culturas'],1403
169,2353,https://www.revistaanfibia.com/cruzamos-el-rubicon/,Cruzamos el Rubicón,Argentina vs Bélgica,,2014-07-05 19:05:41,Culturas,,['Culturas'],1372
170,2377,https://www.revistaanfibia.com/vos-no-sos-un-belga/,Vos no sos un belga,Argentina vs Bélgica II,Federico Bianchini,2014-07-06 00:25:10,Culturas,,['Culturas'],1157
171,14962,https://www.revistaanfibia.com/noche-de-mandolinas-y-luces/,"Noche de mandolina, música clásica y luces",,,2014-07-06 09:39:56,Otras,,['Otras'],1077
172,2400,https://www.revistaanfibia.com/tengo-un-problema-en-el-sur/,Tengo un problema en el Sur,El Juez Griesa,Marina Aizen,2014-07-07 15:33:01,Otras,Crónica,['Otras'],2569
173,2300,https://www.revistaanfibia.com/una-mujer-puerca-y-un-dios-personal-2/,Una mujer puerca y un Dios personal,Comunidad Anfibia,,2014-07-07 18:08:42,Culturas,,['Culturas'],563
174,2417,https://www.revistaanfibia.com/brasilia-era-el-futuro/,Brasilia era el futuro,Brasil 2014,Federico Bianchini,2014-07-08 14:15:44,Culturas,Crónica,['Culturas'],1665
175,2464,https://www.revistaanfibia.com/la-cronica-social-como-escapar-de-los-lugares-comunes/,La crónica social: cómo escapar de los lugares comunes,Talleres Anfibia,,2014-07-08 15:02:44,Otras,,['Otras'],767
176,2485,https://www.revistaanfibia.com/todos-moriran/,Todos morirán,Brasil 2014,Sean T. Mitchell,2014-07-08 16:56:37,Culturas,,['Culturas'],2842
177,2497,https://www.revistaanfibia.com/historias-minimas/,Historias mínimas de una gran desilusión,Brasil humillado,Ulises Rodríguez,2014-07-09 13:14:20,Culturas,,['Culturas'],701
178,2513,https://www.revistaanfibia.com/el-paradigma-del-crack/,El paradigma del crack,Brasil 1 Alemania 7,Rafael Beltrán,2014-07-09 14:31:31,Culturas,Ensayo,['Culturas'],1199
179,2528,https://www.revistaanfibia.com/una-calle-para-romero-una-estatua-para-mascherano/,"Una calle para Romero, una estatua para Mascherano",Argentina vs Holanda,,2014-07-10 13:38:59,Culturas,Crónica,['Culturas'],686
180,2586,https://www.revistaanfibia.com/meu-deus/,¡Meu Deus!,Argentina a la final,Federico Bianchini,2014-07-10 15:33:16,Culturas,Crónica,['Culturas'],1745
181,2634,https://www.revistaanfibia.com/es-un-deporte-estupido/,Es un deporte estúpido,El soccer,Gabriela Polit Dueñas; Daniel Fridman,2014-07-11 14:37:45,Culturas,Ensayo,['Culturas'],2010
182,2651,https://www.revistaanfibia.com/el-dificil-camino-de-la-soberania-espacial/,El difícil camino de la soberanía espacial,Tornado II,Cintia Kemelmajer,2014-07-11 17:21:28,Culturas,Crónica,['Culturas'],3713
183,2656,https://www.revistaanfibia.com/argentina-nao-tem-chance/,"""Argentina nao tem chance""",Brasil 2014,Federico Bianchini,2014-07-11 17:47:48,Culturas,,['Culturas'],819
184,2663,https://www.revistaanfibia.com/se-termino-la-ficcion/,Se terminó la ficción,Argentina vs Alemania,Federico Bianchini,2014-07-14 14:14:41,Culturas,,['Culturas'],995
185,2678,https://www.revistaanfibia.com/el-equipo-es-el-otro/,El equipo es el otro,Ser Mascherano,Alejandro Grimson,2014-07-14 18:02:54,Culturas,Ensayo,['Culturas'],1820
186,2824,https://www.revistaanfibia.com/las-huellas-de-la-amia/,Las huellas de la AMIA,A 22 años del atentado,,2014-07-18 11:51:28,Políticas de géneros,Crónica,['Políticas de géneros'],476
187,2854,https://www.revistaanfibia.com/no-son-buitres-son-los-nuevos-lobos/,"No son buitres, son los nuevos lobos",Wall Street,Ana Fornaro,2014-07-21 11:25:01,Política y Economía,Crónica,['Política y Economía'],2639
188,2865,https://www.revistaanfibia.com/nosotros-los-cobayos-de-facebook/,"Nosotros, los cobayos de Facebook",El experimento de Zuckerberg,Marian Moya,2014-07-23 11:05:32,Tecnologías,Ensayo,['Tecnologías'],2882
189,2878,https://www.revistaanfibia.com/por-que-no-me-lo-dijiste-antes/,¿Por qué no me lo dijiste antes?,VIH,Mariana Iacono,2014-07-25 11:34:53,Salud,,['Salud'],1439
190,2887,https://www.revistaanfibia.com/la-cara-bonita-de-la-nueva-derecha/,La cara bonita de la nueva derecha,Jóvenes PRO,Gabriel Vommaro; Andrés Fidanza,2014-07-28 11:39:58,Política y Economía,,['Política y Economía'],5602
191,14376,https://www.revistaanfibia.com/miopes/,Con tener rutas no alcanza,La industria editorial,Gabriela Adamo,2014-07-29 11:57:35,Salud,Ensayo,['Salud'],2271
192,2963,https://www.revistaanfibia.com/el-vicepresidente-del-mundo/,El vicepresidente del mundo,Murió Grondona,Federico Bassahún,2014-07-30 17:15:39,Culturas,,['Culturas'],828
193,2953,https://www.revistaanfibia.com/aun-falta-mucha-informacion/,"VIH, más allá de la polémica",Debate,Mariana Iacono,2014-07-31 13:57:58,Salud,,['Salud'],815
194,2975,https://www.revistaanfibia.com/seis-razones-para-entender-a-grondona/,Seis razones para entender a Grondona,Don Julio,Rodrigo Daskal,2014-08-01 10:52:45,Culturas,,['Culturas'],1424
195,2981,https://www.revistaanfibia.com/no-fui-yo-fue-mama-2/,"No fui yo, fue mamá",Vicente Massot,Miguel Prenz,2014-08-04 11:28:45,Políticas de géneros,Crónica,['Políticas de géneros'],6307
196,3081,https://www.revistaanfibia.com/aparecidos/,Aparecidos,El nieto 114,María Eugenia Ludueña,2014-08-06 14:04:43,Política y Economía,,['Política y Economía'],2223
197,3139,https://www.revistaanfibia.com/yo-tambien-lei-a-gombrowicz/,Yo también leí a Gombrowicz,Famoso y desconocido escritor,Nicolás Hochman; Marcos Urdapilleta,2014-08-08 11:48:13,Política y Economía,Ensayo,['Política y Economía'],1875
198,3155,https://www.revistaanfibia.com/no-se-han-cerrado-las-puertas-ni-las-heridas-de-antano/,No se han cerrado las puertas ni las heridas de antaño,El nieto 114,María Eugenia Ludueña,2014-08-08 15:10:48,Política y Economía,,['Política y Economía'],204
199,3174,https://www.revistaanfibia.com/actitud-maria-laura/,Actitud María Laura,,Virginia Cosin,2014-08-11 12:23:08,Política y Economía,,['Política y Economía'],1789
200,3228,https://www.revistaanfibia.com/sonriendole-a-la-camara/,Sonriéndole a la cámara,Irak,Marina Azahua,2014-08-13 11:32:50,Políticas de géneros,Ensayo,['Políticas de géneros'],4173
201,3308,https://www.revistaanfibia.com/la-caida-de-la-super-mujer/,La caída de la súper mujer,Género y crianza,Eleonor Faur,2014-08-15 11:31:47,Culturas,Ensayo,['Culturas'],4256
202,3323,https://www.revistaanfibia.com/anfibia-en-gaza-la-intimidad-de-la-guerra/,Anfibia en Gaza: la intimidad de la guerra,Conflicto en Medio Oriente,,2014-08-20 12:32:12,Política y Economía,Crónica,['Política y Economía'],3425
203,3360,https://www.revistaanfibia.com/las-nuevas-politicas-de-los-pobres/,Las nuevas políticas de los pobres,Veena Das,Verónica Gago,2014-08-21 12:50:15,Culturas,Ensayo,['Culturas'],1796
204,3357,https://www.revistaanfibia.com/seminario-intensivo-las-cronicas-de-gabriel-garcia-marquez/,SEMINARIO INTENSIVO: LAS CRÓNICAS DE GABRIEL GARCÍA MÁRQUEZ,,,2014-08-21 15:25:25,Otras,,['Otras'],733
205,2529,https://www.revistaanfibia.com/el-costo-de-las-relaciones-domesticas/,El costo de las relaciones domésticas,,Luciana Mantero; Santiago Canevaro,2014-08-22 13:44:58,Política y Economía,,['Política y Economía'],4114
206,3381,https://www.revistaanfibia.com/fuerzas-vivas/,Fuerzas vivas,Olavarría,María Eugenia Ludueña,2014-08-25 12:28:30,Políticas de géneros,Crónica,['Políticas de géneros'],4685
207,3395,https://www.revistaanfibia.com/la-cronica-una-zona-del-desborde/,"La crónica, una zona del desborde",Julio Ramos en Anfibia,Alejandra Laera,2014-08-25 14:24:10,Culturas,Ensayo,['Culturas'],1573
208,3402,https://www.revistaanfibia.com/la-fatal-limitacion-de-la-conspiranoia/,La fatal limitación de la conspiranoia,Brote de Ébola,Daniel Flichtentrei,2014-08-26 10:22:49,Salud,Ensayo,['Salud'],2469
209,3411,https://www.revistaanfibia.com/no-pareces-judia-para-nada/,"No parecés judía, para nada",Conflicto palestino israelí,Hinde Pomeraniec,2014-08-27 12:42:37,Culturas,,['Culturas'],3634
210,3482,https://www.revistaanfibia.com/femicidio-del-dolor-a-la-accion/,Femicidio: del dolor a la acción,UNSAM,Vanesa Vazquez Laba,2014-08-28 15:04:17,Políticas de géneros,,['Políticas de géneros'],1013
211,3494,https://www.revistaanfibia.com/monologo-de-un-sicario/,Monólogo de un sicario,Popeye libre,Andrés Montoya,2014-09-01 11:41:05,Políticas de géneros,Crónica,['Políticas de géneros'],2408
212,3520,https://www.revistaanfibia.com/cuanta-igualdad-somos-capaces-de-soportar/,¿Cuánta igualdad somos capaces de soportar?,Debate trans,Mariana Álvarez Broz,2014-09-02 12:29:46,Culturas,Ensayo,['Culturas'],1634
213,3528,https://www.revistaanfibia.com/el-peligroso-cuento-de-la-supermama/,El peligroso cuento de la “supermamá”,,Eleonor Faur; Mariana Carbajal,2014-09-02 13:33:10,Otras,,['Otras'],771
214,3582,https://www.revistaanfibia.com/el-primer-lector-de-la-cronica-modernista/,El primer lector de la crónica modernista,Julio Ramos en Anfibia,,2014-09-03 14:02:15,Otras,Ensayo,['Otras'],1519
215,3586,https://www.revistaanfibia.com/judia-ni-antisemita-ni-proisraeli/,Judía: ni antisemita ni proisraelí,,Hinde Pomeraniec,2014-09-03 16:27:28,Culturas,,['Culturas'],461
216,3596,https://www.revistaanfibia.com/bombones-para-todas/,Bombones para todas,Día de la secretaria,Mónica Yemayel,2014-09-04 12:33:49,Políticas de géneros,,['Políticas de géneros'],440
217,3604,https://www.revistaanfibia.com/no-estan-dormidos/,No están dormidos,,Daniel Flichtentrei,2014-09-04 17:33:05,Culturas,Ensayo,['Culturas'],1848
218,3611,https://www.revistaanfibia.com/sueno-erotico-de-guitarra-electrica/,Un sueño erótico de guitarra eléctrica,Cerati,Fernando García,2014-09-05 12:58:12,Culturas,Crónica,['Culturas'],2673
219,3621,https://www.revistaanfibia.com/donde-esta-el-logo/,¿Dónde está el logo?,,,2014-09-05 14:46:08,Culturas,,['Culturas'],943
220,3635,https://www.revistaanfibia.com/la-pobreza-le-parecia-divina/,La pobreza le parecía divina,Silvina Ocampo,Mariana Enríquez,2014-09-08 12:49:15,Culturas,Crónica,['Culturas'],3189
221,3676,https://www.revistaanfibia.com/lo-dificil-que-es-armar-una-jirafa/,Lo difícil que es armar una jirafa,Talleres Anfibia,,2014-09-09 17:56:33,Culturas,,['Culturas'],1821
222,3688,https://www.revistaanfibia.com/los-limites-del-baldazo/,Los límites del baldazo,Esclerosis lateral amiotrófica,Pablo Corso,2014-09-10 13:12:49,Culturas,Crónica,['Culturas'],3773
223,3714,https://www.revistaanfibia.com/todavia-desiguales/,Todavía desiguales,,,2014-09-10 14:49:13,Políticas de géneros,,['Políticas de géneros'],2147
224,3738,https://www.revistaanfibia.com/allende-socialismo-empanada-vino-tinto/,Allende y el socialismo “con sabor a empanada y vino tinto”,A 45 años del golpe de Pinochet,Patricio Fernández,2014-09-11 14:28:02,Política y Economía,Crónica,['Política y Economía'],6467
225,3702,https://www.revistaanfibia.com/bombones-de-domingo/,Bombones de domingo,Comunidad Anfibia,,2014-09-11 17:41:16,Otras,,['Otras'],1071
226,3784,https://www.revistaanfibia.com/justo-el-11-de-septiembre/,Justo el 11 de septiembre,A 41 años del golpe de Pinochet,Carolina Rojas Neculhual,2014-09-12 11:43:51,Política y Economía,Crónica,['Política y Economía'],802
227,4097,https://www.revistaanfibia.com/alasitas-mito-tradicion-y-modernidad/,"Alasitas: mito, tradición y modernidad",La fiesta-feria del Ekeko,Carina Circosta,2014-09-12 17:09:06,Culturas,Ensayo,['Culturas'],3265
228,5636,https://www.revistaanfibia.com/pina-y-sangre-a-ver-quien-tiene-razon/,"Piña y sangre, a ver quién tiene razón",Bullying,Mónica Pini; Walter Lezcano,2014-09-15 12:28:57,Políticas de géneros,Crónica,['Políticas de géneros'],4985
229,7222,https://www.revistaanfibia.com/y-esa-cajita-con-botones/,¿Y esa cajita con botones?,El Nanopoc de la UNSAM,Diego Comerci; Ángeles Muro Garlot,2014-09-17 11:55:26,Salud,Crónica,['Salud'],2663
230,8521,https://www.revistaanfibia.com/el-miedo-a-la-libertad/,El miedo a la libertad,Escocia,Nicolás Damin,2014-09-19 12:40:03,Culturas,Ensayo,['Culturas'],2098
231,8450,https://www.revistaanfibia.com/muertos-de-hambre/,Muertos de hambre,Bombay,Martín Caparrós,2014-09-19 14:50:05,Política y Economía,Crónica,['Política y Economía'],4495
232,11808,https://www.revistaanfibia.com/otro-viaje-filosofico-al-sur-de-estados-unidos/,Otro viaje filosófico al sur de Estados Unidos,Comunidad Anfibia,,2014-09-24 00:18:08,Culturas,,['Culturas'],768
233,12480,https://www.revistaanfibia.com/la-mala-victima/,La mala víctima,Melina Romero,Ileana Arduino,2014-09-24 11:36:11,Políticas de géneros,,['Políticas de géneros'],1905
234,14363,https://www.revistaanfibia.com/obama-agravo-muchas-de-las-politicas-de-bush/,“Obama agravó muchas de las políticas de Bush”,Honoris Causa a Nancy Fraser,Flavio Rapisardi,2014-09-26 11:17:41,Política y Economía,,['Política y Economía'],2268
235,14389,https://www.revistaanfibia.com/la-realidad-imita-al-arte/,La realidad imita al arte,,,2014-09-30 12:25:13,Culturas,,['Culturas'],401
236,14391,https://www.revistaanfibia.com/propuestas-para-esta-navidad/,Propuestas para esta navidad,,,2014-09-30 12:29:33,Culturas,,['Culturas'],614
237,14393,https://www.revistaanfibia.com/chorizos-anthrax-y-muerte/,"Chorizos, anthrax y muerte",,,2014-09-30 12:32:22,Culturas,,['Culturas'],644
238,14395,https://www.revistaanfibia.com/ser-veggie/,Ser veggie,,,2014-09-30 12:33:23,Culturas,,['Culturas'],578
239,14397,https://www.revistaanfibia.com/aprendamos-del-salmon/,Aprendamos del salmón,,,2014-09-30 12:35:45,Culturas,,['Culturas'],291
240,14399,https://www.revistaanfibia.com/maria-puede-engordar/,María no puede engordar,,,2014-09-30 12:38:41,Culturas,,['Culturas'],592
241,14401,https://www.revistaanfibia.com/la-revolucion-de-la-policia/,La revolución de la policía,,,2014-09-30 12:39:54,Culturas,,['Culturas'],744
242,14403,https://www.revistaanfibia.com/que-hacemos-sin-navidad/,¿Qué hacemos sin navidad?,,,2014-09-30 12:41:19,Culturas,,['Culturas'],720
243,14405,https://www.revistaanfibia.com/el-peligro-de-vivir-en-un-auto/,El peligro de vivir en un auto,,,2014-09-30 12:43:08,Culturas,,['Culturas'],767
244,14438,https://www.revistaanfibia.com/condenados/,Condenados,El caso Melina,María Florencia Alcaraz; Gabriela Cabezón Cámara,2014-10-01 12:24:12,Políticas de géneros,Crónica,['Políticas de géneros'],3392
245,14485,https://www.revistaanfibia.com/segun-su-madre-fue-un-alumno-normal/,Según su madre no fue un alumno normal,Paco Taibo II,Paco Ignacio Taibo II,2014-10-02 12:17:58,Culturas,Crónica,['Culturas'],5550
246,14502,https://www.revistaanfibia.com/las-garras-de-un-burocrata-caribeno/,Las garras de un burócrata caribeño,Adelanto,Daniel Riera,2014-10-03 11:47:34,Política y Economía,Crónica,['Política y Economía'],1593
247,14511,https://www.revistaanfibia.com/el-ballotage-de-la-clase-media/,El ballotage de la clase media,Brasil,María Laura Tagina,2014-10-06 11:57:09,Política y Economía,,['Política y Economía'],2615
248,14522,https://www.revistaanfibia.com/sandia-kiwi-y-caras-serias/,"Sandía, kiwi y caras serias",Brasil,Malena Azcona,2014-10-06 18:08:56,Política y Economía,,['Política y Economía'],865
249,14531,https://www.revistaanfibia.com/el-macho-y-la-violencia-sin-victimas/,El macho y la violencia sin víctimas,Relatos Salvajes,Gonzalo Garcés,2014-10-07 12:10:15,Culturas,Ensayo,['Culturas'],2157
250,14539,https://www.revistaanfibia.com/discutamos-la-desigualdad/,Discutamos la desigualdad,Gabriel Kessler,Mariana Luzzi,2014-10-07 16:09:04,Política y Economía,Ensayo,['Política y Economía'],2121
251,14546,https://www.revistaanfibia.com/conurbano-espiritual/,Conurbano espiritual,Comunidad Anfibia,,2014-10-08 10:59:42,Culturas,,['Culturas'],429
252,14553,https://www.revistaanfibia.com/la-deuda-de-las-panteras-negras/,La deuda de las Panteras Negras,Sudáfrica post-apartheid,Laura Efron,2014-10-08 12:23:30,Política y Economía,Ensayo,['Política y Economía'],2131
253,14579,https://www.revistaanfibia.com/tiro-al-negro/,Tiro al negro,Estados Unidos,Daniel Perera,2014-10-09 13:42:58,Políticas de géneros,Crónica,['Políticas de géneros'],5959
254,14609,https://www.revistaanfibia.com/generacion-hip-hop-loop-de-un-nacimiento-constante/,Generación Hip-Hop: Loop de un nacimiento constante,Comunidad Anfibia,,2014-10-09 16:04:18,Culturas,Ensayo,['Culturas'],1583
255,14614,https://www.revistaanfibia.com/desde-cuando-sos-peronista/,¿Desde cuándo sos peronista?,Juventud Peronista,Hernán López Echagüe,2014-10-10 13:11:04,Culturas,Crónica,['Culturas'],1640
256,14625,https://www.revistaanfibia.com/el-aymara-no-se-va/,El aymara no se va,Evo Morales,Martín Sivak,2014-10-12 00:30:45,Política y Economía,Crónica,['Política y Economía'],5563
257,14648,https://www.revistaanfibia.com/los-39-africanos/,Los 39 africanos,Literatura,Salvador Biedma,2014-10-14 12:09:49,Culturas,Ensayo,['Culturas'],2007
258,14670,https://www.revistaanfibia.com/rodolfo-walsh-y-la-coca-cola/,Rodolfo Walsh y la Coca Cola,Paco Taibo II,Silvina Tamous,2014-10-15 11:45:40,Culturas,Crónica,['Culturas'],3587
259,14576,https://www.revistaanfibia.com/el-metodo-paco-taibo/,El método Paco Taibo II,Curso Intensivo en Anfibia,,2014-10-15 12:04:42,Educación,Ensayo,['Educación'],1112
260,14694,https://www.revistaanfibia.com/el-falso-embajador/,El falso embajador,,,2014-10-16 12:26:35,Política y Economía,,['Política y Economía'],470
261,14715,https://www.revistaanfibia.com/contrapunto/,Contrapunto,Muestra fotográfica,,2014-10-16 16:36:58,Culturas,,['Culturas'],436
262,14723,https://www.revistaanfibia.com/sebreli-vos-anda-al-arco/,"Sebreli, vos andá al arco","Héroes, machos y patriotas",Pablo Alabarces,2014-10-17 11:26:13,Culturas,Ensayo,['Culturas'],2337
263,14732,https://www.revistaanfibia.com/politica-ideales-y-verdades-medias-la-lealtad-peronista/,"Política, ideales y verdades a medias: la lealtad peronista",17 de octubre,Fernando Alberto Balbi,2014-10-17 15:07:47,Culturas,,['Culturas'],2586
264,14739,https://www.revistaanfibia.com/el-exterminio-latente/,El exterminio latente,Luciano Arruga,Ileana Arduino,2014-10-20 11:04:35,Políticas de géneros,Ensayo,['Políticas de géneros'],2582
265,14759,https://www.revistaanfibia.com/ayotzinapa-el-nombre-del-horror/,"Ayotzinapa, el nombre del horror",México,Rossana Reguillo Cruz,2014-10-21 11:46:23,Políticas de géneros,,['Políticas de géneros'],1527
266,14770,https://www.revistaanfibia.com/epecuen-jamas-se-inundaria/,Epecuén jamás se inundaría,Adelanto,Josefina Licitra,2014-10-23 10:15:47,Culturas,,['Culturas'],1594
267,14782,https://www.revistaanfibia.com/ebola-cuanto-estamos-de-la-infeccion-mundial/,Ébola: ¿A cuánto estamos de la infección mundial?,Brote,Diego Álvarez,2014-10-24 11:59:45,Salud,Ensayo,['Salud'],1788
268,14792,https://www.revistaanfibia.com/contar-la-ciencia/,Contar la ciencia,COPUCI en la UNSAM,Nadia Luna,2014-10-27 12:05:45,Salud,,['Salud'],1933
269,14806,https://www.revistaanfibia.com/brasil-o-el-poder-repartido/,Brasil o el poder repartido,Elecciones 2014,María Laura Tagina,2014-10-29 11:29:17,Otras; Política y Economía,,"['Otras', 'Política y Economía']",1829
270,14813,https://www.revistaanfibia.com/habra-que-leer-como-culiados/,"""Habrá que leer como culiaos""",Premio Crónicas Interiores,,2014-10-29 12:12:54,Otras,,['Otras'],479
271,14828,https://www.revistaanfibia.com/sumergidos-en-el-voto-buquebus/,Sumergidos en el voto Buquebus,Uruguay,Ana Fornaro; Silvina Merenson,2014-10-30 13:14:12,Política y Economía,Crónica,['Política y Economía'],4000
272,14863,https://www.revistaanfibia.com/el-supremo-anfibio/,El supremo anfibio,Raúl Zaffaroni,Federico Bianchini,2014-10-31 13:18:15,Otras,,['Otras'],6487
273,14860,https://www.revistaanfibia.com/le-dicen-camorra-ahora-lo-llaman-sistema/,"No le dicen Camorra, ahora lo llaman Sistema",La obra mutante de Saviano,Jorge Carrión,2014-10-31 14:14:20,Política y Economía,Crónica,['Política y Economía'],2319
274,14904,https://www.revistaanfibia.com/morir-por-la-ciencia/,Morir por la ciencia,,Gabriela Larralde,2014-11-04 11:44:36,Culturas,Crónica,['Culturas'],3292
275,14908,https://www.revistaanfibia.com/musica-clasica-en-pasado-presente-y-futuro/,"Música clásica: pasado, presente y futuro",Yellow Lounge,,2014-11-04 15:24:48,Culturas,,['Culturas'],1032
276,14948,https://www.revistaanfibia.com/ilegales/,Ilegales,Fracaso de la ley de aborto,Ana Soffietto,2014-11-05 12:24:49,Política y Economía,Crónica,['Política y Economía'],3942
277,14971,https://www.revistaanfibia.com/el-dia-de-la-independencia/,El día de la independencia,Catalunya,Laureano Debat,2014-11-07 12:16:31,Política y Economía,Crónica,['Política y Economía'],4880
278,14987,https://www.revistaanfibia.com/los-nuevos-mitos-de-los-viejos-vinagres/,Los nuevos mitos de los viejos vinagres,La escuela,Emilio Tenti Fanfani; Alejandro Grimson,2014-11-10 11:49:59,Educación,,['Educación'],3562
279,15000,https://www.revistaanfibia.com/un-conflicto-contemporaneo-y-ancestral/,Un conflicto contemporáneo y ancestral,Adelanto,Sonia Budassi,2014-11-11 14:42:04,Culturas,Crónica,['Culturas'],4855
280,15010,https://www.revistaanfibia.com/dolar-blue-la-corrida-que-fue/,DÓLAR BLUE: LA CORRIDA QUE NO FUE,Mercados,,2014-11-12 13:34:02,Política y Economía,Ensayo,['Política y Economía'],1237
281,15016,https://www.revistaanfibia.com/cuerpos-cargados/,Cuerpos cargados,Comunidad Anfibia,,2014-11-13 10:23:02,Culturas,,['Culturas'],1156
282,15020,https://www.revistaanfibia.com/cronicas-interiores-los-seis-finalistas/,Crónicas interiores: los seis finalistas,Concurso,,2014-11-14 10:41:25,Culturas,,['Culturas'],490
283,15024,https://www.revistaanfibia.com/cuando-la-policia-miente-los-medios-duermen-la-siesta/,"Cuando la policía miente, los medios duermen la siesta",Premio Crónicas Interiores,Ernesto Picco,2014-11-14 15:18:06,Políticas de géneros,Crónica,['Políticas de géneros'],3352
284,15046,https://www.revistaanfibia.com/doctor-digame-que-enfermedad-tengo/,"Doctor, dígame qué enfermedad tengo",Debate médico,Esteban Rubinstein,2014-11-17 12:04:35,Políticas de géneros,Ensayo,['Políticas de géneros'],2123
285,15066,https://www.revistaanfibia.com/pobres-varones-los-4-mitos-de-borrando-papa/,Pobres varones: los 4 mitos de “Borrando a papá”,Familia,Claudia Hasanbegovic,2014-11-19 13:14:27,Políticas de géneros,Ensayo,['Políticas de géneros'],2968
286,15157,https://www.revistaanfibia.com/internet-una-tumba/,"Internet, la tumba de la utopía posmoderna",Los trabajadores del arte según Boris Groys,Boris Groys,2014-11-20 10:32:48,Culturas,Ensayo,['Culturas'],4838
287,15083,https://www.revistaanfibia.com/copiapo-si-la-luz-fuera-liquida/,Copiapó: si la luz fuera líquida,Adelanto,Leila Guerriero,2014-11-21 12:59:35,Culturas,Crónica,['Culturas'],5492
288,15113,https://www.revistaanfibia.com/el-bicho-academico-ante-los-cambios-sociales/,El bicho académico ante los cambios sociales,Comunidad Anfibia,,2014-11-25 11:33:38,Culturas,,['Culturas'],1967
289,15116,https://www.revistaanfibia.com/catedra-de-teatro/,Cátedra de teatro,Othelo de Shakespeare,,2014-11-26 11:07:36,Culturas,,['Culturas'],929
290,15145,https://www.revistaanfibia.com/la-cruzada-de-la-leche/,La cruzada de la leche,Lactancia 2.0,Margarita García Robayo,2014-11-28 09:16:13,Culturas,Crónica,['Culturas'],6160
291,15132,https://www.revistaanfibia.com/un-karateca-una-hiena-y-cuatro-mujeres-muertas/,"Un karateca, una hiena y cuatro mujeres muertas",Cuádruple crimen,Juan Manuel Mannarino,2014-12-02 08:45:07,Políticas de géneros,Crónica,['Políticas de géneros'],5593
292,15155,https://www.revistaanfibia.com/15155/,Borrando a papá: dos lectores responden,Comunidad Anfibia,,2014-12-02 10:13:46,Culturas,,['Culturas'],1702
293,15180,https://www.revistaanfibia.com/roller-derby-sentirte-poderosa-2/,Roller Derby: Sentirte poderosa,,Natalia Gelós,2014-12-02 12:51:45,Culturas,Crónica,['Culturas'],3340
294,15207,https://www.revistaanfibia.com/el-superyo-radical/,El superyó radical,La UCR hoy,Andrés Fidanza; Carlos Varetto,2014-12-03 13:04:50,Política y Economía,Crónica,['Política y Economía'],5339
295,15230,https://www.revistaanfibia.com/papa-francisco-del-barrio-la-cima-del-mundo/,Del barrio a la cima del mundo,Papa Francisco,Verónica Giménez Béliveau,2014-12-05 12:53:19,Política y Economía,,['Política y Economía'],3409
296,15245,https://www.revistaanfibia.com/cuidar-los-pibes/,Cuidar a los pibes,Ayotzinapa,Rossana Reguillo Cruz,2014-12-05 16:14:09,Políticas de géneros,,['Políticas de géneros'],1170
297,15254,https://www.revistaanfibia.com/el-derecho-la-ciudad/,El derecho a la ciudad,La UNSAM en el barrio,Ezequiel Fernández Bravo,2014-12-09 13:51:21,Política y Economía,,['Política y Economía'],2210
298,15203,https://www.revistaanfibia.com/trafico-de-escarabajos/,Tráfico de escarabajos,,José Luis Pardo; Alejandra Sánchez Inzunza,2014-12-10 11:54:11,Política y Economía,Crónica,['Política y Economía'],3197
299,15300,https://www.revistaanfibia.com/construyete-ti-mismo/,La construcción de uno mismo,Comunidad Anfibia,,2014-12-10 13:48:31,Culturas,,['Culturas'],1545
300,15320,https://www.revistaanfibia.com/el-declive-del-hombre-mediatico/,De la sonrisa perfecta al tuit viral,Comunicación política 2015,Lucía Vincent,2014-12-11 12:26:52,Culturas,Ensayo,['Culturas'],2050
301,15330,https://www.revistaanfibia.com/la-era-de-las-bicimaquinas/,La era de las bicimáquinas,Beca Crónica en Guatemala,Oswaldo J. Hernández; Daniel Perera,2014-12-12 13:50:32,Culturas,,['Culturas'],4658
302,15352,https://www.revistaanfibia.com/papa-francisco-el-simbolo-es-argentino/,El símbolo es argentino,Papa Francisco,Rossana Reguillo Cruz,2014-12-12 16:21:21,Política y Economía,,['Política y Economía'],3206
303,15360,https://www.revistaanfibia.com/reality-monja/,Reality monja,Espiritualidad,Marcos Mayer,2014-12-16 12:04:00,Culturas,Ensayo,['Culturas'],2187
304,15389,https://www.revistaanfibia.com/que-se-callen-las-armas/,Que se callen las armas,Negociaciones de paz,Katalina Vásquez Guzmán,2014-12-17 12:28:24,Política y Economía,Crónica,['Política y Economía'],4444
305,15408,https://www.revistaanfibia.com/ya-no-solo-los-antropologos-estudiamos-las-culturas/,“Ya no solo los antropólogos estudiamos las culturas”,Entrevista a Bruno Latour,Cecilia Hidalgo,2014-12-18 12:42:06,Educación,,['Educación'],2246
306,15436,https://www.revistaanfibia.com/la-densa-alquimia-de-las-alianzas/,La densa alquimia de las alianzas,A 13 años del estallido social,Mariana Gené; Violeta Dikenstein,2014-12-19 12:32:52,Política y Economía,,['Política y Economía'],3721
307,15455,https://www.revistaanfibia.com/escuchar-la-antartida/,Escuchar la Antártida,Especial interactivo,Federico Bianchini,2014-12-22 13:48:34,Ambiente,Crónica,['Ambiente'],3529
308,15486,https://www.revistaanfibia.com/la-libertad-es-un-campo-minado/,La libertad es un campo minado,La no ficción contemporánea,María Sonia Cristoff,2014-12-23 14:19:20,Culturas,Ensayo,['Culturas'],4217
309,15498,https://www.revistaanfibia.com/cromanon-que-mierda-va-ser-politico/,"Cromañón: ""¡Qué mierda no va a ser político!""",,Diego Zenobi,2014-12-29 19:27:57,Política y Economía,Ensayo,['Política y Economía'],6325
310,15508,https://www.revistaanfibia.com/seis-cajones-para-publicar/,Seis cajones para publicar,Un perfil de Julio Ramón Ribeyro,Daniel Titinger,2015-01-02 05:07:08,Culturas,Crónica,['Culturas'],2101
311,15516,https://www.revistaanfibia.com/las-diosas-tambien-se-les-corta-la-luz/,A las diosas también se les corta la luz,Nepal,Patricio De la Paz,2015-01-05 11:03:54,Culturas,Crónica,['Culturas'],2685
312,15529,https://www.revistaanfibia.com/el-horror-de-la-amenaza-cumplida/,El horror de la amenaza cumplida,El ataque a Charlie Hebdo,Iván Schuliaquer,2015-01-07 18:12:21,Culturas,Ensayo,['Culturas'],999
313,15538,https://www.revistaanfibia.com/mar-del-plata-cuando-la-ciudad-se-vuelve-ajena/,Mar del Plata: cuando la ciudad se vuelve ajena,Verano anfibio,Juan Carrá,2015-01-08 11:48:15,Culturas,Crónica,['Culturas'],946
314,15542,https://www.revistaanfibia.com/rico-para-nada/,"""¿Rico? No, para nada""",Adelanto,Soledad Vallejos,2015-01-09 11:56:14,Culturas,Crónica,['Culturas'],5092
315,15556,https://www.revistaanfibia.com/quien-representa-los-musulmanes-de-francia/,¿Quién representa a los musulmanes de Francia?,Charlie Hebdo,Enrique Herszkowich,2015-01-12 12:40:47,Culturas,Ensayo,['Culturas'],2105
316,15564,https://www.revistaanfibia.com/es-mas-facil-robar-un-banco-que-guardar-un-secreto/,Es más fácil robar un banco que guardar un secreto,Robo del siglo,Rodolfo Palacios,2015-01-13 11:15:00,Culturas,Crónica,['Culturas'],2397
317,15574,https://www.revistaanfibia.com/fuiste-mi-primavera/,Fuiste mi primavera,Amor y adicción,Pablo Ramos,2015-01-13 12:54:45,Culturas,Crónica,['Culturas'],3046
318,15589,https://www.revistaanfibia.com/bienvenido-texas-gabo/,"Bienvenido a Texas, Gabo",Debate,Gabriela Polit Dueñas,2015-01-14 11:29:06,Culturas,Ensayo,['Culturas'],2439
319,15598,https://www.revistaanfibia.com/el-vecino-musulman/,El vecino musulmán,Espiritualidad,Cicco - Abdul Wakil,2015-01-15 12:20:54,Culturas,Crónica,['Culturas'],2809
320,15612,https://www.revistaanfibia.com/azucar-amarga/,Azúcar amarga,Verano anfibio,Pablo Ramos,2015-01-16 11:48:06,Culturas,Crónica,['Culturas'],902
321,15720,https://www.revistaanfibia.com/la-magia-de-una-ola-que-estalla/,Fotografiar una ola que estalla,Ostende,Mercedes Halfon,2015-01-20 12:51:36,Política y Economía,Crónica,['Política y Economía'],1633
322,15770,https://www.revistaanfibia.com/la-conspiracion/,La conspiración,Caso Nisman,Flavio Rapisardi,2015-01-21 12:02:46,Políticas de géneros,Ensayo,['Políticas de géneros'],2194
323,15779,https://www.revistaanfibia.com/para-que-sirve-un-espia/,¿Para qué sirve un espía?,Caso Nisman,Nicolás Damin,2015-01-22 12:03:18,Culturas,Ensayo,['Culturas'],1740
324,15810,https://www.revistaanfibia.com/entre-virgenes-santos-y-angeles-regalados/,"Entre vírgenes, santos y ángeles regalados",Homenaje a Lemebel,Cristian Alarcón,2015-01-23 13:42:11,Culturas,,['Culturas'],2355
325,15811,https://www.revistaanfibia.com/como-los-heroes-muertos/,Lo lloraremos como a los héroes muertos,Homenaje a Lemebel,Álvaro Bisama,2015-01-23 15:29:37,Culturas,,['Culturas'],1688
326,15822,https://www.revistaanfibia.com/lo-sacro-y-lo-blasfemo-en-una-noche-limena/,Lo sacro y lo blasfemo en una noche limeña,Homenaje a Lemebel,Flavio Rapisardi,2015-01-23 16:58:25,Culturas,Ensayo,['Culturas'],1047
327,15825,https://www.revistaanfibia.com/el-anti-cronista-chileno/,El anti cronista chileno,Homenaje a Lemebel,Julián Gorodischer,2015-01-23 18:43:02,Culturas,,['Culturas'],1586
328,15830,https://www.revistaanfibia.com/cuando-pedro-aun-era-lemebel/,Cuando Pedro aún no era Lemebel,Homenaje anfibio,,2015-01-23 20:39:24,Culturas,,['Culturas'],796
329,15828,https://www.revistaanfibia.com/madre-excentrica-abuela-tierna/,"Madre excéntrica, abuela tierna",Homenaje a Lemebel,Gabriela Wiener,2015-01-23 20:44:18,Culturas,,['Culturas'],350
330,15848,https://www.revistaanfibia.com/tu-recuerdo-fresco-como-ramita-de-albahaca/,"Tu recuerdo, fresco como ramita de albahaca",Homenaje a Lemebel,Marlene Wayar,2015-01-24 15:46:13,Culturas,Crónica,['Culturas'],1455
331,15851,https://www.revistaanfibia.com/pedro-nuestro-que-estas-en-los-espejos/,Pedro nuestro que estás en los espejos,Homenaje a Lemebel,Fernando Noy,2015-01-24 15:51:28,Culturas,,['Culturas'],136
332,15860,https://www.revistaanfibia.com/cuando-el-horizonte-se-desquicia/,Horizonte desquiciado,Verano anfibio,Hernán Ronsino,2015-01-27 11:28:40,Ambiente,Crónica,['Ambiente'],1818
333,15877,https://www.revistaanfibia.com/homenaje-santuario-lemebel/,Santuario Lemebel,,,2015-01-27 15:43:56,Culturas,,['Culturas'],140
334,15881,https://www.revistaanfibia.com/la-inutilidad-de-una-canilla-sin-agua/,La inutilidad de una canilla sin agua,La sequía en San Pablo,Laura Capriglione,2015-01-28 11:12:54,Política y Economía,Crónica,['Política y Economía'],1130
335,15947,https://www.revistaanfibia.com/la-pedra-de-chile/,La Pedra de Chile,Homenaje a Lemebel,Patricio Fernández,2015-01-30 12:24:27,Culturas,,['Culturas'],1245
336,15955,https://www.revistaanfibia.com/son-necesarios-los-agentes-secretos/,"Quítate las gafas, James",La Agencia Federal de Inteligencia,Ileana Arduino; Natalia Federman,2015-02-02 13:01:40,Culturas,Ensayo,['Culturas'],1756
337,15981,https://www.revistaanfibia.com/puta-nao-es-infidelidade/,Puta nao es infidelidade,Verano anfibio,Enzo Maqueira,2015-02-03 10:17:53,Política y Economía,Crónica,['Política y Economía'],1531
338,16030,https://www.revistaanfibia.com/evitar-viejos-errores/,Evitar viejos errores,La Agencia Federal de Inteligencia,Eva Muzzopappa,2015-02-05 11:57:04,Política y Economía,Ensayo,['Política y Economía'],2171
339,16075,https://www.revistaanfibia.com/nisman-la-politica-del-cuerpo-muerto/,Nisman: la política del cuerpo muerto,AMIA,Laura Marina Panizo,2015-02-13 12:33:57,Políticas de géneros,Ensayo,['Políticas de géneros'],1993
340,16081,https://www.revistaanfibia.com/pruebas-y-sospechas/,Pruebas y sospechas,Caso Nisman,Santiago O´Donnell,2015-02-13 21:51:30,Políticas de géneros,Ensayo,['Políticas de géneros'],2742
341,16092,https://www.revistaanfibia.com/nisman-y-la-crisis-de-interpretacion/,La crisis de la interpretación,Caso Nisman,Alejandro Grimson,2015-02-16 10:19:13,Políticas de géneros,Ensayo,['Políticas de géneros'],4262
342,16122,https://www.revistaanfibia.com/la-gloria-del-silencio/,LA GLORIA DEL SILENCIO,#18F,Leandro Sebastián López,2015-02-20 15:49:01,Políticas de géneros,Ensayo,['Políticas de géneros'],2235
343,16137,https://www.revistaanfibia.com/lo-dificil-de-leer-en-la-playa/,Lo difícil de leer en la playa,Verano Anfibio,Guillermo Martínez,2015-02-23 11:34:30,Culturas,Crónica,['Culturas'],1305
344,16143,https://www.revistaanfibia.com/salir-del-letargo/,Salir del letargo,Nisman y el 18F,Federico Lorenz,2015-02-24 11:45:55,Política y Economía,Ensayo,['Política y Economía'],1694
345,16157,https://www.revistaanfibia.com/nisman-es-todos-porque-nisman-era-nadie/,"Nisman es todos, Nisman no era nadie",#18F,Horacio Tarcus,2015-02-25 11:43:40,Política y Economía,Ensayo,['Política y Economía'],2401
346,16175,https://www.revistaanfibia.com/multitudes-del-miedo-y-la-ficcion/,Multitudes del miedo y la ficción,#18F,María Pía López,2015-02-26 07:27:55,Política y Economía,Ensayo,['Política y Economía'],1754
347,16193,https://www.revistaanfibia.com/los-dias-despues-y-la-mecanica-de-una-rutina-insoportable/,La mecánica de una rutina insoportable,Comunidad Anfibia,,2015-03-02 17:23:33,Culturas,,['Culturas'],871
348,16207,https://www.revistaanfibia.com/el-nucleo-duro/,El núcleo duro,#1M,Lucía Álvarez,2015-03-03 11:51:56,Política y Economía,Crónica,['Política y Economía'],2447
349,16222,https://www.revistaanfibia.com/el-miedo-a-las-mariposas-nocturnas/,El miedo a las mariposas nocturnas,Verano anfibio,Ana Fornaro,2015-03-04 13:56:03,Culturas,Crónica,['Culturas'],1533
350,16228,https://www.revistaanfibia.com/faltarle-el-respeto-al-agua/,Faltarle el respeto al agua,Inundaciones en Córdoba,Dante Leguizamón,2015-03-05 11:09:28,Política y Economía,,['Política y Economía'],2226
351,16251,https://www.revistaanfibia.com/sven-helbig-el-hombre-que-perseguia-sonidos/,El hombre que perseguía sonidos,Sven Helbig,Dolores Caviglia; Sebastián Verea,2015-03-06 15:00:13,Culturas,,['Culturas'],3067
352,16274,https://www.revistaanfibia.com/la-ciencia-no-es-una-lata-de-conserva/,La ciencia no es una lata de conserva,Prácticas científicas,Pablo Pellegrini,2015-03-09 11:37:51,Tecnologías,Ensayo,['Tecnologías'],1204
353,16286,https://www.revistaanfibia.com/las-politicas-de-los-nombres/,Las políticas de los nombres,Marchas,Gisela Catanzaro; Gabriela Seghezzo,2015-03-10 11:01:59,Política y Economía,Ensayo,['Política y Economía'],2593
354,16308,https://www.revistaanfibia.com/el-verano-fue-una-carpa-sin-gemidos/,El verano fue una carpa sin gemidos,Verano Anfibio,Martín Pérez,2015-03-11 12:26:50,Culturas,Crónica,['Culturas'],1339
355,16330,https://www.revistaanfibia.com/blues-pobreza-y-vudu-y-la-tierra-de-elvis/,"Blues, pobreza y vudú y la tierra de Elvis",,Mariana Enríquez,2015-03-13 11:09:23,Política y Economía,Crónica,['Política y Economía'],4279
356,16318,https://www.revistaanfibia.com/viaje-espeluznante-al-sur-del-rio-ohio/,Viaje espeluznante al sur del río Ohio,,Mariana Enríquez,2015-03-13 11:10:29,Culturas,Crónica,['Culturas'],4903
357,16364,https://www.revistaanfibia.com/platon-para-todos/,Platón para todos,,Verónica Gago,2015-03-13 12:23:33,Educación,Crónica,['Educación'],2548
358,16376,https://www.revistaanfibia.com/la-fiesta-del-saber-kolla/,La fiesta del saber Kolla,,María Eugenia Ludueña,2015-03-13 13:28:16,Culturas,Crónica,['Culturas'],4997
359,16393,https://www.revistaanfibia.com/el-baile-prohibido-de-las-favelas/,El baile prohibido de las favelas,Música y violencia en Brasil,Natasha Felizi; Roberta Brasilino Barbosa,2015-03-13 15:10:27,Políticas de géneros,Crónica,['Políticas de géneros'],7464
360,16414,https://www.revistaanfibia.com/el-lado-b-del-policial/,El lado B del policial,Festival Azabache,Gabriela Cabezón Cámara,2015-03-13 15:41:48,Culturas,Crónica,['Culturas'],2404
361,16422,https://www.revistaanfibia.com/el-millonario-y-los-anfibios/,El millonario y los anfibios,,,2015-03-13 15:52:33,Culturas,Crónica,['Culturas'],1177
362,16425,https://www.revistaanfibia.com/se-astilla-a-la-derecha/,Se astilla a la derecha,Elecciones 2015,Carlos Varetto; Mariana Prats,2015-03-16 13:09:44,Política y Economía,Ensayo,['Política y Economía'],2245
363,16442,https://www.revistaanfibia.com/dolares-para-el-ego/,Dólares para el ego,ArteBA,Patricia Kolesnicov,2015-03-17 11:11:18,Política y Economía,Crónica,['Política y Economía'],1976
364,16343,https://www.revistaanfibia.com/los-hjijos-del-mercado/,Los hijos del mercado,Economía informal en Nicaragua,Dora Luz Romero,2015-03-17 11:28:49,Política y Economía,Crónica,['Política y Economía'],2392
365,16458,https://www.revistaanfibia.com/mientras-el-diego-duerme/,Mientras el Diego Duerme,Cocodrilo,María Sol Lauría,2015-03-17 12:03:58,Políticas de géneros,Crónica,['Políticas de géneros'],4729
366,16476,https://www.revistaanfibia.com/gritos-desde-el-pozo/,Gritos desde el pozo,,,2015-03-17 12:16:36,Culturas,Crónica,['Culturas'],193
367,16496,https://www.revistaanfibia.com/desborde-de-amor/,Desborde de amor,Comunidad Anfibia,,2015-03-17 13:28:00,Culturas,,['Culturas'],459
368,16522,https://www.revistaanfibia.com/la-cultura-del-peritaje/,La cultura del peritaje,Caso Nisman,Horacio González,2015-03-18 12:17:11,Política y Economía,,['Política y Economía'],2019
369,16542,https://www.revistaanfibia.com/basura/,Basura,Femicidio,Gabriela Cabezón Cámara,2015-03-19 09:13:43,Políticas de géneros,,['Políticas de géneros'],789
370,16541,https://www.revistaanfibia.com/activismo-judicial-del-palacio-a-la-calle/,ACTIVISMO JUDICIAL: DEL PALACIO A LA CALLE,18F,Virginia Vecchioli,2015-03-19 10:35:53,Política y Economía,,['Política y Economía'],2750
371,16833,https://www.revistaanfibia.com/mitos-y-verdades-de-pablo-escobar-gaviria/,Mitos y verdades de Pablo Escobar Gaviria,La hacienda Nápoles,Juan Pablo Escobar,2015-03-20 10:23:08,Culturas,Crónica,['Culturas'],4518
372,17135,https://www.revistaanfibia.com/effy-biologia-y-lenguaje/,"Effy, biología y lenguaje",Identidad de género,Matías Máximo,2015-03-25 10:01:42,Políticas de géneros,Ensayo,['Políticas de géneros'],2743
373,17163,https://www.revistaanfibia.com/que-hizo-nisman-en-la-causa-amia/,¿Qué hizo Nisman en la causa AMIA?,La investigación del atentado,Andrés Fidanza,2015-03-26 11:48:43,Política y Economía,Crónica,['Política y Economía'],6516
374,17185,https://www.revistaanfibia.com/abramovic-el-cuerpo-al-limite/,Abramovic: el cuerpo al límite,Arte y performance,Sofía Almiroty,2015-03-27 10:12:41,Políticas de géneros,Crónica,['Políticas de géneros'],3101
375,17287,https://www.revistaanfibia.com/acariciar-el-cuerpo/,Acariciar el cuerpo,Colmegna,Mónica Yemayel,2015-03-30 08:20:48,Culturas,,['Culturas'],5991
376,17320,https://www.revistaanfibia.com/j-m-coetzee-dirigira-la-catedra-literaturas-del-sur-de-la-unsam/,J. M. Coetzee dirigirá la Cátedra Literaturas del Sur de la UNSAM,,,2015-03-30 16:50:54,Otras,,['Otras'],255
377,17350,https://www.revistaanfibia.com/el-escritor-de-la-guerra/,La voz de la guerra,Invitado Anfibio,Jon Lee Anderson,2015-03-31 09:13:44,Culturas,Crónica,['Culturas'],2891
378,17341,https://www.revistaanfibia.com/rosada-y-boca-arriba-como-salmon-muerto/,"Rosada y boca arriba, como salmón muerto",Verano Anfibio,María Fernanda Ampuero,2015-03-31 11:49:43,Políticas de géneros,Crónica,['Políticas de géneros'],1179
379,17389,https://www.revistaanfibia.com/malvinas-islas-amputadas/,Las Islas amputadas,Malvinas,Federico Lorenz,2015-04-01 09:05:25,Política y Economía,Ensayo,['Política y Economía'],2548
380,17432,https://www.revistaanfibia.com/malvinas-la-verdad-estaqueada/,La verdad estaqueada,Malvinas,Roberto Herrscher,2015-04-02 07:58:37,Política y Economía,Crónica,['Política y Economía'],2011
381,17462,https://www.revistaanfibia.com/el-efecto-papfrancisco-simple-is-beautiful/,El efecto Francisco: simple is beautiful,Visiones del Papa,Nicolás Viotti,2015-04-03 12:43:30,Política y Economía,,['Política y Economía'],2600
382,17526,https://www.revistaanfibia.com/la-centralidad-literaria-del-sur/,La centralidad literaria del sur,UNSAM,Juan Pablo Bertazza,2015-04-06 10:06:51,Culturas,Ensayo,['Culturas'],2498
383,17535,https://www.revistaanfibia.com/17535/,Héroes: los que escribieron y ganaron,Concurso Federal de Relatos,,2015-04-06 11:11:31,Culturas,,['Culturas'],259
384,17565,https://www.revistaanfibia.com/nisman-el-caso-conmocionante/,"Nisman, el caso conmocionante",Medios y política,Damián Fernandez Pedemonte,2015-04-07 08:45:16,Política y Economía,Ensayo,['Política y Economía'],3277
385,17600,https://www.revistaanfibia.com/globos-y-buena-onda/,Globos y buena onda,Adelanto,Gabriel Vommaro; Alejandro Bellotti; Sergio Morresi,2015-04-08 08:24:42,Culturas,Crónica,['Culturas'],3951
386,17633,https://www.revistaanfibia.com/el-profano-ritual-del-pavoneo/,El profano ritual del pavoneo,,,2015-04-09 13:47:38,Culturas,,['Culturas'],497
387,17661,https://www.revistaanfibia.com/el-gran-domador/,El gran domador,Rusia,Hinde Pomeraniec,2015-04-10 09:48:59,Política y Economía,Crónica,['Política y Economía'],2466
388,22130,https://www.revistaanfibia.com/la-salada-es-para-siempre/,La Salada es para siempre,Conurbano,Sebastián Hacher,2015-04-11 08:19:05,Política y Economía,Crónica,['Política y Economía'],1782
389,22174,https://www.revistaanfibia.com/todos-podemos-ser-rubius/,¿Todos podemos ser Rubius?,Los Youtubers en el Club Media Fest,Carolina Duek,2015-04-13 08:50:52,Tecnologías,Crónica,['Tecnologías'],4233
390,22252,https://www.revistaanfibia.com/todo-arte-es-politico/,Todo arte es político,Boris Groys en UNSAM,Martín Baña,2015-04-15 09:03:54,Culturas,Ensayo,['Culturas'],3163
391,22309,https://www.revistaanfibia.com/crecer-con-serrat/,Crecer con Serrat,Cultura progresista,Natalí Schejtman,2015-04-17 09:19:44,Culturas,Crónica,['Culturas'],5021
392,22397,https://www.revistaanfibia.com/pero-sin-sangre/,Pero sin sangre,La interna del PRO,Julia Muriel Dominzain; Gabriela Mattina,2015-04-20 09:17:05,Política y Economía,Crónica,['Política y Economía'],4978
393,22437,https://www.revistaanfibia.com/el-precipicio-y-las-ganas-de-llorar/,El precipicio y las ganas de llorar,Otoño anfibio,Manuel Crespo,2015-04-22 08:42:41,Culturas,Crónica,['Culturas'],1172
394,22459,https://www.revistaanfibia.com/amorales/,Amorales,Narrativas del escándalo,Mayra Alvarado; Marina Sánchez de Bustamante,2015-04-23 08:42:43,Amor y sexo,Ensayo,['Amor y sexo'],1555
395,22470,https://www.revistaanfibia.com/exploto-el-calbuco/,Explotó el Calbuco,La erupción del volcán,María Marta Quintana,2015-04-23 12:32:08,Ambiente,Crónica,['Ambiente'],879
396,22488,https://www.revistaanfibia.com/xochitl-la-diosa-de-la-fiesta-gay-mexicana/,Xóchitl: la diosa de la fiesta gay mexicana,Adelanto,Guillermo Osorno,2015-04-24 09:31:15,Amor y sexo,Crónica,['Amor y sexo'],3839
397,22552,https://www.revistaanfibia.com/de-evita-a-mauricio-el-pro-villero/,De Evita a Mauricio: el PRO villero,Elecciones y punteros,Julia Muriel Dominzain,2015-04-27 11:16:47,Política y Economía,Crónica,['Política y Economía'],4573
398,22628,https://www.revistaanfibia.com/cincuenta-sombras-del-postporno/,50 sombras del postporno,BDSM,Laura Milano,2015-04-28 10:15:09,Amor y sexo,Ensayo,['Amor y sexo'],3416
399,22688,https://www.revistaanfibia.com/no-fui-testigo/,No fui testigo,Javier Cercas en Anfibia,Paula Kuffer,2015-04-29 06:40:26,Culturas,Ensayo,['Culturas'],3046
400,22767,https://www.revistaanfibia.com/8-horas-17-minutos/,8 horas 17 minutos,Desafiar al cuerpo,Federico Bianchini,2015-04-30 07:39:21,Culturas,Crónica,['Culturas'],2221
401,22904,https://www.revistaanfibia.com/progreso-clandestino/,Progreso clandestino,Talleres textiles,Verónica Gago,2015-05-04 11:15:59,Política y Economía,Ensayo,['Política y Economía'],3157
402,22966,https://www.revistaanfibia.com/narrar-el-sur-desde-el-sur/,Narrar el Sur desde el Sur,,Daniela Trabuchi,2015-05-05 12:55:56,Culturas,Ensayo,['Culturas'],2686
403,23012,https://www.revistaanfibia.com/nepal-lo-sagrado-es-precario/,Nepal: lo sagrado es precario,Terremoto,Constanza Coll,2015-05-06 08:51:16,Política y Economía,Crónica,['Política y Economía'],3551
404,23116,https://www.revistaanfibia.com/mapas-de-la-politica-y-del-cuerpo/,Mapas de la política y del cuerpo,Presentación del libro de Anfibia,Álvaro Bisama,2015-05-08 12:33:34,Culturas,Crónica,['Culturas'],1245
405,23205,https://www.revistaanfibia.com/buenas-historias/,Buenas historias,Anfibia de papel,Hinde Pomeraniec,2015-05-11 08:28:45,Culturas,,['Culturas'],893
406,23219,https://www.revistaanfibia.com/los-escritores-de-ficcion-preferimos-no-chequear/,"""Los escritores de ficción preferimos no chequear""",Anfibia en papel,Félix Bruzzone,2015-05-11 11:10:47,Culturas,,['Culturas'],1442
407,23260,https://www.revistaanfibia.com/te-mato/,Te mato,El femicidio de Caballito,Roxana Sandá,2015-05-12 08:52:58,Políticas de géneros,Crónica,['Políticas de géneros'],1911
408,23373,https://www.revistaanfibia.com/soy-un-provocador-de-la-sociedad/,Soy un provocador de la sociedad,Primer Premio Concurso Federal Héroes,Laura San José,2015-05-14 07:49:51,Culturas,Crónica,['Culturas'],2969
409,23419,https://www.revistaanfibia.com/gas-pimienta-drone-misiles/,"Gas pimienta, drone, misiles",La suspensión del Boca River,Pablo Alabarces,2015-05-15 06:47:38,Culturas,,['Culturas'],1327
410,23476,https://www.revistaanfibia.com/seminario-de-periodismo-politico-2/,Seminario de Periodismo Político,,,2015-05-15 11:42:57,Otras,,['Otras'],600
411,23625,https://www.revistaanfibia.com/la-muerte-imposible-de-marcelo-diez/,La muerte imposible de Marcelo Diez,Bioética,María Belén Etchenique; Florencia Luna,2015-05-18 11:37:19,Políticas de géneros,Crónica,['Políticas de géneros'],3764
412,23707,https://www.revistaanfibia.com/laclau-sin-fin-de-ciclo/,"Laclau, sin fin de ciclo",Populismo,Iván Schuliaquer,2015-05-20 09:46:41,Otras; Política y Economía,Ensayo,"['Otras', 'Política y Economía']",2820
413,23775,https://www.revistaanfibia.com/ultraviolentos/,Ultraviolento,Justicia y abuso,Ileana Arduino,2015-05-22 09:59:59,Políticas de géneros,Ensayo,['Políticas de géneros'],1930
414,23854,https://www.revistaanfibia.com/los-machos-me-dicen-feminazi/,Los machos me dicen feminazi,Feminismos,Paula Rey; Lucía Martelotte,2015-05-26 12:03:32,Políticas de géneros,Ensayo,['Políticas de géneros'],3776
415,23972,https://www.revistaanfibia.com/rumor-y-castigo/,Rumor y castigo,Crímenes en Monte Hermoso,Sonia Budassi; Nicolás Damin,2015-05-29 10:12:37,Políticas de géneros,,['Políticas de géneros'],5559
416,24054,https://www.revistaanfibia.com/policia-bonaerense-juegos-de-seduccion/,Policía Bonaerense: juegos de seducción,La sexualidad en las comisarías,,2015-06-01 11:46:22,Política y Economía,,['Política y Economía'],1756
417,24080,https://www.revistaanfibia.com/vos-tu-amiga-tu-hija-tu-madre/,"Vos, tu amiga, tu hija, tu madre",Ni una menos,Hinde Pomeraniec,2015-06-02 06:27:56,Políticas de géneros,Ensayo,['Políticas de géneros'],1659
418,24089,https://www.revistaanfibia.com/narrar-la-diferencia/,"Narrar la diferencia. Periodismo, teoría y ficción",,,2015-06-02 08:11:16,Otras,,['Otras'],1400
419,24104,https://www.revistaanfibia.com/el-genero-de-una-decada/,El género de una década,Ni una menos,Mariana Gras,2015-06-02 10:43:18,Políticas de géneros,Ensayo,['Políticas de géneros'],2274
420,24555,https://www.revistaanfibia.com/nada-sera-igual/,Nada será igual,Ni una menos,Lucila Schonfeld; Alejandro Grimson,2015-06-04 06:59:30,Políticas de géneros,,['Políticas de géneros'],2051
421,24752,https://www.revistaanfibia.com/te-juro-que-no-te-pego-mas/,Te juro que no te pego más,Ni una menos,Malvina Silba,2015-06-05 08:29:26,Políticas de géneros,,['Políticas de géneros'],2045
422,24935,https://www.revistaanfibia.com/el-heroe-del-rio/,El héroe del río,Concurso Federal de Relatos,Gustavo Farabollini,2015-06-08 08:18:05,Políticas de géneros,Crónica,['Políticas de géneros'],2453
423,25059,https://www.revistaanfibia.com/padura-el-pesimismo-de-un-escritor-exitoso/,El pesimismo de un escritor exitoso,Leonardo Padura,Paula Bistagnino; Dolores Caviglia,2015-06-10 07:41:41,Culturas,Crónica,['Culturas'],4241
424,25074,https://www.revistaanfibia.com/la-fifa-era-el-paraiso/,La FIFA era el paraíso,Soborno y lavado,Leandro Renou; Ignacio Chausis,2015-06-10 09:22:44,Política y Economía,Crónica,['Política y Economía'],2429
425,25107,https://www.revistaanfibia.com/todos-anfibios/,Todos anfibios,Al rescate,María Moreno,2015-06-11 10:55:15,Culturas,Ensayo,['Culturas'],5394
426,25214,https://www.revistaanfibia.com/la-dificultad-de-ser/,La dificultad de ser mejor que los otros,Anfibia en la Copa América,Ariel Scher,2015-06-15 08:44:06,Culturas,Crónica,['Culturas'],2690
427,25364,https://www.revistaanfibia.com/de-que-hablamos-cuando-hablamos-de-populismo-2/,¿De qué hablamos cuando hablamos de populismo?,Debate anfibio,Ezequiel Adamovsky,2015-06-19 08:29:55,Política y Economía,Ensayo,['Política y Economía'],3086
428,25400,https://www.revistaanfibia.com/la-siembra/,La siembra,,,2015-06-20 07:38:57,Otras,,['Otras'],542
429,25403,https://www.revistaanfibia.com/la-habitacion-125-es-una-nave-espacial/,La habitación 125 es una nave espacial,,,2015-06-20 07:40:54,Otras,,['Otras'],378
430,25405,https://www.revistaanfibia.com/de-patria-y-de-hermanos/,De patria y de hermanos,,,2015-06-20 07:42:23,Otras,,['Otras'],551
431,25409,https://www.revistaanfibia.com/un-monstruoso-colibri/,Un monstruoso colibrí,,,2015-06-20 07:46:02,Otras,,['Otras'],511
432,25411,https://www.revistaanfibia.com/susurros-en-el-agua/,Susurros en el agua,,,2015-06-20 07:47:21,Otras,,['Otras'],566
433,25413,https://www.revistaanfibia.com/coseno/,Coseno,,,2015-06-20 07:49:02,Otras,,['Otras'],520
434,25415,https://www.revistaanfibia.com/clase-de-guitarra/,Clase de guitarra,,,2015-06-20 07:50:03,Otras,,['Otras'],616
435,25417,https://www.revistaanfibia.com/un-genio-de-la-filosofia/,Un genio de la filosofía,,,2015-06-20 07:51:21,Otras,,['Otras'],578
436,25419,https://www.revistaanfibia.com/hoy-fue-un-dia-hermoso-en-las-malvinas/,Hoy fue un día hermoso en las Malvinas,,,2015-06-20 07:52:41,Otras,,['Otras'],374
437,25421,https://www.revistaanfibia.com/con-vos-en-el-fitito-azul/,Con vos en el fitito azul,,,2015-06-20 07:54:00,Otras,,['Otras'],544
438,25423,https://www.revistaanfibia.com/el-rastro/,El rastro,,,2015-06-20 07:54:38,Otras,,['Otras'],541
439,25425,https://www.revistaanfibia.com/innecesario-y-afortunado/,Innecesario y afortunado,,,2015-06-20 07:55:36,Otras,,['Otras'],161
440,25427,https://www.revistaanfibia.com/palmas-invisibles/,Palmas invisibles,,,2015-06-20 07:56:38,Otras,,['Otras'],294
441,25429,https://www.revistaanfibia.com/no-saber-eso/,No saber eso,,,2015-06-20 07:59:48,Otras,,['Otras'],532
442,25432,https://www.revistaanfibia.com/papa-siempre-fue-un-barrilete/,Papá siempre fue un barrilete,,,2015-06-20 08:00:45,Otras,,['Otras'],551
443,25434,https://www.revistaanfibia.com/el-golpe-de-papa/,El golpe de Papá,,,2015-06-20 08:01:31,Otras,,['Otras'],571
444,25436,https://www.revistaanfibia.com/a-pescar-tiburones/,A pescar tiburones,,,2015-06-20 08:02:20,Otras,,['Otras'],488
445,25439,https://www.revistaanfibia.com/el-cajon-equivocado/,El cajón equivocado,,,2015-06-20 08:04:08,Otras,,['Otras'],558
446,25441,https://www.revistaanfibia.com/apostar-al-sol/,Apostar al sol,,,2015-06-20 08:05:00,Otras,,['Otras'],484
447,25443,https://www.revistaanfibia.com/mi-papa-se-levanta-de-noche/,Mi papá se levanta de noche,,,2015-06-20 08:05:47,Otras,,['Otras'],543
448,25447,https://www.revistaanfibia.com/viaje-a-rosario-de-la-frontera/,Viaje a Rosario de la Frontera,,,2015-06-20 08:07:25,Otras,,['Otras'],584
449,25449,https://www.revistaanfibia.com/la-supremacia-humana/,La supremacía humana,,,2015-06-20 08:08:20,Otras,,['Otras'],311
450,25452,https://www.revistaanfibia.com/los-cinco/,Los cinco,,,2015-06-20 08:09:33,Otras,,['Otras'],544
451,25456,https://www.revistaanfibia.com/las-revistas-sovieticas/,Las revistas soviéticas,,,2015-06-20 08:11:32,Otras,,['Otras'],666
452,25496,https://www.revistaanfibia.com/abzurdah-el-amor-vende-mas/,Abzurdah: el amor vende más,Adolescencia y anorexia,Carolina Duek,2015-06-22 09:06:11,Salud,Ensayo,['Salud'],3513
453,25584,https://www.revistaanfibia.com/la-copa-de-la-coima/,La Copa de la coima,Anfibia en la Copa América,Gustavo Veiga,2015-06-24 09:14:35,Culturas,Ensayo,['Culturas'],2164
454,25618,https://www.revistaanfibia.com/la-nueva-derecha-andina/,La nueva derecha andina,Bolivia,Pablo Stefanoni,2015-06-25 08:16:59,Política y Economía,Crónica,['Política y Economía'],5424
455,25645,https://www.revistaanfibia.com/en-la-tele-con-tribuna/,En la tele con tribuna,Debate político,Iván Schuliaquer,2015-06-25 13:01:05,Política y Economía,Ensayo,['Política y Economía'],2167
456,25682,https://www.revistaanfibia.com/me-queria-mi-mama/,¿Me quería mi mamá?,Adelanto,Marta Dillon,2015-06-26 09:14:00,Culturas,,['Culturas'],4527
457,25839,https://www.revistaanfibia.com/los-restos-de-la-corte/,Los restos de la Corte,Justicia,Irina Hauser,2015-07-01 12:07:25,Política y Economía,Crónica,['Política y Economía'],7669
458,25903,https://www.revistaanfibia.com/un-nuevo-nunca-mas/,“Un nuevo Nunca más”,Documento del #NiUnaMenos,,2015-07-02 08:10:10,Políticas de géneros,,['Políticas de géneros'],2033
459,25972,https://www.revistaanfibia.com/academia-libido-y-verguenza/,"Academia, libido y vergüenza",Posporno,Rafael Blanco,2015-07-02 17:27:34,Políticas de géneros,Ensayo,['Políticas de géneros'],1238
460,26056,https://www.revistaanfibia.com/injusticiapoetica/,#Injusticiapoética,Kodama vs. El mundillo literario,Natalia Gelós,2015-07-03 11:54:22,Culturas,Crónica,['Culturas'],4499
461,26067,https://www.revistaanfibia.com/feminismo-pero-prolijo-y-ordenado/,¡Feminismo! (pero prolijo y ordenado),Posporno,Vanina Escales,2015-07-03 15:06:34,Políticas de géneros,Crónica,['Políticas de géneros'],679
462,26335,https://www.revistaanfibia.com/no-hay-manual-para-la-fiesta/,No hay manual para la fiesta,Copa América,Nicolás Copano,2015-07-05 16:12:30,Culturas,Crónica,['Culturas'],1819
463,26410,https://www.revistaanfibia.com/celebramos/,Celebramos,Posporno,Laura Milano,2015-07-06 12:38:01,Políticas de géneros,Crónica,['Políticas de géneros'],1999
464,26492,https://www.revistaanfibia.com/syriza-golpear-y-negociar/,Syriza: golpear y negociar,Crisis europea,Esteban De Gori,2015-07-07 12:52:30,Política y Economía,Ensayo,['Política y Economía'],1752
465,26532,https://www.revistaanfibia.com/el-posporno-no-es-para-que-te-excites/,El posporno no es para que te excites,Debate por la performance en la UBA,Pablo Semán,2015-07-07 16:58:41,Amor y sexo,,['Amor y sexo'],3492
466,26600,https://www.revistaanfibia.com/40-virgenes-para-el-papa-francisco/,40 vírgenes para Francisco,El Papa en Paraguay,Paula Bistagnino,2015-07-08 11:47:44,Política y Economía,,['Política y Economía'],1345
467,26626,https://www.revistaanfibia.com/jallalla-santo-padre-papa-francisco/,Jallalla Santo Padre,El Papa en Bolivia,María Mansilla,2015-07-08 16:29:37,Política y Economía,,['Política y Economía'],2243
468,26637,https://www.revistaanfibia.com/tanto-puede-un-nombre-de-varon/,¿Tanto puede un nombre (de varón)?,Teoría queer,Grupo de Lecturas críticas en Feminismo y Filosofía,2015-07-08 17:58:25,Políticas de géneros,Ensayo,['Políticas de géneros'],2519
469,26665,https://www.revistaanfibia.com/40-virgenes-para-francisco-parte-ii/,40 vírgenes para Francisco (Parte II),El Papa en Paraguay,Paula Bistagnino,2015-07-09 10:16:55,Política y Economía,,['Política y Economía'],1692
470,26788,https://www.revistaanfibia.com/papa-francisco-los-dramas-del-capitalismo-y-destino-de-los-gestos/,Los dramas del capitalismo y el destino de los gestos,El Papa en Paraguay,Pablo Semán,2015-07-10 19:02:49,Culturas,,['Culturas'],1131
471,26787,https://www.revistaanfibia.com/un-heroe-para-caacupe/,Un héroe para Caacupé,El Papa en Paraguay,Paula Bistagnino,2015-07-10 20:32:02,Política y Economía,Crónica,['Política y Economía'],1948
472,26824,https://www.revistaanfibia.com/papa-francisco-el-pais-de-los-crucificados/,El país de los crucificados,El Papa en Paraguay,Diego Geddes,2015-07-10 22:10:11,Políticas de géneros,,['Políticas de géneros'],1125
473,26859,https://www.revistaanfibia.com/diez-segundos-de-papa-francisco/,Diez segundos de Francisco,Anfibia en Paraguay,Paula Bistagnino,2015-07-11 16:37:10,Política y Economía,,['Política y Economía'],1251
474,26906,https://www.revistaanfibia.com/besando-la-tierra-de-los-lios-papa-francisco/,Besando la tierra de los líos,El Papa en los bañados paraguayos,Diego Geddes; Pablo Semán,2015-07-12 22:31:42,Culturas,,['Culturas'],3565
475,26997,https://www.revistaanfibia.com/papafrancisco-y-los-limites-de-una-iglesia-estancada/,Francisco y los límites de una iglesia estancada,El Papa en Paraguay,Pablo Semán,2015-07-14 11:48:27,Culturas,,['Culturas'],1772
476,27015,https://www.revistaanfibia.com/hasta-que-un-dia-nos-organizamos/,“Hasta que un día nos organizamos”,Adelanto,Verónica Gago,2015-07-14 16:35:22,Política y Economía,Ensayo,['Política y Economía'],4609
477,27044,https://www.revistaanfibia.com/en-la-via/,En la vía,Randazzo,Gabriel Vommaro; Lucía Álvarez,2015-07-15 12:57:03,Política y Economía,Crónica,['Política y Economía'],6378
478,27132,https://www.revistaanfibia.com/las-llaves-ajenas/,"El miedo es de nosotros, las llaves son ajenas",El mercado inmobiliario,Mónica Yemayel,2015-07-17 11:06:56,Política y Economía,Crónica,['Política y Economía'],4376
479,27223,https://www.revistaanfibia.com/mas-alla-de-octubre/,Más allá de octubre,El futuro del PRO,Sergio Morresi,2015-07-20 12:58:42,Política y Economía,Ensayo,['Política y Economía'],2496
480,3314,https://www.revistaanfibia.com/seminario-de-periodismo-genero-y-sociedad/,"Seminario de periodismo, género y sociedad",,,2015-07-22 11:34:02,Otras,,['Otras'],912
481,27293,https://www.revistaanfibia.com/lurigancho-te-acostumbraras-a-lo-que-sea/,Lurigancho: te acostumbrarás a lo que sea,Premio Nuevas Plumas,Cristian Velasco,2015-07-22 12:18:22,Política y Economía,Crónica,['Política y Economía'],2833
482,27387,https://www.revistaanfibia.com/la-generacion-herbivora-solo-se-ama-a-si-misma/,La generación herbívora sólo se ama a sí misma,Sexualidad a la japonesa,Julián Varsavsky,2015-07-24 12:28:04,Amor y sexo,Crónica,['Amor y sexo'],3450
483,27482,https://www.revistaanfibia.com/seminario-de-periodismo-deportivo-y-ciencias-sociales/,Seminario de Periodismo Deportivo y Ciencias Sociales,,,2015-07-27 12:49:17,Otras,,['Otras'],942
484,27487,https://www.revistaanfibia.com/machismo-y-literatura-el-mercado-de-la-sensibilidad/,Machismo y literatura: el mercado de la sensibilidad,¿Alcanza con la denuncia escrita?,Marina Mariasch,2015-07-27 13:51:43,Políticas de géneros,Ensayo,['Políticas de géneros'],2843
485,27554,https://www.revistaanfibia.com/el-arte-de-domar-al-dolar/,El arte de domar al dólar,Economía y especulación,Alejandro Rebossio,2015-07-28 12:09:19,Política y Economía,Ensayo,['Política y Economía'],1645
486,27589,https://www.revistaanfibia.com/primera-cosecha/,Primera cosecha,Marihuana en Uruguay,Guillermo Garat,2015-07-29 12:24:27,Política y Economía,Crónica,['Política y Economía'],4796
487,27699,https://www.revistaanfibia.com/magnetto-y-el-ultimo-dia-de-clarin/,Magnetto y el último día de Clarín,Adelanto,Martín Sivak,2015-07-31 12:32:26,Culturas,Crónica,['Culturas'],3501
488,27815,https://www.revistaanfibia.com/las-penas-del-patron/,Las penas del patrón,"Más campo, menos Estado",Lucía Álvarez,2015-08-03 13:44:49,Política y Economía,Crónica,['Política y Economía'],2582
489,27887,https://www.revistaanfibia.com/el-paramo-frio-de-la-ausencia/,El páramo frío de la ausencia,#ViolenciaEnMéxico,Rossana Reguillo Cruz,2015-08-05 12:58:00,Políticas de géneros,,['Políticas de géneros'],1874
490,27934,https://www.revistaanfibia.com/nadie-lo-hace-por-amor/,Nadie lo hace por amor,El mercado de las encuestas,Andrés Fidanza,2015-08-06 13:45:43,Política y Economía,Ensayo,['Política y Economía'],3702
491,27984,https://www.revistaanfibia.com/aflojarse-y-dejarse-llevar-por-el-varon/,Aflojarse y dejarse llevar (por el varón),Pedagogía del 2 por 4,María Julia Carozzi,2015-08-07 12:28:49,Culturas,,['Culturas'],4699
492,27616,https://www.revistaanfibia.com/carnicero-de-escritorio/,Carnicero de escritorio,Manuel “Mamo” Contreras,Juan Cristóbal Peña,2015-08-07 23:37:12,Políticas de géneros,Crónica,['Políticas de géneros'],2245
493,28058,https://www.revistaanfibia.com/perfume-de-naranjo-en-flor/,Perfume de naranjo en flor,Scioli y el Luna Park,Julia Muriel Dominzain; Flavio Rapisardi,2015-08-10 15:05:22,Política y Economía,Crónica,['Política y Economía'],2695
494,28103,https://www.revistaanfibia.com/el-pibe-trosko/,El pibe trosko,El FIT en las PASO,Pablo Stefanoni,2015-08-11 15:33:56,Política y Economía,Ensayo,['Política y Economía'],5318
495,28113,https://www.revistaanfibia.com/dussel-el-filosofo-transmoderno/,"Dussel, el filósofo transmoderno",Honoris Causa en la UNSAM,Andrés Brandani,2015-08-11 16:23:53,Culturas,Ensayo,['Culturas'],2123
496,28222,https://www.revistaanfibia.com/corresponsales-en-peligro/,Corresponsales en peligro,Periodismo,Silvina Heguy,2015-08-13 14:44:41,Políticas de géneros,Crónica,['Políticas de géneros'],2981
497,28274,https://www.revistaanfibia.com/el-agua-ya-no-penetra/,El agua ya no penetra,Inundaciones,Jorge Rulli,2015-08-14 13:25:46,Ambiente,Ensayo,['Ambiente'],2411
498,28303,https://www.revistaanfibia.com/contra-el-colonialismo-interno/,Contra el colonialismo interno,Silvia Rivera Cusicanqui,Verónica Gago,2015-08-14 16:42:43,Culturas,Ensayo,['Culturas'],3641
499,28489,https://www.revistaanfibia.com/sin-santuario/,Sin santuario,Carta de periodistas,,2015-08-18 16:31:29,Otras,Crónica,['Otras'],1524
500,28555,https://www.revistaanfibia.com/ni-autocritica-ni-perdon/,Ni autocrítica ni perdón,Adelanto,Rolando Barbano,2015-08-20 15:13:02,Políticas de géneros,Crónica,['Políticas de géneros'],1556
501,28584,https://www.revistaanfibia.com/93-pantalones-blancos/,93 pantalones blancos,Desventuras de un gigoló,Ricardo Ragendorfer,2015-08-21 13:31:29,Culturas,Crónica,['Culturas'],2001
502,28667,https://www.revistaanfibia.com/puede-un-violento-dejar-de-serlo/,¿Puede un violento dejar de serlo?,Hombres golpeadores,Claudia Hasanbegovic; Salvador Marinaro,2015-08-24 12:15:09,Políticas de géneros,Crónica,['Políticas de géneros'],5117
503,28725,https://www.revistaanfibia.com/la-grieta-es-un-algoritmo/,La grieta es un algoritmo,Campaña sucia y Twitter,Ernesto Calvo,2015-08-25 14:00:42,Política y Economía,Ensayo,['Política y Economía'],2249
504,28815,https://www.revistaanfibia.com/los-chinos-juegan-en-la-bolsa-y-el-mundo-tiembla/,Los chinos juegan en la bolsa y el mundo tiembla,Economía asiática,Sonia Budassi; Nicolás Damin,2015-08-27 14:14:35,Política y Economía,Crónica,['Política y Economía'],3196
505,28855,https://www.revistaanfibia.com/la-peste-invisible/,La peste invisible,La enfermedad de Chagas-Mazza,Ernesto Picco,2015-08-28 11:58:42,Salud,Crónica,['Salud'],5525
506,28945,https://www.revistaanfibia.com/los-cuadernos-de-piglia/,Los cuadernos de Piglia,De cómo se construye un escritor,Hernán Arias,2015-08-31 11:59:51,Culturas,Crónica,['Culturas'],4955
507,28999,https://www.revistaanfibia.com/hablar-de-mi-es-hablar-de-ese-diario/,“Hablar de mí es hablar de ese diario”,Adelanto,Ricardo Piglia,2015-09-02 11:35:22,Culturas,Crónica,['Culturas'],1401
508,29037,https://www.revistaanfibia.com/moretti-el-programador-de-la-literatura-universal/,"Moretti, el programador de la literatura universal",El software de la crítica literaria,Waldo Cebrero,2015-09-03 13:01:53,Tecnologías,Crónica,['Tecnologías'],2839
509,29072,https://www.revistaanfibia.com/como-lo-habria-hecho-piglia/,¿Cómo lo habría hecho Piglia?,327 cuadernos,Andrés Di Tella,2015-09-04 12:11:27,Culturas,Crónica,['Culturas'],2406
510,29127,https://www.revistaanfibia.com/quince-horas-pejota-explicito/,Quince horas de Pejota explícito,Cumbre peronista,Julia Muriel Dominzain; Flavio Rapisardi,2015-09-07 13:20:15,Política y Economía,Crónica,['Política y Economía'],3708
511,29155,https://www.revistaanfibia.com/podria-ser-el-hijo-de-cualquier-europeo/,“Podría ser el hijo de cualquier europeo”,La foto de un chico sirio,Cora Gamarnik,2015-09-08 12:15:40,Políticas de géneros,Ensayo,['Políticas de géneros'],2204
512,29190,https://www.revistaanfibia.com/maestro-del-complot-2/,Maestro del complot,Crítica y ficción,Martín Kohan,2015-09-09 11:32:01,Culturas,Ensayo,['Culturas'],1908
513,29208,https://www.revistaanfibia.com/morir-en-el-mediterraneo/,Morir en el Mediterráneo,La frontera más peligrosa del mundo,Javier de Lucas,2015-09-09 15:52:09,Política y Economía,Ensayo,['Política y Economía'],3381
514,29268,https://www.revistaanfibia.com/la-vida-de-los-otros/,La vida de los otros,Tecnoseguridad,Natalia Zuazo,2015-09-11 10:07:00,Política y Economía,Crónica,['Política y Economía'],3307
515,29358,https://www.revistaanfibia.com/sombras-chinas/,Sombras chinas,El desembarco del gigante asiático,Alejandra Conconi; Ana Soffietto,2015-09-14 10:26:04,Política y Economía,Crónica,['Política y Economía'],3289
516,29434,https://www.revistaanfibia.com/la-tirania-del-click/,La tiranía del click,Quién marca la agenda informativa,Eugenia Mitchelstein; Pablo Boczkowski,2015-09-16 12:32:48,Política y Economía,Ensayo,['Política y Economía'],2902
517,29477,https://www.revistaanfibia.com/soy-lo-que-doy/,Soy lo que doy,Donación de sangre,Greta Pena,2015-09-17 12:17:53,Políticas de géneros,Ensayo,['Políticas de géneros'],1177
518,29518,https://www.revistaanfibia.com/manifiesto-antiniembro/,Manifiesto antiNiembro,Periodismo y operación,Alejandro Wall,2015-09-18 12:36:36,Políticas de géneros,Ensayo,['Políticas de géneros'],2344
519,29613,https://www.revistaanfibia.com/palermo-villa/,Palermo villa,Juventudes y cultura popular,Malvina Silba,2015-09-21 12:35:38,Culturas,,['Culturas'],3050
520,29637,https://www.revistaanfibia.com/balcells-la-ferocidad-del-boom/,"Balcells, la ferocidad del boom",Murió la famosa agente literaria,Hinde Pomeraniec,2015-09-21 16:08:29,Culturas,Crónica,['Culturas'],545
521,29651,https://www.revistaanfibia.com/periodismo-diario-del-off-the-record-a-la-edicion/,PERIODISMO DIARIO: DEL OFF THE RECORD A LA EDICIÓN,,,2015-09-21 16:40:23,Otras,,['Otras'],469
522,29703,https://www.revistaanfibia.com/afuera/,Afuera,Migraciones y ciudadanía en Europa,Sandro Mezzadra,2015-09-22 13:10:11,Política y Economía,Ensayo,['Política y Economía'],1894
523,29720,https://www.revistaanfibia.com/millones-de-bocas-que-alimentar/,Millones de bocas que alimentar,Adelanto,Claude Lévi-Strauss,2015-09-22 17:11:15,Culturas,Ensayo,['Culturas'],4080
524,29759,https://www.revistaanfibia.com/lo-que-yo-hago-es-leer/,Lo que yo hago es leer,Judith Butler,Laura Fernández Cordero,2015-09-23 13:55:02,Culturas,Ensayo,['Culturas'],4084
525,29782,https://www.revistaanfibia.com/la-biblioteca-de-waldemar/,La biblioteca de Waldemar,Concurso Federal de Relatos,Mariana Liceaga,2015-09-23 16:21:42,Culturas,,['Culturas'],3069
526,29826,https://www.revistaanfibia.com/comunicacion-y-moda-los-lenguajes-del-vestir/,COMUNICACIÓN Y MODA: LOS LENGUAJES DEL VESTIR,,,2015-09-24 10:50:53,Otras,,['Otras'],1373
527,29838,https://www.revistaanfibia.com/los-escritores-nacen-o-se-hacen/,¿Los escritores nacen o se hacen?,Adelanto,Jack Kerouac,2015-09-24 13:19:49,Culturas,Crónica,['Culturas'],1123
528,29926,https://www.revistaanfibia.com/la-libertad-de-la-imaginacion/,La libertad de la imaginación,Coetzee en el CUSAM,Salvador Marinaro,2015-09-25 18:03:19,Educación,Crónica,['Educación'],2439
529,29907,https://www.revistaanfibia.com/si-el-miedo-se-contagia-el-coraje-tambien/,"Si el miedo se contagia, el coraje también",La violencia en México,Ana Cacopardo,2015-09-25 18:48:47,Políticas de géneros,Crónica,['Políticas de géneros'],1334
530,30005,https://www.revistaanfibia.com/cronistas-fundamentales-una-exploracion-por-los-grandes-autores-de-1830-a-1930/,CRONISTAS FUNDAMENTALES. UNA EXPLORACIÓN POR LOS GRANDES AUTORES DE 1830 A 1930,,,2015-09-28 12:37:09,Otras,,['Otras'],641
531,30013,https://www.revistaanfibia.com/sciolismo-lgbt-de-la-ley-a-la-calle/,SCIOLISMO LGBT: DE LA LEY A LA CALLE,Agrupación Igualados,Julia Muriel Dominzain; Flavio Rapisardi,2015-09-28 13:20:28,Políticas de géneros,Crónica,['Políticas de géneros'],2861
532,29994,https://www.revistaanfibia.com/el-voto-progre/,El voto progre,Sinfonía de un pensamiento,Marcelo Leiras,2015-09-28 19:45:58,Política y Economía,Ensayo,['Política y Economía'],1743
533,30083,https://www.revistaanfibia.com/para-los-refugiados-ciudadania-europea/,"Para los refugiados, ciudadanía europea",Integrados o excluidos,Étienne Balibar,2015-09-30 11:56:52,Políticas de géneros,Ensayo,['Políticas de géneros'],3438
534,30173,https://www.revistaanfibia.com/los-hombres-del-fuego/,Los hombres del fuego,Concurso Federal de Relatos,Adrián Camerano,2015-10-01 11:35:07,Ambiente,Crónica,['Ambiente'],2534
535,30183,https://www.revistaanfibia.com/por-que-finjo-conversar-conmigo/,¿Por qué finjo conversar conmigo?,Diarios de escritores,Luis Gusmán,2015-10-01 15:02:17,Culturas,Ensayo,['Culturas'],2492
536,30234,https://www.revistaanfibia.com/cholitas-marinas-3/,Cholitas Marinas,Bolivia y el mar,Nicolás García Recoaro,2015-10-02 14:39:16,Ambiente,Crónica,['Ambiente'],2933
537,30320,https://www.revistaanfibia.com/falsas-impresiones/,Falsas impresiones,,Carolina Rojas Neculhual,2015-10-05 15:56:13,Política y Economía,,['Política y Economía'],1525
538,30312,https://www.revistaanfibia.com/evo-el-estado-y-la-revolucion/,"Evo, el Estado y la Revolución",Álvaro García Linera,Pablo Stefanoni,2015-10-05 16:18:29,Política y Economía,Ensayo,['Política y Economía'],4741
539,30389,https://www.revistaanfibia.com/apurate-a-ser-madre/,"""Apurate a ser madre""",Violencia médica,Fernanda Nicolini,2015-10-06 14:25:14,Políticas de géneros,Crónica,['Políticas de géneros'],2422
540,30503,https://www.revistaanfibia.com/el-obrero-desaparecido-de-la-memoria/,"El obrero, desaparecido de la memoria",Concurso Federal de Relatos,Federico Lorenz,2015-10-07 11:44:35,Culturas,Crónica,['Culturas'],2603
541,30392,https://www.revistaanfibia.com/declaracion-de-medellin/,Declaración de Medellín,Obstrucción de la Justicia mexicana,,2015-10-07 12:00:47,Política y Economía,Ensayo,['Política y Economía'],3557
542,30539,https://www.revistaanfibia.com/raab-el-canibal-cultural/,"Raab, el caníbal cultural",Grandes cronistas,María Moreno,2015-10-07 17:23:11,Culturas,Ensayo,['Culturas'],5829
543,30639,https://www.revistaanfibia.com/un-poeta-peronista-el-asfalto-en-lavallol/,"Un poeta peronista, el asfalto en Lavallol",Leónidas Lamborghini,Alicia Genovese,2015-10-08 12:58:30,Culturas,Ensayo,['Culturas'],1587
544,30785,https://www.revistaanfibia.com/podemos-la-academia-al-poder/,Podemos: la academia al poder,España,Javier Borelli,2015-10-09 16:38:18,Educación,Crónica,['Educación'],4801
545,31227,https://www.revistaanfibia.com/el-traductor-wichi/,El traductor wichí,Concurso Federal de Relatos,Fernando Bustamente,2015-10-12 11:38:31,Culturas,Crónica,['Culturas'],3210
546,31381,https://www.revistaanfibia.com/puto-torta-o-trans/,"Por ser puto, torta o trans",Crimen de odio,Matías Máximo,2015-10-14 11:57:23,Políticas de géneros,,['Políticas de géneros'],1903
547,31410,https://www.revistaanfibia.com/la-prosa-antiplebeya/,La prosa plebeya,Peronismo y literatura,Rodolfo Edwards,2015-10-14 18:23:48,Culturas,Ensayo,['Culturas'],3921
548,31479,https://www.revistaanfibia.com/limonov-es-una-ama-de-casa-inofensiva/,"Limonov: ""es una ama de casa inofensiva""",Repercusiones del Nobel de Literatura,Alejandro González,2015-10-15 12:58:30,Culturas,,['Culturas'],2102
549,31495,https://www.revistaanfibia.com/alto-antiperonismo/,Alto antiperonismo,Brillantes y contreras,Juan Laxagueborde,2015-10-15 15:44:32,Culturas,Ensayo,['Culturas'],4126
550,31548,https://www.revistaanfibia.com/3259-gremios/,3259 gremios,Peronismo y sindicalismo,Nicolás Damin,2015-10-16 13:21:38,Política y Economía,Ensayo,['Política y Economía'],2605
551,31574,https://www.revistaanfibia.com/maternidad-a-toda-costa/,Maternidad a toda costa,Adelanto,Luciana Mantero,2015-10-16 16:49:34,Políticas de géneros,Crónica,['Políticas de géneros'],4401
552,31691,https://www.revistaanfibia.com/wicomb-y-vladislavic-ficciones-sudafricanas/,Wicomb y Vladislavic: ficciones sudafricanas,Cátedra Literaturas del Sur,,2015-10-19 12:17:59,Culturas,,['Culturas'],1344
553,31745,https://www.revistaanfibia.com/la-forma-de-lo-imposible/,La forma de lo imposible,Gyula Kosice,Fernando García,2015-10-20 13:19:58,Culturas,Crónica,['Culturas'],3368
554,31777,https://www.revistaanfibia.com/si-ejercito-tira-mata/,"Si el Ejército tira, mata",Narcotráfico y Fuerzas Armadas,Paula Canelo,2015-10-21 12:35:20,Política y Economía,Ensayo,['Política y Economía'],1939
555,31792,https://www.revistaanfibia.com/la-busqueda-de-mariu-carrera/,La búsqueda de Mariú Carrera,Concurso Federal de Relatos,Patricia Slukich,2015-10-21 13:50:48,Culturas,Crónica,['Culturas'],2444
556,31809,https://www.revistaanfibia.com/hermanos-iaccarino-los-patrones-sin-privilegios-2/,Hermanos Iaccarino: los patrones sin privilegios,,Juan Manuel Mannarino,2015-10-21 17:54:37,Política y Economía,Crónica,['Política y Economía'],3547
557,31868,https://www.revistaanfibia.com/el-termometro-del-conurbano/,El termómetro del Conurbano,Avenida Pavón,Rodrigo Andrade; Andrés Fidanza,2015-10-23 13:04:24,Política y Economía,Crónica,['Política y Economía'],6319
558,31951,https://www.revistaanfibia.com/el-peligro-de-subestimar/,El pecado de subestimar,Un análisis de la elección,Alejandro Grimson,2015-10-26 15:46:54,Política y Economía,Ensayo,['Política y Economía'],1233
559,31956,https://www.revistaanfibia.com/nofuemagia/,No fue magia,El PRO al balotaje,Lucía Álvarez,2015-10-26 17:04:15,Política y Economía,Crónica,['Política y Economía'],2051
560,31984,https://www.revistaanfibia.com/no-fue-montaner/,No fue Montaner,FpV al balotaje,Nicolás Damin,2015-10-26 17:49:15,Política y Economía,Ensayo,['Política y Economía'],3150
561,32160,https://www.revistaanfibia.com/con-las-mejores-intenciones/,Con las mejores intenciones,María Eugenia Vidal,Alejandro Bellotti; Gabriel Vommaro; Sergio Morresi,2015-10-27 12:23:27,Política y Economía,,['Política y Economía'],2418
562,32155,https://www.revistaanfibia.com/argentina-despues-de-las-elecciones-2/,Jornada: Argentina después de las elecciones,,,2015-10-27 12:33:20,Otras,,['Otras'],627
563,32161,https://www.revistaanfibia.com/patricia-el-objeto-espantable/,Patricia: el objeto espantable,El huracán mexicano,Rossana Reguillo Cruz,2015-10-27 13:05:48,Ambiente,,['Ambiente'],3323
564,32289,https://www.revistaanfibia.com/ser-victima-y-verdugo/,Ser víctima y verdugo,La obra de Svetlana Aleksievič,María Cándida Ghidini; Silvia di Trapani,2015-10-28 13:10:34,Culturas,Ensayo,['Culturas'],1990
565,32387,https://www.revistaanfibia.com/que-paso-en-las-elecciones/,¿Qué pasó en las elecciones?,Jornadas de debate Anfibia - Sciences Po,Sergio Morresi; Alexandre Roig; José Natanson,2015-10-29 15:16:22,Política y Economía,,['Política y Economía'],3582
566,32430,https://www.revistaanfibia.com/hacia-una-singularidad-desnuda/,Hacia una singularidad desnuda,Arte y tecnología en el siglo XXI,Sebastián Verea,2015-10-30 11:16:10,Tecnologías,Ensayo,['Tecnologías'],2898
567,32431,https://www.revistaanfibia.com/estrategia-electoral/,Estrategia electoral,Jornadas de debate Anfibia-Sciences Po,,2015-10-30 13:00:20,Política y Economía,Ensayo,['Política y Economía'],2740
568,32437,https://www.revistaanfibia.com/lo-que-mas-queria-en-la-vida/,Lo que más quería en la vida,El libro con las mejores fotos de los Kirchner,,2015-10-30 15:31:28,Política y Economía,Ensayo,['Política y Economía'],689
569,32445,https://www.revistaanfibia.com/san-justo-blues/,San Justo Blues,La desazón de los militantes matanceros,Cecilia Ferraudi Curto; Pablo Semán,2015-10-30 16:07:17,Política y Economía,,['Política y Economía'],1726
570,32663,https://www.revistaanfibia.com/mundo-tuerca/,Mundo tuerca,Picadas legales e ilegales,Alejandro Otamendi; Walter Lezcano,2015-11-03 13:07:35,Culturas,Crónica,['Culturas'],4602
571,32694,https://www.revistaanfibia.com/jornadas-luisa-valenzuela-el-vertigo-de-la-escritura/,Jornadas Luisa Valenzuela “El vértigo de la escritura”,,,2015-11-03 19:02:48,Otras,,['Otras'],399
572,32716,https://www.revistaanfibia.com/personas-no-humanas/,Personas no humanas,Hacia una villa sustentable,María Carman,2015-11-04 12:37:47,Ambiente,Ensayo,['Ambiente'],1987
573,32735,https://www.revistaanfibia.com/detras-de-las-encuestas-el-perfil-de-los-votantes/,Detrás de las encuestas: el perfil de los votantes,Radiografía de las urnas,María Laura Tagina,2015-11-04 14:56:17,Política y Economía,Ensayo,['Política y Economía'],2956
574,32763,https://www.revistaanfibia.com/respuestas-cientificas-a-preguntas-increibles/,Respuestas científicas a preguntas increíbles,Adelanto,Randall Munroe,2015-11-05 12:16:53,Tecnologías,Ensayo,['Tecnologías'],2855
575,32786,https://www.revistaanfibia.com/gobernar-no-es-ganar/,GOBERNAR NO ES GANAR,La mutación de la UCR,Federico M. Rossi,2015-11-05 16:25:03,Política y Economía,Ensayo,['Política y Economía'],1711
576,32820,https://www.revistaanfibia.com/microbios-bichos-y-bacterias/,"Microbios, bichos y bacterias",Adelanto,Diego Golombek,2015-11-06 10:53:52,Salud,Ensayo,['Salud'],977
577,32834,https://www.revistaanfibia.com/bajo-el-mismo-cielo/,Bajo el mismo cielo,El rector de la Unsam frente al balotaje,Carlos Ruta,2015-11-06 13:29:14,Política y Economía,Ensayo,['Política y Economía'],1500
578,32844,https://www.revistaanfibia.com/ahora-soy-la-doctora-carolina/,Ahora soy la doctora Carolina,Concurso Federal de Relatos,Rolando López,2015-11-06 16:16:18,Políticas de géneros,Crónica,['Políticas de géneros'],2971
579,32915,https://www.revistaanfibia.com/no-es-miedo-es-determinacion/,"No es miedo, es determinación",Marcha del Orgullo LGBTIQ,Marta Dillon,2015-11-09 12:45:18,Políticas de géneros,,['Políticas de géneros'],2565
580,32914,https://www.revistaanfibia.com/mucho-mas-que-heidi-contra-los-soprano/,Mucho más que Heidi contra Los Soprano,María Eugenia Vidal,Andrés Fidanza,2015-11-09 14:47:59,Política y Economía,,['Política y Economía'],6024
581,32969,https://www.revistaanfibia.com/la-moderacion-de-obama-o-el-ataque-de-frank-underwood/,Entre la moderación de Obama y el ataque de Frank Underwood,El debate presidencial,Sol Montero,2015-11-10 08:40:16,Política y Economía,Ensayo,['Política y Economía'],3311
582,32981,https://www.revistaanfibia.com/cuidame/,Cuidame,Contención médica,Ángeles Alemandi,2015-11-11 09:30:26,Culturas,Crónica,['Culturas'],2076
583,33104,https://www.revistaanfibia.com/la-pregunta-por-los-5-millones/,La pregunta por los 5 millones,El voto Massa,Gabriel Tuñez,2015-11-12 14:40:19,Política y Economía,Crónica,['Política y Economía'],3475
584,33163,https://www.revistaanfibia.com/los-encantos-del-poder/,Los encantos del poder,Adelanto,Máximo Badaró; Marc Abélès,2015-11-13 14:40:36,Política y Economía,,['Política y Economía'],2017
585,33096,https://www.revistaanfibia.com/la-grieta-en-tu-celular/,La grieta en tu celular,El voto smartphone,Ernesto Calvo,2015-11-13 15:57:15,Política y Economía,Ensayo,['Política y Economía'],2819
586,33224,https://www.revistaanfibia.com/domingo-15-de-noviembre/,El temor a las réplicas,Atentados en Francia/Anfibia en París,Pascale Cognet,2015-11-15 21:18:47,Políticas de géneros,Crónica,['Políticas de géneros'],1300
587,33261,https://www.revistaanfibia.com/fondo-contra-forma/,Fondo contra forma,La discusión previa al balotaje,Federico Bianchini; Iván Schuliaquer,2015-11-16 13:09:32,Política y Economía,Crónica,['Política y Economía'],3264
588,33274,https://www.revistaanfibia.com/son-como-nosotros/,Son como nosotros,Atentados en Francia/Anfibia en Siria,Daniel Wizenberg,2015-11-16 15:46:18,Política y Economía,,['Política y Economía'],5108
589,33322,https://www.revistaanfibia.com/del-discurso-a-los-numeros/,Del discurso a los números,Balotaje: tiempo de descuento,Alexandre Roig,2015-11-17 15:56:32,Política y Economía,Ensayo,['Política y Economía'],2005
590,33365,https://www.revistaanfibia.com/el-erudito-del-porno/,El erudito del porno,Saber triple X,Ulises Rodríguez,2015-11-18 11:50:21,Amor y sexo,Crónica,['Amor y sexo'],2560
591,33395,https://www.revistaanfibia.com/la-bandera-nacional-no-te-saluda/,La bandera nacional no te saluda,Concurso Federal de Relatos,Pablo Torres,2015-11-18 13:52:21,Política y Economía,Crónica,['Política y Economía'],1555
592,33402,https://www.revistaanfibia.com/transversales/,Transversales,Detrás de los candidatos,Sebastián Mauro,2015-11-19 11:08:07,Política y Economía,Ensayo,['Política y Economía'],2273
593,33455,https://www.revistaanfibia.com/los-temas-que-importan/,Los temas que importan,La disputa por la agenda,Natalia Aruguete,2015-11-19 16:41:14,Política y Economía,Ensayo,['Política y Economía'],2039
594,33478,https://www.revistaanfibia.com/ni-karma-ni-casualidad-politica-excluyente/,Ni karma ni casualidad: política excluyente,La relocalización de las familias del Riachuelo,Natalia Gelós; Cecilia Calderón,2015-11-20 12:25:47,Política y Economía,Crónica,['Política y Economía'],3608
595,33560,https://www.revistaanfibia.com/hacer-posible-lo-imposible/,Hacer posible lo imposible,El búnker de Cambiemos,Andrés Fidanza,2015-11-23 11:49:58,Política y Economía,Crónica,['Política y Economía'],2349
596,33578,https://www.revistaanfibia.com/de-la-esperanza-a-la-resistencia/,De la esperanza a la resistencia,El búnker del FpV,Julia Muriel Dominzain,2015-11-23 16:12:33,Política y Economía,Crónica,['Política y Economía'],3275
597,33599,https://www.revistaanfibia.com/la-pregunta-por-la-derrota-cultural/,La pregunta por la derrota cultural,Frente para la Victoria,Alejandro Grimson,2015-11-23 17:53:29,Política y Economía,Ensayo,['Política y Economía'],1641
598,33715,https://www.revistaanfibia.com/dictamen-finalistas-premio-cronicas-interiores-2015/,Dictamen finalistas Premio Crónicas Interiores 2015,,,2015-11-24 15:32:15,Culturas,,['Culturas'],749
599,33788,https://www.revistaanfibia.com/el-aparecido/,El aparecido,Concurso Crónicas Interiores,Sol Aliverti,2015-11-25 12:39:44,Otras,Crónica,['Otras'],4590
600,33875,https://www.revistaanfibia.com/otra-vez-en-la-calle/,Otra vez en la calle,Ni una menos,Florencia Abbate,2015-11-26 13:47:32,Política y Economía,Crónica,['Política y Economía'],1884
601,33893,https://www.revistaanfibia.com/fin-de-ciclo-para-las-encuestas/,Fin de ciclo para las encuestas,Mediciones electorales,Marcelo Escolar; Ernesto Calvo,2015-11-27 09:50:47,Política y Economía,Ensayo,['Política y Economía'],2345
602,34043,https://www.revistaanfibia.com/el-dolor-idioma-del-cuerpo/,El dolor: idioma del cuerpo,Sensaciones anfibias,Ivana Romero,2015-11-30 13:30:30,Culturas,Crónica,['Culturas'],4243
603,34075,https://www.revistaanfibia.com/muy-politizados/,Muy politizados,Voluntarismo y batalla cultural,María Pía López,2015-12-01 08:54:23,Política y Economía,Ensayo,['Política y Economía'],1828
604,34086,https://www.revistaanfibia.com/al-mejor-postor/,Al mejor postor,Subastas de arte,Mercedes Ezquiaga,2015-12-01 13:46:35,Culturas,Ensayo,['Culturas'],1316
605,34132,https://www.revistaanfibia.com/cordobesismo/,Cordobesismo,Elecciones 2015,Dante Leguizamón,2015-12-02 10:49:42,Política y Economía,Ensayo,['Política y Economía'],2289
606,34146,https://www.revistaanfibia.com/mercado-y-pragmatismo/,Mercado y pragmatismo,El gabinete de Cambiemos,Guido Giorgi,2015-12-02 13:21:02,Política y Economía,Ensayo,['Política y Economía'],3429
607,34320,https://www.revistaanfibia.com/el-candidato-no-es-el-proyecto/,El candidato no es el proyecto,El triunfo de Macri,Gabriel Vommaro,2015-12-03 14:09:26,Política y Economía,,['Política y Economía'],2363
608,34369,https://www.revistaanfibia.com/la-comida-como-campo-de-batalla/,La comida como campo de batalla,Elecciones legislativas en Venezuela,Marco Teruggi,2015-12-04 08:36:04,Política y Economía,Crónica,['Política y Economía'],2167
609,34311,https://www.revistaanfibia.com/planta-permanente/,Planta permanente,La transición estatal,Horacio Cao; Maximiliano Rey,2015-12-04 14:56:28,Política y Economía,Ensayo,['Política y Economía'],2395
610,34754,https://www.revistaanfibia.com/fuiste-un-lujo/,Fuiste un lujo,Un escritor despide a CFK,Ignacio Molina,2015-12-09 09:55:58,Política y Economía,Ensayo,['Política y Economía'],1876
611,34864,https://www.revistaanfibia.com/historias-de-la-inclusion-digital/,Historias de la inclusión digital,5 millones de compus,Darío Artiguenave,2015-12-09 16:45:20,Educación,Crónica,['Educación'],3234
612,35161,https://www.revistaanfibia.com/de-las-entranas-del-pueblo/,De las entrañas del pueblo,La despedida,Lucía Álvarez,2015-12-10 13:12:48,Política y Economía,Crónica,['Política y Economía'],2216
613,35298,https://www.revistaanfibia.com/tocala-de-nuevo-mauricio/,"Tocala de nuevo, Mauricio",Asunción presidencial,Andrés Fidanza,2015-12-11 10:36:54,Política y Economía,Crónica,['Política y Economía'],2294
614,35525,https://www.revistaanfibia.com/que-es-el-periodismo-literario/,¿Qué es el periodismo literario?,Adelanto,Leila Guerriero,2015-12-14 11:08:35,Culturas,Crónica,['Culturas'],8562
615,35585,https://www.revistaanfibia.com/porno-la-vida/,"Para porno, la vida",La pornificación de la cultura,Karina Felitti,2015-12-15 11:50:22,Amor y sexo,Ensayo,['Amor y sexo'],2242
616,35640,https://www.revistaanfibia.com/ojala-estuvieras-aqui/,Ojalá estuvieras aquí,Postales intervenidas,Eduardo Grüner,2015-12-16 11:47:08,Otras,Ensayo,['Otras'],1047
617,35681,https://www.revistaanfibia.com/los-abogados-del-diablo/,Los abogados del diablo,Defensores de acusados por Delitos de Lesa Humanidad,Félix Bruzzone; Mónica Zwaig,2015-12-17 13:21:08,Política y Economía,,['Política y Economía'],5504
618,35613,https://www.revistaanfibia.com/que-todo-empiece-de-nuevo/,Que todo empiece de nuevo,La Francia que viene,Guillaume Boccara,2015-12-17 15:42:51,Culturas,Ensayo,['Culturas'],2433
619,35742,https://www.revistaanfibia.com/una-solucion-europea-para-el-futbol-argentino/,Una solución europea para el fútbol argentino,El nuevo director de Fútbol Para Todos,Alejandro Wall,2015-12-18 12:04:22,Culturas,Crónica,['Culturas'],5050
620,35759,https://www.revistaanfibia.com/vivir-sin-aire/,Vivir sin aire,"Quedan 6, 7, 8 días",Ana Fornaro,2015-12-18 17:24:48,Políticas de géneros,Ensayo,['Políticas de géneros'],2415
621,35859,https://www.revistaanfibia.com/poder-mirar-a-los-ojos/,Poder mirar a los ojos,Los últimos días de Cristina,,2015-12-21 09:50:56,Política y Economía,Crónica,['Política y Economía'],2760
622,36154,https://www.revistaanfibia.com/la-encontraremos-o-nos-encontrara/,La encontraremos o nos encontrará,Derechos Humanos,Marco Teruggi,2015-12-28 11:45:48,Política y Economía,,['Política y Economía'],593
623,36165,https://www.revistaanfibia.com/que-tiene-que-saber-un-padre-hoy/,¿Qué tiene que saber un padre hoy?,Cobertura académica,María Mansilla; Eleonora Biaiñ,2015-12-28 13:21:06,Políticas de géneros,Ensayo,['Políticas de géneros'],3458
624,36150,https://www.revistaanfibia.com/la-moneda-contra-el-estado-2/,La moneda contra el Estado,¿Por qué los argentinos quieren comprar dólares?,Ariel Wilkis; Mariana Luzzi,2015-12-29 09:13:25,Política y Economía,Ensayo,['Política y Economía'],1804
625,36239,https://www.revistaanfibia.com/red-internacional-de-periodismo-narrativo/,Red internacional de periodismo narrativo,Anfibia y universidades del mundo,,2015-12-29 15:04:29,Educación,,['Educación'],538
626,36273,https://www.revistaanfibia.com/quien-soy-donde-estoy/,"Quién soy, dónde estoy",El caso Clara Anahí,Dante Leguizamón,2015-12-30 11:54:08,Política y Economía,,['Política y Economía'],3339
627,36219,https://www.revistaanfibia.com/terra-em-transe/,Terra em Transe,La crisis política brasileña,Amílcar Salas Oroño,2016-01-05 10:19:07,Otras; Política y Economía,,"['Otras', 'Política y Economía']",1424
628,35986,https://www.revistaanfibia.com/hasta-la-victoria-siembren/,"¡Hasta la victoria, siembren!",Marihuana libre,Inés Pousadela; Alicia Lissidini,2016-01-05 10:37:52,Culturas,Ensayo,['Culturas'],3501
629,36486,https://www.revistaanfibia.com/la-vaquita-de-los-all-blacks-por-un-rugbier-argentino/,La vaquita de los All Blacks por un rugbier argentino,Crónicas sociales en la frontera del rugby,Alejandro Cánepa,2016-01-06 13:20:57,Culturas,Crónica,['Culturas'],4923
630,36549,https://www.revistaanfibia.com/yo-he-visto-la-radiacion-voces-de-chernobil/,Yo he visto la radiación,Lecturas,Svetlana Alexiévich,2016-01-08 10:37:36,Culturas,,['Culturas'],2802
631,3268,https://www.revistaanfibia.com/el-lado-vh-de-la-vida/,El lado VH de la vida,Víctor Hugo Morales,Ana Fornaro; Martín Becerra,2016-01-10 13:41:16,Culturas,,['Culturas'],8272
632,36684,https://www.revistaanfibia.com/el-armagedon-mexicano/,El Armagedón mexicano,"El Chapo, Sean Penn y Peña Nieto",Rossana Reguillo Cruz,2016-01-12 12:08:32,Política y Economía,,['Política y Economía'],2956
633,36647,https://www.revistaanfibia.com/saer-disciplina-de-la-extraneza/,Saer: disciplina de la extrañeza,Adelanto,Florencia Abbate,2016-01-13 10:55:13,Culturas,Ensayo,['Culturas'],5662
634,36765,https://www.revistaanfibia.com/una-road-movie-narco-de-cabotaje/,Una road movie narco de cabotaje,Crónica de una fuga,Daniel Schreiner; Silvina Tamous,2016-01-14 11:38:28,Política y Economía,Crónica,['Política y Economía'],5762
635,36818,https://www.revistaanfibia.com/quita-tus-sucias-manos-de-esos-huesos/,Quita tus sucias manos de esos huesos,Dinomanía,Miguel Prenz,2016-01-15 12:24:25,Culturas,Crónica,['Culturas'],3210
636,16048,https://www.revistaanfibia.com/el-rompecabezas-nisman/,El rompecabezas Nisman,La Justicia Federal y los servicios de inteligencia,Sonia Budassi; Andrés Fidanza,2016-01-18 10:28:16,Política y Economía,Crónica,['Política y Economía'],7284
637,36833,https://www.revistaanfibia.com/su-voz-un-atardecer-en-el-rio/,"Su voz, un atardecer en el río",Liliana Herrero,Mónica Yemayel,2016-01-19 10:00:58,Culturas,,['Culturas'],4638
638,36950,https://www.revistaanfibia.com/a-llorar-a-la-iglesia/,A llorar a la Iglesia,Adelanto,Gianluigi Nuzzi,2016-01-20 12:30:23,Culturas,Crónica,['Culturas'],3921
639,36985,https://www.revistaanfibia.com/nunca-es-el-cuerpo-equivocado/,“Nunca es el cuerpo equivocado”,La experiencia de la niñez trans,Valeria Pavan; Julia Muriel Dominzain,2016-01-21 11:34:23,Políticas de géneros,,['Políticas de géneros'],5785
640,37038,https://www.revistaanfibia.com/woody-allen-o-la-neurosis-de-un-genio/,Woody Allen o la neurosis de un genio,Adelanto,Natalio Grueso,2016-01-22 11:12:06,Culturas,Crónica,['Culturas'],5572
641,37130,https://www.revistaanfibia.com/nunca-disparo-un-tiro/,Nunca disparó un tiro,Perfil de Luciano Benjamín Menéndez,Juan Manuel Mannarino,2016-01-25 11:04:22,Política y Economía,Crónica,['Política y Economía'],6199
642,37184,https://www.revistaanfibia.com/menos-estado-mas-clientelismo/,"Menos Estado, más clientelismo",Políticas sociales y punteros,Pablo Torres,2016-01-26 11:39:16,Política y Economía,Ensayo,['Política y Economía'],1712
643,37230,https://www.revistaanfibia.com/diario-de-los-pibes-en-roma/,Diario de los pibes en Roma,Italia y José León Suárez,Josefina Giglio,2016-01-27 12:13:02,Políticas de géneros,Crónica,['Políticas de géneros'],5086
644,37297,https://www.revistaanfibia.com/el-silencio-de-los-heridos-graves/,El silencio de los heridos graves,Adelanto,Svetlana Alexiévich,2016-01-29 11:43:51,Culturas,Crónica,['Culturas'],5063
645,37353,https://www.revistaanfibia.com/los-monos-historia-de-un-clan/,"Los Monos, historia de un clan",Narcos en Rosario,Silvina Tamous; Daniel Schreiner,2016-02-01 12:05:33,Culturas,Crónica,['Culturas'],5976
646,37376,https://www.revistaanfibia.com/te-quedas-con-los-pinguinos/,Te quedás con los pingüinos,,Federico Bianchini,2016-02-01 16:47:50,Otras,,['Otras'],824
647,37412,https://www.revistaanfibia.com/morales-me-va-a-meter-presa/,"""Morales me va a meter presa""",Perfil de Milagro Sala,Tali Goldman,2016-02-02 15:10:31,Políticas de géneros,Crónica,['Políticas de géneros'],4808
648,37500,https://www.revistaanfibia.com/las-viejas-narrativas-del-presente/,Las viejas narrativas del presente,La crónica en debate,Mónica Bernabé,2016-02-03 12:36:36,Culturas,,['Culturas'],2308
649,37533,https://www.revistaanfibia.com/los-sindicatos-en-el-pais-de-los-ceo/,Los sindicatos en el país de los CEO,El cambio en los gremios,Nicolás Damin,2016-02-03 17:22:48,Política y Economía,Ensayo,['Política y Economía'],2190
650,37592,https://www.revistaanfibia.com/baja-mortalidad-alta-desigualdad/,"Baja mortalidad, alta desigualdad",Dengue y ZIKA,Hugo Spinelli,2016-02-04 15:31:16,Salud,Ensayo,['Salud'],2442
651,37707,https://www.revistaanfibia.com/fuiste-reina-de-metaforas/,Fuiste reina de metáforas,El adiós a Lohana Berkins,Flavio Rapisardi,2016-02-05 09:00:29,Culturas,Crónica,['Culturas'],1151
652,37684,https://www.revistaanfibia.com/estado-de-shock/,Estado de shock,¿La invención de una crisis?,Alejandro Frenkel,2016-02-05 12:48:09,Política y Economía,Ensayo,['Política y Economía'],2997
653,37927,https://www.revistaanfibia.com/la-mirada-tambien-envejece/,La mirada también envejece,Adultos mayores,María Julieta Oddone; Fernando Krapp,2016-02-10 13:52:40,Salud,Crónica,['Salud'],5097
654,37973,https://www.revistaanfibia.com/la-organizacion-permanente/,La organización permanente,La interna del PJ,Noelia Barral Grigera,2016-02-11 13:41:11,Política y Economía,Crónica,['Política y Economía'],4935
655,38035,https://www.revistaanfibia.com/demasiada-soledad/,Demasiada soledad,Adelanto,Horacio Lutzky; Miriam Lewin,2016-02-12 10:57:09,Culturas,Crónica,['Culturas'],1159
656,38182,https://www.revistaanfibia.com/la-fama-arruino-al-pirata/,La fama arruinó al pirata,¿Ilegalidad o democratización cultural?,Alonso Mesía,2016-02-15 13:44:58,Culturas,Crónica,['Culturas'],2565
657,38264,https://www.revistaanfibia.com/listas-negras/,Listas negras,Despidos en el Estado,Ariadna Castellarnau,2016-02-16 13:49:45,Política y Economía,Crónica,['Política y Economía'],5726
658,38362,https://www.revistaanfibia.com/literatura-y-cronica-gato-por-liebre/,"Literatura y crónica, gato por liebre",La crónica en debate,María Sonia Cristoff,2016-02-17 12:58:09,Culturas,Ensayo,['Culturas'],954
659,38424,https://www.revistaanfibia.com/mar-de-las-pampas-no-es-ni-sera-slow/,Mar de las Pampas no es ni será slow,Turismo,Gabriel D. Noel,2016-02-18 10:03:09,Culturas,,['Culturas'],3089
660,38501,https://www.revistaanfibia.com/disparo-programado/,Disparo programado,Venezuela,Marco Teruggi,2016-02-19 10:41:48,Política y Economía,,['Política y Economía'],3408
661,38511,https://www.revistaanfibia.com/una-anfibia-entre-canguros-y-koalas/,Una anfibia entre canguros y koalas,,,2016-02-19 11:47:22,Política y Economía,,['Política y Economía'],521
662,38619,https://www.revistaanfibia.com/vomitar-es-un-acto-con-sentido/,Vomitar es un acto con sentido,Crossfit,Julieta Rumi; María Inés Landa,2016-02-22 12:12:50,Salud,Crónica,['Salud'],5122
663,38681,https://www.revistaanfibia.com/el-capitalismo-cambia-la-piel/,El capitalismo cambia la piel,De los mass media a Facebook at work,Fernando Peirone,2016-02-23 11:36:25,Culturas,Ensayo,['Culturas'],4300
664,38731,https://www.revistaanfibia.com/un-paraguas-politico-a-la-represion/,Un paraguas político a la represión,El protocolo contra la protesta social,Esteban Rodríguez Alzueta,2016-02-24 12:26:47,Política y Economía,Crónica,['Política y Economía'],2496
665,38782,https://www.revistaanfibia.com/la-republica-en-uso/,La República en uso,"""Utilización instrumental"" vs. “republicanismo bobo”",Ezequiel Adamovsky,2016-02-25 12:09:43,Política y Economía,Ensayo,['Política y Economía'],4495
666,38706,https://www.revistaanfibia.com/cruzar-las-montanas/,Cruce de los andes,Diario de viaje en Instagram,,2016-02-25 18:06:35,Otras,Crónica,['Otras'],1291
667,38864,https://www.revistaanfibia.com/no-hay-alternativas-junto-a-ellas/,No hay alternativas: junto a ellas,Derechos Humanos,Roly Villani,2016-02-26 12:58:07,Política y Economía,,['Política y Economía'],2016
668,39087,https://www.revistaanfibia.com/el-caracter-social/,El carácter social,La política económica del macrismo,Martín Schorr,2016-02-29 12:47:15,Política y Economía,,['Política y Economía'],1551
669,39187,https://www.revistaanfibia.com/nace-el-relato-macrista/,Nace el relato macrista,La invención de la catástrofe,Alejandro Grimson,2016-03-02 11:26:23,Política y Economía,Ensayo,['Política y Economía'],2098
670,39293,https://www.revistaanfibia.com/viajosola-todo-lo-que-no-podran-ser/,#Viajosola: Todo lo que no podrán ser,El crimen de Marina y María José en Ecuador,Silvina Heguy,2016-03-03 11:51:25,Políticas de géneros,,['Políticas de géneros'],1356
671,39296,https://www.revistaanfibia.com/viajosola-a-mi-me-mata-el-asesino/,#Viajosola: A mí me mata el asesino,El crimen de Marina y María José en Ecuador,María Fernanda Ampuero,2016-03-03 12:21:52,Políticas de géneros,,['Políticas de géneros'],1807
672,39488,https://www.revistaanfibia.com/viajosola-que-habras-hecho/,#Viajosola: Qué habrás hecho,El crimen de Marina y María José en Ecuador,Lucila Schonfeld,2016-03-04 12:20:27,Políticas de géneros,,['Políticas de géneros'],872
673,39837,https://www.revistaanfibia.com/viajosola-los-que-esperan-el-colectivo/,#ViajoSola: los que esperan el colectivo,El crimen de Marina y María José en Ecuador,Malena Azcona,2016-03-07 12:18:02,Políticas de géneros,,['Políticas de géneros'],1440
674,39838,https://www.revistaanfibia.com/republicanismo-kirchnerismo-y-derecha/,"Republicanismo, kirchnerismo y “derecha”",Debate,Roberto Gargarella,2016-03-07 15:30:48,Política y Economía,Ensayo,['Política y Economía'],4306
675,39913,https://www.revistaanfibia.com/viajosola-mil-millones-de-veces-muertas/,#ViajoSola: Mil millones de veces muertas,El crimen de Marina y María José en Ecuador,Julia Muriel Dominzain; Agustina Sulleiro,2016-03-08 09:30:22,Políticas de géneros,,['Políticas de géneros'],1764
676,39948,https://www.revistaanfibia.com/mujeres-sexo-trabajo-y-teve/,"Mujeres, sexo, trabajo y tevé",Novela La Leona,Florencia Angilletta,2016-03-08 13:47:16,Políticas de géneros,Ensayo,['Políticas de géneros'],2850
677,40122,https://www.revistaanfibia.com/contra-el-publico/,Contra el público,La crónica en debate,Martín Caparrós,2016-03-09 09:30:43,Culturas,Ensayo,['Culturas'],501
678,39945,https://www.revistaanfibia.com/turismo-de-simulacion/,Turismo de simulación,Anfibia en Corea del Norte,Daniel Wizenberg,2016-03-09 10:07:14,Culturas,Crónica,['Culturas'],5159
679,40166,https://www.revistaanfibia.com/porque-jujuy-porque-milagro/,"Por qué Jujuy, por qué Milagro",Milagro Sala en la cárcel,Adrián Berardi,2016-03-10 10:17:47,Política y Economía,Ensayo,['Política y Economía'],4142
680,40233,https://www.revistaanfibia.com/canos-de-odio-y-cemento/,Caños de odio y cemento,Neonazis en Mar del Plata,Matías Máximo,2016-03-11 11:24:58,Políticas de géneros,Crónica,['Políticas de géneros'],4447
681,40257,https://www.revistaanfibia.com/viajosola-golpes-contra-la-pared/,#Viajosola: Golpes contra la pared,El crimen de Marina y María José en Ecuador,Andrea Aldana,2016-03-11 14:45:29,Políticas de géneros,,['Políticas de géneros'],1684
682,40389,https://www.revistaanfibia.com/la-memoria-del-acontecimiento/,La memoria del acontecimiento,La crónica en debate,Cristian Alarcón,2016-03-14 12:01:05,Culturas,Ensayo,['Culturas'],594
683,40386,https://www.revistaanfibia.com/asustar-para-que-se-acobarden/,#ViajoSola: Asustar para que se acobarden,El crimen de Mariana y María José en Ecuador,Luciana Peker,2016-03-14 12:10:53,Políticas de géneros,,['Políticas de géneros'],2192
684,40409,https://www.revistaanfibia.com/pagar-o-caos/,Pagar o caos,El debate por la deuda,Alejandro Grimson,2016-03-14 16:49:25,Política y Economía,Ensayo,['Política y Economía'],1126
685,40525,https://www.revistaanfibia.com/patria-intereses-y-buitres-en-diputados/,"Macri no inventó la pólvora, pero la sabe usar",20 horas de debate y la primera victoria de Cambiemos,Andrés Fidanza,2016-03-16 10:47:13,Política y Economía,Crónica,['Política y Economía'],2977
686,40568,https://www.revistaanfibia.com/el-circo-de-las-primarias/,El circo de las primarias,Elecciones presidenciales en Estados Unidos,Daniel Fridman,2016-03-16 16:33:35,Política y Economía,Ensayo,['Política y Economía'],3353
687,40635,https://www.revistaanfibia.com/dar-vuelta-el-mapa/,Dar vuelta el mapa,Cátedra Coetzee en UNSAM,Fabián Martínez Siccardi,2016-03-17 11:32:21,Educación,Ensayo,['Educación'],2047
688,40655,https://www.revistaanfibia.com/buitres-come-home/,"Buitres, come home!",El acuerdo con los holdouts,Pablo Nemiña; Martín Schorr,2016-03-17 15:15:34,Política y Economía,,['Política y Economía'],1521
689,40693,https://www.revistaanfibia.com/en-nombre-de-la-justicia/,En nombre de la justicia,La historia de la Corte Suprema de Justicia,Sergio Wischñevsky,2016-03-18 12:08:08,Culturas,Ensayo,['Culturas'],3563
690,40550,https://www.revistaanfibia.com/hablar-de-la-luz/,Hablar de la luz,NidoErrante en Vaqueros,Marcela Alemandi,2016-03-18 15:55:37,Culturas,Crónica,['Culturas'],2816
691,40882,https://www.revistaanfibia.com/la-fotografia-como-militancia/,La fotografía como militancia,Afiches a 40 años del golpe,Eduardo Longoni,2016-03-21 11:27:45,Culturas,Crónica,['Culturas'],1059
692,40889,https://www.revistaanfibia.com/la-juventud-es-y-sera-una-preocupacion-prioritaria-del-ejercito/,“La juventud es y será una preocupación prioritaria del Ejército”,Los 48 días previos al golpe,Gabriela Saidon,2016-03-21 14:53:43,Política y Economía,,['Política y Economía'],1644
693,40948,https://www.revistaanfibia.com/paciencia-tenedores-y-cucharas/,Paciencia de tenedores y cucharas,40 años del golpe,Félix Bruzzone,2016-03-22 10:46:30,Política y Economía,,['Política y Economía'],2153
694,40957,https://www.revistaanfibia.com/como-escribir-un-best-seller/,¿Cómo escribir un best seller?,,,2016-03-22 12:17:51,Otras,,['Otras'],345
695,40982,https://www.revistaanfibia.com/atacar-donde-se-pueda/,Atacar donde se pueda,Atentados en Bruselas,Ana Prieto,2016-03-22 18:47:36,Política y Economía,Crónica,['Política y Economía'],1166
696,41005,https://www.revistaanfibia.com/europa-ante-espejo-cubierta-cenizas/,Europa ante su espejo y cubierta de cenizas,Atentados en Bélgica,Marco Teruggi,2016-03-23 07:49:02,Política y Economía,Ensayo,['Política y Economía'],1277
697,41029,https://www.revistaanfibia.com/meter-las-patas-charco/,Meter las patas en el charco,Afiches a 40 años del golpe,Daniel García,2016-03-23 11:48:01,Política y Economía,,['Política y Economía'],1684
698,41050,https://www.revistaanfibia.com/la-maquina-de-exiliar-2/,La máquina de exiliar,Los puentes entre Argentina y México,Néstor García Canclini,2016-03-23 18:59:49,Políticas de géneros,Ensayo,['Políticas de géneros'],2295
699,41081,https://www.revistaanfibia.com/fascinados/,Fascinados,El presidente norteamericano con los sub40,María Florencia Alcaraz,2016-03-24 10:47:10,Política y Economía,Crónica,['Política y Economía'],1940
700,41108,https://www.revistaanfibia.com/archivos-desclasificar-silencio/,Archivos: desclasificar el silencio,24 de marzo,Luciana Bertoia; María Eugenia Ludueña,2016-03-24 13:06:44,Culturas,Crónica,['Culturas'],6949
701,41165,https://www.revistaanfibia.com/el-amigo-americano/,El amigo americano,Obamanía en la Argentina,Leandro Morgenfeld,2016-03-25 14:23:27,Política y Economía,Ensayo,['Política y Economía'],2004
702,41279,https://www.revistaanfibia.com/bailar-es-requisito/,Bailar es requisito,Colombia,Paula Bistagnino,2016-03-28 12:08:55,Culturas,Crónica,['Culturas'],3477
703,41298,https://www.revistaanfibia.com/la-resignacion/,La resignación,Atentados en Bélgica,Laura Calabrese,2016-03-28 15:28:08,Política y Economía,Ensayo,['Política y Economía'],1053
704,41322,https://www.revistaanfibia.com/un-ornitorrinco-y-cien-monedas/,Un ornitorrinco y cien monedas,Relatoría,Federico Bianchini,2016-03-29 01:42:51,Culturas,Ensayo,['Culturas'],3222
705,41342,https://www.revistaanfibia.com/hombre-del-lago/,El hombre del lago,El millonario británico y su estancia en la Patagonia,Gonzalo Sánchez,2016-03-29 14:06:42,Culturas,Crónica,['Culturas'],6729
706,41380,https://www.revistaanfibia.com/proust-tambien-publico-en-anfibia/,Proust también publicó en Anfibia,Adelanto,Marcel Proust,2016-03-30 12:23:26,Culturas,Crónica,['Culturas'],1021
707,41410,https://www.revistaanfibia.com/relato-y-contradicciones/,Relato y contradicciones,Ser oposición,Alexandre Roig,2016-03-31 08:48:31,Política y Economía,,['Política y Economía'],1665
708,41464,https://www.revistaanfibia.com/cinco-mil-gerentes-chinos/,Cinco mil gerentes chinos,Inversiones en la Argentina,Alejandro Rebossio,2016-04-01 13:27:16,Política y Economía,Crónica,['Política y Economía'],4499
709,41556,https://www.revistaanfibia.com/panama-papers-que-pague-la-gilada/,Panama papers: que pague la gilada,Operaciones offshore,Alejandro Rebossio,2016-04-04 13:47:47,Política y Economía,,['Política y Economía'],1202
710,41573,https://www.revistaanfibia.com/barato-lavar-panama/,Qué barato es lavar en Panamá,Economía Offshore,María Sol Lauría,2016-04-04 17:26:18,Política y Economía,,['Política y Economía'],1486
711,41627,https://www.revistaanfibia.com/clicks-modernos/,Clicks modernos,La agenda del público en la web,Silvana Leiva; Eugenia Mitchelstein; Celeste Wagner; Pablo Boczkowski,2016-04-05 09:53:48,Tecnologías,Ensayo,['Tecnologías'],3408
712,41648,https://www.revistaanfibia.com/panama-papers-ya-tiene-quien-lo-escriba/,Panama papers ya tiene quien lo escriba,Ramón Fonseca Mora,Christian Kupchik,2016-04-05 15:06:48,Política y Economía,,['Política y Economía'],1058
713,41697,https://www.revistaanfibia.com/ubermania-o-uberfobia/,Ubermanía o uberfobia,El debate por la desregularización del transporte,Matías Máximo; Dhan Zunino Singh,2016-04-06 12:40:26,Política y Economía,Crónica,['Política y Economía'],4869
714,41694,https://www.revistaanfibia.com/falta-cine-sobra-moda/,"Falta cine, sobra moda",Fashion Film Festival,Javier Arroyuelo,2016-04-06 17:10:51,Culturas,Ensayo,['Culturas'],3085
715,41773,https://www.revistaanfibia.com/que-se-vayan-tous/,Que se vayan tous,Los indignados de Francia,Marco Teruggi,2016-04-07 10:45:55,Política y Economía,Crónica,['Política y Economía'],3230
716,41857,https://www.revistaanfibia.com/consecuencias-mediaticas/,Consecuencias mediáticas,La nueva política comunicacional,Santiago Marino,2016-04-08 14:43:28,Política y Economía,Ensayo,['Política y Economía'],3176
717,41953,https://www.revistaanfibia.com/vinos-finos-almirantes-agrios/,"Vinos finos, almirantes agrios",Adelanto,María Josefina Cerutti,2016-04-11 10:50:12,Culturas,Crónica,['Culturas'],3147
718,41987,https://www.revistaanfibia.com/malhumor/,Malhumor,Clima social,Alejandro Grimson,2016-04-12 10:39:59,Política y Economía,,['Política y Economía'],1047
719,42004,https://www.revistaanfibia.com/juzgar-el-futuro/,Juzgar el futuro,La causa contra Cristina Kirchner,Gabriel Bezchinsky,2016-04-12 13:43:39,Política y Economía,Ensayo,['Política y Economía'],1479
720,41998,https://www.revistaanfibia.com/la-mano-dura-papa/,Con la mano dura de papá,"Keiko Fujimori, la derecha ganadora",Jacqueline Fowks,2016-04-12 15:47:06,Otras,Ensayo,['Otras'],1839
721,42063,https://www.revistaanfibia.com/alguien-habra-visto-algo/,¿Alguien habrá visto algo?,El libro que leyó CFK,Analía Argento,2016-04-13 10:50:51,Culturas,Crónica,['Culturas'],4255
722,42067,https://www.revistaanfibia.com/frente-ciudadano/,Frente ciudadano,La vuelta de Cristina Fernández de Kirchner,Alejandro Grimson,2016-04-13 13:53:17,Culturas,Crónica,['Culturas'],933
723,42128,https://www.revistaanfibia.com/paso-al-frente/,Un paso al frente,El acto de Cristina,Andrés Fidanza,2016-04-13 19:05:15,Política y Economía,Crónica,['Política y Economía'],2522
724,42190,https://www.revistaanfibia.com/cuando-ya-no-estemos-aqui/,Cuando ya no estemos aquí,"Carlo Rovelli, el físico fuera del tiempo",Malena Azcona,2016-04-14 12:07:28,Educación,Crónica,['Educación'],2786
725,42203,https://www.revistaanfibia.com/violetta-ganancias-sin-apuestas-2/,Violetta: ganancias sin apuestas,Fenómeno infantil,Carolina Duek,2016-04-14 12:14:42,Culturas,Ensayo,['Culturas'],1803
726,42231,https://www.revistaanfibia.com/filtraciones-con-filtro/,Filtraciones con filtro,Panamá Papers,Sebastián Lacunza,2016-04-14 16:33:48,Culturas,,['Culturas'],3040
727,42273,https://www.revistaanfibia.com/mi-abuelo-no-hablaba-de-la-guerra/,Mi abuelo no hablaba de la guerra,Adelanto,Ángela Pradelli,2016-04-15 09:49:03,Culturas,Crónica,['Culturas'],2629
728,42433,https://www.revistaanfibia.com/en-nombre-de-deus/,En nombre de Deus,Juicio político a Dilma,Bruno Lupion,2016-04-18 11:36:14,Política y Economía,,['Política y Economía'],2981
729,42441,https://www.revistaanfibia.com/sufrimos-los-periodistas/,Cómo sufrimos los periodistas,Sara Gallardo,Sara Gallardo,2016-04-18 12:35:08,Culturas,Crónica,['Culturas'],1031
730,42503,https://www.revistaanfibia.com/repelente-nos-ayude/,Que el repelente nos ayude,Dengue,Ana Prieto,2016-04-19 10:18:39,Salud,Crónica,['Salud'],6297
731,42463,https://www.revistaanfibia.com/nuestras-manos-tambien-son-blancas/,Nuestras manos también son blancas,La discriminación en la Argentina,Omer Freixa; Matías Máximo,2016-04-20 10:07:28,Política y Economía,,['Política y Economía'],3278
732,42581,https://www.revistaanfibia.com/bajo-la-luz-turbia-de-puterios-infectos/,Bajo la luz turbia de puteríos infectos,Marita Verón,Sebastián Hacher; Gabriela Cabezón Cámara,2016-04-20 14:17:00,Políticas de géneros,Crónica,['Políticas de géneros'],3761
733,42613,https://www.revistaanfibia.com/vino-porro-drogas-sinteticas/,La tragedia de la opinión,Costa Salguero,Pablo Semán; Guadalupe Gallo,2016-04-20 21:57:44,Culturas,,['Culturas'],1722
734,42634,https://www.revistaanfibia.com/manuel-rivas-anfibia/,Manuel Rivas en Anfibia,25 de abril: Diálogo con Cristian Alarcón,,2016-04-21 11:08:06,Otras,,['Otras'],179
735,42637,https://www.revistaanfibia.com/el-tunel-del-tiempo/,El túnel del tiempo,Tragedia en Costa Salguero,Daniel Link,2016-04-21 11:27:41,Política y Economía,Ensayo,['Política y Economía'],1049
736,42671,https://www.revistaanfibia.com/comodoro-llamas/,Comodoro en llamas,Justicia Federal,Irina Hauser,2016-04-21 16:27:15,Política y Economía,Crónica,['Política y Economía'],3774
737,42715,https://www.revistaanfibia.com/la-palabra-no-muestra/,La palabra no muestra,Adelanto,Martín Caparrós,2016-04-22 11:02:40,Culturas,Ensayo,['Culturas'],2423
738,42745,https://www.revistaanfibia.com/a-quien-le-importa-los-panama-papers/,¿A quién le importa Panama Papers?,Escándalo e indiferencia,Sergio Morresi,2016-04-22 16:15:37,Política y Economía,,['Política y Economía'],2001
739,42867,https://www.revistaanfibia.com/jazz-de-cielo-nocturno/,Jazz de cielo nocturno,Auroras boreales en Alaska,Pablo Ottonello,2016-04-25 10:25:26,Culturas,Crónica,['Culturas'],1587
740,42913,https://www.revistaanfibia.com/rock-and-roll-neneeeeee/,"¡Rock and roll, neneeeeee!",Adelanto,Laura Ramos; Cynthia Lejbowicz,2016-04-26 14:23:52,Culturas,Crónica,['Culturas'],845
741,42948,https://www.revistaanfibia.com/mamushkas-kirchneristas/,Mamushkas kirchneristas,Debate sobre el futuro del FPV,Nicolás Damin,2016-04-27 11:05:26,Política y Economía,Ensayo,['Política y Economía'],1575
742,42975,https://www.revistaanfibia.com/nunca-nos-miraron/,Nunca nos miraron,Terremoto en Ecuador,,2016-04-27 16:09:34,Política y Economía,Crónica,['Política y Economía'],3681
743,43010,https://www.revistaanfibia.com/cerrado-por-obra/,Cerrado por obra,El freno a la construcción,Alejandro Rebossio,2016-04-28 10:16:05,Política y Economía,Crónica,['Política y Economía'],3725
744,43106,https://www.revistaanfibia.com/la-advertencia/,La advertencia,El acto sindical,Salvador Marinaro; Nicolás Damin,2016-04-29 20:10:49,Política y Economía,Crónica,['Política y Economía'],3066
745,43039,https://www.revistaanfibia.com/el-hombre-que-teje/,El hombre que teje,Ñandutí,Sebastián Hacher,2016-05-02 09:48:16,Culturas,Crónica,['Culturas'],5464
746,43246,https://www.revistaanfibia.com/frankfurt-hablame-de-mi/,"Frankfurt, hablame de mí",Argentina en el mercado editorial global,Alejandro Dujovne,2016-05-03 12:34:26,Culturas,Ensayo,['Culturas'],3865
747,43261,https://www.revistaanfibia.com/moda-medios-comunicar-diseno/,Moda y medios: Comunicar el diseño,,,2016-05-03 14:18:28,Otras,,['Otras'],1375
748,43020,https://www.revistaanfibia.com/flores-para-dos-tumbas-pequenas/,Flores para dos tumbas pequeñas,Aniversario de la tragedia en Flores,Juan Carrá,2016-05-04 10:20:43,Políticas de géneros,Crónica,['Políticas de géneros'],2933
749,43306,https://www.revistaanfibia.com/las-formas-politicas-del-trabajo/,Las formas políticas del trabajo,Clase obrera,Paula Abal Medina,2016-05-04 13:14:36,Política y Economía,Ensayo,['Política y Economía'],3864
750,43327,https://www.revistaanfibia.com/cronica-del-archivo-a-la-calle/,Crónica: Del archivo a la calle,,,2016-05-04 14:51:18,Otras,,['Otras'],1051
751,43359,https://www.revistaanfibia.com/manteros-go-home/,Manteros go home,El desalojo de los manteros,Florencia Halfon Laksman,2016-05-06 11:46:24,Política y Economía,Crónica,['Política y Economía'],4913
752,43490,https://www.revistaanfibia.com/german-manual-autoayuda-contemporaneo/,"Germán, un manual de autoayuda contemporáneo",El youtuber en la Feria del Libro,Carolina Duek; Natalia Páez,2016-05-09 15:20:35,Culturas,Crónica,['Culturas'],3782
753,43562,https://www.revistaanfibia.com/la-nena-jugaba-la-esma/,La nena que jugaba en la esma,Juicios a represores,Tali Goldman,2016-05-11 12:40:54,Política y Economía,,['Política y Economía'],1847
754,43702,https://www.revistaanfibia.com/la-caida/,La caída,Crisis política en Brasil,Diego González; Julia Muriel Dominzain,2016-05-12 13:25:20,Política y Economía,,['Política y Economía'],3127
755,43807,https://www.revistaanfibia.com/pando-y-los-limites-del-honor/,Pando y los límites del honor,El fallo de la revista Barcelona,Iván Budassi,2016-05-13 09:53:22,Políticas de géneros,Ensayo,['Políticas de géneros'],2197
756,43938,https://www.revistaanfibia.com/abren-plano-me-tapan-musica/,"Abren el plano, me tapan con música",El debate sobre la legalización de las drogas,Enzo Maqueira,2016-05-16 12:47:08,Culturas,Crónica,['Culturas'],3512
757,43940,https://www.revistaanfibia.com/mujeres-asesinadas/,Mujeres asesinadas,Adelanto,Sandra Russo,2016-05-17 09:38:58,Políticas de géneros,,['Políticas de géneros'],3715
758,44014,https://www.revistaanfibia.com/la-batalla-por-la-igualdad/,Mujeres militares: la batalla por la igualdad,Fuerzas Armadas,Laura Masson; Julia Muriel Dominzain,2016-05-18 12:01:55,Políticas de géneros,Crónica,['Políticas de géneros'],4703
759,44059,https://www.revistaanfibia.com/lo-nos-queda-paris/,Lo que nos queda de París,Memoria e identidad,Marco Teruggi,2016-05-19 11:30:56,Culturas,Ensayo,['Culturas'],2612
760,44071,https://www.revistaanfibia.com/periodismo-cultura-gastronomica/,Periodismo y cultura gastronómica,,,2016-05-19 13:50:13,Otras,,['Otras'],616
761,44084,https://www.revistaanfibia.com/arte-capar-monos/,El arte de capar monos,"No es ""ceocracia"", es política",Julio Burdman,2016-05-19 17:39:02,Política y Economía,Ensayo,['Política y Economía'],2257
762,43822,https://www.revistaanfibia.com/conocer-todos-los-mundos/,Conocer todos los mundos,Crónicas de Norman Mailer,Norman Mailer,2016-05-20 09:51:35,Culturas,Crónica,['Culturas'],2856
763,44217,https://www.revistaanfibia.com/canon-olvidos-y-mitos-de-la-cronica/,"Canon, olvidos y mitos de la crónica",,,2016-05-23 14:52:37,Otras,,['Otras'],1303
764,44209,https://www.revistaanfibia.com/la-pastoral-sindical-papa-francisco/,La pastoral sindical,"El Papa, los gremios y la universidad",,2016-05-24 00:14:46,Política y Economía,,['Política y Economía'],5008
765,44242,https://www.revistaanfibia.com/el-misterio-de-la-creatividad/,El misterio de la creatividad,La forma en la que pensamos,Nadia Luna,2016-05-26 09:23:26,Educación,Crónica,['Educación'],4596
766,44263,https://www.revistaanfibia.com/romper-con-una-continuidad-que-agobia/,Romper con una continuidad que agobia,Crítica teatral,Camilo Sánchez,2016-05-27 09:20:03,Culturas,Crónica,['Culturas'],1966
767,44418,https://www.revistaanfibia.com/culpa-facebook-la-madre-la-nena/,"Culpa de Facebook, de la madre y de la nena",El femicidio de Micaela Ortega,Sonia Budassi,2016-05-30 12:19:06,Políticas de géneros,,['Políticas de géneros'],2047
768,44473,https://www.revistaanfibia.com/pretensiones-literarias/,Pretensiones literarias,La jerarquía en el arte,Cynthia Ozick,2016-05-31 14:18:32,Culturas,Crónica,['Culturas'],2522
769,44507,https://www.revistaanfibia.com/homo-antipatriarcal/,Homo antipatriarcal,#Niunamenos,Florencia Gordillo,2016-06-01 11:57:16,Políticas de géneros,Crónica,['Políticas de géneros'],3364
770,44532,https://www.revistaanfibia.com/ciento-veinte-millones-no-se-chocan-nunca/,Ciento veinte millones que no se chocan nunca,Anfibia en Japón,Vanina Colagiovanni,2016-06-01 15:53:53,Culturas,Crónica,['Culturas'],3293
771,44575,https://www.revistaanfibia.com/cuerpo-a-cuerpo-contra-la-violencia/,Cuerpo a cuerpo contra la violencia,#NiUnaMenos en el Conurbano,Agustina Paz Frontera,2016-06-02 13:11:14,Políticas de géneros,,['Políticas de géneros'],3373
772,44650,https://www.revistaanfibia.com/la-belleza-de-la-liberacion/,La belleza de la liberación,Fotografía y feminismo,Ulises Rodríguez,2016-06-03 15:37:10,Políticas de géneros,,['Políticas de géneros'],950
773,44689,https://www.revistaanfibia.com/movimiento-sin-duenas/,Un movimiento sin dueñas,#NiUnaMenos,Cecilia González,2016-06-04 12:28:21,Políticas de géneros,,['Políticas de géneros'],2579
774,44759,https://www.revistaanfibia.com/los-hechos-no-alcanzan/,Los hechos no alcanzan,Balance de #NiUnaMenos,Laura Masson,2016-06-06 11:36:10,Políticas de géneros,Ensayo,['Políticas de géneros'],2006
775,44793,https://www.revistaanfibia.com/venezuela-cada-persona-es-una-crisis/,Venezuela: cada persona es una crisis,"La ""guerra económica"" de Maduro",Esteban De Gori,2016-06-07 09:51:59,Política y Economía,,['Política y Economía'],2318
776,44805,https://www.revistaanfibia.com/sera-nombre-la-proxima-victima/,¿Cuál será el nombre de la próxima víctima?,Balance de #NiUnaMenos,Lucila Schonfeld,2016-06-07 11:59:52,Políticas de géneros,,['Políticas de géneros'],2748
777,44842,https://www.revistaanfibia.com/una-investigadora-la-piel/,Una investigadora bajo la piel,#OrgulloUNSAM,María Sucarrat,2016-06-08 11:01:16,Culturas,Crónica,['Culturas'],3672
778,44860,https://www.revistaanfibia.com/australia-la-reina-plebeya/,"Australia, la reina plebeya",Anfibia en Oceanía,Sonia Budassi,2016-06-09 10:15:25,Culturas,Crónica,['Culturas'],6231
779,44922,https://www.revistaanfibia.com/el-genero-canibal/,El género caníbal,Literatura y verdad,Javier Cercas,2016-06-10 10:17:05,Culturas,Ensayo,['Culturas'],4164
780,44936,https://www.revistaanfibia.com/la-resistencia-la-semilla/,La resistencia de la semilla,Vandana Shiva,Natalia Gelós,2016-06-10 13:26:55,Políticas de géneros,Crónica,['Políticas de géneros'],3508
781,45000,https://www.revistaanfibia.com/violencia-americana/,Violencia americana,Masacre de Orlando,Julián Troksberg,2016-06-13 11:42:34,Política y Economía,Crónica,['Política y Economía'],1799
782,45007,https://www.revistaanfibia.com/lo-peor-de-varios-mundos/,Lo peor de varios mundos,Masacre de Orlando,Ana Prieto,2016-06-13 13:31:23,Políticas de géneros,Crónica,['Políticas de géneros'],1494
783,45026,https://www.revistaanfibia.com/beso-cincuenta-muertos/,"Un beso, cincuenta muertos",Masacre de Orlando,Marta Dillon,2016-06-13 14:59:00,Políticas de géneros,Ensayo,['Políticas de géneros'],1527
784,45041,https://www.revistaanfibia.com/travestis-negras-boricuas-maricas/,"Travestis, negras, boricuas, maricas",Masacre de Orlando,Joseph M. Pierce,2016-06-13 16:17:44,Políticas de géneros,,['Políticas de géneros'],746
785,45127,https://www.revistaanfibia.com/ladrillo-la-cara/,Como un ladrillo en la cara,Masacre de Orlando,Hunter Thompson Carter,2016-06-14 11:37:55,Políticas de géneros,Crónica,['Políticas de géneros'],1062
786,45152,https://www.revistaanfibia.com/un-asesino-de-molde/,Un asesino de molde,Masacre de Orlando,Flavio Rapisardi,2016-06-14 14:11:51,Políticas de géneros,Ensayo,['Políticas de géneros'],1014
787,45172,https://www.revistaanfibia.com/quien-vive-quien-muere-quien-cuenta-tu-historia/,"Quién vive, quién muere, quién cuenta tu historia",Masacre de Orlando,Ian Lekus,2016-06-14 16:20:41,Políticas de géneros,Ensayo,['Políticas de géneros'],1330
788,45180,https://www.revistaanfibia.com/crimenes-de-odio/,Crímenes de odio,Masacre de Orlando,John Cerone,2016-06-14 17:08:11,Políticas de géneros,Ensayo,['Políticas de géneros'],786
789,45173,https://www.revistaanfibia.com/mas-alla-de-la-sangre/,Más allá de la sangre,Masacre de Orlando,Timothy Patrick McCarthy,2016-06-14 17:28:23,Políticas de géneros,Crónica,['Políticas de géneros'],2156
790,45216,https://www.revistaanfibia.com/que-puedo-hacer-hoy/,¿Qué puedo hacer hoy?,La masacre de Orlando,Don Wismer,2016-06-15 10:42:10,Políticas de géneros,Crónica,['Políticas de géneros'],535
791,45234,https://www.revistaanfibia.com/toda-la-verdad/,Toda la verdad,Caso José López,Alejandro Grimson,2016-06-15 16:15:12,Política y Economía,,['Política y Economía'],1829
792,45124,https://www.revistaanfibia.com/cultivar-atenta-contra-el-negocio-narco/,Cultivar atenta contra el negocio narco,La despenalización de la marihuana,Fernando Soriano,2016-06-16 09:37:12,Política y Economía,Crónica,['Política y Economía'],4900
793,45315,https://www.revistaanfibia.com/la-america-profunda/,La América profunda,El triunfo de Donald Trump,Joe Bageant,2016-06-16 21:48:25,Culturas,Crónica,['Culturas'],3607
794,45508,https://www.revistaanfibia.com/en-la-zona-salvaje-de-la-poesia/,En la zona salvaje de la poesía,Alicia Genovese,Ivana Romero,2016-06-21 11:13:30,Culturas,Crónica,['Culturas'],4113
795,45536,https://www.revistaanfibia.com/sombra-terrible-la-corrupcion/,Sombra de la corrupción,Caso José López,Nicolás Tereschuk y colectivo ArtePolítica,2016-06-21 15:48:46,Política y Economía,Ensayo,['Política y Economía'],3404
796,45149,https://www.revistaanfibia.com/lo-que-dona-petrona-nos-lego/,Lo que Doña Petrona nos legó,La mesa está servida,,2016-06-23 09:49:52,Culturas,Ensayo,['Culturas'],2657
797,45678,https://www.revistaanfibia.com/menos-que-humanos/,Menos que humanos,La orangutana Sandra y el cierre del Zoo,Félix Bruzzone; Anabella Cerrato,2016-06-24 14:37:49,Ambiente,Crónica,['Ambiente'],4930
798,45691,https://www.revistaanfibia.com/desde-plaza-italia-no-se-ve/,Desde Plaza Italia no se ve,El cierre del Zoológico,,2016-06-24 15:36:14,Ambiente,,['Ambiente'],973
799,45712,https://www.revistaanfibia.com/la-ola/,La ola,Brexit,Marisol Parnofiello,2016-06-25 11:33:07,Política y Economía,,['Política y Economía'],1082
800,45807,https://www.revistaanfibia.com/la-capital-y-los-otros/,La capital y los otros,Brexit,Natalí Schejtman,2016-06-27 14:55:51,Política y Economía,Crónica,['Política y Economía'],1934
801,45820,https://www.revistaanfibia.com/te-quiero-asi-sin-mundiales-ni-copas/,"Te quiero así, sin mundiales ni copas",El adiós de Messi a la Selección,Alejandro Wall,2016-06-27 17:43:56,Culturas,Crónica,['Culturas'],2456
802,45877,https://www.revistaanfibia.com/la-importancia-de-lo-minimo/,La importancia de lo mínimo,Científicos UNSAM,Pablo Plotkin,2016-06-28 10:17:34,Educación,Crónica,['Educación'],3632
803,45936,https://www.revistaanfibia.com/rego-de-gloria-este-suelo/,Regó de gloria este suelo,"México 86: “Mi mundial, mi verdad”",Diego Maradona,2016-06-29 08:43:28,Culturas,Crónica,['Culturas'],4324
804,45986,https://www.revistaanfibia.com/la-vida-despues-de-jihad/,La vida después de Jihad,Anfibia/Docs,Gisela Busaniche,2016-06-29 13:31:33,Culturas,Crónica,['Culturas'],2465
805,46013,https://www.revistaanfibia.com/la-vida-despues-guantanamo/,La vida después de Guantánamo,Primer documental de Anfibia,Anfibia/docs,2016-06-30 11:35:28,Culturas,Crónica,['Culturas'],376
806,46086,https://www.revistaanfibia.com/hacerse-cargo-la-escena/,Hacerse cargo de la escena,Mauricio Kartun,Camilo Sánchez,2016-07-01 11:32:59,Culturas,Crónica,['Culturas'],4903
807,46247,https://www.revistaanfibia.com/el-arte-de-narrar/,El arte de narrar,Homenaje a Juan José Saer,Beatriz Sarlo,2016-07-04 12:46:19,Culturas,Ensayo,['Culturas'],2423
808,46277,https://www.revistaanfibia.com/arroz-fideos-y-muneca-politica/,"Arroz, fideos y muñeca política",Situación social en el Conurbano,Gabriel Tuñez,2016-07-05 10:56:51,Política y Economía,Crónica,['Política y Economía'],4614
809,46320,https://www.revistaanfibia.com/la-ciencia-es-una-adiccion/,La ciencia es una adicción,#OrgulloUNSAM,Luciana Mantero,2016-07-06 10:42:29,Educación,Crónica,['Educación'],2936
810,46359,https://www.revistaanfibia.com/sangre-azul/,Sangre azul,El tabú de la menstruación,Karina Felitti,2016-07-07 13:37:47,Políticas de géneros,Ensayo,['Políticas de géneros'],3413
811,46376,https://www.revistaanfibia.com/200-anos-una-palabra/,200 años. Una palabra,Bicentenario de la Independencia argentina,Esteban De Gori; Lucía Álvarez,2016-07-08 12:15:46,Culturas,Ensayo,['Culturas'],886
812,46482,https://www.revistaanfibia.com/marcha-atras/,Marcha atrás,Militares en el Bicentenario,Ileana Arduino,2016-07-11 18:14:25,Política y Economía,Ensayo,['Política y Economía'],3418
813,46520,https://www.revistaanfibia.com/susana-los-millenials/,Susana contra los millenials,Nuevos medios vs Televisión,Andrea Mallimaci,2016-07-12 13:49:24,Culturas,Ensayo,['Culturas'],3223
814,46571,https://www.revistaanfibia.com/bicentenario-afecto-politica/,"Bicentenario, afecto y política",200 años de Independencia,Leonor Arfuch,2016-07-13 10:15:52,Culturas,Ensayo,['Culturas'],2631
815,46615,https://www.revistaanfibia.com/la-politica-es-algo-mas-que-una-inmensa-masa-verde/,La política es algo más que una inmensa masa verde,El partido sindical,Mariano Martín; Nicolás Damin,2016-07-13 22:07:20,Culturas,Crónica,['Culturas'],4966
816,46657,https://www.revistaanfibia.com/el-largo-adios-de-moyano/,El largo adiós de Moyano,El fin de una era,,2016-07-15 10:34:22,Política y Economía,Crónica,['Política y Economía'],3077
817,46671,https://www.revistaanfibia.com/hablale-claro-corto-y-conciso/,"Hablale claro, corto y conciso",Paternidad contemporánea,Mauricio Koch,2016-07-16 09:45:40,Culturas,Crónica,['Culturas'],5335
818,46716,https://www.revistaanfibia.com/la-calle-desmentir-las-tinieblas/,En la calle para desmentir las tinieblas,Ataque en Niza,Roberto Amette Estrada,2016-07-17 13:37:27,Culturas,Ensayo,['Culturas'],984
819,46783,https://www.revistaanfibia.com/cacerolas-inorganicas/,Cacerolas inorgánicas,Protesta y tarifazo,Guido Giorgi,2016-07-19 10:09:34,Política y Economía,Crónica,['Política y Economía'],3198
820,46630,https://www.revistaanfibia.com/kafka-toco-puerta/,Kafka tocó a mi puerta,Testigos protegidos,Mónica Yemayel,2016-07-20 09:35:14,Culturas,Crónica,['Culturas'],3253
821,46743,https://www.revistaanfibia.com/corazones-odio-frio/,Corazones de odio y frío,La ultraderecha alemana,Natalia Laube,2016-07-20 09:41:31,Política y Economía,Crónica,['Política y Economía'],2675
822,46830,https://www.revistaanfibia.com/pura-fisica/,Pura física,#OrgulloUNSAM,Javier Drovetto,2016-07-20 12:49:11,Educación,Crónica,['Educación'],3764
823,46870,https://www.revistaanfibia.com/manuel-puig/,"Manuel Puig, la fascinación popular",Vida de escritores,Javier Arroyuelo,2016-07-21 12:09:15,Culturas,Ensayo,['Culturas'],2711
824,46893,https://www.revistaanfibia.com/rumbo-al-pacifico/,Rumbo al Pacífico,Política exterior e integración regional,Javier Pérez Ibáñez,2016-07-21 18:04:10,Política y Economía,Ensayo,['Política y Economía'],1934
825,46921,https://www.revistaanfibia.com/escrituras-del-yo-de-lo-personal-a-lo-colectivo-2/,"Escrituras del yo, de lo personal a lo colectivo",,,2016-07-22 11:00:37,Otras,,['Otras'],666
826,46963,https://www.revistaanfibia.com/tengo-un-palpito/,Tengo un pálpito,La quiniela y la suerte,Pablo Figueiro,2016-07-22 19:45:22,Culturas,,['Culturas'],2539
827,46997,https://www.revistaanfibia.com/sin-mandatos/,Sin mandatos,#Teteada y lactancia materna,Verónica Ocvirk,2016-07-23 19:42:27,Políticas de géneros,Crónica,['Políticas de géneros'],4021
828,46453,https://www.revistaanfibia.com/un-embrujo-de-corrientes-a-la-matanza/,"Un embrujo, de Corrientes a la Matanza",Chamamé,Diego Jemio,2016-07-25 10:05:26,Culturas,Crónica,['Culturas'],2929
829,47077,https://www.revistaanfibia.com/desde-la-habana-te-escribo/,"Desde La Habana, te escribo",CUBA,Julia Varela; Fernando Rodríguez,2016-07-26 11:44:29,Culturas,Crónica,['Culturas'],5713
830,47112,https://www.revistaanfibia.com/rock-la-satira-la-revolucion-francesa/,Contra la revolución francesa,Atentados en Francia,Alexandre Roig,2016-07-26 14:27:16,Política y Economía,,['Política y Economía'],1554
831,47147,https://www.revistaanfibia.com/las-chicas-it/,Las chicas It,"Medios, redes y género",Silvia Elizalde,2016-07-27 12:06:59,Políticas de géneros,Ensayo,['Políticas de géneros'],3153
832,47136,https://www.revistaanfibia.com/una-tragedia-siempre/,"Una tragedia, siempre",Desaparecidos en México,Cecilia González,2016-07-28 10:28:50,Políticas de géneros,Crónica,['Políticas de géneros'],2703
833,47222,https://www.revistaanfibia.com/medio-ya-no-mensaje/,El medio ya no es medio ni mensaje,"Noticias, jóvenes y consumos",Eugenia Mitchelstein; Mora Matassi; Pablo Boczkowski,2016-07-29 09:13:42,Tecnologías,Ensayo,['Tecnologías'],3209
834,47318,https://www.revistaanfibia.com/bien-paridas/,Bien paridas,Parto natural versus cesárea,Hugo Spinelli,2016-08-01 15:35:04,Políticas de géneros,Ensayo,['Políticas de géneros'],2347
835,47338,https://www.revistaanfibia.com/the-villa-canas-affaire/,The Villa Cañás affaire,El pueblo de los Legrand,José Luis Piacentini,2016-08-02 08:39:27,Culturas,Crónica,['Culturas'],8252
836,47457,https://www.revistaanfibia.com/las-respuestas-evasivas-al-discurso-del-poder/,De las respuestas evasivas al discurso del poder,Macri y el periodismo,Cecilia González,2016-08-03 12:50:47,Política y Economía,Crónica,['Política y Economía'],3899
837,47461,https://www.revistaanfibia.com/violencia-for-export/,"Río, violencia for export",Brasil y los Juego Olímpicos,Nicolás Cabrera,2016-08-04 09:20:53,Política y Economía,Ensayo,['Política y Economía'],2344
838,47554,https://www.revistaanfibia.com/los-malos-usaban-bigotes/,Los malos de antes usaban bigotes,La ética ante un criminal,Gustavo Nielsen,2016-08-05 11:15:26,Culturas,Crónica,['Culturas'],2919
839,47643,https://www.revistaanfibia.com/somos-los-faltan/,Somos los que faltan,Marcha en el día de San Cayetano,Verónica Giménez Béliveau; Marcos Carbonelli,2016-08-08 16:11:56,Política y Economía,Ensayo,['Política y Economía'],3644
840,47674,https://www.revistaanfibia.com/eterna-emergencia/,Eterna emergencia,El Hospital Posadas,Ericka Díaz,2016-08-09 11:56:23,Política y Economía,Crónica,['Política y Economía'],5314
841,47714,https://www.revistaanfibia.com/el-detector-de-particulas/,El detector de partículas,Científicos de la UNSAM,Pablo Perantuono,2016-08-10 11:43:13,Educación,Ensayo,['Educación'],2990
842,47735,https://www.revistaanfibia.com/ocaso-una-mujer-marcada/,El ocaso de una mujer marcada,La literatura de una agente del pinochetismo,Juan Cristóbal Peña,2016-08-10 18:33:47,Políticas de géneros,Crónica,['Políticas de géneros'],2553
843,47762,https://www.revistaanfibia.com/el-viejo-truco-de-andar-por-las-sombras/,El viejo truco de andar por las sombras,Daniel Angelici,Julián Maradeo; Ignacio Damiani,2016-08-11 10:23:38,Política y Economía,Crónica,['Política y Economía'],2027
844,47786,https://www.revistaanfibia.com/el-consumismo-de-izquierda/,El consumismo de izquierda,"Realismo capitalista, ¿no hay alternativa?",Mark Fisher,2016-08-12 11:56:21,Política y Economía,Ensayo,['Política y Economía'],3289
845,47897,https://www.revistaanfibia.com/dialogo-continuidad-ambulancia/,"Diálogo, continuidad y ambulancia",Carolina Stanley y los movimientos sociales,Andrés Fidanza,2016-08-16 12:29:59,Política y Economía,Crónica,['Política y Economía'],4890
846,47930,https://www.revistaanfibia.com/caracas-se-apaga-a-las-siete/,Caracas se apaga a las siete,Crisis en Venezuela,Marco Teruggi,2016-08-17 11:06:50,Política y Economía,,['Política y Economía'],2908
847,47981,https://www.revistaanfibia.com/miranda-july-centro-mas-hipster-lo-contemporaneo/,Miranda July: en el centro más hipster de lo contemporáneo,Ser indie hoy,Sol Dinerstein; Sonia Budassi,2016-08-18 14:01:15,Culturas,Crónica,['Culturas'],5448
848,48027,https://www.revistaanfibia.com/lo-gradual-lo-razonable-y-lo-confiscatorio/,"Lo gradual, lo razonable y lo confiscatorio",La Corte y el tarifazo,Mario Juliano,2016-08-19 10:33:33,Política y Economía,Crónica,['Política y Economía'],1814
849,48045,https://www.revistaanfibia.com/raul-zurita-humilde-mas-ambicioso/,Raúl Zurita: El humilde más ambicioso,Memoria y poesía,Rodrigo Rojas,2016-08-19 13:04:45,Culturas,Crónica,['Culturas'],2482
850,48072,https://www.revistaanfibia.com/rapido-herido-y-furioso/,"Rápido, herido y furioso",Carlos Nair Menem,Victoria De Masi,2016-08-20 09:00:54,Culturas,Crónica,['Culturas'],3832
851,48144,https://www.revistaanfibia.com/hay-para-todos/,Hay para todos,Globalización y consumos populares,César Giraldo; Esneider Polanco; Verónica Gago,2016-08-22 14:58:00,Política y Economía,Ensayo,['Política y Economía'],3725
852,48176,https://www.revistaanfibia.com/oscar-araiz-la-frase-justa-la-indicacion-precisa/,"Oscar Araiz: La frase justa, la indicación precisa",#OrgulloUNSAM,Gabriel Giubellino,2016-08-23 15:20:43,Culturas,Crónica,['Culturas'],4402
853,48194,https://www.revistaanfibia.com/narraciones-genero-la-intimidad-periodistica/,Narraciones de género: La intimidad es periodística,,,2016-08-23 17:12:29,Otras,,['Otras'],3236
854,48196,https://www.revistaanfibia.com/nos-los-representantes/,"Nos, los representantes",Reunificación de la CGT,Nicolás Damin,2016-08-23 17:40:00,Política y Economía,Crónica,['Política y Economía'],2871
855,48233,https://www.revistaanfibia.com/libre/,Libre,"El ""caso Belén""",Florencia Halfon Laksman,2016-08-24 11:02:51,Políticas de géneros,Crónica,['Políticas de géneros'],5384
856,48277,https://www.revistaanfibia.com/aula-global-maestro-moderador/,El aula global y el maestro moderador,La escuela contemporánea,Damián Huergo; Marcela Martínez,2016-08-25 12:46:24,Educación,Crónica,['Educación'],4039
857,48333,https://www.revistaanfibia.com/mujeres-de-dios/,Mujeres de Dios,Monjas y religiosas,Sonia Budassi,2016-08-26 11:34:38,Culturas,Crónica,['Culturas'],3710
858,48471,https://www.revistaanfibia.com/el-nucleo-duro-de-pokemon-go/,El núcleo duro de Pokemon Go,Modas y consumos,Federico Álvarez Gandolfi,2016-08-29 15:30:17,Tecnologías,Ensayo,['Tecnologías'],3116
859,48536,https://www.revistaanfibia.com/sado-sacrificio-no/,"Sado sí, sacrificio no",Burkinis y látigos,Sol Prieto; Karina Felitti,2016-08-31 09:31:32,Culturas,Ensayo,['Culturas'],3085
860,48650,https://www.revistaanfibia.com/la-logica-del-desorden/,La lógica del desorden,Brasil,Ximena Simpson,2016-09-01 22:28:20,Política y Economía,,['Política y Economía'],2035
861,48638,https://www.revistaanfibia.com/confesiones-de-un-morgan-boy/,Confesiones de un Morgan Boy,Evasión y lavado,Leandro Renou; Ignacio Chausis,2016-09-02 14:00:50,Culturas,Crónica,['Culturas'],2907
862,48671,https://www.revistaanfibia.com/a-rusia-con-amor/,A Rusia con amor,Rusia y Argentina en el G20,Mirko Petersen,2016-09-03 11:50:32,Política y Economía,Ensayo,['Política y Economía'],2366
863,48600,https://www.revistaanfibia.com/la-mentira-atomica-hiroshima-john-hersey/,La mentira atómica,Hiroshima,John Hersey,2016-09-04 09:00:38,Culturas,Crónica,['Culturas'],5766
864,48624,https://www.revistaanfibia.com/40-dias-extincion-fuego-lento/,40 días de extinción a fuego lento,Un retiro sufí en primera persona,Cicco - Abdul Wakil,2016-09-05 09:07:50,Culturas,Crónica,['Culturas'],4940
865,48760,https://www.revistaanfibia.com/te-haces-sufi-y-el-mundo-se-te-vuelve-en-contra/,Te hacés sufí y el mundo se te vuelve en contra,Del gonzo al Islam,Cicco - Abdul Wakil,2016-09-05 15:50:57,Culturas,Crónica,['Culturas'],4653
866,48808,https://www.revistaanfibia.com/cartografia-de-la-selva-silvina/,Cartografía de la selva,Viaje al fin del Amazonas,Silvina Heguy,2016-09-06 10:32:02,Culturas,Crónica,['Culturas'],5844
867,48853,https://www.revistaanfibia.com/andres-rivera-del-obrero-al-procer/,"Andrés Rivera, del obrero al prócer",Literatura y política,Miguel Russo,2016-09-07 10:53:18,Culturas,Crónica,['Culturas'],5135
868,48889,https://www.revistaanfibia.com/un-misil-para-pinocho/,Un misil para Pinocho,El atentado a Pinochet,Juan Cristóbal Peña,2016-09-07 16:04:33,Políticas de géneros,Crónica,['Políticas de géneros'],2871
869,48882,https://www.revistaanfibia.com/no-podras-faltarme/,No podrás faltarme,Homenaje a Gilda,Alejandro Margulis,2016-09-07 16:07:56,Culturas,Crónica,['Culturas'],1896
870,48951,https://www.revistaanfibia.com/antjie-krog-imaginar-un-mundo-diferente/,Antjie Krog: Imaginar un mundo diferente,Memoria y literatura,Marisa Pineau,2016-09-08 16:12:15,Culturas,Ensayo,['Culturas'],1149
871,48976,https://www.revistaanfibia.com/tecnicas-convencer-al-pacino/,Técnicas para convencer a Al Pacino,Periodismo narrativo,Roberto Herrscher,2016-09-09 10:13:30,Culturas,Crónica,['Culturas'],1692
872,48992,https://www.revistaanfibia.com/para-que-volviste-mantovani/,"¿Para qué volviste, Mantovani?",El ciudadano ilustre,,2016-09-09 15:20:12,Política y Economía,Crónica,['Política y Economía'],1599
873,49071,https://www.revistaanfibia.com/el-ambientalista-dueno-de-una-papelera/,El ambientalista dueño de una papelera,Selva colombiana,Camilo Alzate,2016-09-12 11:06:33,Culturas,Crónica,['Culturas'],5677
874,49098,https://www.revistaanfibia.com/caja-de-herramientas-para-nuevos-periodistas-2/,Caja de Herramientas para Nuevos Periodistas,,,2016-09-12 14:41:06,Otras,,['Otras'],630
875,49107,https://www.revistaanfibia.com/los-circulos-de-reconocimiento-de-un-artista/,Los círculos de reconocimiento de un artista,"Fotografía, circulación y mercado",Daniel Merle,2016-09-13 09:02:41,Culturas,Ensayo,['Culturas'],1250
876,49142,https://www.revistaanfibia.com/los-ceo-freezer/,Los CEO en el freezer,Fracasar en una corporación,Florencia Luci,2016-09-13 14:00:10,Culturas,Ensayo,['Culturas'],2174
877,49169,https://www.revistaanfibia.com/yo-era-uno-de-ustedes/,Yo era uno de ustedes,El Gobierno y los empresarios,Alejandro Rebossio,2016-09-14 09:59:44,Política y Economía,Crónica,['Política y Economía'],4329
878,49190,https://www.revistaanfibia.com/la-imaginacion-tiranica-del-maestro-zen/,La imaginación tiránica del maestro zen,Alberto Laiseca,Yamila Bêgné,2016-09-14 11:56:07,Culturas,Crónica,['Culturas'],6271
879,49202,https://www.revistaanfibia.com/la-pelea-clase-la-lucha-genero/,"La pelea de clase, la lucha de género",Izquierda y feminismo,Elsa Drucaroff,2016-09-14 12:55:20,Culturas,Ensayo,['Culturas'],4770
880,49249,https://www.revistaanfibia.com/chiruzas/,Chiruzas,Granata y los esterotipos de mujer,Luciana Peker,2016-09-15 16:27:37,Amor y sexo,Ensayo,['Amor y sexo'],3628
881,49431,https://www.revistaanfibia.com/gilda-la-conquistadora/,"Gilda, la conquistadora","Cumbia, mito y religión",Florencia Angilletta,2016-09-16 16:19:48,Culturas,Ensayo,['Culturas'],1421
882,49669,https://www.revistaanfibia.com/usina-del-gas/,Usina del gas,Audiencia por el tarifazo,Verónica Ocvirk,2016-09-19 12:08:39,Culturas,Crónica,['Culturas'],3788
883,49697,https://www.revistaanfibia.com/el-diablo-en-el-cuerpo/,El diablo en el cuerpo,Exorcismos,Verónica Giménez Béliveau,2016-09-20 10:02:21,Culturas,Crónica,['Culturas'],5884
884,49756,https://www.revistaanfibia.com/la-musica-del-pais-de-la-selva/,La música del país de la selva,Crónica y bombo legüero,,2016-09-20 16:53:45,Culturas,,['Culturas'],1220
885,49796,https://www.revistaanfibia.com/calais-una-frontera-en-europa/,"Calais, una frontera en Europa",Refugiados,Passeurs d’hospitalités,2016-09-20 22:45:53,Culturas,,['Culturas'],2619
886,49783,https://www.revistaanfibia.com/ciudadanos-baja-intensidad/,Ciudadanos de baja intensidad,Linchamientos y responsabilidad estatal,Darío Kosovsky,2016-09-21 10:13:17,Culturas,,['Culturas'],2802
887,49836,https://www.revistaanfibia.com/mia-couto-relatos-para-despues-de-la-guerra/,Mia Couto: Relatos para después de la guerra,Memoria y literatura,Gonzalo Aguilar,2016-09-21 14:38:19,Culturas,Ensayo,['Culturas'],1408
888,49848,https://www.revistaanfibia.com/bordar-con-la-soga-de-los-muertos/,Bordar con la soga de los muertos,Ayahuasca,Sebastián Hacher,2016-09-22 11:22:38,Otras,Crónica,['Otras'],8066
889,49927,https://www.revistaanfibia.com/charly-garcia-la-cabeza/,Qué tiene Charly García en la cabeza,Giras de rock,Javier Cababié,2016-09-23 11:58:04,Culturas,Crónica,['Culturas'],2979
890,50012,https://www.revistaanfibia.com/sapo-la-princesa/,El sapo de la princesa,Fiestas de 15,Florencia Gordillo; Mariela Chervin,2016-09-26 11:23:02,Culturas,Crónica,['Culturas'],3800
891,50065,https://www.revistaanfibia.com/la-startup-americana/,La startup americana,Elecciones en Estados Unidos,Ernesto Semán,2016-09-27 13:15:54,Política y Economía,Ensayo,['Política y Economía'],5168
892,50095,https://www.revistaanfibia.com/un-pasado-que-borrar/,Un pasado que borrar,,Laureano Barrera,2016-09-27 20:15:43,Políticas de géneros,Crónica,['Políticas de géneros'],3686
893,50169,https://www.revistaanfibia.com/cuerpo-argentino/,Cuerpo argentino,Una cartografía de la literatura,María Moreno,2016-09-29 11:46:23,Políticas de géneros,Ensayo,['Políticas de géneros'],4218
894,50102,https://www.revistaanfibia.com/retrato-de-un-fotografo/,Retrato de un fotógrafo,#OrgulloUNSAM,,2016-09-30 11:07:11,Culturas,Crónica,['Culturas'],4071
895,50288,https://www.revistaanfibia.com/sumidos-en-la-horrible-noche/,Sumidos en la horrible noche,El “no” al acuerdo de paz colombiano,Omar Rincón,2016-10-03 09:45:45,Política y Economía,Ensayo,['Política y Economía'],3755
896,50339,https://www.revistaanfibia.com/tibios/,Tibios,"El ""No"" al acuerdo de paz colombiano",Margarita García Robayo,2016-10-04 12:28:59,Política y Economía,Ensayo,['Política y Economía'],1491
897,50346,https://www.revistaanfibia.com/paz-y-circo/,Paz y circo,El “No” al acuerdo de paz colombiano,Andrea Aldana,2016-10-04 12:59:17,Política y Economía,Crónica,['Política y Economía'],3148
898,50403,https://www.revistaanfibia.com/mi-realidad-es-aumentada/,Mi realidad es aumentada,Millenials,Fernando Peirone,2016-10-05 13:31:03,Tecnologías,Ensayo,['Tecnologías'],2520
899,50461,https://www.revistaanfibia.com/el-limite-es-la-olla/,El límite es la olla,Mujeres y protesta social,Luciana Rosende; Lorena Tapia Garzón,2016-10-06 11:57:43,Política y Economía,Crónica,['Política y Economía'],2363
900,50498,https://www.revistaanfibia.com/del-piquete-a-la-economia-popular/,Del piquete a la economía popular,Fordismo y autogestión,Ana Natalucci,2016-10-07 09:22:20,Política y Economía,,['Política y Economía'],2827
901,50530,https://www.revistaanfibia.com/cuando-kirchnerismo-no-existia/,Cuando el kirchnerismo no existía,Kirchner por Wainfeld,Mario Wainfeld,2016-10-10 07:00:25,Culturas,Crónica,['Culturas'],2476
902,50291,https://www.revistaanfibia.com/derechos-hormonas/,Derechos y hormonas,Atletas trans e intersexuales,Mariana Spada; Valeria Pavan,2016-10-11 11:55:05,Políticas de géneros,Ensayo,['Políticas de géneros'],2054
903,50644,https://www.revistaanfibia.com/uribelombia/,Uribelombia,"El ""No"" al acuerdo de paz colombiano",Omar Rincón,2016-10-11 17:29:56,Política y Economía,Ensayo,['Política y Economía'],3146
904,50707,https://www.revistaanfibia.com/sin-mano-dura-ni-mano-propia/,Sin mano dura ni mano propia,Inseguridad y víctimas,Santiago Galar; Brenda Focás,2016-10-12 15:07:45,Políticas de géneros,Crónica,['Políticas de géneros'],2170
905,50772,https://www.revistaanfibia.com/no-son-monstruos/,No son monstruos,El femicidio de Lucía Pérez,Ileana Arduino,2016-10-13 15:36:53,Políticas de géneros,,['Políticas de géneros'],2140
906,50768,https://www.revistaanfibia.com/vallejo-el-poeta-cronista/,"Vallejo, el poeta cronista",Una mirada nueva sobre el mundo,César Vallejo,2016-10-14 10:15:17,Culturas,Crónica,['Culturas'],5314
907,51365,https://www.revistaanfibia.com/madres-y-desmadres/,Madres y desmadres,Día de la Madre,Ana Fornaro,2016-10-15 15:36:19,Políticas de géneros,Crónica,['Políticas de géneros'],1857
908,31308,https://www.revistaanfibia.com/dia-de-la-lealtad-versiones-del-17/,Versiones del 17,Relato anfibio de un día peronista,Alejandro Grimson,2016-10-17 09:46:54,Política y Economía,,['Política y Economía'],3265
909,51551,https://www.revistaanfibia.com/desencanto-del-referendo/,El desencanto del referendo,Cuando la ciudadanía dice NO,Alicia Lissidini,2016-10-18 10:59:24,Política y Economía,Ensayo,['Política y Economía'],2227
910,51629,https://www.revistaanfibia.com/un-programa-de-miercoles/,Un programa de miércoles,"Rock, poesía y radio",Martín Pérez,2016-10-19 09:32:40,Culturas,Crónica,['Culturas'],2723
911,24210,https://www.revistaanfibia.com/como-convertirte-en-feminista/,Cómo convertirte en feminista,#NiUnaMenos,Juliana Di Tullio; María Eugenia Ludueña,2016-10-19 15:35:13,Políticas de géneros,Ensayo,['Políticas de géneros'],3165
912,51710,https://www.revistaanfibia.com/duelo-colectivo-y-templanza-de-los-cuerpos/,Duelo colectivo y templanza de los cuerpos,Paro nacional de mujeres,María Pía López,2016-10-20 08:03:37,Políticas de géneros,Crónica,['Políticas de géneros'],1242
913,51810,https://www.revistaanfibia.com/la-voz-la-poesia-contemporanea/,La voz de la poesía contemporánea,Festival de Poesía de Rosario,Santiago Venturini,2016-10-21 09:12:16,Culturas,Crónica,['Culturas'],2719
914,51945,https://www.revistaanfibia.com/vidal-la-formula-duhalde/,Vidal y la fórmula Duhalde,Mapa electoral bonaerense,Julio Burdman,2016-10-24 11:02:18,Política y Economía,Ensayo,['Política y Economía'],2617
915,51956,https://www.revistaanfibia.com/el-asesinato-de-un-policia/,El asesinato de un policía,La muerte de Lucas Muñoz en Bariloche,Santiago Rey,2016-10-25 09:14:26,Políticas de géneros,Crónica,['Políticas de géneros'],5211
916,52015,https://www.revistaanfibia.com/narrativas-digitales-contar-redes-sociales/,Narrativas digitales: Cómo contar en redes sociales,,,2016-10-25 17:08:02,Otras,,['Otras'],518
917,52059,https://www.revistaanfibia.com/subir-al-olimpo/,Subir al olimpo,Raúl Zurita y la poesía contemporánea,Gerardo Jorge,2016-10-26 10:22:16,Culturas,Ensayo,['Culturas'],4208
918,52117,https://www.revistaanfibia.com/las-ultimas-horas-calais/,Las últimas horas de Calais,Brutal desalojo del campo de refugiados,Passeurs d’hospitalités,2016-10-27 14:00:20,Políticas de géneros,Crónica,['Políticas de géneros'],2019
919,52159,https://www.revistaanfibia.com/por-la-boca-de-mi-padre/,Por la boca de mi padre,"Black out, de María Moreno",María Moreno,2016-10-28 11:07:03,Culturas,Crónica,['Culturas'],4462
920,52290,https://www.revistaanfibia.com/el-cielo-las-hara-libres/,El cielo las hará libres,"Mia Astral, astrología y feminismo new age",Karina Felitti; Nicolás Viotti,2016-10-31 11:16:05,Políticas de géneros,Ensayo,['Políticas de géneros'],3320
921,52302,https://www.revistaanfibia.com/hackear-la-politica/,Hackear la política,Mitos y fetichismo del voto electrónico,Nahuel Levy,2016-11-01 10:07:00,Política y Economía,Ensayo,['Política y Economía'],3118
922,52422,https://www.revistaanfibia.com/ellos-nunca-lo-entenderan/,Ellos nunca lo entenderán,Venezuela en crisis,Marco Teruggi,2016-11-02 12:23:20,Política y Economía,,['Política y Economía'],3098
923,52423,https://www.revistaanfibia.com/abstinencia-una-historia-de-amor/,"Abstinencia, una historia de amor",Diario de una exfumadora,Sonia Budassi,2016-11-03 09:04:28,Culturas,Ensayo,['Culturas'],4264
924,52543,https://www.revistaanfibia.com/choris-punteros-votos/,"Choris, punteros y votos",Clientelismo y ciencias sociales,Gabriel Vommaro; Hélène Combes,2016-11-04 09:05:44,Política y Economía,,['Política y Economía'],3340
925,52574,https://www.revistaanfibia.com/la-visita-de-las-cinco/,La visita de las cinco,Una recorrida por la ESMA,Sebastián Lacunza,2016-11-04 17:00:10,Políticas de géneros,Crónica,['Políticas de géneros'],3903
926,52681,https://www.revistaanfibia.com/diferentes-pero-no-tanto/,"Diferentes, pero no tanto",Hillary o Trump: ¿elección crucial?,Alberto Ferrari Etcheberry,2016-11-07 11:04:48,Política y Economía,Ensayo,['Política y Economía'],5162
927,52705,https://www.revistaanfibia.com/los-diarios-hillary-los-fans-trump/,"Los diarios con Hillary, los fans con Trump","Campañas, medios y mensajes",Pablo Boczkowski,2016-11-08 09:00:04,Política y Economía,Ensayo,['Política y Economía'],2380
928,52765,https://www.revistaanfibia.com/no-la-fuerza-la-cultura/,"No es la fuerza, es la cultura",Desigualdades entre hombres y mujeres,Alejandro Grimson; Eleonor Faur,2016-11-08 15:42:42,Políticas de géneros,,['Políticas de géneros'],2787
929,52819,https://www.revistaanfibia.com/el-voto-antisistema/,El voto antisistema,Las razones de Trump,Martín Plot,2016-11-09 14:58:10,Política y Economía,,['Política y Economía'],1301
930,52841,https://www.revistaanfibia.com/una/,Una,La derrota de Hillary,Florencia Angilletta,2016-11-10 07:07:01,Política y Economía,Ensayo,['Política y Economía'],1337
931,52889,https://www.revistaanfibia.com/tiro-gracia-la-globalizacion/,El tiro de gracia a la globalización,El triunfo de Trump,Alejandro Grimson,2016-11-10 09:43:04,Política y Economía,Ensayo,['Política y Economía'],1279
932,52953,https://www.revistaanfibia.com/cinco-estrategias-para-frenar-al-monstruo/,Cinco estrategias para frenar al monstruo,Tras la victoria de Trump,,2016-11-10 21:34:43,Política y Economía,Ensayo,['Política y Economía'],3111
933,53013,https://www.revistaanfibia.com/la-gestion-del-miedo-la-esperanza/,La gestión del miedo y la esperanza,Trump y la batalla emocional,Rossana Reguillo Cruz,2016-11-11 13:52:19,Política y Economía,,['Política y Economía'],1811
934,53034,https://www.revistaanfibia.com/the-trumpman-show/,The Trumpman Show,Las consecuencias del triunfo de Trump,Daniel Fridman,2016-11-11 16:30:09,Política y Economía,Ensayo,['Política y Economía'],3534
935,53027,https://www.revistaanfibia.com/la-ficcion-houellebcq/,La ficción de Houellebecq,El escritor francés en Buenos Aires,Pablo Nardi,2016-11-12 08:47:37,Culturas,Ensayo,['Culturas'],2253
936,53246,https://www.revistaanfibia.com/gringo-deja-ya-de-odiarnos/,"Gringo, deja ya de odiarnos",La pesadilla Trump en los mexicanos de EE.UU.,Marcela Turati,2016-11-14 12:37:03,Política y Economía,Crónica,['Política y Economía'],4535
937,53309,https://www.revistaanfibia.com/la-elegida/,La elegida,Voluntariado y política,Gabriel Vommaro; Lucía Álvarez,2016-11-15 10:28:39,Política y Economía,,['Política y Economía'],6074
938,53411,https://www.revistaanfibia.com/periodismo-mutante/,Periodismo mutante,"Noticias, mercado y trabajo",Sebastián Lacunza,2016-11-16 11:13:55,Culturas,Crónica,['Culturas'],1967
939,53336,https://www.revistaanfibia.com/el-buen-vecino-del-norte/,El buen vecino del norte,El modelo canadiense,Hinde Pomeraniec; Raquel San Martín,2016-11-17 09:14:44,Culturas,Crónica,['Culturas'],5495
940,53513,https://www.revistaanfibia.com/pasion-galguera/,Pasión galguera,Derecho animal,,2016-11-17 15:37:05,Culturas,Crónica,['Culturas'],4122
941,53603,https://www.revistaanfibia.com/la-rusa-historia-de-una-troska/,"La Rusa, historia de una troska",Myriam Bregman,Tali Goldman,2016-11-18 16:01:25,Política y Economía,,['Política y Economía'],5634
942,53860,https://www.revistaanfibia.com/garua-en-el-sahara/,Garúa en el Sahara,Emergencia social,Alejandro Grimson,2016-11-21 10:28:10,Política y Economía,Ensayo,['Política y Economía'],1080
943,53897,https://www.revistaanfibia.com/pepo-de-pelicula/,Pepo de película,Cumbia,Ulises Rodríguez,2016-11-21 15:31:37,Culturas,Crónica,['Culturas'],1298
944,53537,https://www.revistaanfibia.com/el-desastre-republicano/,El desastre republicano,La era Trump,Marcelo Leiras,2016-11-22 09:04:42,Política y Economía,Ensayo,['Política y Economía'],1948
945,53953,https://www.revistaanfibia.com/los-estados-unidos-vladimir-trump/,Los Estados Unidos de Vladimir Trump,La nueva era en la Casa Blanca,Diego Fonseca,2016-11-22 16:17:11,Política y Economía,Ensayo,['Política y Economía'],19951
946,54017,https://www.revistaanfibia.com/denunciar-al-maestro-enjuiciar-a-la-escuela/,"Denunciar al maestro, enjuiciar a la escuela",El aula contemporánea,Marcela Martínez; Damián Huergo,2016-11-23 10:03:28,Políticas de géneros,Ensayo,['Políticas de géneros'],3707
947,54033,https://www.revistaanfibia.com/fotolibros-para-salvar-el-lenguaje/,Fotolibros para salvar el lenguaje,Feria de libros de fotografía,,2016-11-23 11:45:56,Culturas,,['Culturas'],674
948,54125,https://www.revistaanfibia.com/todos-los-fuegos-de-un-tiempo/,Todos los fuegos de un tiempo,40 años de la desaparición de la nieta de Chicha Mariani,Marco Teruggi,2016-11-24 11:17:08,Política y Economía,,['Política y Economía'],2804
949,54204,https://www.revistaanfibia.com/la-hija-imperfecta/,La hija imperfecta,#OrgulloGay,Gloria Ziegler,2016-11-24 14:33:23,Políticas de géneros,Crónica,['Políticas de géneros'],2925
950,54187,https://www.revistaanfibia.com/la-lucha-es-en-el-campus-el-claustro-y-el-pasillo/,"La lucha es en el campus, el claustro y el pasillo",Universidades contra la violencia de género,,2016-11-25 09:56:23,Políticas de géneros,,['Políticas de géneros'],2135
951,54237,https://www.revistaanfibia.com/galeano-amaba-reir/,Galeano amaba reír,Homenaje de Serrat y Poniatowska,Joan Manuel Serrat; Elena Poniatowska,2016-11-28 11:28:44,Culturas,Crónica,['Culturas'],2887
952,54409,https://www.revistaanfibia.com/no-hay-nada-mas-solitario-que-un-tenista/,No hay nada más solitario que un tenista,Histórico triunfo argentino en la Copa Davis,Carolina Duek,2016-11-29 08:48:11,Culturas,Ensayo,['Culturas'],2452
953,54473,https://www.revistaanfibia.com/escenas-de-transversalidad-politica/,Escenas de transversalidad política,Nuevas formas de intervención,,2016-11-30 10:12:03,Políticas de géneros,,['Políticas de géneros'],1098
954,54490,https://www.revistaanfibia.com/romper-el-silencio/,Romper el pacto de silencio,Sobre la denuncia de Carolina Aguirre contra su ex,Laura Masson,2016-11-30 17:09:33,Políticas de géneros,Ensayo,['Políticas de géneros'],1728
955,54520,https://www.revistaanfibia.com/la-posibilidad-de-una-isla/,La posibilidad de una isla,"Cuba, Fidel y el día después",Pablo Stefanoni,2016-12-01 10:19:36,Política y Economía,Ensayo,['Política y Economía'],2960
956,54586,https://www.revistaanfibia.com/hacete-prenar/,Hacete preñar,Pescarmona y el embarazo adolescente,Eleonor Faur,2016-12-02 14:22:58,Salud,Ensayo,['Salud'],1465
957,54589,https://www.revistaanfibia.com/todo-sobre-tus-celulas-madre/,Todo sobre tus células madre,Mitos y verdades del cordón umbilical,Luciana Díaz,2016-12-05 10:17:20,Salud,Crónica,['Salud'],3539
958,54784,https://www.revistaanfibia.com/auriculares-para-pensar/,Auriculares para pensar,La vida con sonido,José Luis Fernández,2016-12-06 10:20:34,Tecnologías,Ensayo,['Tecnologías'],1642
959,54847,https://www.revistaanfibia.com/calamaro-una-playlist-de-mil-horas/,Calamaro: una playlist de mil horas,El rey de la canción,Walter Lezcano,2016-12-07 07:40:27,Culturas,,['Culturas'],4703
960,54883,https://www.revistaanfibia.com/campusano-el-cineasta-bruto/,Campusano: el cineasta bruto,Conurbano films,Ulises Rodríguez,2016-12-07 18:36:15,Culturas,,['Culturas'],1182
961,54938,https://www.revistaanfibia.com/macri-carrio-condenados-destino-comun/,"Macri-Carrió, condenados a un destino común",Un año del gobierno de Cambiemos,Ignacio Zuleta,2016-12-09 09:32:49,Política y Economía,Crónica,['Política y Economía'],5508
962,54787,https://www.revistaanfibia.com/detras-de-cada-gran-mujer-hay-una-gran-mujer/,"Detrás de toda gran mujer, hay otra gran mujer",Cómo construir una sociedad igualitaria,Mercedes D’Alessandro,2016-12-12 09:32:20,Culturas,Ensayo,['Culturas'],4328
963,55150,https://www.revistaanfibia.com/la-postverdad/,La postverdad,Las noticias falsas y el futuro del periodismo,Pablo Boczkowski,2016-12-13 10:26:58,Culturas,Ensayo,['Culturas'],1926
964,55366,https://www.revistaanfibia.com/el-asado-es-una-situacion/,El asado no se come,Primera experiencia en Realidad Virtual,Anfibia__VR; Alejandro Grimson,2016-12-14 18:28:40,Culturas,,['Culturas'],905
965,55325,https://www.revistaanfibia.com/carne-argentina-carne-podrida/,"Carne argentina, carne podrida",Primera experiencia en Realidad Virtual,Silvina Beccar Varela; Anfibia__VR,2016-12-14 18:28:56,Culturas,Crónica,['Culturas'],1485
966,55402,https://www.revistaanfibia.com/es-dificil-ser-mujer-en-tatooine/,Es difícil ser mujer en Tatooine,El lado oscuro de Star Wars,Cole Bowman,2016-12-16 08:45:48,Culturas,Ensayo,['Culturas'],4373
967,55582,https://www.revistaanfibia.com/detras-de-la-barba-roja/,Detrás de la barba roja,El año Messi,Ignacio Fusco,2016-12-19 13:23:00,Culturas,Ensayo,['Culturas'],1335
968,55627,https://www.revistaanfibia.com/congreso-ano-la-rosca/,Congreso: el año de la rosca,Balance del año legislativo,Noelia Barral Grigera,2016-12-20 10:38:19,Política y Economía,Crónica,['Política y Economía'],3417
969,55669,https://www.revistaanfibia.com/diario-de-un-bordador/,Diario de un bordador,"Hilos, masculinidades y mercado",Sebastián Hacher,2016-12-21 10:47:05,Culturas,Crónica,['Culturas'],5483
970,55715,https://www.revistaanfibia.com/busca-del-apache/,En busca del Apache,Carlos Tevez,Sonia Budassi,2016-12-22 15:21:58,Culturas,Crónica,['Culturas'],2195
971,55753,https://www.revistaanfibia.com/ganancias-lo-tecnico-es-politico/,Ganancias: lo técnico es político,Debate por los impuestos y la renta,Pablo Míguez,2016-12-23 11:08:59,Política y Economía,Ensayo,['Política y Economía'],3138
972,55787,https://www.revistaanfibia.com/ciencia-para-que/,Ciencia para qué,El recorte en el CONICET,Diego Hurtado,2016-12-24 11:21:39,Política y Economía,Ensayo,['Política y Economía'],2747
973,55919,https://www.revistaanfibia.com/escrachados/,Escrachados,Futbolistas al desnudo,Margarita Martínez,2016-12-26 10:10:49,Políticas de géneros,Ensayo,['Políticas de géneros'],2248
974,55991,https://www.revistaanfibia.com/se-apago-segundo-semestre/,Se apagó como el segundo semestre,Cambios en el gabinete de Macri,Leandro Renou,2016-12-27 11:38:30,Política y Economía,Ensayo,['Política y Economía'],2337
975,56054,https://www.revistaanfibia.com/libranos-del-mal/,Líbranos del mal,Exorcismos,Verónica Giménez Béliveau,2016-12-28 11:54:03,Culturas,Crónica,['Culturas'],3533
976,56109,https://www.revistaanfibia.com/tecno-optimismo/,Tecno optimismo,Política y tecnología: balance 2016,Natalia Zuazo,2016-12-29 10:46:19,Tecnologías,Ensayo,['Tecnologías'],3648
977,56124,https://www.revistaanfibia.com/turismo-carretera-la-ultima-trinchera-del-machismo/,"Turismo Carretera, la última trinchera del machismo","Deporte, masculinidad y misoginia",Laureano Debat,2016-12-30 09:00:36,Culturas,Crónica,['Culturas'],3533
978,56316,https://www.revistaanfibia.com/desayuno-en-flandres/,Desayuno en Flandres,Refugiados en las calles de París,Thierry Leclère,2017-01-03 12:14:22,Política y Economía,Crónica,['Política y Economía'],1503
979,56391,https://www.revistaanfibia.com/viajera-anti-beat/,Viajera anti beat,"Chile, Inglaterra y Turquía",Cynthia Rimsky,2017-01-04 11:09:50,Culturas,,['Culturas'],4281
980,56461,https://www.revistaanfibia.com/universo-lestido/,Universo Lestido,Fotografía e intimidad,Miguel Russo,2017-01-05 10:14:40,Políticas de géneros,Crónica,['Políticas de géneros'],5488
981,56509,https://www.revistaanfibia.com/la-educacion-sexual/,La educación sexual,El mercado del sexo,Karina Felitti,2017-01-06 10:52:00,Amor y sexo,Ensayo,['Amor y sexo'],2778
982,56748,https://www.revistaanfibia.com/dia-piglia-llego-los-lectores-chinos/,El día que Piglia llegó a los lectores chinos,Homenaje a Ricardo Piglia,Yu Lou,2017-01-09 12:41:26,Culturas,Ensayo,['Culturas'],2874
983,56813,https://www.revistaanfibia.com/esa-india/,Esa india,Una defensa de Milagro Sala,Dora Barrancos,2017-01-10 10:16:58,Política y Economía,Ensayo,['Política y Economía'],1712
984,56824,https://www.revistaanfibia.com/intelectuales-de-los-suburbios/,Intelectuales de los suburbios,Literatura y sociedad,Denis Merklen,2017-01-11 09:04:26,Culturas,Ensayo,['Culturas'],2652
985,56974,https://www.revistaanfibia.com/cien-torsos-desnudos-ningun-amor/,Cien torsos desnudos y ningún amor,Manifiesto antigrindr,Christian Rodríguez,2017-01-12 10:54:44,Amor y sexo; Otras,,"['Amor y sexo', 'Otras']",2705
986,57052,https://www.revistaanfibia.com/cuando-la-derecha-empezo-volver/,Cuando la derecha empezó a volver,La tragedia de Curuguaty en Paraguay,Rocco Carbone; Clyde Soto,2017-01-13 09:25:34,Política y Economía,Ensayo,['Política y Economía'],1614
987,57262,https://www.revistaanfibia.com/la-carcel-como-deposito/,La cárcel como depósito,Los problemas del servicio penitenciario,Anabella Museri; Hugo Spinelli,2017-01-16 11:07:18,Políticas de géneros,Ensayo,['Políticas de géneros'],2326
988,57383,https://www.revistaanfibia.com/los-dilemas-del-periodismo-de-trinchera/,Los dilemas del periodismo de trinchera,La pelea entre Trump y los medios de comunicación,Pablo Boczkowski; Eugenia Mitchelstein,2017-01-18 10:34:24,Política y Economía,Ensayo,['Política y Economía'],1874
989,57451,https://www.revistaanfibia.com/quiero-me-entierren-alla/,Yo quiero que me entierren allá,Los relatos sobre mapuches de Hebe Uhart,Hebe Uhart,2017-01-19 10:10:44,Culturas,Crónica,['Culturas'],3218
990,57479,https://www.revistaanfibia.com/bienvenidos-a-la-era-de-la-conflictividad/,Bienvenidos a la era de la conflictividad,Trump en la Casa Blanca,Marcelo J. García,2017-01-20 11:36:58,Política y Economía,Ensayo,['Política y Economía'],2218
991,57661,https://www.revistaanfibia.com/china-plan-tevez/,China: el plan Tevez,El Apache en Shanghai,Sonia Budassi,2017-01-23 13:41:37,Culturas,Ensayo,['Culturas'],3376
992,56553,https://www.revistaanfibia.com/ovillar/,Ovillar,Identidad y memoria,Marco Teruggi,2017-01-24 12:54:26,Culturas,Ensayo,['Culturas'],2295
993,56407,https://www.revistaanfibia.com/sigo-sin-entender-cuando-es-violacion/,Sigo sin entender cuándo es violación,Humor y feminismo,Malena Pichot; Charo López,2017-01-25 10:56:23,Políticas de géneros,Ensayo,['Políticas de géneros'],2139
994,57885,https://www.revistaanfibia.com/nos-equivocamos-en-todo/,Nos equivocamos en todo,Periodismo y política,Omar Rincón,2017-01-26 13:04:34,Política y Economía,Ensayo,['Política y Economía'],4083
995,57964,https://www.revistaanfibia.com/nena-te-llevo-probar/,"Nena, yo te llevo a probar",Fútbol y género,Ignacio Fusco,2017-01-27 12:29:37,Políticas de géneros,Crónica,['Políticas de géneros'],3178
996,58058,https://www.revistaanfibia.com/porque-mataba-robledo-puch/,¿Por qué mataba Robledo Puch?,La crónica de Osvaldo Soriano,Osvaldo Soriano,2017-01-30 06:36:01,Culturas,Crónica,['Culturas'],5138
997,58120,https://www.revistaanfibia.com/el-absurdo-de-la-extranjeria/,El absurdo de la extranjería,Macri y la migración,María Inés Pacecca,2017-01-31 14:10:20,Culturas,Ensayo,['Culturas'],2461
998,58175,https://www.revistaanfibia.com/para-empezar-el-muro/,"Para empezar, el muro",La era Trump,Cecilia González,2017-02-01 11:57:27,Política y Economía,Crónica,['Política y Economía'],3706
999,58259,https://www.revistaanfibia.com/mas-sensibleria-motivacion/,Más que sensiblería y motivación,La crisis de la política y la nueva comunicación,Fernando Peirone,2017-02-02 10:37:14,Política y Economía,Ensayo,['Política y Economía'],1629
1000,58340,https://www.revistaanfibia.com/los-chinos-no-tienen-honor/,Los chinos no tienen honor,Original vs copia,Byung-Chul Han,2017-02-03 11:59:37,Culturas,Ensayo,['Culturas'],1763
1001,58502,https://www.revistaanfibia.com/los-desaparecidos-del-parana/,Los desaparecidos del Paraná,Policía de Santa Fe,Sebastián N. Ortega,2017-02-06 12:09:29,Políticas de géneros,,['Políticas de géneros'],3994
1002,58587,https://www.revistaanfibia.com/victimas-de-segunda/,Víctimas de segunda,Estadísticas de muertes en las villas de San Martín,N.V.Y.M.,2017-02-07 12:37:00,Políticas de géneros,Ensayo,['Políticas de géneros'],2059
1003,58662,https://www.revistaanfibia.com/las-reglas-del-genero/,Contra las reglas del género,Homenaje a Todorov,Tzvetan Todorov,2017-02-08 11:22:25,Culturas,Ensayo,['Culturas'],3443
1004,58730,https://www.revistaanfibia.com/dime-donde-vienes/,Dime de dónde vienes,Inmigración en la Villa 21/24,Inés Arteta,2017-02-09 10:56:00,Culturas,Ensayo,['Culturas'],2404
1005,58787,https://www.revistaanfibia.com/como-ganar-premios/,Cómo ganar premios,Anfibia en el Festival de Rotterdam,Paula Félix-Didier,2017-02-10 13:00:38,Culturas,Ensayo,['Culturas'],2036
1006,58908,https://www.revistaanfibia.com/taller-de-cronica-de-viaje-entrenar-la-mirada/,Taller de crónica de viaje: Entrenar la mirada,Talleres Anfibia 2017,,2017-02-13 10:58:28,Otras,,['Otras'],750
1007,58916,https://www.revistaanfibia.com/el-juez-infiltrado/,El juez infiltrado,Narcotráfico en la justicia,,2017-02-13 12:25:23,Política y Economía,Crónica,['Política y Economía'],3798
1008,58965,https://www.revistaanfibia.com/la-la-land-oda-al-amor-descartable/,"La La Land, oda al amor descartable",Reivindicación de lo efímero,Julián Gorodischer,2017-02-14 11:09:31,Culturas,Ensayo,['Culturas'],1496
1009,59049,https://www.revistaanfibia.com/macho-progre-educacion-sentimental/,El macho progre y su educación sentimental,¿Varones antipatriarcales?,Joaquín Linne,2017-02-15 10:41:31,Políticas de géneros,Ensayo,['Políticas de géneros'],1873
1010,59174,https://www.revistaanfibia.com/hacete-amigo-del-big-data/,Hacete amigo del Big Data,El poder de los datos masivos,Esteban Magnani,2017-02-16 11:26:56,Tecnologías,Ensayo,['Tecnologías'],3191
1011,59184,https://www.revistaanfibia.com/narrativas-de-genero/,Narrativas de Género,Talleres Anfibia 2017,Luciana Peker,2017-02-16 13:14:18,Otras,,['Otras'],3230
1012,59276,https://www.revistaanfibia.com/nunca-tuvimos-lo-inmigrante-nos-robo/,Nunca tuvimos lo que el inmigrante nos robó,Savloj Zizek y el problema del otro,,2017-02-17 11:18:26,Políticas de géneros,Ensayo,['Políticas de géneros'],3979
1013,59304,https://www.revistaanfibia.com/los-elegidos/,Los elegidos,Abusos en la Iglesia Católica,Julián Maradeo,2017-02-17 15:47:15,Políticas de géneros,Crónica,['Políticas de géneros'],3280
1014,59519,https://www.revistaanfibia.com/tiempo-muerto/,Tiempo muerto,Largas esperas en los sistemas de salud,Verónica Ocvirk,2017-02-21 11:10:08,Salud,Crónica,['Salud'],3158
1015,59608,https://www.revistaanfibia.com/historia-periodismo-tecnicas-no-ficcion-narrar-pasado/,Historia y periodismo: técnicas de no ficción para narrar el pasado,Talleres Anfibia 2017,Marcelo Larraquy,2017-02-22 14:17:30,Otras,,['Otras'],401
1016,59649,https://www.revistaanfibia.com/me-clavo-visto/,Me clavó el visto,WhatsApp,Mora Matassi,2017-02-23 12:13:10,Tecnologías,Ensayo,['Tecnologías'],2291
1017,59774,https://www.revistaanfibia.com/correogate-y-antipolitica/,Correogate y antipolítica,"Nuevas demandas, viejos relatos",Alejandro Grimson,2017-02-24 10:26:14,Política y Economía,Ensayo,['Política y Economía'],2350
1018,60099,https://www.revistaanfibia.com/lees-miras-clickeas/,"Qué leés, qué mirás, qué clickeas",Las noticias más leídas,Eugenia Mitchelstein; Pablo Boczkowski; Silvana Leiva; Victoria Andelsman,2017-03-02 09:44:45,Política y Economía,Ensayo,['Política y Economía'],2834
1019,60116,https://www.revistaanfibia.com/populistas-fuimos-todos/,Populistas fuimos todos,El discurso de Macri en el Congreso,Ignacio Ramírez,2017-03-02 15:11:40,Política y Economía,Ensayo,['Política y Economía'],1722
1020,60186,https://www.revistaanfibia.com/la-ideologia-del-voluntariado-2/,La ideología del voluntariado,Conflicto docente,Damián Huergo; Marcela Martínez,2017-03-03 13:02:46,Políticas de géneros,Ensayo,['Políticas de géneros'],1340
1021,60383,https://www.revistaanfibia.com/elvira-vanguardia-prudente-feminismo/,Elvira y la vanguardia prudente del feminismo,#8M,Verónica Gago,2017-03-06 11:03:42,Políticas de géneros,Ensayo,['Políticas de géneros'],3111
1022,60447,https://www.revistaanfibia.com/parto-respetado-aguantate-sola/,Parto respetado: aguantate sola,#8M,Andrea Paz,2017-03-07 11:50:56,Políticas de géneros,Ensayo,['Políticas de géneros'],3531
1023,60492,https://www.revistaanfibia.com/fecha-de-vencimiento/,Fecha de vencimiento,La marcha y el paro,,2017-03-07 19:18:47,Política y Economía,Crónica,['Política y Economía'],2396
1024,60529,https://www.revistaanfibia.com/yo-marcho/,Yo marcho,#8M,María Fernanda Ampuero,2017-03-08 10:36:08,Políticas de géneros,,['Políticas de géneros'],1538
1025,60554,https://www.revistaanfibia.com/hartas/,Hartas,#8M,Eleonor Faur,2017-03-08 12:50:55,Políticas de géneros,,['Políticas de géneros'],1921
1026,60639,https://www.revistaanfibia.com/felicidad-y-caceria/,Felicidad y cacería,#8M,Lorena Tapia Garzón; Luciana Rosende,2017-03-09 12:03:42,Políticas de géneros,,['Políticas de géneros'],2944
1027,60666,https://www.revistaanfibia.com/con-lo-que-cuesta-armar-un-full/,Con lo que cuesta armar un full,El acto de la CGT,Pablo Semán,2017-03-09 16:10:12,Política y Economía,Ensayo,['Política y Economía'],1856
1028,60716,https://www.revistaanfibia.com/las-incapaces/,Las incapaces,Las conquistas de las mujeres,Luciana Peker,2017-03-10 10:43:17,Políticas de géneros,Crónica,['Políticas de géneros'],2527
1029,60736,https://www.revistaanfibia.com/el-comentario-desubicado-en-el-aula/,El comentario desubicado en el aula,#8M,Vanesa Vazquez Laba; Mariana Palumbo,2017-03-10 14:57:41,Políticas de géneros,Ensayo,['Políticas de géneros'],1819
1030,60870,https://www.revistaanfibia.com/la-sanata-condenatoria/,La sanata condenatoria,Indio Solari en Olavarría,Pablo Alabarces,2017-03-13 01:02:00,Políticas de géneros,,['Políticas de géneros'],2406
1031,61237,https://www.revistaanfibia.com/la-maldicion-del-pogo-mas-grande-del-mundo/,La maldición del pogo más grande del mundo,El Indio en Olavarría,Manuel Buscalia,2017-03-13 08:35:00,Culturas,,['Culturas'],2619
1032,60923,https://www.revistaanfibia.com/bien-adentro-2/,Bien adentro,Cultura del aguante,Pablo Alabarces,2017-03-13 10:57:19,Culturas,Ensayo,['Culturas'],1762
1033,61470,https://www.revistaanfibia.com/red-social/,Red social,Indio Solari en Olavarría,Facundo Pedrini,2017-03-14 12:45:05,Tecnologías,Crónica,['Tecnologías'],1718
1034,61769,https://www.revistaanfibia.com/lenin-esta-vivo/,Lenin está vivo,A cien años de la revolución rusa,Liliana Villanueva,2017-03-15 12:07:25,Culturas,Crónica,['Culturas'],2710
1035,61898,https://www.revistaanfibia.com/milani-el-obediente/,"Milani, el obediente",Derechos Humanos y contradicciones,Luciana Bertoia,2017-03-16 10:37:52,Política y Economía,Crónica,['Política y Economía'],6108
1036,62014,https://www.revistaanfibia.com/bad-hombres/,Bad hombres,Los perseguidos por Trump,Marina Aizen,2017-03-17 10:13:37,Políticas de géneros,Crónica,['Políticas de géneros'],1885
1037,62065,https://www.revistaanfibia.com/ya-es-tarde/,"""Ya es tarde""",Los días previos al Golpe,Marcelo Larraquy,2017-03-18 08:23:13,Culturas,Ensayo,['Culturas'],4107
1038,62219,https://www.revistaanfibia.com/cuerpos-del-delito/,Cuerpos del delito,La muerte de la militante trans Angie Velázquez Ramírez,Lara María Bertolini; Matías Máximo,2017-03-20 14:12:25,Políticas de géneros,Ensayo,['Políticas de géneros'],2580
1039,62353,https://www.revistaanfibia.com/todos-los-misterios-la-carta-walsh/,Todos los misterios de la Carta de Walsh,A 40 años de la desaparición de Rodolfo Walsh,Diego Igal,2017-03-21 11:12:53,Política y Economía,,['Política y Economía'],5169
1040,62377,https://www.revistaanfibia.com/la-carta-de-walsh-fuentes-consultadas/,La Carta de Walsh: fuentes consultadas,,,2017-03-21 12:29:03,Otras,,['Otras'],1136
1041,62453,https://www.revistaanfibia.com/caer-publica/,Caer en la pública,Educación pública y privada,Emilio Tenti Fanfani; Alejandro Grimson,2017-03-22 08:24:12,Educación,Ensayo,['Educación'],3223
1042,62537,https://www.revistaanfibia.com/derecho-al-piquete/,Derecho al piquete,Protesta social,Julieta Quirós,2017-03-22 13:01:03,Política y Economía,Ensayo,['Política y Economía'],2074
1043,62648,https://www.revistaanfibia.com/la-union/,La unión,Marcha Federal de Educación,Natalia Gelós,2017-03-22 20:58:21,Políticas de géneros,Crónica,['Políticas de géneros'],2059
1044,62794,https://www.revistaanfibia.com/sonar-con-thatcher-despertar-con-galtieri/,"Soñar con Thatcher, despertar con Galtieri","Docentes, orgullo y conflicto",Pablo Semán,2017-03-23 16:17:38,Educación,,['Educación'],1640
1045,62840,https://www.revistaanfibia.com/el-cazador-oculto/,El cazador oculto,"Escrache, memoria, justicia",Matías Ortega,2017-03-23 19:49:27,Política y Economía,,['Política y Economía'],5143
1046,62764,https://www.revistaanfibia.com/memorias-del-papel/,Memorias del papel,A 41 años del Golpe Militar,Ricardo Robins,2017-03-23 19:59:03,Políticas de géneros,Crónica,['Políticas de géneros'],4361
1047,63276,https://www.revistaanfibia.com/abrir-la-ciencia/,Abrir la ciencia,Sistemas de evaluación científica,Emanuel López; Valeria Arza,2017-03-27 10:45:40,Educación,Ensayo,['Educación'],2009
1048,63292,https://www.revistaanfibia.com/como-derrotar-a-la-ultraderecha/,Cómo derrotar a la ultraderecha,"Derrota del ""Trump holandés"" en una elección clave para Europa",Oscar Soria,2017-03-28 09:40:37,Políticas de géneros,Crónica,['Políticas de géneros'],5710
1049,63378,https://www.revistaanfibia.com/medio-enemigo/,Medio enemigo,Políticas de comunicación en la región,Iván Schuliaquer,2017-03-28 14:53:04,Culturas,Ensayo,['Culturas'],2972
1050,63454,https://www.revistaanfibia.com/tenemos-histeria-porque-no-tenemos-futbol/,Tenemos histeria porque no tenemos fútbol,La Selección y el mundial,Ignacio Fusco,2017-03-29 11:06:42,Culturas,Crónica,['Culturas'],804
1051,63463,https://www.revistaanfibia.com/el-buen-migrante/,El buen migrante,La nueva legislación sobre extranjería,María Inés Pacecca; Ana Fornaro,2017-03-29 14:12:25,Políticas de géneros,Crónica,['Políticas de géneros'],4967
1052,63507,https://www.revistaanfibia.com/spregelburd/,Spregelburd y una nueva ética de la ficción,,Emiliano Gullo,2017-03-30 10:47:20,Culturas,Crónica,['Culturas'],3584
1053,63519,https://www.revistaanfibia.com/dos-tumbas-cuerpo/,"Dos tumbas, un cuerpo",A 4 años de la inundación de La Plata,Marcela Repossi,2017-03-31 09:23:10,Políticas de géneros,Crónica,['Políticas de géneros'],4284
1054,63706,https://www.revistaanfibia.com/el-sueno-de-la-plaza-propia/,El sueño de la plaza propia,Sentidos y consecuencias del #1A,Pablo Semán,2017-04-03 11:27:55,Política y Economía,,['Política y Economía'],3325
1055,63723,https://www.revistaanfibia.com/malvinas-botin-bolso-fusil-al-hombro/,"Botín en bolso, fusil al hombro",Futbolistas en Malvinas,Leandro Cócolo,2017-04-03 15:37:56,Culturas,Crónica,['Culturas'],2649
1056,63810,https://www.revistaanfibia.com/el-desencanto-de-caracas/,El desencanto de Caracas,La crisis de Venezuela,Esteban De Gori,2017-04-04 11:41:08,Políticas de géneros,Ensayo,['Políticas de géneros'],1190
1057,63870,https://www.revistaanfibia.com/desde-arriba-no-se-ve/,Desde arriba no se ve,La CGT y el paro,Patricia Ventrici,2017-04-05 09:22:57,Política y Economía,Ensayo,['Política y Economía'],2062
1058,63929,https://www.revistaanfibia.com/cien-anos-revolucion-rusa/,Lejos de la revolución,Centenario de la revuelta bolchevique,Martín Baña,2017-04-07 09:00:00,Política y Economía,Ensayo,['Política y Economía'],2418
1059,64016,https://www.revistaanfibia.com/siempre-iremos-a-la-plaza/,Siempre iremos a la plaza,El 24 de marzo en Realidad Virtual,Anfibia__VR; Tomás Pérez Vizzón,2017-04-07 12:21:24,Política y Economía,Crónica,['Política y Economía'],205
1060,64221,https://www.revistaanfibia.com/narrativas-digitales-2/,Narrativas Digitales,Talleres Anfibia 2017,Tomás Pérez Vizzón,2017-04-10 15:31:35,Otras,,['Otras'],749
1061,64269,https://www.revistaanfibia.com/ajuste-politico-y-batalla-cultural/,Ajuste político y batalla cultural,Polarización,Alejandro Grimson,2017-04-11 10:39:00,Otras,Ensayo,['Otras'],1739
1062,64298,https://www.revistaanfibia.com/la-cautiva/,La cautiva,El femicidio de Micaela,María Pía López,2017-04-11 16:00:15,Otras,Ensayo,['Otras'],1883
1063,64402,https://www.revistaanfibia.com/que-los-cazadores-de-violencia-no-hablen-por-nosotras/,"""Que los cazadores de violencia no hablen por nosotras""",Asamblea a cielo abierto por Micaela,Cecilia González,2017-04-12 11:27:52,Políticas de géneros,,['Políticas de géneros'],2471
1064,64461,https://www.revistaanfibia.com/ni-machos-ni-fachos/,"Ni machos, ni fachos",Una agenda feminista para la Justicia,Ileana Arduino,2017-04-12 19:56:38,Otras,,['Otras'],3016
1065,64736,https://www.revistaanfibia.com/la-humanidad-paralela/,La humanidad paralela,Inteligencia artificial,Éric Sadin,2017-04-17 12:00:47,Otras,Ensayo,['Otras'],2273
1066,64750,https://www.revistaanfibia.com/cuerpo-amor-intimidad/,"Cuerpos, amor, intimidad",Talleres Anfibia 2017,María Fernanda Ampuero,2017-04-17 15:03:57,Otras,,['Otras'],859
1067,64765,https://www.revistaanfibia.com/narrar-el-deporte-historias-pasion-y-negocios/,"Narrar el deporte: historias, pasión y negocios",Talleres Anfibia 2017,Alejandro Wall,2017-04-17 15:58:53,Otras,,['Otras'],466
1068,64821,https://www.revistaanfibia.com/ponele-emoji-a-todo/,Ponele emoji a todo,Comunicación visual y cultura digital,Tomás Pérez Vizzón,2017-04-18 12:01:03,Tecnologías,Ensayo,['Tecnologías'],2864
1069,64920,https://www.revistaanfibia.com/oscar-bony-la-traicion-del-estilo/,"Oscar Bony, la traición del estilo",Fotografía y arte,Daniel Merle,2017-04-18 17:55:13,Culturas,,['Culturas'],1495
1070,64893,https://www.revistaanfibia.com/a-quien-le-importa-el-cine-argentino/,¿A quién le importa el cine argentino?,"Cine, Estado y Nación",Andrea Mallimaci,2017-04-19 11:53:18,Política y Economía,Ensayo,['Política y Economía'],1785
1071,64020,https://www.revistaanfibia.com/bajo-el-asfalto-2/,Bajo el asfalto,El transporte público subterráneo,Tali Goldman,2017-04-20 09:04:03,Políticas de géneros,Crónica,['Políticas de géneros'],4970
1072,65048,https://www.revistaanfibia.com/periodismo-y-cultura-gastronomica-2/,Periodismo y Cultura Gastronómica,Talleres Anfibia 2017,Silvina Beccar Varela,2017-04-21 11:50:40,Otras,,['Otras'],690
1073,65040,https://www.revistaanfibia.com/el-feminismo-pesimista/,El feminismo pesimista,Igualdad de género y capitalismo,Lucía Ariza,2017-04-21 12:01:04,Políticas de géneros,Crónica,['Políticas de géneros'],2240
1074,65175,https://www.revistaanfibia.com/una-foto-una-epoca/,"Una foto, una época",El registro de la historia reciente argentina,Eduardo Longoni,2017-04-24 10:59:57,Culturas,Crónica,['Culturas'],878
1075,65234,https://www.revistaanfibia.com/la-utopia-tecno-de-salvarse-solo/,La utopía tecno de salvarse solo,Las consecuencias del capitalismo,Esteban Magnani,2017-04-25 12:32:50,Tecnologías,Ensayo,['Tecnologías'],1994
1076,65285,https://www.revistaanfibia.com/los-obreros-de-trump/,Los obreros de Trump,El proteccionismo de Trump,Paula Lugones,2017-04-26 11:36:22,Política y Economía,,['Política y Economía'],1987
1077,65333,https://www.revistaanfibia.com/las-cien-vidas-amaranta/,Las cien vidas de Amaranta,Identidad indígena y de género,Matías Máximo,2017-04-27 11:27:36,Políticas de géneros,Ensayo,['Políticas de géneros'],3221
1078,65375,https://www.revistaanfibia.com/no-la-buscaron/,No la buscaron,El femicidio de Araceli Fulles,María Florencia Alcaraz,2017-04-28 12:41:20,Políticas de géneros,,['Políticas de géneros'],1365
1079,65398,https://www.revistaanfibia.com/65398/,Anfibia en la Feria del Libro 2017,En el stand UNSAM Edita,,2017-04-28 14:36:54,Otras,,['Otras'],352
1080,65650,https://www.revistaanfibia.com/el-narcopatriarcado-y-las-pibas/,"El narcopatriarcado y ""las pibas""",La trama social del femicidio,,2017-05-02 12:18:14,Políticas de géneros,Ensayo,['Políticas de géneros'],1717
1081,65720,https://www.revistaanfibia.com/los-fracasados/,Los fracasados,Las elecciones en Francia,Denis Merklen,2017-05-03 10:25:18,Política y Economía,Ensayo,['Política y Economía'],3291
1082,65769,https://www.revistaanfibia.com/los-cruzaras-en-la-calle/,Los cruzarás en la calle,Derechos Humanos y el 2x1,Luciana Bertoia,2017-05-03 19:49:48,Política y Economía,,['Política y Economía'],2588
1083,65838,https://www.revistaanfibia.com/como-si-fuera-uno-mas/,Como si fuera uno más,Derechos Humanos y el 2x1,Martín Caparrós,2017-05-04 14:13:41,Culturas,Crónica,['Culturas'],1647
1084,65902,https://www.revistaanfibia.com/periodista-militante-presidente/,"El periodista, el militante y el presidente",Debatir el kirchnerismo,,2017-05-05 11:13:30,Política y Economía,Ensayo,['Política y Economía'],1914
1085,65912,https://www.revistaanfibia.com/madres-la-trampa-del-amor-romantico/,Madres en la trampa del amor romántico,Nueva maternidad,Beatriz Gimeno,2017-05-05 13:07:36,Políticas de géneros,Ensayo,['Políticas de géneros'],3727
1086,66106,https://www.revistaanfibia.com/sexo-robotas-machismo/,"Sexo, robotas y machismo",Algoritmos y porno,Irina Sternik,2017-05-08 10:22:59,Amor y sexo,Crónica,['Amor y sexo'],2863
1087,66190,https://www.revistaanfibia.com/la-corte-no-lo-hizo/,La Corte no lo hizo,Derechos Humanos y el 2x1,Roberto Gargarella,2017-05-09 14:02:55,Política y Economía,Ensayo,['Política y Economía'],2709
1088,66197,https://www.revistaanfibia.com/la-testigo-desprotegida/,La testigo desprotegida,Caso Melina Romero,Sabrina Cartabia Groba,2017-05-09 15:51:22,Políticas de géneros,Crónica,['Políticas de géneros'],2991
1089,66286,https://www.revistaanfibia.com/los-temerarios/,Los temerarios,Derechos Humanos y el 2x1,Irina Hauser,2017-05-10 09:58:47,Política y Economía,,['Política y Economía'],2123
1090,66316,https://www.revistaanfibia.com/querido-2x1/,Querido 2x1,Derechos Humanos y el 2x1,Félix Bruzzone,2017-05-10 14:08:03,Política y Economía,,['Política y Economía'],1058
1091,66329,https://www.revistaanfibia.com/compensen-terror-los-anos-perdidos/,"Compensen el terror, los años perdidos",Derechos Humanos y el 2x1,Ángela Urondo Raboy,2017-05-10 15:52:27,Política y Economía,,['Política y Economía'],1182
1092,66383,https://www.revistaanfibia.com/los-tenaces/,Los tenaces,Derechos humanos y el 2x1,Ezequiel Adamovsky,2017-05-11 10:56:24,Política y Economía,,['Política y Economía'],2370
1093,67612,https://www.revistaanfibia.com/los-duenos-de-la-ciencia/,Los dueños de la ciencia,Quién legitima la ciencia,Viviana Martinovich,2017-05-15 11:15:41,Culturas,Ensayo,['Culturas'],2071
1094,67731,https://www.revistaanfibia.com/chingo-amor-no-al-pinche-silencio/,"Chingo de amor, no al pinche silencio",El asesinato de Javier Valdez,Rossana Reguillo Cruz,2017-05-16 12:07:00,Políticas de géneros,,['Políticas de géneros'],1271
1095,67844,https://www.revistaanfibia.com/la-fabula-del-vago-emprendedor/,La fábula del vago y el emprendedor,Trabajo y ocio,Henry David Thoreau,2017-05-17 10:44:16,Culturas,Ensayo,['Culturas'],2896
1096,68043,https://www.revistaanfibia.com/13-razones-no-alcanzan/,13 razones no alcanzan,"13 reasons why, la serie del 2017",Ingrid Sarchman,2017-05-19 10:04:44,Culturas,Ensayo,['Culturas'],1381
1097,68058,https://www.revistaanfibia.com/no-al-silencio/,No al silencio,Manifiesto de periodistas y escritores argentinos,,2017-05-19 12:16:14,Políticas de géneros,,['Políticas de géneros'],2528
1098,68093,https://www.revistaanfibia.com/brasil-tan-latinoamericano-siempre/,"Brasil, tan latinoamericano como siempre",Temer acorralado,Leandro Morgenfeld,2017-05-19 17:02:33,Política y Economía,Ensayo,['Política y Economía'],1588
1099,68288,https://www.revistaanfibia.com/temer-poeta-de-la-conspiracion/,"Temer, el poeta de la conspiración",Crisis política en Brasil,Henrique Estrada Rodríguez,2017-05-22 11:32:33,Política y Economía,,['Política y Economía'],836
1100,68376,https://www.revistaanfibia.com/toda-la-rabia-en-la-palabra-concha/,Toda la rabia en la palabra concha,La agresión de una madre a una maestra,Marcela Martínez; Damián Huergo,2017-05-23 12:50:50,Amor y sexo,Ensayo,['Amor y sexo'],1121
1101,68509,https://www.revistaanfibia.com/adn/,ADN,Juego #Anfibia5años,,2017-05-24 14:48:39,Otras,,['Otras'],52
1102,68548,https://www.revistaanfibia.com/las-otras-infancias-clandestinas/,Las otras infancias clandestinas,Nuevas voces de la memoria,Leonor Arfuch,2017-05-24 18:49:53,Política y Economía,,['Política y Economía'],1368
1103,68836,https://www.revistaanfibia.com/pelea-entre-blancos/,Pelea entre blancos,Brasil en tiempos de posdemocracia,Mariana Gainza; Igor Peres,2017-05-26 12:15:23,Política y Economía,,['Política y Economía'],2152
1104,69028,https://www.revistaanfibia.com/derechos-humanos-nuestra-religion-civil-laica/,Nuestra religión civil laica,Derechos Humanos y democracia,Sebastián Carassai,2017-05-29 10:23:43,Políticas de géneros,Ensayo,['Políticas de géneros'],2042
1105,69052,https://www.revistaanfibia.com/brasil-y-la-amenaza-kafkiana/,Brasil y la amenaza kafkiana,El futuro brasileño,Ximena Simpson,2017-05-29 17:40:35,Política y Economía,,['Política y Economía'],1628
1106,69065,https://www.revistaanfibia.com/desde-carcel-escribo/,Desde la cárcel te escribo,"Milagro Sala, 500 días detenida",Tali Goldman; Sebastián N. Ortega,2017-05-30 08:39:19,Otras,Crónica,['Otras'],2501
1107,69206,https://www.revistaanfibia.com/no-hay-refugio/,No hay refugio,Las mujeres y la crisis siria,Clara Aguirre,2017-05-31 11:06:22,Políticas de géneros,Crónica,['Políticas de géneros'],1502
1108,69312,https://www.revistaanfibia.com/beyonce-feminismo-espiritual/,Beyoncé y el feminismo espiritual,Mujeres empoderadas,Diana Eguía Armenteros,2017-06-01 12:43:41,Políticas de géneros,Ensayo,['Políticas de géneros'],2484
1109,69343,https://www.revistaanfibia.com/la-mujer-nuclear-60-anos-de-ciencia-y-politica/,La mujer nuclear: 60 años de ciencia y política,"Sara Rietti, la primera química nuclear argentina",María Florencia Alcaraz,2017-06-01 15:10:50,Culturas,Crónica,['Culturas'],1808
1110,69330,https://www.revistaanfibia.com/una-etica-del-cuidado-popular/,Una ética del cuidado popular,#NiUnaMenos,María Florencia Alcaraz; Eleonor Faur,2017-06-01 16:10:46,Políticas de géneros,Ensayo,['Políticas de géneros'],2356
1111,69620,https://www.revistaanfibia.com/memoria-verdad-y-justicia-para-las-pibas/,"Memoria, verdad y justicia para las pibas",Tercera marcha Ni Una Menos,María Florencia Alcaraz,2017-06-05 09:10:06,Políticas de géneros,Crónica,['Políticas de géneros'],2263
1112,69718,https://www.revistaanfibia.com/barras-policias-dirigentes-enemigos-intimos/,"Barras, policías y dirigentes: enemigos íntimos",Violencia en el fútbol,José Garriga Zucal,2017-06-06 11:35:26,Política y Economía,Ensayo,['Política y Economía'],1993
1113,69782,https://www.revistaanfibia.com/espectadores-del-lujo-ajeno/,Espectadores del lujo ajeno,Consumos culturales,Carolina Duek,2017-06-07 09:26:03,Culturas,Ensayo,['Culturas'],2834
1114,69813,https://www.revistaanfibia.com/el-periodismo-y-el-arte-burgues/,El periodismo y el arte burgués,Piglia entrevista a Walsh,Ricardo Piglia,2017-06-07 14:45:11,Culturas,Crónica,['Culturas'],3921
1115,69883,https://www.revistaanfibia.com/la-aventura-intelectual-de-publicar-un-libro/,La aventura intelectual de publicar un libro,Mercado editorial,Alejandro Dujovne,2017-06-08 14:52:47,Culturas,Ensayo,['Culturas'],2701
1116,69922,https://www.revistaanfibia.com/la-inspiracion-es-un-cuarto-de-hotel/,La inspiración es un cuarto de hotel,Viajar y escribir,Hernán Ronsino,2017-06-09 11:14:56,Culturas,Crónica,['Culturas'],3292
1117,70087,https://www.revistaanfibia.com/los-nuevos-futuros-del-periodismo/,Los nuevos futuros del periodismo,De Watergate a las fake news,Pablo Boczkowski; C. W. Anderson,2017-06-12 12:43:00,Culturas,Ensayo,['Culturas'],3172
1118,70153,https://www.revistaanfibia.com/la-sentencia-la-ira/,La sentencia de la ira,Derechos Humanos y el 2x1,Federico Delgado,2017-06-13 12:13:01,Política y Economía,Ensayo,['Política y Economía'],3976
1119,70171,https://www.revistaanfibia.com/lesbiana-pobre-masculina/,"Por lesbiana, pobre y masculina",Justicia para Higui,Luciana Sánchez,2017-06-13 16:26:57,Políticas de géneros,,['Políticas de géneros'],1793
1120,70202,https://www.revistaanfibia.com/la-bruja-del-post-boom/,La bruja del post boom,Honoris Causa a Luisa Valenzuela,Cristian Alarcón,2017-06-14 10:54:55,Culturas,Ensayo,['Culturas'],2121
1121,70285,https://www.revistaanfibia.com/doctora-hijo-tajea/,"Doctora, mi hijo se tajea",Adolescencia y autolesiones,Miriam Maidana,2017-06-15 09:58:07,Culturas,Crónica,['Culturas'],2848
1122,70339,https://www.revistaanfibia.com/tras-camino-padre/,Tras el camino de mi padre,Paternidad contemporánea,Gustavo Ng,2017-06-16 09:32:58,Culturas,Crónica,['Culturas'],2867
1123,70646,https://www.revistaanfibia.com/zamora-soy-leyenda/,Soy leyenda,"Luis Zamora, trotskismo y autodeterminación",Pablo Stefanoni,2017-06-19 11:14:50,Culturas,Crónica,['Culturas'],2976
1124,70784,https://www.revistaanfibia.com/ustedes-ellos-y-yo/,"Ustedes, ellos y yo",Cristina en campaña,Diego Igal,2017-06-21 11:58:54,Política y Economía,Crónica,['Política y Economía'],3074
1125,70802,https://www.revistaanfibia.com/el-tercio-de-los-suenos/,El tercio de los sueños,Cristina en campaña,Alejandro Grimson,2017-06-21 15:02:07,Política y Economía,Ensayo,['Política y Economía'],1327
1126,70877,https://www.revistaanfibia.com/sin-renovacion-no-hay-nada/,"Sin renovación, no hay nada",Partidos e identidades políticas,Martín Plot,2017-06-22 11:22:45,Política y Economía,,['Política y Economía'],1864
1127,70631,https://www.revistaanfibia.com/porno-y-virtud-segun-sontag/,El porno sigue dividiendo a las feministas,Feminismo y pornografía,Siri Hustvedt,2017-06-23 11:43:13,Políticas de géneros,Ensayo,['Políticas de géneros'],3603
1128,71122,https://www.revistaanfibia.com/ganar-por-el-voto-joven/,Ganar por el voto joven,La edad y el comportamiento electoral,Eduardo Chávez Molina; Pablo Molina Derteano,2017-06-26 12:21:49,Política y Economía,Ensayo,['Política y Economía'],3057
1129,71149,https://www.revistaanfibia.com/las-listas-la-muerte-la-certeza/,Las listas y la muerte de la certeza,Camino a las PASO,María Esperanza Casullo,2017-06-27 09:14:35,Política y Economía,Ensayo,['Política y Economía'],2652
1130,71206,https://www.revistaanfibia.com/la-consagracion-de-la-patria/,La consagración de la patria,Imágenes de los centenarios latinoamericanos,Álvaro Fernández Bravo,2017-06-28 10:51:44,Culturas,Ensayo,['Culturas'],2877
1131,70900,https://www.revistaanfibia.com/entre-sabato-y-startrek/,Entre Sábato y Startrek,La lectura en la adolescencia,Daniel Link,2017-06-28 12:26:29,Culturas,Ensayo,['Culturas'],4300
1132,71309,https://www.revistaanfibia.com/en-que-pais-dio-resultado-ajuste-laboral/,¿En qué país dio resultado el ajuste laboral?,Desempleo y derechos,Juan Pablo Bohoslavsky,2017-06-29 13:12:06,Política y Economía,Ensayo,['Política y Economía'],1387
1133,71362,https://www.revistaanfibia.com/la-cura-no-cuestion-fe/,La cura no es cuestión de fe,La medicina tradicional y la homeopatía,Daniel Flichtentrei,2017-06-30 10:23:49,Culturas,Ensayo,['Culturas'],2533
1134,71368,https://www.revistaanfibia.com/narrativas-de-genero-la-intimidad-es-periodistica/,Narrativas de Género: la intimidad es periodística,Talleres Anfibia 2017,Luciana Peker,2017-06-30 12:26:44,Otras,,['Otras'],3234
1135,71491,https://www.revistaanfibia.com/elogio-de-la-pantufla/,Elogio de la pantufla,Universo público y mundo privado,Mona Chollet,2017-07-03 09:41:28,Culturas,Ensayo,['Culturas'],1613
1136,71567,https://www.revistaanfibia.com/codigos-de-la-calle/,Códigos de la calle,"Protestar, negociar, reprimir",Tali Goldman,2017-07-04 10:10:53,Política y Economía,Crónica,['Política y Economía'],2895
1137,71594,https://www.revistaanfibia.com/taller-de-periodismo-cultural-escribir-sobre-arte-y-literatura-2/,Seminario de Periodismo Cultural: Escribir sobre arte y literatura,Talleres anfibia 2017,Sonia Budassi,2017-07-04 17:23:43,Culturas,,['Culturas'],844
1138,71631,https://www.revistaanfibia.com/no-son-mulas-son-victimas-de-trata/,"No son mulas, son víctimas de trata",Mujeres descartables,María Florencia Alcaraz,2017-07-05 10:44:31,Políticas de géneros,Crónica,['Políticas de géneros'],1689
1139,71702,https://www.revistaanfibia.com/si-no-resistimos-morimos/,"""Si no resistimos, morimos""",La detención del mapuche Facundo Jones Huala,Santiago Rey,2017-07-06 12:09:25,Políticas de géneros,Crónica,['Políticas de géneros'],2396
1140,71817,https://www.revistaanfibia.com/cartelito-cinco-renglones/,Un cartelito de cinco renglones,PepsiCo y los despidos,Fernando Rosso,2017-07-07 11:20:57,Políticas de géneros,Crónica,['Políticas de géneros'],3941
1141,71837,https://www.revistaanfibia.com/quiero-tus-lagrimas/,Quiero tus lágrimas,El nuevo libro de María Moreno,María Moreno,2017-07-07 15:07:43,Culturas,Crónica,['Culturas'],1222
1142,71819,https://www.revistaanfibia.com/que-tu-viejo-rompa-el-silencio/,Que tu viejo rompa el silencio,Hijos de desaparecidos y de represores,Astrid Pikielny; Carolina Arenes,2017-07-10 09:49:30,Política y Economía,,['Política y Economía'],5276
1143,72040,https://www.revistaanfibia.com/alta-tension-en-el-paraiso/,Alta tensión en el paraíso,Daño ambiental en Chile,Felipe Montalva,2017-07-11 10:42:05,Culturas,Crónica,['Culturas'],3248
1144,72105,https://www.revistaanfibia.com/no-sere-feliz-pero-tengo-marido/,No seré feliz pero tengo marido,"Mandatos, goce y feminismo",Luciana Peker,2017-07-12 11:35:01,Culturas,Ensayo,['Culturas'],2492
1145,72173,https://www.revistaanfibia.com/del-niunamenos-malvinas/,Del #NiUnaMenos a Malvinas,Las fotografías de ARGRA sobre el 2016,Daniel Riera,2017-07-13 11:58:10,Culturas,,['Culturas'],938
1146,72399,https://www.revistaanfibia.com/los-viernes-forn/,"Los viernes, Forn",Vida de escritores,Damián Huergo,2017-07-14 09:35:22,Culturas,Crónica,['Culturas'],5581
1147,72739,https://www.revistaanfibia.com/despertar-personal-cambio-colectivo/,"El despertar personal, el cambio colectivo",Bhaskar y las nuevas espiritualidades,Cicco - Abdul Wakil; Nicolás Viotti,2017-07-17 11:05:22,Culturas,Crónica,['Culturas'],3756
1148,72690,https://www.revistaanfibia.com/dejen-llegar-las-mujeres/,Dejen llegar a las mujeres,Crítica al fallo que proscribe una lista sólo femenina,Roberto Gargarella,2017-07-17 13:13:36,Políticas de géneros,Ensayo,['Políticas de géneros'],3579
1149,72883,https://www.revistaanfibia.com/copi-evita-alma-herida-del-peronismo/,"Copi, Evita y el alma herida del peronismo","""Eva Perón"", 47 años después",Daniel Link,2017-07-18 11:28:27,Culturas,Crónica,['Culturas'],1724
1150,72914,https://www.revistaanfibia.com/manicomios-decalogo-de-la-denigracion/,"Manicomios, decálogo de la denigración",Mujeres encerradas,Josefina López Mac Kenzie; María Laura D' Amico,2017-07-19 08:24:54,Salud,,['Salud'],3386
1151,73017,https://www.revistaanfibia.com/el-machismo-de-izquierda/,El machismo de izquierda,Política y patriarcado,Danilo Castelli,2017-07-20 10:03:01,Políticas de géneros,Ensayo,['Políticas de géneros'],1316
1152,73026,https://www.revistaanfibia.com/jaque-a-la-guerra-contra-las-drogas/,Jaque a la guerra contra las drogas,Políticas públicas y narcotráfico,Juan Gabriel Tokatlian,2017-07-21 10:00:48,Política y Economía,Ensayo,['Política y Economía'],2769
1153,72693,https://www.revistaanfibia.com/discipulas-de-walsh/,Discípulas de Walsh,Periodismo y feminismo,Graciela Falbo,2017-07-24 11:28:34,Culturas,,['Culturas'],3521
1154,73544,https://www.revistaanfibia.com/medicar-los-polaquitos-no-alcanza/,Con medicar a los polaquitos no alcanza,Infancia y políticas públicas,Valeria Llobet,2017-07-25 09:18:47,Políticas de géneros,Crónica,['Políticas de géneros'],2102
1155,73574,https://www.revistaanfibia.com/canciller-del-pueblo/,El canciller del pueblo,Despedida a Marco Aurelio García,Mario Greco; Micaela Cuesta,2017-07-25 15:49:58,Política y Economía,Crónica,['Política y Economía'],3335
1156,73616,https://www.revistaanfibia.com/noticias-fusion/,Noticias fusión,Consumo de noticias y cultura digital,Pablo Boczkowski; Eugenia Mitchelstein,2017-07-26 11:12:04,Tecnologías,Ensayo,['Tecnologías'],2972
1157,73631,https://www.revistaanfibia.com/apalear-al-populismo/,Apalear al populismo,Conflictividad social,Ernesto Semán,2017-07-26 12:28:37,Política y Economía,Ensayo,['Política y Economía'],3402
1158,73695,https://www.revistaanfibia.com/tomar-hasta-caer/,Tomar hasta caer,Adolescentes y alcohol,Damián Huergo; Marcela Martínez,2017-07-27 13:14:36,Políticas de géneros,Crónica,['Políticas de géneros'],3017
1159,73760,https://www.revistaanfibia.com/usted-tambien-doctor/,"¿Usted también, doctor?",Los jueces cómplices de la dictadura,Juan Pablo Bohoslavsky,2017-07-28 12:22:55,Política y Economía,,['Política y Economía'],4763
1160,73893,https://www.revistaanfibia.com/el-maestro-quemado/,El maestro quemado,"Docentes, aula y alienación",Manuel Becerra,2017-07-31 10:50:16,Políticas de géneros,Crónica,['Políticas de géneros'],2152
1161,74023,https://www.revistaanfibia.com/educando-al-candidato/,Educando al candidato,Esteban Bullrich y el aborto,Ingrid Beck,2017-08-01 11:10:11,Políticas de géneros,Crónica,['Políticas de géneros'],906
1162,74041,https://www.revistaanfibia.com/envases-del-patriarcado/,Envases del patriarcado,"El aborto legal, deuda de la democracia",Marta Dillon,2017-08-01 13:41:38,Políticas de géneros,Crónica,['Políticas de géneros'],1688
1163,73985,https://www.revistaanfibia.com/hermano-vota-hermano/,Hermano vota a hermano,La influencia evangelista en la política de Brasil,Cristian Pereira,2017-08-02 08:51:28,Política y Economía,Ensayo,['Política y Economía'],2177
1164,74225,https://www.revistaanfibia.com/las-luchas-la-legitimidad-la-palabra/,Las luchas por la legitimidad de la palabra,"¿Víctimas, familiares o ciudadanos?",Elizabeth Jelin,2017-08-03 12:07:42,Política y Economía,,['Política y Economía'],6006
1165,74269,https://www.revistaanfibia.com/la-verguenza/,La vergüenza,Bullying,Paula Sibilia,2017-08-03 20:12:11,Políticas de géneros,Ensayo,['Políticas de géneros'],1667
1166,74323,https://www.revistaanfibia.com/el-desconcierto/,El desconcierto,Suicidio adolescente,Juan Manuel Mannarino,2017-08-04 13:44:37,Políticas de géneros,Crónica,['Políticas de géneros'],2926
1167,74500,https://www.revistaanfibia.com/la-pirateria-boicot/,La piratería o el boicot,Fin de Fútbol para Todos,Pablo Alabarces,2017-08-07 11:58:49,Culturas,Ensayo,['Culturas'],2314
1168,74520,https://www.revistaanfibia.com/molestar-al-poder-los-nuevos-desafios-del-periodismo-america-latina/,Molestar al poder: los nuevos desafíos del periodismo en América Latina,Seminario intensivo,,2017-08-07 15:52:40,Otras,,['Otras'],919
1169,74508,https://www.revistaanfibia.com/el-show-del-yo/,El show del yo,Anfibia Podcast - Todo es fake,Tomás Pérez Vizzón,2017-08-08 10:54:34,Otras,,['Otras'],411
1170,74583,https://www.revistaanfibia.com/dice-mi-padre-que-llegara/,Dice mi padre que llegará,Duelo y figura paterna,Martín Sivak,2017-08-08 14:13:00,Culturas,Crónica,['Culturas'],3190
1171,74655,https://www.revistaanfibia.com/nuevo-enemigo-publico/,El nuevo enemigo público,La criminalización de los mapuche,Diana Lenton,2017-08-09 13:04:24,Políticas de géneros,Ensayo,['Políticas de géneros'],2751
1172,74762,https://www.revistaanfibia.com/que-votamos-cuando-votamos/,¿Qué votamos cuando votamos?,Anfibia Podcast – Batalla Cultural,,2017-08-10 10:07:45,Política y Economía,,['Política y Economía'],417
1173,74819,https://www.revistaanfibia.com/grabois-clase-media-lengua-popular/,Clase media y lengua popular,Juan Grabois,Andrés Fidanza,2017-08-10 14:00:00,Política y Economía,,['Política y Economía'],3645
1174,74781,https://www.revistaanfibia.com/los-desaparecidos-de-mosul/,Los desaparecidos de Mosul,Anfibia en Irak,,2017-08-11 10:01:04,Políticas de géneros,Crónica,['Políticas de géneros'],2315
1175,75117,https://www.revistaanfibia.com/ideologia-del-partido/,La ideología del partido,Elecciones 2017,Julio Burdman,2017-08-14 13:30:32,Política y Economía,Ensayo,['Política y Economía'],2195
1176,75149,https://www.revistaanfibia.com/un-tercio-con-poder/,Un tercio con poder,Elecciones 2017,Alejandro Grimson,2017-08-14 19:46:46,Política y Economía,Ensayo,['Política y Economía'],1708
1177,75196,https://www.revistaanfibia.com/dijeron-las-urnas/,¿Qué dijeron las urnas?,Anfibia Podcast - Batalla Cultural,,2017-08-15 12:01:21,Política y Economía,,['Política y Economía'],361
1178,75239,https://www.revistaanfibia.com/la-matanza-sin-lugar-arrepentidos/,"La Matanza, sin lugar para arrepentidos",Elecciones 2017,Pablo Semán; Mariana Bonazzi; Martina Moriconi; Cecilia Ferraudi Curto,2017-08-15 14:18:36,Política y Economía,,['Política y Economía'],2418
1179,75348,https://www.revistaanfibia.com/tengo-miedo-de-que-me-hackeen/,Tengo miedo de que me hackeen,Anfibia Podcast - Todo es Fake,Tomás Pérez Vizzón,2017-08-17 09:55:44,Otras,,['Otras'],868
1180,75435,https://www.revistaanfibia.com/cordobesismo-regreso/,"Cordobesismo, el regreso",Elecciones 2017,Dante Leguizamón,2017-08-17 18:39:45,Culturas,Ensayo,['Culturas'],3233
1181,75492,https://www.revistaanfibia.com/la-indiferencia-al-miedo/,De la indiferencia al miedo,Atentado en Barcelona,Laureano Debat,2017-08-18 12:22:51,Culturas,Crónica,['Culturas'],2014
1182,75757,https://www.revistaanfibia.com/bordar-el-genocidio-de-los-mapuche/,Bordar el genocidio mapuche,"Arte, vida y masacres",Sebastián Hacher,2017-08-22 09:59:10,Políticas de géneros,Crónica,['Políticas de géneros'],3795
1183,75778,https://www.revistaanfibia.com/que-voten-los-trolls/,Que voten los trolls,Anfibia Podcast - Todo es Fake,Tomás Pérez Vizzón,2017-08-22 14:22:04,Otras,,['Otras'],132
1184,75851,https://www.revistaanfibia.com/arte-queer-los-limites-de-la-percepcion/,Arte queer: en los límites de la percepción,Géneros y cultura,Lucas Martinelli,2017-08-23 10:21:06,Políticas de géneros,,['Políticas de géneros'],1664
1185,75880,https://www.revistaanfibia.com/lujosy-caprichos-dictador/,Lujos y caprichos de un dictador,Mónica González en Anfibia,Mónica González,2017-08-23 12:36:07,Culturas,Crónica,['Culturas'],2577
1186,75949,https://www.revistaanfibia.com/de-que-trabaja-duran-barba/,¿De qué trabaja Durán Barba?,Anfibia Podcast - Batalla Cultural,,2017-08-24 10:08:02,Otras,,['Otras'],180
1187,75990,https://www.revistaanfibia.com/un-voto-para-controlar-al-presidente/,Un voto para controlar al presidente,Elecciones de medio término,María Laura Tagina,2017-08-24 15:21:54,Política y Economía,Ensayo,['Política y Economía'],2179
1188,76043,https://www.revistaanfibia.com/fuera-indio/,"Fuera, indio",La desaparición de Santiago Maldonado,Santiago Rey,2017-08-25 12:53:50,Políticas de géneros,Crónica,['Políticas de géneros'],3063
1189,76214,https://www.revistaanfibia.com/simpatia-la-desigualdad/,Simpatía por la desigualdad,Debate por la equidad,Denis Merklen,2017-08-28 09:53:27,Culturas,Ensayo,['Culturas'],2428
1190,76223,https://www.revistaanfibia.com/una-voz-imposible-callar-donde-esta-santiago-maldonado/,Una voz imposible de callar: ¿Dónde está Santiago Maldonado?,La comunidad #Maldonado,Natalia Aruguete; Ernesto Calvo,2017-08-28 13:55:25,Políticas de géneros,Ensayo,['Políticas de géneros'],2306
1191,76307,https://www.revistaanfibia.com/verso-del-indio-trucho-2/,El verso del indio trucho,Los medios contra los indígenas,Noelia Enriz,2017-08-29 12:44:06,Culturas,Ensayo,['Culturas'],2041
1192,76445,https://www.revistaanfibia.com/hay-gobierno-sin-relato/,¿Hay gobierno sin relato?,Anfibia Podcast - Batalla cultural,,2017-08-30 08:40:54,Otras,,['Otras'],153
1193,76483,https://www.revistaanfibia.com/la-biblia-la-pluma-la-palabra/,"Con la Biblia, con la pluma y la palabra",Educación religiosa,Josefina López Mac Kenzie,2017-08-30 13:26:43,Educación,Crónica,['Educación'],2368
1194,76570,https://www.revistaanfibia.com/milanesas-con-hashtag/,Milanesas con hashtag,Anfibia Podcast - Todo es fake,Tomás Pérez Vizzón,2017-08-31 10:36:21,Otras,,['Otras'],335
1195,76684,https://www.revistaanfibia.com/profe-tengo-una-pregunta/,"Profe, tengo una pregunta",¿Dónde está Santiago Maldonado?,Manuel Becerra,2017-09-01 11:04:30,Políticas de géneros,Crónica,['Políticas de géneros'],1646
1196,76708,https://www.revistaanfibia.com/negacionistas-pasado-responsables-presente/,"Negacionistas del pasado, responsables del presente",La desaparición de Santiago Maldonado,Ileana Arduino; Eli Gómez Alcorta,2017-09-01 13:37:22,Políticas de géneros,Ensayo,['Políticas de géneros'],2561
1197,76945,https://www.revistaanfibia.com/vivir-en-las-redes/,Vivir en las redes,Cultura digital,Mora Matassi; Pablo Boczkowski; Eugenia Mitchelstein,2017-09-04 12:17:33,Tecnologías,Ensayo,['Tecnologías'],2877
1198,77062,https://www.revistaanfibia.com/manda-a-la-gendarmeria/,Mandá a la Gendarmería,El caso Santiago Maldonado,Diego Escolar,2017-09-05 12:49:39,Política y Economía,Ensayo,['Política y Economía'],3440
1199,77131,https://www.revistaanfibia.com/el-lenguaje-privado-del-autismo/,El lenguaje privado del autismo,Niñez y diagnósticos,Sebastián García Uldry,2017-09-06 08:52:41,Políticas de géneros,Crónica,['Políticas de géneros'],3340
1200,77147,https://www.revistaanfibia.com/la-formula-de-la-serie-perfecta/,La fórmula de la serie perfecta,Anfibia Podcast - Todo es fake,Tomás Pérez Vizzón,2017-09-06 12:44:53,Otras,,['Otras'],151
1201,77216,https://www.revistaanfibia.com/lado-budista-la-fuerza/,El lado budista de la Fuerza,Star Wars en clave espiritual,Silvana Moreno,2017-09-07 10:13:12,Culturas,Crónica,['Culturas'],2134
1202,77312,https://www.revistaanfibia.com/mostrarse-la-nueva-intimidad/,"Mostrarse, la nueva intimidad",Cultura digital,Fernando Peirone,2017-09-08 11:57:10,Tecnologías,Ensayo,['Tecnologías'],2779
1203,77328,https://www.revistaanfibia.com/que-piden-los-trabajadores/,¿Qué piden los trabajadores?,Anfibia Podcast - Batalla Cultural,,2017-09-08 13:02:40,Otras,,['Otras'],164
1204,77358,https://www.revistaanfibia.com/gente-que-si/,Gente que sí,,,2017-09-08 16:25:59,Otras,,['Otras'],96
1205,77339,https://www.revistaanfibia.com/la-mujer-que-nos-hizo-feministas/,La mujer que nos hizo feministas,La muerte de Kate Millett,Mónica Tarducci,2017-09-09 10:51:31,Culturas,Ensayo,['Culturas'],1481
1206,77665,https://www.revistaanfibia.com/la-vida-los-colores/,La vida por los colores,Fútbol y Derechos Humanos,Julián Scher,2017-09-11 11:50:54,Culturas,Crónica,['Culturas'],7742
1207,77806,https://www.revistaanfibia.com/no-somos-pais-de-mierda/,No somos un país de mierda,Datos contra el sentido común,Daniel Schteingart,2017-09-12 11:04:19,Política y Economía,Ensayo,['Política y Economía'],3443
1208,77870,https://www.revistaanfibia.com/que-hacer-con-microfascismo/,¿Qué hacer con el microfascismo?,La desaparición de Santiago Maldonado,Ezequiel Adamovsky,2017-09-13 08:57:22,Política y Economía,Ensayo,['Política y Economía'],2343
1209,78021,https://www.revistaanfibia.com/herald-cierre-escarmiento/,"El Herald, cierre y escarmiento","Medios, propiedad y agendas",Sebastián Lacunza,2017-09-14 08:49:16,Culturas,Ensayo,['Culturas'],1931
1210,78258,https://www.revistaanfibia.com/se-puede-construir-un-candidato/,¿Se puede construir un candidato?,Anfibia Podcast - Batalla Cultural,,2017-09-15 11:18:59,Otras,,['Otras'],179
1211,78365,https://www.revistaanfibia.com/nuevo-escenario-politico-jornada-1/,¿Un nuevo escenario político? Jornada 1,#DebatesUdeSA,,2017-09-16 13:00:14,Otras,,['Otras'],15671
1212,78512,https://www.revistaanfibia.com/smartphone-aire-respiro/,"Smartphone, el aire que respiro",Cultura digital,Pablo Boczkowski; Eugenia Mitchelstein,2017-09-18 11:31:24,Tecnologías,Ensayo,['Tecnologías'],2471
1213,78802,https://www.revistaanfibia.com/los-pibes-se-plantan/,Los pibes se plantan,Escuelas tomadas,Naimid Cirelli,2017-09-19 12:36:37,Educación,Crónica,['Educación'],4200
1214,78942,https://www.revistaanfibia.com/mexico-esa-tragedia-permanente/,"México, esa tragedia permanente",Terremoto y destrucción,Cecilia González,2017-09-20 11:24:58,Ambiente,Crónica,['Ambiente'],1458
1215,78984,https://www.revistaanfibia.com/un-dia-menos-para-el-nuevo-sismo/,Un día menos para el nuevo sismo,Terremotos,Juan Villoro,2017-09-20 14:22:34,Ambiente,Crónica,['Ambiente'],2850
1216,79011,https://www.revistaanfibia.com/el-like-cerebral/,El like cerebral,Anfibia Podcast - Todo es fake,Tomás Pérez Vizzón,2017-09-21 10:00:09,Tecnologías,,['Tecnologías'],1233
1217,79150,https://www.revistaanfibia.com/zapping-los-huerfanos/,El zapping de los huérfanos,Navarro y el mapa de medios,Martín Becerra,2017-09-21 12:44:40,Culturas,Ensayo,['Culturas'],2241
1218,78752,https://www.revistaanfibia.com/la-nueva-guerra-por-la-patagonia/,La nueva guerra por la Patagonia,La obra de Cristian Aliaga en el Cervantes,Ángeles Muro Garlot,2017-09-22 09:10:55,Culturas,Ensayo,['Culturas'],1820
1219,79422,https://www.revistaanfibia.com/un-nuevo-escenario-politico-jornada-2/,¿Un nuevo escenario político? Jornada 2,#DebastesUdeSA,,2017-09-22 20:04:44,Otras,,['Otras'],17887
1220,79617,https://www.revistaanfibia.com/las-autoridades-no-estan/,Las autoridades no están,Falta de ayuda estatal en México,Josefina Salomon,2017-09-25 09:14:20,Política y Economía,Crónica,['Política y Economía'],1783
1221,78741,https://www.revistaanfibia.com/un-arquitecto-japones-en-un-basural-del-conurbano/,Un arquitecto japonés en un basural del conurbano,Taku Sakaushi trabaja en Buenos Aires,Ivana Romero,2017-09-26 11:07:09,Culturas,Crónica,['Culturas'],2227
1222,79891,https://www.revistaanfibia.com/tierras-indigenas-la-deuda-interna/,Tierras indígenas: la deuda interna,Reclamo histórico al Estado argentino,Natalia Castelnuovo,2017-09-27 12:03:18,Políticas de géneros,Ensayo,['Políticas de géneros'],1624
1223,79963,https://www.revistaanfibia.com/entrenar-algoritmos-para-el-bien/,Entrenar algoritmos para el bien,Anfibia Podcast - Todo es Fake,Tomás Pérez Vizzón,2017-09-27 15:23:53,Otras,,['Otras'],162
1224,80002,https://www.revistaanfibia.com/con-armas-no/,"Con armas, no","Una mapuche, los policías y una foto",Adriana Meyer,2017-09-27 18:36:52,Políticas de géneros,Crónica,['Políticas de géneros'],3445
1225,80017,https://www.revistaanfibia.com/la-patagonia-y-la-eterna-conspiracion/,La Patagonia y la eterna conspiración,El conflicto mapuche,Ernesto Bohoslavsky,2017-09-28 11:13:14,Culturas,Ensayo,['Culturas'],921
1226,80123,https://www.revistaanfibia.com/la-politica-es-cada-dia-mas-emocional/,¿La política es cada día más emocional?,Anfibia Podcast – Batalla Cultural,,2017-09-28 14:14:29,Otras,,['Otras'],177
1227,80204,https://www.revistaanfibia.com/batman-no-mata-al-guason/,¿Por qué Batman no mata al Guasón?,Filosofía y cultura pop,Valentín Muro; Giancarlo M. Sandoval,2017-09-29 11:17:57,Culturas,Ensayo,['Culturas'],5334
1228,80254,https://www.revistaanfibia.com/un-nuevo-escenario-politico-jornada-3/,¿Un nuevo escenario político? Jornada 3,#DebatesUdeSA,,2017-09-29 18:44:30,Política y Economía,,['Política y Economía'],13388
1229,80582,https://www.revistaanfibia.com/sin-lugar-para-muerte/,Sin lugar para la muerte,El duelo contemporáneo,Salvador Marinaro,2017-10-02 14:22:33,Salud,Ensayo,['Salud'],4613
1230,80666,https://www.revistaanfibia.com/faltan-adultos-los-hijos-la-democracia/,Faltan adultos para los hijos de la democracia,Escuelas tomadas y discursos públicos,Manuel Becerra,2017-10-03 12:36:45,Educación,Ensayo,['Educación'],1776
1231,80696,https://www.revistaanfibia.com/lecciones-ensayista-contemporaneo/,12 lecciones para el ensayista contemporáneo,Ciencia política y periodismo,Andrés Malamud,2017-10-03 14:57:50,Educación,Ensayo,['Educación'],794
1232,80691,https://www.revistaanfibia.com/censura-retro-mutilacion-pop/,"Censura retro, mutilación pop",La calificación a “Desearás al hombre de tu hermana”,Keka Halvorsen,2017-10-04 09:35:55,Culturas,Ensayo,['Culturas'],1524
1233,80928,https://www.revistaanfibia.com/la-formula-sampaoli-2/,La fórmula Sampaoli,Argentina rumbo al Mundial 2018,Leandro Cócolo,2017-10-05 10:11:23,Culturas,Crónica,['Culturas'],3324
1234,80992,https://www.revistaanfibia.com/armada-norteamericana/,La armada norteamericana,El tiroteo en Las Vegas y el uso de armas en EE.UU.,Marina Aizen,2017-10-06 09:56:13,Culturas,Crónica,['Culturas'],1764
1235,81079,https://www.revistaanfibia.com/un-nuevo-escenario-politico-jornada-4/,¿Un nuevo escenario político? Jornada 4,#DebatesUdeSA,,2017-10-06 22:07:06,Otras,,['Otras'],16112
1236,81027,https://www.revistaanfibia.com/somos-todos-clase-media/,¿Somos todos clase media?,Anfibia Podcast - Batalla Cultural,,2017-10-06 22:09:28,Otras,,['Otras'],184
1237,80858,https://www.revistaanfibia.com/es-poder-no-vanidad/,"No es vanidad, es poder",Operadores políticos,Lucía Aisicoff,2017-10-09 10:19:37,Política y Economía,Crónica,['Política y Economía'],3263
1238,81343,https://www.revistaanfibia.com/buscandole-sentido-al-fracaso/,Buscándole sentido al fracaso,A 50 años de la muerte del Che,Vera Carnovale,2017-10-09 15:31:30,Culturas,Ensayo,['Culturas'],2305
1239,81382,https://www.revistaanfibia.com/la-vida-despues-de-locura/,La vida después de la locura,Salud mental,,2017-10-09 17:43:02,Salud,,['Salud'],481
1240,81471,https://www.revistaanfibia.com/el-sexo-virtual-tambien-es-sexo/,El sexo virtual también es sexo,Anfibia Podcast - Todo es Fake,Tomás Pérez Vizzón,2017-10-10 15:07:13,Otras,,['Otras'],160
1241,81557,https://www.revistaanfibia.com/aca-estoy-yo-para-salavarlos/,"Acá estoy yo, para salvarlos","Messi, el redentor",Alejandro Wall,2017-10-11 09:13:10,Culturas,Crónica,['Culturas'],1290
1242,81580,https://www.revistaanfibia.com/adios-querido-rey/,"Adiós, querido Rey",Cataluña y el micronacionalismo,Julio Burdman,2017-10-11 14:58:04,Culturas,Ensayo,['Culturas'],1684
1243,81678,https://www.revistaanfibia.com/tamo-activo-tamo-en-vivo-2/,"Tamo activo, tamo en vivo",Comunicación política digital,Luciano Galup,2017-10-12 10:20:45,Política y Economía,Ensayo,['Política y Economía'],1560
1244,81836,https://www.revistaanfibia.com/que-hay-de-nuevo-en-timbreo/,¿Qué hay de nuevo en el timbreo?,La campaña cara a cara,Matías Landau; Rocío Annunziata,2017-10-13 14:31:52,Política y Economía,Ensayo,['Política y Economía'],1975
1245,81867,https://www.revistaanfibia.com/como-sera-la-politica-del-futuro/,¿Cómo será la política del futuro?,Anfibia Podcast - Batalla Cultural,,2017-10-13 18:10:08,Otras,,['Otras'],171
1246,81810,https://www.revistaanfibia.com/mama-una-nina-guerra/,"Mi mamá, una niña de la guerra",El vínculo madre-hija,Mariana García,2017-10-13 23:55:34,Culturas,Crónica,['Culturas'],1914
1247,81835,https://www.revistaanfibia.com/invierno-no-pudo-la-revolucion/,El invierno no pudo con la revolución,Centenario de la revuelta bolchevique,John Reed,2017-10-16 10:00:22,Culturas,Crónica,['Culturas'],5181
1248,82265,https://www.revistaanfibia.com/un-nuevo-escenario-politico-jornada-5/,¿Un nuevo escenario político? Jornada 5,#DebatesUdeSA,,2017-10-17 20:17:09,Política y Economía,,['Política y Economía'],14014
1249,81792,https://www.revistaanfibia.com/escucha-santiago-2/,"Escuchá, Santiago",Crónicas de Pendejo Loco,Pendejo Loco,2017-10-18 09:00:57,Otras,Crónica,['Otras'],118
1250,82342,https://www.revistaanfibia.com/ojala/,Ojalá,Caso Santiago Maldonado,Raquel Robles,2017-10-18 12:32:35,Políticas de géneros,Crónica,['Políticas de géneros'],1253
1251,82402,https://www.revistaanfibia.com/en-el-pantano/,En el pantano,Caso Santiago Maldonado,Claudia Piñeiro,2017-10-18 14:35:03,Políticas de géneros,Ensayo,['Políticas de géneros'],745
1252,82468,https://www.revistaanfibia.com/cuerpo-no-posverdad/,"Si hay cuerpo, no hay posverdad",Caso Santiago Maldonado,Alejandro Grimson,2017-10-18 15:51:18,Políticas de géneros,Ensayo,['Políticas de géneros'],836
1253,83109,https://www.revistaanfibia.com/que-suma-mas-votos-el-timbreo-o-la-big-data/,"¿Qué suma más votos, el timbreo o la big data?",Anfibia Podcast - Batalla Cultural,,2017-10-19 17:10:20,Otras,,['Otras'],177
1254,83037,https://www.revistaanfibia.com/humanos-sean/,Sean humanos,Caso Santiago Maldonado,Irina Hauser,2017-10-19 17:11:06,Políticas de géneros,Ensayo,['Políticas de géneros'],1766
1255,82227,https://www.revistaanfibia.com/a-punto-de-explotar/,A punto de explotar,Amenaza de bomba en las escuelas,Marcela Martínez,2017-10-20 11:09:18,Educación,Ensayo,['Educación'],1581
1256,83379,https://www.revistaanfibia.com/la-revolucion-en-la-era-putin/,La revolución en la era Putin,Centenario de la revuelta bolchevique,Pablo Stefanoni; Martín Baña,2017-10-20 12:45:42,Política y Economía,Ensayo,['Política y Economía'],1242
1257,83540,https://www.revistaanfibia.com/un-altar-para-santiago/,Un altar para Santiago,Caso Santiago Maldonado,María Florencia Alcaraz,2017-10-21 10:40:32,Políticas de géneros,Crónica,['Políticas de géneros'],1446
1258,83916,https://www.revistaanfibia.com/arraso/,Por qué arrasó,Elecciones 2017,Alejandro Grimson,2017-10-23 12:23:19,Política y Economía,Ensayo,['Política y Economía'],2271
1259,84020,https://www.revistaanfibia.com/hegemonia-hegemoina/,Hegemonía y hegemoína,Elecciones 2017,Pablo Semán*,2017-10-23 17:55:17,Política y Economía,Ensayo,['Política y Economía'],2074
1260,84267,https://www.revistaanfibia.com/cronicas-viejo-hotel-ostende-2/,Crónicas en el Viejo Hotel Ostende,,,2017-10-24 09:20:17,Otras,,['Otras'],323
1261,83419,https://www.revistaanfibia.com/como-ser-un-influencer/,¿Cómo ser influencer?,Anfibia Podcast - Todo es Fake,Tomás Pérez Vizzón,2017-10-24 10:53:29,Otras,,['Otras'],157
1262,84439,https://www.revistaanfibia.com/la-oposicion-imposible/,La oposición imposible,Elecciones 2017,Julio Burdman,2017-10-24 16:20:34,Política y Economía,Ensayo,['Política y Economía'],1364
1263,84676,https://www.revistaanfibia.com/del-panico-a-la-revancha/,Del pánico a la revancha,Managers en el gobierno,Gabriel Vommaro,2017-10-25 11:45:53,Política y Economía,Ensayo,['Política y Economía'],4025
1264,84773,https://www.revistaanfibia.com/cuando-estallo-la-forma-amar/,Cuando estalló la forma de amar,Amor y anarquismo,Laura Fernández Cordero,2017-10-25 18:56:34,Culturas,Ensayo,['Culturas'],1709
1265,84885,https://www.revistaanfibia.com/brotes-rojos/,Los brotes rojos,Elecciones 2017,Fernando Rosso,2017-10-26 12:20:36,Política y Economía,Ensayo,['Política y Economía'],2292
1266,84923,https://www.revistaanfibia.com/el-lector-emocional-2/,El lector emocional,Leyendo las Noticias sobre Trump,Pablo Boczkowski,2017-10-26 14:57:53,Política y Economía,Ensayo,['Política y Economía'],3055
1267,85079,https://www.revistaanfibia.com/03-11-19/,03-11-19,La escena política argentina,Martín Plot,2017-10-27 09:38:54,Política y Economía,Ensayo,['Política y Economía'],2873
1268,85123,https://www.revistaanfibia.com/como-leer-el-nuevo-mapa-politico/,¿Cómo leer el nuevo mapa político?,Anfibia Podcast – Batalla Cultural,,2017-10-27 13:24:27,Otras,,['Otras'],156
1269,85527,https://www.revistaanfibia.com/la-causa-vida/,La causa de mi vida,Caso Santiago Maldonado,María Victoria Pita,2017-10-30 11:26:34,Políticas de géneros,Ensayo,['Políticas de géneros'],3542
1270,85551,https://www.revistaanfibia.com/ocho-preguntas-al-42/,Ocho preguntas al 42%,Nuevo escenario político,Nicolás Tereschuk,2017-10-30 14:59:32,Política y Economía,Ensayo,['Política y Economía'],2334
1271,85648,https://www.revistaanfibia.com/renuncia/,La renuncia,La salida de Gils Carbó de la Procuración General,Sebastián Lacunza,2017-10-31 11:03:05,Política y Economía,Ensayo,['Política y Economía'],1440
1272,85674,https://www.revistaanfibia.com/la-patria-es-el-otro/,La patria es el otro,Las elecciones y Carrió,Marcelo Leiras,2017-10-31 15:30:02,Política y Economía,Ensayo,['Política y Economía'],1714
1273,85767,https://www.revistaanfibia.com/rato-solas-google/,Un rato a solas con Google,El poder de los datos masivos,Esteban Magnani,2017-11-01 10:49:11,Tecnologías,Ensayo,['Tecnologías'],2489
1274,85909,https://www.revistaanfibia.com/lestido-fin-del-mundo/,Lestido en el fin del mundo,La Antártida negra,,2017-11-02 12:47:26,Culturas,Crónica,['Culturas'],937
1275,85926,https://www.revistaanfibia.com/todo-es-trucho-3/,Todo es trucho,Podcast Anfibia - Todo es Fake,Tomás Pérez Vizzón,2017-11-02 14:54:42,Otras,,['Otras'],150
1276,86095,https://www.revistaanfibia.com/debatir-la-corrupcion-en-serio/,Debatir la corrupción en serio,El capital y los dineros públicos,Ezequiel Adamovsky,2017-11-03 11:20:27,Política y Economía,Ensayo,['Política y Economía'],2766
1277,86146,https://www.revistaanfibia.com/gif-chango-cardenas/,El gif del Chango Cárdenas,Goles y TV,Alejandro Wall,2017-11-03 15:09:11,Culturas,Crónica,['Culturas'],2404
1278,86406,https://www.revistaanfibia.com/lechuga-not-dead-2/,“Lechuga not dead”,La vida de Santiago Maldonado,María Florencia Alcaraz,2017-11-06 09:34:15,Culturas,Crónica,['Culturas'],4450
1279,86689,https://www.revistaanfibia.com/te-amo-te-odio-dame-mas/,"Te amo, te odio, dame más",Cultura digital,Eugenia Mitchelstein; Pablo Boczkowski,2017-11-07 10:45:20,Tecnologías,Ensayo,['Tecnologías'],3134
1280,86750,https://www.revistaanfibia.com/que-tragedia-la-revolucion-pero-que-feliz-la-vida-sovietica/,"Qué tragedia la revolución, qué feliz la vida soviética",Centenario de la revuelta bolchevique,Julia Muriel Dominzain; Diego González,2017-11-08 08:37:12,Culturas,Crónica,['Culturas'],3768
1281,86934,https://www.revistaanfibia.com/gente-que-si-myriam-bregman/,Gente que sí: Myriam Bregman,Anfibia Podcast,Cristian Alarcón,2017-11-08 15:48:41,Otras,,['Otras'],190
1282,86155,https://www.revistaanfibia.com/heker-sabia-de-la-tribu/,"Heker, la sabia de la tribu",Vida de escritores,Violeta Gorodischer,2017-11-09 10:00:15,Culturas,Crónica,['Culturas'],4368
1283,86122,https://www.revistaanfibia.com/la-guerra-del-billete-el-plan-conejo-y-otras-batallas/,"La guerra del billete, el Plan Conejo y otras batallas",La victoria del chavismo en Venezuela,Pablo Stefanoni; Ayelén Oliva,2017-11-09 13:57:47,Política y Economía,Ensayo,['Política y Economía'],3259
1284,87127,https://www.revistaanfibia.com/barthes-y-los-mediaticos/,Barthes y los mediáticos,Ensayo del semiólogo francés,Roland Barthes,2017-11-10 10:45:21,Culturas,Ensayo,['Culturas'],2419
1285,87138,https://www.revistaanfibia.com/periodistas-medios-y-filtraciones/,"Periodistas, medios y filtraciones",La cobertura de los Panama Papers,Tomás Lukin; Santiago O´Donnell,2017-11-13 10:15:52,Política y Economía,,['Política y Economía'],5696
1286,87473,https://www.revistaanfibia.com/multa-acoso-verbal-no-sirve/,Multas por acoso verbal: no sirve,Reforma del Código Penal,Ileana Arduino,2017-11-14 10:56:44,Políticas de géneros,,['Políticas de géneros'],426
1287,87513,https://www.revistaanfibia.com/cuerpo-menstrual/,Cuerpo menstrual,"Menstruación, género y poder",Eugenia Tarzibachi,2017-11-15 10:55:19,Culturas,Ensayo,['Culturas'],7653
1288,87668,https://www.revistaanfibia.com/nueva-derecha-autoritarismo-social/,Nueva derecha y autoritarismo social,La polarización política,Gisela Catanzaro; Ezequiel Ipar,2017-11-16 09:24:19,Política y Economía,Ensayo,['Política y Economía'],1747
1289,87693,https://www.revistaanfibia.com/gente-que-si-mariana-enriquez/,Gente que sí: Mariana Enríquez,Anfibia Podcast - Gente que sí,Cristian Alarcón,2017-11-16 12:44:03,Otras,,['Otras'],168
1290,87767,https://www.revistaanfibia.com/los-visitantes-volvieron-al-bar/,Los visitantes volvieron al bar,"Fútbol, hinchas y televisión",Alejandro Wall,2017-11-17 10:02:22,Culturas,Crónica,['Culturas'],2584
1291,87819,https://www.revistaanfibia.com/gauchitas/,Gauchitas,Escritoras,María Moreno,2017-11-17 13:37:36,Culturas,Ensayo,['Culturas'],2353
1292,88227,https://www.revistaanfibia.com/cuando-todo-comenzo/,Cuando todo comenzó,Narrativas sobre el cambio climático,Bruno Arpaia,2017-11-22 11:58:19,Culturas,Crónica,['Culturas'],1033
1293,88245,https://www.revistaanfibia.com/gente-que-si-juan-palomino/,Gente que sí: Juan Palomino,Anfibia Podcast - Gente que sí,Cristian Alarcón,2017-11-22 15:55:08,Otras,,['Otras'],187
1294,88317,https://www.revistaanfibia.com/el-silencio-temible-de-un-submarino/,El silencio temible de un submarino,El Ara San Juan,Hernando Flórez,2017-11-23 12:46:58,Otras,Crónica,['Otras'],2126
1295,88306,https://www.revistaanfibia.com/los-jefes-pueden-dormir-tranquilos/,Los jefes pueden dormir tranquilos,La reforma laboral,Ileana Arduino,2017-11-23 16:40:33,Políticas de géneros,Ensayo,['Políticas de géneros'],2927
1296,88422,https://www.revistaanfibia.com/fifagate-thriller-lanus-qatar/,Fifagate: Un thriller de Lanús a Qatar,El suicidio de Jorge Delhon,Alejandro Marinelli; Gustavo Grabia,2017-11-24 12:43:48,Política y Economía,,['Política y Economía'],3788
1297,88650,https://www.revistaanfibia.com/el-patrullaje-anonimo/,El patrullaje anónimo,Campañas de trolls y fakes,Ernesto Calvo; Natalia Aruguete,2017-11-27 12:12:55,Políticas de géneros,Ensayo,['Políticas de géneros'],2135
1298,88734,https://www.revistaanfibia.com/ser-joven-pobre-mapuche/,"Ser pobre, joven y mapuche",El asesinato de Rafael Nahuel y la represión en la Patagonia,Ana Ramos,2017-11-28 10:20:12,Políticas de géneros,,['Políticas de géneros'],3206
1299,88778,https://www.revistaanfibia.com/guerra-fria-en-el-fondo-del-mar/,Guerra fría en el fondo del mar,La búsqueda del submarino ARA San Juan,Julio Burdman,2017-11-28 16:08:58,Ambiente,Ensayo,['Ambiente'],1625
1300,88993,https://www.revistaanfibia.com/conexion-total/,Conexión total,Internet de las Cosas,Luciano Banchero,2017-11-30 09:43:45,Culturas,Crónica,['Culturas'],3751
1301,89022,https://www.revistaanfibia.com/alguien-se-anima-test-tyson-hoy/,"¿Alguien se anima a hacer un ""Test Tyson"" hoy?",Medios de comunicación y género,Mariana Carbajal,2017-11-30 13:21:54,Políticas de géneros,Ensayo,['Políticas de géneros'],6427
1302,89039,https://www.revistaanfibia.com/anfibia-en-basado-en-hechos-reales/,Anfibia en Basado en Hechos Reales,,,2017-11-30 16:43:11,Otras,,['Otras'],22
1303,89041,https://www.revistaanfibia.com/la-hermana-de-astiz/,La hermana de Astiz escucha la sentencia,Juicios de Lesa Humanidad,Sebastián Lacunza,2017-11-30 17:12:54,Políticas de géneros,Crónica,['Políticas de géneros'],1819
1304,89141,https://www.revistaanfibia.com/los-albatros-tiran-plomo/,Los Albatros tiran con plomo,Crónicas de Pendejo Loco,Pendejo Loco,2017-12-01 14:46:06,Otras,Crónica,['Otras'],120
1305,88129,https://www.revistaanfibia.com/nn-johana/,“NN Johana”,La desaparición de Johana Ramallo en La Plata,María Laura D' Amico,2017-12-04 09:28:49,Política y Economía,Crónica,['Política y Economía'],3649
1306,89518,https://www.revistaanfibia.com/apologia-de-la-ternura/,Apología de la ternura,"El docente, el aula y el sistema",Manuel Becerra,2017-12-05 10:36:03,Educación,Ensayo,['Educación'],2143
1307,89585,https://www.revistaanfibia.com/apaga-tu-telefono/,Apagá tu teléfono,Cultura digital,Pablo M. Fernández; Martina Rua,2017-12-06 10:54:12,Culturas,Crónica,['Culturas'],2718
1308,89701,https://www.revistaanfibia.com/gente-que-si-charo-bogarin/,Gente que sí: Charo Bogarín,Anfibia Podcast - Gente que sí,Cristian Alarcón,2017-12-06 15:16:00,Otras,,['Otras'],163
1309,89821,https://www.revistaanfibia.com/vivir-y-morir-glifosato/,Vivir y morir en la ciudad del glifosato,Protesta en Entre Ríos,Karina Ocampo,2017-12-07 14:53:38,Otras,Crónica,['Otras'],3531
1310,89759,https://www.revistaanfibia.com/el-algoritmo-capitalista/,El algoritmo capitalista,Vida digital,Tiziana Terranova,2017-12-11 09:50:34,Tecnologías,Ensayo,['Tecnologías'],2462
1311,90177,https://www.revistaanfibia.com/la-luz-mala/,La luz mala,"La electricidad, Edesur y el Estado",Mónica Yemayel,2017-12-12 09:30:43,Culturas,Crónica,['Culturas'],6350
1312,90117,https://www.revistaanfibia.com/sin-evasion-no-hay-paraiso/,Sin evasión no hay paraíso,Paradise Papers y la reunión ministerial de la OMC,Juan Pablo Bohoslavsky,2017-12-13 09:21:52,Política y Economía,Ensayo,['Política y Economía'],2192
1313,90301,https://www.revistaanfibia.com/gente-que-si-erika-halvorsen/,Gente que sí: Erika Halvorsen,Anfibia Podcast - Gente que sí,Cristian Alarcón,2017-12-13 16:00:33,Otras,,['Otras'],141
1314,90304,https://www.revistaanfibia.com/director-tecnico-el-peor-oficio-del-mundo/,"Director Técnico, el peor oficio del mundo",La vida breve de los entrenadores,Alejandro Wall,2017-12-13 16:08:35,Otras,Crónica,['Otras'],4355
1315,90311,https://www.revistaanfibia.com/dark-web/,Dark web: ¿un refugio o un supermercado de violencia?,Cultura digital,Tomás Pérez Vizzón; Axel Marazzi,2017-12-14 10:52:56,Tecnologías,Crónica,['Tecnologías'],2688
1316,90441,https://www.revistaanfibia.com/no-les-da-verguenza-2/,"""¿No les da vergüenza?""",Reforma previsional y represión,Cecilia González,2017-12-15 11:32:42,Política y Economía,Crónica,['Política y Economía'],1716
1317,90433,https://www.revistaanfibia.com/todo-triunfo-evapora-en-diciembre/,Todo triunfo se evapora en diciembre,Reforma Previsional y clima social,Ignacio Ramírez,2017-12-15 13:08:04,Política y Economía,Ensayo,['Política y Economía'],1558
1318,90790,https://www.revistaanfibia.com/es-el-gradualismo-acelerado-abuela-2/,"Es el gradualismo acelerado, abuela",Los números de la Reforma Previsional,Alejandro Rebossio,2017-12-18 11:09:44,Política y Economía,Ensayo,['Política y Economía'],2732
1319,90884,https://www.revistaanfibia.com/derrota/,¿Derrota?,"Jubilados, violencia y cacerolas",Alejandro Grimson,2017-12-19 10:46:43,Política y Economía,Ensayo,['Política y Economía'],3073
1320,90940,https://www.revistaanfibia.com/la-calle-es-de-la-multitud-2/,La calle es de la multitud,¿Violencia inconducente o movilización democrática?,Ezequiel Adamovsky,2017-12-19 15:27:45,Políticas de géneros,Ensayo,['Políticas de géneros'],1876
1321,91116,https://www.revistaanfibia.com/los-peligros-de-la-posmilitancia-2/,Los peligros de la posmilitancia,El escenario después de la reforma previsional,Pablo Semán,2017-12-20 16:04:13,Política y Economía,,['Política y Economía'],2131
1322,91088,https://www.revistaanfibia.com/criar-contra-la-corriente/,Criar contra la corriente,Educación y familia,Verónica Ocvirk,2017-12-22 12:19:31,Culturas,Crónica,['Culturas'],3355
1323,91613,https://www.revistaanfibia.com/mentira-la-verdad/,Mentira la verdad,"Holan, entre el héroe y el vendehumo",Alejandro Wall,2017-12-26 10:34:05,Otras,Ensayo,['Otras'],2847
1324,91751,https://www.revistaanfibia.com/sufrir-servir-gasear-cazar/,"Sufrir, servir, gasear, cazar",La represión según las fuerzas policiales,Sabina Frederic,2017-12-28 01:12:55,Política y Economía,Ensayo,['Política y Economía'],2170
1325,91892,https://www.revistaanfibia.com/un-nuevo-escenario-politico-jornada-final/,¿Un nuevo escenario político? Jornada final,#DebatesUdeSA,,2017-12-29 16:56:44,Política y Economía,,['Política y Economía'],13742
1326,91771,https://www.revistaanfibia.com/nieve-mortal-sobre-argentina-2/,Nieve mortal sobre Argentina,Cambiemos y lo que no cambió,Roberto Gargarella; Rubén Lo Vuolo,2017-12-31 12:55:19,Política y Economía,Ensayo,['Política y Economía'],1976
1327,92154,https://www.revistaanfibia.com/lo-revolucionario-la-revolucion/,"“¿Qué es lo revolucionario de la revolución?""",El chavismo en Venezuela,Marco Teruggi,2018-01-02 15:06:56,Culturas,,['Culturas'],4487
1328,92165,https://www.revistaanfibia.com/benesdra-el-mas-oculto-de-los-escritores-malditos/,"Benesdra, el más oculto de los escritores malditos",Vida de escritores,Ximena Tordini,2018-01-02 16:28:37,Culturas,Crónica,['Culturas'],2575
1329,92224,https://www.revistaanfibia.com/el-derecho-de-todos-a-la-protesta/,El derecho (de todos) a la protesta,La tradición liberal de las marchas,María Esperanza Casullo,2018-01-03 10:33:16,Culturas,Ensayo,['Culturas'],1680
1330,92349,https://www.revistaanfibia.com/corea-del-centro-no-existe-2/,Corea del Centro no existe,Control digital,Daniel Wizenberg; Julián Varsavsky,2018-01-04 12:39:12,Culturas,Crónica,['Culturas'],1903
1331,92357,https://www.revistaanfibia.com/gente-que-si-dolores-fonzi/,Gente que sí: Dolores Fonzi,Anfibia Podcast - Gente que sí,Cristian Alarcón,2018-01-04 14:42:04,Culturas,,['Culturas'],133
1332,92457,https://www.revistaanfibia.com/machowood/,Machowood,Los abusos y las pantallas,Luciana Peker,2018-01-05 11:27:17,Culturas,Ensayo,['Culturas'],2036
1333,92817,https://www.revistaanfibia.com/no-te-comas-el-verso/,No te comas el verso,¿Sirven los alimentos fortificados?,Patricia Aguirre; Gisel González,2018-01-09 09:13:24,Salud,Ensayo,['Salud'],2367
1334,92834,https://www.revistaanfibia.com/el-dia-que-nacieron-los-derechos-humanos-2/,El día que nacieron los Derechos Humanos,La matanza de Zong,Santiago Canton,2018-01-10 10:42:18,Culturas,Ensayo,['Culturas'],1119
1335,92948,https://www.revistaanfibia.com/no-es-la-tele-es-su-contenido-2/,"No es la tele, es su contenido",Pantallas y audiencias,Gerardo Halpern,2018-01-10 14:47:12,Tecnologías,Ensayo,['Tecnologías'],2514
1336,93050,https://www.revistaanfibia.com/quien-toma-tus-decisiones/,¿Quién toma tus decisiones?,Cultura digital,Esteban Magnani,2018-01-11 12:20:25,Tecnologías,Ensayo,['Tecnologías'],2145
1337,93062,https://www.revistaanfibia.com/mujeres-de-fuego/,Mujeres de fuego,Clase magistral de periodismo,Mónica González,2018-01-12 07:26:50,Culturas,Crónica,['Culturas'],9694
1338,93093,https://www.revistaanfibia.com/sexto-sentido/,Sexto sentido,Gustavo Santaolalla,Guillermo E. Pintos,2018-01-12 08:13:54,Culturas,Crónica,['Culturas'],3604
1339,93406,https://www.revistaanfibia.com/1-2-ultravioleta/,"1, 2, ultravioleta!",#MeToo,Marina Mariasch,2018-01-15 12:12:46,Políticas de géneros,Ensayo,['Políticas de géneros'],2992
1340,93179,https://www.revistaanfibia.com/gente-luis-ziembrowski/,Gente que sí: Luis Ziembrowski,Anfibia Podcast - Gente que sí,Cristian Alarcón,2018-01-15 13:57:52,Culturas,,['Culturas'],144
1341,93493,https://www.revistaanfibia.com/parar-la-mano-2/,PARAR LA MANO,Abuso sexual,Eleonor Faur,2018-01-16 12:02:10,Políticas de géneros,Ensayo,['Políticas de géneros'],1685
1342,93428,https://www.revistaanfibia.com/reguillo/,Cuatro estrategias para un reclamo viral,Cultura digital,Rossana Reguillo Cruz,2018-01-16 14:56:12,Tecnologías,,['Tecnologías'],4717
1343,93591,https://www.revistaanfibia.com/el-idolo-de-los-mundanos/,El ídolo de los mundanos,"Ginóbili, apología del hombre común",Alejandro Wall,2018-01-17 09:52:23,Culturas,Crónica,['Culturas'],2822
1344,93713,https://www.revistaanfibia.com/elogio-del-escepticismo/,Elogio del escepticismo,Consumo de noticias,Pablo Boczkowski,2018-01-18 10:38:42,Culturas,Ensayo,['Culturas'],1176
1345,93740,https://www.revistaanfibia.com/menos-papistas-papa-francisco/,Menos papistas que el papa,Francisco y la grieta,Pablo Semán,2018-01-18 16:04:58,Culturas,,['Culturas'],2882
1346,93633,https://www.revistaanfibia.com/12-datos-para-entender-a-trump/,Doce datos para entender a Trump,Primer año del republicano en la Casa Blanca,Leandro Morgenfeld; Cecilia Nahón,2018-01-19 11:33:26,Política y Economía,Ensayo,['Política y Economía'],3010
1347,94043,https://www.revistaanfibia.com/cuando-la-falla-se-vuelve-gloria/,Cuando la falla se vuelve gloria,Policías en acción,Mariana Sirimarco,2018-01-22 12:01:52,Culturas,Ensayo,['Culturas'],3779
1348,93823,https://www.revistaanfibia.com/que-tengan-buen-viaje/,"""Que tengan buen viaje""",Dictadura y exilio,Inés Ulanovsky,2018-01-23 10:57:14,Política y Economía,,['Política y Economía'],3274
1349,93827,https://www.revistaanfibia.com/carnaval-hecho-ceniza/,El carnaval hecho ceniza,La joven derecha brasileña,Isabela Gaia,2018-01-23 14:30:44,Políticas de géneros,Ensayo,['Políticas de géneros'],2484
1350,94252,https://www.revistaanfibia.com/sandrita-2/,Sandrita,El caso Triaca y la lógica Cambiemos,Santiago Canevaro,2018-01-24 14:27:00,Política y Economía,,['Política y Economía'],2961
1351,94458,https://www.revistaanfibia.com/donde-mueren-los-ciervos/,Donde mueren los ciervos,Naturaleza intervenida,Celeste Orozco,2018-01-26 13:25:39,Ambiente,Crónica,['Ambiente'],6118
1352,94743,https://www.revistaanfibia.com/campaneros/,Campañeros,La dura extracción del guano en Perú,,2018-01-30 14:41:35,Ambiente,Crónica,['Ambiente'],1703
1353,94780,https://www.revistaanfibia.com/una-nueva-clase-cultural/,La nueva clase cultural,Arte y gentrificación,Martha Rosler,2018-01-31 09:53:53,Otras,,['Otras'],2517
1354,94774,https://www.revistaanfibia.com/gente-martin-sivak/,Gente que sí: Martín Sivak,Anfibia Podcast - Gente que sí,Cristian Alarcón,2018-01-31 10:55:02,Culturas,,['Culturas'],161
1355,94944,https://www.revistaanfibia.com/se-ahogo-punto/,Se ahogó y punto,Santiago Maldonado,Sebastián Lacunza,2018-02-01 13:20:24,Políticas de géneros,Ensayo,['Políticas de géneros'],2530
1356,95006,https://www.revistaanfibia.com/el-rating-es-feminista/,El rating es feminista,Intrusas en la tele,María Florencia Alcaraz,2018-02-02 10:59:05,Culturas,Ensayo,['Culturas'],1759
1357,95047,https://www.revistaanfibia.com/talleres-y-seminarios-anfibia-2018/,Talleres y Seminarios Anfibia 2018,,,2018-02-02 15:03:32,Otras,Crónica,['Otras'],1155
1358,94962,https://www.revistaanfibia.com/cuantos-grupos-whatsapp-tenes/,¿Cuántos grupos de WhatsApp tenés?,Cultura digital,Mora Matassi,2018-02-05 09:45:18,Tecnologías,Ensayo,['Tecnologías'],2543
1359,95283,https://www.revistaanfibia.com/corazon-la-boca/,Con el corazón en La Boca,Los desalojados de Sancheti,Diego Fernández Romeral; Cintia Kemelmajer,2018-02-06 10:38:25,Políticas de géneros,Crónica,['Políticas de géneros'],2955
1360,95385,https://www.revistaanfibia.com/paradojas-del-aborto/,"Ganar o perder, paradojas del aborto",En el Congreso,Juliana Di Tullio,2018-02-07 09:23:59,Políticas de géneros,Ensayo,['Políticas de géneros'],1684
1361,95438,https://www.revistaanfibia.com/la-policia-tambien-va-al-muere/,La policía también va al muere,Caso Chocobar,Sabina Frederic,2018-02-07 19:05:01,Política y Economía,Ensayo,['Política y Economía'],1667
1362,95531,https://www.revistaanfibia.com/vamos-todas-a-abortar/,Vamos todas a abortar,#Misoprostol,Luli Sánchez,2018-02-08 16:49:14,Políticas de géneros,Ensayo,['Políticas de géneros'],1101
1363,95517,https://www.revistaanfibia.com/ningun-fuego-se-prende-solo/,Ningún fuego se prende solo,Incendios en La Pampa,Ángeles Alemandi; Lautaro Bentivegna,2018-02-09 09:57:03,Ambiente,Crónica,['Ambiente'],2972
1364,95611,https://www.revistaanfibia.com/ni-roma-ni-justicia/,Ni Roma ni justicia,Masacre de Magdalena,Luciana Bertoia,2018-02-09 16:01:06,Políticas de géneros,Crónica,['Políticas de géneros'],3286
1365,95781,https://www.revistaanfibia.com/tu-idolo-es-un-femicida/,Tu ídolo es un femicida,El boxeador Carlos Monzón,Victoria Rodríguez,2018-02-14 08:35:55,Políticas de géneros,,['Políticas de géneros'],2755
1366,95367,https://www.revistaanfibia.com/las-pantallas-salvajes/,Las pantallas salvajes,Black Mirror y la cultura digital,Esteban Ierardo,2018-02-15 08:43:38,Tecnologías,Ensayo,['Tecnologías'],1275
1367,95853,https://www.revistaanfibia.com/el-samurai-del-hip-hop/,El samurai del hip hop,El rapero colombiano,Jorge Posada,2018-02-15 09:36:48,Culturas,Crónica,['Culturas'],2905
1368,95380,https://www.revistaanfibia.com/hada-las-putas/,El hada de las putas,Georgina Orellano,Stephanie Peuscovich,2018-02-16 09:56:22,Políticas de géneros,Crónica,['Políticas de géneros'],2438
1369,95977,https://www.revistaanfibia.com/una-presidenta-indigena/,Una presidenta indígena,Elecciones en México,Victoria Darling,2018-02-19 09:59:31,Política y Economía,Ensayo,['Política y Economía'],1801
1370,96149,https://www.revistaanfibia.com/evita-no-usa-panuelo/,Evita no usa pañuelo,Aborto,Martha I. Rosenberg; María Alicia Gutiérrez,2018-02-19 16:34:48,Políticas de géneros,Ensayo,['Políticas de géneros'],2013
1371,96182,https://www.revistaanfibia.com/lo-que-el-genocidio-quiso-borrar/,Lo que el genocidio quiso borrar,Juicios de Lesa Humanidad,Santiago Bereciartua,2018-02-20 09:37:31,Políticas de géneros,Ensayo,['Políticas de géneros'],2399
1372,96252,https://www.revistaanfibia.com/adonde-va-moyano/,¿Adónde va Moyano?,"Hugo, Pablo y un nuevo ""nosotros""",Ana Natalucci,2018-02-21 09:55:17,Política y Economía,Ensayo,['Política y Economía'],1973
1373,96362,https://www.revistaanfibia.com/un-nosotros-resistente-e-inestable/,Un “nosotros” resistente e inestable,Más allá de Moyano,Nicolás Damin; Alejandro Jasinski,2018-02-22 10:51:09,Política y Economía,Ensayo,['Política y Economía'],1304
1374,96443,https://www.revistaanfibia.com/unidas-triunfaremos/,Unidas triunfaremos,Del trabajo a la calle,Marina Mariasch; Celeste Abrevaya,2018-02-23 10:34:52,Política y Economía,Ensayo,['Política y Economía'],1681
1375,96461,https://www.revistaanfibia.com/judith-butler-fue-a-la-marcha/,Judith Butler fue a la marcha,"El #21F, los cuerpos y las precariedades",Flavio Rapisardi,2018-02-23 14:32:44,Política y Economía,Ensayo,['Política y Economía'],983
1376,96599,https://www.revistaanfibia.com/punto-querandi/,Punto Querandí,Identidades y topadoras,Sebastián Hacher,2018-02-26 09:57:47,Culturas,Crónica,['Culturas'],1154
1377,96614,https://www.revistaanfibia.com/bebito-aborto-congreso/,El bebito hace lobby en el Congreso,El debate por el aborto,Noelia Barral Grigera,2018-02-26 15:23:46,Políticas de géneros,Crónica,['Políticas de géneros'],3254
1378,96667,https://www.revistaanfibia.com/cubanos-malecon/,¿A qué van los cubanos al Malecón?,Crónicas habaneras,Carlos Manuel Álvarez,2018-02-27 10:13:42,Culturas,Crónica,['Culturas'],4942
1379,96735,https://www.revistaanfibia.com/el-aborto-es-radical/,El aborto es radical,El debate en el Congreso,Brenda Austin,2018-02-28 09:40:34,Políticas de géneros,Ensayo,['Políticas de géneros'],642
1380,96759,https://www.revistaanfibia.com/entrelazadas-para-buscar-a-las-pibas/,Entrelazadas para buscar a las pibas,Femicidio en Junín,Vanesa Vazquez Laba; Charo Solís,2018-02-28 16:09:37,Políticas de géneros,Ensayo,['Políticas de géneros'],1083
1381,96277,https://www.revistaanfibia.com/a-llorar-a-disney/,Calaveras y diablitos,"Coco, la muerte y el Oscar",Mercedes Liska,2018-03-01 08:56:20,Culturas,,['Culturas'],1299
1382,96835,https://www.revistaanfibia.com/juventud-feminista/,La juventud feminista,Asambleas 8M,Agustina Lanza,2018-03-02 09:38:10,Políticas de géneros,,['Políticas de géneros'],2826
1383,96906,https://www.revistaanfibia.com/el-macrismo-frente-a-su-espejo/,El macrismo frente a su espejo,Transparencia y negocios,Ignacio Damiani; Julián Maradeo,2018-03-02 15:05:16,Política y Economía,Crónica,['Política y Economía'],2175
1384,97012,https://www.revistaanfibia.com/que-es-el-aborto-mama/,"¿Qué es el aborto, mamá?",Testimonio,Julieta Saulo,2018-03-05 10:31:05,Políticas de géneros,Ensayo,['Políticas de géneros'],1030
1385,97021,https://www.revistaanfibia.com/no-es-obligatorio-abortar/,No es obligatorio abortar,La diputada de Cambiemos que apoya la ley,Samanta Acerenza,2018-03-05 14:45:12,Políticas de géneros,Ensayo,['Políticas de géneros'],1111
1386,97071,https://www.revistaanfibia.com/tu-conflicto-es-un-bajon/,Tu conflicto es un bajón,Alejandro Rozitchner y la cultura del entusiasmo,Nicolás Viotti,2018-03-06 10:40:39,Culturas,Ensayo,['Culturas'],3938
1387,97144,https://www.revistaanfibia.com/yo-elijo/,Yo elijo,El aborto adolescente en el cine,Mora Arenillas,2018-03-07 09:56:36,Culturas,Ensayo,['Culturas'],825
1388,97248,https://www.revistaanfibia.com/test-feminista-2/,Test Feminista,#8M,Flora Alkorta; Vero Lorca,2018-03-08 08:37:34,Otras,,['Otras'],147
1389,97261,https://www.revistaanfibia.com/juntas-2/,Juntas,El tiempo es ahora,Dolores Fonzi,2018-03-08 15:12:11,Otras,Ensayo,['Otras'],863
1390,97334,https://www.revistaanfibia.com/queremos-decidir-queremos-conducir-2/,"Queremos decidir, queremos conducir","8M, tiemblan los sindicatos",Tali Goldman,2018-03-09 10:28:53,Políticas de géneros,Crónica,['Políticas de géneros'],2714
1391,97391,https://www.revistaanfibia.com/guerreras/,Guerreras,Paro Internacional feminista,Eleonor Faur,2018-03-09 15:15:22,Políticas de géneros,Ensayo,['Políticas de géneros'],1323
1392,97559,https://www.revistaanfibia.com/pescadores-estrellas/,Pescadores de estrellas,Astrónomos amateurs,Carlos Vidal,2018-03-12 16:21:16,Ambiente,Crónica,['Ambiente'],2182
1393,97599,https://www.revistaanfibia.com/aborto-legal-para-tipos-trans/,"""Aborto legal para tipos trans!""",Cuerpos gestantes,María Mansilla; Blas Radi,2018-03-13 12:10:36,Políticas de géneros,,['Políticas de géneros'],2457
1394,97642,https://www.revistaanfibia.com/la-vida-precaria-facundo-ferreira/,La vida precaria de Facundo Ferreira,Tucumán,Alejandra del Castillo,2018-03-13 19:25:01,Políticas de géneros,Ensayo,['Políticas de géneros'],1269
1395,97665,https://www.revistaanfibia.com/esquivando-cascotazos/,Esquivando cascotazos,Cómo explicar el macrismo (y no morir en el intento),José Natanson,2018-03-14 09:59:11,Política y Economía,Ensayo,['Política y Economía'],2513
1396,97742,https://www.revistaanfibia.com/lo-aprendi-en-un-tutorial/,Lo aprendí en un tutorial,Adolescencia y cultura digital,Carlos Scolari,2018-03-15 10:26:57,Tecnologías,Ensayo,['Tecnologías'],2290
1397,97801,https://www.revistaanfibia.com/marielle-la-desobediente/,"Marielle, la desobediente",Un crimen contra las resistencias brasileñas,Isabela Gaia,2018-03-16 15:29:07,Políticas de géneros,Ensayo,['Políticas de géneros'],1378
1398,97852,https://www.revistaanfibia.com/lo-que-duele-lo-que-quiebra-lo-que-espanta/,"Lo que duele, lo que quiebra, lo que espanta",El crimen de Facundo Ferreira,Exequiel Svetliza,2018-03-17 09:35:06,Políticas de géneros,Crónica,['Políticas de géneros'],3291
1399,98040,https://www.revistaanfibia.com/el-feminismo-nos-salvo/,El feminismo nos salvó,Las amigas de Lola Chomnalez,Tamara Tenenbaum,2018-03-19 11:15:05,Políticas de géneros,Crónica,['Políticas de géneros'],2469
1400,98089,https://www.revistaanfibia.com/no-tuvimos-miedo-menos-ahora/,"""No tuvimos miedo antes, menos ahora""",Juicios de lesa humanidad,Patricia Serrano,2018-03-19 16:09:03,Política y Economía,,['Política y Economía'],1854
1401,98137,https://www.revistaanfibia.com/lobby-en-la-mesa-familiar/,Lobby en la mesa familiar,Aborto en el Congreso,Noelia Barral Grigera,2018-03-20 09:55:39,Políticas de géneros,Crónica,['Políticas de géneros'],2476
1402,98163,https://www.revistaanfibia.com/muchacha-punk/,Muchacha Punk,Malena Pichot y el buen feminismo,Luciana Peker,2018-03-20 13:21:19,Políticas de géneros,Ensayo,['Políticas de géneros'],2285
1403,98309,https://www.revistaanfibia.com/polaroids-de-locura-ordinaria/,Polaroids de locura ordinaria,Bilardo después de Bilardo,Facundo Bañez,2018-03-21 11:13:24,Culturas,Crónica,['Culturas'],5764
1404,98359,https://www.revistaanfibia.com/nos-tenemos-ir-facebook/,¿Nos tenemos que ir de Facebook?,Crisis en el jardín de Zuckerberg,Valentín Muro,2018-03-21 15:33:34,Tecnologías,Ensayo,['Tecnologías'],2752
1405,98301,https://www.revistaanfibia.com/el-sueno-equivocado/,El sueño equivocado,Chile y la migración haitiana,Carre.re,2018-03-22 10:02:12,Culturas,Crónica,['Culturas'],1847
1406,98514,https://www.revistaanfibia.com/el-abrazo-justo/,El abrazo justo,24M y Memoria,Mariana Eva Perez,2018-03-23 10:37:08,Política y Economía,,['Política y Economía'],3612
1407,98720,https://www.revistaanfibia.com/somos-500-mil/,Somos 500 mil,Aborto legal,Andrea Paz,2018-03-26 13:12:12,Políticas de géneros,Ensayo,['Políticas de géneros'],2664
1408,98776,https://www.revistaanfibia.com/malvinas-trasumanto/,Trasumanto,Un día en las Malvinas,Julio Burdman,2018-03-27 10:14:02,Política y Economía,Crónica,['Política y Economía'],2622
1409,98715,https://www.revistaanfibia.com/desaparecida/,Desaparecida,Marielle Franco,Viviane Magno; Ericka Marie Itokazu; Tessa Moura Lacerda,2018-03-27 15:56:02,Políticas de géneros,Ensayo,['Políticas de géneros'],3716
1410,98864,https://www.revistaanfibia.com/podran-entender-los-adultos/,¿Podrán entender los adultos?,USA: adolescentes contra las armas,Pablo Boczkowski,2018-03-28 15:52:24,Culturas,Ensayo,['Culturas'],1245
1411,98865,https://www.revistaanfibia.com/luto-y-lucha/,Luto y lucha,Un crimen neoliberal,Alexandre Roig,2018-03-28 20:39:41,Política y Economía,,['Política y Economía'],1511
1412,99170,https://www.revistaanfibia.com/inundacion-no-lo-tragedia/,Inundación no es lo mismo que tragedia,"La Plata, cinco años después",Pablo Morosi; Pablo Gustavo Romanazzi,2018-04-03 11:00:02,Política y Economía,Crónica,['Política y Economía'],3815
1413,99216,https://www.revistaanfibia.com/grito-mas-silenciado/,El grito más silenciado,Abuso y trata en el fútbol,Luciana Peker,2018-04-03 18:30:13,Políticas de géneros,Ensayo,['Políticas de géneros'],3609
1414,99269,https://www.revistaanfibia.com/origen-la-tristeza/,El origen de la tristeza,Abusos y trata en el fútbol,Alejandro Wall,2018-04-04 13:39:11,Políticas de géneros,Ensayo,['Políticas de géneros'],3492
1415,99355,https://www.revistaanfibia.com/nancy-fraser-feminismo-no-funcional/,Nancy Fraser y el feminismo no funcional,Conversaciones UNSAM,Micaela Cuesta,2018-04-05 11:05:23,Educación,Ensayo,['Educación'],2662
1416,99377,https://www.revistaanfibia.com/la-autodestruccion-de-brasil/,La autodestrucción de Brasil,"Lula, cárcel y proscripción",Alejandro Grimson,2018-04-05 14:37:11,Política y Economía,,['Política y Economía'],1290
1417,99360,https://www.revistaanfibia.com/miedoambiente/,Miedo ambiente,Acoso sexual y laboral en Greenpeace,Lorena Pujó; Fernanda Roux,2018-04-06 10:02:50,Ambiente,Ensayo,['Ambiente'],1428
1418,99508,https://www.revistaanfibia.com/cinco-horas-diarias-mirando-telefono/,Cinco horas diarias mirando el teléfono,Cultura digital,Axel Marazzi,2018-04-06 12:53:51,Tecnologías,Crónica,['Tecnologías'],3311
1419,99700,https://www.revistaanfibia.com/los-tres-errores-del-juez-moro/,Los tres errores del juez Moro,Lula en la cárcel,Ximena Simpson,2018-04-09 11:59:42,Política y Economía,Ensayo,['Política y Economía'],2255
1420,99753,https://www.revistaanfibia.com/la-maternidad-sera-deseada-o-no-sera/,La maternidad será deseada o no será,#20AñosIDAES Aborto legal,Vanesa Vazquez Laba; Eleonor Faur,2018-04-10 10:35:32,Políticas de géneros,,['Políticas de géneros'],3322
1421,99772,https://www.revistaanfibia.com/lula-cumple/,Lula cumple,Análisis de su último discurso,Isabela Gaia,2018-04-10 17:00:43,Política y Economía,Ensayo,['Política y Economía'],1987
1422,99819,https://www.revistaanfibia.com/pobres-somos-todos/,Pobres somos todos,Lo que el INDEC no mide,Pablo Semán,2018-04-11 10:42:28,Política y Economía,Ensayo,['Política y Economía'],1536
1423,99829,https://www.revistaanfibia.com/lula-no-es-peron-brasil-no-es-argentina/,"Lula no es Perón, Brasil no es Argentina",El palacio y la calle,Nicolás Cabrera,2018-04-11 14:16:24,Política y Economía,Ensayo,['Política y Economía'],1468
1424,95393,https://www.revistaanfibia.com/morir-en-bici/,Morir en bici,Inseguridad vial,Ángeles Muro Garlot,2018-04-12 10:08:07,Políticas de géneros,Crónica,['Políticas de géneros'],1916
1425,99891,https://www.revistaanfibia.com/medios-recuperar-lo-teniamos/,Medios: cómo recuperar lo que teníamos,Periodismo relacional,Seth Lewis; Pablo Boczkowski,2018-04-12 14:40:39,Política y Economía,Ensayo,['Política y Economía'],3833
1426,99952,https://www.revistaanfibia.com/que-pase-todo-volver-a-jugar-al-futbol/,“Que pase todo y volver a jugar al fútbol”,El relato de uno de los futbolistas abusados,Matías Luciano de Rioja,2018-04-13 12:30:18,Políticas de géneros,Crónica,['Políticas de géneros'],2808
1427,100081,https://www.revistaanfibia.com/que-pensamos-sobre-agenda-feminista/,Qué pensamos sobre la agenda feminista,Encuesta nacional,Laura Masson; Vanesa Vazquez Laba,2018-04-16 09:17:44,Políticas de géneros,,['Políticas de géneros'],1687
1428,99981,https://www.revistaanfibia.com/no-es-arte-es-dinamita-2/,"No es arte, es dinamita",Variaciones sobre la performance,Mercedes Halfon,2018-04-16 15:17:35,Otras,Ensayo,['Otras'],1945
1429,99886,https://www.revistaanfibia.com/los-viejos-putos/,Los viejos putos,Sexualidad gay y pánico moral,Ernesto Meccia,2018-04-17 10:01:17,Amor y sexo,,['Amor y sexo'],3029
1430,100162,https://www.revistaanfibia.com/las-muertas-que-vos-matas/,Las muertas que vos matás,El aborto en el Congreso,Muriel Santa Ana,2018-04-17 15:13:59,Políticas de géneros,Ensayo,['Políticas de géneros'],744
1431,100182,https://www.revistaanfibia.com/vida-breve-del-colectivero/,La vida breve del colectivero,El crimen del chofer,Santiago Menconi,2018-04-17 17:04:12,Políticas de géneros,Crónica,['Políticas de géneros'],2223
1432,100297,https://www.revistaanfibia.com/te-tiro-un-audio/,Te tiro un audio,Cultura digital,Mora Matassi,2018-04-19 11:02:13,Tecnologías,Ensayo,['Tecnologías'],2091
1433,100287,https://www.revistaanfibia.com/lado-romantico-los-juicios/,El lado romántico de los juicios,Performance y memoria,Mónica Zwaig; Félix Bruzzone,2018-04-19 14:23:17,Política y Economía,,['Política y Economía'],1696
1434,100336,https://www.revistaanfibia.com/dia-despues-los-castro/,El día después de los Castro,¿Cuba cambia?,Juan Orlando Pérez,2018-04-19 17:05:02,Culturas,Ensayo,['Culturas'],2336
1435,100369,https://www.revistaanfibia.com/padres-en-la-era-feminista/,Ser padres en la era feminista,Nuevas masculinidades,Agustín J. Valle,2018-04-20 09:44:51,Culturas,Ensayo,['Culturas'],1345
1436,100403,https://www.revistaanfibia.com/periodismo-performatico-preguntas-frecuentes/,PERIODISMO PERFORMATICO,preguntas frecuentes sobre las becas de,,2018-04-20 17:20:14,Otras,,['Otras'],1004
1437,100519,https://www.revistaanfibia.com/likeame-seguime-quereme/,"Likeame, seguime, quereme",Adolescencia y cultura digital,Carlos Scolari,2018-04-23 11:59:17,Tecnologías,Ensayo,['Tecnologías'],2496
1438,100541,https://www.revistaanfibia.com/memoria-de-la-ciudad/,La memoria de la ciudad,Pasajes de Barcelona,Jorge Carrión,2018-04-23 14:53:56,Culturas,Ensayo,['Culturas'],1773
1439,100618,https://www.revistaanfibia.com/relato-detras-del-bebito/,El relato detrás del bebito,Aborto legal,Gabriela Irrazábal; Karina Felitti,2018-04-24 09:00:17,Políticas de géneros,Ensayo,['Políticas de géneros'],2818
1440,100629,https://www.revistaanfibia.com/por-el-derecho-al-goce/,Por el derecho al goce,Aborto legal,Luciana Peker,2018-04-24 11:20:57,Políticas de géneros,Ensayo,['Políticas de géneros'],1083
1441,100632,https://www.revistaanfibia.com/doble-moral-medica/,La doble moral médica,El debate por el aborto,Cecilia Zerbo,2018-04-24 14:44:30,Políticas de géneros,Ensayo,['Políticas de géneros'],767
1442,100750,https://www.revistaanfibia.com/mostramos-lo-que-queremos/,"""Mostramos lo que queremos, y que se jodan""","Las pibas, la ropa, la escuela",Ofelia Fernández,2018-04-25 12:41:06,Políticas de géneros,Ensayo,['Políticas de géneros'],1152
1443,100772,https://www.revistaanfibia.com/no-vamos-a-poder-ver-a-ninguna-banda-mas/,¿No vamos a poder ver a ninguna banda más?,Abusos en el rock,Julieta Greco,2018-04-25 16:24:10,Culturas,Ensayo,['Culturas'],1905
1444,100827,https://www.revistaanfibia.com/para-consumir/,Pará de consumir,Tarifazos y austeridad,Gonzalo Assusa,2018-04-26 10:18:40,Culturas,Ensayo,['Culturas'],2188
1445,100849,https://www.revistaanfibia.com/patea-como-una-chica/,Pateá como una chica,Fútbol femenino,Analía Fernández Fuks,2018-04-26 14:07:37,Culturas,Crónica,['Culturas'],3010
1446,100875,https://www.revistaanfibia.com/la-disidencia-estado-alerta/,La disidencia como estado de alerta,¿Qué se espera de un escritor?,Claudia Piñeiro,2018-04-26 19:38:51,Políticas de géneros,Ensayo,['Políticas de géneros'],4186
1447,100907,https://www.revistaanfibia.com/historia-canciones-de-cancha/,Historia incompleta de las canciones de cancha,Canten putxs,Manuel Soriano,2018-04-27 09:50:05,Culturas,Crónica,['Culturas'],3034
1448,100930,https://www.revistaanfibia.com/no-te-olvides-nunca-poderosa/,No te olvides nunca que eres poderosa,Natalia Lafourcade,María Riot,2018-04-27 15:33:30,Culturas,,['Culturas'],2254
1449,101220,https://www.revistaanfibia.com/poner-ovarios/,Poner ovarios,Deseo de Maternidad,Paula Salischiker,2018-05-02 13:18:22,Salud,Crónica,['Salud'],2731
1450,101230,https://www.revistaanfibia.com/no-son-cuernos-es-amor-libre/,"No son cuernos, es amor libre",Sexo y anarquía en el 1900,Roberto de las Carreras,2018-05-02 15:47:02,Amor y sexo,Ensayo,['Amor y sexo'],1447
1451,101287,https://www.revistaanfibia.com/mi-vecino-es-antivacunas/,Mi vecino es antivacunas,"Individualismo, ciencia y verdad",Daniel Flichtentrei,2018-05-03 10:45:57,Salud,Ensayo,['Salud'],2058
1452,101307,https://www.revistaanfibia.com/la-argentina-con-uno-de-los-calendarios-de-vacunas-mas-amplios/,"La Argentina, con uno de los calendarios de vacunas más amplios",,,2018-05-03 12:07:46,Salud,,['Salud'],667
1453,101320,https://www.revistaanfibia.com/los-ganadores-son/,Los ganadores son...,Laboratorio de Periodismo Performático,Julián Gorodischer,2018-05-04 12:47:45,Otras,Ensayo,['Otras'],2042
1454,101400,https://www.revistaanfibia.com/pasar-la-tormenta-2/,Pasar la tormenta,La fiebre del dólar,Martín Alfíe,2018-05-04 16:58:31,Política y Economía,Ensayo,['Política y Economía'],909
1455,101360,https://www.revistaanfibia.com/memorias-del-68/,Memorias del 68,A 50 años del mayo francés,Elizabeth Jelin,2018-05-07 08:56:32,Culturas,Ensayo,['Culturas'],7596
1456,101545,https://www.revistaanfibia.com/sarmiento-hubiera-usado-netbook/,¿Sarmiento hubiera usado una netbook del Estado?,El final de Conectar Igualdad,Nicolás Welschinger,2018-05-07 16:38:07,Educación,Ensayo,['Educación'],2138
1457,101298,https://www.revistaanfibia.com/tarifazo-derecho-mercancia/,Tarifazo: del derecho a la mercancía,"#20AñosIDAES Luz, gas, agua",Francisco Cantamutto; Martín Schorr,2018-05-08 10:27:44,Política y Economía,Ensayo,['Política y Economía'],1897
1458,101669,https://www.revistaanfibia.com/yaguarete-moneda-imposible/,"Yaguareté, la moneda imposible",La crisis del dólar,Alexandre Roig,2018-05-09 11:58:37,Política y Economía,Ensayo,['Política y Economía'],1747
1459,101682,https://www.revistaanfibia.com/la-hegemonia-era-un-blef/,La hegemonía era un blef,Gramsci para Cambiemitas,Fernando Rosso,2018-05-09 15:12:34,Política y Economía,Ensayo,['Política y Economía'],1995
1460,101733,https://www.revistaanfibia.com/stand-by-me-argentinians/,"Stand by me, argentinians",Volvió el FMI,Alejandro Grimson,2018-05-10 10:27:37,Política y Economía,Ensayo,['Política y Economía'],1472
1461,101759,https://www.revistaanfibia.com/los-limites-eticos-del-ajuste-2/,Los límites éticos del ajuste,Política económica,Juan Pablo Bohoslavsky,2018-05-10 15:15:24,Política y Economía,Ensayo,['Política y Economía'],2076
1462,101783,https://www.revistaanfibia.com/liberacion-masculina-para-cuando/,¿La liberación masculina para cuándo?,Putita golosa,Luciana Peker,2018-05-11 09:03:26,Políticas de géneros,Ensayo,['Políticas de géneros'],3104
1463,101858,https://www.revistaanfibia.com/de-caceria-con-inakayal/,De cacería con Inakayal,Antes de la Conquista,Adrián Moyano,2018-05-11 14:51:58,Culturas,Crónica,['Culturas'],2695
1464,102012,https://www.revistaanfibia.com/indie-del-vinilo-spotify/,Indie: del vinilo a Spotify,Música y cultura digital,Nicolás Igarzábal,2018-05-14 11:15:26,Culturas,Crónica,['Culturas'],2478
1465,102039,https://www.revistaanfibia.com/el-parto-es-un-hecho-politico/,El parto es un hecho político,Violencia obstétrica,Leila Mesyngier,2018-05-14 15:57:33,Salud,Crónica,['Salud'],2821
1466,102091,https://www.revistaanfibia.com/panico-y-fortuna-en-la-city/,Pánico y fortuna en la City,Entre dólares y Lebacs,María Mansilla,2018-05-15 11:19:51,Política y Economía,Crónica,['Política y Economía'],2153
1467,102109,https://www.revistaanfibia.com/la-rebelion-de-las-obradoras/,La rebelión de las obradoras,Arte y Feminismo,Andrea Giunta,2018-05-15 14:10:31,Políticas de géneros,Ensayo,['Políticas de géneros'],2326
1468,102168,https://www.revistaanfibia.com/el-nuevo-negro/,El nuevo negro,El fenómeno Childish Gambino,Juan Data,2018-05-16 11:51:02,Culturas,Crónica,['Culturas'],1831
1469,102177,https://www.revistaanfibia.com/prender-fuego-sin-quemar-nada/,Prender fuego sin quemar nada,Mayo del '68,Lucía Álvarez,2018-05-16 12:48:24,Culturas,Ensayo,['Culturas'],2180
1470,102259,https://www.revistaanfibia.com/la-muerte-problema-publico/,La muerte como problema público,Violencia y Estado,Sandra Gayol; Gabriel Kessler,2018-05-17 13:40:52,Políticas de géneros,Ensayo,['Políticas de géneros'],2342
1471,102313,https://www.revistaanfibia.com/no-culpes-la-big-data/,No culpes a la big data,Inteligencia artificial,Laura Ación; Walter Sosa Escudero; Nicolás D’Ippólito,2018-05-18 11:19:08,Tecnologías,Ensayo,['Tecnologías'],1619
1472,102320,https://www.revistaanfibia.com/los-besos-disidentes/,Los besos disidentes,"La vida es corta, hacete torta",Marina Mariasch; Greta Pena,2018-05-18 14:36:40,Políticas de géneros,Ensayo,['Políticas de géneros'],2030
1473,102469,https://www.revistaanfibia.com/pelicano-que-se-tira-al-mar/,Como un pelícano que se tira al mar,Testimonios del accidente cubano,Abraham Jiménez Enoa,2018-05-21 11:44:56,Culturas,Crónica,['Culturas'],1927
1474,102485,https://www.revistaanfibia.com/sello-argentino-mayo-frances/,El sello argentino en el Mayo francés,#IDAES20Años - Las técnicas gráficas del 68,Isabel Plante; Valeria Manzano,2018-05-21 14:24:50,Política y Economía,,['Política y Economía'],1970
1475,102517,https://www.revistaanfibia.com/los-tres-dones-de-tom-wolfe/,Los tres dones de Tom Wolfe,El nuevo periodismo,Diego E. Barros,2018-05-22 11:30:21,Culturas,Ensayo,['Culturas'],2545
1476,102567,https://www.revistaanfibia.com/creyente/,El creyente,¿Qué clase de presidente es Macri?,Julio Burdman,2018-05-23 10:23:20,Política y Economía,Ensayo,['Política y Economía'],2144
1477,102532,https://www.revistaanfibia.com/no-salario-los-derechos/,"No es el salario, son los derechos",La reforma laboral,Eduardo Chávez Molina,2018-05-23 13:07:43,Política y Economía,Ensayo,['Política y Economía'],2028
1478,102628,https://www.revistaanfibia.com/bajar-los-cuadros-subir-los-plasmas/,"Bajar los cuadros, subir los plasmas",#20AñosIDAES El mercado del arte,María Isabel Baldasarre; Viviana Usubiaga,2018-05-24 10:44:28,Culturas,Ensayo,['Culturas'],2302
1479,102656,https://www.revistaanfibia.com/el-gran-camaleon/,El gran camaleón,Tom Wolfe,Enzo Maqueira,2018-05-24 12:46:29,Culturas,Ensayo,['Culturas'],2070
1480,102663,https://www.revistaanfibia.com/optimistas-sin-excesos-2/,Optimistas sin excesos,Discurso y verdad,Sol Montero,2018-05-24 14:33:25,Política y Economía,Ensayo,['Política y Economía'],2029
1481,102809,https://www.revistaanfibia.com/los-dias-que-fuimos-felices/,Los días que fuimos felices,Épica y mochila de plomo,Alejandro Wall,2018-05-28 09:08:07,Culturas,Crónica,['Culturas'],2823
1482,102231,https://www.revistaanfibia.com/pioneras-del-aborto-legal/,Pioneras del aborto legal,Debate en el Congreso,María Florencia Alcaraz,2018-05-28 10:03:39,Políticas de géneros,Crónica,['Políticas de géneros'],4049
1483,102829,https://www.revistaanfibia.com/sacar-la-menstruacion-del-closet/,Sacar la menstruación del closet,"Sangre, salud y política",Eugenia Tarzibachi,2018-05-28 13:34:36,Educación,Ensayo,['Educación'],1897
1484,102836,https://www.revistaanfibia.com/la-patria-boba-3/,La patria boba,Elecciones en Colombia,Omar Rincón,2018-05-28 15:35:49,Política y Economía,Ensayo,['Política y Economía'],1431
1485,102917,https://www.revistaanfibia.com/tipico-de-machirulo/,Típico de machirulo,Neologismos feministas,Marina Mariasch; Celeste Abrevaya,2018-05-29 12:48:58,Políticas de géneros,Ensayo,['Políticas de géneros'],1382
1486,103041,https://www.revistaanfibia.com/lo-dejaste-pagar-las-tarifas/,Todo lo que dejaste de hacer para pagar las tarifas,Historias y datos del tarifazo,Mónica Yemayel,2018-05-30 11:44:23,Política y Economía,Crónica,['Política y Economía'],4684
1487,103107,https://www.revistaanfibia.com/no-romance-sin-finanzas/,No hay romance sin finanzas,Depresión capitalista,Mark Fisher,2018-05-31 00:14:21,Culturas,Ensayo,['Culturas'],3447
1488,103132,https://www.revistaanfibia.com/canten-putos/,¡Canten putos!,Historias de las canciones de cancha,Manuel Soriano,2018-05-31 12:42:24,Culturas,Crónica,['Culturas'],3989
1489,103194,https://www.revistaanfibia.com/las-insolentes/,Las insolentes,La ola feminista en Chile,Carolina Rojas Neculhual,2018-06-01 13:26:11,Políticas de géneros,Crónica,['Políticas de géneros'],2223
1490,103330,https://www.revistaanfibia.com/ahora-si-nos-ven/,¿Ahora sí nos ven?,La revolución feminista,Ileana Arduino,2018-06-04 11:20:01,Políticas de géneros,Ensayo,['Políticas de géneros'],3367
1491,103343,https://www.revistaanfibia.com/una-italia-sin-italianos/,"España, una Italia sin italianos",Destitución de Mariano Rajoy,Carlos Scolari,2018-06-04 14:24:24,Política y Economía,Ensayo,['Política y Economía'],1483
1492,103431,https://www.revistaanfibia.com/somos-tantas-calentamos-otono/,Somos tantas que calentamos el otoño,#NiUnaMenos,Jazmín Stuart,2018-06-05 11:25:41,Políticas de géneros,Ensayo,['Políticas de géneros'],1473
1493,103447,https://www.revistaanfibia.com/guardianas/,Guardianas,#NiUnaMenos,Keka Halvorsen,2018-06-05 13:07:44,Políticas de géneros,Crónica,['Políticas de géneros'],1299
1494,103375,https://www.revistaanfibia.com/barcelona-inconclusa/,Una ciudad inconclusa,Barcelona,Laureano Debat,2018-06-06 09:57:52,Culturas,Ensayo,['Culturas'],2169
1495,103499,https://www.revistaanfibia.com/votar-favor-del-aborto-legal/,Por qué votar a favor del aborto legal,El debate en el Congreso,Roberto Gargarella,2018-06-06 15:20:51,Políticas de géneros,Ensayo,['Políticas de géneros'],3411
1496,103555,https://www.revistaanfibia.com/mas-duenos-nunca/,Más dueños que nunca,Día del Periodista,Martín Becerra; Guillermo Mastrini,2018-06-07 10:16:37,Política y Economía,Ensayo,['Política y Economía'],3175
1497,103584,https://www.revistaanfibia.com/un-gol-en-contra-antes-del-mundial/,Un gol en contra antes del Mundial,Camino a Rusia 2018,Ignacio Fusco,2018-06-07 14:33:54,Culturas,Crónica,['Culturas'],2715
1498,103569,https://www.revistaanfibia.com/donde-estan-los-numeros-de-humor/,¿Dónde están los números que faltan de la Revista Humor?,Llamado a la solidaridad,Diego Igal,2018-06-08 09:53:53,Política y Economía,Crónica,['Política y Economía'],3234
1499,103635,https://www.revistaanfibia.com/quien-recuerda-a-pablo-kukoc-2/,Quién recuerda a Pablo Kukoc,La doctrina Chocobar,Tali Goldman,2018-06-08 11:46:43,Política y Economía,Crónica,['Política y Economía'],4222
1500,103829,https://www.revistaanfibia.com/nunca-me-criticaron-tanto-y-nunca-me-importo-menos/,“Nunca me criticaron tanto y nunca me importó menos”,Aborto legal,Dalma Maradona,2018-06-11 14:57:23,Políticas de géneros,Crónica,['Políticas de géneros'],986
1501,103871,https://www.revistaanfibia.com/malvinas-un-pequeno-pais-aparte/,Un pequeño país aparte,Malvinas,Ernesto Picco,2018-06-12 09:55:35,Política y Economía,Crónica,['Política y Economía'],3357
1502,103927,https://www.revistaanfibia.com/lo-personal-nunca-lo-politico/,Lo personal nunca antes de lo político,El aborto en el Congreso,Malena Galmarini,2018-06-12 15:14:27,Políticas de géneros,Crónica,['Políticas de géneros'],1223
1503,103940,https://www.revistaanfibia.com/argentina-anti-punitivista/,La Argentina anti-punitivista que supimos construir,Aborto legal,María de las Nieves Puglia; Mariana Palumbo; Vanesa Vazquez Laba,2018-06-12 15:53:58,Políticas de géneros,Ensayo,['Políticas de géneros'],1534
1504,103966,https://www.revistaanfibia.com/seguime-no-te-voy-defraudar/,"Seguime, no te voy a defraudar",#20AñosIDAES - La vuelta al FMI,Pablo Nemiña,2018-06-13 09:15:34,Política y Economía,Ensayo,['Política y Economía'],1611
1505,104073,https://www.revistaanfibia.com/cronica-de-ls-sorors-2/,Crónica de L@s Soror@s,Aborto legal,María Florencia Alcaraz,2018-06-14 15:36:52,Políticas de géneros,Crónica,['Políticas de géneros'],3100
1506,104071,https://www.revistaanfibia.com/la-politica-respira/,La política respira,Aborto legal,,2018-06-14 15:57:59,Políticas de géneros,Ensayo,['Políticas de géneros'],1344
1507,104101,https://www.revistaanfibia.com/ganamos-2/,Ganamos,Aborto legal,Paula Rodríguez,2018-06-14 18:56:53,Políticas de géneros,Crónica,['Políticas de géneros'],2191
1508,104100,https://www.revistaanfibia.com/perdieron-2/,Perdieron,Aborto legal,Belén López Peiró,2018-06-14 18:57:54,Políticas de géneros,Crónica,['Políticas de géneros'],1855
1509,104126,https://www.revistaanfibia.com/hacerse-los-malos-en-rusia/,Hacerse los malos en Rusia,#20AñosIDAES - Mundial 2018,Nicolás Cabrera; José Garriga Zucal,2018-06-15 11:17:46,Culturas,,['Culturas'],1591
1510,104150,https://www.revistaanfibia.com/los-mosqueteros-pampeanos-3/,¿Quiénes son los mosqueteros pampeanos?,Aborto: los votos que cambiaron la historia,Ángeles Alemandi,2018-06-15 12:23:58,Políticas de géneros,Crónica,['Políticas de géneros'],1754
1511,104295,https://www.revistaanfibia.com/aborto-legal-para-las-heroinas-de-tv/,Aborto legal para las heroínas de tv,Las guionistas unidas,#LasGuionistas,2018-06-18 09:28:48,Políticas de géneros,Crónica,['Políticas de géneros'],7231
1512,104320,https://www.revistaanfibia.com/pais-duque/,El país del Duque,Elecciones en Colombia,,2018-06-18 14:29:28,Políticas de géneros,Ensayo,['Políticas de géneros'],2103
1513,104266,https://www.revistaanfibia.com/diana-sacayan-vive/,Diana Sacayán vive,#FueTravesticidio,Flavio Rapisardi,2018-06-18 15:46:50,Política y Economía,,['Política y Economía'],2570
1514,104385,https://www.revistaanfibia.com/cuan-progre-puede-macrismo-2/,¿Cuán progre puede ser el macrismo?,Aborto legal,Gabriel Vommaro,2018-06-19 11:20:26,Políticas de géneros,Ensayo,['Políticas de géneros'],1750
1515,104402,https://www.revistaanfibia.com/nunca-nos-van-a-quitar-la-ilusion/,Nunca nos van a quitar la ilusión,Mundial 2018,Alejandro Wall,2018-06-19 14:50:32,Culturas,Crónica,['Culturas'],1621
1516,104395,https://www.revistaanfibia.com/ninas-madres/,Las niñas madres,Embarazo adolescente,Miriam Maidana,2018-06-20 10:10:11,Políticas de géneros,Ensayo,['Políticas de géneros'],3434
1517,104480,https://www.revistaanfibia.com/la-intimidad-mar/,La intimidad del mar,Crónicas de intimidad,Margarita García Robayo,2018-06-21 12:03:21,Culturas,Crónica,['Culturas'],2455
1518,104522,https://www.revistaanfibia.com/rebobinar-la-marcha-de-la-muerte/,Rebobinar la marcha de la muerte,Inakayal vuelve,Sebastián Hacher,2018-06-22 10:24:27,Culturas,Crónica,['Culturas'],2460
1519,103454,https://www.revistaanfibia.com/no-quiero-ser-mama/,"""No quiero ser mamá""",Ligadura de trompas,Luciana Mantero,2018-06-22 13:25:38,Políticas de géneros,Ensayo,['Políticas de géneros'],1915
1520,104541,https://www.revistaanfibia.com/la-maldicion-de-depender-del-milagro/,La maldición de depender del milagro,Mundial 2018,Ignacio Fusco,2018-06-22 15:16:19,Culturas,Crónica,['Culturas'],1458
1521,104675,https://www.revistaanfibia.com/lo-hacemos-todas-las-noches-tratar-conquistar-mundo/,"Lo mismo que hacemos todas las noches, tratar de conquistar el mundo",Cultura digital,Natalia Zuazo,2018-06-25 11:08:04,Tecnologías,Ensayo,['Tecnologías'],2597
1522,104688,https://www.revistaanfibia.com/una-huelga-obrera-intelectual-y-feminista/,"Una huelga obrera, intelectual y feminista",#20añosIDAES - 25J Paro General,Paula Abal Medina,2018-06-25 12:47:31,Política y Economía,Ensayo,['Política y Economía'],1830
1523,104745,https://www.revistaanfibia.com/el-riesgo-de-la-destruccion/,El riesgo de la destrucción,#20AñosIDAES El FMI y las universidades,Verónica Robert; Pablo Lavarello,2018-06-26 11:12:12,Educación,,['Educación'],1933
1524,104810,https://www.revistaanfibia.com/vicepresidenta-usted-puede-cambiar-la-historia/,"""Vicepresidenta usted puede cambiar la historia de las mujeres""",Aborto en el Senado,Lucrecia Martel,2018-06-27 12:56:38,Políticas de géneros,Ensayo,['Políticas de géneros'],835
1525,104854,https://www.revistaanfibia.com/pensar-las-universidades/,Pensar las universidades,#20AñosIDAES A cien años de la reforma,Juan Suriano,2018-06-27 17:49:23,Educación,Ensayo,['Educación'],1444
1526,104905,https://www.revistaanfibia.com/la-menesunda-del-feminismo/,La menesunda del feminismo,Células Madre en el Conti,María Moreno,2018-06-28 10:27:38,Políticas de géneros,Ensayo,['Políticas de géneros'],1688
1527,104990,https://www.revistaanfibia.com/esclavo-grito-goles-de-kempes/,El esclavo que gritó los goles de Kempes,A 40 años del Mundial 78,Ricardo Robins,2018-06-29 10:07:55,Culturas,,['Culturas'],3050
1528,105004,https://www.revistaanfibia.com/el-gen-rojo/,El gen Rojo,Mundial 2018,Gabriel Alejandro López,2018-06-29 13:00:22,Culturas,,['Culturas'],1687
1529,105015,https://www.revistaanfibia.com/las-ideas-se-bailan/,Las ideas se bailan,El cierre de la Milonga Queer,Mercedes Liska,2018-06-29 15:12:21,Culturas,,['Culturas'],1209
1530,105025,https://www.revistaanfibia.com/requiem-para-una-leyenda-del-lezama/,Requiem para una leyenda del Lezama,La demolición de la Casa Marconetti,Julián Gorodischer,2018-07-02 09:08:59,Culturas,Crónica,['Culturas'],1555
1531,105154,https://www.revistaanfibia.com/que-hara-la-izquierda-con-tanto-poder/,¿Qué hará la izquierda con tanto poder?,Elecciones históricas en México,Cecilia González,2018-07-02 13:39:54,Política y Economía,Ensayo,['Política y Economía'],2438
1532,105163,https://www.revistaanfibia.com/no-me-importa-meme-se-meta-maradona/,No me importa en qué meme se meta Maradona,Mundial 2018,Exequiel Svetliza,2018-07-02 15:34:26,Culturas,Crónica,['Culturas'],2783
1533,105211,https://www.revistaanfibia.com/don-andres-lo-dificil-jugar-simple/,"Don Andrés, lo difícil de jugar simple",Mundial 2018,Ignacio Fusco,2018-07-03 11:32:57,Culturas,Crónica,['Culturas'],2728
1534,105220,https://www.revistaanfibia.com/mendoza-somos-miles/,"""En Mendoza somos miles""","A favor del aborto legal, seguro y gratuito",Claudia C. Anzorena,2018-07-03 12:44:11,Políticas de géneros,Ensayo,['Políticas de géneros'],1853
1535,105297,https://www.revistaanfibia.com/puede-una-hinchada-putear-propios-jugadores/,¿Puede una hinchada putear a sus propios jugadores?,Historia de las canciones de cancha,Manuel Soriano,2018-07-04 12:42:26,Culturas,Crónica,['Culturas'],4243
1536,105390,https://www.revistaanfibia.com/el-circulo-virtuoso-de-las-changas-y-las-propinas/,El círculo virtuoso de las changas y las propinas,Caridad republicana,Santiago Canevaro,2018-07-06 10:23:31,Política y Economía,,['Política y Economía'],1389
1537,105396,https://www.revistaanfibia.com/salir-de-la-caverna/,Salir de la caverna,Darío Sztajnszrajber,Tali Goldman,2018-07-06 13:53:29,Culturas,Crónica,['Culturas'],4289
1538,105637,https://www.revistaanfibia.com/cuevas-virtuales/,Cuevas virtuales,Cultura digital,Esteban Magnani; Andrés Rabosto,2018-07-10 11:51:08,Tecnologías,,['Tecnologías'],2567
1539,105664,https://www.revistaanfibia.com/el-sol-de-los-mapuche/,El sol de los Mapuche,La ceremonia del Wiñoy Tripantu,Sebastián Hacher,2018-07-10 14:30:17,Culturas,Crónica,['Culturas'],2205
1540,105702,https://www.revistaanfibia.com/y-usted-profe-que-opina-del-aborto/,"Y usted, profe, ¿qué opina del aborto?",Maternidad adolescente,Manuel Becerra,2018-07-11 09:47:14,Políticas de géneros,,['Políticas de géneros'],2062
1541,103576,https://www.revistaanfibia.com/la-generacion-marielle-franco/,La generación Marielle Franco,De la favela a la universidad,Soledad Domínguez,2018-07-11 14:50:33,Política y Economía,Crónica,['Política y Economía'],2610
1542,105787,https://www.revistaanfibia.com/no-una-foto/,Esto no es una foto,Cultura digital,Hito Steyerl,2018-07-12 11:34:16,Tecnologías,Ensayo,['Tecnologías'],3327
1543,105815,https://www.revistaanfibia.com/sin-filtro-2/,Sin filtro,29 Muestra Anual de Fotoperiodismo,Cora Gamarnik,2018-07-12 14:57:38,Política y Economía,Ensayo,['Política y Economía'],1702
1544,105866,https://www.revistaanfibia.com/yo-me-creia-luis-miguel/,Yo me creía Luis Miguel,Fenómeno Luismi,Gabriela Wiener,2018-07-13 11:13:08,Culturas,Crónica,['Culturas'],1126
1545,105959,https://www.revistaanfibia.com/el-gobierno-elige-la-opinion-publica-o-su-minoria-intensa/,El gobierno elige: la opinión pública o su minoría intensa,Cambiemos frente al aborto legal,Ignacio Ramírez,2018-07-15 19:12:31,Políticas de géneros,Ensayo,['Políticas de géneros'],1816
1546,106032,https://www.revistaanfibia.com/silicolonizados/,Silicolonizados,Liberalismo digital,Éric Sadin,2018-07-17 11:08:56,Culturas,Ensayo,['Culturas'],2640
1547,106042,https://www.revistaanfibia.com/culpable-o-no/,Culpable o no,Luismimanía,Malvina Silba; Carolina Spataro,2018-07-17 12:59:39,Culturas,,['Culturas'],3088
1548,106127,https://www.revistaanfibia.com/asi-espiaron-a-familiares/,Así espiaron a los familiares,AMIA,Ariel Zak; Cecilia Devanna,2018-07-18 11:12:18,Política y Economía,Crónica,['Política y Economía'],2317
1549,106190,https://www.revistaanfibia.com/dinero-la-politica/,El dinero y la política,"Horacio Verbitsky, Vida de Perro",Diego Sztulwark,2018-07-19 09:52:00,Política y Economía,Ensayo,['Política y Economía'],3850
1550,106235,https://www.revistaanfibia.com/tasa-tasa-como-compro-mi-casa/,"Tasa, tasa, ¿cómo compro mi casa?",Créditos hipotecarios UVA,Genaro Grasso,2018-07-19 13:12:10,Política y Economía,Ensayo,['Política y Economía'],2686
1551,106282,https://www.revistaanfibia.com/la-mar-no-esta-serena/,La mar no está serena,#20AñosIDAES Educación sexual y aborto legal,Eleonor Faur,2018-07-20 10:55:37,Políticas de géneros,Ensayo,['Políticas de géneros'],1900
1552,106287,https://www.revistaanfibia.com/yo-soy-juan/,"""Yo soy Juan""",Identidad de género y TV,Blas Radi,2018-07-20 16:29:26,Culturas,Ensayo,['Culturas'],2165
1553,106418,https://www.revistaanfibia.com/pais-llamado-peronia/,Un país llamado Peronia,La Argentina indeseable,Ezequiel Adamovsky,2018-07-23 09:05:00,Culturas,,['Culturas'],1962
1554,106511,https://www.revistaanfibia.com/quien-merece-quien-no-la-politica-social/,¿Quién merece y quién no la política social?,El impacto del acuerdo con el FMI,Lucía Cirmi Obón,2018-07-24 11:50:14,Política y Economía,Ensayo,['Política y Economía'],2350
1555,106522,https://www.revistaanfibia.com/la-educacion-sentimental-en-tiempos-netflix/,La educación sentimental en tiempos de Netflix,Cultura digital,Lucas Bucci,2018-07-24 14:00:17,Tecnologías,Ensayo,['Tecnologías'],2107
1556,106580,https://www.revistaanfibia.com/equilibrista-corbata-verde/,El equilibrista de la corbata verde,Daniel Lipovetzky,Lula González,2018-07-25 11:38:04,Políticas de géneros,Crónica,['Políticas de géneros'],2048
1557,106712,https://www.revistaanfibia.com/deja-de-stalkear/,Dejá de stalkear,Cultura digital,Mora Matassi,2018-07-27 17:21:57,Tecnologías,Ensayo,['Tecnologías'],2378
1558,106655,https://www.revistaanfibia.com/wonder-gorda-2/,Wonder gorda,Cuerpos disidentes,Lux Moreno,2018-07-27 20:50:46,Amor y sexo,Crónica,['Amor y sexo'],1806
1559,106855,https://www.revistaanfibia.com/siete-minutos-santiago-maldonado/,Siete minutos,¿Cómo murió Santiago Maldonado?,Sebastián N. Ortega; María Florencia Alcaraz,2018-07-30 11:15:01,Política y Economía,,['Política y Economía'],3243
1560,107126,https://www.revistaanfibia.com/espiral-violencia-nica/,Espiral de violencia nica,Crisis en Nicaragua,Grupo de Estudios sobre Centroamérica (GECA),2018-07-30 15:28:32,Políticas de géneros,Ensayo,['Políticas de géneros'],2803
1561,106744,https://www.revistaanfibia.com/carta-a-los-varones-desorientados/,Carta a los varones desorientados,Masculinidad hegemónica,Diana Broggi; Mariel Martínez Cabrera,2018-07-30 15:40:56,Políticas de géneros,Ensayo,['Políticas de géneros'],2624
1562,106934,https://www.revistaanfibia.com/quienes-llevan-los-panuelos-celestes/,Quiénes llevan los pañuelos celestes,Aborto en el Senado,Luciana Rosende; Werner Pertot,2018-07-31 12:09:22,Políticas de géneros,Crónica,['Políticas de géneros'],4770
1563,124140,https://www.revistaanfibia.com/exposiciones-en-el-senado/,Exposiciones en el Senado,Discursos antiderechos,,2018-08-01 13:37:01,Política y Economía,,['Política y Economía'],40
1564,107053,https://www.revistaanfibia.com/soy-feminista-hago-politica/,"Soy feminista, hago política","#20AñosIDAES Militancia, autonomía y Ni Una Menos",Laura Masson,2018-08-01 14:30:44,Políticas de géneros,Ensayo,['Políticas de géneros'],2231
1565,107189,https://www.revistaanfibia.com/con-que-dinero-hacen-politica/,¿Con qué dinero hacen política los partidos?,#20añosIDAES Monetización de la democracia,Ariel Wilkis,2018-08-03 13:18:12,Política y Economía,,['Política y Economía'],1163
1566,107182,https://www.revistaanfibia.com/no-lugar-la-abstencion/,No hay lugar para la abstención,Aborto: carta a la senadora Lucila Crexell,Gabriela Luchetti,2018-08-03 14:24:13,Políticas de géneros,Ensayo,['Políticas de géneros'],625
1567,107329,https://www.revistaanfibia.com/lo-que-no-explican-los-cuadernos-gloria/,Lo que no explican los cuadernos Gloria,Dinero y política,Julio Burdman,2018-08-06 10:13:15,Política y Economía,Ensayo,['Política y Economía'],1793
1568,124095,https://www.revistaanfibia.com/la-revolucion-de-las-hijas/,La revolución de las hijas,La previa en Anfibia,,2018-08-06 10:55:47,Políticas de géneros,,['Políticas de géneros'],83
1569,107355,https://www.revistaanfibia.com/la-escuela-y-la-muerte/,La escuela y la muerte,"Educación, deterioro y discurso",Manuel Becerra,2018-08-06 13:52:05,Políticas de géneros,Ensayo,['Políticas de géneros'],1920
1570,107369,https://www.revistaanfibia.com/no-hay-mistica-al-votar-en-contra/,No hay mística al votar en contra,Aborto en el Senado,Noelia Barral Grigera,2018-08-06 16:41:16,Políticas de géneros,Crónica,['Políticas de géneros'],2612
1571,99187,https://www.revistaanfibia.com/periodismo-performatico-hacer-lo-real/,Periodismo performático: hacer lo real,"Cuerpo, sorpresa, relato",Julián Gorodischer,2018-08-07 10:00:00,Culturas,Ensayo,['Culturas'],2345
1572,107426,https://www.revistaanfibia.com/vasectomizate/,Vasectomizate,Anticonceptivos para varones,Surdelta,2018-08-07 11:25:37,Políticas de géneros,Crónica,['Políticas de géneros'],2051
1573,123747,https://www.revistaanfibia.com/anfibia-linea-peluda/,¿Por qué legalizar el aborto?,Cobertura de Línea Peluda,,2018-08-07 14:56:49,Políticas de géneros,,['Políticas de géneros'],126
1574,107506,https://www.revistaanfibia.com/misoprostol-industria-nacional/,Misoprostol industria nacional,Crónica: así se diseña la pastilla del aborto,Arlen Buchara,2018-08-08 11:04:37,Políticas de géneros,,['Políticas de géneros'],4369
1575,122400,https://www.revistaanfibia.com/que-dijeron-lxs-senadorxs/,¿Qué dijeron lxs senadorxs?,Cobertura de Silvio Kiko,,2018-08-09 00:50:56,Políticas de géneros,,['Políticas de géneros'],167
1576,107579,https://www.revistaanfibia.com/la-hoguera-de-la-ley2/,La hoguera de la ley,Aborto legal,Lula González; María Florencia Alcaraz,2018-08-09 12:02:38,Políticas de géneros,Crónica,['Políticas de géneros'],2827
1577,124119,https://www.revistaanfibia.com/vasectomizate-senado/,Vasectomizate,Intervención de Surdelta,,2018-08-09 12:18:58,Políticas de géneros,,['Políticas de géneros'],89
1578,107572,https://www.revistaanfibia.com/los-panuelos-no-se-guardan/,Los pañuelos no se guardan,8A: crónica de un final anunciado,Celeste Abrevaya; Marina Mariasch,2018-08-09 14:16:58,Políticas de géneros,Crónica,['Políticas de géneros'],2448
1579,107676,https://www.revistaanfibia.com/nos-tienen-miedo/,Nos tienen miedo,#20AñosIDAES El Senado y el aborto,Verónica Gago,2018-08-10 10:08:50,Políticas de géneros,Ensayo,['Políticas de géneros'],2502
1580,107882,https://www.revistaanfibia.com/la-nelly-minyersky-club-band/,La Nelly Minyersky club band,Bitácora del 8A,Claudia Piñeiro,2018-08-13 10:05:48,Políticas de géneros,Crónica,['Políticas de géneros'],2074
1581,107913,https://www.revistaanfibia.com/un-senador-como-vos-y-como-yo/,Un senador como vos y como yo,"Legisladores, aborto y votos",Gabriel Levita,2018-08-13 14:42:02,Políticas de géneros,Ensayo,['Políticas de géneros'],2656
1582,107944,https://www.revistaanfibia.com/la-biblia-del-aborto/,La biblia del aborto,Laura Klein,María Moreno,2018-08-14 11:03:21,Políticas de géneros,Ensayo,['Políticas de géneros'],1808
1583,107973,https://www.revistaanfibia.com/la-argentina-en-su-laberinto/,La Argentina en su laberinto,FMI e integración financiera,Nicolás Hernán Zeolla,2018-08-15 10:12:00,Política y Economía,Ensayo,['Política y Economía'],3323
1584,107997,https://www.revistaanfibia.com/pornografia-de-violencia/,Pornografía de la violencia,El Marginal,Eugenia Cozzi,2018-08-15 15:55:51,Culturas,Ensayo,['Culturas'],2260
1585,107198,https://www.revistaanfibia.com/escuela-ante-el-reclamo-de-las-pibas/,¿Qué hace la escuela ante el reclamo de las pibas?,"#NiUnaMenos, secundaria, abusos y escraches",Mara Brawer; Marina Lerner,2018-08-16 10:49:24,Educación,Ensayo,['Educación'],1683
1586,108108,https://www.revistaanfibia.com/aborto-es-lengua-popular/,Aborto es lengua popular,Después del 8A,Luciana Sánchez,2018-08-17 12:12:27,Políticas de géneros,,['Políticas de géneros'],2274
1587,108118,https://www.revistaanfibia.com/tan-verosimil-y-tan-dificil-de-creer/,Tan verosímil y tan difícil de creer,Cuadernos y arrepentidos,Fernando Rosso,2018-08-17 13:30:15,Política y Economía,Ensayo,['Política y Economía'],2945
1588,108313,https://www.revistaanfibia.com/una-justificacion-del-arrepentido/,Una justificación del “arrepentido”,Criminalidad y poder,Roberto Gargarella,2018-08-21 11:00:17,Política y Economía,Ensayo,['Política y Economía'],4645
1589,108453,https://www.revistaanfibia.com/de-que-te-arrepentis/,¿De qué te arrepentís?,La causa de los cuadernos,Agustín Carrara,2018-08-23 09:23:11,Política y Economía,Ensayo,['Política y Economía'],1879
1590,108463,https://www.revistaanfibia.com/el-tea-party-argentino/,El Tea Party argentino,Odio y goce,Micaela Cuesta; Ezequiel Ipar,2018-08-23 15:46:50,Política y Economía,,['Política y Economía'],1739
1591,108475,https://www.revistaanfibia.com/la-innovacion-reducida-a-la-franquicia/,La innovación reducida a la franquicia,El ajuste en universidades y centros de investigación,Eduardo Chávez Molina; Martín Unzué,2018-08-24 09:58:02,Educación,Ensayo,['Educación'],1463
1592,108655,https://www.revistaanfibia.com/matar-con-onda/,Matar con onda,Fortnite,Axel Marazzi,2018-08-27 11:59:31,Culturas,Crónica,['Culturas'],2171
1593,108702,https://www.revistaanfibia.com/belleza-y-vandalismo/,Belleza y vandalismo,Asesinato de un graffitero,Surdelta,2018-08-28 09:28:47,Culturas,Crónica,['Culturas'],1547
1594,108719,https://www.revistaanfibia.com/cuadernos-ejercitos-guerrilleros/,"Cuadernos, ejércitos y guerrilleros",La pelea por la primicia,Sebastián Lacunza,2018-08-28 14:23:14,Política y Economía,Crónica,['Política y Economía'],4147
1595,108760,https://www.revistaanfibia.com/futuro-reyes-aliens-hip-hop/,"Un futuro de reinas, aliens y música",La cultura negra: entre la herencia y la potencia,CineMigrante; Caja negra,2018-08-29 10:23:51,Culturas,Ensayo,['Culturas'],1560
1596,108868,https://www.revistaanfibia.com/sin-pais-no-hay-universidad/,Sin país no hay universidad,Marcha por la educación pública,Alejandro Grimson,2018-08-31 12:49:26,Educación,Ensayo,['Educación'],1297
1597,108888,https://www.revistaanfibia.com/vocacion-autonomia-deseo/,"Vocación, autonomía y deseo",La universidad pública,Sol Prieto,2018-08-31 18:10:37,Educación,Ensayo,['Educación'],2201
1598,108955,https://www.revistaanfibia.com/cuanto-vale-pasar-dia-una-facultad2/,¿Cuánto vale pasar un día en una facultad?,Defensa de la universidad pública,Ezequiel Adamovsky,2018-09-02 14:21:51,Educación,Ensayo,['Educación'],1965
1599,109016,https://www.revistaanfibia.com/el-cementerio-de-los-economistas/,El cementerio de los economistas,#20añosIDAES Lecturas de la crisis,Mariana Heredia,2018-09-03 14:56:57,Política y Economía,,['Política y Economía'],2772
1600,109025,https://www.revistaanfibia.com/presidente-esta-triste/,El presidente está triste,Lecturas de la crisis,Gabriela Cabezón Cámara,2018-09-03 15:55:41,Política y Economía,Ensayo,['Política y Economía'],853
1601,109100,https://www.revistaanfibia.com/queremos-saber-de-verdad-lo-que-puede-pasar/,¿Queremos saber de verdad lo que puede pasar?,Lecturas de la crisis,Pablo Semán,2018-09-04 14:33:49,Política y Economía,Ensayo,['Política y Economía'],814
1602,109146,https://www.revistaanfibia.com/un-brunch-en-el-galpon/,Un brunch en el galpón,Arte y ciudades,Margarita Martínez,2018-09-05 12:01:51,Culturas,Ensayo,['Culturas'],2161
1603,109183,https://www.revistaanfibia.com/libertad-igualdad-y-2001/,"Libertad, igualdad y 2001",Lecturas de la crisis,Sol Montero,2018-09-06 09:03:15,Culturas,Ensayo,['Culturas'],1984
1604,109219,https://www.revistaanfibia.com/lola-arias-la-guerra-guerrilas/,Lola Arias y la guerra de guerrillas,El arte de contar Malvinas,Félix Bruzzone,2018-09-07 10:24:18,Culturas,Ensayo,['Culturas'],2182
1605,109234,https://www.revistaanfibia.com/diez-dias-que-conmovieron-a-macri/,Diez días que conmovieron a Macri,Lecturas de la crisis,Fernando Rosso,2018-09-07 12:33:19,Política y Economía,Ensayo,['Política y Economía'],1172
1606,109344,https://www.revistaanfibia.com/en-clarin-se-angosto-la-posibilidad-pensar-distinto/,“En Clarín se angostó como nunca la posibilidad de pensar distinto”,"Julio Blanck, el periodismo y la política",Sebastián Lacunza,2018-09-10 11:26:41,Culturas,,['Culturas'],5535
1607,109430,https://www.revistaanfibia.com/la-osa-poderosa-eloisa-cartonera/,La Osa Poderosa de Eloísa Cartonera,La editorial cumple 15 años,Mónica Yemayel,2018-09-12 10:44:54,Culturas,Crónica,['Culturas'],7218
1608,109475,https://www.revistaanfibia.com/la-paradoja-intelectual-comunista/,La paradoja del intelectual comunista,Pensamiento crítico y lealtad,Adriana Petra,2018-09-13 10:03:33,Culturas,,['Culturas'],3689
1609,109446,https://www.revistaanfibia.com/esqueleto-la-historia/,El esqueleto de la historia,El incendio del Museo Nacional de Brasil,Aparecida Vilaça,2018-09-13 14:34:23,Culturas,Crónica,['Culturas'],1169
1610,109567,https://www.revistaanfibia.com/la-culpa-no-es-del-jurado/,La culpa no es del jurado,"El carnicero ""justiciero""",Mario Juliano; Nicolás Vargas,2018-09-14 16:49:47,Política y Economía,Ensayo,['Política y Economía'],1802
1611,109700,https://www.revistaanfibia.com/tenes-que-estar-despojado-para-ser-considerado-pobre/,"""Tenés que estar despojado de todo para ser considerado pobre""",Conversación con Mayra Arena,Pablo Semán; Cecilia Ferraudi Curto,2018-09-17 10:59:57,Política y Economía,,['Política y Economía'],7866
1612,109715,https://www.revistaanfibia.com/perdon-baby-mundo-ya-no-te-pertenece/,"Perdón Baby, pero el mundo ya no te pertenece",Etchecopar y su discurso de odio,Flor Monfort,2018-09-17 12:58:09,Políticas de géneros,Ensayo,['Políticas de géneros'],1318
1613,109770,https://www.revistaanfibia.com/cuando-se-jodio-el-progresismo/,¿Cuándo se jodió el progresismo?,Corrupción y una nueva ética pública,Pablo Stefanoni,2018-09-18 11:04:36,Culturas,Ensayo,['Culturas'],1831
1614,109799,https://www.revistaanfibia.com/adios-padre-del-cordobesismo/,Adiós al padre del Cordobesismo,La muerte de José Manuel de la Sota,Dante Leguizamón,2018-09-18 17:47:49,Culturas,Ensayo,['Culturas'],2205
1615,109850,https://www.revistaanfibia.com/la-eternidad-no-dura-demasiado/,La eternidad no dura demasiado,"Pueblos originarios, identidad andina",Ezequiel Gatto; CineMigrante,2018-09-19 15:05:51,Culturas,Ensayo,['Culturas'],1479
1616,109880,https://www.revistaanfibia.com/me-llego-una-carne-primera/,Me llegó una carne de primera,El asado argentino,Pablo Torres,2018-09-20 10:48:23,Culturas,Crónica,['Culturas'],2004
1617,109921,https://www.revistaanfibia.com/re-editar-la-historia-oficial/,Re-editar la historia oficial,Brasil según Adirley Queirós,CineMigrante; Cristina Voto,2018-09-20 13:21:47,Culturas,,['Culturas'],1247
1618,109767,https://www.revistaanfibia.com/la-pueblada-feminista/,La pueblada feminista,De movimiento social a resistencia política,Graciela Di Marco,2018-09-21 10:27:21,Políticas de géneros,Ensayo,['Políticas de géneros'],2011
1619,109979,https://www.revistaanfibia.com/el-diego-de-sinaloa/,El Diego de Sinaloa,Carta de un culichi a Maradona,Silber Meza,2018-09-21 13:15:48,Culturas,Crónica,['Culturas'],842
1620,110097,https://www.revistaanfibia.com/panuelo-diga-poliamor/,Un pañuelo que diga poliamor,Afectos disidentes,María Mansilla,2018-09-24 10:24:58,Amor y sexo,,['Amor y sexo'],2161
1621,110103,https://www.revistaanfibia.com/la-larga-marcha-de-un-lonko-para-volver-a-su-tierra/,La larga marcha de un lonko para volver a su tierra,Bordar el genocidio,Sebastián Hacher,2018-09-24 11:37:05,Culturas,Crónica,['Culturas'],2107
1622,110198,https://www.revistaanfibia.com/respuestas-confrontar-los-antiderechos/,Respuestas para confrontar a los antiderechos,En defensa de la ESI,Leandro Cahn,2018-09-26 09:28:08,Educación,Ensayo,['Educación'],2097
1623,110279,https://www.revistaanfibia.com/a-lo-lejos-se-escucha-venir/,A lo lejos se escucha venir,Las otras CGT,Jorge Duarte,2018-09-26 22:25:45,Política y Economía,,['Política y Economía'],2072
1624,110330,https://www.revistaanfibia.com/el-arquitecto/,El arquitecto,"Macri, Ayn Rand y el Newman",Gabriela Cerruti,2018-09-27 17:15:08,Política y Economía,Crónica,['Política y Economía'],3569
1625,110486,https://www.revistaanfibia.com/del-football-al-fulbito/,Del football al fulbito,Latinoamérica y el deporte máximo,Pablo Alabarces,2018-10-01 12:49:33,Culturas,Ensayo,['Culturas'],2452
1626,110526,https://www.revistaanfibia.com/quien-le-teme-a-agustin-laje-2/,¿Quién le teme a Agustín Laje?,La derecha sub30,Juan Elman,2018-10-02 08:29:44,Política y Economía,,['Política y Economía'],5651
1627,110614,https://www.revistaanfibia.com/rapea-con-cazzu/,Rapeá con Cazzu,El fenómeno Trap,Mariano Del Águila,2018-10-03 12:14:34,Culturas,Crónica,['Culturas'],2354
1628,110635,https://www.revistaanfibia.com/no-dormiras-tranquilo-en-villa-crespo/,No dormirás tranquilo en Villa Crespo,Buenos Aires Arena o el extractivismo urbano,Mónica Yemayel,2018-10-03 14:39:03,Política y Economía,Crónica,['Política y Economía'],11160
1629,110681,https://www.revistaanfibia.com/la-escuela-del-pasado-no-fue-brillante-ni-gloriosa/,La escuela del pasado no fue brillante ni gloriosa,Denuncias y nostalgia,Manuel Becerra,2018-10-04 09:31:19,Políticas de géneros,Ensayo,['Políticas de géneros'],2021
1630,110693,https://www.revistaanfibia.com/matar-principe-azul/,Matar al príncipe azul,Justicia para Soledad,Julieta Greco,2018-10-04 12:40:25,Políticas de géneros,Ensayo,['Políticas de géneros'],2129
1631,110658,https://www.revistaanfibia.com/samba-do-paravalancha/,Samba do paravalancha,Historia incompleta de las canciones de cancha,Manuel Soriano,2018-10-05 09:15:45,Culturas,,['Culturas'],4456
1632,110747,https://www.revistaanfibia.com/profesor-puede-frenar-bolsonaro/,El profesor que puede frenar a Bolsonaro,Fernando Haddad,Ayelén Oliva,2018-10-05 12:16:23,Política y Economía,,['Política y Economía'],1557
1633,110846,https://www.revistaanfibia.com/con-b-de-bolsonaro-bala-biblia-buey2/,"Con B de Bolsonaro: bala, biblia, buey",La ultraderecha en Brasil,Micaela Cuesta,2018-10-08 10:26:46,Políticas de géneros,,['Políticas de géneros'],2276
1634,110939,https://www.revistaanfibia.com/capitalismo-traccion-sangre/,Capitalismo con tracción a sangre,Fenómeno Rappi,Emiliano Gullo,2018-10-09 17:25:39,Tecnologías,,['Tecnologías'],4030
1635,111244,https://www.revistaanfibia.com/por-que-bolsonaro/,Por qué Bolsonaro,Elecciones en Brasil,Julio Burdman,2018-10-11 15:09:36,Política y Economía,,['Política y Economía'],1669
1636,111071,https://www.revistaanfibia.com/tenes-que-ser-delegada/,Tenés que ser delegada,Mujeres sindicalistas,Tali Goldman,2018-10-12 09:52:47,Políticas de géneros,,['Políticas de géneros'],2624
1637,111253,https://www.revistaanfibia.com/poder-real-del-voto-confesional/,El poder real del voto confesional,¿A quiénes votan los evangélicos?,Pablo Semán; Marcos Carbonelli,2018-10-12 13:05:25,Culturas,,['Culturas'],3377
1638,111376,https://www.revistaanfibia.com/los-luchan-los-lloran/,Los que luchan y los que lloran,Montoneros y Palestina: de la Revolución a la dictadura,Pablo Robledo,2018-10-12 16:17:21,Política y Economía,Crónica,['Política y Economía'],3928
1639,111633,https://www.revistaanfibia.com/donde-quedo-hombre-amable-brasileno/,¿Dónde quedó el hombre amable brasileño?,La ultraderecha de Bolsonaro,Eber Pires Marzulo,2018-10-16 16:24:11,Política y Economía,,['Política y Economía'],2618
1640,111776,https://www.revistaanfibia.com/colectivizar-el-cuerpo-feminista/,Colectivizar el cuerpo feminista,De lo personal a lo político,Julieta Greco; Leila Mesyngier,2018-10-18 17:24:44,Políticas de géneros,,['Políticas de géneros'],2319
1641,111828,https://www.revistaanfibia.com/la-correccion-politica/,¿Qué era la corrección política?,La derecha en la vida cotidiana,Nicolás Viotti,2018-10-19 11:37:27,Política y Economía,,['Política y Economía'],2920
1642,112109,https://www.revistaanfibia.com/desafiar-las-fronteras/,Desafiar las fronteras,#20AñosIDAES Mujeres migrantes,Natalia Gavazzo; Lucila Nejamkis; Menara Lube Guizardi,2018-10-24 10:28:28,Política y Economía,,['Política y Economía'],2936
1643,112283,https://www.revistaanfibia.com/queda-lugar-optimismo/,¿Queda lugar para el optimismo?,Bolsonaro presidente,Ximena Simpson,2018-10-29 12:32:33,Política y Economía,,['Política y Economía'],2049
1644,112322,https://www.revistaanfibia.com/el-dia-que-la-derecha-comenzo-a-ganar-en-brasil/,El día que la derecha comenzó a ganar en Brasil,Las marchas de 2013,Mariana Gainza,2018-10-30 09:39:47,Política y Economía,,['Política y Economía'],1677
1645,112355,https://www.revistaanfibia.com/roberto-jacoby-el-anticipador/,"Roberto Jacoby, el anticipador",Pensamiento Contemporáneo en Rosario,Julián Gorodischer,2018-10-30 14:27:44,Culturas,Crónica,['Culturas'],2129
1646,112345,https://www.revistaanfibia.com/la-chatarra-de-la-comida-chatarra/,La chatarra de la comida chatarra,Las trampas del supermercado,Soledad Barruti,2018-10-31 10:27:40,Salud,,['Salud'],4246
1647,112543,https://www.revistaanfibia.com/nerd-libre-feminista/,"Nerd, libre y feminista",Comunidad Futurock,Micaela Ortelli,2018-11-02 13:00:01,Políticas de géneros,,['Políticas de géneros'],2838
1648,112689,https://www.revistaanfibia.com/no-se-como-sere-en-el-futuro/,No sé cómo seré en el futuro,Adolescencia trans,Miriam Maidana,2018-11-05 10:43:35,Políticas de géneros,,['Políticas de géneros'],3884
1649,112757,https://www.revistaanfibia.com/un-ano-venezolano-parecen-tres-de-otro-pais/,Un año venezolano parecen tres de otro país,Socialismo y precio del arroz,Marco Teruggi,2018-11-06 11:04:47,Política y Economía,,['Política y Economía'],3315
1650,112839,https://www.revistaanfibia.com/pobreza-cero-unir-a-los-argentinos-vuelven-los-visitantes-2/,"Pobreza cero, unir a los argentinos, vuelven los visitantes","Superclásico, hinchas y espectadores",Alejandro Wall,2018-11-07 14:18:25,Política y Economía,,['Política y Economía'],2657
1651,112860,https://www.revistaanfibia.com/el-17-de-octubre-de-las-putas/,El 17 de octubre de las putas,Feminismos y trabajo sexual,Georgina Orellano,2018-11-08 10:23:45,Políticas de géneros,,['Políticas de géneros'],1228
1652,112941,https://www.revistaanfibia.com/la-memoria-viva-del-cine-argentino/,La memoria viva del cine argentino,José Martínez Suárez,Ulises Rodríguez,2018-11-09 07:37:09,Culturas,,['Culturas'],4517
1653,112913,https://www.revistaanfibia.com/hasta-que-sea-ley-2/,Hasta que sea ley,"Aborto legal, seguro y gratuito",María Florencia Alcaraz,2018-11-09 11:03:45,Políticas de géneros,,['Políticas de géneros'],3130
1654,112719,https://www.revistaanfibia.com/trump-los-medios-debate/,Trump y los medios: el debate,Elecciones en Estados Unidos,Marcelo Leiras; Pablo Boczkowski; Eugenia Mitchelstein,2018-11-12 09:39:08,Política y Economía,,['Política y Economía'],10503
1655,113063,https://www.revistaanfibia.com/marxismo-y-melancolia/,Marxismo y melancolía,Enzo Traverso y una relectura del socialismo,Enzo Traverso,2018-11-12 12:13:46,Culturas,,['Culturas'],1538
1656,113107,https://www.revistaanfibia.com/gestionamos-no-hacemos-politica/,"Gestionamos, no hacemos política",Gobernar Buenos Aires,Matías Landau,2018-11-13 10:22:46,Política y Economía,,['Política y Economía'],2473
1657,113133,https://www.revistaanfibia.com/mundo-sin-sexo-legal/,Un mundo sin sexo legal,Caro Gero y su nuevo DNI,Blas Radi,2018-11-14 09:51:29,Amor y sexo,,['Amor y sexo'],1313
1658,113174,https://www.revistaanfibia.com/tu-ruta-es-mi-ruta/,Tu ruta es mi ruta,"Trump, Macri y América Latina",Leandro Morgenfeld,2018-11-14 13:29:57,Otras,,['Otras'],3448
1659,113235,https://www.revistaanfibia.com/juego-que-las-hace-felices/,Ese juego que las hace felices,Fútbol femenino,Nemesia Hijós; Julia Hang,2018-11-15 12:04:14,Culturas,Ensayo,['Culturas'],2667
1660,113246,https://www.revistaanfibia.com/no-nos-dejen-afuera/,No nos dejen afuera,Hombres gays y la Marcha del Orgullo,Christian Rodríguez,2018-11-15 16:47:14,Políticas de géneros,,['Políticas de géneros'],2601
1661,113280,https://www.revistaanfibia.com/lara-croft-ring-karadagian/,Lara Croft en el ring de Karadagián,Titánides en el ring,Silvana Moreno,2018-11-16 10:10:48,Culturas,,['Culturas'],2121
1662,113441,https://www.revistaanfibia.com/el-ajuste-es-machista/,El ajuste es machista,Crisis económica,Juan Pablo Bohoslavsky,2018-11-20 10:45:59,Políticas de géneros,,['Políticas de géneros'],2913
1663,113460,https://www.revistaanfibia.com/toda-desigualdad-politica2/,Toda desigualdad es política,Democracias capturadas,Mariana Iglesias,2018-11-20 20:35:46,Otras,,['Otras'],2822
1664,113490,https://www.revistaanfibia.com/vivir-y-morir-con-el-espiritu-de-buque/,"Vivir y morir con el ""espíritu de buque""",Los submarinistas del ARA San Juan,Hernando Flórez,2018-11-21 12:29:56,Política y Economía,,['Política y Economía'],1963
1665,113502,https://www.revistaanfibia.com/ira-a-la-accion-colectiva2/,De la ira a la acción colectiva,Winnie Byanyima,Tamara Tenenbaum,2018-11-22 09:07:40,Política y Economía,Crónica,['Política y Economía'],2053
1666,113526,https://www.revistaanfibia.com/todo-lo-que-quiere-saber-de-los-evangelicos-le-contaron-mal/,Todo lo que usted quiere saber sobre los evangélicos y le contaron mal,#20AñosIDAES Religión y política,Nicolás Viotti; Pablo Semán,2018-11-22 09:21:57,Culturas,,['Culturas'],4109
1667,113543,https://www.revistaanfibia.com/demostrar-eficacia-viejas-ideas-marx/,"""Debemos demostrar la eficacia de las viejas ideas de Marx""",Marx 200 años,Horacio Tarcus,2018-11-22 11:11:03,Culturas,,['Culturas'],2673
1668,113556,https://www.revistaanfibia.com/anfibia-en-whatsapp/,Anfibia está en línea,Sumate a nuestro WhatsApp,,2018-11-22 12:56:28,Otras,,['Otras'],114
1669,113615,https://www.revistaanfibia.com/mil-varones-piensan-la-deconstruccion/,Mil varones piensan la deconstrucción,Nuevas masculinidades,Lucas Grimson,2018-11-23 14:23:49,Políticas de géneros,Crónica,['Políticas de géneros'],1819
1670,113707,https://www.revistaanfibia.com/la-violencia-es-un-mandato-2/,La violencia es un mandato,"River, Boca y la cultura de la pedrada",Pablo Alabarces,2018-11-25 10:09:18,Culturas,,['Culturas'],2305
1671,113613,https://www.revistaanfibia.com/la-mala-victima-version-1955/,La mala víctima versión 1955,Laboratorio de Periodismo Performático,Marina Mariasch,2018-11-26 10:51:32,Políticas de géneros,,['Políticas de géneros'],1766
1672,113914,https://www.revistaanfibia.com/la-coolture/,La coolture,Cultura en formato cool & pop,Omar Rincón,2018-11-26 16:23:41,Culturas,,['Culturas'],2126
1673,113979,https://www.revistaanfibia.com/una-tribu-de-salvajes-sin-futuro/,Una tribu de salvajes sin futuro,"River-Boca y el ""país de mierda""",Ezequiel Adamovsky,2018-11-27 10:55:19,Culturas,,['Culturas'],1772
1674,113880,https://www.revistaanfibia.com/neoliberalismo-version-empeorada/,Neoliberalismo versión empeorada,El aparente clivaje europeo,Pierre Dardot; Christian Laval,2018-11-27 12:24:34,Políticas de géneros,,['Políticas de géneros'],2410
1675,114118,https://www.revistaanfibia.com/la-internacional-republicana/,La internacional republicana,#20AñosIDAES G20 y Argentina,Martín Plot,2018-11-28 17:55:22,Política y Economía,,['Política y Economía'],1567
1676,114208,https://www.revistaanfibia.com/imposible-violar-a-una-mujer-tan-viociosa/,Imposible violar a una mujer tan viciosa,Lucía Pérez y la Justicia patriarcal,Ileana Arduino; Leticia Lorenzo,2018-11-29 19:34:15,Políticas de géneros,,['Políticas de géneros'],4009
1677,114260,https://www.revistaanfibia.com/se-va-g20-quedan-las-balas/,"Se va el G20, quedan las balas",Marchar con la ciudad blindada,María Florencia Alcaraz,2018-12-01 14:16:36,Política y Economía,Crónica,['Política y Economía'],2172
1678,114303,https://www.revistaanfibia.com/de-washington-a-pekin/,De Washington a Pekín,Del G20 al G2,Leandro Morgenfeld,2018-12-02 15:35:46,Política y Economía,,['Política y Economía'],1924
1679,114183,https://www.revistaanfibia.com/tema-capital-le-falto-capital/,El tema capital que le faltó a El Capital,Críticas feministas al marxismo,Silvia Federici,2018-12-03 10:00:50,Políticas de géneros,,['Políticas de géneros'],2325
1680,114407,https://www.revistaanfibia.com/que-debe-hacer-la-escuela-con-anti-esi/,¿Qué debe hacer la escuela con las familias anti ESI?,Educación Sexual Integral en las aulas,Manuel Becerra,2018-12-04 12:41:12,Educación,,['Educación'],2396
1681,114461,https://www.revistaanfibia.com/la-corte-suprema-dividida-tres/,La Corte Suprema dividida en tres,Genocidas sin 2x1 y el futuro de los supremos,Roberto Saba,2018-12-05 13:44:45,Política y Economía,,['Política y Economía'],4117
1682,114501,https://www.revistaanfibia.com/diez-anos-sin-berretines-cusam/,Diez años sin berretines,#IDAES20Años CUSAM,Marcos Perearnau; Luciana Strauss; Carolina Di Próspero; María Laura Nieto,2018-12-06 10:43:03,Política y Economía,Crónica,['Política y Economía'],2292
1683,114543,https://www.revistaanfibia.com/te-jubilarias-los-30/,¿Te jubilarías a los 30?,Cultura Silicon Valley,Axel Marazzi,2018-12-07 13:04:16,Tecnologías,,['Tecnologías'],2151
1684,114652,https://www.revistaanfibia.com/a-donde-van-los-chalecos-amarillos/,¿A dónde van los chalecos amarillos?,Rebelión en Francia,Pablo Stefanoni; Marc Saint-Upéry,2018-12-10 13:10:07,Política y Economía,,['Política y Economía'],2663
1685,114708,https://www.revistaanfibia.com/grabois-el-renovador/,"Grabois, el renovador",#20AñosIDAES Kirchnerismo 2019,Esteban De Gori,2018-12-11 12:14:33,Política y Economía,Crónica,['Política y Economía'],1225
1686,114844,https://www.revistaanfibia.com/corten/,¡CORTEN!,#MiráCómoNosPonemos,Karina Mauro,2018-12-13 12:57:45,Políticas de géneros,,['Políticas de géneros'],1888
1687,114907,https://www.revistaanfibia.com/heridos-sin-habernos-tocado-poliamor/,Heridos sin habernos tocado,Poliamor,Margarita García Robayo,2018-12-14 11:07:42,Amor y sexo,,['Amor y sexo'],1788
1688,114872,https://www.revistaanfibia.com/los-duenos-de-la-democracia-2/,Los nuevos dueños de la democracia,Informe Oxfam/CLACSO,,2018-12-17 10:19:18,Política y Economía,,['Política y Economía'],1848
1689,115134,https://www.revistaanfibia.com/peligros-y-placeres-del-consumo-ironicos/,Peligros y placeres del consumo irónico,Todo es Fake,Eugenia Mitchelstein,2018-12-19 11:14:24,Culturas,,['Culturas'],1056
1690,115190,https://www.revistaanfibia.com/un-bondi-al-gueto-nordelta/,Un bondi al gueto Nordelta,Discriminación y espacio público,Delfina Torres Cabreros,2018-12-20 09:44:01,Política y Economía,,['Política y Economía'],3253
1691,115242,https://www.revistaanfibia.com/el-malestar-de-la-politica/,El malestar de la política,"Mitos, categorías y ciencias sociales",Marina Cardelli; Nahuel Sosa,2018-12-21 10:32:05,Políticas de géneros,,['Políticas de géneros'],3943
1692,115201,https://www.revistaanfibia.com/amor-en-360-grados2/,Amor en 360 grados,Poliamor,María Angulo Egea,2018-12-21 15:19:09,Amor y sexo,,['Amor y sexo'],2357
1693,115363,https://www.revistaanfibia.com/contra-la-astrologia/,Contra la astrología,Pseudociencia y zodíaco,Alberto Rojo,2018-12-26 11:43:56,Culturas,,['Culturas'],2437
1694,115384,https://www.revistaanfibia.com/las-izquierdas-y-el-camino-del-populismo/,Las izquierdas y el camino del populismo,El pensamiento de Enzo Traverso,Carolina Keve,2018-12-26 19:17:49,Culturas,,['Culturas'],1971
1695,115446,https://www.revistaanfibia.com/la-era-de-las-sensibilidades-autoritarias/,La era de las sensibilidades autoritarias,Verano conservador,Gabriel Kessler; Gabriel Vommaro,2018-12-28 00:30:55,Política y Economía,,['Política y Economía'],4035
1696,115611,https://www.revistaanfibia.com/cual-es-la-clave/,¿Cuál es la clave?,SNetwork: la Internet alternativa de La Habana,Darío Alejandro Escobar; María Lucía Expósito; Dariel Pradas,2019-01-02 11:09:59,Política y Economía,,['Política y Economía'],3787
1697,115675,https://www.revistaanfibia.com/la-inmensa-minoria/,La inmensa minoría,Elecciones 2019 y paridad de género,Michelle Volpin,2019-01-03 12:10:39,Políticas de géneros,,['Políticas de géneros'],2096
1698,115720,https://www.revistaanfibia.com/los-influencers-bolsonaro/,Los influencers de Bolsonaro,Campañas digitales,Adriana Amado,2019-01-04 10:31:57,Tecnologías,,['Tecnologías'],3023
1699,115838,https://www.revistaanfibia.com/la-tentacion-de-la-macrisis/,La tentación de la Macrisis,Cambiemos y el fin del primer mandato,Nicolás Tereschuk; Abelardo Vitale; Mariano Fraschini,2019-01-07 11:37:46,Política y Economía,,['Política y Economía'],2811
1700,115886,https://www.revistaanfibia.com/la-marca-de-la-equis/,La marca de la equis,Género fluido y nuevas identidades,SaSa Testa,2019-01-08 11:12:52,Políticas de géneros,,['Políticas de géneros'],2920
1701,115925,https://www.revistaanfibia.com/como-pega-el-peyote/,¿Cómo pega el peyote?,Búsqueda espiritual en el desierto mexicano,Esteban Feune de Colombi,2019-01-09 11:02:08,Culturas,,['Culturas'],4021
1702,115996,https://www.revistaanfibia.com/favor-la-astrologia/,A favor de la astrología,Espiritualidad y saberes no medibles,Agostina Chiodi,2019-01-10 11:17:01,Culturas,,['Culturas'],1926
1703,116046,https://www.revistaanfibia.com/porteno-tercer-mundo2/,Un porteño en el otro Tercer Mundo,¿Qué vidas cambia un voluntariado en África?,Esteban Torre,2019-01-11 11:47:15,Culturas,,['Culturas'],2892
1704,116158,https://www.revistaanfibia.com/borges-y-los-libros-del-sotano/,Borges y los libros del sótano,Búsqueda en la Biblioteca Nacional,Mónica Yemayel,2019-01-14 11:22:20,Culturas,,['Culturas'],6225
1705,116210,https://www.revistaanfibia.com/es-facil-culpar-al-raton/,Es fácil culpar al ratón,Brote de Hantavirus en la Patagonia,Damián Verzeñassi,2019-01-15 12:10:02,Salud,Ensayo,['Salud'],1594
1706,116319,https://www.revistaanfibia.com/circulo-sin-molestar/,Cada cual en su círculo sin molestar,Bolsonaro-Macri: el neoliberalismo autoritario,Ezequiel Adamovsky,2019-01-16 16:01:02,Política y Economía,,['Política y Economía'],2733
1707,116360,https://www.revistaanfibia.com/rapsodia-bohemia-tropical/,Rapsodia bohemia tropical,Nicola Cruz: electrónica orgánica,Micaela Ortelli,2019-01-18 11:19:58,Culturas,,['Culturas'],2478
1708,116583,https://www.revistaanfibia.com/femicidios-de-estado/,Femicidios de Estado,Muertas o forzadas a maternar,María Florencia Alcaraz,2019-01-21 14:40:22,Políticas de géneros,,['Políticas de géneros'],2575
1709,116634,https://www.revistaanfibia.com/podra-amlo-apagar-tanto-fuego/,¿Podrá AMLO apagar tanto fuego?,Explosión en México,María Fernanda Ruiz; José Ignacio De Alba; Daniela Pastrana,2019-01-22 12:23:21,Política y Economía,,['Política y Economía'],1898
1710,116748,https://www.revistaanfibia.com/venezuela-esa-herida-absurda/,"Venezuela, esa herida absurda",¿Qué tipo de régimen es el venezolano?,José Natanson,2019-01-24 16:55:27,Política y Economía,,['Política y Economía'],1870
1711,116776,https://www.revistaanfibia.com/mujeres-adentro-afuera-la-caja-cristal/,Mujeres: adentro y afuera de la caja de cristal,La performance y lo real,Tamara Tenenbaum,2019-01-25 15:45:56,Políticas de géneros,,['Políticas de géneros'],972
1712,116856,https://www.revistaanfibia.com/venezuela-y-las-brujulas-ideologicas/,Venezuela y las brújulas ideológicas,Crítica y rescate del giro a la izquierda,Marcelo Leiras,2019-01-28 10:33:49,Política y Economía,,['Política y Economía'],3169
1713,116920,https://www.revistaanfibia.com/argumentos-progres-fallos-neoliberales/,"Argumentos progres, fallos neoliberales",El uso privado de la Justicia,Federico Delgado,2019-01-29 14:05:30,Políticas de géneros,Ensayo,['Políticas de géneros'],2439
1714,116949,https://www.revistaanfibia.com/violencia-termica/,Violencia térmica,Un día en el infierno,Julia Narcy,2019-01-30 12:34:32,Ambiente,,['Ambiente'],2257
1715,116991,https://www.revistaanfibia.com/es-hora-hablar-pitos/,Es hora de hablar de pitos,La circuncisión a los cuarenta,Emiliano Gullo,2019-01-31 12:45:58,Amor y sexo,Crónica,['Amor y sexo'],2544
1716,117021,https://www.revistaanfibia.com/teatro-la-posverdad/,El teatro de la posverdad,FIBA 2019,María Natacha Koss,2019-02-01 09:58:37,Culturas,,['Culturas'],2358
1717,117166,https://www.revistaanfibia.com/porno-y-amor/,Porno y amor,Crónicas de viaje,Javier Sinay,2019-02-04 10:19:05,Amor y sexo,,['Amor y sexo'],6795
1718,117210,https://www.revistaanfibia.com/guaido-y-los-caimanes/,Guaidó y los caimanes,El mapa de la oposición venezolana,Marco Teruggi,2019-02-05 10:50:23,Política y Economía,,['Política y Economía'],2641
1719,117218,https://www.revistaanfibia.com/aqui-no-se-hace-mas-el-amor-wiener/,Aquí no se hace más el amor,Poliamor,Gabriela Wiener,2019-02-06 10:17:02,Amor y sexo,,['Amor y sexo'],2080
1720,117323,https://www.revistaanfibia.com/la-nueva-diva-millennial/,La nueva diva es millennial,El fenómeno Rosalía,Naimid Cirelli,2019-02-07 12:04:00,Culturas,,['Culturas'],2674
1721,117372,https://www.revistaanfibia.com/manu-lozano-por-encima-y-por-abajo-del-estado/,"Manu Lozano, por encima y por abajo del Estado",Solidaridad y antipolítica,Juan Elman,2019-02-08 10:24:33,Política y Economía,,['Política y Economía'],5396
1722,117480,https://www.revistaanfibia.com/la-conversion-de-la-piba/,La conversión de la piba,Patricia Bullrich,Andrés Fidanza,2019-02-11 12:04:32,Política y Economía,,['Política y Economía'],3842
1723,117524,https://www.revistaanfibia.com/cientificas-y-magicas/,Científicas y mágicas,El estudio de las creencias,Nicolás Viotti,2019-02-12 10:35:45,Educación,,['Educación'],3047
1724,117580,https://www.revistaanfibia.com/diego-leo-trinche-carlovich/,"Diego, Leo, Trinche",Un crack sin Youtube,Alejandro Caravario,2019-02-13 10:53:34,Culturas,,['Culturas'],2421
1725,117614,https://www.revistaanfibia.com/concurso-de-microensayos/,Concurso de Microensayos,,,2019-02-13 15:44:23,Culturas,,['Culturas'],193
1726,117838,https://www.revistaanfibia.com/informar-ocultar-operar/,"Informar, ocultar, operar",La causa D'Alessio,Sebastián Lacunza,2019-02-15 14:04:46,Política y Economía,,['Política y Economía'],3569
1727,118159,https://www.revistaanfibia.com/del-escrache-la-pedagogia-del-deseo/,Del escrache a la pedagogía del deseo,Feminismo estudiantil,Eleonor Faur,2019-02-18 14:06:52,Amor y sexo,,['Amor y sexo'],6198
1728,118311,https://www.revistaanfibia.com/todo-por-diez-pesos2/,Todo por diez pesos,La represión policial a los productores de alimentos,Soledad Barruti,2019-02-19 14:26:56,Política y Economía,,['Política y Economía'],1333
1729,118414,https://www.revistaanfibia.com/por-un-futbol-feminista-disidente-y-profesional/,"Por un fútbol feminista, disidente y profesional",Macarena Sánchez,Analía Fernández Fuks,2019-02-21 12:50:07,Políticas de géneros,,['Políticas de géneros'],3374
1730,118527,https://www.revistaanfibia.com/el-reflejo-de-resistir/,El reflejo de resistir,Filosofía de la violencia,Margarita Martínez,2019-02-22 10:23:26,Culturas,,['Culturas'],1944
1731,118911,https://www.revistaanfibia.com/respuestas-la-pagina-blanco/,Respuestas para la página en blanco,Sex education y el deseo centennial,Emilia Ruiz de Olano; Ana Montes,2019-02-26 12:14:05,Culturas,,['Culturas'],1454
1732,119131,https://www.revistaanfibia.com/70-anos-de-hegemonia-y-emociones/,70 años de hegemonía y emociones,El peronismo como espejo,Alejandro Grimson,2019-02-28 10:12:54,Políticas de géneros,,['Políticas de géneros'],2476
1733,119188,https://www.revistaanfibia.com/debajo-la-alfombra/,Debajo de la alfombra,El método Konmarie,Marian Moya,2019-03-01 13:05:53,Política y Economía,,['Política y Economía'],2439
1734,119502,https://www.revistaanfibia.com/todos-los-colores-forman-verde/,Todos los colores que forman el verde,8M: las pibas y la política,Celeste Abrevaya; Marina Mariasch,2019-03-06 15:13:23,Políticas de géneros,,['Políticas de géneros'],2339
1735,119553,https://www.revistaanfibia.com/hacia-donde-vamos/,¿Hacia dónde vamos?,8M y el feminismo,Lucía Álvarez,2019-03-07 14:56:54,Políticas de géneros,,['Políticas de géneros'],3543
1736,119591,https://www.revistaanfibia.com/no-se-nace-mujer-llega-una-a-serlo/,"“No se nace mujer, llega una a serlo”","Marlene Wayar, patriarcado y biologicismo",Marlene Wayar,2019-03-08 10:51:16,Políticas de géneros,,['Políticas de géneros'],1323
1737,119610,https://www.revistaanfibia.com/volvias-8-marzo/,Por qué volvías cada 8 de marzo,Paro Internacional de Mujeres,Belén López Peiró,2019-03-08 16:17:05,Políticas de géneros,,['Políticas de géneros'],1923
1738,119615,https://www.revistaanfibia.com/la-antropologa-que-incomoda/,La antropóloga que incomoda,Rita Segato en la UNSAM,Julieta Greco,2019-03-08 18:01:12,Políticas de géneros,,['Políticas de géneros'],6644
1739,119657,https://www.revistaanfibia.com/nosotres-paramos/,Nosotres paramos,Ensayo fotográfico del 8M,,2019-03-09 13:52:36,Políticas de géneros,Ensayo,['Políticas de géneros'],83
1740,119781,https://www.revistaanfibia.com/hay-secretos-que-no-vuelven-al-armario/,Hay secretos que no vuelven al armario,Entre la libertad de expresión y la propiedad intelectual,Ernesto Meccia,2019-03-11 14:36:40,Culturas,,['Culturas'],2358
1741,119884,https://www.revistaanfibia.com/victima-de-la-espontaneidad/,Víctima de la espontaneidad,Del relato al desengaño,Gastón Cingolani,2019-03-13 15:01:46,Política y Economía,,['Política y Economía'],1510
1742,119938,https://www.revistaanfibia.com/por-que-no-somos-finlandia/,Por qué no somos Finlandia,La educación de la era Cambiemos,Nicolás Welschinger,2019-03-15 10:43:06,Educación,,['Educación'],2884
1743,120085,https://www.revistaanfibia.com/un-click-y-no-trabajas-mas/,Un click y no trabajás más,Plataformas: una serie documental,,2019-03-18 10:45:41,Tecnologías,Crónica,['Tecnologías'],149
1744,120179,https://www.revistaanfibia.com/game-over-la-politica-del-sinceramiento/,Game over o la política del sinceramiento,Ideología y macrismo,Nicolás Freibrun; Lucía Ariza,2019-03-19 11:04:44,Política y Economía,,['Política y Economía'],2843
1745,120252,https://www.revistaanfibia.com/donde-estan-las-gordas/,¿Dónde están las gordas?,Laboratorio de Periodismo Performático,Matías Máximo,2019-03-20 14:49:22,Culturas,,['Culturas'],1779
1746,120324,https://www.revistaanfibia.com/el-deseo-y-la-cienaga/,El deseo y la ciénaga,El factor Lavagna,Pablo Semán,2019-03-21 09:12:31,Política y Economía,,['Política y Economía'],1293
1747,120351,https://www.revistaanfibia.com/mucho-esfuerzo-lo-consigo/,¿Con mucho esfuerzo lo consigo?,Laboratorio de Periodismo Performático,Julián Gorodischer,2019-03-21 14:47:02,Culturas,,['Culturas'],1151
1748,120404,https://www.revistaanfibia.com/capacidad-consentir-tenias/,“¿Qué capacidad de consentir tenías?”,Miriam Lewin y una memoria feminista del 24M,Mariana Carbajal,2019-03-22 12:57:30,Políticas de géneros,,['Políticas de géneros'],1683
1749,120660,https://www.revistaanfibia.com/orden-escucha-gobernanza/,"Orden, escucha y gobernanza",Elecciones 2019,Esteban De Gori,2019-03-26 10:36:42,Política y Economía,,['Política y Economía'],2311
1750,120732,https://www.revistaanfibia.com/todes-emprendedores/,Todes emprendedores,Economía colaborativa,Eduardo Chávez Molina; Martín Unzué,2019-03-27 10:36:07,Política y Economía,,['Política y Economía'],1913
1751,120915,https://www.revistaanfibia.com/no-nino-mas/,No era un niño más,Michael Jackson y el abuso infantil,Miriam Maidana,2019-03-29 15:15:38,Culturas,,['Culturas'],2896
1752,121082,https://www.revistaanfibia.com/que-vamos-a-hacer-cuando-recuperemos-las-malvinas/,¿Qué vamos a hacer cuando recuperemos las Malvinas?,La soberanía de las Islas,Federico Lorenz,2019-04-01 10:52:18,Política y Economía,Ensayo,['Política y Economía'],2462
1753,121188,https://www.revistaanfibia.com/las-dos-aplicaciones-que-transforman-ciudades/,Las dos aplicaciones que transforman ciudades,Plataformas: una serie documental,,2019-04-03 09:59:19,Tecnologías,Crónica,['Tecnologías'],139
1754,121234,https://www.revistaanfibia.com/por-que-no-estalla/,¿Por qué no estalla?,Aumento de la pobreza,Tali Goldman,2019-04-03 12:57:48,Política y Economía,,['Política y Economía'],2176
1755,121347,https://www.revistaanfibia.com/el-deseo-de-revancha-social/,El deseo de revancha social,4x4,,2019-04-04 16:35:31,Culturas,,['Culturas'],1387
1756,121400,https://www.revistaanfibia.com/felices-de-que/,¿Felices de qué?,Adelanto,Sara Ahmed,2019-04-05 11:28:50,Culturas,,['Culturas'],3601
1757,121553,https://www.revistaanfibia.com/cambiemos-sacrificio-del-futuro/,Cambiemos y el sacrificio del futuro,¿De populistas a conservadores?,María Esperanza Casullo,2019-04-08 11:29:24,Política y Economía,,['Política y Economía'],2027
1758,121617,https://www.revistaanfibia.com/quien-soy-yo-para-juzgar/,“¿Quién soy yo para juzgar?”,Corrupción e hipocresía en la Iglesia Católica,Frédéric Martel,2019-04-09 13:12:22,Culturas,,['Culturas'],4116
1759,121708,https://www.revistaanfibia.com/la-arqueologa-de-la-historia-feminista/,La arqueóloga de la historia feminista,Perfil de Dora Barrancos,Cintia Kemelmajer,2019-04-10 12:14:19,Políticas de géneros,,['Políticas de géneros'],3848
1760,121863,https://www.revistaanfibia.com/el-baron-de-la-carne/,El barón de la carne,Alberto Samid,Matías Longoni,2019-04-12 14:10:15,Política y Economía,,['Política y Economía'],3892
1761,122096,https://www.revistaanfibia.com/mi-voz-estrangulada/,Mi voz estrangulada,Día Mundial de la Voz,Alberto Domínguez,2019-04-16 10:56:41,Culturas,,['Culturas'],3593
1762,122151,https://www.revistaanfibia.com/amor-la-cama-hotel/,El amor en la cama de un hotel,Performance de Fernando Rubio,Tamara Tenenbaum,2019-04-17 10:48:24,Amor y sexo,,['Amor y sexo'],1676
1763,122327,https://www.revistaanfibia.com/panoptico-cielo-abierto/,Panóptico a cielo abierto,Algoritmos y reconocimiento facial,Facundo Carmona,2019-04-22 10:36:47,Tecnologías,,['Tecnologías'],1928
1764,122373,https://www.revistaanfibia.com/los-colores-la-ciudadania/,Los colores de la ciudadanía,Racismo en América Latina,Denis Merklen,2019-04-23 10:36:20,Política y Economía,,['Política y Economía'],2640
1765,122437,https://www.revistaanfibia.com/una-noche-los-zapatos-del-rey/,Una noche en los zapatos del rey,Mario Pereyra y la cumbia santafesina,Tomás Quintín Palma,2019-04-24 11:05:41,Culturas,,['Culturas'],6389
1766,122481,https://www.revistaanfibia.com/no-sos-vos-mercado-del-deseo/,"No sos vos, es el mercado del deseo",El fin del amor,Tamara Tenenbaum,2019-04-25 10:57:13,Políticas de géneros,,['Políticas de géneros'],9223
1767,122530,https://www.revistaanfibia.com/virtudes-de-la-desobediencia/,Las virtudes de la desobediencia,Feria Internacional del Libro,Rita Segato,2019-04-25 20:40:38,Políticas de géneros,,['Políticas de géneros'],3459
1768,122613,https://www.revistaanfibia.com/las-batallas-maricas/,Las batallas maricas,"Voguing, el baile que libera",Melisa Codina,2019-04-26 13:59:39,Amor y sexo,,['Amor y sexo'],2418
1769,122736,https://www.revistaanfibia.com/seis-mil-millones-la-caja-camion/,Seis mil millones en la caja de un camión,Cosecha récord sin infraestructura,Ricardo Robins,2019-04-30 09:27:56,Política y Economía,,['Política y Economía'],6394
1770,122792,https://www.revistaanfibia.com/amor-blindado/,Amor blindado,"Evita, nacida para molestar",,2019-04-30 18:50:04,Política y Economía,,['Política y Economía'],1564
1771,122895,https://www.revistaanfibia.com/los-derechos-humanos-importan-las-decisiones-economicas/,¿Los derechos humanos importan en las decisiones económicas?,Protección social y deuda,Juan Pablo Bohoslavsky,2019-05-02 14:11:48,Política y Economía,,['Política y Economía'],2906
1772,122913,https://www.revistaanfibia.com/los-algoritmos-no-estan-deconstruidos/,Los algoritmos no están deconstruidos,Plataformas: una serie documental,,2019-05-03 10:54:39,Tecnologías,Crónica,['Tecnologías'],139
1773,122948,https://www.revistaanfibia.com/siento-ganas-de-sacarte-del-silencio/,Siento ganas de sacarte del silencio,Los Escogidos,Patricia Nieto,2019-05-03 15:54:08,Política y Economía,,['Política y Economía'],1033
1774,122889,https://www.revistaanfibia.com/soja-cumbia-periodismo/,"Soja, cumbia y periodismo","19, una cartografía narrativa de Santa Fe",Ricardo Robins,2019-05-04 01:09:02,Política y Economía,,['Política y Economía'],3080
1775,123105,https://www.revistaanfibia.com/fantasma-instagram-recorre-america/,El fantasma de Instagram recorre América,Elecciones 2019,Luciano Galup,2019-05-06 13:28:41,Política y Economía,,['Política y Economía'],2967
1776,123161,https://www.revistaanfibia.com/bienvenido-doctor-al-verdadero-subsuelo-de-la-patria/,"Bienvenido, Doctor, al verdadero subsuelo de la patria",Perfil de Alejo Ramos Padilla,Verónica Liso; Daniela Camezzana; Lucrecia Bibini; Laureano Barrera,2019-05-07 12:35:33,Política y Economía,,['Política y Economía'],5680
1777,123224,https://www.revistaanfibia.com/problema-dia-mas-peronista/,“Tengo un problema: cada día soy más peronista”,El último asado de Dante Gullo,Gonzalo Unamuno,2019-05-08 15:52:45,Política y Economía,,['Política y Economía'],1841
1778,123272,https://www.revistaanfibia.com/elige-tu-propia-evita/,Elige tu propia Evita,Las apropiaciones de un mito,Pablo Semán,2019-05-09 12:30:28,Políticas de géneros,,['Políticas de géneros'],619
1779,123281,https://www.revistaanfibia.com/el-modelo-voraz-de-una-empresa-unicornio/,El modelo voraz de una empresa unicornio,Mercado Libre,Jimena Valdez; Juan O’Farrell,2019-05-09 12:41:52,Política y Economía,,['Política y Economía'],2445
1780,123331,https://www.revistaanfibia.com/la-dama-del-populismo/,La dama del populismo,CKF best seller,Flor Minici; Flora Vronsky,2019-05-10 15:49:43,Política y Economía,,['Política y Economía'],1228
1781,123492,https://www.revistaanfibia.com/hijo-gobernador-sobrina-diputada-tio-intendente/,"Mi hijo gobernador, mi sobrina diputada, mi tío intendente",Elecciones 2019,Jacqueline Behrend,2019-05-14 17:03:14,Política y Economía,,['Política y Economía'],3094
1782,123494,https://www.revistaanfibia.com/plataformas-una-serie-documental/,Plataformas: una serie documental,,,2019-05-14 17:35:56,Tecnologías,Crónica,['Tecnologías'],167
1783,123540,https://www.revistaanfibia.com/que-dijeron-lxs-senadorxs-copy-2/,¿Qué dijeron lxs senadorxs? Copia,Cobertura de Silvio Kiko,,2019-05-15 11:51:14,Políticas de géneros,,['Políticas de géneros'],131
1784,123536,https://www.revistaanfibia.com/siempre-seras-un-deportado/,Siempre serás un deportado,La historia de Claudio Rojas,Emiliano Gullo,2019-05-15 12:11:50,Política y Economía,,['Política y Economía'],4413
1785,123559,https://www.revistaanfibia.com/topacio-fresh-la-venus-las-mil-pieles/,Topacio Fresh: la Venus de las mil pieles,Pensamiento Contemporáneo: un festival anfibio,Matías Máximo,2019-05-15 12:54:13,Amor y sexo,Crónica,['Amor y sexo'],2261
1786,123660,https://www.revistaanfibia.com/cordobesismo-iii-el-peronismo-contraataca/,"Cordobesismo III, el peronismo contraataca",Elecciones 2019,Dante Leguizamón,2019-05-16 16:52:10,Política y Economía,Ensayo,['Política y Economía'],2902
1787,123740,https://www.revistaanfibia.com/se-viene-el-invierno/,Se viene el invierno,Game Of Thrones,Eugenia Mitchelstein,2019-05-17 14:11:34,Culturas,,['Culturas'],1147
1788,123818,https://www.revistaanfibia.com/arremangarse/,Arremangarse,Les Fernández,Alejandro Grimson,2019-05-18 18:17:55,Política y Economía,,['Política y Economía'],2315
1789,124005,https://www.revistaanfibia.com/la-economia-despues-la-grieta/,La economía después de la grieta,Elecciones 2019,Matías Kulfas,2019-05-20 15:36:10,Política y Economía,,['Política y Economía'],3350
1790,124164,https://www.revistaanfibia.com/romper-el-alambrado/,Romper el alambrado,Elecciones 2019,Esteban De Gori,2019-05-21 15:32:29,Política y Economía,,['Política y Economía'],1074
1791,124376,https://www.revistaanfibia.com/ni-netbooks-ni-asado-ni-nada/,"Ni netbooks, ni asado, ni nada","Si querés vida, comprala",Nicolás Welschinger; Pablo Semán,2019-05-23 10:50:05,Política y Economía,,['Política y Economía'],845
1792,124394,https://www.revistaanfibia.com/la-epica-la-unidad/,La épica de la unidad,Elecciones 2019,Noelia Barral Grigera,2019-05-23 13:42:03,Política y Economía,Crónica,['Política y Economía'],1799
1793,124508,https://www.revistaanfibia.com/corta-con-tanta-dulzura-3/,Cortá con tanta dulzura,A la izquierda de Les Fernández,Fernando Rosso,2019-05-24 13:32:45,Política y Economía,,['Política y Economía'],1800
1794,124737,https://www.revistaanfibia.com/politica-por-otros-medios/,La política por otros medios,"Alberto, Clarín y el periodismo",Iván Schuliaquer,2019-05-27 15:05:26,Política y Economía,Ensayo,['Política y Economía'],2846
1795,124797,https://www.revistaanfibia.com/sin-aborto-legal-no-hay-parto-respetado/,Sin aborto legal no hay parto respetado,Violencia obstétrica,,2019-05-28 10:06:42,Políticas de géneros,,['Políticas de géneros'],1109
1796,124989,https://www.revistaanfibia.com/pedofilia-alta-complejidad/,Pedofilia de alta complejidad,El caso del pediatra,Miriam Maidana,2019-05-30 12:05:59,Políticas de géneros,,['Políticas de géneros'],2318
1797,125066,https://www.revistaanfibia.com/alternativa-showmatch/,Alternativa Showmatch,Marcelo Tinelli,Adriana Amado; Alejandro Seselovsky,2019-05-31 12:05:34,Culturas,Crónica,['Culturas'],5198
1798,125086,https://www.revistaanfibia.com/llenar-los-pueblos-de-policias/,Llenar los pueblos de policías,Los hijos de Monte,María Florencia Alcaraz,2019-05-31 15:06:02,Política y Economía,,['Política y Economía'],4097
1799,125260,https://www.revistaanfibia.com/por-un-feminismo-del-99-por-ciento/,Por un feminismo del 99 por ciento,#NiUnaMenos,Luciana Peker,2019-06-03 12:40:11,Políticas de géneros,,['Políticas de géneros'],3774
1800,125085,https://www.revistaanfibia.com/cisne-negro-la-democracia/,El cisne negro de la democracia,La ultraderecha en el parlamento europeo,Franco Delle Donne,2019-06-03 13:27:53,Política y Economía,,['Política y Economía'],1689
1801,125356,https://www.revistaanfibia.com/exterminar-a-los-brutos/,Exterminar a todos los brutos,Autoritarismo social,Ezequiel Ipar,2019-06-04 11:56:03,Políticas de géneros,,['Políticas de géneros'],2213
1802,125454,https://www.revistaanfibia.com/ritual-algoritmico-big-data/,Ritual algorítmico,Laboratorio de Periodismo Performático,Esteban Magnani,2019-06-05 11:52:39,Culturas,,['Culturas'],1057
1803,125508,https://www.revistaanfibia.com/las-memorias-de-derecha/,Las memorias de derecha,Derechos Humanos y Cambiemos,Federico Lorenz,2019-06-06 18:10:03,Política y Economía,,['Política y Economía'],2723
1804,125643,https://www.revistaanfibia.com/otro-futbol-es-posible/,Otro fútbol es posible,La selección femenina en Francia,Nemesia Hijós; Analía Fernández Fuks,2019-06-10 12:03:15,Políticas de géneros,Ensayo,['Políticas de géneros'],2546
1805,125697,https://www.revistaanfibia.com/tengo-una-mision-con-dios-y-el-barrio/,Tengo una misión con Dios y el barrio,Religión y política en el Conurbano,Marcos Carbonelli,2019-06-11 11:46:05,Políticas de géneros,,['Políticas de géneros'],2937
1806,125741,https://www.revistaanfibia.com/salvar-la-republica-matar-al-algoritmo/,"Salvar la República, matar al algoritmo",La fórmula Macri-Pichetto,Flor Minici; Flora Vronsky,2019-06-12 11:42:59,Política y Economía,,['Política y Economía'],1775
1807,125751,https://www.revistaanfibia.com/amor-la-nueva-cristina/,"El mismo amor, la nueva Cristina",CFK en campaña,Ernesto Picco,2019-06-12 15:31:03,Política y Economía,,['Política y Economía'],1406
1808,125853,https://www.revistaanfibia.com/pichetto-callen-esos-bombos/,Callen esos bombos,Perfil de Miguel Ángel Pichetto,Santiago Rey,2019-06-14 12:26:01,Política y Economía,,['Política y Economía'],3717
1809,125895,https://www.revistaanfibia.com/tres-senores-cautos/,Tres señores cautos,"Fernández, Pichetto y Lavagna",Julio Burdman,2019-06-15 17:32:23,Política y Economía,,['Política y Economía'],1317
1810,54111,https://www.revistaanfibia.com/crimen-odio-la-ciudad-del-poder/,Un crimen de odio en la ciudad del poder,Travesticidio en Río Gallegos,Cristian Alarcón,2019-06-17 16:16:57,Políticas de géneros,,['Políticas de géneros'],9118
1811,125990,https://www.revistaanfibia.com/la-red-amorosa-harta-jaqueo-la-justicia-patriarcal/,La red amorosa y harta que jaqueó a la justicia patriarcal,Aniversario del fallo Diana Sacayán,Say Sacayán,2019-06-18 14:06:33,Políticas de géneros,,['Políticas de géneros'],1654
1812,126007,https://www.revistaanfibia.com/las-bases-del-freelanzariado/,Las bases del freelanzariado,Plataformas: una serie documental,,2019-06-19 12:03:04,Política y Economía,Crónica,['Política y Economía'],160
1813,126052,https://www.revistaanfibia.com/bueno-comer-bueno-pensar/,¿Bueno para comer o bueno para pensar?,Consensos y disputas en el conocimiento,Pablo Pellegrini,2019-06-20 11:39:54,Salud,,['Salud'],1974
1814,126201,https://www.revistaanfibia.com/antiderechos-la-provincia-del-aborto/,Antiderechos en la provincia del aborto,Amalia Granata diputada en Santa Fe,Arlen Buchara,2019-06-24 15:10:56,Políticas de géneros,,['Políticas de géneros'],3765
1815,126238,https://www.revistaanfibia.com/cuantos-dolares-necesitara-proximo-gobierno/,¿Cuántos dólares necesitará el próximo gobierno?,El peso de la deuda,Pablo Bortz,2019-06-25 11:54:12,Política y Economía,,['Política y Economía'],2522
1816,126235,https://www.revistaanfibia.com/la-inteligencia-artificial-ansiolitico/,La inteligencia artificial como ansiolítico,"Adelanto de ""El sentido del pensamiento""",Markus Gabriel,2019-06-25 13:20:50,Culturas,Ensayo,['Culturas'],2137
1817,126350,https://www.revistaanfibia.com/cuales-son-los-nuevos-odios-sociales/,¿Cuáles son los nuevos odios sociales?,Precariedad y violencias,Gonzalo Sarrais Alier; Ignacio Gago; Leandro Barttolotta,2019-06-27 13:34:57,Culturas,,['Culturas'],1958
1818,126403,https://www.revistaanfibia.com/los-aportes-me-faltan-los-patriarcado/,Los aportes que me faltan los tiene el patriarcado,Derechos sociales y autonomía,Luci Cavallero; Verónica Gago,2019-06-28 15:32:21,Políticas de géneros,,['Políticas de géneros'],1747
1819,126738,https://www.revistaanfibia.com/argentina-siempre-fue-afro/,Argentina siempre fue afro,Apropiación cultural y blackface,Alejandro Frigerio,2019-07-01 15:25:57,Política y Economía,,['Política y Economía'],3279
1820,125798,https://www.revistaanfibia.com/contigo-me-voy-mi-santo/,Contigo me voy mi santo,Chile después de Lemebel,Alejandro Modarelli,2019-07-02 09:54:13,Culturas,,['Culturas'],2332
1821,15792,https://www.revistaanfibia.com/llanto-de-perlas-y-cicatrices/,Llanto de perlas y cicatrices,Homenaje a Lemebel,Pedro Lemebel,2019-07-02 10:52:00,Culturas,,['Culturas'],2499
1822,15815,https://www.revistaanfibia.com/la-palabra-como-herramienta-subversiva/,La palabra como herramienta subversiva,Homenaje a Lemebel,Alejandra Costamagna,2019-07-03 16:22:00,Culturas,,['Culturas'],579
1823,126817,https://www.revistaanfibia.com/we-work-la-fiesta-del-trabajo/,We Work: la fiesta del trabajo,Futuro del empleo,Julián Varsavsky,2019-07-04 10:59:36,Culturas,,['Culturas'],2993
1824,126903,https://www.revistaanfibia.com/dar-el-alma-a-los-buitres/,Dar el alma a los buitres,Rituales mortuorios en el Tíbet,Facundo Fernández Barrio,2019-07-05 11:21:15,Culturas,,['Culturas'],2648
1825,126935,https://www.revistaanfibia.com/la-calle-certificado-pobreza-2/,"En la calle y con ""certificado de pobreza""",7.251 personas sin techo en Buenos Aires,Paula Rosa,2019-07-06 13:20:42,Políticas de géneros,,['Políticas de géneros'],2424
1826,127275,https://www.revistaanfibia.com/la-calle-una-mierda-tambien-cuando-no-frio/,"""La calle es una mierda también cuando no hace frío""",Pobreza sin techo,Roly Villani,2019-07-10 13:56:56,Política y Economía,,['Política y Economía'],3192
1827,126869,https://www.revistaanfibia.com/cumbia-sorora/,Cumbia sorora,Tita Print,Micaela Ortelli,2019-07-11 11:16:46,Culturas,,['Culturas'],2811
1828,127345,https://www.revistaanfibia.com/dejame-tus-datos-despues-te-llamamos/,"Dejame tus datos, después te llamamos",Expo empleo 2019,Tali Goldman,2019-07-12 12:21:49,Política y Economía,,['Política y Economía'],3468
1829,127432,https://www.revistaanfibia.com/terraplanismo-en-el-aula/,Terraplanismo en el aula,La escuela y la alfabetización científica,Iván Stoikoff,2019-07-15 11:20:28,Educación,,['Educación'],1976
1830,127514,https://www.revistaanfibia.com/la-memoria-anual-lo-que-supimos-soportar/,La memoria anual de lo que supimos soportar,30° Muestra de Fotoperiodismo Argentino,Marina Mariasch,2019-07-18 10:50:57,Políticas de géneros,,['Políticas de géneros'],971
1831,127570,https://www.revistaanfibia.com/la-politica-donde-mas-importa/,La política donde más importa,Conferencia de Javier Auyero,Javier Auyero,2019-07-19 12:31:22,Política y Economía,,['Política y Economía'],5937
1832,127577,https://www.revistaanfibia.com/la-suspension-voluntaria-la-incredulidad/,Leandro Erlich: La suspensión voluntaria de la incredulidad,El arte como hit,Sol Dinerstein; Sonia Budassi,2019-07-19 16:07:26,Culturas,Ensayo,['Culturas'],5109
1833,127473,https://www.revistaanfibia.com/la-piel-morena-del-gaucho-subalterno/,La piel morena del gaucho subalterno,"Criollismo, raza y nación",Ezequiel Adamovsky,2019-07-22 10:10:01,Culturas,,['Culturas'],4636
1834,127711,https://www.revistaanfibia.com/regueton-frente-la-revolucion/,El reguetón al frente de la revolución,Crisis política en Puerto Rico,Ana Teresa Toro,2019-07-23 12:51:44,Política y Economía,,['Política y Economía'],2574
1835,127676,https://www.revistaanfibia.com/la-izquierda-encontro-techo/,¿La izquierda encontró su techo?,Cómo resignificar viejas luchas,Federico Lorenz,2019-07-24 11:57:15,Política y Economía,,['Política y Economía'],3479
1836,127787,https://www.revistaanfibia.com/dormir-como-un-bebe/,Dormir como un bebé,Mapaternidades,Natalí Schejtman,2019-07-26 12:19:09,Políticas de géneros,,['Políticas de géneros'],5612
1837,127776,https://www.revistaanfibia.com/somos-las-nietas-todas-las-brujas-nunca-pudieron-quemar/,Somos las nietas de todas las brujas que nunca pudieron quemar,Adelanto del libro de Mona Chollet,Natalia Ortiz Maldonado,2019-07-29 10:06:02,Políticas de géneros,,['Políticas de géneros'],3817
1838,127679,https://www.revistaanfibia.com/que-es-tokenismo-cisexista/,¿Qué es el tokenismo cisexista?,La deconstrucción del cupo,Blas Radi,2019-07-30 10:22:11,Políticas de géneros,,['Políticas de géneros'],1959
1839,128014,https://www.revistaanfibia.com/la-argentina-podcastera/,La argentina podcastera,Cultura digital,Agustín Espada,2019-07-31 12:44:28,Culturas,,['Culturas'],2369
1840,128069,https://www.revistaanfibia.com/especismo-racismo-boludismo/,"Especismo, racismo, boludismo",Los veganos y la sociedad rural,Roly Villani,2019-08-01 16:33:37,Política y Economía,,['Política y Economía'],1955
1841,128104,https://www.revistaanfibia.com/los-conflictos-que-la-literatura-no-ama/,Los conflictos que la literatura no ama,La desigualdad en el mercado editorial,Alejandro Dujovne,2019-08-02 10:58:42,Culturas,,['Culturas'],2451
1842,128115,https://www.revistaanfibia.com/nuevas-izquierdas-viejas-formulas/,"Nuevas izquierdas, viejas fórmulas","Troskos, progres y socialdemócratas",Fernando Rosso,2019-08-02 18:17:19,Culturas,,['Culturas'],1915
1843,128192,https://www.revistaanfibia.com/micropoder-y-vanidades-en-la-corte-suprema/,Micropoder y vanidades en la Corte Suprema,Justicia en la era Macri,Irina Hauser,2019-08-05 10:57:30,Política y Economía,,['Política y Economía'],3552
1844,128263,https://www.revistaanfibia.com/lorena-vega-ampliacion-del-campo-batalla/,Ampliación del campo de batalla,Lorena Vega,Matías Máximo,2019-08-07 10:46:14,Culturas,,['Culturas'],1972
1845,128293,https://www.revistaanfibia.com/gaming-no-jugar-la-play-la-madrugada/,El gaming no es jugar a la play hasta la madrugada,Cultura digital,Leandro Cócolo,2019-08-07 16:41:21,Culturas,,['Culturas'],1554
1846,128322,https://www.revistaanfibia.com/aunque-me-cueste-corazon/,Aunque me cueste el corazón,María Eugenia Vidal,Esteban De Gori,2019-08-08 11:49:40,Política y Economía,Crónica,['Política y Economía'],1605
1847,128345,https://www.revistaanfibia.com/un-angel-para-tu-soledad/,Un ángel para tu soledad,Axel Kicillof,Emiliano Gullo,2019-08-08 16:21:50,Política y Economía,,['Política y Economía'],3682
1848,128369,https://www.revistaanfibia.com/esta-juego-la-ciudad/,¿Qué está en juego en la Ciudad?,Rodríguez Larreta vs Lammens,Matías Landau,2019-08-09 08:37:13,Política y Economía,,['Política y Economía'],3291
1849,128403,https://www.revistaanfibia.com/de-la-voracidad-al-delito/,De la voracidad al delito,Causa “D´Alessio”,Romina Manguel,2019-08-09 12:40:27,Política y Economía,,['Política y Economía'],1329
1850,128523,https://www.revistaanfibia.com/una-noche-feliz-setenta-dias-complicados/,"Una noche feliz, setenta días complicados",Triunfo del Frente de Todos en las PASO,Alejandro Grimson,2019-08-12 12:47:50,Política y Economía,,['Política y Economía'],2043
1851,128543,https://www.revistaanfibia.com/psicodolar-corazon-bolsillo/,"Psicodólar, corazón y bolsillo","1989, el año que vivimos en peligro",Mariana Luzzi; Ariel Wilkis,2019-08-12 16:30:31,Política y Economía,,['Política y Economía'],4055
1852,128606,https://www.revistaanfibia.com/democracia-el-hecho-bendito/,Democracia: el hecho bendito del país intimidado,La venganza de la Argentina plebeya,Pablo Semán,2019-08-13 21:25:00,Política y Economía,,['Política y Economía'],1354
1853,128672,https://www.revistaanfibia.com/el-tercer-justicialismo/,El tercer justicialismo,El escenario después de las PASO,Julio Burdman,2019-08-15 13:44:32,Política y Economía,,['Política y Economía'],1955
1854,128619,https://www.revistaanfibia.com/la-batalla-los-imaginarios/,La batalla de los imaginarios,Esperancismo versus progresismo,Alexandre Roig; Pablo Chena,2019-08-16 11:25:06,Política y Economía,,['Política y Economía'],2479
1855,128944,https://www.revistaanfibia.com/autopsia-de-la-nueva-politica/,Autopsia de la nueva política,¿Qué quedará de Cambiemos?,Sergio Morresi; Martín Vicente,2019-08-21 11:12:42,Política y Economía,,['Política y Economía'],2576
1856,128986,https://www.revistaanfibia.com/amazonas-presente-arde/,Amazonas: el presente arde,Brasil Caníbal,Florencia Garramuño,2019-08-22 12:21:24,Ambiente,,['Ambiente'],2569
1857,129030,https://www.revistaanfibia.com/resistiendo-con-aguante/,Clase media: resistiendo con aguante,La devaluación tras las PASO,María Mansilla,2019-08-23 11:54:06,Política y Economía,Crónica,['Política y Economía'],2641
1858,130139,https://www.revistaanfibia.com/es-posible-desengrietar/,¿Es posible desengrietar?,La marcha del 24A y la República,Ezequiel Ipar; Nicholas Rauschenberg,2019-08-26 10:24:32,Políticas de géneros,,['Políticas de géneros'],2195
1859,131423,https://www.revistaanfibia.com/prender-las-maquinas-otra-vez/,Prender las máquinas (otra vez),El futuro de las pymes,Tali Goldman,2019-08-27 10:25:43,Política y Economía,Crónica,['Política y Economía'],2841
1860,134356,https://www.revistaanfibia.com/la-peor-pedagogia-posible-adornar-la-nada/,La peor pedagogía posible: adornar la nada,"""Reperfilar"" la deuda",Manuel Becerra,2019-08-29 11:02:16,Política y Economía,,['Política y Economía'],1867
1861,135955,https://www.revistaanfibia.com/cortisimo-plazo/,Cortísimo plazo,Reperfilando la deuda,Jorge Carrera,2019-08-30 10:55:59,Política y Economía,,['Política y Economía'],2282
1862,137555,https://www.revistaanfibia.com/va-quedar-cuando-se-apague-fuego/,¿Qué va a quedar cuando se apague el fuego?,Desastre ambiental en Bolivia,Damián Andrada,2019-08-31 17:48:50,Ambiente,Crónica,['Ambiente'],2816
1863,139257,https://www.revistaanfibia.com/esa-mania-salir-corriendo-al-banco/,Esa manía de salir corriendo al banco,Economía y memoria colectiva,María Mansilla; Celeste del Bianco,2019-09-03 10:34:12,Política y Economía,Crónica,['Política y Economía'],2546
1864,139300,https://www.revistaanfibia.com/esta-no-es-otra-nota-sobre-chernobil/,Esta (no) es otra nota sobre Chernóbil,Energía nuclear en Argentina,Agustín Piaz,2019-09-04 10:50:12,Ambiente,Ensayo,['Ambiente'],2246
1865,139365,https://www.revistaanfibia.com/si-vos-queres-focus-groupie/,#SiVosQuerés: focus groupie,Flashmob y política,Santiago Galar,2019-09-06 11:15:33,Política y Economía,Crónica,['Política y Economía'],2373
1866,139464,https://www.revistaanfibia.com/futuro-pasado-rosca/,El futuro pasado de rosca,Ciencia ficción y distopía,Tamara Tenenbaum,2019-09-09 11:40:37,Tecnologías,Ensayo,['Tecnologías'],3480
1867,139524,https://www.revistaanfibia.com/la-unidad-basica-de-twitter/,La unidad básica de Twitter,Big data y política,Luciano Galup,2019-09-10 11:14:55,Tecnologías,Ensayo,['Tecnologías'],2537
1868,139572,https://www.revistaanfibia.com/la-crisis-no-estalla-implosiona/,La crisis no estalla: implosiona,La pesada herencia,Ignacio Gago; Gonzalo Sarrais Alier; Leandro Barttolotta,2019-09-11 11:37:56,Política y Economía,Ensayo,['Política y Economía'],2946
1869,139639,https://www.revistaanfibia.com/la-soledad-las-mujeres-indociles/,La soledad de las mujeres indóciles,Salvadora Medina Onrubia,Vanina Escales,2019-09-13 11:50:43,Políticas de géneros,,['Políticas de géneros'],2091
1870,139733,https://www.revistaanfibia.com/estamos-viendo-arder-mundo/,¿Estamos viendo arder el mundo?,Política e incertidumbre,Ezequiel Gatto,2019-09-16 10:53:29,Política y Economía,Ensayo,['Política y Economía'],2585
1871,139785,https://www.revistaanfibia.com/maradona-es-nuestra-confusion/,Maradona es nuestra confusión,El nuevo retorno de Diego,Alejandro Wall,2019-09-17 09:28:00,Culturas,Ensayo,['Culturas'],2304
1872,139813,https://www.revistaanfibia.com/por-que-casi-nadie-la-vio-venir/,Por qué (casi) nadie la vio venir,La derrota de Macri en las PASO,María Esperanza Casullo; Ignacio Ramírez,2019-09-18 10:48:04,Política y Economía,,['Política y Economía'],1602
1873,139835,https://www.revistaanfibia.com/piqueteras-carajo/,"Piqueteras, carajo",Emergencia alimentaria y feminismo popular,Tali Goldman,2019-09-18 14:55:32,Política y Economía,,['Política y Economía'],2494
1874,139874,https://www.revistaanfibia.com/aula-esta-demasiado-vacia/,El aula está demasiado vacía,Chubut: duelo docente,Manuel Becerra,2019-09-19 12:10:19,Educación,,['Educación'],1384
1875,139583,https://www.revistaanfibia.com/narda-lepes-una-jedi-la-cocina/,Una jedi en la cocina,Narda Lepes,Emilia Erbetta,2019-09-20 10:16:58,Culturas,Crónica,['Culturas'],3002
1876,139996,https://www.revistaanfibia.com/carrio-la-narradora-del-posmacrismo/,"Carrió, la narradora del posmacrismo",La nueva oposición en el Congreso,Noelia Barral Grigera,2019-09-23 12:32:13,Política y Economía,Ensayo,['Política y Economía'],2823
1877,140036,https://www.revistaanfibia.com/pequena-victoria-una-nueva-etica-de-los-afectos/,Pequeña Victoria: una nueva ética de los afectos,Mapaternidades en el prime time,María Florencia Freijo,2019-09-24 15:23:31,Políticas de géneros,Ensayo,['Políticas de géneros'],2954
1878,140079,https://www.revistaanfibia.com/ong-una-temporada-estado/,Una temporada en el Estado,Las ONG en la gestión de Cambiemos,Florencia Luci; Pilar Arcidiácono,2019-09-25 13:34:26,Política y Economía,Crónica,['Política y Economía'],3114
1879,140185,https://www.revistaanfibia.com/puede-argentina-frente-al-cambio-climatico/,¿Qué puede hacer Argentina frente al Cambio Climático?,"Agrotóxicos, desmontes, megaminería, fracking, inundaciones",Programa de Estudios Rurales y Globalización,2019-09-27 14:44:41,Ambiente,,['Ambiente'],3730
1880,140290,https://www.revistaanfibia.com/la-dictadura-argentina-contada-por-los-documentos-de-estados-unidos/,La Dictadura argentina contada por los documentos de Estados Unidos,43.000 fojas desclasificadas,Marcos Lohlé,2019-10-01 12:54:35,Política y Economía,,['Política y Economía'],3844
1881,140350,https://www.revistaanfibia.com/los-villanos-segun-netflix/,Los villanos según Netflix,Stranger Things y la guerra fría,Esteban Campos,2019-10-02 10:33:17,Culturas,Ensayo,['Culturas'],2951
1882,140420,https://www.revistaanfibia.com/ipa-emojis-gluten-free/,"Ipa, emojis y gluten free",Volver a Buenos Aires 20 años después,Gisela Heffes,2019-10-04 12:01:13,Culturas,,['Culturas'],1177
1883,140500,https://www.revistaanfibia.com/las-reinas-del-hogar/,Las reinas del hogar,Clases y mujeres,Victoria Gessaghi,2019-10-07 12:09:42,Políticas de géneros,,['Políticas de géneros'],3402
1884,140551,https://www.revistaanfibia.com/loca-loca-loca/,"Loca, loca, loca",Violencia de género en la policía,Mariana Sirimarco,2019-10-08 11:33:08,Políticas de géneros,,['Políticas de géneros'],2458
1885,140634,https://www.revistaanfibia.com/la-rosca-politica/,No hay política sin rosca,Armadores y gobernabilidad,Mariana Gené,2019-10-10 11:25:44,Política y Economía,Ensayo,['Política y Economía'],2629
1886,140692,https://www.revistaanfibia.com/corrupcion-circunstancial-corrupcion-sistemica-impide-desarrollo/,Corrupción circunstancial y corrupción sistémica: ¿Cuál impide el desarrollo?,Coimas y Leliqs,Pedro Gaite,2019-10-12 15:24:09,Política y Economía,,['Política y Economía'],1421
1887,140703,https://www.revistaanfibia.com/protesta-indigena-para-negociar-no-basta-con-tener-razon/,Protesta indígena: Para negociar no basta con tener razón,Paro nacional en Ecuador,Rosa Cañete Alonso,2019-10-13 10:45:26,Política y Economía,,['Política y Economía'],1553
1888,140812,https://www.revistaanfibia.com/un-debate-presidencial-gondola-de-candidatos/,Un debate presidencial no es una góndola de candidatos,"Memes, chicanas y eslóganes",Ezequiel Adamovsky,2019-10-15 13:24:44,Política y Economía,Ensayo,['Política y Economía'],2750
1889,140879,https://www.revistaanfibia.com/feminismo-ese-lugar-incomodo/,"El feminismo, ese lugar incómodo",El Encuentro en La Plata,Julieta Greco; Leila Mesyngier,2019-10-16 12:14:24,Políticas de géneros,,['Políticas de géneros'],4129
1890,140951,https://www.revistaanfibia.com/lo-que-cambiemos-nos-lego/,Lo que Cambiemos nos legó,"Gestión, ciudadanía y una nueva cultura política",Lucía Ariza; Nicolás Freibrun,2019-10-17 17:00:54,Política y Economía,Ensayo,['Política y Economía'],2939
1891,141095,https://www.revistaanfibia.com/chile-saqueo-comenzo-hace-ya-tiempo/,Chile: El saqueo comenzó hace ya tiempo,Crónica urgente de las revueltas populares,Francisca Márquez,2019-10-21 11:57:11,Política y Economía,,['Política y Economía'],933
1892,141109,https://www.revistaanfibia.com/chile-no-es-guerra-es-el-fin-de-ciclo/,"No es una guerra, es el fin de un ciclo",Crisis política en Chile,Patricio Fernández,2019-10-21 14:50:15,Política y Economía,,['Política y Economía'],1666
1893,141121,https://www.revistaanfibia.com/operacion-triunfo/,Operación Triunfo,Debate presidencial,Eugenia Mitchelstein,2019-10-21 16:21:01,Política y Economía,Ensayo,['Política y Economía'],1757
1894,141198,https://www.revistaanfibia.com/la-dignidad-de-los-que-vienen/,La dignidad de los que vienen,Crisis política en Chile,Juan Cristóbal Peña,2019-10-22 15:02:30,Política y Economía,Crónica,['Política y Economía'],1861
1895,141258,https://www.revistaanfibia.com/el-neoliberalismo-en-su-encrucijada/,El neoliberalismo en su encrucijada,El estallido en Sudamérica,Menara Lube Guizardi,2019-10-23 16:57:11,Política y Economía,Ensayo,['Política y Economía'],2684
1896,141336,https://www.revistaanfibia.com/invertir-en-ciencias-sociales/,¿Por qué hay que invertir en ciencias (también) sociales?,Investigar en las universidades públicas,Jerónimo Pinedo; Victoria D'Amico; Nicolás Welschinger,2019-10-25 11:35:55,Política y Economía,Crónica,['Política y Economía'],2784
1897,142617,https://www.revistaanfibia.com/abortar-en-america-latina-y-el-caribe-acceso-y-obstaculos/,Abortar en América Latina y el Caribe: acceso y obstáculos,,,2019-10-25 13:25:33,Políticas de géneros,,['Políticas de géneros'],7353
1898,141345,https://www.revistaanfibia.com/chile-la-revolucion-de-los-cabros/,Chile: la revolución de los cabros,Crónica de unas vacaciones imposibles,Cristian Alarcón,2019-10-25 13:31:13,Política y Economía,,['Política y Economía'],4267
1899,141377,https://www.revistaanfibia.com/nuestro-lugar-en-la-rosca/,Nuestro lugar en la rosca,Marea verde y construcción electoral,Michelle Volpin,2019-10-26 09:21:26,Políticas de géneros,,['Políticas de géneros'],2382
1900,141409,https://www.revistaanfibia.com/evo-morales-y-el-dilema-de-las-clases-medias/,Evo y el dilema de las clases medias,Elecciones en Bolivia,Armando Ortuño,2019-10-27 09:29:24,Política y Economía,Ensayo,['Política y Economía'],2377
1901,141441,https://www.revistaanfibia.com/mejores/,Mejores,Elecciones: crónica del festejo,Paula Bistagnino,2019-10-28 13:59:08,Política y Economía,,['Política y Economía'],2893
1902,141501,https://www.revistaanfibia.com/cuando-habitaremos-este-limbo/,¿Hasta cuándo habitaremos este limbo?,"Cepo, inflación y deuda",Germán Feldman,2019-10-29 15:37:07,Política y Economía,,['Política y Economía'],2231
1903,141535,https://www.revistaanfibia.com/el-desafio-de-gobernar-una-sociedad-rota/,El desafío de gobernar una sociedad rota,El regreso del peronismo,Pablo Semán,2019-10-30 14:59:24,Política y Economía,Ensayo,['Política y Economía'],1914
1904,141569,https://www.revistaanfibia.com/la-escuela-no-ensena-odiar/,La escuela no enseña a odiar,"Educación, violencia y medios",Manuel Becerra,2019-10-31 12:38:03,Educación,Ensayo,['Educación'],2476
1905,141607,https://www.revistaanfibia.com/primer-peronista-porteno/,El primer peronista porteño,"Unir, coordinar y liderar",Julio Burdman,2019-11-01 14:00:39,Política y Economía,Ensayo,['Política y Economía'],1226
1906,141710,https://www.revistaanfibia.com/no-sera-magia/,No será magia,El regreso del peronismo,Adriano Peirone,2019-11-04 16:08:15,Política y Economía,,['Política y Economía'],1721
1907,141738,https://www.revistaanfibia.com/no-podemos-retroceder-30-anos/,No podemos retroceder 30 años,La “híper” del 89,Natalí Risso,2019-11-05 10:58:12,Política y Economía,,['Política y Economía'],2266
1908,141771,https://www.revistaanfibia.com/ensenar-historia-construir-la-esperanza/,"Enseñar historia, construir la esperanza",La ciencia de los hombres y las mujeres en el tiempo,Federico Lorenz,2019-11-06 14:27:57,Culturas,Ensayo,['Culturas'],2677
1909,141780,https://www.revistaanfibia.com/fantasias-bugs-bunny/,Fantasías animadas de ayer y hoy,Warner Brothers en clave queer,Tomás Eliaschev,2019-11-06 15:12:15,Culturas,,['Culturas'],2169
1910,141847,https://www.revistaanfibia.com/lula-bolsonaro-neofascismo/,"El neofascismo, fase dura del neoliberalismo",Las derechas en el Cono Sur,Diego Sztulwark,2019-11-08 15:51:53,Política y Economía,,['Política y Economía'],3441
1911,141938,https://www.revistaanfibia.com/como-derrocaron-a-evo/,¿Cómo derrocaron a Evo?,Bolivia y la contrarrevolución,Fernando Molina; Pablo Stefanoni,2019-11-11 16:26:30,Política y Economía,Ensayo,['Política y Economía'],2363
1912,142016,https://www.revistaanfibia.com/quien-problema-la-vivienda-digna/,¿Quién solucionará el problema de la vivienda digna?,Ensayos para pensar la sociedad argentina,Mercedes Di Virgilio,2019-11-13 07:32:31,Política y Economía,Ensayo,['Política y Economía'],2641
1913,142107,https://www.revistaanfibia.com/que-hacer-derecha-radical/,¿Qué hacer frente a la derecha radical?,Vox y las elecciones en España,Franco Delle Donne,2019-11-13 14:32:46,Política y Economía,Ensayo,['Política y Economía'],1845
1914,142183,https://www.revistaanfibia.com/pensar-bolivia-con-el-corazon-en-la-boca/,Pensar Bolivia con el corazón en la boca,Del proceso de cambio al golpe de Estado,Damián Andrada,2019-11-14 19:19:47,Política y Economía,Ensayo,['Política y Economía'],4551
1915,142095,https://www.revistaanfibia.com/jaula-del-confort/,Una jaula del confort con barrotes de algoritmos,"Pantallas, negocios, cerebros y big data",Esteban Magnani,2019-11-15 12:52:37,Tecnologías,,['Tecnologías'],2498
1916,142226,https://www.revistaanfibia.com/golpes-de-estado-en-america-latina/,El patio trasero a fuerza de golpes,América Latina en disputa,Leandro Morgenfeld,2019-11-15 14:22:16,Política y Economía,Ensayo,['Política y Economía'],2479
1917,142281,https://www.revistaanfibia.com/la-complicidad-del-fmi-con-el-ajuste/,FMI: el cómplice del ajuste,Deuda y derechos humanos,Juan Pablo Bohoslavsky,2019-11-16 19:00:00,Política y Economía,Ensayo,['Política y Economía'],1843
1918,142373,https://www.revistaanfibia.com/sabina-frederic-mas-o-menos-policias-esa-es-la-cuestion/,"Más o menos policías, ¿esa es la cuestión?",Ensayos para pensar la sociedad argentina,Sabina Frederic,2019-11-19 15:26:25,Política y Economía,,['Política y Economía'],2094
1919,142418,https://www.revistaanfibia.com/el-empate-latinoamericano/,El empate latinoamericano,Sociedades rotas y posneoliberalismo,Fernando Rosso,2019-11-20 15:59:53,Política y Economía,Ensayo,['Política y Economía'],1609
1920,142584,https://www.revistaanfibia.com/25n-hitos-de-la-justicia-feminista-en-latinoamerica-y-el-caribe/,#25N Hitos de la Justicia Feminista en Latinoamérica y el Caribe,,,2019-11-25 12:41:28,Políticas de géneros,,['Políticas de géneros'],4871
1921,142657,https://www.revistaanfibia.com/colombia-dejo-de-tener-miedo/,Colombia dejó de tener miedo,"Paro, marchas, cacerolazos",Omar Rincón,2019-11-26 14:39:14,Política y Economía,Crónica,['Política y Economía'],2529
1922,142678,https://www.revistaanfibia.com/treinta-gramos-comida-dia/,Treinta gramos de comida por día,"La Argentina, fracturada y rebelde",Gabriel Tuñez,2019-11-27 11:16:41,Política y Economía,,['Política y Economía'],2860
1923,142724,https://www.revistaanfibia.com/como-deberian-ser-hoy-las-politicas-de-genero/,¿Cómo deberían ser hoy las políticas de género?,Ensayos para pensar la sociedad argentina,Laura Masson,2019-11-28 12:52:55,Políticas de géneros,,['Políticas de géneros'],2550
1924,142756,https://www.revistaanfibia.com/cual-es-el-costo-de-la-dignidad/,¿Cuál es el costo de la dignidad?,Crisis política en Chile,Alison Vivanco,2019-11-29 12:24:45,Política y Economía,,['Política y Economía'],1385
1925,142858,https://www.revistaanfibia.com/asi-estamos-viviendo-loco/,"¿Así estamos viviendo nosotros, loco?",Podría ser yo,Pablo Vila; Elizabeth Jelin,2019-12-02 13:42:41,Culturas,,['Culturas'],3053
1926,142912,https://www.revistaanfibia.com/santiago-artemis-travestis/,¿Qué daño les podemos hacer las travestis?,El show de Santiago Artemis en Netflix,Marlene Wayar,2019-12-03 14:48:27,Políticas de géneros,Ensayo,['Políticas de géneros'],1477
1927,142903,https://www.revistaanfibia.com/endeudados/,Prometieron emprendedores y dejaron endeudados,El malestar de las deudas “de abajo”,Ariel Wilkis; Estefanía Pozzo,2019-12-04 10:13:39,Política y Economía,Crónica,['Política y Economía'],2610
1928,142944,https://www.revistaanfibia.com/residentes/,"Hace 30 horas que no duermo, ¿atiendo a tu hijo?",Paro de residentes y concurrentes,Celeste del Bianco,2019-12-04 15:34:01,Salud,Crónica,['Salud'],3413
1929,142988,https://www.revistaanfibia.com/riquelme-la-ultima-gambeta/,Riquelme: la última gambeta a la usina macrista,Elecciones en Boca,Germán Uriarte; Ignacio Damiani,2019-12-05 16:18:59,Política y Economía,Crónica,['Política y Economía'],3940
1930,143102,https://www.revistaanfibia.com/cepo-economistas-de-macri/,Por qué fallaron la economía y los economistas de Macri,El origen del fracaso,Ezequiel Burgo,2019-12-09 11:31:58,Política y Economía,Crónica,['Política y Economía'],3693
1931,143111,https://www.revistaanfibia.com/respuesta-feminista-crisis/,Una respuesta feminista para frenar la crisis,Cómo desactivar la bomba económica,Estefanía Pozzo,2019-12-09 16:24:54,Políticas de géneros,Ensayo,['Políticas de géneros'],1913
1932,143137,https://www.revistaanfibia.com/alberto-fernandez-comenzar-por-los-ultimos-para-llegar-a-todes/,Comenzar por los últimos para llegar a todes,El discurso de Alberto,,2019-12-10 15:03:11,Política y Economía,Ensayo,['Política y Economía'],7362
1933,143165,https://www.revistaanfibia.com/sobredosis-de-tv/,Sobredosis de TV,Mariana Enríquez vs los panelistas,Mariana Enríquez,2019-12-11 02:07:37,Política y Economía,,['Política y Economía'],1907
1934,143166,https://www.revistaanfibia.com/aca-estoy-vuelta-amor/,"Acá estoy de vuelta, mi amor",La plaza del pueblo,Melisa Codina; Pablo Redes Vidart,2019-12-11 03:24:29,Política y Economía,,['Política y Economía'],1558
1935,143185,https://www.revistaanfibia.com/la-mas-maravillosa-musica/,La más maravillosa música,La plaza del pueblo,Mariano del Mazo,2019-12-11 13:48:41,Política y Economía,,['Política y Economía'],1382
1936,143210,https://www.revistaanfibia.com/caer-en-el-monotributo/,Caer en el monotributo,La reforma laboral ya ocurrió,Tali Goldman,2019-12-11 15:22:55,Política y Economía,Crónica,['Política y Economía'],2252
1937,143229,https://www.revistaanfibia.com/desarmar-la-maquina-extorsionar/,Cómo desarmar la máquina de extorsionar,Las reformas en el sector inteligencia y la justicia federal,Natalia Federman; Ileana Arduino,2019-12-12 12:53:03,Política y Economía,,['Política y Economía'],2089
1938,143246,https://www.revistaanfibia.com/el-alfonsin-de-alberto-fernandez/,El Alfonsín de Alberto Fernández,"Democracia, derechos humanos y justicia social",Pablo Semán,2019-12-12 16:03:40,Política y Economía,,['Política y Economía'],1138
1939,143251,https://www.revistaanfibia.com/70-anos-de-peronismo/,¿70 años de peronismo o 111 años de liberalismo?,"Historia económica, clases y partidos",Ezequiel Adamovsky,2019-12-12 17:13:04,Política y Economía,Ensayo,['Política y Economía'],3086
1940,143287,https://www.revistaanfibia.com/dia-descubris-tenes-solo-cuerpo/,El día que descubrís que tenés un solo cuerpo,Anfibia Papel,Julián Gorodischer,2019-12-13 10:35:43,Amor y sexo,,['Amor y sexo'],1855
1941,143413,https://www.revistaanfibia.com/economia-popular-no-es-mafia/,"No es mafia, es cuidado",Las clases trabajadoras organizadas,Florencia Pacífico; María Inés Fernández Álvarez,2019-12-16 16:35:36,Política y Economía,Ensayo,['Política y Economía'],3436
1942,143459,https://www.revistaanfibia.com/patricia-bullrich-polis-pastis/,"Se fue Pato, quedan los polis y las pastis",Las consecuencias de la “guerra contra el narcotráfico”,María Florencia Alcaraz,2019-12-17 15:15:54,Política y Economía,Crónica,['Política y Economía'],3545
1943,143504,https://www.revistaanfibia.com/ca7riel-y-paco-amoroso/,Trap de conservatorio,Ca7riel y Paco Amoroso,Mariano Del Águila,2019-12-19 10:39:04,Culturas,,['Culturas'],2295
1944,143551,https://www.revistaanfibia.com/retenciones-en-la-mesa-familiar/,Diez razones para discutir sobre retenciones en la mesa familiar,Ley de solidaridad social,Roly Villani,2019-12-20 15:31:32,Política y Economía,Ensayo,['Política y Economía'],1804
1945,143623,https://www.revistaanfibia.com/hay-lugar-para-el-disenso/,¿Hay lugar para el disenso?,Agenda Argentina,Julia Goldenberg,2019-12-23 14:36:37,Política y Economía,,['Política y Economía'],2748
1946,143699,https://www.revistaanfibia.com/la-panza-llena-los-nutrientes-justos/,"La panza llena, los nutrientes justos",Alimentación y cultura saludable,Denise Berler,2019-12-26 14:10:54,Salud,,['Salud'],2280
1947,143772,https://www.revistaanfibia.com/de-la-cerveza-al-gin-tonic-sobrevivir-a-una-dieta-low-carb/,De la cerveza al gin tonic: sobrevivir a una dieta low carb,Premio Crónica Patagónica,Bruno Salvador Oliva,2019-12-30 10:21:01,Culturas,,['Culturas'],4073
1948,143774,https://www.revistaanfibia.com/comer-carne-derecha/,¿Comer carne es de derecha?,Costumbres argentinas,Sol Civale; Daniel Schteingart,2019-12-30 15:27:37,Política y Economía,,['Política y Economía'],3098
1949,143841,https://www.revistaanfibia.com/diez-dias-en-silencio/,Diez días en silencio,Diario de un retiro de meditación,Esteban Feune de Colombi,2019-12-30 15:38:19,Culturas,,['Culturas'],3976
1950,143912,https://www.revistaanfibia.com/perfomance-menos-obras-mas-practicas/,"Perfomance: menos obras, más prácticas",Manifiesto de la investigación experimental,Silvio Lang,2020-01-02 12:02:11,Culturas,,['Culturas'],2661
1951,143300,https://www.revistaanfibia.com/artista-va-serpiente-los-museos/,El artista que va con su serpiente a los museos,Ernesto Neto en el Malba,Mercedes Pérez Bergliaffa,2020-01-03 10:18:19,Culturas,,['Culturas'],1345
1952,144033,https://www.revistaanfibia.com/padre-los-youtubers/,El padre de los Youtubers,Kuky Pumar: la mente detrás del canal #1,Micaela Ortelli,2020-01-06 14:56:47,Culturas,,['Culturas'],2326
1953,144067,https://www.revistaanfibia.com/lo-unico-repara-la-justicia/,Lo único que repara es la justicia,Abuso sexual eclesiástico,,2020-01-07 11:19:56,Política y Economía,,['Política y Economía'],877
1954,144107,https://www.revistaanfibia.com/dioses-vidas-ajenas/,Dioses de vidas ajenas,Muerte digna y juicio por jurados,Gabriela Polit Dueñas,2020-01-08 10:29:03,Salud,,['Salud'],2302
1955,144117,https://www.revistaanfibia.com/australia-lo-dinero-no-puede-controlar/,Australia: todo lo que el dinero no puede controlar,Cambio climático,Marina Aizen,2020-01-08 15:50:53,Ambiente,,['Ambiente'],2415
1956,144149,https://www.revistaanfibia.com/iran-es-un-pais-real/,Irán es un país real,"Orgullo, taarof y mártires",Fernando Duclos,2020-01-09 14:29:27,Política y Economía,Crónica,['Política y Economía'],1663
1957,144214,https://www.revistaanfibia.com/alguna-vez-encontrare-a-mi-mama/,¿Alguna vez encontraré a mi mamá?,Premio Crónica Patagónica,Ángeles Alemandi,2020-01-10 12:29:46,Política y Economía,Crónica,['Política y Economía'],5821
1958,144425,https://www.revistaanfibia.com/travas-putos-y-tortas-en-el-reino-de-la-soja/,"Travas, putos y tortas en el reino de la soja","Masculinidad, agro y violencias",Johana Kunin; Patricio Simonetto,2020-01-14 11:47:38,Políticas de géneros,Ensayo,['Políticas de géneros'],4089
1959,144393,https://www.revistaanfibia.com/conflictos-y-desafios-en-el-feminismo/,Conflictos y desafíos en el feminismo,"Aborto legal, democracia y DDHH",Laura Klein,2020-01-15 13:05:51,Políticas de géneros,,['Políticas de géneros'],4423
1960,144474,https://www.revistaanfibia.com/nisman-la-trampa-de-las-dos-campanas/,Nisman: la trampa de las dos campanas,"El fiscal, la presidenta y el espía",Sonia Budassi,2020-01-16 14:05:37,Culturas,Ensayo,['Culturas'],4140
1961,144672,https://www.revistaanfibia.com/no-son-manada/,No son manada,Los rugbiers y el crimen en Villa Gesell,Miriam Maidana,2020-01-20 09:51:00,Culturas,,['Culturas'],1801
1962,144724,https://www.revistaanfibia.com/cuidadora-no-se-nace-se/,"Cuidadora no se nace, se hace",La experiencia uruguaya,Mariana Cianelli,2020-01-21 11:21:37,Políticas de géneros,Crónica,['Políticas de géneros'],3400
1963,144771,https://www.revistaanfibia.com/la-masacre-de-la-rusia-putin/,La masacre imperdonable de la Rusia de Putin,A 15 años del ataque a la escuela de Beslán,Hinde Pomeraniec,2020-01-22 11:08:35,Política y Economía,Crónica,['Política y Economía'],6230
1964,144845,https://www.revistaanfibia.com/descansar-un-lujo-para-pocos/,"Descansar, un lujo para pocos","Cuidado, mercado laboral y desigualdad",Rosa Cañete Alonso,2020-01-22 12:27:06,Política y Economía,Ensayo,['Política y Economía'],819
1965,144878,https://www.revistaanfibia.com/la-memoria-del-holocausto-en-la-politica-argentina/,La memoria del Holocausto en la política argentina,Alberto Fernández en Israel,Emmanuel Kahan,2020-01-23 09:01:50,Política y Economía,Ensayo,['Política y Economía'],2865
1966,145090,https://www.revistaanfibia.com/de-que-trabaja-tu-mama/,¿De qué trabaja tu mamá?,"Putas, feminismo y maternidad",Tali Goldman; Las Raras Podcast,2020-01-27 14:12:45,Políticas de géneros,,['Políticas de géneros'],2747
1967,145098,https://www.revistaanfibia.com/sobrevivir-en-la-frontera/,Sobrevivir en la frontera,Venezolanos en Brasil,Nicolás Cabrera,2020-01-28 12:13:16,Política y Economía,,['Política y Economía'],3196
1968,145110,https://www.revistaanfibia.com/hospital-posadas/,Las huellas de un hospital sensible,El Posadas y la salud pública,Mónica Yemayel,2020-01-28 17:02:38,Salud,Crónica,['Salud'],5561
1969,144855,https://www.revistaanfibia.com/nunca-volvi-usar-vestidito-flores/,Nunca volví a usar el vestidito de flores,Coger y Comer sin culpa: adelanto,María del Mar Ramón,2020-01-29 10:55:04,Amor y sexo,,['Amor y sexo'],2851
1970,145140,https://www.revistaanfibia.com/yo-pago-lo-mio-no-te-necesito/,Yo pago lo mío (no te necesito),Mujeres del trap,Tamara Tenenbaum,2020-01-31 10:41:09,Culturas,,['Culturas'],3230
1971,145164,https://www.revistaanfibia.com/la-polarizacion-despues-la-grieta/,La polarización después de la grieta,El escenario político y la opinión pública,Diego Villanueva; Tomás Aguerre,2020-02-03 10:43:50,Política y Economía,,['Política y Economía'],2269
1972,145210,https://www.revistaanfibia.com/brumadinho-que-hay-despues-del-lodo/,Brumadinho: ¿qué hay después del lodo?,Crimen ambiental en Brasil,Azul Cordo,2020-02-05 12:27:50,Ambiente,,['Ambiente'],3372
1973,145228,https://www.revistaanfibia.com/gordo-amor-marginalidad-politica-conurbano/,Gordo amor,Marginalidad y política en el Conurbano,Javier Auyero; Sofía Servián,2020-02-07 12:36:48,Política y Economía,Crónica,['Política y Economía'],2816
1974,145234,https://www.revistaanfibia.com/interrupcion-voluntaria-de-la-deuda/,Interrupción voluntaria de la deuda,Las urgencias coyunturales de la economía feminista,Luci Cavallero; Verónica Gago,2020-02-07 22:01:11,Políticas de géneros,Ensayo,['Políticas de géneros'],2789
1975,145252,https://www.revistaanfibia.com/quienes-estan-detras-de-los-papelitos/,¿Quiénes están detrás de los papelitos?,"Trabajo sexual, feminismos y políticas públicas",Cecilia Varela; Deborah Daich,2020-02-10 15:00:23,Políticas de géneros,Crónica,['Políticas de géneros'],2050
1976,145263,https://www.revistaanfibia.com/pueblos-indigenas-la-deuda-pendiente/,Pueblos originarios: la deuda pendiente,Desarrollo productivo y medioambiente,Alejandro Balazote; Sebastián Valverde,2020-02-11 14:14:12,Política y Economía,Ensayo,['Política y Economía'],2787
1977,145278,https://www.revistaanfibia.com/once-desafios-para-el-futuro-del-conectar-igualdad/,Once desafíos para el futuro del Conectar Igualdad,La nueva política de inclusión digital,Sebastián Benítez Larghi; Nicolás Welschinger,2020-02-12 12:04:54,Educación,Ensayo,['Educación'],3239
1978,145298,https://www.revistaanfibia.com/alarmas-reales-alarmas-mediaticas/,Alarmas reales y alarmas mediáticas,Coronavirus,Martín De Ambrosio,2020-02-13 13:03:59,Salud,Crónica,['Salud'],1635
1979,144869,https://www.revistaanfibia.com/lejano-sur-lejano-oeste/,"Lejano sur, lejano oeste",Premio Crónica Patagónica,Ariel Adler,2020-02-17 10:07:30,Culturas,,['Culturas'],5442
1980,145353,https://www.revistaanfibia.com/la-asombrosa-excursion-de-zamba-al-feminismo/,La asombrosa excursión de Zamba al feminismo,Nuevas infancias e industrias culturales,Tomás Eliaschev,2020-02-18 10:58:26,Políticas de géneros,,['Políticas de géneros'],2446
1981,145373,https://www.revistaanfibia.com/la-ley-la-calle/,La ley de la calle,#AbortoLegal2020,Dolores Reyes,2020-02-19 13:11:49,Políticas de géneros,,['Políticas de géneros'],1099
1982,145361,https://www.revistaanfibia.com/la-carne-mas-barata/,La carne más barata,AnfibiaPapel CUERPO,Carolina Unrein,2020-02-20 13:09:21,Amor y sexo,,['Amor y sexo'],1760
1983,145411,https://www.revistaanfibia.com/periodistas-contra-el-periodismo/,Periodistas contra el periodismo,Periodismo DaDá: somos los otros y las otras,Mar Abad,2020-02-21 10:48:23,Culturas,,['Culturas'],1650
1984,145456,https://www.revistaanfibia.com/la-odisea-pensar-juntes-aula/,La odisea de pensar juntes en un aula,Vuelta a clases,Federico Lorenz,2020-02-26 11:47:33,Educación,,['Educación'],2686
1985,145481,https://www.revistaanfibia.com/las-nuevas-pandemias-del-planeta-devastado/,Las nuevas pandemias del planeta devastado,Coronavirus y desmonte,Marina Aizen,2020-02-28 12:51:14,Ambiente,Crónica,['Ambiente'],1861
1986,145502,https://www.revistaanfibia.com/sinfonia-para-un-nuevo-equilibrio/,Sinfonía para un nuevo equilibrio,El discurso de Alberto Fernández,Tomás Aguerre,2020-03-02 12:27:37,Política y Economía,Ensayo,['Política y Economía'],1775
1987,145522,https://www.revistaanfibia.com/el-default-en-casa/,El default en casa,Deuda privada y derechos humanos,Juan Pablo Bohoslavsky,2020-03-03 15:07:42,Política y Economía,Ensayo,['Política y Economía'],1554
1988,145530,https://www.revistaanfibia.com/no-pasar-por-esta-vida-como-un-fantasma/,No pasar por esta vida como un fantasma,Lohana Berkins,Josefina Fernández,2020-03-04 12:05:32,Políticas de géneros,,['Políticas de géneros'],4694
1989,145547,https://www.revistaanfibia.com/olor-a-diablo/,Olor a diablo,AnfibiaPapel CUERPO,Cristian Alarcón,2020-03-05 12:03:28,Amor y sexo,Crónica,['Amor y sexo'],588
1990,145561,https://www.revistaanfibia.com/cuadernos-existencia-lesbiana/,Cuadernos de existencia lesbiana,Contra la ola feminista victimizante,Adriana Carrasco,2020-03-06 10:09:50,Políticas de géneros,,['Políticas de géneros'],1730
1991,145598,https://www.revistaanfibia.com/8m-por-que-paramos-en-america-latina/,#8M ¿Por qué paramos en América Latina?,Especial 070 y Revista Anfibia,,2020-03-08 17:34:19,Políticas de géneros,,['Políticas de géneros'],2583
1992,145610,https://www.revistaanfibia.com/el-paro-y-la-furia-desde-el-acorazado-travesti-trans/,El paro y la furia desde el acorazado travesti trans,El #9M de Luz Aimé,Lara María Bertolini,2020-03-09 11:25:38,Políticas de géneros,,['Políticas de géneros'],1996
1993,145634,https://www.revistaanfibia.com/feminazis-femilasies-cultura-politica-feminismo/,"Ni feminazis ni femilasies: cultura, política y feminismo",Museo del Libro y de la Lengua,María Moreno,2020-03-10 15:39:07,Políticas de géneros,,['Políticas de géneros'],1326
1994,145644,https://www.revistaanfibia.com/virus-fue-la-escuela/,El virus fue a la escuela,Coronavirus en Viedma,Santiago Rey,2020-03-11 12:10:04,Salud,Crónica,['Salud'],2473
1995,145648,https://www.revistaanfibia.com/rosario-14-dias-aislar-virus/,Rosario: 14 días para aislar el virus,Coronavirus y volver de Italia,Arlen Buchara,2020-03-11 14:26:58,Salud,Crónica,['Salud'],2689
1996,145670,https://www.revistaanfibia.com/coronavirus-la-oms-lo-anuncio-septiembre/,Coronavirus: la OMS lo anunció en septiembre,La carrera por la primera vacuna,Valeria Román,2020-03-13 11:08:40,Salud,Ensayo,['Salud'],1733
1997,145716,https://www.revistaanfibia.com/la-intemperie-puertas-adentro/,La intemperie puertas adentro,Coronavirus en Chaco,Cecilia Lis García,2020-03-16 10:32:55,Salud,Crónica,['Salud'],2022
1998,145718,https://www.revistaanfibia.com/vejez-humor-aguante/,"Vejez, humor y aguante",Coronavirus y mayores de 65,Celeste del Bianco,2020-03-16 13:14:37,Salud,Crónica,['Salud'],2302
1999,145741,https://www.revistaanfibia.com/coronavirus-mata-petroleo/,Coronavirus mata petróleo,Crisis de hidrocarburos,Marina Aizen,2020-03-17 10:39:30,Política y Economía,Ensayo,['Política y Economía'],1831
2000,145761,https://www.revistaanfibia.com/la-ultima-cena-del-home-office/,La última cena antes del home office,Coronavirus en Alemania,Emilia Erbetta,2020-03-18 10:26:41,Salud,Crónica,['Salud'],2215
2001,145785,https://www.revistaanfibia.com/voceros-del-virus-pseudoprogres-tibios-extremistas/,"Voceros del virus: pseudoprogres, tibios y extremistas",Los discursos de la pandemia,Sonia Budassi,2020-03-19 13:47:52,Política y Economía,,['Política y Economía'],3817
2002,145796,https://www.revistaanfibia.com/controlar-la-pandemia-gobernar-miedo/,"Controlar la pandemia, gobernar el miedo","Coronavirus, infodemia y la antropofobia",Instituto de Salud Colectiva (UNLa),2020-03-20 10:42:31,Política y Economía,,['Política y Economía'],1584
2003,145812,https://www.revistaanfibia.com/atrapada-pais-tump/,Atrapada en el país de Trump,Coronavirus en Nueva York,Naimid Cirelli,2020-03-21 10:35:43,Salud,,['Salud'],2490
2004,145842,https://www.revistaanfibia.com/no-son-vacaciones-pandemia/,No son vacaciones,El coronavirus de oriente a occidente,Lucila Carzoglio; Salvador Marinaro,2020-03-23 12:37:37,Salud,Crónica,['Salud'],2583
2005,145868,https://www.revistaanfibia.com/justificar-silenciar-encubrir/,"Justificar, silenciar, encubrir",Las declaraciones de Videla sobre los desaparecidos,Valentina Salvi,2020-03-24 12:44:04,Política y Economía,,['Política y Economía'],4945
2006,145859,https://www.revistaanfibia.com/el-oraculo-de-las-palabras/,El oráculo de las palabras,Coronavirus y aislamiento,Claudia Piñeiro,2020-03-24 18:09:59,Salud,,['Salud'],1241
2007,145891,https://www.revistaanfibia.com/virus-corona-alberto/,El virus que corona a Alberto,Cómo se toman las decisiones en el gobierno,Andrés Fidanza,2020-03-25 14:34:12,Política y Economía,Crónica,['Política y Economía'],3030
2008,145918,https://www.revistaanfibia.com/bolsonavirus/,Bolsonavirus,Pandemia y cacerolazos en Brasil,Facundo Fernández Barrio,2020-03-26 15:46:42,Política y Economía,,['Política y Economía'],2978
2009,145954,https://www.revistaanfibia.com/la-cuarentena-lxs-sin-techo/,La cuarentena de lxs sin techo,Coronavirus y aislamiento social,Roly Villani,2020-03-30 10:25:23,Política y Economía,Crónica,['Política y Economía'],1602
2010,145932,https://www.revistaanfibia.com/la-globalizacion-se-declara-en-quiebra/,La globalización se declara en quiebra,Coronavirus y capitalismo financiero,Martín De Ambrosio,2020-03-31 09:57:43,Política y Economía,,['Política y Economía'],1927
2011,145974,https://www.revistaanfibia.com/nunca-estuvimos-mas-cerca/,Nunca estuvimos más cerca,Coronavirus y aislamiento en el Conurbano,Dolores Reyes,2020-03-31 10:28:29,Salud,,['Salud'],1177
2012,146004,https://www.revistaanfibia.com/aplauso-no-alcanza/,Con el aplauso no alcanza,"Confianza, salud y políticas públicas",Hugo Mercer,2020-04-01 12:54:36,Salud,,['Salud'],2845
2013,146014,https://www.revistaanfibia.com/parar-la-olla-durante-la-pandemia/,Parar la olla durante la pandemia,Economía popular y cuidados colectivos,Dolores Señorans; María Inés Fernández Álvarez; Florencia Pacífico,2020-04-02 10:44:00,Política y Economía,,['Política y Economía'],2535
2014,146036,https://www.revistaanfibia.com/hamsters-plataformas-teletrabajo/,Los nuevos hámsters de las plataformas,Coronavirus y trabajo a distancia,Sofía Scasserra,2020-04-02 11:57:56,Tecnologías,,['Tecnologías'],1972
2015,146058,https://www.revistaanfibia.com/virus-nos-esta-desnudando/,El virus nos está desnudando,Coronavirus en Italia,Andrea Meccia,2020-04-03 10:25:20,Salud,Crónica,['Salud'],1920
2016,146072,https://www.revistaanfibia.com/la-sobremesa-papa-nerd/,La sobremesa con un papá nerd,Coronavirus: carta a nuestrxs hijxs,Alexandre Roig,2020-04-04 10:31:26,Salud,,['Salud'],2191
2017,146098,https://www.revistaanfibia.com/la-ilusion-vivir-siempre/,La ilusión de vivir como siempre,Coronavirus y neoliberalismo en Nueva York,Juan Gago,2020-04-06 10:34:17,Salud,,['Salud'],1973
2018,145672,https://www.revistaanfibia.com/coronavirus-diario-aislamiento-italia/,Diario del aislamiento en Italia,Crónicas del Coronavirus,Felicitas Carman,2020-04-06 14:52:23,Salud,Crónica,['Salud'],12808
2019,146112,https://www.revistaanfibia.com/escapados-sin-salida/,Escapados sin salida,"Cuarentena, salud pública y economía",Pablo Semán,2020-04-06 16:12:51,Política y Economía,,['Política y Economía'],2052
2020,146117,https://www.revistaanfibia.com/dragon-dejo-mito/,El dragón que dejó de ser un mito,China después del Coronavirus,Ariel Slipak,2020-04-07 14:10:18,Política y Economía,,['Política y Economía'],2584
2021,146132,https://www.revistaanfibia.com/dios-espera-demasiado/,"""Dios espera demasiado de mí""",Poco ortodoxa,Mariana Levy; Tali Goldman,2020-04-08 13:08:12,Culturas,,['Culturas'],2817
2022,146148,https://www.revistaanfibia.com/deuda-vivienda-trabajo-una-agenda-feminista-la-pospandemia/,"Deuda, vivienda y trabajo: una agenda feminista para la pospandemia",Coronavirus y neoliberalismo,Verónica Gago; Luci Cavallero,2020-04-09 10:49:05,Políticas de géneros,,['Políticas de géneros'],2819
2023,146165,https://www.revistaanfibia.com/reinventar-el-teatro/,Reinventar el teatro,Coronavirus y artes escénicas,Juan Coulasso,2020-04-09 12:24:58,Culturas,,['Culturas'],1135
2024,146192,https://www.revistaanfibia.com/los-falsos-profetas-la-pospandemia/,Los falsos profetas de la pospandemia,Filosofía y coronavirus,Silvio Waisbord,2020-04-10 17:01:15,Culturas,,['Culturas'],2435
2025,145747,https://www.revistaanfibia.com/muy-en-una-edicion-corona-virus/,Muy en una: Edición Corona Virus,Nuevo podcast anfibio,Anfibia Podcast,2020-04-13 11:11:43,Salud,Crónica,['Salud'],197
2026,146224,https://www.revistaanfibia.com/la-economia-en-cinco-postales/,La economía en cinco postales,Coronavirus y empleo,Julia Strada,2020-04-14 09:40:40,Política y Economía,,['Política y Economía'],3664
2027,146245,https://www.revistaanfibia.com/te-prefiero-fuera-de-foco-intimidad/,Te prefiero fuera de foco,"Lo público, la intimidad y la cuarentena",Santiago Canevaro; María Victoria Castilla,2020-04-15 11:47:07,Tecnologías,Crónica,['Tecnologías'],1917
2028,146161,https://www.revistaanfibia.com/vigilar-y-castigar-en-democracia/,Vigilar y castigar (en democracia),Coronavirus y fuerzas de seguridad,Diego Galeano,2020-04-15 13:05:47,Política y Economía,Ensayo,['Política y Economía'],2010
2029,146278,https://www.revistaanfibia.com/china-se-ordena-la-poblacion-mas-grande-del-mundo/,China: cómo se ordena la población más grande del mundo,"Gripes, pandemias y disciplina",Alejandra Conconi,2020-04-16 10:43:10,Política y Economía,,['Política y Economía'],2026
2030,146300,https://www.revistaanfibia.com/no-tener-olfato/,No tener olfato,Coronavirus en primera persona,Ana Longoni,2020-04-17 10:58:26,Salud,Crónica,['Salud'],2989
2031,146453,https://www.revistaanfibia.com/una-salida-forma-v/,"Una salida con forma de ""V""",Coronavirus y trabajo,Pablo Molina Derteano; Eduardo Chávez Molina,2020-04-20 10:37:28,Política y Economía,,['Política y Economía'],2242
2032,146508,https://www.revistaanfibia.com/logica-policial-etica-del-cuidado/,Lógica policial o ética del cuidado,"Coronavirus, aislamiento y políticas de control",María Victoria Pita; Eleonor Faur,2020-04-21 16:17:55,Política y Economía,,['Política y Economía'],2700
2033,146539,https://www.revistaanfibia.com/fiestas-virtuales-extrano-a-gente-que-no-conozco/,Extraño a gente que no conozco,Fiestas virtuales,Bruno Salvador Oliva; Melisa Codina,2020-04-24 06:26:11,Culturas,Crónica,['Culturas'],1687
2034,146585,https://www.revistaanfibia.com/los-varones-agreden/,¿Qué hacer con los varones que agreden?,"Coronavirus, aislamiento y violencias",Luciano Fabbri; Ignacio Rodríguez,2020-04-28 10:36:10,Políticas de géneros,,['Políticas de géneros'],1889
2035,146595,https://www.revistaanfibia.com/una-lucha-silenciosa-silenciada/,Una lucha silenciosa y silenciada,José León Suárez: todas las pandemias,Eliana Bussi; Silvia Grinberg; Eduardo Verón,2020-04-28 12:26:20,Política y Economía,,['Política y Economía'],2412
2036,146641,https://www.revistaanfibia.com/green-new-deal/,Nuestro Green New Deal,Justicia Ecosocial y Económica,Maristella Svampa; Enrique Viale,2020-04-29 09:00:01,Ambiente,,['Ambiente'],2454
2037,146621,https://www.revistaanfibia.com/la-hermandad-de-mi-cuadra/,La hermandad de mi cuadra,"Clase media, crisis y pandemia",María O' Donnell,2020-04-29 11:10:57,Salud,,['Salud'],2483
2038,146685,https://www.revistaanfibia.com/migrantes-la-cuarentena-imposible/,Migrantes: la cuarentena imposible,Las fronteras de la pandemia,Ana Paula Penchaszadeh; Natalia Gavazzo,2020-04-30 16:46:18,Política y Economía,,['Política y Economía'],2214
2039,146729,https://www.revistaanfibia.com/no-abrimos-google-classroom/,Por qué no abrimos antes Google Classroom,"Coronavirus, escuela y aprendizaje",Manuel Becerra,2020-05-04 11:49:40,Educación,,['Educación'],2769
2040,146753,https://www.revistaanfibia.com/nuggets-murcielagos-cocinamos-las-pandemias-hoy/,Nuggets y murciélagos: cómo cocinamos las pandemias de hoy,Coronavirus y granjas industriales,Soledad Barruti,2020-05-05 10:26:26,Ambiente,,['Ambiente'],2829
2041,146754,https://www.revistaanfibia.com/somos-mas-fragiles-lo-pensabamos/,Somos más frágiles de lo que pensábamos,La pandemia y su devenir,Pablo Pellegrini,2020-05-05 13:10:05,Salud,,['Salud'],3243
2042,146774,https://www.revistaanfibia.com/el-planeta-en-el-titanic/,El planeta en el Titanic,"Política, ciencia y calentamiento global",Marina Aizen,2020-05-06 12:14:01,Ambiente,,['Ambiente'],1785
2043,146801,https://www.revistaanfibia.com/la-rebelion-la-evidencia/,La rebelión contra la evidencia,Cacerolazos en cuarentena,Ezequiel Adamovsky,2020-05-08 11:22:20,Política y Economía,,['Política y Economía'],2100
2044,146807,https://www.revistaanfibia.com/carceles-y-covid/,El virus no se detiene en la entrada del penal,"Las Cárceles, el Covid-19 y el mundo exterior",Marcelo Bergman,2020-05-08 13:23:51,Política y Economía,,['Política y Economía'],2579
2045,146794,https://www.revistaanfibia.com/nuestro-futuro/,Nuestro futuro,Pandemia y dilemas por venir,Cristian Alarcón,2020-05-08 17:15:24,Culturas,,['Culturas'],4987
2046,146855,https://www.revistaanfibia.com/dano-las-pandemias/,El daño de las pandemias,El Covid y los intelectuales,Federico Neiburg,2020-05-11 10:55:50,Política y Economía,,['Política y Economía'],2082
2047,146870,https://www.revistaanfibia.com/una-nueva-economia-moral/,Una nueva economía moral,Coronavirus y distancias sociales,Ariel Wilkis,2020-05-12 10:36:26,Política y Economía,,['Política y Economía'],1537
2048,146884,https://www.revistaanfibia.com/hacerle-honor-la-tragedia/,Hacerle honor a la tragedia,"Pandemia, cuerpos y teatro",Ivanna Soto,2020-05-13 10:50:47,Salud,,['Salud'],2384
2049,146904,https://www.revistaanfibia.com/puedo-decirte-quien-no/,Puedo decirte quién no soy,Camila Sosa Villada,Hinde Pomeraniec,2020-05-15 11:23:02,Culturas,,['Culturas'],3691
2050,146873,https://www.revistaanfibia.com/cuerpo-por-cuerpo/,Cuerpo por cuerpo,Adelanto de Aramburu,María O' Donnell,2020-05-15 15:42:27,Política y Economía,,['Política y Economía'],1124
2051,146937,https://www.revistaanfibia.com/las-cronicas-del-mundo-viene/,Las crónicas del mundo que viene,"Cambio climático, extinción y literatura",Gisela Heffes,2020-05-18 10:57:51,Ambiente,,['Ambiente'],2341
2052,146945,https://www.revistaanfibia.com/imposible-sobrevivir-a-una-pandemia-sin-agua/,Imposible sobrevivir a una pandemia sin agua,Coronavirus en la Villa 31,,2020-05-18 14:09:26,Salud,,['Salud'],700
2053,146989,https://www.revistaanfibia.com/sabia-ibas-reaccionar-asi/,Sabía que ibas a reaccionar así,Cómo nos comportamos ante la flexibilización,Iván Budassi; José Nesis,2020-05-19 14:46:21,Política y Economía,,['Política y Economía'],2363
2054,146982,https://www.revistaanfibia.com/navegar-contra-el-viento-en-los-tiempos-del-virus/,Navegar contra el viento en los tiempos del virus,"Estado, sociedad y Covid 19",Fernando Calderón,2020-05-20 11:49:02,Salud,,['Salud'],1040
2055,147021,https://www.revistaanfibia.com/desorden-los-sentidos/,El desorden de los sentidos,Coronavirus y subjetividades,Laura Malosetti Costa,2020-05-21 10:33:45,Salud,,['Salud'],1546
2056,147058,https://www.revistaanfibia.com/cuantos-puentes-hacen-falta-frenar-virus/,¿Cuántos puentes hacen falta para frenar el virus?,Las organizaciones sociales en la pandemia,Gabriel Tuñez,2020-05-22 16:07:45,Política y Economía,,['Política y Economía'],3004
2057,147099,https://www.revistaanfibia.com/una-respuesta-religiosa/,Una respuesta (religiosa) a la fragilidad del mundo,La fe en tiempos de Covid-19,Diego Mauro,2020-05-26 11:29:47,Salud,Ensayo,['Salud'],2088
2058,147116,https://www.revistaanfibia.com/instrucciones-desactivar-la-funcion-muerte/,Instrucciones para desactivar la función muerte,Anfibia Papel CUERPO,Paula Sibilia,2020-05-27 10:35:26,Tecnologías,,['Tecnologías'],1459
2059,147043,https://www.revistaanfibia.com/senegales-en-bahia-blanca/,Un senegalés en Bahía Blanca,Migrantes de otro mundo: la historia de Nar Dieng,Laureano Barrera,2020-05-28 10:30:37,Política y Economía,,['Política y Economía'],4979
2060,147139,https://www.revistaanfibia.com/libertad-incondicional-en-las-fronteras-del-capitalismo/,Cómo no dejar escapar una vida entera,"Trabajo precarizado, renta básica y poscapitalismo",David Casassas,2020-05-28 12:06:21,Política y Economía,,['Política y Economía'],1530
2061,147181,https://www.revistaanfibia.com/planificar-la-salud-curar-la-desigualdad/,Planificar la salud para curar la desigualdad,Pandemia y desafíos del sistema público,Juan M. Graña; Cecilia Rikap; Corina Rodríguez Enríquez,2020-06-01 13:11:05,Salud,,['Salud'],2319
2062,147196,https://www.revistaanfibia.com/no-podemos-respirar/,No podemos respirar,#BlackLivesMatter,Sandra Chagas,2020-06-01 21:13:19,Política y Economía,Ensayo,['Política y Economía'],1328
2063,147209,https://www.revistaanfibia.com/asi-es-el-racismo-criollo/,Así es el racismo criollo,De Estados Unidos a Argentina,Federico Pita,2020-06-02 11:05:00,Política y Economía,Ensayo,['Política y Economía'],1937
2064,147221,https://www.revistaanfibia.com/como-es-la-opresion-racial/,Cómo es la opresión racial,"EEUU, violencia policial y población afro",Javier Auyero; Gabriela Polit Dueñas,2020-06-03 11:03:04,Política y Economía,Crónica,['Política y Economía'],1350
2065,147242,https://www.revistaanfibia.com/la-rebelion-empieza-rio-misisipi/,La rebelión empieza en el Río Misisipi,Testimonios desde Estados Unidos,María Mansilla,2020-06-03 16:04:20,Política y Economía,,['Política y Economía'],2769
2066,147252,https://www.revistaanfibia.com/la-nueva-normalidad-de-la-participacion-ciudadana/,La nueva normalidad de la participación ciudadana,¿Democracia en pausa?,Rocío Annunziata,2020-06-04 11:10:15,Política y Economía,Ensayo,['Política y Economía'],1727
2067,147267,https://www.revistaanfibia.com/nos-tienen-en-la-mira/,Nos tienen en la mira,Pueblos indígenas en Chaco,Malena Inés Castilla,2020-06-05 13:30:14,Política y Economía,,['Política y Economía'],2549
2068,147239,https://www.revistaanfibia.com/la-mala-muerte/,La mala muerte,"Duelos, rituales y Covid-19",Valérie Robin Azevedo; Laura Marina Panizo,2020-06-08 10:29:37,Salud,,['Salud'],2672
2069,147305,https://www.revistaanfibia.com/hashtag-no-polariza/,El hashtag que no polariza,#AbortoLegal,Natalia Aruguete; Ernesto Calvo,2020-06-09 10:48:56,Política y Economía,Ensayo,['Política y Economía'],2944
2070,147324,https://www.revistaanfibia.com/las-5-vidas-las-politicas-sociales/,Las 5 vidas de las políticas sociales,Ciclo IDAES ¿Por dónde salimos?,Mariana Heredia; Luisina Perelmiter,2020-06-11 10:31:34,Política y Economía,,['Política y Economía'],1389
2071,147351,https://www.revistaanfibia.com/lasoportunidades-y-alarmas-enciende-caso-vicentin/,Las oportunidades y alarmas que enciende el caso Vicentín,Los nuevos modelos de empresas estatales,Anabel Marín; Rocío Palacín; Mariano Fressoli,2020-06-11 14:36:53,Política y Economía,,['Política y Economía'],1933
2072,147363,https://www.revistaanfibia.com/testigos-la-caida/,Testigos de la caída,Cómo vive Santa Fe la intervención de Vicentin,Arlen Buchara; Ricardo Robins,2020-06-12 15:47:22,Política y Economía,,['Política y Economía'],3933
2073,147325,https://www.revistaanfibia.com/me-olvido-de-todo-menos-de-mi-cuerpo/,Me olvido de todo menos de mi cuerpo,Pescarse el Covid en país ajeno,Alia Trabucco Zerán,2020-06-16 12:10:36,Salud,Crónica,['Salud'],3368
2074,147429,https://www.revistaanfibia.com/disputar-el-modelo-de-produccion/,Disputar el modelo de producción,Ambientalismo popular,Bruno Rodríguez; Mercedes Pombo,2020-06-17 10:42:43,Ambiente,,['Ambiente'],1985
2075,147447,https://www.revistaanfibia.com/ensuciar-al-enemigo/,Ensuciar al enemigo,El discurso político de la oposición,Nicolás Freibrun,2020-06-18 11:32:19,Política y Economía,,['Política y Economía'],1663
2076,147461,https://www.revistaanfibia.com/aprendemos-los-varones-padres/,¿Qué aprendemos los varones padres?,"Pandemia, aislamiento y paternidades",Daniel Jones,2020-06-19 11:56:54,Políticas de géneros,,['Políticas de géneros'],1994
2077,147492,https://www.revistaanfibia.com/cien-dias-que-sacudieron-al-estado/,Cien días que sacudieron al Estado,Asistencia en modo remoto,Luisina Perelmiter; Pilar Arcidiácono,2020-06-22 11:32:42,Política y Economía,,['Política y Economía'],3021
2078,147516,https://www.revistaanfibia.com/imaginarios-salir-del-desastre/,Imaginarios para salir del desastre,Conversación entre Angela Davis y Naomi Klein,Lucía Sbriller; Solana de la Torre,2020-06-23 12:04:10,Ambiente,,['Ambiente'],2404
2079,147541,https://www.revistaanfibia.com/problema-no-escote/,El problema no es el escote,Mujeres en televisión,Julieta Greco,2020-06-24 10:55:14,Políticas de géneros,,['Políticas de géneros'],2359
2080,147554,https://www.revistaanfibia.com/le-tenemos-miedo/,¿A qué le tenemos miedo?,Coronavirus en América Latina,Esteban De Gori; Sofía Cordero,2020-06-26 11:42:51,Salud,,['Salud'],2584
2081,147601,https://www.revistaanfibia.com/los-desmontes-sin-cuarentena/,Los desmontes sin cuarentena,Topadoras y fuego: las armas del agronegocio,Soledad Barruti,2020-06-30 12:25:12,Ambiente,,['Ambiente'],2523
2082,147633,https://www.revistaanfibia.com/una-globalizacion-distinta-cada-mes/,¿Una globalización distinta cada mes?,Los peligros después de la pandemia,Néstor García Canclini,2020-07-01 11:59:28,Política y Economía,Ensayo,['Política y Economía'],2092
2083,147703,https://www.revistaanfibia.com/vida-digna/,¿Qué es una vida digna?,El debate por la redistribución de la riqueza,Dolores Señorans; María Inés Fernández Álvarez; Florencia Pacífico,2020-07-03 12:26:16,Política y Economía,Ensayo,['Política y Economía'],2534
2084,147767,https://www.revistaanfibia.com/despues-la-pandemia-tsunami-tecnologico/,"Después de la pandemia, el tsunami tecnológico",Industria 4.0 y el futuro del trabajo,Marcelo Estayno; Joaquín Valdés,2020-07-06 11:10:44,Tecnologías,,['Tecnologías'],1830
2085,147812,https://www.revistaanfibia.com/hornear-tuitear-castigar/,"Hornear, tuitear y castigar",Bake off: final inesperado,Pablo Méndez Shiff,2020-07-06 17:06:30,Culturas,,['Culturas'],2126
2086,147820,https://www.revistaanfibia.com/diccionario-hablar-naturaleza/,Un diccionario para hablar de “naturaleza”,Ecocrítica: las humanidades ambientales,Gisela Heffes,2020-07-07 12:06:31,Ambiente,,['Ambiente'],2739
2087,147846,https://www.revistaanfibia.com/la-batalla-la-propiedad-clave-feminista/,La batalla por la propiedad en clave feminista,Ley de alquileres e intervención de Vicentin,Verónica Gago; Luci Cavallero,2020-07-08 11:36:22,Políticas de géneros,,['Políticas de géneros'],2112
2088,147851,https://www.revistaanfibia.com/un-lugar-pars-los-besos-no-damos/,Un lugar para los besos que no damos,Aguafuertes de aislamiento,María Moreno,2020-07-08 13:30:50,Amor y sexo,Crónica,['Amor y sexo'],2007
2089,147862,https://www.revistaanfibia.com/son-dias-de-silencio-inusual-en-la-favela/,Son días de silencio inusual en la favela,Coronavirus en Brasil,Diego Galeano; Maria Alice Balbino,2020-07-08 19:35:02,Salud,Crónica,['Salud'],1574
2090,147899,https://www.revistaanfibia.com/dilema-la-filosofia-tech-pensar-mundo-mejor-explotar-al-humano-nunca/,Pensar un mundo mejor o explotar al humano como nunca antes,El dilema de la filosofía tech,Tomás Pérez Vizzón,2020-07-10 11:54:59,Tecnologías,,['Tecnologías'],1392
2091,147954,https://www.revistaanfibia.com/agustin-alezzo-hombre-amurallado/,Agustín Alezzo: el hombre amurallado,La memoria del maestro,Mónica Yemayel,2020-07-13 11:29:33,Culturas,,['Culturas'],4948
2092,147989,https://www.revistaanfibia.com/el-patch-work-legal-sobre-la-prostitucion/,El patch-work legal sobre la prostitución,Argentina: entre la reglamentación y el abolicionismo,Marisa Tarantino; Agustina Iglesias Skulj,2020-07-14 12:38:35,Políticas de géneros,,['Políticas de géneros'],2036
2093,148023,https://www.revistaanfibia.com/hablamos-cuando-hablamos-pobreza/,¿De qué hablamos cuando hablamos de pobreza?,La vida de los barrios populares en Montevideo,Verónica Filardo; Denis Merklen,2020-07-15 10:35:23,Política y Economía,Ensayo,['Política y Economía'],5097
2094,148076,https://www.revistaanfibia.com/un-nuevo-mapa-global/,Un nuevo mapa global: la única salida de esta crisis,"América Latina, ambiente y pospandemia",María Mansilla; Ezequiel Fernández Bravo,2020-07-16 17:42:46,Ambiente,,['Ambiente'],1501
2095,148086,https://www.revistaanfibia.com/volver-al-aula-para-reconstruir-una-sociedad/,Volver al aula para reconstruir una sociedad,Enseñar y aprender en la pandemia,Federico Lorenz,2020-07-17 11:15:21,Educación,Ensayo,['Educación'],2613
2096,148132,https://www.revistaanfibia.com/el-ultimo-baile/,El último baile,Cristina Fernández de Kirchner,Mariana Verón,2020-07-20 10:47:32,Política y Economía,Ensayo,['Política y Economía'],1862
2097,148175,https://www.revistaanfibia.com/derechas-calles-infectadura/,Cuando las derechas toman las calles,"De la ""infectadura"" a las plazas",Ezequiel Saferstein; Martín Vicente,2020-07-21 09:59:58,Política y Economía,Ensayo,['Política y Economía'],2922
2098,148193,https://www.revistaanfibia.com/los-feminismos-estan-repensando-mundo/,Los feminismos están repensando el mundo,"Globalización, violencias y relatos",Leila Mesyngier,2020-07-21 13:18:35,Políticas de géneros,,['Políticas de géneros'],1368
2099,148214,https://www.revistaanfibia.com/unico-cable-hacia-mundo/,El único cable hacia el mundo,"Infancias, plataformas y cuarentena",Esteban Magnani; Eleonora Fernández,2020-07-22 10:37:24,Educación,,['Educación'],2583
2100,148315,https://www.revistaanfibia.com/un-concurso-fantastico/,Un concurso fantástico,Fondo Nacional de las Artes: la polémica por el género,Beatriz Vignoli,2020-07-27 12:00:36,Políticas de géneros,,['Políticas de géneros'],1729
2101,148346,https://www.revistaanfibia.com/biblias-botas-votos-anez/,"Biblias, botas y votos",Crisis política y sanitaria en Bolivia,Damián Andrada; Fátima Monasterio Mercado,2020-07-28 11:19:30,Política y Economía,,['Política y Economía'],3101
2102,148367,https://www.revistaanfibia.com/tus-zonas-erroneas/,Tus zonas erróneas,La regulación estatal de Google y Facebook,Martín Becerra,2020-07-29 10:50:40,Política y Economía,,['Política y Economía'],2212
2103,148412,https://www.revistaanfibia.com/intensidades-peligrosas/,Intensidades peligrosas,El discurso del odio como amenaza a la democracia,Santiago Cafiero,2020-08-01 15:47:18,Política y Economía,Ensayo,['Política y Economía'],1425
2104,148432,https://www.revistaanfibia.com/deuda-externa-no-eterna/,"Deuda externa, no eterna",Economía e ideología,Julia Strada,2020-08-03 17:49:04,Política y Economía,,['Política y Economía'],3000
2105,148446,https://www.revistaanfibia.com/adaptar-sistema-cientifico-una-pandemia/,Cómo adaptar un sistema científico a una pandemia,#OrgulloUnsam,Martín De Ambrosio,2020-08-04 18:22:04,Política y Economía,,['Política y Economía'],3978
2106,148467,https://www.revistaanfibia.com/la-cultura-independiente-despues-del-apagon/,La cultura independiente después del apagón,Ciclo IDAES ¿Por dónde salimos?,Mariana Heredia; Natalia Calcagno,2020-08-05 15:18:49,Tecnologías,,['Tecnologías'],1451
2107,148481,https://www.revistaanfibia.com/derecho-la-desconexion/,Derecho a la desconexión,Ley de teletrabajo,Sofía Scasserra,2020-08-06 10:29:26,Tecnologías,,['Tecnologías'],2111
2108,148485,https://www.revistaanfibia.com/punto-g-fragilidad/,El Punto G de mi fragilidad,Sexteame,Luciana Peker,2020-08-07 12:09:03,Amor y sexo,Crónica,['Amor y sexo'],2629
2109,148512,https://www.revistaanfibia.com/los-rusos-aman-natalia-oreiro/,Por qué los rusos aman a Natalia Oreiro,El documental Nasha Natacha,Julia Muriel Dominzain,2020-08-10 11:25:08,Culturas,,['Culturas'],2557
2110,148539,https://www.revistaanfibia.com/virus-la-cancelacion/,El virus de la cancelación,Punitivismo y redes sociales,Nicolás Cuello; Lucas Disalvo,2020-08-11 11:02:59,Tecnologías,Ensayo,['Tecnologías'],2198
2111,148557,https://www.revistaanfibia.com/enemigo-publico-no-es-humano/,El nuevo enemigo público no es humano,La pandemia como falla de inteligencia,Germán E. Gallino,2020-08-12 14:36:25,Salud,Ensayo,['Salud'],1846
2112,148614,https://www.revistaanfibia.com/tiktok-baile-la-dominacion-digital-global/,TikTok: el baile por la dominación digital global,"Estados Unidos, China y la geopolítica",Xavier Ibarreche,2020-08-18 11:49:35,Política y Economía,Ensayo,['Política y Economía'],2291
2113,148637,https://www.revistaanfibia.com/belleza-momentos-disruptivos/,Belleza para momentos disruptivos,Colaboración arte y ciencia,Sebastián Verea,2020-08-19 10:52:22,Culturas,,['Culturas'],2160
2114,148671,https://www.revistaanfibia.com/distintas-chimeneas-mismo-fuego/,Distintas chimeneas de un mismo fuego,Rosario: quema de humedales del Delta del Paraná,Ricardo Robins; Arlen Buchara,2020-08-21 15:42:44,Ambiente,Crónica,['Ambiente'],3295
2115,148702,https://www.revistaanfibia.com/desarmar-la-infodemia/,Cómo desarmar la infodemia,"Fake news, medios y Estado",Diego Vesciunas; Glenn Postolski; Pablo Hernández,2020-08-25 11:48:46,Política y Economía,,['Política y Economía'],2303
2116,148724,https://www.revistaanfibia.com/derecho-penal-en-la-mira/,El derecho penal en la mira,Los feminismos en la encrucijada del punitivismo,Deborah Daich; Cecilia Varela,2020-08-26 16:52:18,Política y Economía,,['Política y Economía'],3394
2117,148750,https://www.revistaanfibia.com/consejos-politicos-sexo-virtual/,Consejos políticos para el sexo virtual,Tecnocapitalismo y cuarentena,Margarita Martínez,2020-08-28 10:25:49,Amor y sexo,,['Amor y sexo'],2160
2118,148795,https://www.revistaanfibia.com/la-ciencia-argentina-esta-en-orbita/,La ciencia argentina está en órbita,SAOCOM 1B: un lanzamiento en pandemia,Nadia Luna,2020-08-31 10:58:09,Política y Economía,Crónica,['Política y Economía'],2360
2119,148823,https://www.revistaanfibia.com/negacionismo-cientifico-desconfio/,Desconfío,El negacionismo científico en la pandemia,Nicolás Viotti,2020-09-01 10:30:48,Política y Economía,Ensayo,['Política y Economía'],2709
2120,148828,https://www.revistaanfibia.com/los-cuerpos-la-pandemia-calles-domesticadas/,Los cuerpos de la pandemia y sus calles domesticadas,Covid y desaceleración,Cristina Rivera Garza,2020-09-03 11:41:01,Salud,,['Salud'],4699
2121,148861,https://www.revistaanfibia.com/internet-se-rompio/,Internet se rompió,Los arrepentidos de la tecnología,Axel Marazzi,2020-09-04 10:23:23,Tecnologías,,['Tecnologías'],2521
2122,148902,https://www.revistaanfibia.com/facundo-castro-cuerpos-aparecen-casualidad/,Los cuerpos aparecen por casualidad,Facundo Castro: la policía como problema político,Sebastián N. Ortega,2020-09-07 12:47:47,Política y Economía,Crónica,['Política y Economía'],3398
2123,148910,https://www.revistaanfibia.com/quien-nos-va-a-cuidar-de-viejes/,¿Quién nos va a cuidar de viejes?,Ciclo IDAES ¿Por dónde salimos?,Mariana Heredia; Pablo Nemiña,2020-09-08 13:16:49,Salud,,['Salud'],2067
2124,148922,https://www.revistaanfibia.com/el-pendulo-y-el-tobogan/,El péndulo y el tobogán,La política argentina y su devenir,Pablo Semán,2020-09-09 10:24:03,Política y Economía,Ensayo,['Política y Economía'],1018
2125,148939,https://www.revistaanfibia.com/policia-bonaerense-comer-delante-de-los-pobres/,Comer delante de los pobres,El reclamo de la Policía Bonaerense,José Garriga Zucal,2020-09-10 15:47:57,Política y Economía,,['Política y Economía'],1179
2126,148934,https://www.revistaanfibia.com/hablar-de-racismo-hasta-que-ya-no-exista/,Hablar de racismo hasta que ya no exista,El hip hop será antirracista o no será hip hop,Razón Hip Hop,2020-09-10 16:11:17,Política y Economía,Ensayo,['Política y Economía'],1622
2127,148953,https://www.revistaanfibia.com/policia-bonaerense-mejor-que-arengar-es-escuchar/,Mejor que arengar es escuchar,El reclamo de la Policía Bonaerense,Tomás Bover,2020-09-11 11:12:27,Política y Economía,Ensayo,['Política y Economía'],2182
2128,148965,https://www.revistaanfibia.com/policia-bonaerense-armados-uniformados-y-movilizados/,"Armados, uniformados y movilizados",El reclamo de la Policía Bonaerense,Emiliano Gullo,2020-09-11 15:21:59,Política y Economía,,['Política y Economía'],2095
2129,149011,https://www.revistaanfibia.com/la-guerra-tibia-a-un-click/,La guerra tibia a un click,"Tik Tok, 5G, Huawei",Sebastián De Toma,2020-09-14 14:28:31,Política y Economía,,['Política y Economía'],2471
2130,149024,https://www.revistaanfibia.com/cuidados-atravesar-la-pandemia/,Cuidados para atravesar la pandemia,PBA: qué hacen las feministas en el Ministerio de Salud,Andrea Paz; Carla Giuliano,2020-09-15 10:31:52,Salud,Crónica,['Salud'],2448
2131,149052,https://www.revistaanfibia.com/narco-y-necro-la-estetica-del-capitalismo/,Narco y necro: la estética del capitalismo,El consumo sin filtro,Omar Rincón,2020-09-16 11:42:46,Política y Economía,,['Política y Economía'],1350
2132,149084,https://www.revistaanfibia.com/las-injusticias-sociales-detras-del-cambio-climatico/,Las injusticias sociales detrás del cambio climático,De la física a la política,Vicente Barros; Inés Camilloni,2020-09-17 10:38:16,Ambiente,,['Ambiente'],3102
2133,149099,https://www.revistaanfibia.com/cuevas-problema-legal-no-moral/,Cuevas: el problema es legal no moral,Dólares y mercado informal,María Soledad Sánchez,2020-09-17 15:44:49,Política y Economía,,['Política y Economía'],2290
2134,149121,https://www.revistaanfibia.com/vivos-de-instagram-el-nuevo-prime-time/,El nuevo prime time,Vivos de Instagram,Julián Gorodischer; Yamila Heram,2020-09-18 10:56:34,Tecnologías,Ensayo,['Tecnologías'],1947
2135,149131,https://www.revistaanfibia.com/el-odio-como-lenguaje/,El odio como lenguaje,Política y redes,Santiago Cafiero,2020-09-19 15:05:59,Política y Economía,,['Política y Economía'],1672
2136,149182,https://www.revistaanfibia.com/toma-guernica-a-donde-quieren-que-nos-vayamos/,¿A dónde quieren que nos vayamos?,La toma de Guernica,Emiliano Gullo,2020-09-23 13:09:52,Política y Economía,Crónica,['Política y Economía'],2761
2137,149200,https://www.revistaanfibia.com/coscu-el-senor-twitch/,"Coscu, el Señor Twitch",I.R.L. o vivir con la cámara en la cabeza,Guido Giambartolomei,2020-09-24 12:09:52,Culturas,Crónica,['Culturas'],2272
2138,149259,https://www.revistaanfibia.com/hate-news/,Hate news,Política y redes,Ezequiel Ipar,2020-09-28 11:16:24,Política y Economía,Ensayo,['Política y Economía'],1741
2139,149276,https://www.revistaanfibia.com/lo-pasa-cuando-se-derrite-glaciar/,Todo lo que pasa cuando se derrite un glaciar,Cambio climático y cuerpos de hielo,Marina Aizen,2020-09-29 15:16:22,Ambiente,,['Ambiente'],2710
2140,149296,https://www.revistaanfibia.com/twitter-el-laboratorio-politico/,"Twitter, el laboratorio político",Polarización en Argentina y Estados Unidos,Gabriel Kessler; Esteban Feuerstein; Juan Manuel Ortiz De Zárate; Federico Albanese,2020-09-30 11:24:05,Política y Economía,Ensayo,['Política y Economía'],2975
2141,149326,https://www.revistaanfibia.com/la-libertad-convive-la-muerte/,La libertad que convive con la muerte,Necroliberalismo,Agustín Lucas Prestifilippo,2020-10-01 11:25:44,Política y Economía,,['Política y Economía'],1371
2142,149349,https://www.revistaanfibia.com/se-puede-politizar-la-experiencia-anorexica/,¿Se puede politizar la experiencia anoréxica?,Activismo corporal,Florencia Lico,2020-10-02 10:36:15,Salud,Ensayo,['Salud'],1904
2143,149366,https://www.revistaanfibia.com/mas-ciencia-navegar-caos/,Más ciencia para navegar el caos,La cultura científica en la pandemia,Guadalupe Díaz Costanzo,2020-10-03 11:10:01,Política y Economía,,['Política y Economía'],1929
2144,149384,https://www.revistaanfibia.com/la-responsabilidad-del-1/,La responsabilidad del 1%,Impuesto a la riqueza y crisis ambiental,Mauro Fernández,2020-10-05 10:42:41,Ambiente,Ensayo,['Ambiente'],1924
2145,149421,https://www.revistaanfibia.com/glifosato-nuestro-chernobil-criollo/,Nuestro Chernóbil criollo,Los efectos del glifosato,Maristella Svampa; Enrique Viale,2020-10-07 11:21:23,Ambiente,Ensayo,['Ambiente'],3042
2146,149420,https://www.revistaanfibia.com/clase-media-somos-casi-todos/,Clase media somos (casi) todos,"Sociedad, Estado y dólar",Gabriel Tuñez,2020-10-07 15:35:39,Política y Economía,Crónica,['Política y Economía'],3310
2147,149447,https://www.revistaanfibia.com/incomoda-venezuela/,Incómoda Venezuela,El apoyo argentino al “Informe Bachelet”,José Natanson,2020-10-08 15:34:41,Política y Economía,,['Política y Economía'],2362
2148,149460,https://www.revistaanfibia.com/como-parar-el-fuego/,Cómo parar el fuego,"Piroceno: incendios, la adaptación al cambio climático",Marina Aizen,2020-10-09 12:30:36,Ambiente,,['Ambiente'],2168
2149,149485,https://www.revistaanfibia.com/la-trampa-del-mapuchometro/,La trampa del mapuchómetro,Lof Lafken Winkul Mapu,Claudia Briones; Ana Ramos,2020-10-12 14:43:32,Política y Economía,,['Política y Economía'],3103
2150,149510,https://www.revistaanfibia.com/dia-los-chinos-dejaron-comer-arroz/,El día que los chinos dejaron de comer solo arroz,"América Latina, la frontera extractivista",Fermín Koop,2020-10-13 11:07:08,Ambiente,,['Ambiente'],2057
2151,149535,https://www.revistaanfibia.com/ley-economia-conocimiento-argentina-y-la-fabrica-de-tecnologia-global/,Argentina y la fábrica de tecnología global,¿Qué economía del conocimiento necesitamos?,Verónica Robert; Gabriel Baum; Nicolás Moncaut,2020-10-14 13:26:50,Tecnologías,Ensayo,['Tecnologías'],2133
2152,149557,https://www.revistaanfibia.com/estan-les-viejes/,¿Cómo están les viejes?,"Pandemia, residencias y grupos de riesgo",Tali Goldman,2020-10-15 10:36:17,Salud,,['Salud'],2527
2153,149595,https://www.revistaanfibia.com/la-soja-esta-todos-lados/,Es como la soja: está en todos lados,La pandemia en los pueblos del sur de Santa Fe,Arlen Buchara; Ricardo Robins,2020-10-20 11:12:22,Política y Economía,Crónica,['Política y Economía'],3277
2154,149620,https://www.revistaanfibia.com/del-golpe-la-victoria/,Del golpe a la victoria,Elecciones en Bolivia,Fernando Mayorga,2020-10-20 21:05:51,Política y Economía,,['Política y Economía'],2117
2155,149637,https://www.revistaanfibia.com/que-significa-gobernar-hoy/,¿Qué significa gobernar hoy?,"90 años de ""El malestar en la cultura""",Nicolás Freibrun,2020-10-22 11:17:07,Política y Economía,,['Política y Economía'],2333
2156,149656,https://www.revistaanfibia.com/plebiscito-chile-si-apruebo/,Apruebo,Chile: escenas de memoria,Alejandra Costamagna,2020-10-23 10:58:49,Política y Economía,,['Política y Economía'],3305
2157,149705,https://www.revistaanfibia.com/plebiscito-chile-nuestros-octubres/,Nuestros octubres,Chile votó una nueva constitución,María Moreno,2020-10-26 12:51:08,Política y Economía,,['Política y Economía'],1947
2158,149747,https://www.revistaanfibia.com/dolores-etchevere-la-pesada-herencia/,La pesada herencia,Dolores Etchevehere y la pelea por la tierra familiar,Johana Kunin,2020-10-28 12:07:54,Política y Economía,Crónica,['Política y Economía'],2210
2159,149436,https://www.revistaanfibia.com/las-habitaciones-siempre/,Las habitaciones de siempre,"El destrato familiar, esa zona gris",Soledad Alvarez Campos,2020-10-30 10:40:20,Culturas,,['Culturas'],4770
2160,149801,https://www.revistaanfibia.com/intipuca-suenos-urnas/,Los sueños que no caben en las urnas,Migración y transnacionalismo en EEUU,Anita Pouchard-Serra; Koral Carballo; Jessica Ávalos,2020-10-31 08:14:34,Culturas,Crónica,['Culturas'],2833
2161,149782,https://www.revistaanfibia.com/no-temblar-frente-al-colapso/,Cómo no temblar frente al colapso,La serie sobre el futuro distópico,Darío Sztajnszrajber,2020-10-31 10:00:07,Culturas,,['Culturas'],1629
2162,149844,https://www.revistaanfibia.com/masterchef-cualquiera-puede-cocinar-en-tv/,Cualquiera puede cocinar (en TV),Masterchef,Pablo Méndez Shiff,2020-11-02 12:01:16,Culturas,Ensayo,['Culturas'],2488
2163,149857,https://www.revistaanfibia.com/abrazos-partidos/,Abrazos partidos,Río Tercero,,2020-11-03 12:52:31,Política y Economía,,['Política y Economía'],1120
2164,149765,https://www.revistaanfibia.com/si-pierde-trump-gana-el-planeta/,¿Si pierde Trump gana el planeta?,Elecciones en Estados Unidos y cambio climático,Marina Aizen,2020-11-04 10:30:31,Ambiente,Ensayo,['Ambiente'],2226
2165,149894,https://www.revistaanfibia.com/cronica-escandalo-trump-biden/,Crónica de un escándalo anunciado,Trump vs Biden,Leandro Morgenfeld,2020-11-04 18:57:07,Política y Economía,Ensayo,['Política y Economía'],1720
2166,149907,https://www.revistaanfibia.com/heredar-o-diferir-los-hijos-discolos-de-la-oligarquia/,Heredar o diferir: los hijos díscolos de la oligarquía,Familias de clase alta,Victoria Gessaghi,2020-11-05 16:36:55,Política y Economía,,['Política y Economía'],2578
2167,105880,https://www.revistaanfibia.com/nicolas-pachelo-el-apostador/,Nicolás Pachelo: el apostador,Crimen de María Marta García Belsunce,Martín Sassone,2020-11-09 10:00:19,Política y Economía,Crónica,['Política y Economía'],2805
2168,149946,https://www.revistaanfibia.com/opus-dei-heredero/,Heredero,Las causas judiciales que enfrenta el Opus Dei,Paula Bistagnino,2020-11-09 11:47:10,Culturas,,['Culturas'],184
2169,149964,https://www.revistaanfibia.com/bolivia-las-lecciones-poder/,Bolivia y las lecciones sobre el poder,La nueva etapa del Proceso de Cambio,Damián Andrada,2020-11-10 11:51:04,Política y Economía,,['Política y Economía'],3270
2170,149983,https://www.revistaanfibia.com/gambito-de-dama-ni-puta-ni-santa-ajedrecista/,Ni puta ni santa: ajedrecista,Gambito de Dama,Tali Goldman; Mariana Levy,2020-11-12 10:14:24,Culturas,,['Culturas'],2510
2171,150001,https://www.revistaanfibia.com/la-peor-vacuna-la-no-se-aplica/,La peor vacuna es la que no se aplica,"Ciencia, desconfianza y COVID",Nadia Luna,2020-11-13 11:03:45,Salud,,['Salud'],2521
2172,150023,https://www.revistaanfibia.com/tecnodiversidad-contra-el-apocalipsis/,Tecnodiversidad contra el apocalipsis,Filosofía de la tecnología,Yuk Hui,2020-11-16 10:04:52,Tecnologías,,['Tecnologías'],3117
2173,150051,https://www.revistaanfibia.com/goodbye-normalidad/,¿Goodbye normalidad?,Los medios versus Trump,Silvio Waisbord,2020-11-17 10:39:44,Política y Economía,Ensayo,['Política y Economía'],2361
2174,150062,https://www.revistaanfibia.com/ninguna-semilla-crece-sola/,Ninguna semilla crece sola,Agroecología en Argentina,Andrea Sosa Varrotti; Paula Carolina Serpe,2020-11-18 11:14:46,Ambiente,,['Ambiente'],2242
2175,150080,https://www.revistaanfibia.com/la-autoridad-pedagogica-jaque/,La autoridad pedagógica en jaque,Soledad Acuña contra la escuela pública,Mara Brawer,2020-11-18 12:55:08,Educación,,['Educación'],701
2176,150089,https://www.revistaanfibia.com/del-antropoceno-al-antro-obsceno/,Del antropoceno al antro obsceno,Pandemias de ayer y hoy,Matías Blaustein; Nicolás Rascovan; Gonzalo Manuel Sánchez,2020-11-19 11:46:00,Ambiente,,['Ambiente'],2366
2177,150114,https://www.revistaanfibia.com/peru-desactivar-la-vieja-politica/,Perú: desactivar la vieja política,Les jóvenes en la primera línea,Milagros Berríos Choroco; Carlos Contreras Chipana,2020-11-20 11:22:30,Política y Economía,Crónica,['Política y Economía'],2716
2178,150161,https://www.revistaanfibia.com/progresismo-laberinto-del-desarrollo/,El progresismo en el laberinto del desarrollo,¿Cómo construimos un futuro ecosocial?,Mariano Fressoli; Anabel Marín,2020-11-24 11:08:26,Ambiente,Ensayo,['Ambiente'],1583
2179,150175,https://www.revistaanfibia.com/requiem-rio-imposible/,Réquiem para un río imposible,Murió Diego Maradona,Gabriela Cabezón Cámara,2020-11-25 16:36:50,Culturas,Ensayo,['Culturas'],774
2180,150178,https://www.revistaanfibia.com/sali-dejame-llorar/,"Salí, dejame llorar",Murió Diego Maradona,,2020-11-25 18:46:19,Culturas,Ensayo,['Culturas'],670
2181,150193,https://www.revistaanfibia.com/toda-la-gracia-todas-las-gracias/,"Toda la gracia, todas las gracias",Murió Diego Maradona,Pablo Semán,2020-11-26 13:22:24,Culturas,Ensayo,['Culturas'],680
2182,150214,https://www.revistaanfibia.com/genero-raza-clase-llorar-maradona/,"Género, raza y clase para llorar a Maradona",La muerte del D10S,Adriana Carrasco,2020-11-26 15:25:50,Culturas,Ensayo,['Culturas'],1697
2183,150191,https://www.revistaanfibia.com/siempre-de-lado-sur-de-la-vida/,"Napoli juega al lotto, pero llorando",Murió Diego Maradona,Marco Ciriello,2020-11-26 16:15:45,Culturas,Crónica,['Culturas'],1537
2184,150240,https://www.revistaanfibia.com/quien-merece-amor/,Por quien merece amor,Murió Diego Maradona,Emiliano Gullo,2020-11-27 15:42:24,Culturas,Crónica,['Culturas'],2146
2185,150281,https://www.revistaanfibia.com/ensenar-intervenir-los-mundos-personales/,Enseñar es intervenir en los mundos personales,"Educación, pedagogía y política",Silvia Bernatené,2020-11-30 12:20:37,Educación,Ensayo,['Educación'],2972
2186,150317,https://www.revistaanfibia.com/endeudarse-pagar-alquiler/,Endeudarse hasta para pagar el alquiler,"Vivienda, crisis y pandemia",Marcela Perelman; Ariel Wilkis,2020-12-02 11:51:15,Política y Economía,,['Política y Economía'],2485
2187,150346,https://www.revistaanfibia.com/activismo-tambien-es-pasarla-bien/,Activismo también es pasarla bien,Cultura y migración,Sonia Budassi,2020-12-04 09:26:06,Culturas,,['Culturas'],1589
2188,150335,https://www.revistaanfibia.com/cierto-afuera-habia-sol/,Cierto que afuera había sol,Porteña en el monte,Lule Oke,2020-12-04 10:43:00,Culturas,,['Culturas'],3198
2189,2761,https://www.revistaanfibia.com/a-tus-pies-pachorra/,"A tus pies, Pachorra",Sabella,Diego Galeano,2020-12-09 10:30:23,Culturas,Crónica,['Culturas'],3062
2190,150386,https://www.revistaanfibia.com/la-intervencion-no-divina/,La intervención no es divina,Cristianos ante la pandemia,Diego Mauro; Mariano Fabris,2020-12-09 12:36:23,Culturas,,['Culturas'],2143
2191,150412,https://www.revistaanfibia.com/aborto-rosca-derechos2/,La rosca que garantiza nuestros derechos,Media sanción para el aborto,María Florencia Alcaraz,2020-12-11 10:59:03,Políticas de géneros,,['Políticas de géneros'],2211
2192,150408,https://www.revistaanfibia.com/aborto-politica-feministas/,Cuando la política oye a las feministas,Media sanción para el aborto,Tali Goldman,2020-12-11 11:07:45,Políticas de géneros,,['Políticas de géneros'],1662
2193,150442,https://www.revistaanfibia.com/yo-sali-para-que-salga/,"""Yo salí para que salga""",Media sanción para el aborto,Andrea D'Emilio; Celeste del Bianco,2020-12-11 14:17:24,Políticas de géneros,,['Políticas de géneros'],1153
2194,150467,https://www.revistaanfibia.com/memorias-de-una-joven-promesa/,Memorias de una joven promesa,Periodismo: ensayo de una profesión en crisis,Graciela Mochkofsky,2020-12-14 10:43:24,Culturas,,['Culturas'],8225
2195,150533,https://www.revistaanfibia.com/taxiboys-miserere/,El jardín de las delicias inquietantes,Los taxi boys de Plaza Miserere,Flavio Rapisardi; Francisco Ríos Flores,2020-12-16 11:34:28,Políticas de géneros,Crónica,['Políticas de géneros'],4514
2196,150590,https://www.revistaanfibia.com/que-dicen-los-que-si-y-que-dicen-los-que-no/,¿Qué dicen los que sí y qué dicen los que no?,Debate por el aborto legal,Oriana Seccia; Lucía Wegelin,2020-12-17 13:07:10,Políticas de géneros,,['Políticas de géneros'],3768
2197,150613,https://www.revistaanfibia.com/la-justicia-las-mujeres/,La Justicia contra las mujeres,Aborto y maternidades,Gloria Orrego-Hoyos; María Lina Carrera; Natalia Saralegui Ferrante,2020-12-18 12:07:02,Políticas de géneros,,['Políticas de géneros'],2690
2198,150622,https://www.revistaanfibia.com/mitologicas-del-derrumbe/,Mitológicas del derrumbe,"Pandemia, crisis e incertidumbre",Micaela Cuesta; Agustín Lucas Prestifilippo,2020-12-21 09:59:44,Política y Economía,,['Política y Economía'],2184
2199,150658,https://www.revistaanfibia.com/maradona-el-david-fiorito/,"Maradona, el David de Fiorito",Un mes sin Diego,Laura Malosetti Costa,2020-12-23 09:56:38,Culturas,Ensayo,['Culturas'],1362
2200,150659,https://www.revistaanfibia.com/todo-lo-que-viene-detras-de-un-muro/,Todo lo que viene detrás de un muro,La globalización fracasada,Ezequiel Ipar; Pablo Villarreal,2020-12-23 10:28:50,Política y Economía,,['Política y Economía'],1958
2201,150718,https://www.revistaanfibia.com/te-colgas-te-afanan/,Te colgás y te afanan,Las otras formas de prevenir la inseguridad,Brenda Focás,2020-12-28 11:15:04,Política y Economía,,['Política y Economía'],2217
2202,150745,https://www.revistaanfibia.com/lindo-volver-casa/,Qué lindo es volver a casa,"Content lab: Aerolíneas Argentinas, 70 años",Julián Varsavsky,2020-12-29 14:36:14,Culturas,,['Culturas'],2536
2203,150756,https://www.revistaanfibia.com/rompan-todo-las-marcas-del-negocio/,Rompan todo: las marcas del negocio,"Memorias, rock y juventud",Valeria Manzano,2020-12-29 16:37:43,Culturas,,['Culturas'],2330
2204,150782,https://www.revistaanfibia.com/nuestro-derecho-es-ley/,Nuestro derecho es ley,Cómo se aprobó el aborto en el Senado,María Florencia Alcaraz,2020-12-30 07:26:47,Políticas de géneros,,['Políticas de géneros'],3788
2205,150802,https://www.revistaanfibia.com/derechos-sexuales-los-dialogos-pendientes/,Derechos sexuales: los diálogos pendientes,El aborto voluntario es ley,Adriana Carrasco,2020-12-30 13:18:48,Políticas de géneros,,['Políticas de géneros'],2335
2206,150841,https://www.revistaanfibia.com/la-ley-del-deseo/,La ley del deseo,La vigilia en las calles,Laura Litvinoff,2020-12-30 16:18:19,Políticas de géneros,,['Políticas de géneros'],1779
2207,150873,https://www.revistaanfibia.com/la-nueva-la-sinrazon/,La nueva era de la sinrazón,"Estados Unidos: ciencia, política y pensamiento mágico",Silvio Waisbord,2021-01-04 10:39:55,Política y Economía,,['Política y Economía'],1717
2208,150881,https://www.revistaanfibia.com/se-puede-ser-racista-y-xenofobx-y-apoyar-el-aborto-legal/,¿Se puede ser racista y xenófobx y apoyar el aborto legal?,Debate por el aborto legal,Ezequiel Ipar,2021-01-04 16:57:26,Políticas de géneros,,['Políticas de géneros'],721
2209,150908,https://www.revistaanfibia.com/nunca-fuimos-monogamos/,Nunca fuimos monógamos,El mundo de las parejas,Maximiliano Marentes,2021-01-06 11:23:33,Amor y sexo,Ensayo,['Amor y sexo'],1717
2210,150921,https://www.revistaanfibia.com/el-congreso-por-asalto/,El Congreso por asalto,Trump y su legado,Juan Negri,2021-01-07 15:30:51,Política y Economía,,['Política y Economía'],1583
2211,150935,https://www.revistaanfibia.com/vos-tambien-sonaste-algo-raro-anoche/,¿Vos también soñaste algo raro anoche?,Sueños y acontecimientos: del nazismo a la pandemia,Claudio Berón; Hagar Blau Makaroff,2021-01-08 12:41:58,Salud,,['Salud'],2115
2212,150977,https://www.revistaanfibia.com/quien-no-quiere-vivir-en-varadero/,¿Quién no quiere vivir en Varadero?,Gentrificación en Cuba,Amaury Valdivia; Betsy Benítez,2021-01-14 15:01:35,Ambiente,,['Ambiente'],5407
2213,151047,https://www.revistaanfibia.com/los-anti-vacunas-de-la-primera-hora/,Los anti vacunas de la primera hora,De la viruela al Covid-19,Sebastián Stavisky,2021-01-18 11:25:08,Salud,Crónica,['Salud'],2321
2214,151069,https://www.revistaanfibia.com/wendy-brown-supremacismo/,La herida inestable del supremacismo,Wendy Brown,Wendy Brown,2021-01-19 11:29:51,Política y Economía,Ensayo,['Política y Economía'],2573
2215,151087,https://www.revistaanfibia.com/contagios-juventudes-covid/,¿Hay contagios que molestan más que otros?,La juventud como problema,Martín Güelman,2021-01-20 12:20:33,Política y Economía,,['Política y Economía'],2407
2216,151109,https://www.revistaanfibia.com/medios-redes-y-polarizacion/,"Medios, redes y polarización",Un debate abierto,Iván Schuliaquer; Gabriel Vommaro,2021-01-21 14:59:15,Política y Economía,Ensayo,['Política y Economía'],3019
2217,151124,https://www.revistaanfibia.com/conociendo-rusia-con-dibujos-animados/,Conociendo Rusia con dibujos animados,De Moscú a California,Tomás Eliaschev,2021-01-22 12:49:22,Culturas,Ensayo,['Culturas'],2131
2218,151131,https://www.revistaanfibia.com/nombre-dios-la-historia-detras-del-pare-sufrir/,En nombre de Dios: la historia detrás del Pare de Sufrir,Estreno en Anfibia Podcast,Diego González; Julia Muriel Dominzain,2021-01-26 10:35:53,Culturas,Crónica,['Culturas'],1353
2219,151168,https://www.revistaanfibia.com/volver-a-clases-repensar-la-escuela/,"Volver a clases, repensar la escuela","Burbujas, planes educativos y pandemia",Federico Lorenz,2021-01-27 10:28:00,Educación,,['Educación'],2047
2220,151189,https://www.revistaanfibia.com/una-deriva-existencial-rio/,Una deriva existencial en el río,La literatura y el delta del litoral,Beatriz Vignoli,2021-01-29 11:33:58,Ambiente,,['Ambiente'],682
2221,151208,https://www.revistaanfibia.com/como-volver-a-la-presencialidad/,Cómo volver a la presencialidad,"Burbujas, semáforos y protocolos en la escuela",Manuel Becerra,2021-02-01 10:00:49,Educación,Ensayo,['Educación'],2659
2222,151225,https://www.revistaanfibia.com/la-multitud-llega-wall-street/,La multitud llega a Wall Street,El caso GameStop como marca de época,Verónica Robert; Leandro Godón,2021-02-02 13:02:18,Política y Economía,,['Política y Economía'],1914
2223,151253,https://www.revistaanfibia.com/sputnik-v-una-grieta-entre-el-hombro-y-la-jeringa/,Sputnik V: Una grieta entre el hombro y la jeringa,Un archivo de los voceros de la decepción,Ezequiel Adamovsky,2021-02-04 13:40:47,Salud,Ensayo,['Salud'],1426
2224,151243,https://www.revistaanfibia.com/feministas-gobernando-mas-alla-de-la-foto/,Feministas gobernando: más allá de la foto,"Mujeres, política y democracia",Tali Goldman; María Florencia Alcaraz,2021-02-05 10:14:17,Política y Economía,Crónica,['Política y Economía'],3184
2225,151279,https://www.revistaanfibia.com/tan-convencidos-no-haber-hecho-nada-malo/,Tan convencidos de no haber hecho nada malo,"Jauría, teatro documental",Natalia Laube,2021-02-08 11:05:48,Culturas,,['Culturas'],1792
2226,151324,https://www.revistaanfibia.com/justicia-policia-no-pueden-protegernos/,Justicia y policía: por qué no pueden protegernos,El femicidio de Úrsula Bahillo,Sabrina Cartabia Groba,2021-02-10 12:40:53,Política y Economía,,['Política y Economía'],1265
2227,146691,https://www.revistaanfibia.com/el-peligro-de-un-cuarto-propio/,El peligro de un cuarto propio,Femicidios y políticas públicas,Ileana Arduino,2021-02-10 19:59:02,Políticas de géneros,Ensayo,['Políticas de géneros'],1474
2228,151332,https://www.revistaanfibia.com/ursula-la-vimos-muerta/,El día que la vimos muerta,El femicidio de Úrsula Bahillo,María Florencia Alcaraz,2021-02-11 09:42:22,Políticas de géneros,,['Políticas de géneros'],2880
2229,148839,https://www.revistaanfibia.com/vacuna-covid-diario-de-un-voluntario/,Soy el código 5674,La vacuna contra el Covid: diario de un voluntario,Pedro Greco,2021-02-12 10:02:29,Salud,Crónica,['Salud'],4005
2230,151353,https://www.revistaanfibia.com/ecuador-el-movimiento-indigena-vuelve-a-pararse/,El movimiento indígena vuelve a pararse,Elecciones en Ecuador,Esteban De Gori; Sofía Cordero,2021-02-12 12:13:13,Política y Economía,,['Política y Economía'],1627
2231,151362,https://www.revistaanfibia.com/leer-salteado/,Leer salteado,Contramarcha,María Moreno,2021-02-12 13:38:23,Culturas,,['Culturas'],1928
2232,151375,https://www.revistaanfibia.com/la-muerte-del-entregador/,La muerte del entregador,Carlos Menem,Gabriela Cerruti,2021-02-14 20:59:29,Política y Economía,,['Política y Economía'],1584
2233,151396,https://www.revistaanfibia.com/la-tenemos-adentro/,La tenemos adentro,Menemismo: un ensayo para mirar de frente los 90,Florencia Angilletta,2021-02-15 15:33:16,Política y Economía,,['Política y Economía'],1810
2234,151412,https://www.revistaanfibia.com/chile-la-interminable-lista-casos-aislados2/,Chile: la interminable lista de casos aislados,Violencia policial y calendario electoral,Alison Vivanco,2021-02-18 09:49:20,Política y Economía,Ensayo,['Política y Economía'],1496
2235,151418,https://www.revistaanfibia.com/hamburguesas-sin-carne-salvamos-mundo/,Hamburguesas sin carne: ¿salvamos el mundo?,Un sistema alimentario cyborg,Soledad Barruti,2021-02-18 11:30:05,Ambiente,,['Ambiente'],5290
2236,151458,https://www.revistaanfibia.com/el-derrumbe-de-gines/,El derrumbe de Ginés,Del liderazgo sanitario al vacunatorio vip,Ernesto Picco; Tali Goldman,2021-02-21 21:11:33,Política y Economía,,['Política y Economía'],4412
2237,151472,https://www.revistaanfibia.com/lo-ultimo-peronismo-puede/,Lo último que el peronismo puede ser,La gestión de la pandemia,Julio Burdman,2021-02-22 15:20:44,Política y Economía,,['Política y Economía'],1683
2238,151490,https://www.revistaanfibia.com/la-dosis-justa-la-indignacion/,La dosis justa para la indignación,"Vacunas, empresas y Estados",Fernando Rosso,2021-02-25 12:48:56,Salud,,['Salud'],1520
2239,151506,https://www.revistaanfibia.com/alberto-amlo-eje-progresista/,En busca de un eje progresista,Alberto Fernández en México,Emiliano Ruiz Parra,2021-02-25 16:51:42,Política y Economía,Crónica,['Política y Economía'],1668
2240,151534,https://www.revistaanfibia.com/alberto-congreso-primera-vez/,Como si fuera la primera vez,Alberto en el Congreso,Sol Montero,2021-03-01 19:19:30,Políticas de géneros,Ensayo,['Políticas de géneros'],1185
2241,151549,https://www.revistaanfibia.com/la-delicada-tarea-vivir-una-burbuja/,La delicada tarea de vivir en una burbuja,Volver a las escuelas,Tali Goldman,2021-03-02 12:44:40,Educación,,['Educación'],2941
2242,151572,https://www.revistaanfibia.com/oximoron-la-megamineria-sustentable/,El lobby minero muerde la tierra,"Chubut, cuna del extractivismo",Marina Aizen,2021-03-03 23:45:28,Ambiente,,['Ambiente'],1946
2243,151582,https://www.revistaanfibia.com/wandavision-un-aleph-de-referencias-pop/,Wandavision: un aleph de referencias pop,La mesa grande de la cofradía Marvel,Werner Pertot,2021-03-04 11:32:47,Culturas,Ensayo,['Culturas'],2303
2244,151601,https://www.revistaanfibia.com/la-repolitizacion-del-8m/,La repolitización del 8M,Feminismo para el 99%,Cinzia Arruzza; Nancy Fraser; Tithi Bhattacharya,2021-03-05 11:45:38,Políticas de géneros,,['Políticas de géneros'],1300
2245,151615,https://www.revistaanfibia.com/feminismo-futuro/,Feminismo Futuro,Programa de formación y reflexión,,2021-03-05 13:26:47,Políticas de géneros,,['Políticas de géneros'],581
2246,151634,https://www.revistaanfibia.com/la-invencion-politica-del-paro-feminista/,La invención política del paro feminista,#8M,Verónica Gago; Luci Cavallero,2021-03-08 12:47:05,Políticas de géneros,,['Políticas de géneros'],1871
2247,151635,https://www.revistaanfibia.com/8m-m-migranta/,"#8M, con M de migranta",Una lectura feminista de la derogación del DNU 70,Ana Paula Penchaszadeh; Natalia Gavazzo,2021-03-08 13:48:08,Políticas de géneros,,['Políticas de géneros'],1927
2248,151667,https://www.revistaanfibia.com/seguiremos-cuarto-propio/,¿Seguiremos en el cuarto propio?,Reforma judicial feminista,Luli Sánchez,2021-03-09 17:37:55,Políticas de géneros,,['Políticas de géneros'],2583
2249,151656,https://www.revistaanfibia.com/coronavirus-la-tramitacion-lo-inedito/,Coronavirus: la tramitación de lo inédito,El encuentro con lo real,Javier Balsa; Juan Ignacio Spólita; Guillermo de Martinelli; Pehuén Romaní,2021-03-10 10:48:47,Salud,Ensayo,['Salud'],1860
2250,151683,https://www.revistaanfibia.com/reforma-judicial-guia-para-perplejos/,Reforma judicial: guía para perplejos,"Democracia, derechos y política",Alberto Binder,2021-03-10 18:43:05,Política y Economía,Ensayo,['Política y Economía'],1728
2251,151694,https://www.revistaanfibia.com/la-quimica-del-odio/,La química del odio,Cómo contrarrestar los efectos de un discurso,Santiago Cafiero,2021-03-11 09:39:47,Política y Economía,,['Política y Economía'],2200
2252,151696,https://www.revistaanfibia.com/una-reforma-judicial-noruega/,Una reforma judicial para Noruega,"Desigualdad, impunidad, extemporaneidad",Roberto Gargarella,2021-03-11 13:05:15,Política y Economía,,['Política y Economía'],3045
2253,151714,https://www.revistaanfibia.com/evangelismo-pentecostal-ocio-del-pueblo/,El ocio del pueblo,Evangelismo pentecostal,Galia Moldavsky,2021-03-12 15:34:06,Culturas,Crónica,['Culturas'],2705
2254,151699,https://www.revistaanfibia.com/orgasmo-grito-hermoso-divino-agudo/,"Orgasmo: un grito hermoso, divino y agudo",La búsqueda de la igualdad sexual,Sarah Barmak,2021-03-12 18:54:30,Amor y sexo,,['Amor y sexo'],2264
2255,151757,https://www.revistaanfibia.com/los-peligros-levantar-dedito/,Los peligros de levantar el dedito,Beatriz Sarlo: entre el populismo y la crítica,Flor Minici,2021-03-16 14:50:35,Política y Economía,,['Política y Economía'],1920
2256,151783,https://www.revistaanfibia.com/las-indias-cantoras-en-el-reino-del-reves/,Las indias cantoras en el Reino del Revés,Pospopulares,Pablo Alabarces,2021-03-17 12:04:32,Culturas,Ensayo,['Culturas'],1511
2257,151794,https://www.revistaanfibia.com/la-curva-no-una-infografia-una-cicatriz/,"La curva no es una infografía, es una cicatriz",A un año del ASPO: diario de un infectólogo,Celeste del Bianco; José María Malvido,2021-03-18 11:30:10,Salud,,['Salud'],3061
2258,151820,https://www.revistaanfibia.com/divididos-por-la-pandemia/,Divididos por la pandemia,A un año del ASPO,Ariel Wilkis; Pablo Semán,2021-03-19 09:37:51,Salud,Ensayo,['Salud'],2862
2259,151833,https://www.revistaanfibia.com/volver-sostenibles-las-infancias-rotas/,¿Cómo volver sostenibles las infancias rotas?,"El caso M: calle, secuestro, empatía",Celeste Abrevaya,2021-03-19 18:01:58,Culturas,,['Culturas'],2020
2260,151871,https://www.revistaanfibia.com/loor-al-humedal-litoral/,Loor al humedal litoral,Los extremos del río Paraná,Lila Siegrist,2021-03-23 11:00:45,Ambiente,Crónica,['Ambiente'],2447
2261,151886,https://www.revistaanfibia.com/una-dibujante-los-juicios-lesa-humanidad/,Qué hace una dibujante en los juicios de lesa humanidad,"Memoria, verdad y justicia",Paula Doberti; Eugenia Bekeris,2021-03-23 16:44:07,Política y Economía,,['Política y Economía'],2407
2262,151910,https://www.revistaanfibia.com/olvidalos-volveran-mas/,Olvídalos y volverán por más,"Ajuste, precariedad y vidas populares",Gonzalo Sarrais Alier; Ignacio Gago; Leandro Barttolotta,2021-03-25 10:42:04,Política y Economía,,['Política y Economía'],3599
2263,151915,https://www.revistaanfibia.com/las-palabras-tambien-tienen-fronteras2/,Las palabras y el miedo al hambre,"Academia, traición de clase y feminismo",Brigitte Vasallo,2021-03-26 10:18:54,Políticas de géneros,,['Políticas de géneros'],1234
2264,151946,https://www.revistaanfibia.com/colombia-a-los-disparos-se-responde-con-activismo-y-musica/,Colombia: a los disparos se responde con activismo y música,Periodismo Situado,Tania Tapia Jáuregui,2021-03-29 15:40:32,Política y Economía,,['Política y Economía'],4075
2265,151958,https://www.revistaanfibia.com/pbi-ha-muerto/,El PBI ha muerto,Los límites del desarrollo en el siglo XXI,Mauro Fernández,2021-03-30 10:39:32,Ambiente,,['Ambiente'],2851
2266,151969,https://www.revistaanfibia.com/la-antipolitica-un-fantasma-que-recorre-argentina/,"La antipolítica, un fantasma que recorre Argentina",Los legados del menemismo,Nicolás Freibrun,2021-03-31 12:46:36,Política y Economía,Ensayo,['Política y Economía'],1631
2267,151983,https://www.revistaanfibia.com/muerte-al-creador-la-constitucion-pinochet/,Muerte al creador de la Constitución de Pinochet,Chile: la lucha armada en la transición democrática,Juan Cristóbal Peña,2021-03-31 19:24:41,Política y Economía,Ensayo,['Política y Economía'],3619
2268,152038,https://www.revistaanfibia.com/quisiera-no-decir-adios/,Quisiera no decir adiós,El último fin de semana antes de la segunda ola,Julián Gorodischer,2021-04-05 13:44:13,Salud,Crónica,['Salud'],1612
2269,152064,https://www.revistaanfibia.com/mineria-catamarca-andalgala-no-confiamos-agua-lluvia/,Andalgalá: no confiamos ni en el agua de lluvia,Catamarca volvió a habilitar la minería,,2021-04-06 11:16:19,Ambiente,Ensayo,['Ambiente'],1110
2270,152115,https://www.revistaanfibia.com/chile-una-nacion-varias-naciones-estado/,Chile: ¿una nación o varias naciones en un Estado?,Ciper/Anfibia,Claudio Fuentes S.,2021-04-07 11:42:33,Política y Economía,Ensayo,['Política y Economía'],1140
2271,152170,https://www.revistaanfibia.com/implosion-se-repara-la-violencia-buscando-al-agresor/,Los cazadores de la nueva memoria,"Implosión, una road movie de la Masacre de Patagones",Maia Debowicz,2021-04-09 11:43:48,Culturas,Ensayo,['Culturas'],1967
2272,152171,https://www.revistaanfibia.com/una-pista-virtual-para-bailarines-encerrados/,Una pista virtual para bailarines encerrados,"Danza, teatro y pandemia",Florencia Werchowsky,2021-04-09 16:35:54,Culturas,,['Culturas'],2540
2273,152224,https://www.revistaanfibia.com/ecuador-guillermo-lasso-por-que-gobernara-un-banquero/,Por qué gobernará un banquero,Ecuador,Sofía Cordero; Esteban De Gori,2021-04-12 17:48:17,Política y Economía,,['Política y Economía'],2395
2274,152223,https://www.revistaanfibia.com/mauro-viale-sonaba-con-hacer-literatura/,El señor rating soñaba con hacer literatura,Murió Mauro Viale,Guido Laham,2021-04-12 19:47:36,Culturas,Crónica,['Culturas'],3617
2275,152253,https://www.revistaanfibia.com/san-martin-la-batalla-por-las-violencias/,La batalla por las violencias,San Martín,Equipo Violencia Institucional,2021-04-13 11:39:16,Política y Economía,Ensayo,['Política y Economía'],1201
2276,152286,https://www.revistaanfibia.com/consejos-desobedientes-mujeres-dictadura/,Consejos desobedientes para mujeres en dictadura,Claudia vuelve,Ariana Harwicz; Paula Guitelman,2021-04-14 11:38:04,Culturas,,['Culturas'],1915
2277,152324,https://www.revistaanfibia.com/evitar-lugares-comunes/,Cómo evitar lugares comunes,Feministos y otras reacciones,Mara Viveros Vigoya,2021-04-16 13:56:21,Políticas de géneros,Ensayo,['Políticas de géneros'],2263
2278,152359,https://www.revistaanfibia.com/juventud-divino-tesoro/,"Juventud, ¿divino tesoro?",Derechas de ayer y hoy,Martín Vicente; Sergio Morresi,2021-04-19 10:37:15,Política y Economía,Ensayo,['Política y Economía'],2928
2279,152370,https://www.revistaanfibia.com/cien-dias-no-enamorarse/,Cien días para no enamorarse,Estados Unidos: las crisis de Biden,Aldana Vales,2021-04-20 10:59:34,Política y Economía,Ensayo,['Política y Economía'],2775
2280,152389,https://www.revistaanfibia.com/clases-presenciales-uso-privado-la-justicia/,El uso privado de la justicia,Clases presenciales: Ciudad vs. Nación,Federico Delgado,2021-04-20 11:44:10,Política y Economía,Ensayo,['Política y Economía'],1352
2281,152535,https://www.revistaanfibia.com/como-de-la-familia/,Como de la familia,Trabajadoras del hogar: afecto y desigualdad,Santiago Canevaro,2021-04-26 11:41:54,Culturas,,['Culturas'],1503
2282,152608,https://www.revistaanfibia.com/semiocapitalismo/,Semiocapitalismo: las emociones como la moneda viva,#FuturosAumentados,Srecko Horvat,2021-04-27 10:41:10,Tecnologías,Ensayo,['Tecnologías'],2838
2283,152628,https://www.revistaanfibia.com/netflix-karma-los-samurais/,El karma de los Samurais,La batalla por Japón,Santiago Brignole Araujo,2021-04-28 10:48:02,Culturas,Ensayo,['Culturas'],2453
2284,152640,https://www.revistaanfibia.com/nuevos-souvenirs-pandemicos-despues-del-papel-higienico/,El nuevo souvenir pandémico (después del papel higiénico),Mercado Covid: productos esenciales segunda ola,Florencia Barragán,2021-04-29 09:59:26,Política y Economía,,['Política y Economía'],2107
2285,152664,https://www.revistaanfibia.com/las-familias-pueden-definir-las-politicas-educativas/,¿Las familias pueden definir las políticas educativas?,"Escuela, cooperadoras y grupos de WhatsApp",Iván Stoikoff; Florencia Abraldes,2021-04-30 12:21:37,Educación,,['Educación'],1912
2286,152688,https://www.revistaanfibia.com/las-contradicciones-del-progresismo-naif/,Las contradicciones del progresismo naif,Ambiente y desarrollo,Eduardo Crespo,2021-05-03 11:31:42,Ambiente,,['Ambiente'],2191
2287,152702,https://www.revistaanfibia.com/domesticar-los-gigantes-la-tecnologia/,Cómo domesticar a los gigantes de la tecnología,Economía gig y nubes públicas,Nick Srnicek,2021-05-04 11:31:46,Tecnologías,,['Tecnologías'],1084
2288,152697,https://www.revistaanfibia.com/clases-presenciales-larreta-alberto-final-del-juego/,Final del juego,"Alberto, Larreta y las clases presenciales",Nicolás Fiorentino,2021-05-04 15:30:38,Política y Economía,Crónica,['Política y Economía'],2647
2289,152719,https://www.revistaanfibia.com/colombia-torpes-trastes-testarudos/,"Torpes, trastes, testarudos",Colombia: japi matrimonio media & politics,Omar Rincón,2021-05-05 11:26:52,Política y Economía,Ensayo,['Política y Economía'],1229
2290,152737,https://www.revistaanfibia.com/economia-ambiente-dialogo-posible/,Economía y ambiente: ¿hay diálogo posible?,"Promesas y obstáculos de la ""licencia social""",José Natanson,2021-05-06 12:41:20,Ambiente,,['Ambiente'],1777
2291,152743,https://www.revistaanfibia.com/alguien-te-esta-cuidando/,Alguien te está cuidando,Covid: testimonios de la nueva vida cotidiana del hospital,Celeste del Bianco,2021-05-07 12:06:01,Salud,Crónica,['Salud'],2400
2292,152816,https://www.revistaanfibia.com/liberar-las-patentes-ponele/,"¿Liberar las patentes? Sí, ponele",Vacunas contra el Covid,Martín De Ambrosio,2021-05-11 11:26:15,Salud,Ensayo,['Salud'],2590
2293,152874,https://www.revistaanfibia.com/hacia-donde-nos-lleva-la-inteligencia-artificial/,¿Hacia dónde nos lleva la inteligencia artificial?,#FuturosAumentados,Esteban Magnani,2021-05-12 10:18:05,Tecnologías,Ensayo,['Tecnologías'],1292
2294,152914,https://www.revistaanfibia.com/disparen-los-indios-diario-del-odio-cali/,Disparen a los indios: un diario del odio en Cali,Estallido social en Colombia,Victoria Solano,2021-05-14 09:58:49,Política y Economía,,['Política y Economía'],1843
2295,152927,https://www.revistaanfibia.com/como-preservar-lo-que-se-extingue/,¿Cómo preservar lo que se extingue?,Antropoceno e intangibilidad,Gisela Heffes,2021-05-14 10:00:09,Ambiente,Ensayo,['Ambiente'],2777
2296,152924,https://www.revistaanfibia.com/anfibia-9-anos/,Anfibia cumple 9,,,2021-05-14 10:41:23,Amor y sexo,Crónica,['Amor y sexo'],166
2297,152984,https://www.revistaanfibia.com/la-cabala-de-los-dinosaurios/,La cábala de los dinosaurios,Megaelecciones en Chile,Álvaro Bisama,2021-05-17 17:25:26,Política y Economía,Crónica,['Política y Economía'],1153
2298,153068,https://www.revistaanfibia.com/chile-una-nueva-liga-de-la-justicia-escribe-la-constitucion/,Una nueva liga de la justicia escribe la constitución,Megaelecciones en Chile,Eduardo Chávez Molina,2021-05-18 10:48:46,Política y Economía,Ensayo,['Política y Economía'],1943
2299,153102,https://www.revistaanfibia.com/megaelecciones-chile-desarmar-la-arquitectura-neoliberal/,Desarmar la arquitectura neoliberal,Megaelecciones en Chile: conversaciones feministas,Verónica Gago,2021-05-18 14:26:21,Políticas de géneros,Ensayo,['Políticas de géneros'],2049
2300,153088,https://www.revistaanfibia.com/criptoarte-cuanto-vale-arte-digital/,Criptoarte: ¿cuánto vale el arte digital?,#FuturosAumentados,Esteban Magnani,2021-05-19 08:05:40,Tecnologías,,['Tecnologías'],1634
2301,153079,https://www.revistaanfibia.com/tienen-ver-las-clases-las-retenciones/,Qué tienen que ver las clases con las retenciones,Elecciones 2021: ¿cómo va a votar el campo?,Esteban De Gori,2021-05-20 09:34:29,Política y Economía,Ensayo,['Política y Economía'],2053
2302,153153,https://www.revistaanfibia.com/big-bang-la-economia-heterodoxa/,El big bang de la economía heterodoxa,Economía y política,Martín Burgos,2021-05-20 13:22:34,Política y Economía,,['Política y Economía'],1942
2303,153172,https://www.revistaanfibia.com/son-clases-las-clases-virtuales/,¿Son clases las clases virtuales?,Pedagogías pandémicas,Nicolás Welschinger; Julieta Montero,2021-05-21 10:05:18,Educación,Ensayo,['Educación'],2794
2304,153225,https://www.revistaanfibia.com/antenas-5g-fantasias-evadir-covid/,Antenas 5G y otras fantasías para evadir el covid,Pandemia y conspiraciones,Hernán Borisonik,2021-05-26 11:12:34,Salud,Ensayo,['Salud'],2746
2305,153244,https://www.revistaanfibia.com/mineria-entendemos-sustentable/,"Minería: ¿Qué entendemos por ""sustentable""?","Comunidades, activistas, industria y gobiernos",Anabel Marín,2021-05-27 10:14:22,Ambiente,,['Ambiente'],2473
2306,153249,https://www.revistaanfibia.com/el-cuerpo-que-teniamos/,El cuerpo que teníamos,Amistad y pandemia,Vir Cano,2021-05-28 09:55:08,Salud,,['Salud'],1543
2307,153253,https://www.revistaanfibia.com/friends-ultimo-cafe-en-el-central-perk/,Último café en el Central Perk,El regreso de Friends,Florencia Angilletta,2021-05-28 09:59:38,Culturas,Ensayo,['Culturas'],1561
2308,153284,https://www.revistaanfibia.com/desamor-segun-luis-miguel/,El desamor según Luis Miguel,"La bio-serie, segunda temporada",Malvina Silba; Carolina Spataro,2021-05-31 11:30:00,Culturas,,['Culturas'],1988
2309,153301,https://www.revistaanfibia.com/fake-news-el-arma-que-esconde-la-politica/,El arma que esconde la política,Fake News,Julián Maradeo,2021-06-01 10:37:12,Política y Economía,,['Política y Economía'],3399
2310,153310,https://www.revistaanfibia.com/quien-controla-los-sistemas-inteligencia-artificial/,¿Quién controla los sistemas de Inteligencia Artificial?,#FuturosAumentados,Iván Meza Ruiz; Sofía Trejo; Fernanda López,2021-06-01 12:24:05,Tecnologías,Ensayo,['Tecnologías'],6016
2311,153327,https://www.revistaanfibia.com/una-nueva-geopolitica-del-clima/,Una nueva geopolítica del clima,Net-Zero: entre gestos y charlatanerías,Marina Aizen,2021-06-02 12:38:52,Ambiente,,['Ambiente'],1335
2312,153331,https://www.revistaanfibia.com/ni-una-menos-femicidios-no-son-novela/,Los femicidios no son una novela,Muertes violentas y su impacto en las audiencias,Brenda Focás; Gabriel Kessler,2021-06-03 10:19:47,Políticas de géneros,,['Políticas de géneros'],2576
2313,153340,https://www.revistaanfibia.com/el-petiso-orejudo-criminal-hermoso-y-maldito/,"El Petiso Orejudo: criminal, hermoso y maldito",El género policial,Mayra Leciñana Blanchard,2021-06-04 10:02:18,Culturas,Ensayo,['Culturas'],3040
2314,153342,https://www.revistaanfibia.com/markus-gabriel-etica-tiempos-oscuros/,Ética para tiempos oscuros,Democracias en crisis,Markus Gabriel,2021-06-04 10:17:45,Tecnologías,Ensayo,['Tecnologías'],3948
2315,153406,https://www.revistaanfibia.com/pulga-rodriguez-patrimonio-nacional/,"Pulga Rodríguez, patrimonio nacional",El jugador del pueblo,Ezequiel Fernández Moores,2021-06-06 15:59:47,Culturas,Crónica,['Culturas'],2969
2316,153435,https://www.revistaanfibia.com/la-ansiedad-de-una-relacion-sin-compromiso/,La ansiedad de una relación sin compromiso,Empresas ligeras y trabajadores buscavidas,Sonia Balza; Mariana Heredia,2021-06-08 11:23:21,Política y Economía,,['Política y Economía'],2296
2317,153440,https://www.revistaanfibia.com/presidente-en-peru-un-trabajo-de-alto-riesgo/,Un trabajo de alto riesgo,Elecciones en Perú,Juan Manuel Karg,2021-06-08 13:04:30,Política y Economía,Crónica,['Política y Economía'],2914
2318,153467,https://www.revistaanfibia.com/donna-haraway-aprender-a-vivir-en-un-planeta-herido/,Aprender a vivir en un planeta herido,Cristina Rivera Garza entrevista a Donna Haraway,Lucía Sbriller; Solana de la Torre,2021-06-09 17:34:57,Ambiente,,['Ambiente'],2586
2319,153475,https://www.revistaanfibia.com/estres-hidrico-agua-nuevo-petroleo/,Estrés hídrico: por qué el agua es el nuevo petróleo,La commoditización de los recursos naturales,Mauro Fernández,2021-06-10 10:48:57,Ambiente,,['Ambiente'],2949
2320,153506,https://www.revistaanfibia.com/insomnio-hay-algo-que-no-te-deja-dormir/,Hay algo que no te deja dormir,"Home office, pandemia y trastornos de sueño",Imanol Subiela Salvo; Giannina Bellone,2021-06-11 10:25:19,Política y Economía,,['Política y Economía'],1758
2321,153558,https://www.revistaanfibia.com/clases-virtuales-un-deja-vu-de-viejas-desigualdades/,Un déjà vu de viejas desigualdades,Educación y pandemia,Silvia Grinberg; Julieta Armella,2021-06-14 10:49:14,Política y Economía,Ensayo,['Política y Economía'],1816
2322,153577,https://www.revistaanfibia.com/el-ingreso-de-los-argentinos/,El secreto mejor guardado: el ingreso de los argentinos,Encuestas públicas y dinero,Gabriela Benza; Mariana Heredia,2021-06-15 10:35:56,Política y Economía,,['Política y Economía'],2595
2323,153587,https://www.revistaanfibia.com/jesus-martin-barbero-semblanza-para-el-maestro/,Semblanza para el maestro,Jesús Martin-Barbero,Amparo Marroquín,2021-06-16 10:34:30,Culturas,Ensayo,['Culturas'],2100
2324,153600,https://www.revistaanfibia.com/el-jesus-martin-barbero/,El Jesús,Despedida a Martín-Barbero,Nora Mazziotti,2021-06-16 13:37:05,Culturas,,['Culturas'],1593
2325,153613,https://www.revistaanfibia.com/alcanza-con-redistribuir/,¿Alcanza con redistribuir?,"Crecimiento, pobreza, ambiente y bienestar",Daniel Schteingart; Igal Kejesfman,2021-06-17 10:22:42,Política y Economía,Ensayo,['Política y Economía'],3772
2326,153662,https://www.revistaanfibia.com/juan-forn/,Piedras en el camino,El escritor domesticado,Juan Forn,2021-06-20 21:10:50,Culturas,,['Culturas'],1685
2327,153688,https://www.revistaanfibia.com/levante-gay-modos-diversos-de-ser-responsables/,Modos diversos de ser responsables,Putos (des)cuidados: levante gay en pandemia,Maximiliano Marentes,2021-06-22 13:26:12,Amor y sexo,,['Amor y sexo'],2087
2328,10497,https://www.revistaanfibia.com/no-voy-a-hacer-declaraciones-de-amor/,No voy a hacer declaraciones de amor,Horacio González,Lucía Álvarez,2021-06-22 16:06:34,Culturas,,['Culturas'],5154
2329,153708,https://www.revistaanfibia.com/ambiente-desarrollo-definir-concepto-controlar-debate/,"Definir el concepto, controlar el debate",Disputas narrativas entre ambiente y desarrollo,Flavia Broffoni,2021-06-23 11:04:13,Ambiente,,['Ambiente'],2114
2330,153705,https://www.revistaanfibia.com/horacio-gonzalez-el-diego-de-la-palabra/,El Diego de la palabra,Despedida a Horacio González,Micaela Cuesta,2021-06-23 11:25:43,Culturas,,['Culturas'],815
2331,148585,https://www.revistaanfibia.com/britney-spears-locura-o-rebelion/,Britney Spears: locura o rebelión,#FreeBritney,Tamara Tenenbaum,2021-06-23 19:50:30,Culturas,Crónica,['Culturas'],2911
2332,153719,https://www.revistaanfibia.com/incomodo-horacio-gonzalez/,Incómodo,Despedida a Horacio González,Fernando Rosso,2021-06-24 14:54:15,Culturas,,['Culturas'],1078
2333,153732,https://www.revistaanfibia.com/horacio-gonzalez-el-saber-popular/,Adentro pero en contra: el saber popular,Despedida a Horacio González,Adriano Peirone,2021-06-24 17:13:49,Culturas,,['Culturas'],1874
2334,153743,https://www.revistaanfibia.com/arte-mostrar-lo-brota/,El arte de mostrar lo que brota,Despedida a Horacio González,Diego Tatián,2021-06-24 20:05:59,Culturas,,['Culturas'],419
2335,153752,https://www.revistaanfibia.com/cuota-alimentaria-las-madres-salen-del-closet/,Las madres sin cuota salen del closet,Paternidad morosa: ¿por qué no paga?,María Mansilla; Mariana Carbajal,2021-06-25 15:22:42,Políticas de géneros,Ensayo,['Políticas de géneros'],3612
2336,153796,https://www.revistaanfibia.com/la-promesa-del-orgullo-lgbtiq/,La promesa del orgullo,La lucha LGBTIQ+,Alejandro Modarelli,2021-06-28 11:28:25,Amor y sexo; Políticas de géneros,,"['Amor y sexo', 'Políticas de géneros']",1960
2337,153804,https://www.revistaanfibia.com/cupo-laboral-travesti-trans-enorgullecer-la-politica/,Enorgullecer la política,Ley de cupo laboral travesti - trans,Ese Negro Montenegro; Pao Raffetta,2021-06-28 16:20:08,Políticas de géneros,,['Políticas de géneros'],2603
2338,153823,https://www.revistaanfibia.com/pepin-rodriguez-simon-auge-y-caida-del-operador-de-macri/,Auge y caída del operador de Macri,Pepín Rodríguez Simón,Luciana Bertoia,2021-06-29 10:23:27,Política y Economía,Crónica,['Política y Economía'],3922
2339,153843,https://www.revistaanfibia.com/entre-narcos-y-policias/,Entre narcos y policías,El Estado ambivalente,Katherine Sobering; Javier Auyero,2021-06-30 10:24:50,Política y Economía,Ensayo,['Política y Economía'],3194
2340,153851,https://www.revistaanfibia.com/despedida-horacio-gonzalez/,Esto hay que seguir pensándolo,Despedida a Horacio González,Ezequiel Ipar; Mariana Gainza,2021-06-30 11:01:12,Culturas,,['Culturas'],1247
2341,151744,https://www.revistaanfibia.com/navegar-hidrovia-paraguay-parana/,Navegar se hace preciso,Hidrovía Paraguay-Paraná,Julián Reingold,2021-07-01 10:10:01,Ambiente,Ensayo,['Ambiente'],2570
2342,153867,https://www.revistaanfibia.com/el-mundo-se-volvio-gay/,¿El mundo se volvió gay?,"Sexo, amor y levante",Mariana Palumbo; Maximiliano Marentes,2021-07-01 15:46:54,Amor y sexo,,['Amor y sexo'],2125
2343,153872,https://www.revistaanfibia.com/fuimos-felices-lugar-ya-no-existe/,Fuimos felices en un lugar que ya no existe,Cierre de bares en Buenos Aires,Inés Ulanovsky,2021-07-01 21:33:32,Culturas,,['Culturas'],2601
2344,153898,https://www.revistaanfibia.com/narrar-lo-social-abrir-la-caja-negra/,Narrar lo social: abrir la caja negra,¿Los cientistas sociales somos escritores?,Violeta Dikenstein; Evangelina Caravaca; Luciana Strauss; Lucía Álvarez,2021-07-05 10:39:13,Culturas,,['Culturas'],1884
2345,153935,https://www.revistaanfibia.com/andalgala-puede-confiar-agua-la-ciencia/,Andalgalá puede confiar en el agua y en la ciencia,Megaminería en Catamarca,Red de Académicos por el Desarrollo de una Minería Sustentable,2021-07-06 11:40:37,Ambiente,,['Ambiente'],2768
2346,153943,https://www.revistaanfibia.com/l-gante-la-vida-no-entra-en-un-meme/,La vida no entra en un meme,L-Gante y Conectar Igualdad,Pablo Semán,2021-07-06 12:43:22,Culturas,Ensayo,['Culturas'],1466
2347,153984,https://www.revistaanfibia.com/la-diplomacia-de-las-vacunas/,La diplomacia de las vacunas,Salud pública en pandemia,Martín De Ambrosio; Tali Goldman,2021-07-07 10:01:56,Política y Economía,Crónica,['Política y Economía'],3245
2348,154141,https://www.revistaanfibia.com/el-poder-de-la-camiseta/,El poder de la camiseta,Argentina campeón,Ariel Scher,2021-07-11 17:11:23,Culturas,,['Culturas'],2760
2349,154173,https://www.revistaanfibia.com/messi-el-dia-que-volvimos-a-ser-felices/,El día que volvimos a ser felices,La Copa América de Messi,Alejandro Wall,2021-07-13 10:46:52,Culturas,Crónica,['Culturas'],1865
2350,153349,https://www.revistaanfibia.com/covid-kit-de-supervivencia/,Covid: Kit de supervivencia,Información útil para leer en la cama,Ángeles Alemandi,2021-07-14 09:12:00,Salud,,['Salud'],7165
2351,154195,https://www.revistaanfibia.com/un-eterno-retorno-a-la-gloria/,Un eterno retorno a la gloria,"Messi y Maradona, dos caras de una misma moneda",Lorenzo Serra,2021-07-14 13:32:44,Culturas,Ensayo,['Culturas'],1288
2352,154158,https://www.revistaanfibia.com/duelos-covid-las-muertes-que-compartimos/,Las muertes que compartimos,Duelo y pandemia,Vir Cano,2021-07-15 10:04:39,Salud,Ensayo,['Salud'],1545
2353,154204,https://www.revistaanfibia.com/chile-constitucion-quien-escribe-la-historia/,Quién escribe la historia,Chile: los desafíos de la Convención Constituyente,Pamela Vaccari Jiménez; Eduardo Chávez Molina,2021-07-15 13:22:20,Política y Economía,Ensayo,['Política y Economía'],2212
2354,154279,https://www.revistaanfibia.com/una-sociedad-no-se-rompe-estallido-al-reves/,"Una sociedad no se rompe con un estallido, es al revés",¿A dónde irá Cuba después del 11J?,Ailynn Torres Santana,2021-07-19 11:02:58,Política y Economía,,['Política y Economía'],3407
2355,154302,https://www.revistaanfibia.com/todxs-sonamos-con-ser-astronautas/,Todxs soñamos con ser astronautas,Dibujos animados y viajes espaciales,Tomás Eliaschev,2021-07-20 14:09:14,Culturas,,['Culturas'],2814
2356,154315,https://www.revistaanfibia.com/diversidad-en-el-periodismo/,Salir del clóset periodístico,Comunicación LGBTIQ+,Mariana Alvarado,2021-07-21 10:44:01,Culturas,Ensayo,['Culturas'],994
2357,148254,https://www.revistaanfibia.com/amazonas-nos-quieren-sacar-nuestras-lluvias-de-invierno/,Amazonas: quieren secar nuestra lluvia de invierno,"El fuego en Brasil, un problema político global",Marina Aizen,2021-07-22 10:01:11,Ambiente,Ensayo,['Ambiente'],1850
2358,154292,https://www.revistaanfibia.com/okupas-la-amistad-en-un-paisaje-en-ruinas/,La amistad en un paisaje en ruinas,Okupas y 2001,Natalí Incaminato,2021-07-23 10:00:31,Culturas,Ensayo,['Culturas'],1924
2359,154334,https://www.revistaanfibia.com/cuba-11j/,Radiografía de un grito polifónico,Cuba: antes y después del 11-J,Camilo Genoud,2021-07-23 10:20:25,Política y Economía,,['Política y Economía'],1861
2360,154338,https://www.revistaanfibia.com/juegos-olimpicos-que-puede-un-cuerpo/,¿Qué puede un cuerpo?,Juegos Olímpicos y Paralímpicos,Analía Fernández Fuks,2021-07-23 10:51:38,Culturas,Ensayo,['Culturas'],1821
2361,154417,https://www.revistaanfibia.com/fintech-usted-quiere-un-prestamo/,¿Usted quiere un préstamo?,"FinTech: finanzas, tecnología, interés",Florencia Barragán,2021-07-26 11:06:44,Política y Economía,,['Política y Economía'],1979
2362,154438,https://www.revistaanfibia.com/vivir-la-fe-religiosidad-popular/,"Jesús es re-loco, el mundo es careta",Religiosidad popular,Pablo Semán,2021-07-27 09:59:55,Culturas,Ensayo,['Culturas'],1385
2363,154464,https://www.revistaanfibia.com/la-lectura-no-termina-en-un-libro/,La lectura no termina en un libro,"Niñxs, adolescentes, redes sociales y fandoms literarios",Paula Cuestas,2021-07-28 10:25:01,Culturas,,['Culturas'],2711
2364,154363,https://www.revistaanfibia.com/dilemas-la-experiencia-pandemica/,Dilemas de la experiencia pandémica,Ciclo IDAES: ¿Por dónde salimos?,Mariana Gené; Luisina Perelmiter,2021-07-28 13:27:36,Política y Economía,,['Política y Economía'],2160
2365,154492,https://www.revistaanfibia.com/100mil-muertes-covid/,¿Cómo llegamos a 100 mil muertes?,COVID-19: la necesidad de un balance socio-político.,Daniel Feierstein,2021-07-29 10:36:38,Política y Economía,Ensayo,['Política y Economía'],2233
2366,154502,https://www.revistaanfibia.com/nadie-lo-hace-como-el-kun-aguero/,Nadie lo hace como el Kun,Fútbol y videojuegos,Lucas Garófalo,2021-07-30 10:10:00,Culturas,,['Culturas'],7728
2367,154538,https://www.revistaanfibia.com/dni-no-binario/,Una X: un paso para una sociedad de iguales,DNI no binario,Eleonora Lamm,2021-08-02 11:07:30,Políticas de géneros,Ensayo,['Políticas de géneros'],1847
2368,154558,https://www.revistaanfibia.com/alguna-vez-pateaste-hormiguero/,¿Alguna vez pateaste un hormiguero?,"Escuela, Covid, supervivencia y futuro",Federico Lorenz,2021-08-03 10:43:30,Educación,,['Educación'],2318
2369,154567,https://www.revistaanfibia.com/movimientos-sociales-todoterreno/,Movimientos sociales todoterreno,Crisis económica y cierre de listas,Francisco Longa,2021-08-04 11:59:11,Política y Economía,Ensayo,['Política y Economía'],2591
2370,154606,https://www.revistaanfibia.com/soy-mas-que-mis-medallas/,Soy más que mis medallas,Deportes y salud mental,Débora Majul,2021-08-05 10:07:18,Culturas,,['Culturas'],1842
2371,3110,https://www.revistaanfibia.com/la-nobleza-de-una-emocion-colectiva/,La nobleza de una emoción colectiva,El nieto 114,Diego Tatián,2021-08-05 13:39:19,Política y Economía,Ensayo,['Política y Economía'],869
2372,154627,https://www.revistaanfibia.com/leo-mattioli/,¡Ay amor!,10 años sin Leo Mattioli,Tomás Quintín Palma,2021-08-06 10:06:08,Culturas,Ensayo,['Culturas'],2060
2373,154649,https://www.revistaanfibia.com/hugo-y-facundo-conte-la-continuidad-es-un-legado/,La continuidad es un legado,Hugo y Facundo Conte,Ariel Scher,2021-08-07 15:38:39,Culturas,Crónica,['Culturas'],2439
2374,154638,https://www.revistaanfibia.com/virus-se-fue-cuerpo-pide-tiempo/,"El virus se fue, el cuerpo pide tiempo",Long Covid: las secuelas en pacientes leves,Lautaro Bentivegna,2021-08-09 10:47:48,Salud,,['Salud'],2973
2375,154690,https://www.revistaanfibia.com/un-grito-en-un-mar-de-dolor/,Un grito en un mar de dolor,Crisis económica y organizaciones sociales,Pablo Semán,2021-08-09 16:13:55,Política y Economía,Ensayo,['Política y Economía'],1545
2376,154705,https://www.revistaanfibia.com/diario-de-un-cuerpo-en-guerra/,Diario de un cuerpo en guerra,Formas propias,Matías Fernández Burzaco,2021-08-10 09:49:41,Salud,Crónica,['Salud'],892
2377,154748,https://www.revistaanfibia.com/el-hotel-es-un-cuerpo/,El hotel es un cuerpo,El Gondolín,Feda Baeza,2021-08-12 10:46:16,Culturas,Ensayo,['Culturas'],1560
2378,154752,https://www.revistaanfibia.com/como-evitar-la-ecoansiedad/,Cómo evitar la ecoansiedad,Informe del IPCC sobre el cambio climático,Inés Camilloni,2021-08-12 15:51:57,Ambiente,,['Ambiente'],2322
2379,154772,https://www.revistaanfibia.com/ibai-llanos/,No todos somos Ibai,Streaming y fútbol,Julián Kopp,2021-08-13 13:20:32,Culturas,Ensayo,['Culturas'],2029
2380,154817,https://www.revistaanfibia.com/un-nuevo-contrato-social/,Un nuevo contrato social,Inversiones,Pablo Belardinelli,2021-08-17 09:19:03,Política y Economía,Ensayo,['Política y Economía'],990
2381,154777,https://www.revistaanfibia.com/noy-nada-automatico-la-automatizacion/,Noy hay nada automático en la automatización,"Robots, (des)empleo y aceleracionismo",Adrian Smith; Mariano Fressoli,2021-08-17 09:21:06,Tecnologías,,['Tecnologías'],2890
2382,154833,https://www.revistaanfibia.com/las-fugas-del-peronismo/,Las fugas del peronismo,Crisis de representación y elecciones legislativas,Esteban De Gori,2021-08-17 17:32:04,Política y Economía,Ensayo,['Política y Economía'],1199
2383,154874,https://www.revistaanfibia.com/afganistan-mujeres/,¿Tenemos que salvar a las afganas?,La caída de Kabul: la vuelta de los talibán,Carolina Bracco,2021-08-19 10:00:45,Política y Economía,Ensayo,['Política y Economía'],1961
2384,154868,https://www.revistaanfibia.com/maximo-kirchner/,El arquitecto zen,Máximo Kirchner,Nicolás Fiorentino,2021-08-19 11:49:22,Política y Economía,Crónica,['Política y Economía'],5733
2385,154890,https://www.revistaanfibia.com/ricardo-fort-anatomia-una-fascinacion/,Anatomía de una fascinación,Basta chicos: la vida de Ricardo Fort,Alejandro Seselovsky,2021-08-20 11:13:54,Culturas,,['Culturas'],1855
2386,154935,https://www.revistaanfibia.com/carlos-maslaton-100-por-ciento-barrani/,100 por ciento barrani,Carlos Maslatón,Juan Luis González,2021-08-23 10:56:47,Política y Economía,Crónica,['Política y Economía'],5054
2387,154964,https://www.revistaanfibia.com/el-reino-evangelicos-romper-espejo/,Evangélicos: romper el espejo,El Reino,Marcos Carbonelli,2021-08-24 12:04:16,Culturas,,['Culturas'],1669
2388,154990,https://www.revistaanfibia.com/lugones-peregrinajes/,Caminante no hay camino,Maria Lugones: Peregrinajes,Gabriela Veronelli,2021-08-25 09:55:14,Culturas,Ensayo,['Culturas'],2146
2389,154978,https://www.revistaanfibia.com/narrar-lo-imperdonable/,Narrar lo imperdonable,El abuso sexual infantil en la literatura,Virginia Feinmann,2021-08-26 15:56:34,Políticas de géneros,,['Políticas de géneros'],1424
2390,155012,https://www.revistaanfibia.com/el-reino-serie/,El diablo es la política,El Reino,Pablo Nardi,2021-08-27 10:01:25,Culturas,Ensayo,['Culturas'],1903
2391,155039,https://www.revistaanfibia.com/la-escuela-esta-rota/,La escuela está rota,"Docentes, estudiantes y redes sociales",Manuel Becerra,2021-08-28 14:21:40,Educación,Ensayo,['Educación'],2594
2392,155057,https://www.revistaanfibia.com/aniversario50-flh/,Mapas de Sexo y Revolución,50 años del Frente de Liberación Homosexual,Germán Garrido,2021-08-31 13:27:03,Políticas de géneros,,['Políticas de géneros'],3102
2393,155067,https://www.revistaanfibia.com/grindr-sacro/,Casi una experiencia religiosa,Catolicismo y Grindr,Laura Cabezas,2021-09-01 09:53:14,Políticas de géneros,,['Políticas de géneros'],2049
2394,155084,https://www.revistaanfibia.com/corazon-no-solo-tema-varones/,El corazón no es sólo un tema de varones,El sesgo de género en la medicina,Mónica Yemayel,2021-09-02 09:42:00,Políticas de géneros,,['Políticas de géneros'],2072
2395,155088,https://www.revistaanfibia.com/ese-vital-desacuerdo/,Ese vital desacuerdo,Feminismos para la revolución,Laura Fernández Cordero,2021-09-03 09:16:17,Políticas de géneros,,['Políticas de géneros'],3819
2396,179193,https://www.revistaanfibia.com/de-que-esta-hecha-una-bala/,De qué está hecha una bala,Atentado a Cristina,Ramiro Parodi,2021-09-06 09:31:00,Política y Economía,Ensayo,['Política y Economía'],2379
2397,48508,https://www.revistaanfibia.com/que-se-joda-el-espectador-no-comprometido/,Que se joda el espectador no comprometido,"David Simon, creador de The Wire",Laureano Debat,2021-09-07 10:00:32,Culturas,Crónica,['Culturas'],3406
2398,155269,https://www.revistaanfibia.com/mucho-tiktok-poca-calle/,"Mucho tikTok, poca calle",La campaña electoral de la pandemia,Sol Montero,2021-09-13 09:52:23,Política y Economía,Ensayo,['Política y Economía'],1255
2399,155272,https://www.revistaanfibia.com/autoayuda-para-analizar-las-paso/,Autoayuda para analizar las PASO,A 10 años de su implementación,Ariadna Gallo; Carolina Pérez Roux,2021-09-13 10:06:14,Política y Economía,,['Política y Economía'],2381
2400,155284,https://www.revistaanfibia.com/perdida-y-desorden/,Pérdida y desorden,El peronismo unido fue vencido,Julio Burdman,2021-09-13 19:26:12,Política y Economía,,['Política y Economía'],1362
2401,155288,https://www.revistaanfibia.com/lo-lamentable-lo-doloroso/,"Lo lamentable, lo doloroso",La derrota del Frente de Todos,Gonzalo Unamuno,2021-09-13 20:02:02,Política y Economía,,['Política y Economía'],1469
2402,155298,https://www.revistaanfibia.com/una-vacuna-un-voto-que-fallo/,"Una vacuna/un voto, ¿que falló?","PASO: la vida, las crisis, el futuro",Esteban De Gori,2021-09-15 13:12:58,Política y Economía,Ensayo,['Política y Economía'],2421
2403,155295,https://www.revistaanfibia.com/hoy-vuelvo-a-buscarte/,Hoy vuelvo a buscarte,"Femicidio, duelo, rabia y justicia",Cristina Rivera Garza,2021-09-15 14:21:56,Políticas de géneros,,['Políticas de géneros'],5035
2404,155322,https://www.revistaanfibia.com/postales-de-una-catastrofe/,Postales de una catástrofe,¿En qué quedó nuestro proyecto?,Alejandro Horowicz,2021-09-17 09:00:45,Política y Economía,,['Política y Economía'],1869
2405,155314,https://www.revistaanfibia.com/la-unidad-que-supimos-conseguir/,La unidad que supimos conseguir,"Derrota, renuncias y una carta",Nicolás Fiorentino,2021-09-17 10:17:40,Política y Economía,,['Política y Economía'],2192
2406,155325,https://www.revistaanfibia.com/la-sangre-politica-corre-en-tiempo-real/,La sangre política corre en tiempo real,"Redistribución o ajuste, la disputa del Frente de Todos",Flora Vronsky,2021-09-17 13:32:55,Política y Economía,Ensayo,['Política y Economía'],835
2407,155323,https://www.revistaanfibia.com/quien-no-teme-perder/,Quién no teme perder,La crisis del oficialismo tras las PASO,Raquel Robles,2021-09-17 13:34:05,Política y Economía,Ensayo,['Política y Economía'],1002
2408,158543,https://www.revistaanfibia.com/escribir-para-lidiar-con-la-bestia-sombra/,"Gestos del cuerpo, escribiendo para idear",Luz en lo oscuro: interrumpir el paradigma,Gloria Anzaldúa,2021-09-20 11:04:00,Culturas,Ensayo,['Culturas'],2909
2409,158080,https://www.revistaanfibia.com/la-unidad-se-logra-con-memoria/,La unidad se logra con memoria,"Elecciones, nuevo gabinete y oportunidades",Diego Tatián,2021-09-22 15:29:44,Política y Economía,Ensayo,['Política y Economía'],902
2410,158146,https://www.revistaanfibia.com/la-salida-del-laberinto-los-tres-desafios-del-nuevo-gabinete/,La salida del laberinto,Los tres desafíos del nuevo gabinete,Pablo Villarreal,2021-09-22 16:02:11,Política y Economía,Ensayo,['Política y Economía'],2336
2411,158164,https://www.revistaanfibia.com/no-solo-es-la-economia/,No solo es la economía,"Nuevo gabinete, elecciones y gobernabilidad",Esteban De Gori,2021-09-22 16:24:12,Política y Economía,Ensayo,['Política y Economía'],1581
2412,158165,https://www.revistaanfibia.com/no-estamos-en-la-vereda-de-enfrente/,"""No estamos en la vereda de enfrente""",Feminismo popular y peronismo,Adriana Carrasco,2021-09-22 16:24:48,Políticas de géneros,Crónica,['Políticas de géneros'],2713
2413,158314,https://www.revistaanfibia.com/crisis-climatica-sobrevivir-al-siglo-xxi/,Sobrevivir al siglo XXI,Crisis climática y nuevo paradigma tecno-económico,Anabel Marín; Mariano Fressoli,2021-09-27 11:06:37,Ambiente,Ensayo,['Ambiente'],2440
2414,158368,https://www.revistaanfibia.com/angela-merkel-como-sera-vivir-sin-ella/,Cómo será vivir sin ella,Angela Merkel deja la política,Natalia Laube; Juan Elman,2021-09-28 10:46:31,Política y Economía,Ensayo,['Política y Economía'],2144
2415,158354,https://www.revistaanfibia.com/arte-covid-pixel-trauma/,El píxel del trauma,"Covid, arte y redes",Facundo Abal,2021-09-29 10:35:26,Culturas,Ensayo,['Culturas'],1847
2416,158542,https://www.revistaanfibia.com/se-toma-entre-sus-manos/,Se toma entre sus manos,La autobiografía de Simone de Beauvoir,María Gabriela Mizraje,2021-09-30 11:04:07,Culturas,Ensayo,['Culturas'],2269
2417,158468,https://www.revistaanfibia.com/la-patria-de-la-deconstruccion-total/,La patria de la deconstrucción total,"Les pibis, la sexualidad y el amor",Danila Saiegh,2021-10-01 10:27:03,Amor y sexo,Ensayo,['Amor y sexo'],3427
2418,158629,https://www.revistaanfibia.com/capitalismo-digital-cuanto-vale-tu-tiempo/,¿Cuánto vale tu tiempo?,Trabajo y capitalismo digital,Sofía Scasserra,2021-10-04 10:46:22,Tecnologías,Ensayo,['Tecnologías'],2128
2419,158706,https://www.revistaanfibia.com/vacuna-covid-un-pais-que-pone-el-brazo/,Un país que pone el brazo,La vacuna contra el covid: nuestro monotema,Ángeles Alemandi; Lautaro Bentivegna,2021-10-05 10:57:27,Salud,Crónica,['Salud'],4163
2420,158834,https://www.revistaanfibia.com/amores-cautivos/,Amores cautivos,"Teatro, literatura y ecoafectos",Alejandra Laera,2021-10-06 04:26:00,Culturas,Ensayo,['Culturas'],2781
2421,158789,https://www.revistaanfibia.com/ara-san-juan-vigilar-y-gobernar/,ARA San Juan: vigilar para gobernar,Mauricio Macri y el espionaje ilegal,Luciana Bertoia,2021-10-06 11:26:44,Política y Economía,Crónica,['Política y Economía'],2895
2422,158856,https://www.revistaanfibia.com/de-panama-a-pandora-papers-a-quien-le-importa/,¿A quién le importa?,De Panamá a Pandora Papers,Sebastián Lacunza,2021-10-07 12:23:02,Política y Economía,Ensayo,['Política y Economía'],2487
2423,158883,https://www.revistaanfibia.com/es-mas-que-vibrar-alto/,Es más que vibrar alto,"Pandemia, influencers y desconfianza científica",Nicolás Viotti; Lucía Ariza,2021-10-12 10:25:29,Salud,Ensayo,['Salud'],2482
2424,158914,https://www.revistaanfibia.com/ley-de-etiquetado-salud-versus-ositos/,Salud versus ositos,Ley de Etiquetado Frontal,María Gabriela Méndez; Sinar Alvarado,2021-10-13 11:40:58,Salud,Ensayo,['Salud'],3170
2425,158952,https://www.revistaanfibia.com/me-chorearon-el-auto/,"""Me chorearon el auto""",Mercados ilegales,Andrés Buzzetti,2021-10-14 10:48:06,Política y Economía,Ensayo,['Política y Economía'],2844
2426,159013,https://www.revistaanfibia.com/charly-garcia-un-musico-para-el-siglo-39/,Un músico para el siglo 39,Palabras para Charly,Fito Páez,2021-10-14 20:22:05,Culturas,Ensayo,['Culturas'],1458
2427,159072,https://www.revistaanfibia.com/el-narco-en-la-argentina-algo-esta-cambiando/,El narco en la Argentina: ¿algo está cambiando?,Ciclo IDAES ¿Por dónde salimos?,María Soledad Sánchez; Ana Beraldo,2021-10-18 11:04:42,Política y Economía,Ensayo,['Política y Economía'],1665
2428,159143,https://www.revistaanfibia.com/lula-vuelve/,Lula vuelve,El sueño del Frente Amplio brasileño,Juan Manuel Karg,2021-10-19 10:24:26,Política y Economía,Crónica,['Política y Economía'],2635
2429,159191,https://www.revistaanfibia.com/sacar-a-dios-de-la-constitucion/,Sacar a dios de la Constitución,La campaña por el Estado laico,Paula Bistagnino,2021-10-20 10:23:48,Política y Economía,Ensayo,['Política y Economía'],3486
2430,159298,https://www.revistaanfibia.com/los-ricos-tambien-suben-stories/,Los ricos también suben stories,Wandagate,Pablo Méndez Shiff; María Belén Marinone Soriano,2021-10-22 12:59:34,Amor y sexo,Ensayo,['Amor y sexo'],3190
2431,159315,https://www.revistaanfibia.com/riesgo-mercantilizar-naturaleza/,El riesgo de mercantilizar la naturaleza,¿Canje de deuda por naturaleza o espejitos de colores?,Gabriel Blanco,2021-10-25 10:13:11,Ambiente,Ensayo,['Ambiente'],1574
2432,159380,https://www.revistaanfibia.com/marcar-reprimir-privatizar/,"Marcar, reprimir, privatizar",Conflictos territoriales en la Patagonia,Marcelo Musante,2021-10-26 10:28:45,Política y Economía,Ensayo,['Política y Economía'],1858
2433,159412,https://www.revistaanfibia.com/romance-con-oncoratas-y-hombreshembras/,Romance con (onco)ratas y (hombres)hembras,Feminismo y tecnociencia,Donna Haraway,2021-10-27 11:44:04,Culturas,Ensayo,['Culturas'],1424
2434,159476,https://www.revistaanfibia.com/policias-femicidios-errores-sistema/,Los errores del sistema,Femicidas de uniforme,Karen Naundorf,2021-10-28 14:13:48,Políticas de géneros,Ensayo,['Políticas de géneros'],4604
2435,159555,https://www.revistaanfibia.com/el-odio-al-arte/,El odio al arte,Revolución tecnológica y conservadurismo cultural,Syd Krochmalny,2021-10-29 09:57:48,Culturas,Ensayo,['Culturas'],4158
2436,159687,https://www.revistaanfibia.com/el-voto-joven-reinventa-alemania/,El voto joven reinventa Alemania,"Más agenda climática, menos fax",Franco Delle Donne,2021-11-01 09:48:21,Política y Economía,Ensayo,['Política y Economía'],2085
2437,159937,https://www.revistaanfibia.com/identidades-fuera-del-margen-no-binarias/,Identidades fuera del margen,Narrativas no binarias,Florián Vives,2021-11-02 12:02:52,Políticas de géneros,Ensayo,['Políticas de géneros'],1444
2438,160124,https://www.revistaanfibia.com/la-metamorfosis-asi-engorde-para-ser-maradona/,La metamorfosis: así engordé para ser Maradona,Querido diario,Juan Palomino,2021-11-03 12:36:00,Culturas,Crónica,['Culturas'],2682
2439,160263,https://www.revistaanfibia.com/fuera-de-margen/,Fuera de margen,Anfibia Podcast,Anfibia Podcast,2021-11-04 13:55:06,Políticas de géneros,,['Políticas de géneros'],266
2440,160330,https://www.revistaanfibia.com/larga-vida-al-rey/,Larga vida al rey,Ricardo Fort cumple,Mora Matassi,2021-11-05 09:48:00,Culturas,Ensayo,['Culturas'],1613
2441,160553,https://www.revistaanfibia.com/inflar-la-rueda/,Inflar la rueda,Cómo se fabrica un best seller político,Ezequiel Saferstein,2021-11-09 11:24:47,Política y Economía,Ensayo,['Política y Economía'],3718
2442,160580,https://www.revistaanfibia.com/san-martin-trabajar-para-comer-no-es-vida/,Trabajar para comer no es vida,Elecciones 2021 | San Martín: ¿qué piensan los sectores populares?,José Garriga Zucal; Celeste del Bianco,2021-11-10 11:04:32,Política y Economía,Crónica,['Política y Economía'],3399
2443,160628,https://www.revistaanfibia.com/la-matanza-el-voto-del-negrito-patasucia/,El voto del negrito patasucia,Elecciones 2021 | La Matanza: ¿Qué piensan los sectores populares?,Malvina Silba; Florencia Barragán,2021-11-10 11:06:31,Política y Economía,Crónica,['Política y Economía'],3880
2444,160835,https://www.revistaanfibia.com/tiempos-despedazados-libertario-milei/,Tiempos despedazados,El fenómeno libertario,Sol Verónica Gui; Ramiro Parodi; Lucas Reydó,2021-11-11 10:59:59,Política y Economía,Ensayo,['Política y Economía'],3522
2445,160913,https://www.revistaanfibia.com/hidrogeno-verde-el-combustible-del-futuro/,Hidrógeno verde: el combustible del futuro,"COP26, Argentina y transición energética",Daniel Schteingart,2021-11-12 10:29:04,Ambiente,Ensayo,['Ambiente'],2410
2446,161195,https://www.revistaanfibia.com/acercar-distancias-conurbano/,Acercar distancias,La tercera sección electoral y sus desafíos,Leandro Barttolotta; Ignacio Gago; Gonzalo Sarrais Alier,2021-11-15 16:00:34,Política y Economía,Ensayo,['Política y Economía'],1906
2447,161224,https://www.revistaanfibia.com/divididos-polarizados-desafio-izquierda/,Divididos y polarizados,El ascenso de la izquierda y la derecha ultraliberal,Fernando Rosso,2021-11-16 13:17:51,Política y Economía,Ensayo,['Política y Economía'],1120
2448,161292,https://www.revistaanfibia.com/daniel-ortega-el-ultimo-guerrillero-nicaragua/,Daniel Ortega: el último guerrillero,Elecciones en Nicaragua,Esteban De Gori,2021-11-17 10:15:54,Política y Economía,Ensayo,['Política y Economía'],2484
2449,161307,https://www.revistaanfibia.com/la-ideologia-de-la-crisis-argentina/,La ideología de la crisis,Claves para leer el presente,Ezequiel Ipar; Micaela Cuesta; Lucía Wegelin,2021-11-17 10:56:38,Política y Economía,Ensayo,['Política y Economía'],2238
2450,161639,https://www.revistaanfibia.com/lecciones-de-las-elecciones-legislativas/,Lecciones de las elecciones,De las Legislativas al 2023,Gabriel Vommaro; Mariana Gené,2021-11-18 11:07:21,Política y Economía,Ensayo,['Política y Economía'],2362
2451,161957,https://www.revistaanfibia.com/noche-queer-militantes-de-la-nocturnidad/,Militantes de la nocturnidad,Estados de ánimo de la noche LGBTIQ+,Alejandro Modarelli,2021-11-19 12:16:24,Amor y sexo,Ensayo,['Amor y sexo'],2391
2452,162016,https://www.revistaanfibia.com/crimen-de-lucas-gonzalez/,¿Por qué disparan? Porque pueden,Justicia por Lucas,Sebastián N. Ortega,2021-11-19 15:29:10,Política y Economía,Crónica,['Política y Economía'],1632
2453,162068,https://www.revistaanfibia.com/la-disputa-por-la-transicion/,La disputa por la transición,Elecciones en Chile,Felipe Bäuerle; María Mansilla,2021-11-22 01:09:48,Política y Economía,Crónica,['Política y Economía'],3443
2454,162144,https://www.revistaanfibia.com/chile-no-es-cualquier-otro-lugar-de-este-planeta/,Chile no es cualquier otro lugar de este planeta,Elecciones presidenciales,Pablo Aravena Núñez,2021-11-23 10:45:02,Política y Economía,Ensayo,['Política y Economía'],1444
2455,162234,https://www.revistaanfibia.com/que-quieren-las-elites-de-la-argentina/,¿Qué quieren las élites de la Argentina?,"Ricos, privilegiados, desiguales",Paula Bistagnino,2021-11-24 13:04:26,Política y Economía,Crónica,['Política y Economía'],5954
2456,162358,https://www.revistaanfibia.com/vivir-bajo-sospecha/,Vivir bajo sospecha,Claves para derribar prejuicios sobre los pueblos originarios,Carolina Crespo; Ana Ramos; Mariela Eva Rodríguez; Malena Pell Richards; Florencia Yanniello; Juana Aigo,2021-11-26 11:29:47,Política y Economía,Ensayo,['Política y Economía'],2028
2457,162496,https://www.revistaanfibia.com/seul-no-es-un-k-drama/,Seúl no es un K-drama,Cultura coreana for export,Naimid Cirelli,2021-11-30 12:00:16,Culturas,Ensayo,['Culturas'],2905
2458,162590,https://www.revistaanfibia.com/experiencias-seropositivas/,Experiencias seropositivas,"Vih, arte y activismo",Francisco Lemus,2021-12-01 10:48:06,Culturas,Ensayo,['Culturas'],2087
2459,162626,https://www.revistaanfibia.com/la-desigualdad-de-genero-es-economica-y-tambien-fiscal/,La desigualdad de género es económica y también fiscal,"Género, impuestos y desigualdad",Candelaria Botto,2021-12-02 10:14:10,Política y Economía,Ensayo,['Política y Economía'],1961
2460,162802,https://www.revistaanfibia.com/el-idolo-olvidado/,El ídolo olvidado,Palito Ortega,Pablo Alabarces; Abel Gilbert,2021-12-07 10:46:36,Culturas,Ensayo,['Culturas'],3548
2461,162764,https://www.revistaanfibia.com/la-posibilidad-de-un-feminismo-mas-diverso/,La posibilidad de un feminismo más diverso,Feminismos populares y protesta,Laura Masson,2021-12-07 14:38:00,Políticas de géneros,Ensayo,['Políticas de géneros'],1099
2462,163405,https://www.revistaanfibia.com/las-sobrevivientes/,Las sobrevivientes,Fotos del “Museo de la Lucha contra la Subversión” de Córdoba,Mariana Sirimarco; Irina Mendiara,2021-12-10 10:07:32,Política y Economía,,['Política y Economía'],2415
2463,163386,https://www.revistaanfibia.com/sujetos-herederos-o-deudores/,"Sujetos, herederos o deudores",Tres historias argentinas,Raquel San Martín,2021-12-10 10:30:51,Culturas,Ensayo,['Culturas'],2039
2464,162653,https://www.revistaanfibia.com/estamos-peor-que-en-2001/,¿Estamos peor que en 2001?,Un GPS para la imaginación política,Federico Lorenz,2021-12-12 14:30:00,Política y Economía,Ensayo,['Política y Economía'],3021
2465,162760,https://www.revistaanfibia.com/subvertir-el-orden-compartir-las-calles/,"Subvertir el orden, compartir las calles",Huellas de la crisis,Sebastian Pereyra,2021-12-13 14:37:00,Política y Economía,,['Política y Economía'],1875
2466,162770,https://www.revistaanfibia.com/lo-solido-se-desvanece-en-argentina/,Lo sólido se desvanece en la realidad barrosa de Argentina,Legados políticos de la crisis,Gabriel Vommaro,2021-12-14 13:40:00,Política y Economía,Ensayo,['Política y Economía'],2159
2467,163497,https://www.revistaanfibia.com/el-negocio-de-las-noticias-dejo-de-existir/,El negocio de las noticias dejó de existir,Futuro imperfecto: ¿hacia dónde va el periodismo?,Silvina Heguy,2021-12-14 14:20:00,Culturas,Ensayo,['Culturas'],3114
2468,162716,https://www.revistaanfibia.com/poetica-y-politica-para-romper-con-lo-binario/,Poética y política para romper con lo binario,Lo que nos dejó 2001,Natalia Revale; Loreto Soledad Garín Guzmán,2021-12-16 10:40:00,Culturas,Ensayo,['Culturas'],1359
2469,162664,https://www.revistaanfibia.com/el-2001-no-empezo-ni-termino-en-diciembre/,El 2001 no empezó ni terminó en diciembre,Postales de la rebelión popular,Pablo Solana,2021-12-16 10:44:00,Política y Economía,Crónica,['Política y Economía'],4097
2470,162685,https://www.revistaanfibia.com/las-fotos-que-hoy-llenan-tu-instagram/,Las fotos que hoy llenan tu Instagram,A 20 años de ese estallido tremendo,Inés Ulanovsky,2021-12-16 10:50:00,Política y Economía,Crónica,['Política y Economía'],2849
2471,162779,https://www.revistaanfibia.com/vagos-putas-y-villerxs-con-voz-propia/,"Vagos, putas y villerxs con voz propia",La cumbia que parió el 2001,Malvina Silba,2021-12-17 02:39:00,Culturas,Ensayo,['Culturas'],2475
2472,163756,https://www.revistaanfibia.com/que-nadie-gobierne-a-boric/,Que nadie gobierne a Boric,La izquierda ganó en Chile,Pablo Aravena Núñez,2021-12-18 12:13:00,Política y Economía,Ensayo,['Política y Economía'],1436
2473,162647,https://www.revistaanfibia.com/justo-en-la-garganta/,Justo en la garganta,Rosario: formas de la violencia,Ricardo Robins,2021-12-18 21:00:00,Política y Economía,Crónica,['Política y Economía'],4588
2474,169404,https://www.revistaanfibia.com/the-end-gobierno-pinera/,The end,Piñera: un gobierno para el olvido quedará en la historia,Juan Cristóbal Peña,2021-12-19 10:28:00,Política y Economía,Ensayo,['Política y Economía'],2112
2475,162738,https://www.revistaanfibia.com/la-batalla-de-plaza-de-mayo/,La batalla de Plaza de Mayo,Crónica del estallido,Cristian Alarcón,2021-12-20 08:00:00,Política y Economía,Crónica,['Política y Economía'],1844
2476,163689,https://www.revistaanfibia.com/muerto-el-miedo-se-acabo-la-pena/,Muerto el miedo se acabó la pena,Chile: Boric presidente,Bernardita García Jiménez,2021-12-20 19:44:47,Política y Economía,Crónica,['Política y Economía'],2845
2477,163711,https://www.revistaanfibia.com/feminismo-para-todo-el-mundo/,Feminismo para todo el mundo,Homenaje a bell hooks,María Inés La Greca; Bruna Stamato,2021-12-20 20:08:37,Políticas de géneros,Ensayo,['Políticas de géneros'],2888
2478,163722,https://www.revistaanfibia.com/chile-generacion-boric/,Tu sí sabes lo que han sido estos años,Generación Boric,Alejandro Zambra,2021-12-21 09:15:00,Política y Economía,Crónica,['Política y Economía'],1522
2479,163723,https://www.revistaanfibia.com/aborto-el-gran-piquete-feminista/,"Aborto, el gran piquete feminista",2001-2021: un pañuelo verde para la historia,Graciela Di Marco,2021-12-21 09:35:40,Políticas de géneros,Ensayo,['Políticas de géneros'],3265
2480,29371,https://www.revistaanfibia.com/la-vida-cambia-en-un-instante/,La vida cambia en un instante,Joan Didion,Joan Didion,2021-12-23 00:09:00,Culturas,,['Culturas'],6630
2481,163830,https://www.revistaanfibia.com/la-pasion-libertaria-durante-la-pandemia/,La pasión libertaria durante la pandemia,Qué demora la salida de esta crisis,Silvio Waisbord,2021-12-27 09:40:14,Política y Economía,Ensayo,['Política y Economía'],2083
2482,163898,https://www.revistaanfibia.com/es-imposible-mudarse-a-un-lugar-mejor/,¿Es imposible mudarse a un lugar mejor?,El derecho a la vivienda terminó en 2001,Mercedes Di Virgilio,2021-12-28 14:16:41,Política y Economía,Ensayo,['Política y Economía'],3687
2483,163985,https://www.revistaanfibia.com/quien-garantiza-el-aborto-legal/,Quién garantiza el aborto legal,A un año de la ley del aborto,Paula Rodríguez; María Florencia Alcaraz,2021-12-29 13:41:38,Políticas de géneros,Crónica,['Políticas de géneros'],5071
2484,164028,https://www.revistaanfibia.com/los-pibes-de-la-plaza/,Los pibes de la Plaza,¿Quién es el manifestante de la foto?,Emiliano Gullo,2021-12-30 12:04:37,Política y Economía,Crónica,['Política y Economía'],1759
2485,164069,https://www.revistaanfibia.com/mariana-enriquez-tierra-el-planeta-que-nunca-aburre/,"Tierra, el planeta que nunca aburre",El año de la rata,Mariana Enríquez,2022-01-04 14:39:35,Culturas,Crónica,['Culturas'],1790
2486,155216,https://www.revistaanfibia.com/afuera-el-desierto/,"Afuera, el desierto",La ilusión de la UCR,Gabriela Pepe,2022-01-05 06:07:00,Política y Economía,,['Política y Economía'],3205
2487,164501,https://www.revistaanfibia.com/onlyfans-luces-camara-dolares/,"Luces, cámara, ¡dólares!",Onlyfans,José Ignacio Scasserra,2022-01-06 10:22:37,Amor y sexo,Crónica,['Amor y sexo'],2593
2488,164662,https://www.revistaanfibia.com/mi-no-entender-que-sienten-lxs-jovenes/,Mi no entender: ¿qué sienten lxs jóvenes?,Tecnosociabilidad y pensamiento crítico,Fernando Peirone; Daniel Daza Prado,2022-01-10 11:50:02,Culturas,Ensayo,['Culturas'],2749
2489,105357,https://www.revistaanfibia.com/relato-salvaje/,Relato salvaje,El crimen de Fernando Pastorizzo,Sabrina Cartabia Groba,2022-01-11 04:35:00,Políticas de géneros,,['Políticas de géneros'],2114
2490,165002,https://www.revistaanfibia.com/no-somos-un-pais-antivacunas-pero/,"No somos un país antivacunas, pero...","Covid 19: identidades, experiencias y discursos sociales",Andrés Scharager; Germán E. Gallino,2022-01-12 14:59:13,Salud,Ensayo,['Salud'],3969
2491,165289,https://www.revistaanfibia.com/las-mujeres-somos-el-trofeo-de-la-guerra-contra-las-drogas/,“Somos el trofeo de la guerra contra las drogas”,"Narcotráfico, mujeres y prisión",Mariana Mora,2022-01-17 14:16:38,Políticas de géneros,Ensayo,['Políticas de géneros'],3539
2492,165467,https://www.revistaanfibia.com/la-celebracion-de-lo-anfibio/,La celebración de lo anfibio,Cristian Alarcón recibe el Premio Alfaguara,María Mansilla,2022-01-21 15:47:42,Culturas,Crónica,['Culturas'],1372
2493,165492,https://www.revistaanfibia.com/el-laberinto-de-las-tarifas/,¿Cómo descongelar tarifas en pleno incendio?,Política energética: apagón y después,Florencia Barragán,2022-01-24 11:45:07,Política y Economía,Crónica,['Política y Economía'],2903
2494,165523,https://www.revistaanfibia.com/no-me-excita-el-fantasma-yabran/,No me excita el fantasma Yabrán,A 25 años del crimen de Cabezas,Juan Luis González,2022-01-25 10:10:00,Política y Economía,Crónica,['Política y Economía'],1987
2495,164866,https://www.revistaanfibia.com/polarizacion-politica-fenomeno-de-nicho-o-de-masas/,Polarización política: ¿fenómeno de nicho o de masas?,Ciclo IDAES: ¿Por dónde salimos?,Mariana Gené; Luisina Perelmiter,2022-01-26 11:04:38,Política y Economía,Ensayo,['Política y Economía'],1785
2496,165760,https://www.revistaanfibia.com/como-gobernar-un-pais-cruel/,Cómo gobernar un país cruel,Xiomara Castro: primera presidenta de Honduras,Esteban De Gori,2022-01-27 09:41:53,Política y Economía,Ensayo,['Política y Economía'],1415
2497,165722,https://www.revistaanfibia.com/euphoria-el-amor-nunca-esta-sobrio/,El amor nunca está sobrio,Euphoria: una sensibilidad perfecta,Donna Tefa,2022-01-28 11:01:50,Culturas,Ensayo,['Culturas'],2304
2498,165852,https://www.revistaanfibia.com/la-historia-no-esta-escrita-en-una-piedra/,La historia no está escrita en una piedra,"FMI, Argentina y el mundo",Juan Pablo Bohoslavsky; Juan Flores Zendejas,2022-01-31 12:59:43,Política y Economía,Ensayo,['Política y Economía'],3182
2499,165884,https://www.revistaanfibia.com/moda-disciplinamiento-y-rebelion/,Moda: disciplinamiento y rebelión,Bien vestidos,María Isabel Baldasarre,2022-02-01 10:29:20,Culturas,Ensayo,['Culturas'],1481
2500,166078,https://www.revistaanfibia.com/no-alcanza-con-derribar-bunkers/,No alcanza con derribar bunkers,"Transas, Estado y consumidores",José Garriga Zucal,2022-02-04 12:42:05,Política y Economía,Ensayo,['Política y Economía'],1000
2501,166105,https://www.revistaanfibia.com/gucci-prada-y-binariedad/,"Gucci, Prada y binariedad",Sex and the city: And Just Like That,Sonia Budassi,2022-02-04 16:37:35,Amor y sexo,Ensayo,['Amor y sexo'],3680
2502,39135,https://www.revistaanfibia.com/el-disco-maldito-de-spinetta/,El disco maldito de Spinetta,¿Sólo el amor lo puede sostener?,Roly Villani,2022-02-08 10:11:00,Culturas,Ensayo,['Culturas'],2629
2503,165746,https://www.revistaanfibia.com/meter-los-pies-en-el-agua-otra-vez/,Meter los pies en el agua otra vez,Erotismo cultural para olvidar la pandemia,Dolores Gil,2022-02-10 09:48:03,Culturas,Crónica,['Culturas'],2311
2504,114758,https://www.revistaanfibia.com/cuantas-veces-nos-quedamos-calladas/,¿Cuántas veces nos quedamos calladas?,#MiráCómoNosPonemos,Leila Mesyngier; Julieta Greco,2022-02-11 12:30:00,Políticas de géneros,Crónica,['Políticas de géneros'],2011
2505,154007,https://www.revistaanfibia.com/plan-qunita-el-que-afloja-pierde/,El que afloja pierde,Plan Qunita,Julia Muriel Dominzain,2022-02-15 10:00:00,Salud,Crónica,['Salud'],2888
2506,167049,https://www.revistaanfibia.com/campo-de-mayo-que-harias-vos-aca/,Campo de Mayo: ¿qué harías vos acá?,"Camuflaje, de Jonathan Perel y Félix Bruzzone",Mariana Eva Perez,2022-02-15 12:21:59,Política y Economía,Ensayo,['Política y Economía'],2275
2507,167164,https://www.revistaanfibia.com/tantos-pequenos-rituales-que-nos-inventamos/,Tantos pequeños rituales que nos inventamos,"Tamara Diaz Bringas: arte, semillas y despedidas",Ana Longoni,2022-02-17 10:45:13,Culturas,Ensayo,['Culturas'],3751
2508,167105,https://www.revistaanfibia.com/el-desvelo-ruso-por-ucrania/,El desvelo ruso por Ucrania,"Ucrania, Rusia y la OTAN",Martín Baña,2022-02-18 10:06:00,Política y Economía,Ensayo,['Política y Economía'],1697
2509,151938,https://www.revistaanfibia.com/javier-milei-el-libertario-peinado-por-el-mercado/,Peinado por el mercado,Javier Milei,Pablo Stefanoni,2022-02-19 12:22:00,Política y Economía,Crónica,['Política y Economía'],4021
2510,154078,https://www.revistaanfibia.com/santi-maratea-un-pibe-y-su-telefono/,Un pibe y su teléfono,El maravilloso mundo de Santi Maratea,Micaela Cuesta; Alejandro Seselovsky,2022-02-21 09:30:00,Culturas,Crónica,['Culturas'],4549
2511,167818,https://www.revistaanfibia.com/digital-verde-y-sanitaria-promesas-de-una-invitacion/,"Digital, verde y sanitaria: promesas de una invitación","China, la ruta de la seda y la cooperación internacional",Alejandra Conconi; Sebastián Schulz,2022-02-22 09:56:24,Política y Economía,Ensayo,['Política y Economía'],1540
2512,167998,https://www.revistaanfibia.com/todxs-necesitamos-heroes/,Todxs necesitamos héroes,Anfibia Podcast,Camilo Genoud,2022-02-23 14:15:43,Culturas,Crónica,['Culturas'],1260
2513,168124,https://www.revistaanfibia.com/el-desarrollo-ambientalista-como-punto-de-fuga/,El desarrollo ambientalista como punto de fuga,Ciclo IDAES: ¿Por dónde salimos?,Gisele Bilañski; María Soledad Sánchez,2022-02-25 10:25:18,Política y Economía,Ensayo,['Política y Economía'],1196
2514,168820,https://www.revistaanfibia.com/el-discurso-de-la-encrucijada/,El discurso de la encrucijada,Alberto Fernández ante el Congreso,Julio Burdman,2022-03-01 18:29:02,Política y Economía,Ensayo,['Política y Economía'],1619
2515,168909,https://www.revistaanfibia.com/madres-paralelas-de-donde-sacar-tiempo-para-cuidar/,¿De dónde sacar tiempo para cuidar?,Madres paralelas: la responsabilidad y organización social del cuidado,Celeste Abrevaya; Leandro Bleger,2022-03-02 10:14:27,Políticas de géneros,Ensayo,['Políticas de géneros'],2777
2516,168992,https://www.revistaanfibia.com/westfalia-murio-en-ucrania/,Westfalia murió en Ucrania,Invasión rusa,Claudio Sergio Ingerflom,2022-03-02 17:04:51,Política y Economía,Ensayo,['Política y Economía'],2793
2517,169072,https://www.revistaanfibia.com/violacion-grupal-palermo-despues-de-la-rabia/,Después de la rabia,Violación grupal en Palermo,Julieta Greco; Leila Mesyngier,2022-03-04 13:33:22,Políticas de géneros,Ensayo,['Políticas de géneros'],1897
2518,169135,https://www.revistaanfibia.com/chile-el-futuro-esta-a-unos-dias-de-nosotros/,El futuro está a unos días de nosotros,Copia o Muerte: anotaciones de un libro en tránsito,Giorgio Jackson Drago; Paula Espinoza Orcaistegui,2022-03-07 11:02:03,Política y Economía,Ensayo,['Política y Economía'],1705
2519,169084,https://www.revistaanfibia.com/revulsiones-afectivas/,Revulsiones afectivas,"Desafiar el sentir: Feminismos, historia y rebelión",Cecilia Macón,2022-03-08 10:55:56,Políticas de géneros,Ensayo,['Políticas de géneros'],3860
2520,169296,https://www.revistaanfibia.com/boric-chile-punta-arenas/,Chile: ¿Alcanzarán los sueños?,"Punta Arenas, el territorio que explica a un presidente",Santiago Rey,2022-03-09 15:11:06,Política y Economía,Crónica,['Política y Economía'],4794
2521,169344,https://www.revistaanfibia.com/la-fantasia-de-ensenar-el-futuro-inteligencia-artificial/,La fantasía de enseñar el futuro,¿Hay lugar para la Inteligencia Artificial en las escuelas?,Manuel Becerra,2022-03-10 10:24:30,Educación,Ensayo,['Educación'],2497
2522,152211,https://www.revistaanfibia.com/en-este-mundo-nos-falta-tehuel/,En este mundo nos falta Tehuel,Ni un chabón trans menos,gaita nihil,2022-03-10 10:35:00,Políticas de géneros,,['Políticas de géneros'],1126
2523,169448,https://www.revistaanfibia.com/el-rockero-que-manda-gabriel-boric/,El rockero que manda,El comienzo de la era Boric,Roka Valbuena,2022-03-11 11:48:03,Política y Economía,Crónica,['Política y Economía'],2587
2524,169600,https://www.revistaanfibia.com/la-comunidad-lgbt-en-la-politica-chilena/,La comunidad LGBT+ en la política chilena,El comienzo de la era Boric,Anastasia Benavente,2022-03-12 17:00:31,Política y Economía,Ensayo,['Política y Economía'],1846
2525,169644,https://www.revistaanfibia.com/que-esperan-los-boric-lovers-a-cambio-de-tanto-amor/,Qué esperan los Boric Lovers a cambio de tanto amor,Chile: la transición democrática,María Belén Medina,2022-03-14 11:36:54,Política y Economía,Crónica,['Política y Economía'],1264
2526,169790,https://www.revistaanfibia.com/cinco-razones-para-hacer-sociologia-politica/,Cinco razones para hacer Sociología Política,Nueva Maestría EIDAES-UNSAM,Gabriel Vommaro,2022-03-14 15:17:00,Educación,Ensayo,['Educación'],755
2527,169868,https://www.revistaanfibia.com/pantallas-cuanto-tiempo-aguantas-fuera-de-linea/,¿Cuánto tiempo aguantás fuera de línea?,"Abundancia: contenidos, pantallas y ansiedad cultural",Pablo Boczkowski,2022-03-16 09:53:08,Tecnologías,Ensayo,['Tecnologías'],2227
2528,169849,https://www.revistaanfibia.com/higui-es-la-mejor-de-nosotras/,Higui es la mejor de nosotras,"Pobre, negra y marimacho",Adriana Carrasco,2022-03-16 13:43:00,Políticas de géneros,Ensayo,['Políticas de géneros'],1473
2529,170095,https://www.revistaanfibia.com/como-parar-la-guerra/,¿Cómo parar la guerra?,El conflicto Rusia - Ucrania,Esteban Torres,2022-03-18 16:02:26,Política y Economía,Ensayo,['Política y Economía'],2457
2530,170117,https://www.revistaanfibia.com/chicha-mariani-el-ultimo-cumpleanos/,El último cumpleaños,"Perfil de Chicha Mariani, fundadora de Abuelas",Laureano Barrera,2022-03-21 14:22:47,Política y Economía,Crónica,['Política y Economía'],3330
2531,170130,https://www.revistaanfibia.com/spencer-lady-di-retrato-princesa-llamas/,Retrato de una princesa en llamas,Spencer,Julieta Greco,2022-03-22 10:17:28,Culturas,Ensayo,['Culturas'],1125
2532,126102,https://www.revistaanfibia.com/casi-angel/,Casi ángel,Paulo Londra,José Heinz,2022-03-23 11:20:00,Culturas,Crónica,['Culturas'],2427
2533,170222,https://www.revistaanfibia.com/mi-abuelo-rodolfo/,Mi abuelo Rodolfo,Walsh y la memoria familiar,Tali Goldman,2022-03-24 09:28:08,Política y Economía,Crónica,['Política y Economía'],2215
2534,170313,https://www.revistaanfibia.com/oscar-will-smith-como-evitarse-una-cachetada/,Cómo evitarse una cachetada,Los límites del humor zarpado,Malena Pichot,2022-03-28 15:38:59,Culturas,Ensayo,['Culturas'],993
2535,170377,https://www.revistaanfibia.com/atravesar-el-tiempo-sin-documentos/,La paciencia migrante,Movilidad humana y pandemia,Ezequiel Fernández Bravo,2022-03-30 12:50:27,Política y Economía,Crónica,['Política y Economía'],3876
2536,45563,https://www.revistaanfibia.com/esta-se-fue-esta-murio-esta-ya-no-esta/,"Ésta se fue, ésta murió, ésta ya no está",Archivo de la Memoria Trans,Agustina Comedi,2022-03-31 12:19:00,Políticas de géneros,Crónica,['Políticas de géneros'],1644
2537,170445,https://www.revistaanfibia.com/malvinas-nuestro-cubo-rubik/,"Malvinas, nuestro cubo Rubik","Las islas, narrativas y cultura política",Federico Lorenz,2022-03-31 16:13:47,Política y Economía,Ensayo,['Política y Economía'],1732
2538,170507,https://www.revistaanfibia.com/malvinas-traiganme-el-sombrero-del-comandante/,“Tráiganme el sombrero del comandante”,Guerra submarina en Malvinas,Hernando Flórez,2022-04-01 12:24:31,Política y Economía,Crónica,['Política y Economía'],3336
2539,170474,https://www.revistaanfibia.com/malvinas-el-adn-del-soldado-folch/,El ADN del Soldado Folch,Malvinas: la otra guerra,Leila Guerriero,2022-04-01 13:27:19,Política y Economía,Crónica,['Política y Economía'],1657
2540,170657,https://www.revistaanfibia.com/drive-my-car-el-silencio-tiene-accion/,El silencio tiene acción,Drive my car,Julieta Greco,2022-04-05 05:04:00,Culturas,Ensayo,['Culturas'],1117
2541,170685,https://www.revistaanfibia.com/guerra-rusia-ucrania-oportunidad-ponerle-freno-muerte/,Una oportunidad de ponerle freno a la muerte,¿El fin de la guerra?,Conrado Conci,2022-04-06 12:51:43,Política y Economía,Ensayo,['Política y Economía'],1297
2542,170741,https://www.revistaanfibia.com/hacer-la-noche/,Des-esperar: atardecer en un mundo que se pierde,Hacer la noche,Constanza Michelson,2022-04-07 00:55:00,Culturas,Ensayo,['Culturas'],2508
2543,170710,https://www.revistaanfibia.com/duhalde-el-ano-del-desierto/,El año del desierto,"El gobierno de Eduardo Duhalde y su ""trabajo sucio""",Ariel Fidanza,2022-04-07 11:47:34,Política y Economía,Ensayo,['Política y Economía'],3503
2544,171114,https://www.revistaanfibia.com/tanatopraxia-un-cuerpo-dormido-no-es-un-cuerpo-muerto/,Un cuerpo dormido no es un cuerpo muerto,El arte de conservar y embellecer cadáveres,Nicolás Baintrub,2022-04-13 09:50:33,Salud,Crónica,['Salud'],6334
2545,171157,https://www.revistaanfibia.com/intoxicados-que-hacer-ante-los-discursos-de-odio/,Intoxicados: ¿Qué hacer ante los discursos de odio?,"Redes sociales, haters y algoritmos",Micaela Cuesta; Ramiro Parodi,2022-04-18 09:37:03,Tecnologías,Ensayo,['Tecnologías'],2121
2546,171183,https://www.revistaanfibia.com/juliana-cassataro-arvac-cecilia-grierson-unsam/,Juliana científica,Detrás de la vacuna Made in UNSAM,Nadia Luna,2022-04-19 10:13:13,Salud,Crónica,['Salud'],3219
2547,171226,https://www.revistaanfibia.com/fernet-desazon-buenos-aires/,Fernet y desazón,Buenos Aires: hoy solo te vuelvo a ver,Pablo Boczkowski,2022-04-20 13:26:30,Política y Economía,Crónica,['Política y Economía'],1247
2548,166118,https://www.revistaanfibia.com/lo-que-mata-es-el-prohibicionismo/,Lo que mata es el prohibicionismo,Cocaína adulterada,Florencia Corbelle,2022-04-21 12:33:00,Política y Economía,Ensayo,['Política y Economía'],2296
2549,171290,https://www.revistaanfibia.com/botanica-arte-alardear-nuestra-flora/,Alardear de nuestra flora,Botánica y arte,Carla Lois,2022-04-22 09:47:46,Ambiente,Crónica,['Ambiente'],913
2550,171343,https://www.revistaanfibia.com/batman-el-superheroe-del-uno-por-ciento/,El superhéroe del uno por ciento,El regreso de Batman,Demian Urdin; Naimid Cirelli,2022-04-22 15:25:33,Culturas,Ensayo,['Culturas'],3527
2551,171362,https://www.revistaanfibia.com/gano-macron-quien-gobernara-francia/,Ganó Macron: ¿quién gobernará Francia?,Las nuevas coordenadas de la política francesa,Iván Schuliaquer,2022-04-26 11:16:12,Política y Economía,Ensayo,['Política y Economía'],1843
2552,171425,https://www.revistaanfibia.com/tiktok-libros-salvavidas-industria-editorial/,"TikTok, el salvavidas de la industria editorial",Cómo las juventudes se transformaron en el faro de la producción de libros,Paula Cuestas; Victoria Saez,2022-04-28 10:24:11,Culturas,Ensayo,['Culturas'],3055
2553,171466,https://www.revistaanfibia.com/alfabetismos-aumentados-para-convivir-con-robots/,Alfabetismos aumentados para convivir con robots,Futuro: claves para conseguir trabajo,Sofía Scasserra,2022-04-29 10:19:42,Política y Economía,Ensayo,['Política y Economía'],1939
2554,171527,https://www.revistaanfibia.com/vivir-con-migrana-un-taladro-en-mi-cabeza/,Un taladro en mi cabeza,Vivir con migraña,Pamela Natan,2022-05-03 10:36:00,Salud,Crónica,['Salud'],3089
2555,171592,https://www.revistaanfibia.com/la-vida-empetrolada/,La vida empetrolada,"Combustibles fósiles, derivados y transición energética",Fabián Martínez G.,2022-05-04 10:19:02,Ambiente,Ensayo,['Ambiente'],2689
2556,171615,https://www.revistaanfibia.com/muevo-piernita-no-perreo/,"Muevo piernita, no perreo",Villa Diamante,Micaela Ortelli,2022-05-05 10:50:10,Culturas,Crónica,['Culturas'],2577
2557,171774,https://www.revistaanfibia.com/antipolitica-el-asalto-a-la-razon-democratica/,El asalto a la razón democrática,"Antipolítica, fragilidad y pospandemia",Ezequiel Ipar; Micaela Cuesta; Lucía Wegelin,2022-05-09 11:35:25,Política y Economía,Ensayo,['Política y Economía'],1639
2558,171799,https://www.revistaanfibia.com/desmintiendo-al-indio-el-futuro-no-llego/,Desmintiendo al Indio: el futuro no llegó,Una teoría de la futuridad,Ezequiel Gatto,2022-05-10 10:43:19,Tecnologías,Ensayo,['Tecnologías'],2975
2559,171913,https://www.revistaanfibia.com/jardin-y-laberinto-o-la-huida-de-un-nino-floripondio/,La huida de un niño floripondio,Reseña: El tercer paraíso de Cristian Alarcón,Giuseppe Caputo,2022-05-10 11:15:00,Culturas,Ensayo,['Culturas'],1059
2560,171831,https://www.revistaanfibia.com/gabriela-wiener-mi-tatarabuelo-saqueo-para-la-corona/,Mi tatarabuelo saqueó para el imperio,Adelanto de Huaco retrato,Gabriela Wiener,2022-05-10 15:33:33,Culturas,Crónica,['Culturas'],1853
2561,171853,https://www.revistaanfibia.com/flor-de-la-v-lo-que-viene-despues-de-decir-basta/,Lo que viene después de decir basta,Florencia de la V,Marce Butierrez,2022-05-11 11:05:40,Políticas de géneros,Crónica,['Políticas de géneros'],3839
2562,171491,https://www.revistaanfibia.com/censo-2022-quienes-somos/,¿Quiénes somos?,Censo 2022,Lucrecia D’Agostino; Natalia Romero Marchesini,2022-05-17 09:30:00,Política y Economía,Ensayo,['Política y Economía'],2198
2563,172127,https://www.revistaanfibia.com/nuestra-banda-de-garaje-pituca-y-futurista/,Nuestra banda de garaje pituca y futurista,Anfibia 10 años,Sonia Budassi,2022-05-19 11:08:56,Culturas,Ensayo,['Culturas'],3970
2564,172178,https://www.revistaanfibia.com/bailar-como-si-el-mundo-aun-valiera-la-pena/,Bailar como si el mundo aún valiera la pena,Anfibia 10 años,Leila Sucari,2022-05-19 13:03:28,Culturas,Crónica,['Culturas'],1970
2565,172213,https://www.revistaanfibia.com/boca-juniors-sebastian-villa-ni-lobos-ni-caperucitas-otras-formas-de-hacerse-cargo/,Ni lobos ni caperucitas: otras formas de hacerse cargo,Fútbol y violencia de género,Sabrina Cartabia Groba,2022-05-20 13:59:33,Políticas de géneros,Ensayo,['Políticas de géneros'],1668
2566,172245,https://www.revistaanfibia.com/javier-milei-la-batalla-cultural-de-las-nuevas-derechas/,"La batalla cultural de las ""nuevas derechas""",Milei y los pibes para la liberación,Ezequiel Saferstein; Analía Goldentul,2022-05-23 13:34:09,Política y Economía,Ensayo,['Política y Economía'],3851
2567,172318,https://www.revistaanfibia.com/elecciones-en-colombia-petro-una-apuesta-por-vivir-bonito/,Una apuesta por vivir bonito,Elecciones presidenciales en Colombia,Omar Rincón,2022-05-24 12:11:23,Política y Economía,Ensayo,['Política y Economía'],2350
2568,172359,https://www.revistaanfibia.com/desconectarse-o-sufrir/,Desconectarse o sufrir,"Inflación, crisis, guerra, pandemia",Esteban De Gori,2022-05-24 16:54:46,Política y Economía,Ensayo,['Política y Economía'],2760
2569,172394,https://www.revistaanfibia.com/terrorismo-espias-y-amores-frustrados/,"Terrorismo, espías y amores frustrados","Iosi, el arrepentido",Tali Goldman; Mariana Levy,2022-05-26 10:46:01,Culturas,Ensayo,['Culturas'],2105
2570,172289,https://www.revistaanfibia.com/el-oraculo-del-canto-nativo/,El oráculo del canto nativo,Atahualpa Yupanqui,Alejandro Gómez Monzón,2022-05-27 07:39:04,Culturas,Crónica,['Culturas'],2555
2571,172383,https://www.revistaanfibia.com/violencia-en-chile-como-ensenar-a-enamorarse-de-la-libertad/,Cómo enseñar a enamorarse de la libertad,"Violencias en Chile: no fue la pandemia, fue la política",Constanza Michelson,2022-05-27 11:03:35,Política y Economía,Ensayo,['Política y Economía'],4552
2572,172684,https://www.revistaanfibia.com/buffalo-texas-partido-republicano-los-fundamentalistas-del-mercado-asedian-la-democracia/,Los fundamentalistas del mercado asedian la democracia,La economía de la ultraderecha en Estados Unidos,Sebastián Etchemendy,2022-05-30 11:56:05,Política y Economía,Ensayo,['Política y Economía'],3751
2573,172759,https://www.revistaanfibia.com/rodolfo-hernandez-entre-dar-cringe-y-hacer-las-cosas-bien/,Entre dar cringe y hacer las cosas bien,Colombia: el fenómeno Hernández,Cerosetenta,2022-05-31 10:34:43,Política y Economía,Ensayo,['Política y Economía'],1843
2574,172934,https://www.revistaanfibia.com/dea-drogas-y-poder-local/,"DEA, Drogas y poder local",Adelanto de La DEA en la Argentina,Julián Maradeo,2022-06-01 12:31:21,Política y Economía,Ensayo,['Política y Economía'],1607
2575,172967,https://www.revistaanfibia.com/johnny-depp-amber-heard-no-hay-justicia-para-las-malas-victimas/,No hay justicia para las malas víctimas,Violencia de género y libertad de expresión,Vanina Escales,2022-06-02 09:27:23,Políticas de géneros,Ensayo,['Políticas de géneros'],1295
2576,172985,https://www.revistaanfibia.com/futuro-kitsch/,Futuro kitsch,Chile: la ansiedad por el proceso constituyente,Paula Espinoza Orcaistegui,2022-06-02 12:39:51,Política y Economía,Ensayo,['Política y Economía'],1819
2577,173077,https://www.revistaanfibia.com/el-publicole-public-the-audience-miro-luego-existo/,"Miro, luego existo","Una reseña de la trilogía El público, Le public y The audience",Julieta Greco,2022-06-03 10:11:27,Culturas,Ensayo,['Culturas'],1214
2578,173237,https://www.revistaanfibia.com/papa-francisco-el-otono-de-la-iglesia-catolica/,El otoño de la Iglesia Católica,Religión y sociedad,Marcos Carbonelli,2022-06-06 09:51:27,Culturas,Ensayo,['Culturas'],2523
2579,173502,https://www.revistaanfibia.com/exguerrilleros-torturadores-y-gendarmes-farsantes/,"Exguerrilleros, torturadores y gendarmes farsantes",Negocios y corrupción en la compra de armas para el G20,Laureano Barrera; Sebastián N. Ortega,2022-06-07 11:55:44,Política y Economía,Crónica,['Política y Economía'],6439
2580,173607,https://www.revistaanfibia.com/la-ruta-de-las-armas-a-bolivia/,La ruta de las armas a Bolivia,El negocio de la represión,Emiliano Gullo; Luciana Bertoia; Sebastián N. Ortega; Paúl Mena Mena; Iván Paredes,2022-06-08 12:23:06,Política y Economía,Crónica,['Política y Economía'],4363
2581,172983,https://www.revistaanfibia.com/zapatistas-en-europa/,Una poesía surrealista para la esperanza,Zapatistas en Europa,,2022-06-09 09:28:05,Política y Economía,Crónica,['Política y Economía'],1019
2582,173622,https://www.revistaanfibia.com/constitucion-chile-todo-lo-que-puede-un-librito-azul/,Chile: todo lo que puede un librito azul,"Nueva constitución, derecho, feminismos y literatura",Alia Trabucco Zerán,2022-06-09 10:18:25,Política y Economía,Ensayo,['Política y Economía'],4341
2583,115065,https://www.revistaanfibia.com/manual-de-instrucciones-para-hablar-con-e/,Manual de instrucciones para hablar con E,Lenguaje inclusivo,María Florencia Alcaraz,2022-06-10 10:40:00,Políticas de géneros,Ensayo,['Políticas de géneros'],2400
2584,173876,https://www.revistaanfibia.com/zapatos-para-pensar-libros-para-adornar-y-viceversa/,"Zapatos para pensar, libros para adornar. Y viceversa",Performance: Ensayo de ella,Sonia Budassi,2022-06-10 10:45:29,Culturas,Ensayo,['Culturas'],1576
2585,174008,https://www.revistaanfibia.com/poder-judicial-el-detras-de-escena-de-la-justicia/,El detrás de escena de la Justicia,El sistema en crisis,Federico Delgado,2022-06-13 10:18:13,Política y Economía,Ensayo,['Política y Economía'],2639
2586,172293,https://www.revistaanfibia.com/tecnoceno-propuestas-para-no-perder-el-control/,Propuestas para no perder el control,"Tecnoceno: virtualidad, política y biología",Christian Ferrer,2022-06-17 11:12:00,Tecnologías,Ensayo,['Tecnologías'],2229
2587,1829,https://www.revistaanfibia.com/escribir-un-padre/,Escribir un padre,Concurso de Crónica Breve,,2022-06-19 02:30:00,Culturas,Crónica,['Culturas'],1754
2588,174316,https://www.revistaanfibia.com/los-desafios-de-prometer-una-nueva-historia/,Los desafíos de prometer una nueva historia,Elecciones en Colombia: un cambio por izquierda,Cristian Acosta Olaya; David Santos Gómez,2022-06-20 17:52:16,Política y Economía,Ensayo,['Política y Economía'],2322
2589,174431,https://www.revistaanfibia.com/calentamiento-global-el-oceano-y-la-atmosfera-son-contacto-estrecho/,El océano y la atmósfera son contacto estrecho,¿Hasta cuándo podrá el mar absorber CO2?,Catalina Velasco Charpentier,2022-06-23 14:02:56,Ambiente,Ensayo,['Ambiente'],2107
2590,174588,https://www.revistaanfibia.com/francia-marquez-la-igualada-que-se-cree-con-derecho-a-gobernar/,La igualada que se cree con derecho a gobernar,Francia Márquez,Mara Viveros Vigoya,2022-06-27 09:18:44,Política y Economía,Ensayo,['Política y Economía'],2029
2591,174643,https://www.revistaanfibia.com/fragmentos-de-un-discurso-politico/,Fragmentos de un discurso político,"Liberalismo: claroscuros, miserias y derechos",Sergio Morresi; Martín Vicente,2022-06-27 12:32:41,Política y Economía,Ensayo,['Política y Economía'],2123
2592,106023,https://www.revistaanfibia.com/noqueado/,Noqueado,Pity Alvarez,Oscar Jalil,2022-06-28 11:02:00,Culturas,Crónica,['Culturas'],2153
2593,174733,https://www.revistaanfibia.com/entorno-digital-la-vida-eso-que-pasa-entre-pantallas-y-algoritmos/,"La vida, eso que pasa entre pantallas y algoritmos","Adelanto de ""El entorno Digital""",Pablo Boczkowski; Eugenia Mitchelstein,2022-06-30 14:11:59,Tecnologías,Ensayo,['Tecnologías'],2857
2594,174752,https://www.revistaanfibia.com/estado-y-trabajo-asunto-separado/,Estado y trabajo ¿Asunto separado?,"Planes, movimientos sociales y economía popular",Malena Victoria Hopp; Valeria Mutuberría Lazarini,2022-07-01 13:10:42,Política y Economía,Ensayo,['Política y Economía'],2104
2595,174778,https://www.revistaanfibia.com/las-causas-feministas-y-los-derechos-sociales/,Las causas feministas y los derechos sociales,Ultraderecha y justicia: no se cuidan los machistas,Adriana Carrasco,2022-07-01 14:58:15,Políticas de géneros,Ensayo,['Políticas de géneros'],2216
2596,68459,https://www.revistaanfibia.com/hijos-represores-del-dolor-la-accion/,Hijos de represores: del dolor a la acción,Identidad y vergüenza,Erika Lederer,2022-07-02 00:41:00,Política y Economía,Crónica,['Política y Economía'],1986
2597,92708,https://www.revistaanfibia.com/el-lobo-en-el-bosque/,"El lobo, en el bosque",Prisión domiciliaria a genocidas,Luciana Bertoia,2022-07-02 00:42:00,Políticas de géneros,Crónica,['Políticas de géneros'],4310
2598,66481,https://www.revistaanfibia.com/marche-contra-mi-padre-genocida/,Marché contra mi padre genocida,"Mariana, la hija de Etchecolatz",Juan Manuel Mannarino,2022-07-02 00:43:00,Política y Economía,Crónica,['Política y Economía'],2795
2599,174907,https://www.revistaanfibia.com/la-sed-del-arroz-en-paraguay/,La sed del arroz en Paraguay,Tierra de resistentes,,2022-07-03 00:00:00,Ambiente,Crónica,['Ambiente'],6113
2600,174810,https://www.revistaanfibia.com/via-crucis-en-el-coliseo-peronista/,Vía crucis en el coliseo peronista,"Renuncias, votos, economía y poder",Esteban De Gori,2022-07-03 09:19:53,Política y Economía,Ensayo,['Política y Economía'],972
2601,174859,https://www.revistaanfibia.com/un-horizonte-para-recuperar-capital-politico/,Un horizonte para recuperar capital político,El nuevo rumbo de la economía,Pablo Villarreal,2022-07-03 23:02:40,Política y Economía,Ensayo,['Política y Economía'],2438
2602,175032,https://www.revistaanfibia.com/que-quiere-cristina/,¿Qué quiere Cristina?,Elecciones 2023,José Natanson,2022-07-06 12:54:18,Política y Economía,Ensayo,['Política y Economía'],1401
2603,175058,https://www.revistaanfibia.com/los-ignorados-de-siempre-ahora-son-protagonistas/,Los ignorados de siempre ahora son protagonistas,Chile: indígenas y nueva constitución,Francisca Skoknic,2022-07-07 15:46:00,Política y Economía,Crónica,['Política y Economía'],4220
2604,175100,https://www.revistaanfibia.com/el-viejo-truco-de-quemar-el-banco-central/,El viejo truco de quemar el banco central,"Extrema derecha, economía e identidades",Nicolás Dvoskin,2022-07-08 11:52:59,Política y Economía,Ensayo,['Política y Economía'],2659
2605,175147,https://www.revistaanfibia.com/con-la-plata-de-mis-impuestos/,Con la plata de mis impuestos,Economía y redistribución del ingreso,Gonzalo Assusa,2022-07-11 15:06:17,Política y Economía,Ensayo,['Política y Economía'],2616
2606,175168,https://www.revistaanfibia.com/a-quien-mira-mamma-roma-pier-paolo-pasolini/,¿A quién mira Mamma Roma?,Pasolini: el pasado como gesto moderno,Julieta Greco,2022-07-13 10:17:47,Culturas,Ensayo,['Culturas'],1501
2607,175262,https://www.revistaanfibia.com/chile-la-constitucion-un-best-seller-para-la-historia/,"La Constitución, un best seller para la historia",En Chile hay un libro más leído que Harry Potter,Juan Cristóbal Peña,2022-07-14 12:08:03,Política y Economía,Crónica,['Política y Economía'],2832
2608,175482,https://www.revistaanfibia.com/una-red-para-evitar-la-intemperie/,Una red para evitar la intemperie,Salario Básico Universal,Itai Hagman,2022-07-18 09:35:04,Política y Economía,Ensayo,['Política y Economía'],2122
2609,175505,https://www.revistaanfibia.com/basta-de-poner-huevo/,Basta de poner huevo,"Fútbol, violencia y política",José Garriga Zucal,2022-07-19 10:09:01,Culturas,Ensayo,['Culturas'],771
2610,175562,https://www.revistaanfibia.com/entre-el-cambio-y-la-indignacion-por-la-desigualdad/,Entre el cambio y la indignación por la desigualdad,De Allende a Boric: todos los sentidos del 4 de septiembre,Mónica González,2022-07-25 16:07:01,Política y Economía,Ensayo,['Política y Economía'],1768
2611,175567,https://www.revistaanfibia.com/evita-vuelve/,Evita vuelve,Eva Perón o cómo cambiar la política argentina,Florencia Angilletta,2022-07-26 11:45:48,Política y Economía,Ensayo,['Política y Economía'],2824
2612,175702,https://www.revistaanfibia.com/silobolsas-hacer-bolsa-la-economia/,Hacer bolsa la economía,"Silobolsas, dólares y crisis económica",Juan Arraras,2022-07-28 10:51:34,Política y Economía,Ensayo,['Política y Economía'],1225
2613,175550,https://www.revistaanfibia.com/mil-formas-de-ser-colombia/,Mil formas de ser Colombia,Viaje a Colombianización,Omar Rincón,2022-07-29 09:52:00,Culturas,Ensayo,['Culturas'],954
2614,175977,https://www.revistaanfibia.com/como-frenar-la-calesita/,Cómo frenar la calesita,"Massa, la bala de plata del gobierno",Cristian Folgar,2022-07-30 11:24:07,Política y Economía,Ensayo,['Política y Economía'],2219
2615,176057,https://www.revistaanfibia.com/santiago-maldonado-falta-el-brujo/,Falta el Brujo,Cinco años sin Santiago Maldonado,Adriana Meyer,2022-08-01 15:02:00,Política y Economía,Crónica,['Política y Economía'],3848
2616,176027,https://www.revistaanfibia.com/una-reaccion-contra-la-ingobernabilidad/,Una reacción contra la ingobernabilidad,La coalición posible,Iván Schuliaquer,2022-08-01 16:49:48,Política y Economía,Ensayo,['Política y Economía'],2090
2617,176041,https://www.revistaanfibia.com/la-construccion-de-sergio-massa/,La construcción de Sergio Massa,Política y economía,Facundo Cruz,2022-08-02 13:30:24,Política y Economía,Ensayo,['Política y Economía'],2873
2618,176487,https://www.revistaanfibia.com/salario-basico-universal-derechos-para-la-sociedad-poslaboral/,Derechos para la sociedad poslaboral,Empleo y economía,Micaela Cuesta; Pablo Villarreal,2022-08-05 10:04:50,Política y Economía,Ensayo,['Política y Economía'],2864
2619,176611,https://www.revistaanfibia.com/colombia-petro-las-dos-oportunidades/,Las dos oportunidades,La izquierda gobierna Colombia,Cristian Acosta Olaya; David Santos Gómez,2022-08-08 10:51:21,Política y Economía,Ensayo,['Política y Economía'],2005
2620,148555,https://www.revistaanfibia.com/nada-personal/,Nada personal,La nueva derecha en la TV abierta,Pablo Méndez Shiff,2022-08-09 00:07:00,Culturas,Ensayo,['Culturas'],3065
2621,176845,https://www.revistaanfibia.com/de-ladrones-a-narcos/,De salvajes y buscas,Violencia en Rosario,Eugenia Cozzi,2022-08-09 14:40:39,Culturas; Política y Economía,Ensayo,"['Culturas', 'Política y Economía']",3314
2622,176681,https://www.revistaanfibia.com/toda-muerte-es-un-pollo-crudo/,Toda muerte es un pollo crudo,Despedida a Sylvia Molloy,Gabriela Polit Dueñas,2022-08-10 14:02:49,Culturas,Ensayo,['Culturas'],2013
2623,177387,https://www.revistaanfibia.com/inflacion-record-politica-y-humor-social-cuando-los-precios-vuelan/,Política y humor social cuando los precios vuelan,Récord de inflación,Ariel Wilkis; Esteban Foulkes,2022-08-11 14:33:12,Política y Economía,Ensayo,['Política y Economía'],1473
2624,175450,https://www.revistaanfibia.com/bioeconomia-biologia-innovacion-y-ambiente/,"Bioeconomía: biología, innovación y ambiente",Recursos naturales y desarrollo sostenible,Leonardo Zanazzi,2022-08-12 12:42:21,Ambiente,Ensayo,['Ambiente'],2694
2625,175430,https://www.revistaanfibia.com/propuestas-para-recalcular-la-actividad-minera/,Propuestas para recalcular la actividad minera,Recursos naturales y desarrollo sostenible,Martín Obaya; Carlos Freytes,2022-08-12 12:42:27,Ambiente,Ensayo,['Ambiente'],2607
2626,175456,https://www.revistaanfibia.com/mucho-mas-que-soja-imaginar-el-campo-del-futuro/,Mucho más que soja: imaginar el campo del futuro,Recursos naturales y desarrollo sostenible,Lilia Stubrin; Juan O’Farrell,2022-08-12 12:42:31,Ambiente,Ensayo,['Ambiente'],2458
2627,175441,https://www.revistaanfibia.com/transicion-energetica-para-ver-y-tocar/,Transición energética para ver y tocar,Recursos naturales y desarrollo sostenible,Carlos Aggio,2022-08-12 12:50:00,Ambiente,Ensayo,['Ambiente'],2635
2628,177980,https://www.revistaanfibia.com/el-canibalismo-libertario/,El canibalismo libertario,"Conservadores, negacionistas y filonazis",Juan Luis González,2022-08-16 10:36:33,Política y Economía,Crónica,['Política y Economía'],4351
2629,178285,https://www.revistaanfibia.com/hablar-es-perder-siempre/,Hablar es perder siempre,Contar lo que no tiene palabras,Virginia Cosin,2022-08-19 11:59:06,Culturas,Ensayo,['Culturas'],3329
2630,178383,https://www.revistaanfibia.com/gabriela-mistral-un-amor-que-no-calla/,Gabriela Mistral: un amor que no calla,"Movimientos sociales, justicia poética y memoria",Carla Ulloa Inostroza,2022-08-22 13:07:27,Culturas,Crónica,['Culturas'],2373
2631,178555,https://www.revistaanfibia.com/salir-del-empate-hegemonico/,Salir del empate hegemónico,Crecimiento económico y desarrollo social,Alejandro Grimson; María Mercedes Patrouilleau; Nahuel Sosa,2022-08-24 11:53:55,Política y Economía,Ensayo,['Política y Economía'],2316
2632,178537,https://www.revistaanfibia.com/ellas-van-por-todo/,Ellas van por todo,El futuro incierto de una democracia feminista,Francisca Skoknic,2022-08-24 11:54:00,Políticas de géneros,Crónica,['Políticas de géneros'],3721
2633,178567,https://www.revistaanfibia.com/el-incomodo-debate-de-la-pena-de-muerte/,El incómodo debate de la pena de muerte,"Encuesta sobre inseguridad, confianza policial y victimización",José Garriga Zucal; Brenda Focás; Joaquín Zajac; Violeta Dikenstein,2022-08-24 12:47:46,Política y Economía,Ensayo,['Política y Economía'],1247
2634,178697,https://www.revistaanfibia.com/adios-zalo-reyes/,"Adiós, Zalo",La voz de la canción cebolla,Álvaro Bisama,2022-08-25 13:34:02,Culturas,Ensayo,['Culturas'],1518
2635,178530,https://www.revistaanfibia.com/investigar-y-documentar-para-que-no-se-repita/,Investigar y documentar para que no se repita,Colombia: Informe Final de la Comisión de la Verdad,Mónica González,2022-08-26 11:57:21,Política y Economía,Ensayo,['Política y Economía'],1952
2636,178743,https://www.revistaanfibia.com/volver-a-unir-lo-que-estaba-desunido/,Volver a unir lo que estaba desunido,El juicio a CFK y el peronismo,Flora Vronsky,2022-08-26 13:18:50,Política y Economía,Ensayo,['Política y Economía'],994
2637,178847,https://www.revistaanfibia.com/trasladar-la-defensa-a-la-arena-publica/,Trasladar la defensa a la arena pública,El juicio contra CFK,Germán E. Gallino,2022-08-30 12:05:49,Política y Economía,Ensayo,['Política y Economía'],1729
2638,178865,https://www.revistaanfibia.com/toda-imagen-representa-un-guion/,Toda imagen representa un guión,Claves para leer las fotos del fin de semana,Ileana Arduino; Cora Gamarnik; Ezequiel Adamovsky; Francisco Longa; Natalia Fortuny,2022-08-30 14:46:13,Política y Economía,Ensayo,['Política y Economía'],1557
2639,178974,https://www.revistaanfibia.com/atentado-a-cristina-fernandez-de-kirchner-fue-el-odio/,Fue el odio,ATENTADO A CRISTINA,Ezequiel Ipar,2022-09-01 09:27:00,Política y Economía,Ensayo,['Política y Economía'],1072
2640,178920,https://www.revistaanfibia.com/ofertas-para-superar-la-incertidumbre-social/,Ofertas para superar la incertidumbre social,Nueva Constitución y posverdad,Paula Espinoza Orcaistegui,2022-09-01 12:23:01,Política y Economía,Ensayo,['Política y Economía'],1305
2641,178922,https://www.revistaanfibia.com/chile-constitucion-un-grito-en-medio-del-silencio-de-la-iglesia/,Un grito en medio del silencio de la iglesia,Las carmelitas y la nueva Constitución,Luis Bahamondes,2022-09-01 14:28:20,Culturas,Ensayo,['Culturas'],1209
2642,179051,https://www.revistaanfibia.com/atentado-a-cristina-al-odio-no-se-lo-lleva-el-viento/,Al odio no se lo lleva el viento,Atentado a Cristina,Micaela Cuesta; Lucía Wegelin,2022-09-02 09:32:00,Política y Economía,Ensayo,['Política y Economía'],2075
2643,179031,https://www.revistaanfibia.com/atentado-cristina-fernandez-kirchner-sin-balas-en-la-recamara/,Sin balas en la recámara,Atentado a Cristina,Laureano Barrera,2022-09-02 14:27:43,Política y Economía,Crónica,['Política y Economía'],1807
2644,179072,https://www.revistaanfibia.com/atentado-a-cristina-un-canto-de-cuidado/,Un canto de cuidado,La plaza después del atentado a CFK,Emiliano Gullo,2022-09-02 22:48:12,Política y Economía,Crónica,['Política y Economía'],1412
2645,179168,https://www.revistaanfibia.com/chile-hoy-dia-yo-llego-hasta-aqui/,Hoy día yo llego hasta aquí,Plebiscito Constitucional en Chile: ganó el miedo,Luis Barrales,2022-09-05 15:13:29,Política y Economía,Ensayo,['Política y Economía'],548
2646,179181,https://www.revistaanfibia.com/chile-estamos-en-shock/,Estamos en shock,Plebiscito constituyente: Ganó el rechazo,Juan Cristóbal Peña,2022-09-05 15:26:17,Política y Economía,Ensayo,['Política y Economía'],498
2647,179219,https://www.revistaanfibia.com/la-amenaza-indigena/,La amenaza indígena,Plebiscito constitucional en Chile: el triunfo del Rechazo,Fernando Pairican,2022-09-07 10:06:30,Política y Economía,Ensayo,['Política y Economía'],1342
2648,179264,https://www.revistaanfibia.com/chile-cuidado-con-las-hidroponicas/,Cuidado con las hidropónicas,La política como intérprete de las demandas sociales,Christian Sanchez Ponce,2022-09-09 09:44:39,Política y Economía,Ensayo,['Política y Economía'],1066
2649,179340,https://www.revistaanfibia.com/rebeldes-punitivos/,Rebeldes punitivos,¿Qué tienen los jóvenes en la cabeza?,Gabriel Kessler; Gabriel Vommaro; Gonzalo Assusa,2022-09-13 12:08:13,Política y Economía,Ensayo,['Política y Economía'],2499
2650,179288,https://www.revistaanfibia.com/imprenteros-amigos-y-fantasmas-en-la-imprenta-de-papa/,Amigos y fantasmas en la imprenta de papá,Imprenteros,,2022-09-15 10:01:00,Culturas,Ensayo,['Culturas'],632
2651,179485,https://www.revistaanfibia.com/como-ensenar-a-leer-y-escribir/,¿Cómo enseñar a leer y escribir?,Neuropedagogías y educación,Pablo Pineau; Daniel Friedrich,2022-09-21 11:57:15,Educación,Ensayo,['Educación'],1927
2652,179529,https://www.revistaanfibia.com/la-realidad-puede-ser-una-rata/,La realidad puede ser una rata,¿A quién le molesta la locura?,Natalia Zito,2022-09-22 12:15:31,Salud,Ensayo,['Salud'],2175
2653,179564,https://www.revistaanfibia.com/better-call-saul-un-mundo-para-ellos-dos/,Un mundo para ellos dos,Adiós a Saul Goodman y Kim Wexler,Mariana Levy,2022-09-23 13:11:34,Culturas,Ensayo,['Culturas'],4946
2654,179595,https://www.revistaanfibia.com/italia-meloni-el-pesimismo-de-la-razon-100-anos-despues/,"El pesimismo de la razón, 100 años después",Italia: el triunfo de la extrema derecha,Martín Cortés,2022-09-26 12:09:30,Política y Economía,Ensayo,['Política y Economía'],2380
2655,179702,https://www.revistaanfibia.com/instrucciones-para-salvar-la-poesia/,Instrucciones para salvar la poesía,"Canon, rituales y memoria",Yásnaya Aguilar,2022-09-27 14:27:26,Culturas,Ensayo,['Culturas'],2375
2656,179690,https://www.revistaanfibia.com/argentina-1985-el-estado-no-puede-torturar/,El Estado no puede torturar,"Argentina, 1985",Luis Moreno Ocampo,2022-09-28 10:00:27,Política y Economía,Ensayo,['Política y Economía'],2396
2657,179794,https://www.revistaanfibia.com/la-empleada-bajo-sospecha/,La empleada bajo sospecha,Doble crimen de Vicente López,Santiago Canevaro; Verónica Casas,2022-09-29 12:18:13,Culturas,Ensayo,['Culturas'],1950
2658,179788,https://www.revistaanfibia.com/la-revolucion-de-bajar-un-cambio/,La revolución de bajar un cambio,Prácticas de cuidado y consumo responsable,Macarena Romero,2022-09-30 10:10:00,Salud,Ensayo,['Salud'],1820
2659,179748,https://www.revistaanfibia.com/desde-los-humedales/,Desde los humedales,Sensibilidad ambiental y racionalidad política para una ley,Patricia Kandus,2022-09-30 10:11:00,Ambiente; Política y Economía,Ensayo,"['Ambiente', 'Política y Economía']",2737
2660,179833,https://www.revistaanfibia.com/que-no-haya-segunda-vuelta/,Que no haya segunda vuelta,Elecciones en Brasil,Ximena Simpson,2022-09-30 12:58:36,Política y Economía,Ensayo,['Política y Economía'],2056
2661,179878,https://www.revistaanfibia.com/furia-roja-y-resistencia-negra/,Furia roja y resistencia negra,Hay segunda vuelta en Brasil,Diego Galeano,2022-10-03 15:55:30,Política y Economía,Ensayo,['Política y Economía'],2000
2662,179930,https://www.revistaanfibia.com/el-bolsonarismo-echa-raices/,El bolsonarismo echa raíces,Elecciones en Brasil,Facundo Fernández Barrio,2022-10-04 12:18:27,Política y Economía,Ensayo,['Política y Economía'],2261
2663,179964,https://www.revistaanfibia.com/soledad-acuna-la-politica-educativa-de-la-mano-dura/,La política educativa de la mano dura,La educación en la Ciudad de Buenos Aires,Manuel Becerra,2022-10-05 10:49:23,Educación,Ensayo,['Educación'],3450
2664,179977,https://www.revistaanfibia.com/futbol-femenino-cuantos-asados-vale-un-campeonato-de-las-pibas/,¿Cuántos asados vale un campeonato de las pibas?,Fútbol femenino,Nemesia Hijós; Julia Hang,2022-10-05 11:50:24,Culturas,Ensayo,['Culturas'],2782
2665,180016,https://www.revistaanfibia.com/el-apagon-y-un-punado-de-estrellas/,El apagón y un puñado de estrellas,Reforma constitucional chilena,Nona Fernández,2022-10-06 09:16:46,Política y Economía,Ensayo,['Política y Economía'],2720
2666,180053,https://www.revistaanfibia.com/boca-gimnasia-la-plata-sin-salida-entre-gases-y-balas-de-goma/,"Sin salida, entre gases y balas de goma",Represión y muerte en La Plata,Sebastián Rosa,2022-10-07 14:49:15,Política y Economía,Ensayo,['Política y Economía'],1569
2667,180094,https://www.revistaanfibia.com/imagenes-para-conversar-con-la-comunidad-mapuche/,Imágenes para conversar con la comunidad mapuche,Desalojo en Villa Mascardi,Ana Ramos,2022-10-11 12:53:35,Política y Economía,Ensayo,['Política y Economía'],2659
2668,180121,https://www.revistaanfibia.com/mi-amigo-el-juez/,Mi amigo el juez,"Fútbol, Poder Judicial y vínculos",Nicolás Cocca; Daniela López,2022-10-12 10:30:12,Política y Economía,Ensayo,['Política y Economía'],1721
2669,174178,https://www.revistaanfibia.com/cristian-alarcon-el-tercer-paraiso-con-el-pudor-de-los-sobrevivientes/,Con el pudor de los sobrevivientes,Razones para divagar un jardín amoral,María Inés La Greca,2022-10-12 12:01:00,Culturas,Ensayo,['Culturas'],1934
2670,180117,https://www.revistaanfibia.com/giorgia-meloni-derecha-radical-italia-peor-que-el-fascismo/,¿Peor que el fascismo?,La derecha radical en Italia,Franco Delle Donne,2022-10-13 09:17:41,Política y Economía,Ensayo,['Política y Economía'],1515
2671,180181,https://www.revistaanfibia.com/cuidar-es-amor-y-trabajo/,Cuidar es amor y trabajo,Cómo construir una salud feminista,Andrea Paz; Agostina Finielli; Carla Giuliano; Carlota Ramírez; Sabrina Balaña,2022-10-14 11:39:01,Políticas de géneros,Crónica,['Políticas de géneros'],1784
2672,180229,https://www.revistaanfibia.com/annie-ernaux-el-perfume-de-la-memoria/,El perfume de la memoria,Premio Nobel de Literatura 2022,Cecilia Fanti,2022-10-14 15:08:09,Culturas,Ensayo,['Culturas'],3119
2673,180315,https://www.revistaanfibia.com/las-mayorias-eran-otras/,Las mayorías eran otras,Aniversario del estallido social en Chile,Roberto Fernández Droguett,2022-10-18 11:33:20,Política y Economía,Ensayo,['Política y Economía'],1475
2674,180310,https://www.revistaanfibia.com/hoy-tu-cara-esta-en-todas-las-remeras/,Hoy tu cara está en todas las remeras,Retratos de Evita y el Che,Laura Malosetti Costa,2022-10-21 15:43:54,Culturas,Ensayo,['Culturas'],4646
2675,180498,https://www.revistaanfibia.com/interna-para-que-el-pro-en-su-disyuntiva/,¿Para qué?: el PRO en su disyuntiva,La interna de Juntos por el Cambio,Gabriel Vommaro,2022-10-24 14:14:36,Política y Economía,Ensayo,['Política y Economía'],1970
2676,180545,https://www.revistaanfibia.com/que-pasa-cuando-las-rios-se-quedan-sin-agua/,Monterrey: cuando las Ríos se quedan sin agua,Beca Crónica en México,Ashley N. García,2022-10-25 13:45:13,Ambiente; Política y Economía,Crónica,"['Ambiente', 'Política y Economía']",2440
2677,180577,https://www.revistaanfibia.com/chongos-cyborgs-y-papota/,"Chongos, cyborgs y papota",La cultura de los anabólicos entre varones gays,José Ignacio Scasserra,2022-10-26 11:23:02,Amor y sexo,Crónica,['Amor y sexo'],3059
2678,180639,https://www.revistaanfibia.com/el-espejo-de-las-izquierdas-latinoamericanas/,El espejo de las izquierdas latinoamericanas,Brasil: el regreso de Lula al poder,Facundo Fernández Barrio,2022-10-31 11:38:58,Política y Economía,Ensayo,['Política y Economía'],2127
2679,180688,https://www.revistaanfibia.com/mujeres-derechas-latinoamericanas-nosotras-ellas-y-las-otras/,"Nosotras, ellas y las otras",Las mujeres de las derechas latinoamericanas,Verónica Giordano,2022-11-01 14:27:21,Política y Economía,Ensayo,['Política y Economía'],2596
2680,180396,https://www.revistaanfibia.com/con-tanta-furia-como-anticipacion/,Con tanta furia como anticipación,Valerie Solanas,Valeria Cini,2022-11-02 11:50:58,Políticas de géneros,Crónica,['Políticas de géneros'],1482
2681,180620,https://www.revistaanfibia.com/house-of-the-dragon-rhaenyra-la-del-barrio/,Rhaenyra la del barrio,House of the Dragon,Mariana Levy,2022-11-03 10:29:00,Culturas,Ensayo,['Culturas'],4088
2682,180766,https://www.revistaanfibia.com/los-magnates-de-los-nueve-ceros-99-contra-el-1/,Los magnates de los nueve ceros,Por qué la obsesión por los ricos no sirve para combatir la desigualdad,Mariana Heredia,2022-11-04 09:30:32,Política y Economía,Ensayo,['Política y Economía'],5752
2683,181056,https://www.revistaanfibia.com/la-verdadera-vanguardia/,La verdadera vanguardia,La columna de Zambra: Cecilia Vicuña,Alejandro Zambra,2022-11-04 11:35:58,Culturas,Crónica,['Culturas'],737
2684,180794,https://www.revistaanfibia.com/como-volver-a-mirar-un-mapa/,Cómo volver a mirar un mapa,"Estrategias para la producción, el empleo y la democracia",Santiago Cafiero,2022-11-05 10:40:45,Política y Economía,Ensayo,['Política y Economía'],2286
2685,180828,https://www.revistaanfibia.com/otono-persa/,Otoño Persa,Protestas contra la imposición del hiyab en Irán,Mari-Sol García Somoza,2022-11-07 10:55:48,Política y Economía,Ensayo,['Política y Economía'],2299
2686,180864,https://www.revistaanfibia.com/late-late-nola/,"Late, late, nola",El álbum del Mundial,Antonio Riccobene,2022-11-08 10:00:53,Culturas,Crónica,['Culturas'],2516
2687,180901,https://www.revistaanfibia.com/quien-quiere-ser-normal/,¿Quién quiere ser normal?,Ley de Salud Mental,Andrea Paz,2022-11-09 11:14:35,Salud,Ensayo,['Salud'],2331
2688,180979,https://www.revistaanfibia.com/las-cinefilas-festival-cine-mar-del-plata/,Las cinéfilas,Un festival al nivel del mar,Julieta Greco,2022-11-11 11:52:53,Culturas,Crónica,['Culturas'],3073
2689,181067,https://www.revistaanfibia.com/que-hacemos-con-las-terfs/,¿Qué hacemos con las TERFs?,Feminismo transexcluyente y discursos de odio,Donna Tefa,2022-11-11 15:28:11,Políticas de géneros,Ensayo,['Políticas de géneros'],1348
2690,180280,https://www.revistaanfibia.com/la-paz-y-la-guerra-se-han-vuelto-sinonimos/,La paz y la guerra se han vuelto sinónimos,"Rusia, Ucrania y la geoeconomía",Roberto Lampa,2022-11-16 10:06:00,Política y Economía,Ensayo,['Política y Economía'],2325
2691,181321,https://www.revistaanfibia.com/quedemonos-hablando-toda-la-noche/,Quedémonos hablando toda la noche,La columna de Zambra: Bolaño,Alejandro Zambra,2022-11-18 11:29:23,Culturas,Crónica,['Culturas'],778
2692,181271,https://www.revistaanfibia.com/nona-intensa-encantadora/,"Ñoña, intensa, encantadora",El fin del amor: la serie feminista que sale del nicho,Micaela Libson,2022-11-18 12:30:00,Culturas,Ensayo,['Culturas'],1802
2693,181235,https://www.revistaanfibia.com/el-abrazo-mas-hermoso-del-mundo/,El abrazo más hermoso del mundo,Qatar 2022,Ariel Scher,2022-11-18 12:42:28,Culturas,Crónica,['Culturas'],1600
2694,181370,https://www.revistaanfibia.com/la-incomodidad-de-su-herencia-hebe-de-bonafini/,La incomodidad de su herencia,"Hebe, el ángel de la barricada",Diego Tatián,2022-11-21 13:32:09,Política y Economía,Ensayo,['Política y Economía'],1310
2695,181388,https://www.revistaanfibia.com/no-se-conviertan-en-burocratas/,“¡No se conviertan en burócratas!”,"Comunista, personalista, peronista: alquimia Hebe",Raquel Robles,2022-11-21 15:33:28,Culturas; Política y Economía,Ensayo,"['Culturas', 'Política y Economía']",2082
2696,181469,https://www.revistaanfibia.com/tecno-utopias-para-mas-capitalismo/,Tecno-utopías para más capitalismo,Economía de Plataformas,Pablo Gordon Daluz; Marco Mallamaci,2022-11-23 13:23:55,Tecnologías,Ensayo,['Tecnologías'],1527
2697,169085,https://www.revistaanfibia.com/violacion-grupal-palermo-incomodar-la-masculinidad/,Incomodar la masculinidad,Violencia contra las mujeres,Matías de Stéfano Barbero,2022-11-25 10:04:00,Políticas de géneros,Ensayo,['Políticas de géneros'],1468
2698,181570,https://www.revistaanfibia.com/la-sociedad-del-cuidado-un-horizonte-feminista/,La Sociedad del Cuidado: un horizonte feminista,Diario de la XV Conferencia sobre la mujer (CEPAL),Eleonor Faur,2022-11-29 12:14:12,Políticas de géneros,Crónica,['Políticas de géneros'],4338
2699,181581,https://www.revistaanfibia.com/mundial-78-siempre-es-buena-una-alegria-para-un-pueblo-triste/,¿Siempre es buena una alegría para un pueblo triste?,Mundial 1978,Raquel Robles,2022-11-30 09:31:43,Culturas,Crónica,['Culturas'],1054
2700,181690,https://www.revistaanfibia.com/los-nudos-de-odio-de-nuestras-democracias/,Los nudos de odio de nuestras democracias,Saberes y activismos contra los discursos de odio,Lucia Delor; León Lewkowicz; Sergio Fasan,2022-11-30 13:20:19,Culturas; Política y Economía,Ensayo,"['Culturas', 'Política y Economía']",2498
2701,181739,https://www.revistaanfibia.com/a-coger-que-el-mundo-ya-se-acabo/,A coger que el mundo ya se acabó,PreP: el otro cóctel contra el VIH,José Ignacio Scasserra,2022-12-01 09:56:57,Amor y sexo,Crónica,['Amor y sexo'],2608
2702,181748,https://www.revistaanfibia.com/contra-el-imperativo-de-superarlo-todo/,Contra el imperativo de superarlo todo,Rabia disca y neoliberalismo emocional,Elian Chali,2022-12-02 10:45:31,Culturas,Ensayo,['Culturas'],2599
2703,181801,https://www.revistaanfibia.com/la-amnesia-infantil/,La amnesia infantil,La columna de Zambra: Fernanda García Lao,Alejandro Zambra,2022-12-02 11:19:58,Culturas,Ensayo,['Culturas'],762
2704,181817,https://www.revistaanfibia.com/la-unica-certeza-es-la-existencia-de-un-cadaver/,La única certeza es la existencia de un cadáver,El crimen de María Marta García Belsunce,Juan Manuel Mannarino,2022-12-02 16:26:02,Culturas,Crónica,['Culturas'],4185
2705,181873,https://www.revistaanfibia.com/tomas-rebord-podemos-hablar/,Podemos hablar,Tomás Rebord en la era de la postelevisión,Alejandro Seselovsky; Eugenia Mitchelstein,2022-12-06 09:29:17,Culturas,Crónica,['Culturas'],3263
2706,181914,https://www.revistaanfibia.com/se-cubren-entre-ellos/,Se cubren entre ellos,Los chats del lawfare,Luciana Bertoia,2022-12-06 13:48:11,Política y Economía,Crónica,['Política y Economía'],2417
2707,181960,https://www.revistaanfibia.com/la-impunidad-y-la-inmunidad-del-poder/,La impunidad y la inmunidad del poder,Expropiación institucional en democracia,Federico Delgado,2022-12-07 12:33:49,Política y Economía,Ensayo,['Política y Economía'],1581
2708,181977,https://www.revistaanfibia.com/messi-el-jugador-que-nos-habiamos-perdido-esta-aca/,El jugador que nos habíamos perdido está acá,El último Mundial de Messi,Ignacio Fusco,2022-12-08 09:00:00,Culturas,Ensayo,['Culturas'],1857
2709,182007,https://www.revistaanfibia.com/no-es-lawfare-es-conspiracion/,"No es lawfare, es conspiración",La condena a Cristina,Germán E. Gallino,2022-12-08 13:25:21,Política y Economía,Ensayo,['Política y Economía'],1593
2710,182026,https://www.revistaanfibia.com/cristina-fernandez-de-kirchner-no-es-hartazgo-es-peronismo/,"No es hartazgo, es peronismo",Vialidad: el fallo como boomerang,Flora Vronsky,2022-12-08 20:00:00,Política y Economía,Ensayo,['Política y Economía'],1858
2711,182065,https://www.revistaanfibia.com/brasil-en-trance/,Brasil en trance,Los desafíos de Lula,Eber Pires Marzulo,2022-12-13 10:51:23,Política y Economía,Ensayo,['Política y Economía'],2702
2712,182100,https://www.revistaanfibia.com/messi-la-belleza-eterna/,La belleza eterna,El Messi que multiplicó a Messi,Ariel Scher,2022-12-14 16:13:13,Culturas,Ensayo,['Culturas'],2166
2713,182115,https://www.revistaanfibia.com/la-bombonera-en-qatar/,La Bombonera en Qatar,Hinchas argentinos en el Mundial,José Garriga Zucal; Diego Murzi,2022-12-15 10:39:05,Culturas,Ensayo,['Culturas'],919
2714,182200,https://www.revistaanfibia.com/el-futbol-se-lo-debia-a-su-dios/,El fútbol se lo debía a su Dios,Argentina campeón mundial,Juan Carrá,2022-12-19 11:21:46,Culturas,Ensayo,['Culturas'],828
2715,182287,https://www.revistaanfibia.com/un-potrero-tomado-por-las-masas/,Un potrero tomado por las masas,Argentina campeón mundial,Sonia Budassi,2022-12-21 16:24:48,Culturas,Ensayo,['Culturas'],3616
2716,182312,https://www.revistaanfibia.com/cuanto-dura-la-felicidad/,Cuánto dura la felicidad,Argentina campeón mundial,María Carman,2022-12-22 10:45:45,Culturas,Crónica,['Culturas'],2742
2717,182338,https://www.revistaanfibia.com/la-copa-no-se-mancha/,La copa no se mancha,Argentina campeón mundial,Pablo Semán; Ulises Ferro,2022-12-22 19:35:17,Política y Economía,Ensayo,['Política y Economía'],1119
2718,182368,https://www.revistaanfibia.com/argentina-es-una-fiesta/,Argentina es una fiesta,Argentina campeón mundial,Lorenzo Serra,2022-12-27 10:21:46,Culturas,Ensayo,['Culturas'],714
2719,182402,https://www.revistaanfibia.com/renuncia-silenciosa-te-vi-en-linea-y-te-escribi/,Te vi en línea y te escribí,¿Qué es la renuncia silenciosa?,Sofía Scasserra,2022-12-28 09:05:01,Culturas,Ensayo,['Culturas'],2092
2720,182415,https://www.revistaanfibia.com/cuando-la-participacion-no-es-un-mito/,Cuando la participación no es un mito,Cómo incidir en las políticas públicas,,2022-12-28 12:14:04,Política y Economía,Crónica,['Política y Economía'],1923
2721,182447,https://www.revistaanfibia.com/seleccion-pueblo-esa-obstinacion-por-ser-argentinos/,Esa obstinación por ser argentinos,La comunión de la Selección con su pueblo,,2022-12-29 11:21:56,Culturas,Ensayo,['Culturas'],1742
2722,182534,https://www.revistaanfibia.com/el-rey-de-un-mundo-perdido/,El rey de un mundo perdido,Murió Pelé,Ezequiel Fernández Moores,2022-12-29 11:42:00,Culturas,Ensayo,['Culturas'],1821
2723,177027,https://www.revistaanfibia.com/periodismo-performatico-todo-vinculo-es-un-work-in-progress/,Un vínculo es un work in progress,Laboratorio de Periodismo Performático,Eleonor Faur; Ana Minujin,2023-01-02 09:00:00,Culturas,Ensayo,['Culturas'],1165
2724,181156,https://www.revistaanfibia.com/diario-del-mundial/,Ya ganamos la tercera,Diario del Mundial,Joaquín Roffé,2023-01-03 09:00:00,Culturas,Crónica,['Culturas'],3631
2725,144630,https://www.revistaanfibia.com/rugbiers-matar-para-ser-macho/,Rugbiers: matar para ser macho,Crimen en Villa Gesell,Juan Branz,2023-01-03 09:05:00,Políticas de géneros,Ensayo,['Políticas de géneros'],1584
2726,182604,https://www.revistaanfibia.com/noticias-no-quiero-saber-mas-nada/,¿Noticias? ¡No quiero saber más nada!,Información: la era de la evasión selectiva,Brenda Focás; Marina Moguillansky,2023-01-04 10:55:39,Culturas,Ensayo,['Culturas'],1985
2727,182627,https://www.revistaanfibia.com/vivir-al-filo-de-la-muerte/,Vivir al filo de la muerte,El juicio por el crimen de Fernando Báez Sosa,Juan Branz,2023-01-05 09:26:55,Políticas de géneros,Ensayo,['Políticas de géneros'],1552
2728,146528,https://www.revistaanfibia.com/la-pandemia-accidente-normal/,"Aceleración técnica y accidentes ""normales""",Los ensayos del Tecnoceno,Flavia Costa,2023-01-09 10:57:00,Ambiente,Ensayo,['Ambiente'],3121
2729,182717,https://www.revistaanfibia.com/brasil-democracia-bolsonaro-lula-las-senales-estaban-ahi/,Las señales estaban ahí,Asalto a la democracia brasileña,José Ignacio Scasserra; Amanda Marton Ramaciotti,2023-01-09 13:31:59,Política y Economía,Crónica,['Política y Economía'],2479
2730,182507,https://www.revistaanfibia.com/con-gabriel-no-hemos-terminado-ni-vamos-a-terminar/,"""Con Gabriel no hemos terminado ni vamos a terminar""",Entrevista exclusiva con Irina Karamanos,Ileana Arduino; Romina Reyes Ayala; María Belén Medina,2023-01-10 11:51:00,Política y Economía,Crónica,['Política y Economía'],5950
2731,182496,https://www.revistaanfibia.com/la-ultima-primera-dama/,La última primera dama,Chile: Irina Karamanos sale de La Moneda,Ileana Arduino; Romina Reyes Ayala; María Belén Medina,2023-01-10 12:52:00,Política y Economía,Crónica,['Política y Economía'],6827
2732,182754,https://www.revistaanfibia.com/brasil-los-ultimos-dias-de-la-bestia/,Los últimos días de la Bestia,Derechas siglo XXI: la rebelión acelerada,Flor Minici,2023-01-11 11:08:41,Política y Economía,Ensayo,['Política y Economía'],2726
2733,182786,https://www.revistaanfibia.com/no-somos-objetos-del-folclore/,No somos objetos del folclore,Ser mujer y los espíritus femeninos de la naturaleza,Elisa Loncon,2023-01-12 10:11:06,Políticas de géneros,Ensayo,['Políticas de géneros'],2212
2734,154232,https://www.revistaanfibia.com/bizarrap-todo-lo-que-toca-supera-el-millon/,Todo lo que toca supera el millón,Bizarrap,Romina Zanellato,2023-01-12 11:18:00,Culturas,Crónica,['Culturas'],2689
2735,182827,https://www.revistaanfibia.com/aftersun-ojos-de-video-tape/,Ojos de video tape,Aftersun,Julieta Greco,2023-01-13 09:35:02,Culturas,Ensayo,['Culturas'],1762
2736,182925,https://www.revistaanfibia.com/la-raza-no-existe/,La raza no existe,El crimen de Fernando Báez Sosa y la cuestión racial,Florencia Angilletta,2023-01-19 10:54:57,Culturas,Ensayo,['Culturas'],1954
2737,182972,https://www.revistaanfibia.com/verde-memoria-mineral/,Verde memoria mineral,Chile: crecer sin límites en un planeta finito,Cristina Dorador Ortiz,2023-01-19 15:09:11,Ambiente; Política y Economía,Crónica,"['Ambiente', 'Política y Economía']",2043
2738,182947,https://www.revistaanfibia.com/cuando-menos-se-la-espera-la-revolucion/,"Cuando menos se la espera, la revolución",Adelanto de “Revolución. Una historia intelectual”,Mariano Zarowsky,2023-01-20 11:30:02,Culturas; Política y Economía,Ensayo,"['Culturas', 'Política y Economía']",1670
2739,182970,https://www.revistaanfibia.com/asado-fernet-y-cumbia-en-el-desierto/,"Asado, fernet y cumbia en el desierto",El barrio argentino en Qatar,Joaquín Roffé,2023-01-20 14:16:16,Culturas,Crónica,['Culturas'],2270
2740,180405,https://www.revistaanfibia.com/teresa-la-que-nacio-presa/,"Teresa, la que nació presa","Argentina, 1985",Tali Goldman,2023-01-24 08:25:00,Política y Economía,Crónica,['Política y Economía'],2136
2741,182989,https://www.revistaanfibia.com/quien-quiere-una-moneda-comun/,¿Quién quiere una moneda común?,"Argentina, Brasil y el sueño de la Patria Grande",Andrea Molinari; Marcelo Bruchanski,2023-01-24 13:08:28,Política y Economía,Ensayo,['Política y Economía'],2151
2742,183032,https://www.revistaanfibia.com/aguas-turbias/,Aguas turbias,Concurso de Crónica Patagónica,Malena Landoni,2023-01-25 09:53:33,Culturas,Crónica,['Culturas'],6140
2743,183053,https://www.revistaanfibia.com/la-toma-de-lima/,La toma de Lima,Crisis política y protestas sociales en Perú,Esteban De Gori,2023-01-26 12:44:25,Política y Economía,Ensayo,['Política y Economía'],2541
2744,183083,https://www.revistaanfibia.com/el-zorro-en-el-gallinero/,El zorro en el gallinero,La DEA en Argentina: una historia de poder,Julián Maradeo,2023-01-27 10:24:51,Otras,Crónica,['Otras'],3820
2745,183097,https://www.revistaanfibia.com/comer-y-coger/,Comer y coger,Historia de una relación,Facundo Calabró,2023-01-31 10:39:46,Culturas,Ensayo,['Culturas'],1859
2746,183119,https://www.revistaanfibia.com/un-hombre-que-sigue-pajaros/,Un hombre que sigue pájaros,Concurso de Crónica Patagónica,Lautaro Bentivegna,2023-02-01 09:51:29,Ambiente,Crónica,['Ambiente'],3314
2747,183262,https://www.revistaanfibia.com/una-terapia-de-40-millones-de-dolares/,Una terapia de 40 millones de dólares,Los Fabelman y un viaje por el cine de Spielberg,Fernando Milsztajn,2023-02-03 10:01:21,Culturas,Ensayo,['Culturas'],1976
2748,183219,https://www.revistaanfibia.com/fernando-baez-sosa/,"""Hasta el día que les den perpetua""",Crimen de Fernando Báez Sosa,Laureano Barrera,2023-02-06 10:00:00,Política y Economía,Crónica,['Política y Economía'],3519
2749,183320,https://www.revistaanfibia.com/el-dia-mas-triste-del-puerto-de-corral/,El día más triste del puerto de Corral,Concurso de Crónica Patagónica,Pablo Santiesteban Soto,2023-02-08 09:48:26,Ambiente,Crónica,['Ambiente'],3788
2750,183380,https://www.revistaanfibia.com/reproduccion-asistida-400-ilusiones-y-un-millon-de-preguntas/,400 ilusiones y un millón de preguntas,Tratamientos de reproducción asistida,María de las Nieves Puglia,2023-02-09 09:36:18,Políticas de géneros; Salud,Crónica,"['Políticas de géneros', 'Salud']",2580
2751,183438,https://www.revistaanfibia.com/olor-a-polvora-en-el-barrio/,Olor a pólvora en el barrio,Violencia narco en Rosario,Martín Stoianovich,2023-02-10 10:26:03,Política y Economía,Crónica,['Política y Economía'],4421
2752,183460,https://www.revistaanfibia.com/argentina-paises-bajos-batalla-de-lusail/,La batalla de Lusail,Argentina - Países Bajos,Alejandro Wall; Gastón Edul,2023-02-13 12:37:15,Culturas,Crónica,['Culturas'],6248
2753,46041,https://www.revistaanfibia.com/inventos-confusiones-disparates/,"Messi, Maradona y la argentinidad",Confusiones y disparates,Ernesto Semán,2023-02-17 13:30:00,Culturas,Ensayo,['Culturas'],1462
2754,178298,https://www.revistaanfibia.com/llamame-por-mi-nombre-periodismo-performatico/,Llámame por mi nombre,Laboratorio de Periodismo Performático,Ivanna Soto,2023-02-19 10:12:00,Culturas,Ensayo,['Culturas'],1706
2755,183523,https://www.revistaanfibia.com/la-incomodidad-ese-fuego-de-ciertas-pregunta/,"La incomodidad, ese fuego de ciertas preguntas",Una metodología de investigación eco-somática,Marie Bardet,2023-02-19 12:33:00,Culturas,Ensayo,['Culturas'],2270
2756,183688,https://www.revistaanfibia.com/cambios-en-el-mundo-feliz-de-silicon-valley/,Cambios en el mundo feliz de Silicon Valley,Despidos masivos en la industria digital,Desirée Jaimovich,2023-02-22 14:42:51,Tecnologías,Ensayo,['Tecnologías'],2542
2757,183762,https://www.revistaanfibia.com/daniel-ortega-deportados-estar-sin-nacionalidad-estar-en-un-limbo/,Estar sin nacionalidad es como estar en un limbo,"Nicaragua: Ortega, deportados y geopolítica",Esteban De Gori,2023-02-24 15:32:28,Política y Economía,Ensayo,['Política y Economía'],2560
2758,183797,https://www.revistaanfibia.com/ficciones/,Un nuevo realismo,"Fragmento de ""Ficciones""",Markus Gabriel,2023-02-28 12:42:03,Culturas,Ensayo,['Culturas'],871
2759,183790,https://www.revistaanfibia.com/ficciones-contra-la-postverdad/,Ficciones contra la postverdad,"Markus Gabriel: imaginación, medios y ciencia",Hernán Borisonik,2023-02-28 12:50:25,Culturas,Ensayo,['Culturas'],1602
2760,183851,https://www.revistaanfibia.com/apertura-de-sesiones-los-dos-albertos/,Los dos Albertos,El presidente ante el Congreso,Ernesto Picco,2023-03-01 17:04:16,Política y Economía,Ensayo,['Política y Economía'],1541
2761,183867,https://www.revistaanfibia.com/rusia-ucrania-la-paz-es-un-sueno-eterno/,La paz es un sueño eterno,El orden mundial que viene,Enzo Girardi,2023-03-02 13:26:53,Política y Economía,Ensayo,['Política y Economía'],2481
2762,183917,https://www.revistaanfibia.com/juicio-politico-a-la-corte-la-ultima-batalla/,La última batalla,Juicio político a la Corte,Julio Burdman,2023-03-03 11:36:52,Política y Economía,Crónica,['Política y Economía'],1765
2763,183959,https://www.revistaanfibia.com/pedro-pascal-popstar/,Pedro Popstar,"Pascal, un chileno de linaje mundial",Ernesto Garratt,2023-03-06 14:11:34,Culturas,Crónica,['Culturas'],3834
2764,184005,https://www.revistaanfibia.com/no-estamos-desorientadas-estamos-recalculando/,"No estamos desorientadas, estamos recalculando","8M, del calendario a la calle",Jazmín Bergel Varela; Marina Mariasch,2023-03-09 11:10:57,Política y Economía; Políticas de géneros,Crónica,"['Política y Economía', 'Políticas de géneros']",2133
2765,184029,https://www.revistaanfibia.com/ailton-krenak-todo-deberia-ser-maravilloso/,Todo debería ser maravilloso,Entrevista al líder indígena Ailton Krenak,Soledad Barruti,2023-03-10 10:29:44,Ambiente,Crónica,['Ambiente'],3548
2766,184054,https://www.revistaanfibia.com/quien-puede-ver-una-peli-de-un-tiron/,¿Quién puede ver una peli de un tirón?,"Cine expandido, post-cine, fin del cine",Fernando Pérez Villalón,2023-03-10 12:40:00,Culturas,Ensayo,['Culturas'],1630
2767,184113,https://www.revistaanfibia.com/una-vida-con-puertas-y-ventanas-cerradas/,Una vida con puertas y ventanas cerradas,"Puchuncaví, el humo en el cuerpo",Pedro Bahamondes Chaud,2023-03-10 15:43:25,Culturas,Crónica,['Culturas'],1707
2768,184080,https://www.revistaanfibia.com/infancia-y-juventud-fito-paez-algo-de-vos-llega-hasta-mi/,Algo de vos llega hasta mí,Fito Páez cumple 60,Martín Zariello,2023-03-13 12:34:33,Culturas,Ensayo,['Culturas'],2399
2769,183920,https://www.revistaanfibia.com/el-cuerpo-ese-instrumento-animado/,"El cuerpo, ese instrumento animado","Syd Krochmalny: striptease, capitalismo y subjetividades",Alejandro Modarelli,2023-03-13 15:13:14,Amor y sexo; Culturas,Ensayo,"['Amor y sexo', 'Culturas']",3169
2770,184140,https://www.revistaanfibia.com/quien-quiere-ser-docente/,¿Quién quiere ser docente?,"Educación, docencia y crisis",Solana Camaño,2023-03-16 13:48:44,Educación,Crónica,['Educación'],2702
2771,46919,https://www.revistaanfibia.com/enrique-symns-under-para-siempre/,Under para siempre,Enrique Symns,Agustina Paz Frontera,2023-03-17 08:48:00,Políticas de géneros,Crónica,['Políticas de géneros'],6247
2772,184228,https://www.revistaanfibia.com/the-last-of-us-nunca-me-abandones/,Nunca me abandones,The Last of Us,Yenny Cáceres,2023-03-17 12:29:20,Culturas,Ensayo,['Culturas'],2674
2773,184298,https://www.revistaanfibia.com/todo-fallo-es-politico/,Todo fallo es político,Breve historia jurisprudencial de la Corte,Gustavo Arballo,2023-03-21 11:55:49,Política y Economía,Ensayo,['Política y Economía'],4149
2774,184328,https://www.revistaanfibia.com/cancer-de-mama-merezco-quedarme-en-este-mundo/,Merezco quedarme en este mundo,Anne Boyer y las testimoniantes del cáncer de mama,Dolores Gil,2023-03-22 10:19:59,Salud,Ensayo,['Salud'],3417
2775,184357,https://www.revistaanfibia.com/trenque-lauquen-ella-baila-sobre-el-mar-ella-se-va/,"Ella baila sobre el mar, ella se va","Trenque Lauquen, la nueva película de Laura Citarella",Julieta Greco,2023-03-23 10:12:59,Culturas,Ensayo,['Culturas'],2051
2776,184371,https://www.revistaanfibia.com/el-deseo-y-la-liberacion-sexual-como-resistencia/,El deseo y la liberación sexual como resistencia,“El Nunca Más de las locas”,Matías Máximo,2023-03-23 13:00:24,Política y Economía; Políticas de géneros,Ensayo,"['Política y Economía', 'Políticas de géneros']",2950
2777,184462,https://www.revistaanfibia.com/los-mios-los-tuyos-los-nuestros-todos-desaparecidos/,"Los míos, los tuyos, los nuestros: todos desaparecidos",La chica que declaró en el juicio a las Juntas,Tali Goldman,2023-03-24 10:09:31,Política y Economía,Crónica,['Política y Economía'],1914
2778,184484,https://www.revistaanfibia.com/silicon-valley-bank-todo-en-todas-partes-al-mismo-tiempo/,Todo en todas partes al mismo tiempo,Entre el colapso del Silicon Valley Bank y la sequía local,Nicolás Hernán Zeolla,2023-03-28 09:29:25,Política y Economía,,['Política y Economía'],2555
2779,184506,https://www.revistaanfibia.com/el-sociologo-en-busca-del-escritor/,El sociólogo en busca del escritor,Carlos Zurita: recomendaciones de un profesor,Lucía Álvarez; Gloria D'Alessio; Carla Coletta,2023-03-28 14:04:29,Culturas; Educación,Ensayo,"['Culturas', 'Educación']",1303
2780,184523,https://www.revistaanfibia.com/pablo-aimar-el-futbol-como-un-juego/,El fútbol como un juego,Pablo Aimar,Roberto Parrottino,2023-03-29 10:18:57,Culturas,Crónica,['Culturas'],3426
2781,184572,https://www.revistaanfibia.com/dora-barrancos-companeras-en-la-gran-casa-matria/,Compañeras en la gran casa-matria,Laudatio para Dora Barrancos,Rita Segato,2023-03-31 12:24:09,Educación; Políticas de géneros,Ensayo,"['Educación', 'Políticas de géneros']",1427
2782,184689,https://www.revistaanfibia.com/ella-creia-que-nadie-amaba-sus-poemas/,Ella creía que nadie amaba sus poemas,Alejandra Pizarnik,Luna Miguel,2023-04-03 14:00:23,Culturas,Ensayo,['Culturas'],1141
2783,184607,https://www.revistaanfibia.com/abuso-infantil-las-personas-hablan-cuando-pueden/,Las personas hablan cuando pueden,Abuso sexual infantil y poder,Miriam Maidana,2023-04-04 13:19:33,Culturas; Políticas de géneros,Ensayo,"['Culturas', 'Políticas de géneros']",1884
2784,184642,https://www.revistaanfibia.com/nayib-bukele-el-camino-de-las-soluciones-iliberales/,El camino de las soluciones iliberales,"El Salvador, nuevas derechas y punitivismo",Esteban De Gori,2023-04-04 13:49:50,Política y Economía,Ensayo,['Política y Economía'],2278
2785,184704,https://www.revistaanfibia.com/inteligencia-artificial/,Niñxs jugando con una bomba,Inteligencia Artificial,Flavia Costa,2023-04-05 15:16:19,Tecnologías,Ensayo,['Tecnologías'],4548
2786,184762,https://www.revistaanfibia.com/damian-szifron-el-nino-cinefilo/,El niño cinéfilo,Damián Szifron,Facundo Fernández Barrio,2023-04-12 10:21:05,Culturas,Crónica,['Culturas'],6088
2787,184848,https://www.revistaanfibia.com/la-mirada-que-desaparece-entre-pixeles/,La mirada que desaparece entre píxeles,"Emilia Gutierrez: pintura, encierro, locura",Ana Montes,2023-04-13 09:00:00,Culturas,Ensayo,['Culturas'],2624
2788,184794,https://www.revistaanfibia.com/pensar-la-seguridad-desde-el-miedo/,Pensar la seguridad desde el miedo,¿Por qué el progresismo acepta las políticas de la derecha?,Sabina Frederic; Mariana Galvani,2023-04-13 10:34:44,Política y Economía,Ensayo,['Política y Economía'],2388
2789,184837,https://www.revistaanfibia.com/femicidio-maria-isabel-aquino-a-la-intemperie/,A la intemperie,El femicidio de María Isabel,Noelia Barral Grigera,2023-04-13 16:15:24,Culturas; Políticas de géneros,Crónica,"['Culturas', 'Políticas de géneros']",1484
2790,184892,https://www.revistaanfibia.com/frente-de-todos-la-naturaleza-politica-de-la-desilusion/,La naturaleza política de la desilusión,La recta final del Frente de Todos,Ignacio Ramírez,2023-04-17 09:35:16,Política y Economía,Ensayo,['Política y Economía'],1664
2791,184905,https://www.revistaanfibia.com/crisis-climatica-sequia-de-dolares/,Sequía de dólares,Glosario de la crisis: Economía ecológica,Nicole Toftum,2023-04-18 11:18:50,Política y Economía,Ensayo,['Política y Economía'],1952
2792,184951,https://www.revistaanfibia.com/derechas-juntos-por-la-revancha/,Juntos por la revancha,Las cinco lecciones que dejó la experiencia de Cambiemos,Sebastian Pereyra,2023-04-19 13:10:50,Política y Economía,Ensayo,['Política y Economía'],2077
2793,184992,https://www.revistaanfibia.com/rosario-ciudad-bastarda/,"Rosario, ciudad bastarda","Desigualdad, violencia narco y ecocidio",Lila Siegrist,2023-04-21 10:19:51,Culturas,Crónica,['Culturas'],3632
2794,185038,https://www.revistaanfibia.com/eso-que-suena-es-la-sociedad-implosionando/,Eso que suena es la sociedad implosionando,"Crisis, ajuste y deuda",Leandro Barttolotta; Ignacio Gago,2023-04-24 10:51:28,Política y Economía,Ensayo,['Política y Economía'],2876
2795,185054,https://www.revistaanfibia.com/etiquetado-frontal-para-lxs-bebes-del-futuro/,Etiquetado frontal para lxs bebés del futuro,"IA, reproducción asistida y transhumanismo",Luciana Mantero,2023-04-25 12:00:00,Tecnologías,Ensayo,['Tecnologías'],2743
2796,185189,https://www.revistaanfibia.com/unificar-o-desdoblar-esa-es-la-cuestion/,"Unificar o desdoblar, esa es la cuestión",Glosario de la crisis: qué hacer con el dólar,Pablo Bortz,2023-04-26 11:20:54,Política y Economía,Ensayo,['Política y Economía'],2269
2797,185213,https://www.revistaanfibia.com/alquilar-sotano-siempre-nunca-terraza/,"Alquilar: sótano siempre, nunca terraza","La casa, laboratorio para la producción de deudas nuevas",Verónica Gago; Luci Cavallero; Gervasio Muñoz,2023-04-28 10:37:13,Política y Economía,Ensayo,['Política y Economía'],2611
2798,185357,https://www.revistaanfibia.com/el-multiverso-chiqui-tapia/,El multiverso Tapia,De San Juan a Qatar,Agustín Colombo,2023-05-02 11:06:51,Culturas; Política y Economía,Crónica,"['Culturas', 'Política y Economía']",4697
2799,185503,https://www.revistaanfibia.com/elecciones-paraguay-cartes-payo-partido-colorado/,"De Cartes a Payo, la transformación del tablero electoral",Paraguay: tereré y nuevas derechas,Lorena Soler,2023-05-03 12:00:00,Política y Economía,Crónica,['Política y Economía'],2448
2800,185514,https://www.revistaanfibia.com/sindicalismo-y-politica-el-futuro-del-cambio-social/,Sindicalismo y política: el futuro del cambio social,Francia: ajuste neoliberal y reforma jubilatoria,Pierre Rouxel,2023-05-03 12:48:26,Política y Economía,Ensayo,['Política y Economía'],1746
2801,185095,https://www.revistaanfibia.com/anteultimos-antes-era-otra-cosa/,Antes era otra cosa,Los anteúltimos | El taller del Perro,Laureano Barrera; Evangelina Caravaca,2023-05-04 09:00:00,Política y Economía,Crónica,['Política y Economía'],4355
2802,185610,https://www.revistaanfibia.com/napoli-campeon-maradona-osimhen-buonasera-napoletani/,"“Buonasera, napoletani”",Napoli campeón: de Maradona a Osimhen,Marco Ciriello,2023-05-05 11:26:41,Culturas,Ensayo,['Culturas'],2370
2803,185670,https://www.revistaanfibia.com/la-culpa-no-es-nuestra/,La culpa no es nuestra,Arrasa la ultraderecha,Nerea Palma,2023-05-08 11:30:39,Política y Economía,Ensayo,['Política y Economía'],1595
2804,185696,https://www.revistaanfibia.com/siga-participando/,Siga participando,Elecciones en Chile: nuevo proceso constituyente,Felipe Cussen,2023-05-08 11:46:43,Política y Economía,Ensayo,['Política y Economía'],964
2805,185100,https://www.revistaanfibia.com/no-falta-trabajo-falta-guita/,"No falta trabajo, falta guita",Los anteúltimos | La pelu disidente,Florencia Barragán; Johana Kunin,2023-05-10 10:00:00,Política y Economía,Crónica,['Política y Economía'],2792
2806,185749,https://www.revistaanfibia.com/punitivismo-ese-paradigma-invisible-el-conflicto-no-es-abuso/,"Punitivismo, ese paradigma invisible","""El conflicto no es abuso"", de Sarah Schulman",Nicolás Cuello; Diego del Valle Ríos,2023-05-11 09:35:47,Políticas de géneros,Ensayo,['Políticas de géneros'],3821
2807,185846,https://www.revistaanfibia.com/martin-caparros-un-dandi-soberano/,Un dandi soberano,Biblioteca Caparrós,María Moreno,2023-05-12 13:35:04,Culturas,Ensayo,['Culturas'],988
2808,185090,https://www.revistaanfibia.com/anteultimos-me-cuidan-mis-vecinos/,Me cuidan mis vecinos,Los anteúltimos | El Tiburón de Avellaneda,Emiliano Gullo; Malvina Silba,2023-05-15 08:30:00,Política y Economía,Crónica,['Política y Economía'],2811
2809,185921,https://www.revistaanfibia.com/el-metodo-pagni/,El método Pagni,El columnista al que leen a ambos lados de la grieta,Silvina Heguy,2023-05-16 10:21:06,Política y Economía,Crónica,['Política y Economía'],3046
2810,185961,https://www.revistaanfibia.com/paco-ignacio-taibo-sabemos-como-vamos-a-morir/,Sabemos cómo vamos a morir,Narrar lo real: el gueto de Varsovia,Paco Ignacio Taibo II,2023-05-17 10:10:16,Culturas,Crónica,['Culturas'],1110
2811,122752,https://www.revistaanfibia.com/retratos-de-una-obsesion/,Retratos de una obsesión,Perfil de Marcelo Bielsa,Gabriel Tuñez,2023-05-17 15:30:00,Culturas,Crónica,['Culturas'],5399
2812,186026,https://www.revistaanfibia.com/el-pueblo-raver-en-expansion/,"El pueblo raver, en expansión",Buenos Aires electrónica,Rocío Cusmano,2023-05-19 11:02:08,Culturas,Ensayo,['Culturas'],1751
2813,186058,https://www.revistaanfibia.com/el-estado-secreto/,El Estado secreto,Debates para construir la democracia del futuro,Centro de Estudios Legales y Sociales (CELS),2023-05-19 13:18:50,Política y Economía,Crónica,['Política y Economía'],3571
2814,186118,https://www.revistaanfibia.com/se-agrando-la-familia-las-diversidades-y-lxs-ingalls/,¡Se agrandó la familia! Las diversidades y lxs Ingalls,¿De qué viven? Encuesta sobre población LGBTIQ+,Maximiliano Marentes,2023-05-22 10:00:00,Políticas de géneros,Ensayo,['Políticas de géneros'],2309
2815,185787,https://www.revistaanfibia.com/la-corrupcion-causa-la-falta-de-recursos/,"""La corrupción causa la falta de recursos""",Mito impuesto X,Andrés Asiain,2023-05-22 10:28:17,Política y Economía,Ensayo,['Política y Economía'],1203
2816,185781,https://www.revistaanfibia.com/las-inversiones-llegaran-cuando-bajen-los-impuestos/,"""Las inversiones llegarán cuando bajen los impuestos""",Mito impuesto IX,Alejandro Gaggero; Gustavo García Zanotti,2023-05-22 10:33:59,Política y Economía,Ensayo,['Política y Economía'],1589
2817,185778,https://www.revistaanfibia.com/el-secreto-fiscal-es-intocable/,"""El secreto fiscal es intocable""",Mito impuesto VIII,María Eugenia Marano,2023-05-22 10:36:46,Política y Economía,Ensayo,['Política y Economía'],2133
2818,186222,https://www.revistaanfibia.com/el-kirchnerismo-siempre-esta-volviendo/,El kirchnerismo siempre está volviendo,20 años de la asunción de Nestor Kirchner,Sol Montero,2023-05-22 10:37:00,Política y Economía,Ensayo,['Política y Economía'],1493
2819,185766,https://www.revistaanfibia.com/las-grandes-empresas-son-las-que-mas-aportan-a-la-recaudacion-de-impuestos/,"""Las grandes empresas son las que más aportan a la recaudación de impuestos""",Mito Impuesto VII,Adrián Falco,2023-05-22 10:39:07,Política y Economía,Ensayo,['Política y Economía'],1487
2820,185763,https://www.revistaanfibia.com/para-crecer-hay-que-bajar-los-impuestos/,"""Para crecer hay que bajar los impuestos""",Mito impuesto VI,Martín Mangas,2023-05-22 10:40:09,Política y Economía,Ensayo,['Política y Economía'],1330
2821,185743,https://www.revistaanfibia.com/los-impuestos-no-influyen-en-las-desigualdades-de-genero/,"""Los impuestos no influyen en las desigualdades de género""",Mito impuesto V,Corina Rodríguez Enríquez,2023-05-22 10:41:35,Política y Economía,,['Política y Economía'],1270
2822,185740,https://www.revistaanfibia.com/la-presion-fiscal-nos-esta-asfixiando/,"""La presión fiscal nos está asfixiando""",Mito impuesto IV,Magdalena Rua,2023-05-22 10:42:00,Política y Economía,Ensayo,['Política y Economía'],1520
2823,185737,https://www.revistaanfibia.com/hay-que-pagar-la-deuda-cueste-lo-que-cueste/,"""Hay que pagar la deuda, cueste lo que cueste""",Mito Impuesto III,Noemí Brenta,2023-05-22 10:44:28,Política y Economía,Ensayo,['Política y Economía'],1628
2824,185730,https://www.revistaanfibia.com/la-maquinita-de-imprimir-billetes-es-la-unica-responsable-de-la-inflacion/,"""La maquinita de imprimir billetes es la única responsable de la inflación""",Mito impuesto II,Francisco Cantamutto; Cecilia Bermúdez,2023-05-22 10:46:40,Política y Economía,Ensayo,['Política y Economía'],2158
2825,185727,https://www.revistaanfibia.com/para-que-el-pais-crezca-hay-que-achicar-el-estado/,"""Para que el país crezca hay que achicar el Estado""",Mito Impuesto I,Marisa Duarte,2023-05-22 10:47:43,Política y Economía,Ensayo,['Política y Economía'],1491
2826,186277,https://www.revistaanfibia.com/guia-para-leer-el-manual-de-mitos-impuestos/,"Guía para leer el Manual de ""Mitos Impuestos""",Política Fiscal,Magdalena Rua,2023-05-29 13:36:19,Política y Economía,Ensayo,['Política y Economía'],1361
2827,184927,https://www.revistaanfibia.com/anteultimos-armar-desarmar-y-resistir/,"Armar, desarmar y resistir",Los anteúltimos | La feria de Villa Domínico,Hernando Flórez; Violeta Dikenstein,2023-05-30 11:02:00,Política y Economía,Crónica,['Política y Economía'],2588
2828,186317,https://www.revistaanfibia.com/lali-el-poliamor-despues-del-amor/,El poliamor después del amor,"Lali, la pop girl argentina",Gabriel Orqueda,2023-05-31 11:50:34,Culturas,Ensayo,['Culturas'],1839
2829,153483,https://www.revistaanfibia.com/migracion-racismo-poder-la-agonia-de-la-argentina-blanca/,La agonía de la Argentina blanca,"Migración, racismo y poder",Ezequiel Adamovsky,2023-06-01 09:45:00,Política y Economía,Ensayo,['Política y Economía'],1214
2830,154713,https://www.revistaanfibia.com/bordes-xenofobia/,Los bordes de la xenofobia,Migrantes y discriminación,Micaela Cuesta; Lucía Wegelin,2023-06-01 11:30:00,Política y Economía,Ensayo,['Política y Economía'],2787
2831,185153,https://www.revistaanfibia.com/una-apuesta-por-el-riesgo-las-claves-de-la-escritura-anfibia/,Una apuesta por el riesgo,LOS ANTEÚLTIMOS | Formas de hacer y escribir ciencias sociales,Lucía Álvarez,2023-06-06 08:30:00,Política y Economía,Ensayo,['Política y Economía'],2265
2832,186375,https://www.revistaanfibia.com/succession-papi-mirame/,"Papi, mirame",Succession,Mariana Levy,2023-06-08 11:45:11,Culturas,Ensayo,['Culturas'],4566
2833,186398,https://www.revistaanfibia.com/que-tiene-pep-guardiola-en-la-cabeza/,El entrenador que busca enemigos,Qué tiene Pep Guardiola en la cabeza,Ignacio Fusco,2023-06-09 10:17:37,Culturas,Ensayo,['Culturas'],2384
2834,186442,https://www.revistaanfibia.com/la-hegemonia-peronista-se-dobla-pero-no-se-rompe/,La hegemonía peronista se dobla pero no se rompe,Elecciones provinciales: ¿es con todos?,Lucho Karamaneff,2023-06-13 14:22:58,Política y Economía,Ensayo,['Política y Economía'],1664
2835,186467,https://www.revistaanfibia.com/wado-de-pedro-el-del-campo-popular/,"Wado, el del campo (popular)",Perfil de Eduardo de Pedro,Noelia Barral Grigera,2023-06-14 12:35:04,Política y Economía,Crónica,['Política y Economía'],5080
2836,186574,https://www.revistaanfibia.com/escuela-popular-genero-unsam-sororidad-saberes-populares-y-academicos/,Sororidad en el cruce de saberes populares y académicos,Escuela Popular de Formación en Género,Silvia Hirsch; Nancy Salvatierra,2023-06-16 06:03:00,Otras,Crónica,['Otras'],1622
2837,186553,https://www.revistaanfibia.com/formacion-profesional-un-futuro-mejor-posible/,Un futuro mejor posible,Formación profesional en la universidad,Silvia Bernatené,2023-06-16 10:00:00,Otras,Ensayo,['Otras'],1402
2838,186534,https://www.revistaanfibia.com/observatorio-ambiental-carcova-esa-necesidad-de-vivir-bien/,Esa necesidad de vivir bien,Observatorio Ambiental Carcova,Ricardo Gutiérrez; Silvia Grinberg; Gustavo Curutchet,2023-06-16 10:02:00,Otras,Crónica,['Otras'],1195
2839,186582,https://www.revistaanfibia.com/una-ecologia-de-saberes/,Una ecología de saberes,La Feria de Ciencias Humanas y Sociales en la UNSAM,Yanina Carpentieri; Sofía Dafunchio,2023-06-16 11:26:34,Otras,Ensayo,['Otras'],1561
2840,186548,https://www.revistaanfibia.com/la-unsam-no-esta-en-san-martin-es-san-martin/,"La UNSAM no está en San Martín, es San Martín",¿Qué es el territorio educativo?,José Garriga Zucal; Cecilia Allemandi,2023-06-16 11:50:36,Otras,Ensayo,['Otras'],1270
2841,186560,https://www.revistaanfibia.com/ernesto-de-la-carcova-sin-pan-y-sin-trabajo/,Sin pan y sin trabajo,"Carcova, Cárcova: el barrio y el artista",Laura Malosetti Costa,2023-06-16 12:20:00,Otras,Ensayo,['Otras'],1485
2842,186561,https://www.revistaanfibia.com/montaje-discontinuo-de-una-gesta-educativa/,Montaje discontinuo de una gesta educativa,"Documental ""Un futuro posible""",Carolina Scaglione y Florencia Petersen,2023-06-16 12:21:00,Culturas; Educación; Política y Economía,Crónica,"['Culturas', 'Educación', 'Política y Economía']",1858
2843,186573,https://www.revistaanfibia.com/apuntes-transuniversitarios/,Apuntes transuniversitarios,Otros lenguajes para la universidad en la cárcel,Marcos Perearnau,2023-06-16 12:23:00,Otras,Ensayo,['Otras'],2715
2844,186832,https://www.revistaanfibia.com/jujuy-territorios-indigenas-reforma-y-represion/,"Territorios indígenas, reforma y represión",Estallido en Jujuy,Guillermina Espósito,2023-06-21 09:42:10,Ambiente; Política y Economía,Ensayo,"['Ambiente', 'Política y Economía']",2479
2845,187095,https://www.revistaanfibia.com/jujuy-no-son-lagrimas-son-los-gases/,"No son lágrimas, son los gases",Jujuy: ¿Qué se entiende por paz social?,Natalia Andrea Aramayo; Malka Manestar,2023-06-21 14:38:00,Política y Economía,Crónica,['Política y Economía'],1997
2846,186791,https://www.revistaanfibia.com/cristina-rivera-garza-no-ficcion-nadie-escribe-en-soledad/,Nadie escribe en soledad,Fronteras narrativas contemporáneas,Cristina Rivera Garza,2023-06-22 10:29:00,Culturas,Ensayo,['Culturas'],3071
2847,188020,https://www.revistaanfibia.com/aunque-fui-un-nino-bueno-nunca-conoci-a-los-reyes-magos/,Aunque fui un niño bueno nunca conocí a los reyes magos,Huelgas de hambre en Cuba,Yanelys Nuñez Leyva,2023-06-22 10:34:00,Política y Economía,,['Política y Economía'],3246
2848,187103,https://www.revistaanfibia.com/madres-cubanas-la-vida-cotidiana-detras-de-la-revolucion/,"Madres cubanas, la vida cotidiana detrás de la Revolución",Archivos afectivos de la memoria,Jesús Arencibia Lorenzo,2023-06-22 10:35:20,Política y Economía,Crónica,['Política y Economía'],6158
2849,186725,https://www.revistaanfibia.com/juan-ferrate-mi-cuerpo-es-teoria-y-practica/,Mi cuerpo es teoría y práctica,Perfil de Juan Ferraté,Juan Manuel Tabío,2023-06-22 10:45:00,Culturas,Crónica,['Culturas'],4442
2850,187273,https://www.revistaanfibia.com/aprendiendo-a-decirte-hijo/,Aprendiendo a decirte hijo,Mundo no binario,Daniela Pastrana,2023-06-22 10:46:00,Políticas de géneros,Crónica,['Políticas de géneros'],3974
2851,186802,https://www.revistaanfibia.com/tomar-lsd-escribir-un-paper/,Tomar LSD y escribir un paper,El alcaloide que abrió las puertas de la percepción,Damián Huergo,2023-06-22 10:47:00,Culturas,Crónica,['Culturas'],4767
2852,187383,https://www.revistaanfibia.com/los-que-escuchan-el-horror/,Los que escuchan el horror,Ciencia Forense,Carmen Quintela Babío,2023-06-22 10:50:00,Culturas,Crónica,['Culturas'],2181
2853,186987,https://www.revistaanfibia.com/reparto-cubano-en-el-malecon-solo-bailamos-este-son/,En el malecón solo bailamos este son,"Reparto, el trap cubano",Rafael González Escalona,2023-06-22 10:54:00,Culturas,Crónica,['Culturas'],3318
2854,187213,https://www.revistaanfibia.com/racismo-no-agradecere-que-no-me-mates/,No agradeceré que no me mates,Racismo en Europa,Abraham Jiménez Enoa,2023-06-22 11:15:00,Culturas,Crónica,['Culturas'],4392
2855,186780,https://www.revistaanfibia.com/los-vuelos-de-alicia/,Los vuelos de Alicia,Hasta dónde es capaz de llegar una hija para encontrar a su madre,Marcela Turati,2023-06-22 11:22:06,Política y Economía,Crónica,['Política y Economía'],7821
2856,186734,https://www.revistaanfibia.com/hector-cordero-gonzalez-leves-gestos-de-la-muerte/,Leves gestos de la muerte,Cómo buscar a un desaparecido en Cuba,Melissa Cordero Novo,2023-06-22 11:29:18,Culturas; Política y Economía,Crónica,"['Culturas', 'Política y Economía']",5762
2857,186738,https://www.revistaanfibia.com/sinu-el-rio-de-mi-memoria/,El río de mi memoria,Capitalismo y extinción,Ginna Morelo,2023-06-22 11:31:00,Culturas,Crónica,['Culturas'],3973
2858,186790,https://www.revistaanfibia.com/el-suicidio-se-detiene-en-comunidad/,El suicidio se detiene en comunidad,La depresión en el país más feliz de América Latina,Soledad Gago,2023-06-22 11:35:00,Salud,Crónica,['Salud'],4445
2859,186687,https://www.revistaanfibia.com/el-mar-corre-por-mis-venas/,El mar corre por mis venas,"Balseros cubanos, migración y memoria",Pedro Sosa Tabio,2023-06-22 11:36:00,Política y Economía,Crónica,['Política y Economía'],8406
2860,186766,https://www.revistaanfibia.com/la-escuela-de-mucamas-del-opus-dei/,La escuela de mucamas del Opus Dei,Más de 40 años explotando niñas en nombre de Dios,Paula Bistagnino,2023-06-26 10:44:00,Política y Economía,Crónica,['Política y Economía'],5165
2861,187516,https://www.revistaanfibia.com/jujuy-de-vilcas-y-duenos/,La conquistualidad permanente,Jujuy: de Vilcas y de dueños,Rita Segato,2023-06-26 12:59:26,Política y Economía,Ensayo,['Política y Economía'],1697
2862,187597,https://www.revistaanfibia.com/para-ganar-hay-que-apostar/,"""Para ganar hay que apostar""",La fórmula de unidad del peronismo,Flora Vronsky,2023-06-26 18:17:11,Otras,Ensayo,['Otras'],1385
2863,187738,https://www.revistaanfibia.com/donde-no-llega-el-peronismo-llega-grabois/,Donde no llega el peronismo llega Grabois,Unión por la Patria va a las PASO,Esteban De Gori,2023-06-28 12:12:56,Política y Economía,Ensayo,['Política y Economía'],3491
2864,187782,https://www.revistaanfibia.com/cuando-la-realidad-supera-a-black-mirror/,Cuando la realidad supera a Black Mirror,Distopía y deshumanización,Ernesto Garratt,2023-06-29 13:18:41,Culturas,Ensayo,['Culturas'],1681
2865,187832,https://www.revistaanfibia.com/la-utopia-de-llegar-a-fin-de-mes/,La utopía de llegar a fin de mes,Fragmento de “¿Cómo hacen los pobres para sobrevivir?”,Javier Auyero; Sofía Servián,2023-07-04 10:21:24,Política y Economía,Ensayo,['Política y Economía'],3967
2866,187865,https://www.revistaanfibia.com/fito-paez-teatro-arte-capillas-libertad-balbuceos-y-frenesi/,"Teatro, arte, capillas, libertad, balbuceos y frenesí",En las trincheras de la imaginación,Fito Páez,2023-07-05 11:11:16,Culturas,Ensayo,['Culturas'],2259
2867,187999,https://www.revistaanfibia.com/los-rappi-de-milei/,Los Rappi de Milei,La juventud militante de la derecha popular,Melina Vazquez,2023-07-10 10:51:56,Política y Economía,Crónica,['Política y Economía'],2573
2868,188051,https://www.revistaanfibia.com/podran-los-feminismos-escapar-a-la-sociedad-de-control/,¿Podrán los feminismos escapar a la sociedad de control?,Desafíos de un movimiento que se vuelve masivo,Laura Klein,2023-07-11 14:02:01,Políticas de géneros,Ensayo,['Políticas de géneros'],1876
2869,188080,https://www.revistaanfibia.com/ley-olimpia-un-cuarto-propio-digital/,Un cuarto propio digital,Ley Olimpia,Ana Correa,2023-07-12 13:48:48,Políticas de géneros,Ensayo,['Políticas de géneros'],2791
2870,188191,https://www.revistaanfibia.com/jujuy-postal-argentina-fragil-y-en-peligro-maristella-svampa/,"Jujuy, postal de la Argentina frágil y en peligro","Litio, indígenas, grieta y pacto democrático",Maristella Svampa,2023-07-17 13:26:00,Política y Economía,Ensayo,['Política y Economía'],2526
2871,188142,https://www.revistaanfibia.com/elecciones-paso-santa-fe-nuevas-fuerzas-nuevas-caras/,"Nuevas fuerzas, nuevas caras",Elecciones 2023: PASO en Santa Fe,Silvina Tamous,2023-07-17 14:44:28,Política y Economía,Ensayo,['Política y Economía'],1915
2872,188183,https://www.revistaanfibia.com/manifiesto-contra-la-duda/,Manifiesto contra la duda,"Chile: periodismo, dictadura y memoria histórica",Mónica González,2023-07-17 14:52:35,Política y Economía,Ensayo,['Política y Economía'],4447
2873,188213,https://www.revistaanfibia.com/alquilar-caba-odisea-argentina/,"Alquilar, odisea argentina",Radiografía de los inquilinos porteños,Joaquín Tomé; Carolina Chantrill; María Eugenia Funes,2023-07-19 11:57:49,Política y Economía,Ensayo,['Política y Economía'],5100
2874,188233,https://www.revistaanfibia.com/muchachas-ahora-nos-volvimos-a-ilusionar-mundial-femenino-de-futbol/,"Muchachas, ahora nos volvimos a ilusionar",Mundial Femenino de Fútbol 2023,Julia Hang; Nemesia Hijós,2023-07-20 11:04:45,Culturas,Ensayo,['Culturas'],3458
2875,188267,https://www.revistaanfibia.com/la-bomba-de-tiempo-de-nolan/,La bomba de tiempo de Nolan,Oppenheimer,Ernesto Garratt,2023-07-21 13:22:32,Culturas,Crónica,['Culturas'],1901
2876,188286,https://www.revistaanfibia.com/pedro-sanchez-el-sobreviviente-elecciones-espana/,"Pedro Sánchez, el sobreviviente",Elecciones en España,Karim Juste,2023-07-25 09:50:25,Política y Economía,Ensayo,['Política y Economía'],2186
2877,188320,https://www.revistaanfibia.com/los-padres-de-la-criatura-los-mentores-de-milei/,Los padres de la criatura,Los mentores de Milei,Juan Luis González,2023-07-26 11:18:37,Política y Economía,Crónica,['Política y Economía'],4102
2878,188334,https://www.revistaanfibia.com/ir-al-frente-poner-el-cuerpo-tener-aguante-mundial-femenino-de-futbol/,"Ir al frente, poner el cuerpo, tener aguante",Mundial Femenino de Fútbol 2023,Mariana Ibarra; Martín Álvarez Litke; Débora Majul,2023-07-27 09:24:35,Culturas,Ensayo,['Culturas'],3343
2879,188377,https://www.revistaanfibia.com/barbie-no-hay-nada-mejor-que-una-nena-de-goma/,No hay nada mejor que una nena de goma,Barbie de Greta Gerwig,Ofelia Meza,2023-07-28 10:43:57,Culturas,Ensayo,['Culturas'],2515
2880,188408,https://www.revistaanfibia.com/de-tal-palo-cesar-aira-y-su-madre-escritora/,De tal palo: César Aira y su madre escritora,Fragmento de “Donde nada se detiene”,Sonia Budassi,2023-07-31 13:54:17,Culturas,Ensayo,['Culturas'],761
2881,188401,https://www.revistaanfibia.com/sonia-budassi-una-destreza-cosmopolita/,Una destreza cosmopolita,"Budassi: cultura pop, política internacional y literatura clásica",Julián Gorodischer,2023-07-31 14:33:26,Culturas,Ensayo,['Culturas'],720
2882,188452,https://www.revistaanfibia.com/democratizar-el-futbol-trabajar-de-futbolistas-mundial-femenino/,"Democratizar el fútbol, trabajar de futbolistas",Mundial Femenino Australia/Nueva Zelanda 2023,Lorena Arambuena,2023-08-03 09:42:38,Culturas,Ensayo,['Culturas'],3269
2883,188492,https://www.revistaanfibia.com/san-benito-no-es-bad-bunny/,San Benito no es Bad Bunny,"Palermo, el barrio que sepultó su herencia afro",Eddie Fitte,2023-08-04 12:22:18,Política y Economía,Crónica,['Política y Economía'],3530
2884,188525,https://www.revistaanfibia.com/como-funciona-la-economia-barrani/,Cómo funciona la economía barrani,Crisis e informalidad,Eduardo Crespo; Ariel García; Javier Ghibaudi,2023-08-07 11:28:09,Política y Economía,Ensayo,['Política y Economía'],2403
2885,76575,https://www.revistaanfibia.com/pensar-a-largo-plazo-y-actuar-en-el-corto/,Un pensamiento extremo y una acción prudente,Adiós a Mario Tronti,Micaela Cuesta,2023-08-08 15:50:00,Política y Economía,Ensayo,['Política y Economía'],3886
2886,188568,https://www.revistaanfibia.com/persistencia-de-la-pregunta-por-el-arte-para-que-sirve-hernan-borisonik/,¿Para qué sirve el arte?,"Persistencia de la pregunta por el arte, de Hernán Borisonik",Mariano Dorr,2023-08-09 14:57:47,Culturas,Ensayo,['Culturas'],1982
2887,188601,https://www.revistaanfibia.com/mas-bronca-mas-apatia/,"Más bronca, más apatía",Crimen de Morena en Lanús,Emiliano Gullo,2023-08-10 13:23:24,Política y Economía,Crónica,['Política y Economía'],1543
2888,188621,https://www.revistaanfibia.com/a-la-derecha-no-le-alcanza-una-reforma-laboral/,A la derecha no le alcanza una reforma laboral,Elecciones 2023,Matías Maito; Juan Manuel Ottaviano,2023-08-11 11:36:58,Política y Economía,Ensayo,['Política y Economía'],2980
2889,188650,https://www.revistaanfibia.com/el-desembarco-de-la-violencia/,El desembarco de la violencia,La agenda de la (in)seguridad,Diego Llumá,2023-08-11 15:49:42,Política y Economía,Ensayo,['Política y Economía'],1794
2890,188663,https://www.revistaanfibia.com/ruge-la-leonera/,Ruge la leonera,"Milei, el candidato más votado en las PASO",Lucas Reydó,2023-08-14 09:55:34,Política y Economía,Ensayo,['Política y Economía'],2339
2891,188709,https://www.revistaanfibia.com/juntos-por-el-cambio-corridos-por-derecha/,Corridos por derecha,Las PASO de Juntos por el Cambio,Mariana Gené; Gabriel Vommaro,2023-08-15 10:24:55,Política y Economía,Ensayo,['Política y Economía'],2323
2892,188723,https://www.revistaanfibia.com/puede-massa-frenar-la-revolucion-milei/,¿Puede Massa frenar la revolución Milei?,El peronismo de cara a octubre,Julio Burdman,2023-08-15 12:48:38,Política y Economía,Ensayo,['Política y Economía'],1956
2893,188734,https://www.revistaanfibia.com/milei-lo-que-cruje-es-la-democracia/,Lo que cruje es la democracia,El triunfo de La Libertad Avanza en las PASO,Micaela Cuesta,2023-08-15 14:07:05,Política y Economía,Ensayo,['Política y Economía'],1712
2894,188769,https://www.revistaanfibia.com/peronismo-porteno-un-companero-para-la-ciudad/,Un compañero para la Ciudad,El peronismo porteño,Martín Armelino,2023-08-17 15:16:24,Política y Economía,Ensayo,['Política y Economía'],1854
2895,188802,https://www.revistaanfibia.com/11-tesis-sobre-milei/,11 tesis sobre Milei,"Cómo entender el ""voto anticasta""",Pablo Semán; Nicolás Welschinger,2023-08-18 18:26:13,Política y Economía,Ensayo,['Política y Economía'],4572
2896,188851,https://www.revistaanfibia.com/oppenheimer-instantaneas-del-mundo-atomico/,Instantáneas del mundo atómico,"Oppenheimer: ciencia, tecnología y Estado",Diego Hurtado,2023-08-22 14:26:56,Política y Economía,Ensayo,['Política y Economía'],3413
2897,188897,https://www.revistaanfibia.com/soledad-pastorutti-el-folclore-soy-yo/,El folclore soy yo,Soledad,Romina Zanellato,2023-08-25 09:44:17,Culturas,Crónica,['Culturas'],2864
2898,188909,https://www.revistaanfibia.com/hacia-una-valoracion-de-la-diversidad-2/,Hacia una valoración de la diversidad,Integración migratoria,Felipe Bäuerle,2023-08-25 10:36:09,Política y Economía,Ensayo,['Política y Economía'],1965
2899,188925,https://www.revistaanfibia.com/brics-una-alternativa-desde-el-sur-global/,Una alternativa desde el Sur Global,El ingreso de Argentina al BRICS,Mariela Cuadro; Bruno Dalponte; Julián Kan; Alejandro Rascovan,2023-08-28 11:42:29,Política y Economía,Ensayo,['Política y Economía'],1880
2900,188966,https://www.revistaanfibia.com/alejandro-montero-marron-rural-arquitecto-unsam/,"Marrón, rural, arquitecto",Perfil de Alejandro Montero,Camila Meriño,2023-08-30 10:04:14,Educación,Crónica,['Educación'],2496
2901,189072,https://www.revistaanfibia.com/etiquetado-frontal-objeto-comestible-no-identificado/,Objeto comestible no identificado,Ley de etiquetado frontal,Patricia Aguirre,2023-08-30 10:37:00,Salud,Ensayo,['Salud'],2515
2902,189161,https://www.revistaanfibia.com/postales-random-para-un-paisaje-audiovisual-electronico/,Postales random para un paisaje audiovisual electrónico,Digitalízame!,Fernando Molina,2023-08-30 11:11:59,Culturas,Ensayo,['Culturas'],1423
2903,188987,https://www.revistaanfibia.com/esma-los-dias-mas-felices-de-los-represores/,Los días más felices de los represores,De la ESMA a Sudáfrica,Facundo Fernández Barrio; Miriam Lewin,2023-08-30 14:34:16,Otras,Crónica,['Otras'],8519
2904,181985,https://www.revistaanfibia.com/cristina-el-cero-y-el-infinito/,"Cristina, el cero y el infinito",La sentencia contra Cristina Kirchner,Diego Tatián,2023-09-01 09:25:00,Política y Economía,Ensayo,['Política y Economía'],1713
2905,179318,https://www.revistaanfibia.com/tocar-lo-sagrado/,Tocar lo sagrado,Atentado a Cristina,Adriano Peirone,2023-09-01 09:28:00,Política y Economía,Ensayo,['Política y Economía'],2652
2906,179394,https://www.revistaanfibia.com/revolucion-federal-que-tengan-miedo-de-ser-kirchneristas/,Que tengan miedo de ser kirchneristas,Revolución Federal por dentro,Nicolás Baintrub,2023-09-01 09:45:00,Política y Economía,Crónica,['Política y Economía'],3706
2907,189233,https://www.revistaanfibia.com/la-mordida-mas-feroz-de-pablo-larrain/,La mordida más feroz de Pablo Larraín,El Conde,Ernesto Garratt,2023-09-04 10:37:42,Culturas,Ensayo,['Culturas'],1569
2908,189214,https://www.revistaanfibia.com/l-gante-el-mal-negro/,El mal negro,L-Gante preso,Malvina Silba,2023-09-04 11:02:39,Culturas,Ensayo,['Culturas'],2235
2909,174121,https://www.revistaanfibia.com/moria-casan-como-mantener-el-deseo-en-un-mundo-efimero/,Cómo mantener el deseo en un mundo efímero,La One: la vida de Moria Casán,Matías Máximo,2023-09-05 10:36:00,Políticas de géneros,Crónica,['Políticas de géneros'],1994
2910,189287,https://www.revistaanfibia.com/una-mamushka-inagotable/,Una mamushka inagotable,La One: la vida de Moria Casán,Exequiel Svetliza,2023-09-05 11:41:43,Otras,Crónica,['Otras'],1852
2911,189258,https://www.revistaanfibia.com/geopolitica-internacional-desdolarizar-la-madre-de-todas-las-batallas/,"Desdolarizar, la madre de todas las batallas",Argentina y su inserción en la geopolítica internacional,Enzo Girardi,2023-09-06 08:57:00,Política y Economía,Ensayo,['Política y Economía'],3517
2912,189306,https://www.revistaanfibia.com/cartografias-del-abandono/,Cartografías del abandono,Desapariciones,Pablo de Marinis,2023-09-07 10:08:36,Política y Economía,Ensayo,['Política y Economía'],1893
2913,189317,https://www.revistaanfibia.com/mas-ciencia-para-mas-desarrollo/,Más ciencia para más desarrollo,El Conicet en la campaña electoral,Andrés J. Kreiner,2023-09-07 11:54:40,Política y Economía; Tecnologías,Ensayo,"['Política y Economía', 'Tecnologías']",1176
2914,189351,https://www.revistaanfibia.com/la-drag-que-habito/,La drag que habito,Dani Umpi: retrato de una popstar,Imanol Subiela Salvo,2023-09-08 10:22:36,Culturas,Crónica,['Culturas'],3114
2915,189378,https://www.revistaanfibia.com/dictadura-chile-a-50-anos/,¿La dictadura fue un invento?,Negacionismo: a 50 años del golpe en Chile,Álvaro Bisama,2023-09-08 11:01:18,Política y Economía,Ensayo,['Política y Economía'],1108
2916,189394,https://www.revistaanfibia.com/alvaro-puga-documentos-que-todo-lo-saben/,Documentos que todo lo saben,A 50 años del golpe en Chile: los archivos secretos de Álvaro Puga,Juan Cristóbal Peña,2023-09-11 09:20:00,Política y Economía,Crónica,['Política y Economía'],4040
2917,189421,https://www.revistaanfibia.com/el-teton-patrio-de-la-cultura-popular/,El tetón patrio de la cultura popular,Moria: la femme fatal del cine argentino,Melisa Redondo,2023-09-12 10:46:32,Otras,Ensayo,['Otras'],2215
2918,189601,https://www.revistaanfibia.com/no-es-tan-sencillo-marginar-a-las-disidencias/,No es tan sencillo marginar a las disidencias,"Movilización social, ambiente y democracia",Anabel Marín,2023-09-12 14:24:38,Política y Economía,Ensayo,['Política y Economía'],2503
2919,189813,https://www.revistaanfibia.com/ficcion-distopica-las-maquinas-lectora/,Las máquinas lectoras,Una ficción (no tan) distópica,Hernán Borisonik,2023-09-14 09:32:09,Tecnologías,Ensayo,['Tecnologías'],1862
2920,189917,https://www.revistaanfibia.com/cuando-nos-robaron-la-primavera-progresista/,Cuándo nos robaron la primavera progresista,¿Quién canaliza las pasiones tristes?,Juan Branz; Emiliano López,2023-09-15 09:45:24,Política y Economía,Ensayo,['Política y Economía'],3446
2921,148689,https://www.revistaanfibia.com/la-heredera-sanders/,La heredera de Sanders,Alexandria Ocasio-Cortez,Aldana Vales,2023-09-15 11:06:00,Política y Economía,Crónica,['Política y Economía'],2812
2922,190082,https://www.revistaanfibia.com/corrupcion-un-asunto-de-derechos/,"Corrupción, un asunto de derechos",Revertir la captura del estado para fortalecer la democracia,Julieta Izcurdia; Clara Inés Lucarella; Alejandro Gaggero; María Julia Eliosoff; Francisco Cantamutto; Pablo Vitale,2023-09-18 09:10:29,Política y Economía,Ensayo,['Política y Economía'],1575
2923,190094,https://www.revistaanfibia.com/que-hacemos-con-las-paso/,Qué hacemos con las PASO,"¿Eliminación, reforma o continuidad?",Juan Manuel Abal Medina; Alejandro Tullio,2023-09-18 09:56:51,Política y Economía,Ensayo,['Política y Economía'],1847
2924,186688,https://www.revistaanfibia.com/esquizofrenia-mi-madre-es-otra/,Mi madre es otra,Esquizofrenia y lazos emocionales,Amanda Marton Ramaciotti,2023-09-20 11:43:00,Salud,Crónica,['Salud'],3935
2925,190161,https://www.revistaanfibia.com/inteligencia-artificial-pero-a-que-costo/,"Inteligencia artificial, pero a qué costo",Propuestas y estrategias desde el Sur Global,Sofía Trejo,2023-09-21 09:30:16,Tecnologías,Ensayo,['Tecnologías'],3430
2926,190217,https://www.revistaanfibia.com/petzold-un-elogio-del-inconveniente/,Un elogio del inconveniente,"Cielo Rojo, la última película de Christian Petzold",Ofelia Meza,2023-09-22 10:30:33,Culturas,Ensayo,['Culturas'],1265
2927,2904,https://www.revistaanfibia.com/decalogo-wainfeld/,Decálogo Wainfeld,Adiós a un maestro del periodismo político,Mario Wainfeld,2023-09-22 10:31:00,Política y Economía,Ensayo,['Política y Economía'],487
2928,190229,https://www.revistaanfibia.com/salute-despedida-mario-wainfeld/,Salute,Despedida a Mario Wainfeld,,2023-09-22 14:24:20,Culturas,Ensayo,['Culturas'],1978
2929,190273,https://www.revistaanfibia.com/mariana-enriquez-suede-retrato-de-una-fan-incondicional/,Retrato de una fan incondicional,Mi autobiografía con Suede,Mariana Enríquez,2023-09-25 11:10:16,Culturas,Crónica,['Culturas'],2438
2930,190239,https://www.revistaanfibia.com/donacion-de-organos-soy-trasplantada/,Soy trasplantada,Donación de órganos,Yanina Tendlarz,2023-09-25 11:16:02,Salud,Crónica,['Salud'],3575
2931,188099,https://www.revistaanfibia.com/zambra-el-escritor-que-habla-en-puntas-de-pie/,"Zambra, el escritor que habla en puntas de pie",Literatura del despojo,Emiliano Gullo,2023-09-29 10:00:00,Culturas,Ensayo,['Culturas'],4028
2932,190337,https://www.revistaanfibia.com/franzen-la-ficcion-es-una-pista-de-despegue/,La ficción es una pista de despegue,"Jonathan Franzen, el hombre que mira a los pájaros",Walter Lezcano,2023-09-29 10:29:47,Culturas,Ensayo,['Culturas'],2209
2933,190375,https://www.revistaanfibia.com/periodismo-performatico-un-animal-salvaje-cautivo/,Un animal salvaje y cautivo,Laboratorio de Periodismo Performático,César López Linares,2023-09-29 15:51:31,Culturas,Crónica,['Culturas'],2081
2934,190462,https://www.revistaanfibia.com/como-se-construye-un-candidato/,¿Cómo se construye un candidato?,Debate presidencial,Julieta Waisgold,2023-10-03 10:57:02,Política y Economía,Ensayo,['Política y Economía'],2248
2935,190454,https://www.revistaanfibia.com/milei-la-casta-es-el-otro/,La casta es el otro,El voto libertario: un deseo de igualitarismo radical,Cecilia Abdo Ferez,2023-10-03 13:12:25,Política y Economía,Ensayo,['Política y Economía'],2067
2936,113375,https://www.revistaanfibia.com/ara-san-juan-el-punto-ciego-del-progresismo/,El punto ciego del progresismo,ARA San Juan,Federico Lorenz,2023-10-03 16:15:00,Política y Economía,Ensayo,['Política y Economía'],2269
2937,190528,https://www.revistaanfibia.com/thieme-enemigo-de-allende-opositor-a-pinochet-frenteamplista-y-peronista-4/,"Enemigo de Allende, opositor a Pinochet, frenteamplista y peronista",Todas las vidas de Roberto Thieme (1942-2023),Juan Cristóbal Peña,2023-10-04 12:02:15,Política y Economía,Crónica,['Política y Economía'],3702
2938,190519,https://www.revistaanfibia.com/discursos-de-odio-volver-a-la-sociologia/,Volver a la sociología,Discursos de odio. Una alarma para la vida democrática,Mario Greco,2023-10-05 11:14:31,Política y Economía,Ensayo,['Política y Economía'],2807
2939,190556,https://www.revistaanfibia.com/mutek-musica-para-bailar-y-para-contemplar/,Ciudad de ecos electrónicos,Mutek: música para bailar y contemplar,Eric Olsen,2023-10-06 14:32:58,Culturas,Crónica,['Culturas'],1445
2940,190601,https://www.revistaanfibia.com/leer-en-la-espuma-de-las-olas/,Leer en la espuma de las olas,El mar en la literatura argentina,Mercedes Alonso,2023-10-09 10:55:36,Culturas,Ensayo,['Culturas'],2678
2941,190658,https://www.revistaanfibia.com/alvaro-garcia-linera-la-derecha-no-perdona/,La derecha no perdona,Entrevista a Álvaro García Linera,Iván Schuliaquer,2023-10-11 09:44:08,Política y Economía,Ensayo,['Política y Economía'],4403
2942,190709,https://www.revistaanfibia.com/israel-hamas-la-trampa-del-mal-mayor/,La trampa del mal mayor,Israel y Hamás en guerra,Sonia Budassi,2023-10-11 19:27:37,Política y Economía,Ensayo,['Política y Economía'],2514
2943,190743,https://www.revistaanfibia.com/eduardo-galeano-una-nacion-llamada-basura/,Una nación llamada Basura,Eduardo Galeano y el colapso climático,Eduardo Galeano,2023-10-13 12:02:52,Otras,Ensayo,['Otras'],738
2944,190767,https://www.revistaanfibia.com/si-pero/,"Sí, pero",La vuelta del antisemitismo de siempre,Alexandra Kohan,2023-10-17 11:56:48,Política y Economía,Ensayo,['Política y Economía'],2482
2945,190800,https://www.revistaanfibia.com/un-techo-para-mi-inflacion/,Un techo para mi inflación,La Argentina post 10 de diciembre,Sebastián Valdecantos,2023-10-18 11:03:20,Política y Economía,Ensayo,['Política y Economía'],3464
2946,190847,https://www.revistaanfibia.com/sin-plasticos-no-hay-ecologia/,Sin plásticos no hay ecología,La materialidad poshumana y colonizadora,Hernán Borisonik; Alfredo Aracil,2023-10-19 09:22:57,Ambiente,Ensayo,['Ambiente'],3478
2947,190832,https://www.revistaanfibia.com/ofelia-fernandez-la-generacion-saturada/,La generación saturada,Entrevista a Ofelia Fernández,Iván Schuliaquer,2023-10-19 10:48:06,Política y Economía,Ensayo,['Política y Economía'],4397
2948,190897,https://www.revistaanfibia.com/mamushka-de-democracias/,Mamushka de democracias,Participación política y liderazgos LGBTTINB+,Macarena Romero,2023-10-20 13:18:35,Política y Economía; Políticas de géneros,Crónica,"['Política y Economía', 'Políticas de géneros']",1997
2949,190987,https://www.revistaanfibia.com/peronismo-el-adn-sobreviviente/,El ADN sobreviviente,La remontada del peronismo,Esteban De Gori,2023-10-23 11:27:50,Política y Economía,Ensayo,['Política y Economía'],1541
2950,191026,https://www.revistaanfibia.com/peronismo-una-festejadita-y-a-seguir/,Una festejadita y a seguir,Peronismo contra la derecha porno,Raquel Robles,2023-10-24 09:47:43,Política y Economía,Crónica,['Política y Economía'],2901
2951,191038,https://www.revistaanfibia.com/dolarizacion-trampa-y-trampolin/,Trampa y trampolín,¿Quién es Milei sin dolarización?,Ariel Wilkis,2023-10-25 09:32:37,Política y Economía,Ensayo,['Política y Economía'],1109
2952,191049,https://www.revistaanfibia.com/dios-atiende-en-buenos-aires/,Dios atiende en Buenos Aires,La política nacional se irradia desde el AMBA,Matías Landau,2023-10-26 09:11:39,Política y Economía,Ensayo,['Política y Economía'],1867
2953,191079,https://www.revistaanfibia.com/almodovar-acabo-de-llegar-no-soy-un-extrano/,"Acabo de llegar, no soy un extraño",Almodóvar: la ley y el deseo,Julieta Greco,2023-10-27 10:03:19,Amor y sexo; Culturas,Ensayo,"['Amor y sexo', 'Culturas']",2254
2954,150223,https://www.revistaanfibia.com/un-peronista-de-fiorito/,Un peronista de Fiorito,Murió Diego Maradona,Pablo Alabarces,2023-10-30 07:31:00,Culturas,Ensayo,['Culturas'],1283
2955,150187,https://www.revistaanfibia.com/la-muerte-dios-plebeyo/,La muerte de nuestro dios plebeyo,Diego Maradona,Malvina Silba,2023-10-30 10:09:00,Culturas,Ensayo,['Culturas'],1407
2956,191114,https://www.revistaanfibia.com/a-la-derecha-la-pared/,"A la derecha, la pared",La cartografía política argentina se transforma,Sergio Morresi,2023-10-30 11:01:26,Política y Economía,Ensayo,['Política y Economía'],2154
2957,191148,https://www.revistaanfibia.com/muy-hablados-poco-escuchados/,"Muy hablados, poco escuchados",El voto de las juventudes,Pablo Vommaro,2023-10-31 12:49:25,Política y Economía,Ensayo,['Política y Economía'],2113
2958,191176,https://www.revistaanfibia.com/los-likes-no-son-votos/,Los likes no son votos,Las campañas de Massa y Milei en las redes,Sol Montero; Iván Schuliaquer; Lucía Vincent,2023-11-01 09:53:24,Política y Economía,Ensayo,['Política y Economía'],2660
2959,191224,https://www.revistaanfibia.com/clics-modernos-charly-garcia-estamos-en-democracia-que-mas-quieren/,"“Estamos en democracia, ¿qué más quieren?”",40 años de Clics modernos,Martín Zariello,2023-11-03 09:23:58,Culturas,Ensayo,['Culturas'],3431
2960,191285,https://www.revistaanfibia.com/sin-control-el-universo-de-javier-milei/,Sin control: el universo de Javier Milei,Una alianza entre El País y Anfibia,Anfibia Podcast,2023-11-05 20:21:02,Política y Economía,Crónica,['Política y Economía'],1534
2961,191344,https://www.revistaanfibia.com/inigo-errejon-la-libertad-desesperada/,La libertad desesperada,Entrevista a Íñigo Errejón,Iván Schuliaquer,2023-11-08 12:22:00,Política y Economía,Ensayo,['Política y Economía'],5341
2962,191369,https://www.revistaanfibia.com/mi-exito-es-todo-mio/,Mi éxito es todo mío,Taylormanía,Gabriel Orqueda,2023-11-09 12:02:51,Culturas,Ensayo,['Culturas'],3341
2963,191825,https://www.revistaanfibia.com/equilibrios-inestables/,Equilibrios inestables,Conquistar al electorado en tiempos de polarización afectiva,Lucía Vincent,2023-11-14 11:48:50,Política y Economía,Ensayo,['Política y Economía'],2034
2964,191920,https://www.revistaanfibia.com/rosario-tony-montana-flota-en-el-parana/,Tony Montana flota en el Paraná,Cocaína y negocios en los puertos del Gran Rosario,Ricardo Robins; Agustín Lago,2023-11-15 17:03:17,Política y Economía,Crónica,['Política y Economía'],3359
2965,192014,https://www.revistaanfibia.com/el-apocalipsis-ya-paso/,El apocalipsis ya pasó,Futuro imperfecto,,2023-11-17 09:16:00,Tecnologías,Ensayo,['Tecnologías'],4840
2966,191997,https://www.revistaanfibia.com/mercado-libre-educativo/,Mercado libre educativo,El programa privatizador de Milei,Nicolás Arata; Camila Pérez Navarro,2023-11-17 13:29:35,Educación,Ensayo,['Educación'],2416
2967,192037,https://www.revistaanfibia.com/el-triunfo-de-milei-el-que-se-queda-quieto-pierde/,"El que se queda quieto, pierde",El triunfo de Milei,,2023-11-20 01:00:00,Política y Economía,Crónica,['Política y Economía'],2256
2968,192038,https://www.revistaanfibia.com/el-triunfo-de-milei-nada-fue-suficiente/,Nada fue suficiente,El triunfo de Milei,Emiliano Gullo; Sebastián N. Ortega,2023-11-20 02:11:29,Política y Economía,Crónica,['Política y Economía'],1901
2969,191863,https://www.revistaanfibia.com/tecnologias-en-el-arte-contemporaneo/,Tecnologías en el arte contemporáneo,Crónica de una reconciliación anunciada,Jazmín Adler,2023-11-21 11:40:42,Culturas,Ensayo,['Culturas'],2578
2970,191556,https://www.revistaanfibia.com/un-tutorial-para-entender-el-mundo/,Un tutorial para entender el mundo,"FUTURO IMPERFECTO: arte, periodismo, tecnología",María Mansilla,2023-11-22 14:47:35,Culturas; Tecnologías,Ensayo,"['Culturas', 'Tecnologías']",2388
2971,190290,https://www.revistaanfibia.com/juan-roman-riquelme-el-sofista/,El sofista,Juan Román Riquelme,Ignacio Damiani,2023-11-27 09:18:00,Política y Economía,Ensayo,['Política y Economía'],4571
2972,192173,https://www.revistaanfibia.com/el-sueno-de-la-republica-alberdiana/,El sueño de la república alberdiana,Otro desierto para la nación argentina,Flor Minici,2023-11-27 12:55:09,Política y Economía,Ensayo,['Política y Economía'],4297
2973,192459,https://www.revistaanfibia.com/en-el-rincon-de-mis-tetas/,En el rincón de mis tetas,¿El tamaño importa?,Alejandra Torrijos,2023-11-29 12:49:20,Culturas; Políticas de géneros; Salud,Ensayo,"['Culturas', 'Políticas de géneros', 'Salud']",4477
2974,192484,https://www.revistaanfibia.com/autismo-ser-el-raro/,Ser el raro,Código azul: descubrí que soy autista,Eduardo Molina,2023-11-30 11:10:00,Salud,Crónica,['Salud'],2378
2975,192491,https://www.revistaanfibia.com/ecologia-como-suena-un-rio-pavimentado/,¿Cómo suena un río pavimentado?,Mapa sonoro de los arroyos urbanos,TGCMS,2023-12-01 10:02:30,Ambiente,Ensayo,['Ambiente'],1227
2976,192632,https://www.revistaanfibia.com/el-17-de-octubre-de-riquelme-boca-juniors/,El 17 de octubre de Riquelme,Elecciones en Boca,Nemesia Hijós; Ignacio Damiani,2023-12-04 11:19:16,Política y Economía,Crónica,['Política y Economía'],3886
2977,192678,https://www.revistaanfibia.com/una-catastrofe-anunciada/,Una catástrofe anunciada,"Milei, presidente electo",Micaela Cuesta; Lucía Wegelin,2023-12-07 12:11:47,Política y Economía,Ensayo,['Política y Economía'],2081
2978,180726,https://www.revistaanfibia.com/gran-hermano-el-monstruo-de-lo-real/,El monstruo de lo real,El detrás de escena de Gran Hermano,Luciana Porchietto,2023-12-12 09:59:00,Culturas,Ensayo,['Culturas'],2528
2979,192726,https://www.revistaanfibia.com/el-pueblo-mileista/,El pueblo mileísta,Argentina tiene nuevo presidente,Sergio Morresi; Ezequiel Saferstein; Pablo Semán; Martín Vicente; Nicolás Welschinger; Melina Vazquez,2023-12-13 10:21:12,Política y Economía,Ensayo,['Política y Economía'],3700
2980,192846,https://www.revistaanfibia.com/con-la-democracia-se-lucha-con-la-red-se-cuida/,"Con la democracia se lucha, con la red se cuida",40 años de conquistas feministas,Eleonor Faur,2023-12-14 15:39:13,Políticas de géneros,Ensayo,['Políticas de géneros'],4529
2981,192859,https://www.revistaanfibia.com/nunca-votaria-por-alguien-que-te-hace-dano-gran-hermano-chile/,Nunca votaría por alguien que te hace daño,Un diálogo constitucional,Álvaro Bisama,2023-12-15 09:49:37,Culturas,Crónica,['Culturas'],2799
2982,192865,https://www.revistaanfibia.com/chile-el-fracaso-constituyente-plebiscito/,Chile y el fracaso constituyente,"Plebiscito: ganó el voto ""En Contra""",Rodrigo Mayorga,2023-12-17 21:36:48,Política y Economía,Ensayo,['Política y Economía'],2570
2983,182143,https://www.revistaanfibia.com/mundial-qatar-un-mes-para-toda-la-vida/,Un mes para toda la vida,¿Qué es un Mundial?,Ignacio Fusco,2023-12-18 09:00:00,Culturas,Ensayo,['Culturas'],2375
2984,192942,https://www.revistaanfibia.com/arrasados-por-el-viento-bahia-blanca/,Arrasados por el viento,Temporal en Bahía Blanca,Migue Roth,2023-12-19 14:20:22,Ambiente,Crónica,['Ambiente'],2184
2985,192978,https://www.revistaanfibia.com/instantes-fotografias-de-nuestra-historia-sin-imagenes-no-hay-memorias/,Sin imágenes no hay memoria,El fotoperiodismo en democracia,Cora Gamarnik,2023-12-21 10:52:11,Política y Economía,Ensayo,['Política y Economía'],2224
2986,193008,https://www.revistaanfibia.com/el-regreso-de-las-cacerolas/,El regreso de las cacerolas,Las primeras movilizaciones contra Milei,Ezequiel Adamovsky,2023-12-21 14:41:26,Política y Economía,Ensayo,['Política y Economía'],1087
2987,193045,https://www.revistaanfibia.com/hay-mas/,Hay más,Ni capitalismo blando ni capitalismo vampiro,Raquel Robles,2023-12-22 16:01:06,Política y Economía,Ensayo,['Política y Economía'],1763
2988,193048,https://www.revistaanfibia.com/dnu-milei-lo-dijo-y-lo-hizo/,Lo dijo y lo hizo,El DNU de Milei: un salto al vacío,Ezequiel Ipar,2023-12-22 17:30:00,Política y Economía,Ensayo,['Política y Economía'],1438
2989,192980,https://www.revistaanfibia.com/toda-herencia-es-pesada/,Toda herencia es pesada,Linajes familiares y legados políticos,Sol Montero,2023-12-26 09:41:29,Culturas,Ensayo,['Culturas'],2464
2990,193134,https://www.revistaanfibia.com/burn-out-estoy-cansado-jefe/,"Estoy cansado, jefe",Burn out: un ensayo sobre la angustia colectiva,Danila Saiegh,2023-12-27 10:47:57,Salud,Crónica,['Salud'],2346
2991,193249,https://www.revistaanfibia.com/mas-rapido-mas-furioso/,"Más rápido, más furioso",Cinco apuntes sobre el ajuste de Milei,Tomás Aguerre,2023-12-29 10:34:49,Política y Economía,Ensayo,['Política y Economía'],1654
2992,193372,https://www.revistaanfibia.com/mariana-telleria-domar-la-vista/,Domar la vista,"""Estúpidos espantapájaros”, de Mariana Telleria",Sonia Budassi; Lila Siegrist,2024-01-03 09:55:46,Culturas,Crónica,['Culturas'],4313
2993,193422,https://www.revistaanfibia.com/que-hago-con-mis-embriones-guardados/,¿Qué hago con mis embriones guardados?,"Reproducción asistida, subjetividad, derechos",Laura Wang,2024-01-04 13:09:21,Salud,,['Salud'],2367
2994,193462,https://www.revistaanfibia.com/testosterona-cristian-alarcon-versiones-del-fin-del-mundo/,Versiones del fin del mundo,"Testosterona, la obra de Lorena Vega y Cristian Alarcón",Sonia Budassi,2024-01-05 15:00:49,Culturas,Ensayo,['Culturas'],1306
2995,192727,https://www.revistaanfibia.com/la-mirada-anfibia-el-2023-ilustrado/,La mirada anfibia,2023: el año ilustrado,Sebastián Angresano; María Elizagaray Estrada; Francesca Cantore; Jael Díaz Vila,2024-01-08 11:43:02,Culturas,Ensayo,['Culturas'],489
2996,193613,https://www.revistaanfibia.com/leda-bergonzi-el-regreso-de-los-dioses-desterrados/,El regreso de los dioses desterrados,"Leda, la sanadora rosarina",Diego Mauro; Virginia Giacosa,2024-01-10 12:04:31,Culturas,Crónica,['Culturas'],3916
2997,193659,https://www.revistaanfibia.com/ecuador-el-estado-se-desvanece/,El Estado se desvanece,Violencia narco en Ecuador,Esteban De Gori,2024-01-11 09:52:11,Política y Economía,Ensayo,['Política y Economía'],1763
2998,193671,https://www.revistaanfibia.com/el-pendulo-inflacionario/,El péndulo inflacionario,Del enfoque monetarista a las teorías heterodoxas,Juan Manuel Telechea,2024-01-11 17:07:33,Política y Economía,Ensayo,['Política y Economía'],2317
2999,193835,https://www.revistaanfibia.com/la-sociedad-de-la-nieve-a-la-conquista-de-lo-inutil/,La conquista de lo inútil,La Sociedad de la Nieve o la pulsión por la experiencia,Julieta Greco,2024-01-17 11:52:19,Culturas,Ensayo,['Culturas'],2912
3000,193869,https://www.revistaanfibia.com/testosterona-el-jardin-mental-ese-terreno-fertil/,"El jardín mental, ese terreno fértil","Testosterona, la obra de Lorena Vega y Cristian Alarcón",Ernesto Garratt,2024-01-17 14:12:51,Ambiente,Ensayo,['Ambiente'],1536
3001,193831,https://www.revistaanfibia.com/periodismo-en-urgencia-democracia-en-crisis/,"Periodismo en urgencia, democracia en crisis",,,2024-01-17 16:16:07,Política y Economía,Ensayo,['Política y Economía'],885
3002,193953,https://www.revistaanfibia.com/milei-hacer-de-esta-nacion-un-desierto/,Hacer de esta nación un desierto,Milei y su visión de la historia,Elías Palti,2024-01-18 11:27:21,Política y Economía,Ensayo,['Política y Economía'],1673
3003,193969,https://www.revistaanfibia.com/nostalgia-por-un-reino-sin-conciencia-memoria-ni-lenguaje/,Nostalgia por un reino sin memoria ni lenguaje,Escaparse al bosque con Patricio Pron,Nona Fernández,2024-01-18 17:51:04,Culturas,Ensayo,['Culturas'],1649
3004,193993,https://www.revistaanfibia.com/el-manejo-del-fuego/,El manejo del fuego,Incendios forestales: entre el DNU y la sabiduría ígnea,Cecilia Lis García,2024-01-22 21:51:23,Ambiente,Ensayo,['Ambiente'],1736
3005,194011,https://www.revistaanfibia.com/nunca-se-llega-a-ser-varon/,Nunca se llega a ser varón,Pedagogías de la masculinidad,Luciano Fabbri,2024-01-23 09:31:41,Políticas de géneros,Ensayo,['Políticas de géneros'],2335
3006,194051,https://www.revistaanfibia.com/oposicion-fragmentada-las-fuerzas-del-suelo/,Las fuerzas del suelo,Claves para descifrar los mil pedazos de la oposición,Mariana Verón,2024-01-25 11:02:16,Política y Economía,Crónica,['Política y Economía'],2004
3007,194114,https://www.revistaanfibia.com/la-cultura-en-la-contienda/,La cultura en la contienda,Ley Ómnibus y políticas culturales,Alejandra Varela,2024-01-29 14:38:54,Culturas; Política y Economía,Ensayo,"['Culturas', 'Política y Economía']",3211
3008,194132,https://www.revistaanfibia.com/no-volvamos-a-ser-potosi/,No volvamos a ser Potosí,Acuerdo de libre comercio en economía digital,Sofía Scasserra,2024-01-30 11:45:08,Política y Economía,Ensayo,['Política y Economía'],2371
3009,194285,https://www.revistaanfibia.com/mangamorfosis-latinoamericana/,Mangamorfosis latinoamericana,Animés: del nicho al maisntream,Ernesto Garratt,2024-02-02 12:44:28,Culturas,Ensayo,['Culturas'],2834
3010,194152,https://www.revistaanfibia.com/a-toda-rosca/,A toda rosca,Debate de la Ley Ómnibus,Déborah De Urieta,2024-02-02 18:36:40,Política y Economía,Crónica,['Política y Economía'],2979
3011,194187,https://www.revistaanfibia.com/un-voto-contra-la-violencia/,Un voto contra la violencia,Bukele se autoproclama ganador,Gabriela Cáceres,2024-02-06 11:10:50,Política y Economía,Ensayo,['Política y Economía'],1104
3012,194202,https://www.revistaanfibia.com/la-falsa-eficacia-del-modelo-bukele/,La falsa eficacia del modelo Bukele,Una alternativa para América Latina,Julián Alfie,2024-02-06 15:08:00,Política y Economía,Ensayo,['Política y Economía'],2602
3013,194264,https://www.revistaanfibia.com/un-derechista-atipico/,Un derechista atípico,Murió Sebastián Piñera,Felipe González Mac-Conell,2024-02-06 21:28:56,Política y Economía,Crónica,['Política y Economía'],1779
3014,194225,https://www.revistaanfibia.com/sin-politica-y-sin-ley-omnibus/,Sin política y sin ley,La primera derrota de La Libertad Avanza,Noelia Barral Grigera,2024-02-07 10:45:02,Política y Economía,Crónica,['Política y Economía'],1717
3015,194296,https://www.revistaanfibia.com/no-los-une-el-espanto/,No los une el espanto,La derecha y su grieta,Ernesto Calvo; Gabriel Kessler; Maria Victoria Murillo; Gabriel Vommaro,2024-02-09 12:14:10,Política y Economía,Ensayo,['Política y Economía'],1779
3016,194316,https://www.revistaanfibia.com/ghostwriting-escribir-hasta-desaparecer/,Escribir hasta desaparecer,Crónica de una ghostwriter,María José Ojeda,2024-02-14 10:12:17,Culturas,Crónica,['Culturas'],2364
3017,194095,https://www.revistaanfibia.com/milei-el-presidente-troll/,El presidente Troll,El estilo de comunicación de Milei,Silvio Waisbord,2024-02-15 09:39:00,Política y Economía,Ensayo,['Política y Economía'],1658
3018,194355,https://www.revistaanfibia.com/decime-que-es-fake/,¡Decime que es fake!,Un nuevo lenguaje de época,Ignacio Ramírez; Antoni Gutiérrez-Rubí,2024-02-15 11:26:52,Política y Economía,Ensayo,['Política y Economía'],1218
3019,194392,https://www.revistaanfibia.com/milei-espiritualmente-judio/,Espiritualmente judío,Lo religioso es político,Martín Vicente; Matías Grinchpun,2024-02-16 11:42:07,Política y Economía,Ensayo,['Política y Economía'],2578
3020,194424,https://www.revistaanfibia.com/corre-corre-inundalos-a-todos/,"Corre, corre, inúndalos a todos",Ciencia ficción y crisis ambiental,Andrés Arroyave Zapata,2024-02-21 13:14:00,Ambiente; Culturas,Ensayo,"['Ambiente', 'Culturas']",3184
3021,194447,https://www.revistaanfibia.com/gramsci-vuelve/,Gramsci vuelve,Ciudad Futura y la batalla por el tiempo,Diego Sztulwark,2024-02-22 12:55:36,Culturas; Política y Economía,Crónica,"['Culturas', 'Política y Economía']",3920
3022,194471,https://www.revistaanfibia.com/the-holdovers-fuera-del-tiempo/,Fuera del tiempo,"“The Holdovers”, candidata al Oscar",Ofelia Meza,2024-02-23 06:57:34,Culturas,Ensayo,['Culturas'],1513
3023,194462,https://www.revistaanfibia.com/doce-fibras-y-unos-lapices-de-colores-nena-la-pampa/,Doce fibras y unos lápices de colores,Los caídos del sistema,Natalia Arenas,2024-02-23 10:40:39,Política y Economía,Crónica,['Política y Economía'],1602
3024,194484,https://www.revistaanfibia.com/rosario-aquella-noche-que-ya-fue/,"Rosario, aquella noche que ya fue",Resistencia cultural en una ciudad noctámbula,Osvaldo Aguirre,2024-02-26 12:26:57,Culturas,Crónica,['Culturas'],2294
3025,194529,https://www.revistaanfibia.com/milei-gobernadores-el-fuego-y-el-combustible/,El fuego y el combustible,Milei vs. gobernadores: historia de un divorcio,Sebastián Mauro,2024-02-27 12:29:25,Política y Economía,Ensayo,['Política y Economía'],1490
3026,194549,https://www.revistaanfibia.com/quien-les-va-a-pagar-a-los-docentes/,¿Quién les va a pagar a los docentes?,Sin FONID y sin paritarias,Alejandro Morduchowicz,2024-02-28 11:15:04,Educación,Ensayo,['Educación'],2135
3027,194606,https://www.revistaanfibia.com/milei-congreso-un-pacto-para-sobrevivir/,Un pacto para sobrevivir,Milei en el Congreso,Ernesto Picco,2024-03-02 00:06:39,Política y Economía,Ensayo,['Política y Economía'],2330
3028,194614,https://www.revistaanfibia.com/dame-el-fuego-de-tu-amor-anfibia/,Dame el fuego de tu amor,Una campaña para recuperar la redacción de Anfibia,María Mansilla,2024-03-05 20:58:25,Política y Economía,Crónica,['Política y Economía'],2433
3029,194644,https://www.revistaanfibia.com/como-afrontar-la-crueldad-organizada/,Cómo afrontar la crueldad organizada,8M,Sonia Tessa,2024-03-07 16:05:37,Políticas de géneros,Ensayo,['Políticas de géneros'],2887
3030,194707,https://www.revistaanfibia.com/8-m-la-vieja-moda-de-explicarlo-todo/,La vieja moda de explicar todo,8 de marzo,Malena Pichot,2024-03-08 10:56:42,Políticas de géneros,Ensayo,['Políticas de géneros'],2040
3031,194744,https://www.revistaanfibia.com/past-lives-fragmentos-de-un-discurso-amoroso/,Fragmentos de un discurso amoroso,"“Past lives”, candidata al Oscar",Julieta Greco,2024-03-08 12:52:16,Culturas,Ensayo,['Culturas'],2265
3032,194772,https://www.revistaanfibia.com/un-rosario-de-balaceras-miedo-y-falopa/,"Un rosario de balaceras, miedo y falopa",¿Por qué el negocio narco es tan violento en la ciudad?,José Garriga Zucal; Diego Murzi,2024-03-10 10:00:00,Política y Economía,Ensayo,['Política y Economía'],2469
3033,194797,https://www.revistaanfibia.com/rosario-zona-de-sacrificio/,Zona de sacrificio,Rosario paralizada por la violencia,Virginia Giacosa,2024-03-11 12:43:07,Política y Economía,Crónica,['Política y Economía'],3037
3034,194836,https://www.revistaanfibia.com/las-hermanas-bastardas-se-puede-ser-feminista-y-mileista/,Las hermanas bastardas,¿Se puede ser feminista y mileísta?,Melina Vazquez; Carolina Spataro,2024-03-12 12:27:00,Políticas de géneros,Ensayo,['Políticas de géneros'],3163
3035,194879,https://www.revistaanfibia.com/testosterona-la-masculinidad-danada/,La masculinidad dañada,"Testosterona, la obra de Lorena Vega y Cristian Alarcón",Alejandro Modarelli,2024-03-14 13:12:51,Culturas,Ensayo,['Culturas'],2999
3036,194935,https://www.revistaanfibia.com/el-brutalismo-comunicativo-de-milei/,El brutalismo comunicativo de Milei,Cinco principios de la comunicación política de LLA,Mario Riorda,2024-03-15 11:05:02,Política y Economía,Ensayo,['Política y Economía'],2891
3037,194999,https://www.revistaanfibia.com/milei-100-dias-y-8-noches/,100 días y 8 noches,Milei: sin luna de miel,Matías Mowszet,2024-03-19 10:41:56,Política y Economía,Ensayo,['Política y Economía'],2537
3038,195097,https://www.revistaanfibia.com/estela-de-carlotto-me-van-a-tener-que-sacar-muerta/,“Me van a tener que sacar muerta”,Estela de Carlotto,Juan Manuel Mannarino,2024-03-23 19:44:30,Política y Economía,Crónica,['Política y Economía'],6845
3039,195132,https://www.revistaanfibia.com/el-cuento-desaparecido-de-rodolfo-walsh/,El cuento desaparecido,A 47 años del asesinato de Rodolfo Walsh,Celeste Abrevaya,2024-03-25 10:01:12,Política y Economía,Crónica,['Política y Economía'],3089
3040,195160,https://www.revistaanfibia.com/pasar-la-memoria-por-el-cuerpo-24-de-marzo/,Pasar la memoria por el cuerpo,24 de marzo,Jazmín Luzzi,2024-03-26 12:15:52,Culturas,Crónica,['Culturas'],2677
3041,195174,https://www.revistaanfibia.com/rosario-salir-a-bailar-para-recuperar-la-autoestima/,Salir a bailar para recuperar la autoestima,Rosario: nocturnidad y violencias,Julia Enriquez,2024-03-26 14:53:43,Política y Economía,Crónica,['Política y Economía'],3580
3042,195187,https://www.revistaanfibia.com/el-museo-es-noticia/,El museo es noticia,"Arte, ciencia y periodismo: el meteorito y el archivo",Mónica Bernabé; Georgina Ricci,2024-03-26 15:30:35,Culturas,Ensayo,['Culturas'],2786
3043,195266,https://www.revistaanfibia.com/en-agosto-nos-vemos-el-libro-que-no-debia-ser-publicado/,El libro que no debía ser publicado,"En agosto nos vemos, de García Márquez",Gabriela Polit Dueñas,2024-03-27 13:46:31,Culturas,Ensayo,['Culturas'],2961
3044,195119,https://www.revistaanfibia.com/victoria-villarruel-la-mujer-que-esta-sola-y-espera/,La mujer que está sola y espera,Victoria Villarruel,Juan Luis González,2024-03-28 11:51:00,Política y Economía,Crónica,['Política y Economía'],2140
3045,195310,https://www.revistaanfibia.com/es-posible-una-democracia-liberal-en-la-argentina/,¿Es posible una democracia liberal en la Argentina?,Historia de una relación sinuosa,Leandro Losada,2024-04-03 12:53:16,Política y Economía,Ensayo,['Política y Economía'],2005
3046,194852,https://www.revistaanfibia.com/dar-clases-en-la-era-milei-cruzada-cultural-en-el-aula/,Dar clases en la era Milei,Seis puntos para evitar la cruzada cultural en el aula,Manuel Becerra; Inés Dussel,2024-04-04 09:46:00,Educación,Ensayo,['Educación'],3112
3047,195330,https://www.revistaanfibia.com/la-ciencia-al-borde-del-abismo-conicet/,"Science, bitch!",El sistema científico al borde del abismo,Diego Golombek,2024-04-04 14:20:04,Culturas; Política y Economía,Ensayo,"['Culturas', 'Política y Economía']",2065
3048,195343,https://www.revistaanfibia.com/menopausia-la-letra-chica-del-chip-sexual/,La letra chica del chip sexual,Menopausia,Mariana Carbajal,2024-04-05 10:03:20,Políticas de géneros,Crónica,['Políticas de géneros'],1063
3049,195373,https://www.revistaanfibia.com/gran-hermano-tucumano-la-movilidad-social-por-otros-medios/,La movilidad social por otros medios,Gran Hermano Tucumán,Exequiel Svetliza,2024-04-05 10:42:17,Culturas,,['Culturas'],2719
3050,195389,https://www.revistaanfibia.com/durmiendo-con-la-generala/,Durmiendo con la generala,Richardson-Milei: las nuevas relaciones carnales,Ernesto Picco,2024-04-05 16:00:48,Política y Economía,Crónica,['Política y Economía'],1663
3051,195418,https://www.revistaanfibia.com/la-otra-cara-de-la-moneda/,La otra cara de la moneda,¿La única solución es dolarizar?,Alexandre Roig,2024-04-08 14:54:31,Política y Economía,Ensayo,['Política y Economía'],1956
3052,195480,https://www.revistaanfibia.com/acercarnos-a-la-vida-alejarnos-de-los-miedos/,"Acercarnos a la vida, alejarnos de los miedos","Crisis climática, hiperobjetos y biopoéticas",Laura Pérez,2024-04-09 09:00:00,Ambiente; Tecnologías,Ensayo,"['Ambiente', 'Tecnologías']",2486
3053,195517,https://www.revistaanfibia.com/autenticos-decadentes-lenguaje-politico-milei-decadencia/,Auténticos decadentes,El lenguaje político del mileísmo,Nicolás Freibrun,2024-04-10 10:35:12,Política y Economía,Ensayo,['Política y Economía'],1949
3054,195537,https://www.revistaanfibia.com/glory-hole-un-dios-salvaje/,Un dios salvaje,Caso glory hole: cuatro preguntas y un marco teórico,María Mansilla,2024-04-10 15:48:18,Políticas de géneros,Crónica,['Políticas de géneros'],1347
3055,108799,https://www.revistaanfibia.com/tomar-en-serio-la-universidad/,Tomar en serio la universidad,#20AñosIDAES | Educación pública,Julieta Wanda Del Campo Castellano; Micaela Cuesta,2024-04-12 09:56:00,Educación,Ensayo,['Educación'],2636
3056,195556,https://www.revistaanfibia.com/creo-que-aun-tal-vez-piensas-en-mi/,Creo que aún tal vez piensas en mí,20 años de “Eterno resplandor de una mente sin recuerdos”,Julieta Greco,2024-04-12 13:30:37,Amor y sexo; Culturas,Ensayo,"['Amor y sexo', 'Culturas']",3404
3057,190730,https://www.revistaanfibia.com/la-vida-imposible-medio-oriente/,La vida imposible,Israel y Hamás en guerra,Mariela Cuadro,2024-04-14 12:11:00,Política y Economía,Ensayo,['Política y Economía'],2490
3058,195622,https://www.revistaanfibia.com/iran-israel-enemigos-intimos/,Enemigos íntimos,El ataque de Irán a Israel,Ignacio Rullansky,2024-04-15 12:31:23,Política y Economía,Ensayo,['Política y Economía'],2486
3059,195661,https://www.revistaanfibia.com/medio-oriente-vivir-en-guerra/,Vivir en guerra,El ataque de Irán a Israel,Mariela Cuadro,2024-04-16 09:41:48,Política y Economía,Ensayo,['Política y Economía'],1488
3060,186543,https://www.revistaanfibia.com/primeras-generaciones-universitarias/,El lugar donde todo comienza,Primeras generaciones universitarias,Lucía Álvarez,2024-04-17 09:23:00,Educación,Crónica,['Educación'],1924
3061,195705,https://www.revistaanfibia.com/bajo-liberalismo-en-sangre/,Bajo liberalismo en sangre,La biblioteca libertaria,Cecilia Abdo Ferez,2024-04-18 11:33:12,Política y Economía,Ensayo,['Política y Economía'],3263
3062,195732,https://www.revistaanfibia.com/dinosaurios-vivos-aguilas-coronadas/,Dinosaurios vivos,Rescate de águilas en peligro de extinción,Nicolás Baintrub,2024-04-19 09:29:32,Ambiente,Crónica,['Ambiente'],905
3063,195798,https://www.revistaanfibia.com/las-ideas-crecen-mejor-al-pisarlas/,Las ideas crecen mejor al pisarlas,El arte de copiar y la era digital,Fagner Pavan,2024-04-24 11:38:39,Culturas,Ensayo,['Culturas'],1408
3064,195815,https://www.revistaanfibia.com/la-furia-de-artemisa-juliana-scaglione/,La Furia de Artemisa,Un perfil de Juliana Scaglione,Gabriel Orqueda,2024-04-24 12:01:55,Culturas,Ensayo,['Culturas'],2916
3065,191935,https://www.revistaanfibia.com/macri-pena-sin-pena-ni-olvido/,Sin Peña ni olvido,Mauricio y Marcos: el fin de una relación política,Juan Luis González,2024-04-25 11:12:00,Política y Economía,Crónica,['Política y Economía'],5950
3066,195834,https://www.revistaanfibia.com/feminismos-vs-casta-financiera/,Feminismos vs. casta financiera,Un límite para el totalitarismo de mercado,Verónica Gago; Luci Cavallero,2024-04-25 12:58:58,Política y Economía,Ensayo,['Política y Economía'],2706
3067,195847,https://www.revistaanfibia.com/apuestas-online-aulas-una-mas-y-no-jugamos-mas/,Una más y no jugamos más,Apuestas online en las aulas,Solana Camaño,2024-04-26 09:46:25,Educación,Crónica,['Educación'],3098
3068,195827,https://www.revistaanfibia.com/ludopatia-jugale-diez-lucas-al-liverpool/,Jugale diez lucas al Liverpool,Fragmento de “No va más”: Biografía de Cayetano,Mauro Libertella,2024-04-26 12:16:10,Culturas,Crónica,['Culturas'],2286
3069,190568,https://www.revistaanfibia.com/periodismo-performatico-en-busca-de-la-memoria-perdida/,En busca de la memoria perdida,Laboratorio de Periodismo Performático,Sol Titiunik,2024-04-29 10:24:00,Culturas,Ensayo,['Culturas'],2142
3070,195886,https://www.revistaanfibia.com/fingir-demencia/,Fingir demencia,La salud mental del presidente,Elian Chali,2024-04-29 11:27:08,Política y Economía; Salud,Ensayo,"['Política y Economía', 'Salud']",2642
3071,195899,https://www.revistaanfibia.com/empleo-privado-afuera/,"Empleo privado, ¡afuera!",El ajuste llegó a las pymes,Macarena Romero,2024-04-30 10:31:38,Política y Economía,Crónica,['Política y Economía'],1816
3072,395,https://www.revistaanfibia.com/paul-auster-riman-las-personas-los-objetos-y-los-hechos/,"Riman las personas, los objetos y los hechos",Honoris Causa a Paul Auster,Cristian Alarcón,2024-05-02 08:39:00,Culturas,Ensayo,['Culturas'],3063
3073,195917,https://www.revistaanfibia.com/murray-rothbard-este-es-tu-idolo/,¿Este es tu ídolo?,"Quién es Murray Rothbard, el gurú de Milei",Miriam Lewin; Horacio Lutzky,2024-05-02 09:32:58,Política y Economía,Ensayo,['Política y Economía'],2429
3074,195939,https://www.revistaanfibia.com/vida-en-las-ruinas-capitalistas/,Vida en las ruinas capitalistas,"Fragmento de ""Los hongos del fin del mundo""",Anna Lowenhaupt Tsing,2024-05-03 10:13:46,Culturas; Política y Economía,Ensayo,"['Culturas', 'Política y Economía']",3434
3075,196005,https://www.revistaanfibia.com/cesar-luis-menotti/,El éxito es un abismo,La herencia del Flaco Menotti,Marcela Mora y Araujo,2024-05-06 14:27:03,Culturas,Crónica,['Culturas'],2373
3076,196021,https://www.revistaanfibia.com/la-patria-grande-se-devora-a-si-misma/,La Patria Grande se devora a sí misma,Nuevos liderazgos en América Latina,Esteban De Gori,2024-05-07 10:18:50,Política y Economía,Ensayo,['Política y Economía'],2662
3077,196052,https://www.revistaanfibia.com/paro-general-combativos-y-dialoguistas-unios/,"¡Combativos y dialoguistas, uníos!",La CGT en la era Milei,Jorge Duarte,2024-05-08 10:34:36,Política y Economía,Ensayo,['Política y Economía'],1887
3078,149565,https://www.revistaanfibia.com/las-chivas-expiatorias-los-males-mundo/,Las chivas expiatorias de los males del mundo,Madres,Esther Vivas,2024-05-10 10:23:00,Políticas de géneros,Ensayo,['Políticas de géneros'],1867
3079,196087,https://www.revistaanfibia.com/lesbicidio-barracas-hay-un-pais-pero-no-el-nuestro/,Hay un país (pero no el nuestro),El lesbicidio en Barracas y el odio como política de Estado,Sol Verónica Gui; Pablo Villarreal,2024-05-10 12:52:05,Políticas de géneros,Ensayo,['Políticas de géneros'],2503
3080,196113,https://www.revistaanfibia.com/luis-barrionuevo-el-forrest-gump-de-la-politica-argentina/,El Forrest Gump de la política argentina,Luis Barrionuevo,Gabriel Tuñez,2024-05-13 13:26:08,Política y Economía,Crónica,['Política y Economía'],5196
3081,196128,https://www.revistaanfibia.com/bebe-reno-contar-lo-siniestro/,Contar lo siniestro,Bebé reno,Lucas Martinelli,2024-05-14 10:32:57,Culturas,Ensayo,['Culturas'],1829
3082,196153,https://www.revistaanfibia.com/formas-de-hacerse-hombre/,Formas de hacerse hombre,¿Debe existir el servicio militar?,Roberto Herrscher,2024-05-15 15:29:19,Política y Economía,Crónica,['Política y Economía'],4115
3083,196159,https://www.revistaanfibia.com/ley-bases-como-conseguir-leyes/,Cómo conseguir leyes,Curso intensivo de rosca palaciega,Gabriela Vulcano,2024-05-16 12:17:21,Política y Economía,Crónica,['Política y Economía'],1812
3084,196082,https://www.revistaanfibia.com/todo-esta-por-terminar/,Todo está por terminar,"“MANIAC”, ficción científica",Walter Lezcano,2024-05-17 10:10:53,Culturas,Ensayo,['Culturas'],2031
3085,196174,https://www.revistaanfibia.com/viajar-en-tren-todos-tenemos-que-llegar-a-algun-lugar/,Todos tenemos que llegar a algún lugar,Viajar en tren,Jésica Rivero,2024-05-20 09:59:37,Política y Economía,Crónica,['Política y Economía'],2850
3086,196227,https://www.revistaanfibia.com/amistades-peligrosas-vox-la-libertad-avanza/,Amistades peligrosas,"Vox y La Libertad Avanza, a contramano",Julieta Waisgold; Iago Moreno,2024-05-21 12:29:19,Política y Economía,Ensayo,['Política y Economía'],2038
3087,196263,https://www.revistaanfibia.com/la-sociedad-en-punto-muerto/,La sociedad en punto muerto,"Cansancios, violencias, luchas, aguantes",Ignacio Gago; Leandro Barttolotta,2024-05-23 09:47:55,Política y Economía,Ensayo,['Política y Economía'],3740
3088,196297,https://www.revistaanfibia.com/un-25-entre-cordobesistas-pitucos-culiadazos-y-gente-de-bien/,"Un 25 entre cordobesistas, pitucos, culiadazos y gente de bien",Milei en Córdoba,Dante Leguizamón,2024-05-25 18:24:32,Política y Economía,Ensayo,['Política y Economía'],2669
3089,196323,https://www.revistaanfibia.com/tiza-y-cachiporra-protestas-en-misiones/,Tiza y cachiporra,La encrucijada misionera,Sergio Alvez,2024-05-27 13:11:19,Política y Economía,Crónica,['Política y Economía'],3088
3090,196331,https://www.revistaanfibia.com/la-amabilidad-mas-alla-de-lo-semantico/,La amabilidad más allá de lo semántico,Archivos afectivos: mamá tiene esquizofrenia,Amanda Marton Ramaciotti,2024-05-28 09:34:00,Salud,Crónica,['Salud'],1616
3091,196394,https://www.revistaanfibia.com/rigi-ley-bases-regalos-para-los-grandes-crisis-para-el-resto/,"Regalos para los grandes, crisis para el resto",Dictamen favorable para la Ley Bases,Candelaria Botto,2024-05-30 09:47:15,Política y Economía,Ensayo,['Política y Economía'],2775
3092,196441,https://www.revistaanfibia.com/venceremos-norita/,"Venceremos, Norita",Con el pañuelo blanco en la cabeza y el verde en la muñeca,Virginia Giannoni,2024-05-30 22:53:48,Culturas; Política y Economía,Crónica,"['Culturas', 'Política y Economía']",2189
3093,196471,https://www.revistaanfibia.com/directo-a-los-ojos/,Directo a los ojos,Challengers: mirar como se mira lo imposible,Julieta Greco,2024-05-31 11:06:57,Culturas,Ensayo,['Culturas'],3135
3094,196502,https://www.revistaanfibia.com/la-pena-del-morfi-o-sea-digamos-diego-iglesias/,La pena del morfi,"O sea, digamos: 6 mil toneladas de alimentos sin repartir",Diego Iglesias,2024-06-01 07:00:00,Política y Economía,Ensayo,['Política y Economía'],1892
3095,196550,https://www.revistaanfibia.com/claudia-sheinbaum-la-hija-de-tlatelolco/,La hija de Tlatelolco,"Claudia Sheinbaum, la primera presidenta de México",Lucio Garriga Olmo,2024-06-03 07:13:45,Política y Economía,Crónica,['Política y Economía'],2874
3096,196600,https://www.revistaanfibia.com/donde-estan-los-varones/,¿Dónde están los varones?,A 9 años del primer Ni Una Menos,Natalia Arenas,2024-06-03 15:46:47,Políticas de géneros,Ensayo,['Políticas de géneros'],2758
3097,196243,https://www.revistaanfibia.com/como-se-construye-una-victima/,¿Cómo se construye una victima?,Denuncias públicas de abuso sexual,Carolina Schillagi,2024-06-04 10:13:46,Culturas,Ensayo,['Culturas'],2739
3098,196629,https://www.revistaanfibia.com/gaudio-coria-psicoanalisis-a-cielo-abierto/,Psicoanálisis a cielo abierto,Gaudio vs. Coria: a 20 años de la final de Roland Garros,Ezequiel Fernández Moores,2024-06-05 09:33:20,Culturas,Ensayo,['Culturas'],2204
3099,196668,https://www.revistaanfibia.com/la-literatura-si-la-vio/,La literatura sí la vio,Los tonos antinacionales de Milei,Gabriel Giorgi,2024-06-06 08:49:19,Culturas; Política y Economía,,"['Culturas', 'Política y Economía']",2760
3100,196682,https://www.revistaanfibia.com/el-mapa-de-medios-en-la-era-milei/,El mapa de medios en la era Milei,"Concentrado, convergente, inestable, precarizado",Martín Becerra; Guillermo Mastrini,2024-06-07 09:53:01,Política y Economía,Ensayo,['Política y Economía'],3899
3101,196737,https://www.revistaanfibia.com/el-topo-en-su-laberinto-o-sea-digamos-diego-iglesias/,El topo en su laberinto,"O sea, digamos: revés judicial y oposición en el Congreso",Diego Iglesias,2024-06-08 07:00:00,Política y Economía,Crónica,['Política y Economía'],1974
3102,194570,https://www.revistaanfibia.com/el-estado-del-hambre/,El estado del hambre,Emergencia alimentaria,Eleonor Faur,2024-06-10 09:00:00,Política y Economía,Ensayo,['Política y Economía'],4576
3103,196758,https://www.revistaanfibia.com/alcanza-el-lenguaje-ambiental-para-hacer-justicias/,¿Alcanza el lenguaje para hacer justicias?,"Chthuluceno, posthumanismo, microplásticos: ecología y modas",Sophie Chao; Alejandro Ponce de León,2024-06-10 11:43:32,Ambiente,Ensayo,['Ambiente'],2669
3104,196756,https://www.revistaanfibia.com/escrituras-de-la-rabia/,Escrituras de la rabia,Protestas en Cuba y la región,Hilda Landrove,2024-06-10 14:02:19,Política y Economía,Crónica,['Política y Economía'],1953
3105,196825,https://www.revistaanfibia.com/rigi-crimenes-del-futuro/,Crímenes del futuro,RIGI: impacto ambiental y nula visión estratégica,Leonardo E. Stanley,2024-06-11 12:15:12,Política y Economía,Ensayo,['Política y Economía'],1763
3106,196882,https://www.revistaanfibia.com/ley-bases-palo-y-a-la-bolsa/,Palo y a la bolsa,Ley Bases y represión,Ezequiel Ipar; Mariana Gené; Victoria Darraidou; Leonardo E. Stanley; Ezequiel Adamovsky,2024-06-13 10:37:21,Otras,Ensayo,['Otras'],1898
3107,196902,https://www.revistaanfibia.com/los-dias-afuera-lo-que-fuimos-ya-no-importa/,Lo que fuimos ya no importa,“Los días afuera” de Lola Arias,Alejandra Laera,2024-06-14 10:47:24,Culturas,Ensayo,['Culturas'],2172
3108,196932,https://www.revistaanfibia.com/la-casta-esta-de-rosca/,La casta está de rosca,"O sea, digamos: la cocina de las negociaciones por la Ley Bases",Diego Iglesias,2024-06-15 07:00:00,Política y Economía,Crónica,['Política y Economía'],2009
3109,196973,https://www.revistaanfibia.com/seis-dias-en-cana-detenidos-ley-bases/,Seis días en cana,Liberaron a detenidos por las protestas en el Congreso,Sebastián N. Ortega; Sol Verónica Gui,2024-06-19 11:49:04,Política y Economía,Crónica,['Política y Economía'],2682
3110,196981,https://www.revistaanfibia.com/tu-hijo-no-va-a-llegar-a-primera/,Tu hijo no va a llegar a Primera,El proletariado del fútbol,Solana Camaño,2024-06-20 07:00:00,Culturas,Crónica,['Culturas'],4002
3111,196935,https://www.revistaanfibia.com/donde-esta-jorge-macri/,¿Dónde está Jorge Macri?,La gestión del PRO en la Ciudad,Werner Pertot,2024-06-25 09:50:58,Política y Economía,Crónica,['Política y Economía'],2921
3112,174546,https://www.revistaanfibia.com/la-eterna-insistencia-de-dario-y-maxi/,La eterna insistencia de Darío y Maxi,La Masacre de Avellaneda,Santiago Mazzuchini,2024-06-26 01:44:00,Política y Economía,Ensayo,['Política y Economía'],2582
3113,197070,https://www.revistaanfibia.com/el-pais-de-los-ninos-perdidos/,El país de los niños perdidos,Caso Loan,Juan Manuel Laprovitta,2024-06-26 16:52:26,Política y Economía,Crónica,['Política y Economía'],2074
3114,197080,https://www.revistaanfibia.com/bolivia-golpe-de-efecto/,Golpe de efecto,La trama del levantamiento militar en Bolivia,Ramiro Parodi,2024-06-27 11:00:46,Política y Economía,Crónica,['Política y Economía'],1533
3115,197040,https://www.revistaanfibia.com/del-territorio-a-los-bots/,Del territorio a los bots,Cierre de Centros de Acceso a la Justicia,Sebastian Pereyra; Violeta Dikenstein,2024-06-28 08:04:20,Política y Economía,Ensayo,['Política y Economía'],2247
3116,197026,https://www.revistaanfibia.com/una-novela-que-delira-con-milei/,Una novela que delira con Milei,La ficción de Caparrós inspirada en la vida del Presidente,Sonia Budassi,2024-06-28 12:47:48,Culturas; Política y Economía,Ensayo,"['Culturas', 'Política y Economía']",2523
3117,197115,https://www.revistaanfibia.com/estocolmo-siempre-estuvo-lejos/,Estocolmo siempre estuvo lejos,"O sea, digamos: Milei y el Nobel",Diego Iglesias,2024-06-29 07:00:00,Política y Economía,Ensayo,['Política y Economía'],2368
3118,197129,https://www.revistaanfibia.com/que-queda-de-peron/,¿Qué queda de Perón?,A 50 años de su partida,Darío Pulfer,2024-07-01 10:45:19,Política y Economía,Ensayo,['Política y Economía'],2434
3119,197204,https://www.revistaanfibia.com/en-esta-guerra-hacen-falta-gamers-ucrania/,En esta guerra hacen falta gamers,Mercenarios latinos en Ucrania,Santiago Torrado,2024-07-02 10:09:55,Política y Economía,Crónica,['Política y Economía'],2657
3120,197235,https://www.revistaanfibia.com/una-vida-tan-simulada-como-matrix/,Una vida tan simulada como Matrix,A 25 años del estreno de la película,Ernesto Garratt,2024-07-03 11:07:48,Culturas,Ensayo,['Culturas'],2224
3121,197258,https://www.revistaanfibia.com/la-pista-tiene-sus-reglas/,La pista tiene sus reglas,Hernán Cattaneo en Córdoba,Gala Décima Kozameh,2024-07-05 07:00:00,Culturas,Crónica,['Culturas'],2884
3122,196351,https://www.revistaanfibia.com/el-regreso-del-quetejedi-federico-sturzenegger/,El regreso del quetejedi,Federico Sturzenegger,Facundo Iglesia,2024-07-05 07:29:00,Política y Economía,Crónica,['Política y Economía'],5376
3123,197272,https://www.revistaanfibia.com/marcos-galperin-el-nino-mimado-del-estado/,El niño mimado del Estado,"O sea, digamos: Marcos Galperín",Diego Iglesias,2024-07-05 14:57:54,Política y Economía,Ensayo,['Política y Economía'],2402
3124,197281,https://www.revistaanfibia.com/sin-lugar-para-los-debiles/,Sin lugar para los débiles,Desguace del rostro social del Estado,Pilar Arcidiácono; Florencia Luci,2024-07-08 11:42:44,Política y Economía,Ensayo,['Política y Economía'],2291
3125,197299,https://www.revistaanfibia.com/domados-y-organizados-pacto-de-mayo/,Domados y organizados,"Milei, los gobernadores y el Pacto de Mayo",Ernesto Picco,2024-07-09 15:17:34,Política y Economía,Crónica,['Política y Economía'],2502
3126,197305,https://www.revistaanfibia.com/mark-fisher-todo-es-plata-y-ansiedad/,Todo es plata y ansiedad,Mark Fisher: Deseo poscapitalista,José Heinz,2024-07-10 10:38:38,Culturas; Política y Economía,Ensayo,"['Culturas', 'Política y Economía']",1894
3127,197330,https://www.revistaanfibia.com/prima-facie-violencia-contra-las-mujeres/,¿Pero vos le dijiste que no?,Prima facie: teatro sobre el consentimiento,Marina Mariasch,2024-07-11 09:54:23,Políticas de géneros,Ensayo,['Políticas de géneros'],2410
3128,197346,https://www.revistaanfibia.com/o-sea-digamos-el-extrano-mundo-de-javo-el-viajero/,El extraño mundo de Javo el viajero,"O sea, digamos: la política exterior argentina",Diego Iglesias,2024-07-12 14:25:01,Política y Economía,Ensayo,['Política y Economía'],2396
3129,183736,https://www.revistaanfibia.com/matias-manna-el-pibe-que-leia-el-grafico-como-si-fuera-la-biblia/,El pibe que leía El Gráfico como si fuera la Biblia,"Matías Manna, analista de la Scaloneta",Ariel Scher,2024-07-15 09:10:00,Culturas,Crónica,['Culturas'],3357
3130,197355,https://www.revistaanfibia.com/messi-di-maria-nos-habiamos-negado-a-la-belleza/,Nos habíamos negado a la belleza,El último baile de Messi y Di María juntos,Ignacio Fusco,2024-07-15 12:39:35,Culturas,Ensayo,['Culturas'],2828
3131,197371,https://www.revistaanfibia.com/atentado-amia-el-caso-infinito/,El caso infinito,A 30 años del atentado a la AMIA,Javier Sinay,2024-07-17 08:19:09,Política y Economía,Crónica,['Política y Economía'],4592
3132,197388,https://www.revistaanfibia.com/guillermo-francos-el-traductor-de-milei/,El traductor,Guillermo Francos,Gabriela Vulcano,2024-07-17 10:47:39,Política y Economía,Crónica,['Política y Economía'],2985
3133,197403,https://www.revistaanfibia.com/posguerra-moverse-igual-mientras-todo-aplasta/,"Moverse igual, mientras todo aplasta",Melisa Zulberti: diario de un proceso creativo,María Mansilla,2024-07-18 21:42:25,Culturas,Crónica,['Culturas'],3261
3134,197457,https://www.revistaanfibia.com/futbol-sad-sin-alma-deportiva-diego-iglesias-o-sea-digamos/,Fútbol SAD: sin alma deportiva,"O sea, digamos: el gobierno contra el fútbol",Diego Iglesias,2024-07-19 14:09:42,Política y Economía,Ensayo,['Política y Economía'],2509
3135,197469,https://www.revistaanfibia.com/revivir-a-los-muertos/,Revivir a los muertos,Tecnologías del duelo,Laura Marajofsky,2024-07-23 10:08:58,Culturas; Tecnologías,Ensayo,"['Culturas', 'Tecnologías']",2332
3136,149400,https://www.revistaanfibia.com/kamala-harris-la-jugada-para-recuperar-la-casa-blanca/,La jugada para recuperar la casa blanca,Kamala Harris,Sofía Cordero; Esteban De Gori,2024-07-23 10:30:00,Política y Economía,Ensayo,['Política y Economía'],2552
3137,197485,https://www.revistaanfibia.com/nahir-galarza-la-presa-infinita/,La presa infinita,Nahir Galarza y el giro punitivista del derecho penal,Olga Viglieca,2024-07-24 13:40:40,Culturas; Políticas de géneros,Ensayo,"['Culturas', 'Políticas de géneros']",3236
3138,197502,https://www.revistaanfibia.com/kamala-harris-pastillas-de-coco-para-enfrentar-a-trump/,Pastillas de coco para enfrentar a Trump,Elecciones en Estados Unidos,Jordana Timerman,2024-07-25 10:38:40,Política y Economía,Crónica,['Política y Economía'],2872
3139,197526,https://www.revistaanfibia.com/side-la-fiesta-de-los-espias-o-sea-digamos-diego-iglesias/,La fiesta de los espías,"O sea, digamos: una SIDE a medida de Milei",Diego Iglesias,2024-07-26 14:15:14,Política y Economía,Ensayo,['Política y Economía'],1654
3140,197557,https://www.revistaanfibia.com/venezuela-no-te-la-puedo-creer/,No te la puedo creer,Elecciones en Venezuela,Esteban De Gori,2024-07-29 12:13:09,Política y Economía,Ensayo,['Política y Economía'],2029
3141,197595,https://www.revistaanfibia.com/a-llorar-al-campito/,A llorar al campito,Retenciones y agronegocios en la era Milei,Carla Gras; Francisco Blason,2024-07-30 10:03:33,Política y Economía,Ensayo,['Política y Economía'],3267
3142,197529,https://www.revistaanfibia.com/roberto-jacoby-el-hombre-invisible-virus/,El hombre invisible,"Roberto Jacoby, el letrista de Virus",Imanol Subiela Salvo,2024-07-31 09:54:00,Culturas,Crónica,['Culturas'],3346
3143,197622,https://www.revistaanfibia.com/mujeres-trabajando-politizar-la-casa/,Mujeres trabajando,Organización colectiva para y desde la casa,Florencia Pacífico,2024-08-02 11:00:03,Política y Economía,Crónica,['Política y Economía'],2846
3144,197626,https://www.revistaanfibia.com/mauricio-macri-atrapado-en-libertad-o-sea-digamos-diego-iglesias/,Atrapado en libertad,"O sea, digamos: Macri y la reinvención del PRO",Diego Iglesias,2024-08-02 11:25:30,Política y Economía,Ensayo,['Política y Economía'],1990
3145,197644,https://www.revistaanfibia.com/milei-el-candidato-y-el-presidente-ernesto-tenembaum/,El candidato y el presidente,“Milei. Una historia del presente”,Ernesto Tenembaum,2024-08-05 09:23:57,Política y Economía,Crónica,['Política y Economía'],2807
3146,197708,https://www.revistaanfibia.com/alberto-fernandez-violencia-de-genero/,"No te insulto, te describo",¿Cómo procesar un presidente violento?,Leonardo Grosso,2024-08-07 08:33:12,Políticas de géneros,Ensayo,['Políticas de géneros'],926
3147,197728,https://www.revistaanfibia.com/imprenteros-que-es-una-familia/,¿Qué es una familia?,Galaxia Imprenteros,Mariana Mazover,2024-08-08 10:05:20,Culturas,Ensayo,['Culturas'],1911
3148,197789,https://www.revistaanfibia.com/juegos-olimpicos-virales-y-tiktokeros/,"Olímpicos, virales y tiktokeros",Atletas en París 2024,Nemesia Hijós; Juan Bautista Paiva,2024-08-09 10:53:25,Culturas; Política y Economía,Ensayo,"['Culturas', 'Política y Economía']",2235
3149,197811,https://www.revistaanfibia.com/a-naufragar-alberto-fernandez-o-sea-digamos-diego-iglesias/,A naufragar,"O sea, digamos: Alberto, la crisis moral y la desorientación política",Diego Iglesias,2024-08-09 15:38:16,Política y Economía,Ensayo,['Política y Economía'],1369
3150,197822,https://www.revistaanfibia.com/celular-en-el-aula-algoritmo-mata-pizarron/,Algoritmo mata pizarrón,El celular en la escuela,Mariano Caputo,2024-08-12 15:55:56,Culturas; Educación,Ensayo,"['Culturas', 'Educación']",3098
3151,197831,https://www.revistaanfibia.com/la-patria-metalurgica/,La patria metalúrgica,Renovación de la UOM,Matías Maito,2024-08-13 14:07:20,Política y Economía,Crónica,['Política y Economía'],2477
3152,197836,https://www.revistaanfibia.com/el-arca-de-milei-valeria-di-croce/,Todos los hombres (y mujeres) del presidente,El arca de Milei,Valeria Di Croce,2024-08-13 20:19:11,Política y Economía,Crónica,['Política y Economía'],3461
3153,197545,https://www.revistaanfibia.com/los-oficios-del-arte-digital/,Nerds digitales,Jóvenes y empleo,Julieta Agriano,2024-08-14 00:48:00,Tecnologías,Ensayo,['Tecnologías'],2051
3154,197860,https://www.revistaanfibia.com/peronismo-y-confusion-pensar-la-debacle/,Peronismo y confusión: pensar la debacle,Apuntes para el porvenir,Iara V. Faibstein,2024-08-16 15:59:24,Política y Economía,Ensayo,['Política y Economía'],2348
3155,197870,https://www.revistaanfibia.com/somos-los-piratas-futbol-libre-industria-audiovisual/,Somos los piratas,La industria audiovisual hackeada por Fútbol Libre,Martín Becerra,2024-08-20 07:30:00,Culturas,Ensayo,['Culturas'],1942
3156,197882,https://www.revistaanfibia.com/la-democracia-cruel-desquiciados-siglo-xxi/,La democracia cruel,"Desquiciados, compilado por Alejandro Grimson",Ezequiel Ipar,2024-08-21 07:30:00,Política y Economía,Ensayo,['Política y Economía'],3721
3157,197929,https://www.revistaanfibia.com/viva-la-libertad-de-excrecion-carajo-o-sea-digamos-diego-iglesias/,"¡Viva la libertad de excreción, carajo!","O sea, digamos: los agentes del caos y el futuro del debate público",Diego Iglesias,2024-08-23 15:10:48,Política y Economía,Ensayo,['Política y Economía'],2264
3158,197944,https://www.revistaanfibia.com/pullaro-mano-dura-y-radical/,Mano dura y radical,Pullaro se proyecta con sus avances en Santa Fe,Osvaldo Aguirre,2024-08-27 07:51:56,Política y Economía,Crónica,['Política y Economía'],4301
3159,197939,https://www.revistaanfibia.com/billetera-mata-ideologia-consejos-no-solicitados-sobre-politica-internacional/,Billetera mata ideología,"China, Estados Unidos y el nuevo orden no hegemónico",Juan Gabriel Tokatlian; Hinde Pomeraniec,2024-08-28 07:30:00,Política y Economía,Ensayo,['Política y Economía'],4998
3160,197979,https://www.revistaanfibia.com/de-que-familia-habla-senor-ministro/,"¿De qué familia habla, señor ministro?",Homofobia y transfobia en el gobierno,Florencia de la V,2024-08-28 12:32:35,Política y Economía; Políticas de géneros,Ensayo,"['Política y Economía', 'Políticas de géneros']",859
3161,198024,https://www.revistaanfibia.com/sin-los-patitos-en-fila/,Sin los patitos en fila,Radiografía de la interna libertaria,Déborah De Urieta,2024-08-29 11:25:29,Política y Economía,Crónica,['Política y Economía'],1440
3162,198049,https://www.revistaanfibia.com/german-kiczka-nazis-pedofilia-y-negocios-turbios-en-la-ciudad-de-las-flores/,"Nazis, pedofilia y negocios turbios en la ciudad de las flores",¿Qué esconde el caso del diputado Kizcka?,Sergio Alvez,2024-08-30 13:24:08,Política y Economía,Crónica,['Política y Economía'],3412
3163,198066,https://www.revistaanfibia.com/inteligencia-artificial-es-lo-que-ai/,Es lo que AI,El entrenador de Gemini,Martín Mazzini,2024-09-02 12:11:15,Tecnologías,Crónica,['Tecnologías'],2134
3164,197987,https://www.revistaanfibia.com/promesas-sobre-la-cama/,Promesas sobre la cama,Mercado del sexo y del amor en tiempos feministas,Karina Felitti; Mariana Palumbo,2024-09-03 09:14:16,Amor y sexo; Culturas,Ensayo,"['Amor y sexo', 'Culturas']",2049
3165,198095,https://www.revistaanfibia.com/la-ciudad-personaje-violento-y-bello/,"La ciudad, personaje violento y bello",Rosario y la literatura situada,Hagar Blau Makaroff,2024-09-04 09:40:42,Culturas,Crónica,['Culturas'],2504
3166,198105,https://www.revistaanfibia.com/pasivos-las-pelotas/,"¡Pasivos, las pelotas!",¿Por qué luchan los jubilados?,Camila Alfie,2024-09-05 12:35:17,Política y Economía,Crónica,['Política y Economía'],2288
3167,198132,https://www.revistaanfibia.com/universidades-desmantelamiento-en-cuotas-o-sea-digamos-diego-iglesias/,Desmantelamiento en cuotas,"O sea, digamos: el Gobierno vs. las universidades",Diego Iglesias,2024-09-06 14:31:35,Educación; Política y Economía,Ensayo,"['Educación', 'Política y Economía']",2040
3168,198152,https://www.revistaanfibia.com/para-quien-aguanto-yo-entonces/,¿Para quién aguanto yo entonces?,Desigualdad social y secuestro anímico,Diego Sztulwark,2024-09-09 12:41:53,Política y Economía,Ensayo,['Política y Economía'],1166
3169,197669,https://www.revistaanfibia.com/reactor-nuclear-carem-el-dia-que-apagaron-la-luz/,El día que apagaron la luz,El gobierno contra el sector nuclear y el CAREM-25,Diego Hurtado,2024-09-10 09:43:00,Ambiente,Ensayo,['Ambiente'],4521
3170,198285,https://www.revistaanfibia.com/el-amor-por-la-familia-militar/,El amor por la familia militar,Mapa de las organizaciones de la derecha revisionista,Analía Goldentul,2024-09-11 11:21:15,Política y Economía,Ensayo,['Política y Economía'],4957
3171,198346,https://www.revistaanfibia.com/amplifyd-a-i-el-arte-de-la-reciprocidad/,El arte de la reciprocidad,AMPLIFY D.A.I.: mujeres y disidencias en la cultura digital,María Mansilla,2024-09-13 10:57:21,Culturas,Crónica,['Culturas'],2911
3172,198432,https://www.revistaanfibia.com/el-otro-populismo/,El otro populismo,Más show que números en el Congreso,Lucía Vincent,2024-09-16 12:00:59,Política y Economía,Ensayo,['Política y Economía'],1529
3173,198558,https://www.revistaanfibia.com/venezuela-la-pesadilla-del-sueno-bolivariano/,La pesadilla del sueño bolivariano,Vivir en Venezuela,Joaquín Sánchez Mariño,2024-09-17 15:09:51,Política y Economía,Crónica,['Política y Economía'],4829
3174,198637,https://www.revistaanfibia.com/con-la-democracia-se-come/,¿Con la democracia se come?,La alimentación de los argentinos,Patricia Aguirre,2024-09-18 13:17:18,Política y Economía,Ensayo,['Política y Economía'],2231
3175,198735,https://www.revistaanfibia.com/amplify-artes-digitales-y-feminismos/,Las artes digitales después del feminismo,AMPLIFY D.A.I.: estrategias para la paridad,Marina Cimerilli; María Mansilla,2024-09-19 09:31:22,Culturas,Crónica,['Culturas'],3156
3176,198799,https://www.revistaanfibia.com/y-si-sale-mal-datos-empleo-indec/,¿Y si sale mal?,El mundo del trabajo en la era Milei,Julián Hofele; Poli Sabatés,2024-09-20 11:37:28,Política y Economía,Ensayo,['Política y Economía'],2442
3177,198816,https://www.revistaanfibia.com/opus-dei-santificados-sean-tus-bienes/,Santificados sean tus bienes,"Te serviré, un libro sobre el Opus Dei",Paula Bistagnino,2024-09-23 12:00:46,Culturas,,['Culturas'],1942
3178,198833,https://www.revistaanfibia.com/el-fantasma-rojo-que-acecha-a-milei/,El fantasma rojo que acecha a Milei,La larga vida del anticomunismo argentino,Ernesto Bohoslavsky; Marina Franco,2024-09-24 09:42:43,Política y Economía,Ensayo,['Política y Economía'],1846
3179,198934,https://www.revistaanfibia.com/los-venidos-al-fuego-incendios-en-cordoba/,Los venidos al fuego,Incendios en las sierras cordobesas,Laura Hintze,2024-09-25 15:55:57,Ambiente,Crónica,['Ambiente'],2370
3180,198943,https://www.revistaanfibia.com/literatura-extrana-latinoamericana-si-la-defino-la-limito/,"Si la defino, la limito",Literatura extraña latinoamericana,Andrés Arroyave Zapata,2024-09-26 11:09:59,Culturas,Ensayo,['Culturas'],2519
3181,199005,https://www.revistaanfibia.com/pobres-criaturas-universidades-desmantelamiento-en-cuotas-o-sea-digamos-diego-iglesias/,Pobres criaturas,"O sea, digamos: se acelera la distopía mileista",Diego Iglesias,2024-09-27 14:59:33,Política y Economía,Ensayo,['Política y Economía'],1995
3182,199099,https://www.revistaanfibia.com/javier-milei-obsesionado-con-el-culo/,Abrir el culo,Un análisis descarnado de la obsesión del presidente Milei,Adrián Melo,2024-09-30 13:17:06,Amor y sexo,Ensayo,['Amor y sexo'],4102
3183,199126,https://www.revistaanfibia.com/envidia-mon-amour-diez-apuntes-sobre-envidiosa-netflix/,"Envidia, mon amour",Diez apuntes sobre nuestro pecado capital,Florencia Angilletta,2024-10-01 10:20:44,Culturas,Ensayo,['Culturas'],1687
3184,199160,https://www.revistaanfibia.com/marcha-universitaria-el-lugar-donde-se-proyectan-los-suenos/,El lugar donde se proyectan los sueños,Movilización en defensa de la universidad pública,Victoria Gessaghi; Pedro Greco; Sebastián N. Ortega; Ernesto Picco; Alejandra Torrijos; Julieta Greco; Natalia Arenas,2024-10-03 00:04:45,Educación; Política y Economía,Crónica,"['Educación', 'Política y Economía']",4603
3185,199179,https://www.revistaanfibia.com/el-termometro-brasileno-lula-marcal-elecciones-san-pablo/,El termómetro brasileño,Elecciones municipales: el futuro de Lula y la irrupción de un outsider,Juan Manuel Karg,2024-10-04 09:37:37,Política y Economía,Ensayo,['Política y Economía'],2714
3186,199174,https://www.revistaanfibia.com/maxima-la-realidad-o-la-realeza-de-una-serie/,La realidad o la realeza de una serie,Máxima,Tali Goldman; Mariana Levy,2024-10-05 08:00:00,Culturas; Política y Economía,Ensayo,"['Culturas', 'Política y Economía']",2582
3187,199313,https://www.revistaanfibia.com/quien-le-teme-a-fernanda-mino/,¿Quién le teme a Fernanda Miño?,Todas las vidas de una villera,Jésica Rivero,2024-10-09 13:23:09,Política y Economía,Crónica,['Política y Economía'],4243
3188,199303,https://www.revistaanfibia.com/carnaval-toda-la-vida-la-fiesta-de-los-negros/,Carnaval toda la vida,"""La fiesta de los negros"", de Ezequiel Adamovsky",Ezequiel Adamovsky,2024-10-10 16:21:47,Culturas,Ensayo,['Culturas'],3600
3189,199354,https://www.revistaanfibia.com/una-ilusion-en-el-pais-de-la-crueldad/,Una ilusión en el país de la crueldad,Encuentro Plurinacional en Jujuy,Camila Alfie,2024-10-14 13:36:37,Políticas de géneros,Crónica,['Políticas de géneros'],2997
3190,199309,https://www.revistaanfibia.com/anses-la-billetera-y-el-cerebro-del-estado/,La billetera y el cerebro del Estado,¿Cómo funciona la Ansés?,Pilar Arcidiácono; Luisina Perelmiter,2024-10-14 14:49:34,Política y Economía,Ensayo,['Política y Economía'],2002
3191,199361,https://www.revistaanfibia.com/masculinidades-es-de-hombre/,Es de hombre,Nuevas masculinidades,Jésica Rivero,2024-10-15 09:20:05,Políticas de géneros,Crónica,['Políticas de géneros'],1650
3192,199368,https://www.revistaanfibia.com/el-jockey-viva-la-libertad/,Viva la libertad,El Jockey,Julieta Greco,2024-10-15 10:06:55,Culturas,Ensayo,['Culturas'],2721
3193,199425,https://www.revistaanfibia.com/rainbowex-san-pedro-pueblo-chico-estafa-grande/,"Pueblo chico, estafa grande",RainbowEx en San Pedro,Facundo Iglesia,2024-10-16 13:12:51,Política y Economía,Crónica,['Política y Economía'],2744
3194,199470,https://www.revistaanfibia.com/movimiento-estudiantil-hasta-donde-llega-esta-manga-de-zurdos/,¿Hasta dónde llega esta manga de zurdos?,Se despertó el movimiento estudiantil,Marina Larrondo; Guadalupe A. Seia,2024-10-17 14:42:36,Educación; Política y Economía,Ensayo,"['Educación', 'Política y Economía']",2790
3195,199516,https://www.revistaanfibia.com/jefa-o-aliada-interna-peronista-o-sea-digamos-diego-iglesias/,Jefa o aliada,"O sea, digamos: Cristina, Axel y el futuro del PJ",Diego Iglesias,2024-10-18 15:19:55,Política y Economía,Ensayo,['Política y Economía'],1969
3196,199525,https://www.revistaanfibia.com/iconos-argentinos-tu-cara-me-suena/,Tu cara me suena,"Sobre “Íconos argentinos”, de Laura Malosetti Costa",Martín Kohan,2024-10-21 12:40:08,Culturas,Ensayo,['Culturas'],747
3197,159010,https://www.revistaanfibia.com/charly-garcia-algunas-huellas-ya-son-la-piel/,Algunas huellas ya son la piel,Charly García cumple,Julieta Greco; Pedro Greco,2024-10-23 12:00:00,Culturas,Ensayo,['Culturas'],3560
3198,199623,https://www.revistaanfibia.com/villa-diamante-dj-que-piensa-el-dj-de-mi-baile/,Qué piensa el DJ mientras bailás,"""La pista es mi laboratorio""",Villa Diamante,2024-10-25 07:18:31,Otras,Ensayo,['Otras'],1775
3199,199613,https://www.revistaanfibia.com/pobres-estudiantes-universidad-publica/,Pobres estudiantes,Estudiar en la universidad pública: entre el esfuerzo y el mérito,Solana Camaño,2024-10-25 09:48:00,Educación; Política y Economía,Crónica,"['Educación', 'Política y Economía']",2472
3200,199729,https://www.revistaanfibia.com/mi-vida-diagnosticada-por-otros/,Mi vida diagnosticada por otros,"Curvaturas, el dolor nunca tuerce el deseo",Julia Risso Villani,2024-10-28 11:06:33,Culturas,Crónica,['Culturas'],2257
3201,199634,https://www.revistaanfibia.com/bohemian-groove-modelo-ricotero-siglo-xxi/,Un modelo ricotero para el siglo XXI,"Bohemian Groove, el sello discográfico de Dillom",Romina Zanellato,2024-10-29 14:54:37,Culturas,Ensayo,['Culturas'],2545
3202,199771,https://www.revistaanfibia.com/beca-cronica-el-sosten-de-las-redes-feministas/,El sostén de las redes feministas,Beca Crónica en México,Daniela Sánchez,2024-10-31 09:48:23,Políticas de géneros,Crónica,['Políticas de géneros'],2384
3203,199787,https://www.revistaanfibia.com/el-paraiso-de-milei-sin-lugar-para-mandriles/,Sin lugar para mandriles,"O sea, digamos: el paraiso de Milei",Diego Iglesias,2024-11-01 14:37:19,Política y Economía,Ensayo,['Política y Economía'],1600
3204,199794,https://www.revistaanfibia.com/marcha-del-orgullo-la-marcha-de-las-luciernagas/,La marcha de las luciérnagas,Orgullo 2024,Duen Nekahen Sacchi,2024-11-01 15:20:00,Políticas de géneros,Crónica,['Políticas de géneros'],2467
3205,199816,https://www.revistaanfibia.com/el-sueno-americano-ya-no-existe/,El sueño americano ya no existe,Elecciones en EE.UU.,Enzo Girardi,2024-11-05 08:00:00,Política y Economía,Ensayo,['Política y Economía'],2231
3206,199832,https://www.revistaanfibia.com/como-pudimos-creer-que-ganaria-kamala-posdemocracia-prejuicio-y-politica/,¿Cómo pudimos creer que ganaría Kamala?,Anatomía de la crisis de la democracia,Micaela Cuesta; Lucía Wegelin,2024-11-06 12:33:59,Política y Economía,Ensayo,['Política y Economía'],3307
3207,199886,https://www.revistaanfibia.com/las-aguas-bajan-turbias-dana-inundaciones-espana-batalla-cultural/,Las aguas bajan turbias,La DANA revive la batalla cultural española,Pablo Ariel Cabás,2024-11-08 14:23:11,Ambiente; Política y Economía,Ensayo,"['Ambiente', 'Política y Economía']",4881
3208,199899,https://www.revistaanfibia.com/este-es-el-aguante/,Este es el aguante,"Ajuste, implosión social e intranquilidad popular",Ignacio Gago; Leandro Barttolotta,2024-11-11 09:52:49,Política y Economía,Ensayo,['Política y Economía'],1535
3209,199922,https://www.revistaanfibia.com/politica-exterior-argentina-y-el-mundo-una-sombra-ya-pronto-seras/,¿Una sombra ya pronto serás?,Argentina y la desautonomización,Juan Gabriel Tokatlian; Bernabé Malacalza,2024-11-11 15:44:11,Política y Economía,,['Política y Economía'],3403
3210,199981,https://www.revistaanfibia.com/la-habitacion-de-al-lado-estar-dispuesto-a-morir-es-extraordinario/,Estar dispuesto a morir es extraordinario,La habitación de al lado,Julieta Greco,2024-11-13 11:51:58,Culturas,Ensayo,['Culturas'],3473
3211,200043,https://www.revistaanfibia.com/asesinato-pillin-bracamonte-la-caida-del-gigante-de-arroyito/,La caída del gigante de Arroyito,Un perfil de Pillín Bracamonte,Osvaldo Aguirre,2024-11-13 21:16:56,Política y Economía,Crónica,['Política y Economía'],4002
3212,200063,https://www.revistaanfibia.com/museo-del-beso-chape-chupon-besos-y-piquitos/,"Chape, chupón, besos y piquitos",El arte de besar desde la antigüedad a la era digital,Matias Moscardi; Andrés Gallina,2024-11-15 11:16:19,Amor y sexo; Culturas,Ensayo,"['Amor y sexo', 'Culturas']",2312
3213,200192,https://www.revistaanfibia.com/salir-de-la-melancolia-la-reorganizacion-del-peronismo/,Salir de la melancolía,La reorganización del PJ y el futuro de la oposición,Federico Vázquez,2024-11-19 12:34:37,Política y Economía,Ensayo,['Política y Economía'],3065
3214,200216,https://www.revistaanfibia.com/impuesto-a-los-ricos-poniendo-estaba-la-casta/,Poniendo estaba la casta,El G20 impulsa un impuesto a los superricos,Agustina Paz Frontera,2024-11-20 13:44:55,Política y Economía,Ensayo,['Política y Economía'],2588
3215,200276,https://www.revistaanfibia.com/cometierra-la-pija-molesta/,La pija molesta,Caza de brujas a la literatura,Gabriela Saidon,2024-11-21 11:31:48,Políticas de géneros,Ensayo,['Políticas de géneros'],2443
3216,200284,https://www.revistaanfibia.com/una-republica-de-fueguitos/,Una república de fueguitos,Experiencias feministas que resisten,Jésica Rivero,2024-11-21 14:30:47,Políticas de géneros,Crónica,['Políticas de géneros'],3421
3217,200288,https://www.revistaanfibia.com/elecciones-uruguay-viajando-por-un-sueno/,Viajando por un sueño,Victoria del Frente Amplio en Uruguay,Laura Malosetti Costa,2024-11-25 15:37:31,Política y Economía,Crónica,['Política y Economía'],1174
3218,200378,https://www.revistaanfibia.com/rayo-polarizador/,Rayo polarizador,"Antipluralismo, violencia y deshumanización",Maristella Svampa,2024-11-28 11:42:28,Política y Economía,Ensayo,['Política y Economía'],2095
3219,200475,https://www.revistaanfibia.com/cohetes-en-la-selva/,Cohetes en la selva,El último rincón de Sudamérica: Guayana Francesa,Ernesto Picco,2024-11-29 15:27:08,Culturas; Política y Economía,Crónica,"['Culturas', 'Política y Economía']",5739
3220,200564,https://www.revistaanfibia.com/wanda-la-que-no-necesita-nara/,"Wanda, la que no necesita Nara",El hecho bendito del país chimentero,Juan Stanisci,2024-12-02 13:46:24,Culturas,Ensayo,['Culturas'],1549
3221,200576,https://www.revistaanfibia.com/autismo-como-me-vinculo-con-mi-sobrino/,Cómo me vinculo con mi sobrino,Trastorno del Espectro Autista,Luciana Mantero,2024-12-03 11:18:55,Salud,Crónica,['Salud'],3535
3222,200580,https://www.revistaanfibia.com/el-profeta-del-odio-nicolas-marquez/,El profeta del odio,Perfil de Nicolás Márquez,Osvaldo Aguirre,2024-12-04 09:42:33,Política y Economía,Crónica,['Política y Economía'],4867
3223,195563,https://www.revistaanfibia.com/killer-karina-milei/,Killer Karina,El Jefe: la hermana presidencial,Juan Luis González,2024-12-05 10:00:00,Política y Economía,Crónica,['Política y Economía'],1373
3224,194411,https://www.revistaanfibia.com/milei-una-sociedad-estresada/,Una sociedad estresada,La estrategia de Milei,Alejandro Grimson,2024-12-05 10:30:00,Política y Economía,Ensayo,['Política y Economía'],2173
3225,200605,https://www.revistaanfibia.com/la-tactica-del-bait/,La táctica del bait,Arancelamiento universitario para extranjeros,Micaela Cuesta; Sol Verónica Gui,2024-12-05 11:23:47,Culturas; Política y Economía,Ensayo,"['Culturas', 'Política y Economía']",1542
3226,200625,https://www.revistaanfibia.com/reimaginar-lo-comun/,La revolución de las pequeñas cosas,"Universidad, territorio y ecología de saberes",Macarena Romero,2024-12-05 14:58:49,Educación,Ensayo,['Educación'],3947
3227,200641,https://www.revistaanfibia.com/milei-cristina-la-estrategia-de-la-serpiente-o-sea-digamos-diego-iglesias/,La estrategia de la serpiente,"O sea, digamos: Juego de roles entre Milei, Macri, Cristina",Diego Iglesias,2024-12-06 14:20:01,Política y Economía,Ensayo,['Política y Economía'],1890
3228,200658,https://www.revistaanfibia.com/aniversario-milei-que-tienen-los-leones-en-el-corazon/,Qué tienen los leones en el corazón,Primer año de Milei,Mariana Gené; Gabriel Kessler; Gabriel Vommaro,2024-12-10 10:11:33,Política y Economía,Ensayo,['Política y Economía'],3411
3229,200710,https://www.revistaanfibia.com/ruido-de-mate-paro-de-productores-de-yerba/,Ruido de mate,Paro de productores yerbateros,Sergio Alvez,2024-12-11 08:55:24,Política y Economía,Crónica,['Política y Economía'],3491
3230,200819,https://www.revistaanfibia.com/que-se-puede-hacer-salvo-hablar-de-plata/,¿Qué se puede hacer salvo hablar de plata?,La conversación social sobre el dinero,Mariana Luzzi,2024-12-12 10:53:20,Política y Economía,Ensayo,['Política y Economía'],2151
3231,200963,https://www.revistaanfibia.com/surinam-oro-en-el-barro/,Oro en el barro,El último rincón de Sudamérica: Surinam,Ernesto Picco,2024-12-13 13:36:26,Culturas,Crónica,['Culturas'],4863
3232,201125,https://www.revistaanfibia.com/instrucciones-para-atravesar-un-campo-minado/,Instrucciones para atravesar un campo minado,¿Para qué sirven las ciencias sociales en la Argentina?,Raquel San Martín,2024-12-17 10:34:01,Culturas; Política y Economía,Ensayo,"['Culturas', 'Política y Economía']",2252
3233,201150,https://www.revistaanfibia.com/beatriz-sarlo-la-mujer-que-nos-enseno-a-leer-el-siglo-veinte/,La mujer que nos enseñó a leer el siglo veinte,El legado de Beatriz Sarlo,Alejandra Laera,2024-12-17 16:06:33,Culturas,Ensayo,['Culturas'],1790
3234,201170,https://www.revistaanfibia.com/beatriz-sarlo-amar-odiarla/,Amar odiarla,"Beatriz Sarlo, entre la literatura y la política",Adriano Peirone,2024-12-18 12:12:35,Culturas; Política y Economía,Ensayo,"['Culturas', 'Política y Economía']",2026
3235,201296,https://www.revistaanfibia.com/otono-uriarte-femicidio-dolores-reyes-cometierra/,A la invencible memoria de Otoño Uriarte,Un femicidio que busca verdad,Dolores Reyes,2024-12-19 13:15:06,Políticas de géneros,Crónica,['Políticas de géneros'],2284
3236,201288,https://www.revistaanfibia.com/tenemos-fe-en-vos-comunidad-anfibia/,Tenemos fe en vos,¿Por qué una Comunidad Anfibia?,Cristian Alarcón,2024-12-19 14:53:30,Otras,Ensayo,['Otras'],822
3237,201435,https://www.revistaanfibia.com/cien-anos-de-soledad-la-imaginacion-al-poder/,La imaginación al poder,Cien años de soledad,Julieta Greco,2024-12-23 11:20:58,Culturas,Ensayo,['Culturas'],3012
3238,201462,https://www.revistaanfibia.com/mala-leche-soledad-barruti-ratones-azucar-y-pasta-base/,"Ratones, azúcar y pasta base","Siglo XXI reeditó “Mala leche”, de Soledad Barruti",Soledad Barruti,2024-12-26 09:18:58,Salud,Crónica,['Salud'],4323
3239,201479,https://www.revistaanfibia.com/guyana-petroleo-en-los-corazones/,Petróleo en los corazones,El último rincón de Sudamérica: Guyana,Ernesto Picco,2024-12-27 10:25:04,Política y Economía,Crónica,['Política y Economía'],5621
3240,201532,https://www.revistaanfibia.com/la-segunda-vida-de-cromanon/,La segunda vida de Cromañón,A veinte años de la masacre,Diego Zenobi,2024-12-30 10:16:36,Culturas,Ensayo,['Culturas'],3126
3241,201603,https://www.revistaanfibia.com/coppola-scorsese-moretti-viejos-irreverentes/,Viejos irreverentes,"Scorsese, Moretti y Coppola contra la lógica del mercado",Ofelia Meza,2025-01-02 12:22:52,Culturas,Ensayo,['Culturas'],1948
3242,201661,https://www.revistaanfibia.com/cierre-del-conti-no-merecemos-el-espanto/,No merecemos el espanto,El cierre del Centro Cultural de la Memoria Haroldo Conti,Mag De Santo,2025-01-03 15:27:44,Culturas,Crónica,['Culturas'],1550
3243,201679,https://www.revistaanfibia.com/nahuel-gallo-venezuela-un-prisionero-util/,Un prisionero útil,Cómo fue el secuestro del gendarme argentino Nahuel Gallo,Ernesto Picco; Ronna Rísquez,2025-01-07 14:35:00,Política y Economía,Crónica,['Política y Economía'],3774
3244,201696,https://www.revistaanfibia.com/futuros-de-la-desmaterializacion-a-la-desimaginacion/,De la desmaterialización a la desimaginación,¿Quién más quiere un futuro erótico?,Hernán Borisonik,2025-01-08 09:40:27,Política y Economía,Ensayo,['Política y Economía'],4687
3245,201719,https://www.revistaanfibia.com/mark-zuckerberg-elon-musk-la-privatizacion-del-discurso-publico/,Zuckermusk: la privatización del discurso público,Nueva era en las redes sociales,Iván Schuliaquer,2025-01-09 11:43:04,Tecnologías,Ensayo,['Tecnologías'],2013
3246,201750,https://www.revistaanfibia.com/plan-nuclear-argentino-a-darle-atomos/,¡A darle átomos!,El Plan Nuclear Argentino y sus encrucijadas,Agustín Piaz; Ana Spivak L’Hoste,2025-01-14 15:35:33,Política y Economía,Ensayo,['Política y Economía'],3135
3247,201757,https://www.revistaanfibia.com/ecofeminismo-por-rios-con-agua-el-delta-y-su-marea-verde/,Por ríos con agua: el Delta y su marea verde,Ecofeminismo y humedales,Viviana Lorente; Sonia Tessa,2025-01-15 15:07:16,Otras,Crónica,['Otras'],4837
3248,201812,https://www.revistaanfibia.com/descenso-de-natalidad-hijitos-de-cuatro-patas/,Hijitos de cuatro patas,"Más perros, menos bebés",Juan Stanisci,2025-01-17 10:35:46,Culturas,Ensayo,['Culturas'],2229
3249,201841,https://www.revistaanfibia.com/el-artista-del-inconsciente-david-lynch-fito-paez/,El artista del inconsciente,David Lynch,Fito Páez,2025-01-17 14:36:58,Culturas,Ensayo,['Culturas'],809
3250,199853,https://www.revistaanfibia.com/trump-inoxidable/,Inoxidable,La asunción de Trump,Silvio Waisbord,2025-01-20 09:30:00,Política y Economía,Ensayo,['Política y Economía'],1500
3251,202006,https://www.revistaanfibia.com/el-tsunami-trump/,El tsunami Trump,"Soberanismo, superioridad tecnológica y retórica imperial",Enzo Girardi,2025-01-22 12:18:51,Política y Economía,Ensayo,['Política y Economía'],3091
3252,202036,https://www.revistaanfibia.com/el-ultimo-acto-del-payaso-polilla/,El último acto del payaso Polilla,¿Cómo es la vida en el circo?,Exequiel Svetliza,2025-01-24 10:00:46,Culturas,Crónica,['Culturas'],4083
3253,202025,https://www.revistaanfibia.com/quien-te-va-a-cuidar-empresas-medicina-prepaga-luigi-mangione/,¿Quién te va a cuidar?,Empresas de medicina prepaga,Anahí Sy; María José Luzuriaga,2025-01-27 11:05:00,Salud,Ensayo,['Salud'],3594
3254,202072,https://www.revistaanfibia.com/javier-milei-davos-un-estado-pedofilo/,Un estado pedófilo,La dimensión política del abuso,Verónica Gago; Luci Cavallero; Nahuel Puyaps,2025-01-27 15:18:15,Políticas de géneros,Ensayo,['Políticas de géneros'],2437
3255,202077,https://www.revistaanfibia.com/marcha-antifascista-elogio-de-la-accion-directa/,Elogio de la acción directa,Marcha Federal del Orgullo Antifascista y Antirracista,Flavio Rapisardi,2025-01-28 14:32:08,Políticas de géneros,Ensayo,['Políticas de géneros'],1680
3256,202091,https://www.revistaanfibia.com/cuidado-con-esta-democracia-discursos-de-incivilidad/,Cuidado con esta democracia,Los discursos de incivilidad,Mario Riorda,2025-01-29 10:58:39,Política y Economía,Ensayo,['Política y Economía'],1785
3257,202115,https://www.revistaanfibia.com/marchar-a-contramano/,Marchar a contramano,Orgullo Antifascista Antirracista LGTBIQNB+,Nicolás Cuello; Silvio Lang,2025-01-31 15:05:56,Política y Economía; Políticas de géneros,Ensayo,"['Política y Economía', 'Políticas de géneros']",1703
3258,202125,https://www.revistaanfibia.com/loco-no-te-sobra-una-moneda/,"Loco, ¿no te sobra una moneda?",Sociedades Anónimas Deportivas,Diego “Chavo” Fucks,2025-02-03 11:45:54,Culturas; Política y Economía,Ensayo,"['Culturas', 'Política y Economía']",5765
3259,202137,https://www.revistaanfibia.com/las-big-tech-salen-del-closet/,Las Big tech salen del closet,La alianza entre los magnates de Silicon Valley y la extrema derecha,Martín Becerra,2025-02-04 13:32:12,Política y Economía; Tecnologías,Ensayo,"['Política y Economía', 'Tecnologías']",2552
3260,202146,https://www.revistaanfibia.com/cenizas-del-paraiso/,Cenizas del paraíso,Incendios en la Patagonia,Francisco Huisman; Camila Vautier,2025-02-05 14:45:27,Ambiente; Política y Economía,Crónica,"['Ambiente', 'Política y Economía']",2977
3261,202191,https://www.revistaanfibia.com/inversores-e-invertides/,Inversores e invertides,Lo que nos deja pensar la marcha del 1F,Duen Nekahen Sacchi,2025-02-06 15:20:30,Políticas de géneros,Ensayo,['Políticas de géneros'],2385
3262,202168,https://www.revistaanfibia.com/preciosas-mayusculas-raros-cronistas-nuevos/,Raros cronistas nuevos,"Preciosas mayúsculas, compilado por Julián Gorodischer",Julián Gorodischer,2025-02-07 09:29:47,Culturas,Crónica,['Culturas'],2696
3263,202223,https://www.revistaanfibia.com/javier-milei-el-agitador/,El agitador,Milei y la mecánica del odio,Micaela Cuesta,2025-02-11 12:03:21,Políticas de géneros,Ensayo,['Políticas de géneros'],1592
3264,202297,https://www.revistaanfibia.com/inseguridad-ni-mano-dura-ni-garantismo/,"Ni mano dura, ni garantismo",¿Qué hacer con la seguridad?,German Montenegro,2025-02-13 11:54:11,Política y Economía,Ensayo,['Política y Economía'],2170
3265,202289,https://www.revistaanfibia.com/proyecto-trailer-que-miras/,¿Qué mirás?,Proyecto Tráiler,Agustina del Vigo,2025-02-14 09:51:57,Culturas,Crónica,['Culturas'],2226
3266,202352,https://www.revistaanfibia.com/los-cuentos-de-la-cripto/,Los cuentos de la cripto,¿Cuánto nos costará el último tuit del presidente troll?,Mariano Caputo,2025-02-16 22:58:46,Política y Economía,Ensayo,['Política y Economía'],2941
3267,202408,https://www.revistaanfibia.com/siria-soltar-la-guerra/,Soltar la guerra,Siria después de Bshar Al Assad,Daniel Wizenberg,2025-02-17 14:59:50,Política y Economía,Crónica,['Política y Economía'],4932
3268,202424,https://www.revistaanfibia.com/milei-cripto-la-estafa-de-su-verdad/,Porno y pescado,Milei: la estafa de su verdad,Luis Ignacio García,2025-02-18 13:22:50,Política y Economía,Ensayo,['Política y Economía'],2394
3269,202456,https://www.revistaanfibia.com/quien-salvara-al-periodismo/,¿Quién salvará al periodismo?,Trump contra la libertad de expresión,Francisca Skoknic,2025-02-19 13:37:04,Otras,Ensayo,['Otras'],2227
3270,202494,https://www.revistaanfibia.com/criptogate-una-devaluacion-en-ciernes/,Una devaluación en ciernes,¿Cómo reaccionará el votante de Milei?,Micaela Cuesta; Pablo Villarreal,2025-02-21 12:17:49,Política y Economía,Ensayo,['Política y Economía'],2837
3271,202569,https://www.revistaanfibia.com/vigilar-y-denunciar-existe-el-adoctrinamiento-en-las-escuelas/,Vigilar y denunciar,¿Existe el adoctrinamiento escolar?,Marina Larrondo,2025-02-25 11:59:31,Educación,Ensayo,['Educación'],2104
3272,197899,https://www.revistaanfibia.com/ariel-lijo-un-juez-plebeyo-para-milei/,Decretado supremo,Perfil del juez Ariel Lijo,Luciana Bertoia,2025-02-25 19:13:58,Política y Economía,Crónica,['Política y Economía'],3622
3273,202634,https://www.revistaanfibia.com/criptomundo-la-moneda-rebelde/,La moneda rebelde,Criptomundo,Edemilson Paraná,2025-02-26 10:03:53,Política y Economía,Ensayo,['Política y Economía'],1465
3274,197214,https://www.revistaanfibia.com/bajar-es-lo-peor/,Bajar es lo peor,¿Qué hacemos con los pibes que delinquen?,Macarena Romero,2025-02-27 11:50:00,Culturas; Política y Economía,Ensayo,"['Culturas', 'Política y Economía']",3624
3275,202918,https://www.revistaanfibia.com/los-de-afuera-son-de-palo-elecciones-alemania-inmigracion-afd/,Los de afuera son de palo,Discursos anti-inmigratorios en la campaña alemana,Franco Delle Donne,2025-02-28 11:10:13,Política y Economía,Ensayo,['Política y Economía'],1763
3276,202968,https://www.revistaanfibia.com/la-libertad-avanza-con-o-sin-el-congreso/,"La libertad avanza, con o sin el Congreso",Milei en la apertura de sesiones legislativas,Gabriela Vulcano,2025-03-02 00:06:11,Política y Economía,Ensayo,['Política y Economía'],2488
3277,202982,https://www.revistaanfibia.com/sonreir-contra-el-fascismo/,Sonreír contra el fascismo,"El fenómeno de ""Aún estoy aquí""",Amanda Marton Ramaciotti,2025-03-03 17:56:56,Otras,Ensayo,['Otras'],2006
3278,202936,https://www.revistaanfibia.com/hidrovia-la-pelea-no-es-por-los-12-mil-millones/,La pelea no es por los U$S 12 mil millones,"El Paraná, la hidrovía y la ciencia ficción capitalista",Alejo di Risio,2025-03-05 08:06:23,Política y Economía,Crónica,['Política y Economía'],3025
3279,203040,https://www.revistaanfibia.com/parlamento-la-democracia-detras-de-escena/,La democracia detrás de escena,“Parlamento” de Piel de Lava,Sonia Budassi,2025-03-06 14:48:14,Culturas; Política y Economía,,"['Culturas', 'Política y Economía']",2420
3280,203075,https://www.revistaanfibia.com/8-m-las-que-marcharon-antes/,Las que marcharon antes,Nueva Historia de las Mujeres en la Argentina,Macarena Romero,2025-03-07 11:58:43,Política y Economía; Políticas de géneros,Ensayo,"['Política y Economía', 'Políticas de géneros']",2899
3281,203127,https://www.revistaanfibia.com/bahia-blanca-antes-el-agua-era-una-bendicion/,Antes el agua era una bendición,Catástrofe climática en Bahía Blanca,Sonia Budassi,2025-03-11 13:42:01,Ambiente,Crónica,['Ambiente'],4101
3282,203200,https://www.revistaanfibia.com/pablo-grillo-un-tiro-a-la-democracia/,Un tiro a la democracia,Represión a hinchas y jubilados,Macarena Romero; Diego Murzi,2025-03-13 11:06:55,Política y Economía,Crónica,['Política y Economía'],3740
3283,203229,https://www.revistaanfibia.com/ruina-y-belleza-del-igualitarismo/,Ruina y belleza del igualitarismo,Legitimar la violencia,Micaela Cuesta,2025-03-14 13:40:33,Culturas; Política y Economía,Ensayo,"['Culturas', 'Política y Economía']",1320
3284,203240,https://www.revistaanfibia.com/soberania-o-sumision/,Soberanía o sumisión,Contrastes en tiempos de cambio político,Hernán Borisonik,2025-03-18 15:08:10,Culturas; Política y Economía,Ensayo,"['Culturas', 'Política y Economía']",1963
3285,203283,https://www.revistaanfibia.com/tocar-fondo/,Tocar fondo,¿Cómo entender el nuevo acuerdo con el FMI?,Juan Pablo Bohoslavsky; Martín Schorr; Francisco Cantamutto,2025-03-21 11:41:16,Política y Economía,Ensayo,['Política y Economía'],2011
3286,203325,https://www.revistaanfibia.com/24-m-los-que-estan-en-la-calle-pueden-desaparecer/,Los que están en la calle pueden desaparecer,Día de la Memoria en la Argentina libertaria,Iri Neustadt,2025-03-24 12:32:13,Política y Economía,Ensayo,['Política y Economía'],3220
3287,203391,https://www.revistaanfibia.com/de-coger-ni-hablar/,De coger ni hablar,Los vínculos sexoafectivos de las nuevas generaciones,Abril Chiesa,2025-03-27 11:56:31,Amor y sexo,Ensayo,['Amor y sexo'],2320
3288,203418,https://www.revistaanfibia.com/adolescence/,¿Qué es ser un hombre para vos?,Adolescence: la serie que nos dejó temblando,Lucas Martinelli,2025-03-28 10:17:28,Políticas de géneros,Ensayo,['Políticas de géneros'],2531
3289,203442,https://www.revistaanfibia.com/elecciones-caba-todos-juegan/,Todos juegan,Elecciones legislativas en CABA,Werner Pertot,2025-03-31 10:52:03,Política y Economía,Ensayo,['Política y Economía'],2908
3290,203453,https://www.revistaanfibia.com/alejandro-betts-goss-el-enemigo-publico-de-los-kelpers-islas-malvinas/,El enemigo público de los kelpers,Una historia de Malvinas,Ernesto Picco,2025-04-01 15:54:56,Política y Economía,Crónica,['Política y Economía'],5272
3291,203487,https://www.revistaanfibia.com/la-historia-oficial-nosotros-no-sabiamos/,Nosotros no sabíamos,"40 años de ""La Historia oficial""",Ramiro Manduca,2025-04-03 13:09:17,Política y Economía,Ensayo,['Política y Economía'],2099
3292,203380,https://www.revistaanfibia.com/el-supremo-imposible-lijo-garcia-mansilla/,El supremo imposible,Tres escenarios para Lijo y García Mansilla,Irina Hauser,2025-04-04 08:30:00,Política y Economía,Crónica,['Política y Economía'],5482
3293,203525,https://www.revistaanfibia.com/vivir-y-morir-bajo-tierra-daniel-ochoa-rosana-ledesma-cerro-negro-santa-cruz/,Vivir y morir bajo tierra,Tragedia minera en Santa Cruz,Laura Berisso,2025-04-09 08:35:01,Ambiente,Crónica,['Ambiente'],3963
3294,203545,https://www.revistaanfibia.com/donald-trump-guerra-comercial-es-el-racismo-estupido/,"Es el racismo, estúpido",Guerra comercial global,Ezequiel Ipar,2025-04-09 13:58:28,Política y Economía,Ensayo,['Política y Economía'],2367
3295,203565,https://www.revistaanfibia.com/chocarla-pero-mas-rapido/,"Chocarla, pero más rápido",Impasse en el aceleracionismo libertario,Luis Ignacio García,2025-04-10 12:48:09,Política y Economía,Ensayo,['Política y Economía'],2657
3296,203581,https://www.revistaanfibia.com/cuando-la-politica-se-somete-a-la-ideologia-guerra-comercial-aranceles/,Cuando la política se somete a la ideología,Cinco apuntes sobre la guerra comercial,Pablo Villarreal,2025-04-11 12:46:06,Política y Economía,Ensayo,['Política y Economía'],3783
3297,203600,https://www.revistaanfibia.com/salida-del-cepo-no-vayas-a-atender-cuando-el-fondo-llama/,No vayas a atender cuando el Fondo llama,Salida del cepo y acuerdo con el FMI,Laura Testa,2025-04-14 13:27:43,Política y Economía,Ensayo,['Política y Economía'],1536
3298,203618,https://www.revistaanfibia.com/arqueologia-de-tu-remera/,Arqueología de tu remera,Industria textil en riesgo,Roly Villani,2025-04-16 14:14:39,Política y Economía,Crónica,['Política y Economía'],4582
3299,203607,https://www.revistaanfibia.com/una-nostalgia-de-lo-comun/,Una nostalgia de lo común,El mundo en crisis,Hernán Borisonik,2025-04-16 14:17:37,Política y Economía,Ensayo,['Política y Economía'],1461
3300,203695,https://www.revistaanfibia.com/y-ahora-quien-cuidara-el-barrio-papa-francisco/,¿Y ahora quién cuidará el barrio?,Carta de despedida a Francisco,Cristian Alarcón,2025-04-21 15:57:52,Política y Economía,Crónica,['Política y Economía'],1530
3301,203710,https://www.revistaanfibia.com/francisco-el-papa-de-las-periferias/,El papa de las periferias,La última cena de los salidos de la iglesia,Verónica Giménez Béliveau,2025-04-21 18:59:58,Política y Economía,Ensayo,['Política y Economía'],2037
3302,203729,https://www.revistaanfibia.com/desvaticanizar-la-iglesia-papa-francisco/,Desvaticanizar la Iglesia,El legado de Francisco,Pablo Semán,2025-04-22 10:44:40,Política y Economía,Ensayo,['Política y Economía'],1424
3303,203140,https://www.revistaanfibia.com/papa-francisco-el-ultimo-hombre-bueno/,El último hombre bueno,Murió el papa Francisco,Diego Mauro,2025-04-22 10:45:00,Política y Economía,Ensayo,['Política y Economía'],2610
3304,203740,https://www.revistaanfibia.com/la-iglesia-despues-de-francisco-el-invierno-y-el-humo/,El invierno y el humo,La Iglesia después de Francisco,Rossana Reguillo Cruz,2025-04-22 11:47:50,Política y Economía,Ensayo,['Política y Economía'],1906
3305,203757,https://www.revistaanfibia.com/papa-francisco-hundir-el-bisturi-hasta-donde-sea-soportable/,Hundir el bisturí hasta donde sea soportable,Claves para entender al Papa pragmático,Flavio Rapisardi,2025-04-23 15:59:56,Políticas de géneros,Ensayo,['Políticas de géneros'],1865
3306,203764,https://www.revistaanfibia.com/cambio-de-raiz/,Cambio de raíz,"Universidad, territorio y ecología de saberes",Macarena Romero,2025-04-25 11:37:06,Educación; Política y Economía,Ensayo,"['Educación', 'Política y Economía']",3152
3307,203783,https://www.revistaanfibia.com/papa-francisco-misa-catedral-un-poco-mas-solos/,Un poco más solos,Las dos plazas de Francisco,Verónica Giménez Béliveau,2025-04-26 20:20:59,Culturas,Crónica,['Culturas'],2411
3308,203853,https://www.revistaanfibia.com/apagon-masivo-vivir-sin-noticias-es-peor-que-vivir-sin-luz/,¿Vivir sin noticias es peor que vivir sin luz?,Crónica urgente del apagón: 12 horas en un tren,Cecilia González,2025-04-29 14:03:40,Ambiente,Crónica,['Ambiente'],1581
3309,203847,https://www.revistaanfibia.com/inteligencia-colectiva/,Inteligencia colectiva,"Universidad, territorio y ecología de saberes",Macarena Romero,2025-04-30 09:26:50,Culturas; Política y Economía,Ensayo,"['Culturas', 'Política y Economía']",3668
3310,197676,https://www.revistaanfibia.com/santiago-caputo-la-mano-del-rey-de-la-selva/,La mano del rey de la selva,Santiago Caputo,Melisa Molina,2025-04-30 09:40:00,Política y Economía,Crónica,['Política y Economía'],4853
3311,203893,https://www.revistaanfibia.com/mi-jefe-es-un-algoritmo-trabajadores-plataformas/,¿Mi jefe es un algoritmo?,Día del Trabajador: emprendedurismo y plataformas,Mariano Caputo; Juan Ballestrin,2025-04-30 18:48:04,Política y Economía,Ensayo,['Política y Economía'],4082
3312,203915,https://www.revistaanfibia.com/el-eternauta-eterno-resplandor-de-un-navegante-en-el-tiempo/,Eterno resplandor de un navegante en el tiempo,El Eternauta de Stagnaro,Julieta Greco,2025-05-05 12:07:48,Culturas,Ensayo,['Culturas'],3247
3313,204017,https://www.revistaanfibia.com/francisco-un-gran-pecador-el-loco-de-dios-en-el-fin-del-mundo/,"Francisco, un gran pecador",“El loco de Dios en el fin del mundo”,Javier Cercas,2025-05-07 09:02:15,Política y Economía,Crónica,['Política y Economía'],3799
3314,204054,https://www.revistaanfibia.com/papa-leon-xvi-un-nuevo-lider-para-un-mundo-dislocado/,Un nuevo líder para un mundo dislocado,Habemus Papam: León XIV,Enzo Girardi,2025-05-09 15:43:31,Política y Economía,Ensayo,['Política y Economía'],1780
3315,204048,https://www.revistaanfibia.com/tesis-sobre-una-domesticacion-una-travesti-que-viva-para-contarlo/,Una travesti que viva para contarlo,Tesis sobre una domesticación,Donna Tefa,2025-05-12 09:07:37,Culturas,Ensayo,['Culturas'],1420
3316,199547,https://www.revistaanfibia.com/murio-pepe-mujica-cuando-me-muera-no-quiero-llanto-ni-pena/,No quiero llanto ni pena,Murió Pepe Mujica,Soledad Gago,2025-05-13 10:18:00,Política y Economía,Crónica,['Política y Economía'],4536
3317,204090,https://www.revistaanfibia.com/television-publica-senal-de-ajuste/,Señal de ajuste,TV pública y motosierra,Martín Mazzini,2025-05-16 10:20:44,Culturas; Política y Economía,Ensayo,"['Culturas', 'Política y Economía']",2664
3318,204117,https://www.revistaanfibia.com/fin-elecciones-legislativas-portenas/,Fin.,"La batalla porteña, el día después",El Hecho Maldito,2025-05-19 11:00:19,Política y Economía,Ensayo,['Política y Economía'],2244
3319,204133,https://www.revistaanfibia.com/urnas-mentiras-y-video/,"Urnas, mentiras y video",Elecciones y barroquismo digital,Sol Montero,2025-05-19 17:16:12,Política y Economía,Ensayo,['Política y Economía'],1903
3320,204143,https://www.revistaanfibia.com/alejandro-dolina-ser-leyenda/,Ser leyenda,Alejandro Dolina,Nicolás González,2025-05-20 17:45:00,Culturas,Crónica,['Culturas'],5218
3321,204198,https://www.revistaanfibia.com/inundaciones-caos-climatico-calentamiento-global/,¿Por qué las inundaciones son cada vez peores?,"Océano, caos climático y eventos extremos",María Paz Chidichimo,2025-05-23 09:16:07,Ambiente,Ensayo,['Ambiente'],1963
3322,204299,https://www.revistaanfibia.com/los-divinos-las-fuerzas-del-cielo-juan-luis-gonzalez/,Los divinos,"Después de “El loco”, llega “Las fuerzas del cielo”",Juan Luis González,2025-05-27 08:56:57,Política y Economía,Crónica,['Política y Economía'],3676
3323,179377,https://www.revistaanfibia.com/leonardo-favio-el-creador-del-alma-popular/,El creador del alma popular,Catorce apuntes sobre Leonardo Favio,Pablo Alabarces,2025-05-28 10:09:00,Culturas,Ensayo,['Culturas'],3334
3324,204311,https://www.revistaanfibia.com/la-formula-latinoamericana/,La fórmula latinoamericana,Izquierdas y derechas en el sur global,Esteban Torres,2025-05-28 10:57:34,Política y Economía,Ensayo,['Política y Economía'],3280
3325,204329,https://www.revistaanfibia.com/3j-ni-una-menos-diez-anos-no-nos-vamos-a-abandonar-ahora/,No nos vamos a abandonar ahora,Ni Una Menos: apuntes de una historia en curso,Marta Dillon; María Pía López,2025-05-29 14:32:58,Políticas de géneros,,['Políticas de géneros'],4945
3326,204179,https://www.revistaanfibia.com/embarazo-adolescente-una-mamadera-en-la-mochila/,Una mamadera en la mochila,Maternar y estudiar para seguir soñando,Jésica Rivero,2025-05-29 15:06:39,Políticas de géneros,,['Políticas de géneros'],2213
3327,204431,https://www.revistaanfibia.com/la-reforma-migratoria-de-milei-andate-a-tu-pais/,Andate a tu país,La reforma migratoria de Milei,Alejandra Torrijos; Jessica Paola Vargas; Daniela Galvis Restrepo,2025-06-02 15:13:07,Culturas; Política y Economía; Salud,Crónica,"['Culturas', 'Política y Economía', 'Salud']",5031
3328,204459,https://www.revistaanfibia.com/pablo-grillo-el-fusilado-que-vive/,El fusilado que vive,Pablo Grillo de alta,Ernesto Picco,2025-06-03 12:54:52,Política y Economía,Crónica,['Política y Economía'],3043
3329,204506,https://www.revistaanfibia.com/ecologia-incendios-la-reconfiguracion-verde-del-privilegio/,Incendios: la reconfiguración verde del privilegio,¿Quién más quiere una cobertura climática personalizada?,Hernán Borisonik,2025-06-05 09:06:38,Ambiente,,['Ambiente'],2358
3330,204291,https://www.revistaanfibia.com/madres-adolescentes-quienes-cuidan-a-las-ninas-que-cuidan/,¿Quiénes cuidan a las niñas que cuidan?,Maternidad temprana y redes de afectos,Jésica Rivero,2025-06-05 13:01:01,Políticas de géneros,,['Políticas de géneros'],1835
3331,204520,https://www.revistaanfibia.com/cristina-fernandez-de-kirchner-condenada-nunca-mas-candidata/,Nunca más candidata,Cristina condenada,Macarena Romero; Cristian Alarcón,2025-06-11 00:14:00,Política y Economía,Crónica,['Política y Economía'],2306
3332,204530,https://www.revistaanfibia.com/fallo-contra-cristina-fernandez-de-kirchner-la-orfandad/,La orfandad,Cristina condenada,Esteban De Gori,2025-06-11 10:01:41,Política y Economía,,['Política y Economía'],1603
3333,204546,https://www.revistaanfibia.com/cristina-fernandez-de-kircher-condenada-mira-como-tiembla-la-democracia/,Mirá cómo tiembla la democracia,Cristina condenada,Micaela Cuesta,2025-06-11 14:49:48,Política y Economía,Ensayo,['Política y Economía'],1352
3334,204557,https://www.revistaanfibia.com/milei-politica-exterior/,Semántica de la violencia,Doctrina Milei en política exterior,Juan Gabriel Tokatlian; Bernabé Malacalza,2025-06-12 11:20:10,Política y Economía,Ensayo,['Política y Economía'],4331
3335,204572,https://www.revistaanfibia.com/goce-antiperonista-de-masas/,Goce antiperonista de masas,Cristina Condenada,Luis Ignacio García,2025-06-12 13:18:37,Política y Economía,Ensayo,['Política y Economía'],1291
3336,204559,https://www.revistaanfibia.com/embarazo-adolescente-politicas-publicas-y-ahora-quien-me-aupa/,¿Y ahora quién me aúpa?,Embarazo adolescente y políticas de prevención,Jésica Rivero,2025-06-13 08:22:07,Políticas de géneros,Crónica,['Políticas de géneros'],2009
3337,204591,https://www.revistaanfibia.com/bombardeos-a-plaza-de-mayo-yo-defendi-la-casa-rosada/,Yo defendí la Casa Rosada,Especial 70 años de los bombardeos a Plaza de Mayo,Gonzalo L. Chaves,2025-06-16 08:42:06,Política y Economía,Crónica,['Política y Economía'],3595
3338,204589,https://www.revistaanfibia.com/bombardeos-a-plaza-de-mayo-objetivo-los-puntos-negros/,Objetivo: los puntos negros,Especial 70 años de los bombardeos a Plaza de Mayo,Mercedes Araujo,2025-06-16 08:48:56,Política y Economía,Crónica,['Política y Economía'],1760
3339,204587,https://www.revistaanfibia.com/bombardeos-a-plaza-de-mayo-una-ciudad-que-ya-no-reconocia/,Una ciudad que ya no reconocía,70 años de los bombardeos a Plaza de Mayo,Germán E. Gallino,2025-06-16 08:49:42,Política y Economía,Crónica,['Política y Economía'],2474
3340,204671,https://www.revistaanfibia.com/cristina-fernandez-de-kirchner-condenada-lider-presa-peronismo-liberado/,"Líder presa, peronismo liberado",Cristina condenada,Gabriela Vulcano,2025-06-17 10:52:52,Política y Economía,Crónica,['Política y Economía'],1888
3341,204677,https://www.revistaanfibia.com/masivo-apoyo-a-cfk-en-plaza-de-mayo/,Rayo peronizador,Masivo apoyo a CFK en Plaza de Mayo,María Mansilla; Eduardo Chávez Molina,2025-06-18 19:05:18,Política y Economía,Crónica,['Política y Economía'],2228
3342,204736,https://www.revistaanfibia.com/patricia-bullrich-la-desenfrenada/,La desenfrenada,"Bullrich, panóptico y distopía",Gabriela Saidon,2025-06-19 13:15:53,Política y Economía,Ensayo,['Política y Economía'],3089
3343,204742,https://www.revistaanfibia.com/iran-israel-solo-una-cuestion-nuclear/,¿Solo una cuestión nuclear?,"Irán e Israel en guerra, y ahora Trump",Mariela Cuadro,2025-06-23 12:10:09,Política y Economía,Ensayo,['Política y Economía'],2129
3344,204756,https://www.revistaanfibia.com/la-gente-existe/,La gente existe,La calle y la política,Federico Vázquez,2025-06-25 11:45:55,Política y Economía,Ensayo,['Política y Economía'],1713
3345,204775,https://www.revistaanfibia.com/justicia-por-nora-dalmasso-la-mujer-en-cuestion/,La mujer en cuestión,Las mil muertes de Nora Dalmasso,Dante Leguizamón,2025-06-26 12:56:48,Políticas de géneros,Ensayo,['Políticas de géneros'],3836
3346,204789,https://www.revistaanfibia.com/caparros-que-habria-sido-de-mi-vida-sin-leer/,¿Qué habría sido de mi vida sin leer?,Caparrós en Buenos Aires,Martín Caparrós,2025-06-27 13:33:40,Culturas,Crónica,['Culturas'],2638
3347,204829,https://www.revistaanfibia.com/navegar-es-necesario-que-nos-queda-cuando-los-vientos-no-ayudan/,Qué nos queda cuando los vientos no ayudan,"Navegar es necesario, una metáfora absoluta",Diego Tatián,2025-07-02 09:22:00,Política y Economía,Ensayo,['Política y Economía'],1679
3348,204849,https://www.revistaanfibia.com/ypf-en-riesgo-derecho-a-la-energia-y-frio-polar/,Confesiones de invierno,"YPF en riesgo, derecho a la energía, frío polar",Alejo di Risio,2025-07-04 15:46:22,Política y Economía,Ensayo,['Política y Economía'],2371
3349,204868,https://www.revistaanfibia.com/latamgpt-una-inteligencia-artificial-latinoamericana-es-posible/,Una IA latinoamericana es posible,Se lanza LatamGPT,Ernesto Picco,2025-07-07 13:04:56,Tecnologías,Crónica,['Tecnologías'],4277
3350,204900,https://www.revistaanfibia.com/caparros-fracasados-y-optimistas/,Fracasados y optimistas,Caparrós en Argentina,Martín Caparrós,2025-07-09 10:27:45,Culturas; Política y Economía,Ensayo,"['Culturas', 'Política y Economía']",2864
3351,204902,https://www.revistaanfibia.com/mis-dolares-su-decision-capitalismo-de-evasores/,"Mis dólares, su decisión",Capitalismo de evasores,Diego Llumá; Ramiro Bertoni,2025-07-10 09:34:32,Política y Economía,Ensayo,['Política y Economía'],3250
3352,204939,https://www.revistaanfibia.com/ricardo-iii-si-soy-cruel/,"Sí, soy cruel",La verdadera historia de Ricardo III,Julieta Greco,2025-07-11 11:06:47,Culturas,Ensayo,['Culturas'],2423
3353,205058,https://www.revistaanfibia.com/hospital-garrahan-las-venas-abiertas-del-garrahan/,Las venas abiertas del Garrahan,El hospital pediátrico más importante de América Latina,Mercedes Simone,2025-07-14 13:24:22,Salud,Crónica,['Salud'],4494
3354,205204,https://www.revistaanfibia.com/la-estetizacion-del-dano-menem-serie-winograd/,La estetización del daño,"“Menem”, de Ariel Winograd",Lala Toutonian,2025-07-16 11:10:19,Culturas,Ensayo,['Culturas'],2679
3355,205248,https://www.revistaanfibia.com/amia-una-escalera-imposible/,AMIA: una escalera imposible,A 31 años del atentado,Tali Goldman,2025-07-18 09:05:57,Política y Economía,Crónica,['Política y Economía'],1768
3356,205265,https://www.revistaanfibia.com/daddy-yankee-evangelicos-antes-que-te-vayas-dame-un-rezo/,Antes que te vayas dame un rezo,Daddy Yankee con miles de evangélicos en el conurbano,Marina Amabile,2025-07-21 13:26:58,Culturas,Crónica,['Culturas'],3045
3357,199263,https://www.revistaanfibia.com/derecha-fest-una-fiesta-libertaria-y-popular/,Una fiesta libertaria y popular,El Lollapalooza de la derecha,Martín Mazzini,2025-07-22 09:42:00,Política y Economía,Crónica,['Política y Economía'],2834
3358,205285,https://www.revistaanfibia.com/pakapaka-escenas-de-una-batalla-cultural-animada/,Escenas de una batalla cultural animada,La nueva programación de Pakapaka,Tomás Eliaschev,2025-07-23 08:00:00,Culturas,Ensayo,['Culturas'],3701
3359,205296,https://www.revistaanfibia.com/debilidad-humana-lila-siegrist-nos-persiguen-los-90/,Nos persiguen los 90,"Timba, política y corrupción",Virginia Giacosa,2025-07-25 09:05:34,Culturas,Ensayo,['Culturas'],2547
3360,205309,https://www.revistaanfibia.com/performance-testosterona-pinchate-y-hacete-hombre/,Pinchate y hacete hombre,"Testosterona, la performance sobre masculinidades",Eneas Watnik,2025-07-28 13:11:16,Políticas de géneros,Ensayo,['Políticas de géneros'],1795
3361,205338,https://www.revistaanfibia.com/el-aullido-del-hambre-en-gaza/,El aullido del hambre,Gaza en primera persona,Alaa Alqaisi,2025-07-29 12:25:22,Política y Economía,Ensayo,['Política y Economía'],1499
3362,205356,https://www.revistaanfibia.com/marcha-de-los-jubilados-viejos-de-miercoles/,Viejos de miércoles,La marcha de los jubilados,Mauricio Caminos,2025-07-30 13:10:12,Política y Economía,Crónica,['Política y Economía'],3914
3363,196281,https://www.revistaanfibia.com/rica-y-peligrosa-una-historia-de-la-deuda/,Rica y peligrosa,Una historia de la deuda argentina,Ariel Wilkis,2025-08-01 10:33:00,Política y Economía,Ensayo,['Política y Economía'],1032
3364,205413,https://www.revistaanfibia.com/palos-en-la-rueda-ley-emergencia-discapacidad/,Palos en la rueda,Ley de Emergencia en Discapacidad,Martín Passini,2025-08-06 11:48:48,Política y Economía,Ensayo,['Política y Economía'],1589
3365,205430,https://www.revistaanfibia.com/feministas-de-las-nuevas-derechas-sin-padre-sin-marido-y-sin-estado/,¿Ellas también son feministas?,Mujeres de derecha,Rossana Reguillo Cruz,2025-08-08 09:04:39,Políticas de géneros,Ensayo,['Políticas de géneros'],1948
3366,205489,https://www.revistaanfibia.com/todos-fuimos-el-mar-streaming-conicet/,Todos fuimos el mar,"Ciencia, streaming y un sueño colectivo",Martín De Mauro Rucovsky,2025-08-11 09:52:23,Ambiente,Ensayo,['Ambiente'],3210
3367,205478,https://www.revistaanfibia.com/formas-de-reinventar-la-vida/,Formas de reinventar la vida,Consumo y adicciones en Argentina,Tomás Capalbo,2025-08-11 11:03:19,Otras,Crónica,['Otras'],4094
3368,205488,https://www.revistaanfibia.com/bogota-una-escuela-de-cuidado/,Una escuela de cuidado,Comedores populares en Colombia,María José Álvarez,2025-08-11 11:03:37,Otras,Crónica,['Otras'],3161
3369,205491,https://www.revistaanfibia.com/mineria-en-territorio-sagrado/,Minería en territorio sagrado,Resistencia indígena en la amazonía,Santos G. Madero,2025-08-11 11:03:53,Otras,Crónica,['Otras'],5922
3370,205495,https://www.revistaanfibia.com/agua-limpia-es-agua-llorada/,Agua limpia es agua llorada,La lucha por el ambiente en el caribe colombiano,María Ximena Dávila,2025-08-11 11:04:01,Otras,Crónica,['Otras'],5091
3371,205498,https://www.revistaanfibia.com/la-persistencia/,La persistencia,Una presentación de Cosas Que Funcionan,Javier Auyero,2025-08-11 11:10:11,Política y Economía,Ensayo,['Política y Economía'],1246
3372,205579,https://www.revistaanfibia.com/un-oasis-entre-el-cemento-y-los-agroquimicos-2/,Un oasis entre el cemento y los agroquímicos,La lucha agroecológica en la Argentina mediterránea,Águeda Ortega,2025-08-12 13:01:43,Otras,Crónica,['Otras'],4649
3373,205603,https://www.revistaanfibia.com/florecer-en-el-barro/,Florecer en el barro,Resistir la desigualdad y la crisis climática en Medellín,Natalia Marín,2025-08-13 16:31:39,Otras,Crónica,['Otras'],3576
3374,205619,https://www.revistaanfibia.com/carlos-contardi-julieta-prandi-144-veces-no/,144 veces no,Prandi vs. Contardi,Gabriela Saidon,2025-08-14 13:27:54,Políticas de géneros,Ensayo,['Políticas de géneros'],2340
3375,205643,https://www.revistaanfibia.com/todas-las-muertes-de-diego-fernandez-lima/,Todas las muertes de Diego Fernández Lima,"La aparición de un cuerpo, 41 años después",Facundo Pastor,2025-08-15 12:10:39,Política y Economía,Crónica,['Política y Economía'],3389
3376,205710,https://www.revistaanfibia.com/fentanilo-tras-el-rastro-del-veneno/,Tras el rastro del veneno,Familias frente al fentanilo contaminado,Arlen Buchara,2025-08-20 13:40:44,Salud,Crónica,['Salud'],3072
3377,205718,https://www.revistaanfibia.com/la-leyenda-del-algarrobo-caminante/,La leyenda del algarrobo caminante,Resistencia a la minería en Andalgalá,Allison Lang,2025-08-20 19:50:53,Ambiente,,['Ambiente'],3626
3378,205731,https://www.revistaanfibia.com/congreso-vetos-coparticipacion-gobernadores/,El partido de los gobernadores,Protagonistas en el Congreso que se recalienta,Mauricio Caminos,2025-08-21 13:45:34,Política y Economía,Crónica,['Política y Economía'],2420
3379,205736,https://www.revistaanfibia.com/int-el-poder-de-la-ficcion/,El poder de la ficción,El INT frente al vaciamiento libertario,Sebastián Blutrach,2025-08-22 11:52:05,Culturas,Ensayo,['Culturas'],2369
3380,205751,https://www.revistaanfibia.com/policrisis-del-gobierno-de-milei-el-rio-que-arrasa/,El río que arrasa,Policrisis en el gobierno de Milei,Mario Riorda,2025-08-24 13:50:59,Política y Economía,Ensayo,['Política y Economía'],1703
3381,195042,https://www.revistaanfibia.com/el-clan-menem/,El clan,La historia de los Menem en el Estado,Gabriela Vulcano,2025-08-25 08:46:00,Política y Economía,Crónica,['Política y Economía'],4012
3382,205775,https://www.revistaanfibia.com/karina-entre-la-mafia-y-el-estado-corrupcion-andis/,"Karina, entre la mafia y el Estado",Corrupción sin marco teórico,Luis Ignacio García,2025-08-25 13:22:37,Política y Economía,Ensayo,['Política y Economía'],2601
3383,178266,https://www.revistaanfibia.com/di-maria-el-procer-tardio/,El prócer tardío,"Ángel Di María, del estigma al heroísmo",Ariel Scher,2025-08-29 09:05:00,Culturas,Ensayo,['Culturas'],2525
3384,205800,https://www.revistaanfibia.com/el-imperio-contraataca-trump-segundo-mandato/,El imperio contraataca,Trumpismo 2.0: nuevas turbulencias para la economía global,Pablo Míguez,2025-08-29 12:00:56,Política y Economía,Ensayo,['Política y Economía'],2612
3385,205809,https://www.revistaanfibia.com/gobiernos-espejo-consenso-nucleo-duro/,"Sale Consenso, entra Núcleo duro",Gobiernos espejo,Mario Riorda,2025-09-01 08:09:31,Política y Economía,Ensayo,['Política y Economía'],2299
3386,205825,https://www.revistaanfibia.com/espionaje-en-el-gobierno-de-milei-historia-de-un-audio/,Historia de un audio,"Democracia, espionaje y periodismo",Silvina Heguy,2025-09-01 16:19:50,Política y Economía,Crónica,['Política y Economía'],3153
3387,200295,https://www.revistaanfibia.com/todas-las-caras-del-dolar/,Todas las caras del dólar,Mucho más que una moneda fuerte,Ariel Wilkis,2025-09-03 09:45:00,Política y Economía,Ensayo,['Política y Economía'],2769
3388,205845,https://www.revistaanfibia.com/feos-sucios-y-malos/,"Feos, sucios y malos",La resistencia de los cartoneros porteños,Gabriela Saidon,2025-09-05 12:22:21,Ambiente; Política y Economía,Crónica,"['Ambiente', 'Política y Economía']",4587
3389,128683,https://www.revistaanfibia.com/cien-veces-rosa/,Cien veces Rosa,La Vice de Abuelas,Celeste del Bianco,2025-09-07 11:08:31,Política y Economía,Crónica,['Política y Economía'],3376
3390,205892,https://www.revistaanfibia.com/maravillosa-jugada-axel-kicillof-elecciones-bonaerenses/,Maravillosa jugada,La apuesta de Axel Kicillof,Jacqueline Behrend; Iván Jacobsohn; Nahuel Dragún; Facundo Sánchez,2025-09-08 12:01:14,Política y Economía,Ensayo,['Política y Economía'],2706
3391,205902,https://www.revistaanfibia.com/el-proximo-colapso/,El próximo colapso,Crisis y reordenamiento del capitalismo argentino,Martín Burgos,2025-09-09 16:42:18,Política y Economía,Ensayo,['Política y Economía'],2937
3392,205910,https://www.revistaanfibia.com/jugar-a-la-pelota-lionel-scaloni/,Jugar a la pelota,El fútbol que le gusta a Scaloni,Ignacio Fusco,2025-09-10 11:44:42,Culturas,Crónica,['Culturas'],3893
3393,205937,https://www.revistaanfibia.com/elecciones-bonaerenses-un-limite-a-la-brutalidad/,Un límite a la brutalidad,La salida democrática,Ezequiel Ipar,2025-09-11 13:03:15,Política y Economía,Ensayo,['Política y Economía'],1912
3394,195767,https://www.revistaanfibia.com/marcha-universitaria-viva-la-universidad-carajo/,"¡Viva la universidad, carajo!",Marcha federal universitaria,Micaela Cuesta,2025-09-12 09:00:00,Educación; Política y Economía,Ensayo,"['Educación', 'Política y Economía']",1732
3395,205948,https://www.revistaanfibia.com/promptear-no-es-pensar-chat-gpt-universidades/,Promptear no es pensar,Chat GPT en las universidades,Tomás Bril Mascarenhas; Javier Burdman,2025-09-12 09:24:23,Educación,Ensayo,['Educación'],2765
3396,205981,https://www.revistaanfibia.com/un-cordobes-en-el-fuego-de-nepal/,Un cordobés en el fuego de Nepal,Crónica desde Katmandú,Juan Data,2025-09-15 14:25:38,Política y Economía,Crónica,['Política y Economía'],2060
3397,206008,https://www.revistaanfibia.com/votar-por-mano-propia-elecciones-legislativas/,Votar por mano propia,La agenda local de los bonaerenses,Cecilia Abdo Ferez,2025-09-17 10:00:35,Política y Economía,Ensayo,['Política y Economía'],3590
3398,206043,https://www.revistaanfibia.com/soberania-digital-para-hackear-la-democracia/,Soberanía digital para hackear la democracia,La encrucijada de la política en el mundo de la IA,Emilse Garzón,2025-09-19 08:18:04,Política y Economía,Ensayo,['Política y Economía'],962
3399,206081,https://www.revistaanfibia.com/lo-real-real-nacer-con-abstinencia-embarazos-y-adicciones/,Nacer con abstinencia,Lo real real: investigación sobre embarazos y adicciones,Julia Muriel Dominzain,2025-09-22 13:06:50,Salud,Crónica,['Salud'],3362
3400,206115,https://www.revistaanfibia.com/plan-dolarcito-y-superavit-de-fantasia/,Plan dolarcito y superávit de fantasía,La economía al rojo vivo,Cristian Folgar,2025-09-23 15:50:56,Política y Economía,Ensayo,['Política y Economía'],2286
3401,206117,https://www.revistaanfibia.com/el-dia-que-belen-nos-vio/,El día que Belén nos vio,La película de Dolores Fonzi,Julieta Greco; Natalia Arenas,2025-09-24 10:26:15,Culturas; Políticas de géneros,Ensayo,"['Culturas', 'Políticas de géneros']",3264
3402,206142,https://www.revistaanfibia.com/casas-para-hoy-y-un-proyecto-para-el-futuro/,Casas para hoy y un proyecto para el futuro,Barrios populares en Colombia,Andrés Galeano,2025-09-24 12:37:41,Política y Economía,Crónica,['Política y Economía'],5175
3403,206171,https://www.revistaanfibia.com/triple-femicidio-brenda-morena-y-lara-las-preguntas-que-faltan/,"Brenda, Morena y Lara: las preguntas que faltan",Triple femicidio: género y crimen organizado,Georgina Orellano; Ileana Arduino,2025-09-25 15:19:56,Políticas de géneros,Ensayo,['Políticas de géneros'],2380
3404,206151,https://www.revistaanfibia.com/sesgados-la-libertad-avanza-sesgo-de-clase/,Sesgados,¿Quién puede ser libre con hambre?,Juan Pablo Bohoslavsky,2025-09-26 10:28:50,Política y Economía,Ensayo,['Política y Economía'],2755
3405,206222,https://www.revistaanfibia.com/artlab-nos-juntamos-a-escuchar-un-disco-entero/,¿Nos juntamos a escuchar un disco entero?,"La utopía del álbum completo: tangible, lento, ritual",Leandro Frías,2025-09-26 13:53:08,Culturas,Crónica,['Culturas'],1681
3406,206219,https://www.revistaanfibia.com/cristian-alarcon-personalidad-destacada-de-la-cultura-consejos-para-mi-amigo-el-ilustre/,"Consejos para mi amigo, el ilustre","Cristian Alarcón, personalidad destacada de la cultura",,2025-09-26 14:53:00,Culturas,Crónica,['Culturas'],4613
3407,206245,https://www.revistaanfibia.com/violencia-tecnologica-institucional/,Violencia tecnológica institucional,El gobierno del odio y los algoritmos,Gabriela Gusis,2025-09-29 18:30:28,Tecnologías,Ensayo,['Tecnologías'],1823
3408,206254,https://www.revistaanfibia.com/carry-trade-ultima-vuelta-bicicleta-financiera/,Una última vuelta para la bicicleta financiera,¿Quiénes ganan con el carry trade?,Delfina Torres Cabreros,2025-09-30 09:34:37,Política y Economía,Crónica,['Política y Economía'],2308
3409,206260,https://www.revistaanfibia.com/la-sangre-de-mario-lugones/,La sangre de Lugones,El pasado desconocido del ministro de Salud,Gabriela Vulcano,2025-10-02 11:32:42,Política y Economía; Salud,Crónica,"['Política y Economía', 'Salud']",3763
3410,206290,https://www.revistaanfibia.com/maria-moreno-y-su-propio-carnet-de-rareza/,María Moreno y su propio carnet de rareza,Sobre La Merma,Elian Chali,2025-10-03 10:23:23,Culturas,Ensayo,['Culturas'],2742
3411,206323,https://www.revistaanfibia.com/triple-femicidio-brenda-morena-lara-asi-no-se-puede-vivir/,ASÍ NO SE PUEDE VIVIR,Triple femicidio,María Florencia Alcaraz; Cristian Alarcón,2025-10-06 15:28:20,Políticas de géneros,Crónica,['Políticas de géneros'],7844
3412,206372,https://www.revistaanfibia.com/israel-genocidio-palestina-gaza/,Heridas de un cuento inventado,La identidad judía ante el genocidio en Gaza,Nerina Visacovsky,2025-10-07 10:36:39,Culturas,Ensayo,['Culturas'],2452
3413,206385,https://www.revistaanfibia.com/el-temblor-de-las-ideas-diego-sztulwark/,Un acorde de Kafka para entender a Milei,"El temblor de las ideas, de Diego Sztulwark",Liliana Herrero,2025-10-08 10:51:38,Política y Economía,Ensayo,['Política y Economía'],2405
3414,142896,https://www.revistaanfibia.com/la-reina-del-carbon/,La reina del carbón,Una mujer trans en la mina,Keka Halvorsen,2025-10-08 21:00:00,Políticas de géneros,,['Políticas de géneros'],1858
3415,206393,https://www.revistaanfibia.com/sociologia-del-llanto-espert-casta/,Sociología del llanto,"Espert, la casta y el financiamiento de la política",Esteban De Gori,2025-10-09 10:59:08,Política y Economía,Ensayo,['Política y Economía'],2023
3416,206411,https://www.revistaanfibia.com/ajuste-pobreza-francia-no-quiere-ser-argentina/,Francia no quiere ser Argentina,Del “que se vayan todos” al “bloqueemos todo”,Eduardo Chávez Molina; Emanuele Ferragina,2025-10-13 11:26:25,Política y Economía,Crónica,['Política y Economía'],2619
3417,206451,https://www.revistaanfibia.com/la-patagonia-del-tio-sam/,La Patagonia del Tío Sam,Megacentro de OpenAI en Argentina,Alejo di Risio,2025-10-13 16:18:36,Tecnologías,Ensayo,['Tecnologías'],2775
3418,206437,https://www.revistaanfibia.com/hablar-con-los-muertos-oreja-madre-caja-negra/,Hablar con los muertos,"“Oreja madre”: una herida, un linaje, una historia",Dani Zelko,2025-10-14 10:17:25,Culturas,Ensayo,['Culturas'],3051
3419,206490,https://www.revistaanfibia.com/pablo-laurta-doble-femicidio-la-violencia-no-es-mentira/,La violencia no es mentira,Odio antifeminista y narrativa de falsas denuncias,Ileana Arduino,2025-10-15 13:06:51,Políticas de géneros,Ensayo,['Políticas de géneros'],4067
3420,206516,https://www.revistaanfibia.com/juventudes-y-plataformas-no-todo-es-guita/,No todo es guita,Qué buscan los pibes y pibas online,Macarena Romero,2025-10-16 09:55:49,Tecnologías,Crónica,['Tecnologías'],3106
3421,206530,https://www.revistaanfibia.com/el-dios-del-streaming-atiende-en-buenos-aires/,El Dios del streaming atiende en Buenos Aires,"Conversación, comunidad, circulación",Agustín Espada,2025-10-17 07:58:12,Culturas,Ensayo,['Culturas'],4011
3422,206584,https://www.revistaanfibia.com/ley-redes-sociales-scrollear-para-mirarse-a-uno-mismo/,Scrollear para mirarse a uno mismo,La ley de las redes sociales,Mariano Caputo,2025-10-21 10:35:20,Política y Economía; Tecnologías,Ensayo,"['Política y Economía', 'Tecnologías']",2731
3423,206602,https://www.revistaanfibia.com/elecciones-bolivia-balotaje/,Una inflexión histórica,Bolivia después de las Elecciones,Fernando Calderón,2025-10-22 10:12:33,Política y Economía,,['Política y Economía'],2598
3424,206636,https://www.revistaanfibia.com/ia-encuestas-agente-sintetico-decime-quien-gana-las-elecciones/,"IA, decime quién gana las elecciones",Por qué volveremos a creer en las encuestas,Lucía Vincent; Patricio Hernández; Agustín Gosende,2025-10-23 10:59:54,Política y Economía; Tecnologías,Ensayo,"['Política y Economía', 'Tecnologías']",2309
3425,206645,https://www.revistaanfibia.com/el-espia-arrepentido-del-canal-de-panama/,El espía arrepentido del Canal de Panamá,Beca Crónica en Panamá,Daniel Molina,2025-10-24 10:32:17,Política y Economía,Crónica,['Política y Economía'],4429
3426,206766,https://www.revistaanfibia.com/elecciones-legislativas-2025-perder-de-local/,Perder de local,Elecciones legislativas,Área de Política Subnacional y Relaciones Intergubernamentales (UNSAM),2025-10-27 14:56:00,Política y Economía,Ensayo,['Política y Economía'],2295
3427,206792,https://www.revistaanfibia.com/instrucciones-para-sobrevivir-a-un-duelo/,Instrucciones para sobrevivir a un duelo,Crónica de una pérdida,Candelaria Domínguez,2025-10-30 08:59:34,Culturas,Crónica,['Culturas'],5429
3428,206809,https://www.revistaanfibia.com/operativo-narcotrafico-brasil-buscando-a-mi-hijo/,Buscando a mi hijo,Operativo antinarco en Río de Janeiro,Matheus de Moura; Leonardo Coelho,2025-10-30 14:51:07,Política y Economía,Crónica,['Política y Economía'],4396
3429,206826,https://www.revistaanfibia.com/el-norte-perdido/,El norte perdido,"Después de Cristina, qué",Esteban De Gori,2025-10-31 11:33:59,Política y Economía,Ensayo,['Política y Economía'],2491
3430,206833,https://www.revistaanfibia.com/megaoperativo-comando-vermelho-una-exhibicion-de-poder/,Una exhibición de poder,"Río: masacre, aprobación popular y disputa territorial",Marcelo Bergman,2025-11-03 12:27:40,Política y Economía,Ensayo,['Política y Economía'],1664
3431,206851,https://www.revistaanfibia.com/la-carcel-la-universidad-tesla-y-cortazar/,"La cárcel, la universidad, Tesla y Cortázar",Manuscritos desde la capital texana,Leila Mesyngier; María Mansilla,2025-11-07 13:10:23,Culturas,Crónica,['Culturas'],3071
3432,206880,https://www.revistaanfibia.com/lux-el-ultimo-milagro-de-rosalia/,El último milagro de Rosalía,LUX: creer y crear en la era algorítmica,Gala Décima Kozameh,2025-11-10 10:40:36,Culturas,Ensayo,['Culturas'],4309
3433,206919,https://www.revistaanfibia.com/evangelicos-en-el-palacio-y-la-calle/,Evangélicos en el palacio y la calle,"Festival, política y religión",Marina Amabile,2025-11-11 10:51:43,Política y Economía,Crónica,['Política y Economía'],2835
3434,206950,https://www.revistaanfibia.com/el-golpe-de-estado-de-las-plataformas-digitales/,El golpe de Estado de las plataformas digitales,Shoshana Zuboff: estudios críticos sobre la tecnología,Pablo Manolo Rodríguez,2025-11-13 09:12:26,Tecnologías,Ensayo,['Tecnologías'],2778
3435,206984,https://www.revistaanfibia.com/ropa-prestada-waldo-cebrero-tengo-el-uniforme-de-un-represor-en-el-ropero/,Tengo el uniforme de un represor en el ropero,Ropa prestada,Waldo Cebrero,2025-11-14 11:49:26,Culturas,Crónica,['Culturas'],3151
3436,207030,https://www.revistaanfibia.com/un-hotel-y-una-escuela-para-sobrevivir-en-el-bosque/,Una escuela y un hotel para sobrevivir en el bosque,Resistencia ambiental en Ecuador,Salomé Valdivieso,2025-11-14 16:09:34,Otras,Crónica,['Otras'],5299
3437,207052,https://www.revistaanfibia.com/voto-kastigo/,Voto Kastigo,Elecciones presidenciales en Chile,Juan Elman,2025-11-17 14:44:52,Política y Economía,Ensayo,['Política y Economía'],2018
3438,207059,https://www.revistaanfibia.com/la-dificil-tarea-de-matar-a-la-madre-la-maravillosa-erika-halvorsen/,La difícil tarea de matar a la madre,"“La maravillosa”, de Erika Halvorsen",Cristian Alarcón,2025-11-18 10:16:24,Culturas,Ensayo,['Culturas'],1830
3439,207088,https://www.revistaanfibia.com/milei-corrupcion-teoria-libertaria-del-delito/,Teoría libertaria del delito,¿Por qué la sociedad tolera la corrupción de Milei?,Martina Garbarz,2025-11-19 15:29:14,Política y Economía,Ensayo,['Política y Economía'],2439
3440,207104,https://www.revistaanfibia.com/mineria-de-arboles-chaquenos-para-vestir-a-los-ricos-del-mundo/,Minería de árboles chaqueños para vestir a los ricos del mundo,Extracción de tanino en el Gran Chaco,Irupé Tentorio; Marta Facchini,2025-11-20 14:58:40,Ambiente; Política y Economía,Crónica,"['Ambiente', 'Política y Economía']",2944
3441,207144,https://www.revistaanfibia.com/encuentro-plurinacional-de-mujeres-lo-que-fuimos-y-lo-que-queremos-ser/,Lo que fuimos y lo que queremos ser,38° Encuentro Plurinacional de Mujeres y diversidades,Valeria Salech,2025-11-25 13:02:42,Políticas de géneros,Crónica,['Políticas de géneros'],2129
3442,207172,https://www.revistaanfibia.com/el-tiempo-violentado/,El tiempo violentado,Banalización y futuro de la Historia,Federico Lorenz,2025-11-28 15:07:36,Otras,,['Otras'],3031
3443,207194,https://www.revistaanfibia.com/argentina-resentida/,Argentina (re)sentida,Adelanto,Cristian Alarcón,2025-12-01 10:18:17,Otras,Ensayo,['Otras'],3461
3444,126317,https://www.revistaanfibia.com/vengo-hablar-politica/,Vengo a hablar de política,Claudia Rodríguez en la academia de NYC,Joseph M. Pierce,2025-12-02 09:48:00,Políticas de géneros,,['Políticas de géneros'],2618
3445,215933,https://www.revistaanfibia.com/violencia-escolar-todo-estalla-en-la-escuela/,Todo estalla en la escuela,Violencia escolar,Solana Camaño,2025-12-02 11:28:44,Educación,Crónica,['Educación'],3493
3446,199585,https://www.revistaanfibia.com/con-la-afa-no-se-pelea-se-pierde-tapia-macri-milei/,"“Con la AFA no se pelea, se pierde”",Tapia contra Macri y Milei,Agustín Colombo,2025-12-03 01:59:48,Política y Economía,Ensayo,['Política y Economía'],3197
3447,207170,https://www.revistaanfibia.com/filtraciones-de-santiago-o-donnell/,Geopolítica de las filtraciones,"Periodismo, política y servicios",Santiago O´Donnell,2025-12-04 10:38:00,Política y Economía; Tecnologías,Ensayo,"['Política y Economía', 'Tecnologías']",3910
3448,217024,https://www.revistaanfibia.com/el-laboratorio-imposible/,El laboratorio imposible,Adelanto editorial,Sol Dinerstein,2025-12-04 15:44:51,Culturas,Ensayo,['Culturas'],1876
3449,217047,https://www.revistaanfibia.com/un-duelo-sin-nombre-suicidio-margarita-bachatota/,Un duelo sin nombre,¿Cómo sobrevivir al suicidio de una hija?,Graciela Giménez,2025-12-09 11:53:13,Salud,Ensayo,['Salud'],2729
3450,217106,https://www.revistaanfibia.com/inflacion-peso-dolar-unsam/,"No sos vos, es el peso",¿Cuánto confiamos los argentinos en nuestra moneda?,Estefanía Pozzo,2025-12-11 13:08:14,Política y Economía,Ensayo,['Política y Economía'],1688
3451,217118,https://www.revistaanfibia.com/hal-harper-serie-mubi-sabes-que-no-aprendi-a-vivir/,Sabés que no aprendí a vivir,Hal & Harper,Julieta Greco,2025-12-12 11:12:41,Culturas,Ensayo,['Culturas'],2591
3452,205373,https://www.revistaanfibia.com/conicet-streaming/,Yo me estoy ahogando y vos me describís el agua,El Conicet en el fondo del mar,Emilia Holstein,2025-12-15 09:30:00,Ambiente,Crónica,['Ambiente'],2199
3453,217197,https://www.revistaanfibia.com/dillom-el-musico-que-se-comio-al-personaje/,Dillom: el músico que se comió al personaje,"Urgencia punk, futurismo distópico y discurso interior",Paz Azcárate; Ezequiel Gatto,2025-12-19 10:54:26,Culturas,,['Culturas'],3876
3454,217215,https://www.revistaanfibia.com/morir-por-puto-crimen-de-odio-samuel-tobares/,Morir por puto,Samuel Tobares: crimen de odio en Córdoba,Dante Leguizamón,2025-12-22 12:22:16,Políticas de géneros,Crónica,['Políticas de géneros'],4929
3455,217234,https://www.revistaanfibia.com/ia-generativa-burbuja-y-si-el-negocio-les-sale-mal/,IA: ¿y si el negocio les sale mal?,Explotar la burbuja o recuperar la inversión,Esteban Magnani,2025-12-23 09:49:39,Tecnologías,Ensayo,['Tecnologías'],3362
3456,217303,https://www.revistaanfibia.com/la-doctrina-del-vale-todo/,La doctrina del vale todo,Las nuevas reglas del imperio de occidente,Esteban De Gori,2026-01-03 20:20:29,Política y Economía,Ensayo,['Política y Economía'],1504
3457,217318,https://www.revistaanfibia.com/un-nuevo-mapa-para-el-patio-trasero-esferas-de-influencia/,Un nuevo mapa para el patio trasero,"Trump, Venezuela y las esferas de influencia",Bernabé Malacalza,2026-01-06 16:44:07,Política y Economía,Ensayo,['Política y Economía'],3387
3458,217344,https://www.revistaanfibia.com/todos-sospechosos-cambios-en-la-side/,Todos sospechosos,Cambios en la SIDE,Germán E. Gallino,2026-01-07 12:28:39,Política y Economía,Ensayo,['Política y Economía'],2288
3459,217367,https://www.revistaanfibia.com/venezuela-delcy-rodriguez-todos-los-hombres-de-la-presidenta/,Todos los hombres de la presidenta,¿Cómo llegó Delcy Rodríguez al poder?,Luz Mely Reyes,2026-01-08 13:46:30,Política y Economía,Ensayo,['Política y Economía'],2056
3460,217372,https://www.revistaanfibia.com/si-te-vas-trae-garotos-argentinos-en-brasil-turismo/,"Si te vas, traé garotos",Argentinos en Brasil,Yann Cristal,2026-01-09 12:34:57,Política y Economía,Ensayo,['Política y Economía'],2340
3461,202203,https://www.revistaanfibia.com/incendios-desigualdad-inflamable/,La desigualdad es inflamable,Radiografía del fuego,Maristella Svampa,2026-01-12 10:53:00,Ambiente; Política y Economía,Ensayo,"['Ambiente', 'Política y Economía']",2264
3462,217406,https://www.revistaanfibia.com/papa-leon-xiv-el-equilibrista-de-roma/,El equilibrista de Roma,León XIV y los desafíos de su papado,Diego Mauro,2026-01-13 11:37:03,Política y Economía,Ensayo,['Política y Economía'],3564
3463,217412,https://www.revistaanfibia.com/gaza-en-el-espejo-de-spinoza/,Gaza en el espejo de Spinoza,"Israel, Palestina y el sentido de ser con otros",Diego Tatián,2026-01-14 09:55:34,Política y Economía,Ensayo,['Política y Economía'],2100
3464,217432,https://www.revistaanfibia.com/trump-estados-unidos-no-es-fuerza-bruta-es-fascismo/,"No es fuerza bruta, es fascismo",Estados Unidos: ¿Cómo parar a Donald Trump?,Franco Delle Donne,2026-01-15 11:37:08,Política y Economía,,['Política y Economía'],1036
3465,217468,https://www.revistaanfibia.com/jean-pierre-rosero-terapias-de-conversion-de-la-homosexualidad/,Nadie sabe lo que puede un cuerpo,"Jean Pierre Rosero: gay, prisionero, actor porno, sobreviviente",Cristian Alarcón,2026-01-16 09:00:00,Políticas de géneros,Crónica,['Políticas de géneros'],7569
3466,217585,https://www.revistaanfibia.com/la-virgen-de-la-tosquera-las-crisis-causan-nuevos-monstruos/,Las crisis causan nuevos monstruos,"La Virgen de la Tosquera, la película",Luciana Gallo,2026-01-19 15:11:27,Culturas,Ensayo,['Culturas'],2458
3467,217607,https://www.revistaanfibia.com/una-mutacion-epocal-estados-unidos-rusia-davos/,Una mutación epocal,De Ucrania a Venezuela,Claudio Sergio Ingerflom,2026-01-21 15:36:03,Política y Economía,Ensayo,['Política y Economía'],4999
3468,217655,https://www.revistaanfibia.com/seis-minutos-para-enamorarse/,Seis minutos para enamorarse,Crónica desde un bar de citas rápidas,Alejandra Torrijos,2026-01-22 14:45:06,Amor y sexo,Crónica,['Amor y sexo'],5305
3469,217634,https://www.revistaanfibia.com/folklore-y-nuevas-generaciones-que-gauchitos/,¡Qué gauchitos!,"Volver al folklore, tirar un cable a tierra",Patricio Féminis,2026-01-23 09:32:38,Culturas,,['Culturas'],1974
3470,217726,https://www.revistaanfibia.com/y-por-casa-como-andamos-racismo-en-brasil/,¿Y por casa cómo andamos?,Los gestos racistas de una turista argentina en Brasil,Diego Galeano; Bruna Portella,2026-01-26 15:06:56,Culturas,Ensayo,['Culturas'],3137
3471,217776,https://www.revistaanfibia.com/tierra-del-fuego-o-la-groenlandia-del-sur/,Tierra del Fuego o la Groenlandia del Sur,¿Qué está pasando en el fin del mundo?,Gabriel Ramonet,2026-01-27 15:15:02,Política y Economía,Ensayo,['Política y Economía'],2821
3472,201801,https://www.revistaanfibia.com/el-regreso-del-hijo-prodigo-debi-tirar-mas-fotos-bad-bunny/,El regreso del hijo pródigo,DeBÍ TiRAR MáS FOToS: Bad Bunny sacó el disco del año,Gala Décima Kozameh,2026-02-02 09:00:00,Culturas,Ensayo,['Culturas'],3047
3473,217836,https://www.revistaanfibia.com/los-herederos-de-rosas-al-rescate-del-sable-de-san-martin/,Operación rescate del sable de San Martín,Los herederos versus Milei,Candelaria Domínguez,2026-02-02 16:24:57,Otras,Crónica,['Otras'],2474
3474,217883,https://www.revistaanfibia.com/anatomia-de-una-deportacion/,Anatomía de una deportación,Texas: la farsa de los juicios contra latinos migrantes,Gabriela Polit Dueñas,2026-02-04 11:08:41,Política y Economía,Crónica,['Política y Economía'],5075
3475,162725,https://www.revistaanfibia.com/las-travestis-tejimos-rebeldia2/,Las travestis tejimos rebeldía,"Pensar con Lohana, diez años después",Lohana Berkins,2026-02-05 02:13:00,Políticas de géneros,Ensayo,['Políticas de géneros'],1265
3476,217966,https://www.revistaanfibia.com/dios-atiende-en-brasil-migracion-misiones/,Dios atiende en Brasil,Migración laboral masiva en Misiones,Sergio Alvez,2026-02-06 12:47:12,Política y Economía,Crónica,['Política y Economía'],3221
3477,218040,https://www.revistaanfibia.com/policias-uber-el-gatillo-al-volante/,Poli-ubers: el gatillo al volante,"Seguridad, precarización y capitalismo de plataformas",María Florencia Alcaraz,2026-02-12 13:36:38,Política y Economía; Tecnologías,Crónica,"['Política y Economía', 'Tecnologías']",2913
3478,218052,https://www.revistaanfibia.com/los-heroes-de-la-cruzada-viril/,Los héroes de la cruzada viril,"Chads, cryptobros y las masculinidades libertarias",Ramiro Palmieri,2026-02-14 07:00:00,Política y Economía; Políticas de géneros,Ensayo,"['Política y Economía', 'Políticas de géneros']",1954
3479,218001,https://www.revistaanfibia.com/murgas-una-fiesta-de-puertas-abiertas/,Una fiesta de puertas abiertas,"La murga, entre el prejuicio y la resistencia",Enzo Maqueira,2026-02-15 07:00:00,Culturas,Crónica,['Culturas'],2990
3480,218078,https://www.revistaanfibia.com/hamnet-retrato-de-una-mujer-en-llamas/,Retrato de una mujer en llamas,Hamnet: ¿se puede separar un duelo de un nombre?,Julieta Greco,2026-02-18 11:54:11,Culturas,Ensayo,['Culturas'],3835
3481,217176,https://www.revistaanfibia.com/reforma-laboral-no-hay-una-sola/,Reforma laboral no hay una sola,Se define el futuro del trabajo en la Argentina,Matías Maito; Juan Manuel Ottaviano,2026-02-19 09:45:00,Política y Economía,,['Política y Economía'],1758
3482,218115,https://www.revistaanfibia.com/reforma-laboral-fragiles-atomizados-individualizados/,"Frágiles, atomizados, individualizados",Reforma laboral y cambio de época,Eduardo Chávez Molina,2026-02-20 15:19:00,Política y Economía,Ensayo,['Política y Economía'],1444
3483,218152,https://www.revistaanfibia.com/ley-de-glaciares-nosotros-tambien-nos-estamos-derritiendo/,Nosotros también nos estamos derritiendo,Contra la reforma de la Ley de Glaciares,Alejo di Risio,2026-02-23 15:11:41,Política y Economía,Ensayo,['Política y Economía'],3050
3484,218180,https://www.revistaanfibia.com/despidos-fate-trabajadores-en-extincion/,Trabajadores en extinción,"Reforma, paro, cierres, despidos",Gilda Izurieta,2026-02-24 09:47:35,Política y Economía,Crónica,['Política y Economía'],2716
3485,218227,https://www.revistaanfibia.com/reforma-penal-juvenil-ninos-a-la-escuela-menores-a-la-carcel/,"Niños a la escuela, menores a la cárcel",La reforma del régimen penal juvenil,María Carolina Zapiola; María Florencia Gentile,2026-02-27 09:30:51,Política y Economía,Ensayo,['Política y Economía'],2300
3486,218257,https://www.revistaanfibia.com/los-suenos-y-las-guerras-milei-congreso-sesiones-ordinarias/,Los sueños y las guerras,Milei en el Congreso: aceleración y política de la catástrofe,Luis Ignacio García,2026-03-02 12:55:51,Política y Economía,Ensayo,['Política y Economía'],2850
3487,218283,https://www.revistaanfibia.com/lucrecia-martel-en-la-tierra-de-chocobar/,Lucrecia Martel en la tierra de Chocobar,Un true crime norteño contra la indiferencia argentina,Sebastián Hacher,2026-03-03 13:17:24,Otras,Ensayo,['Otras'],2670
3488,218303,https://www.revistaanfibia.com/el-fuego-camina-conmigo-guerra-medio-oriente/,El fuego camina conmigo,EE.UU. y Medio Oriente: las calles hablan en medio de la guerra,Mariela Cuadro,2026-03-04 13:29:35,Política y Economía,Ensayo,['Política y Economía'],1972
3489,218341,https://www.revistaanfibia.com/pedro-sanchez-contra-el-trumpismo/,Pedro Sánchez contra el trumpismo,Lo que queda del progresismo europeo,,2026-03-05 14:36:35,Otras,Ensayo,['Otras'],4945
3490,218358,https://www.revistaanfibia.com/litio-la-hija-del-salar/,La hija del salar,Extracción de litio en la puna catamarqueña,Camila Parodi,2026-03-09 10:38:20,Política y Economía,Crónica,['Política y Economía'],5216
3491,218394,https://www.revistaanfibia.com/pablo-grillo-el-primer-ano-del-resto-de-su-vida/,El primer año del resto de su vida,Pablo Grillo,Mauricio Caminos,2026-03-11 13:01:11,Política y Economía,Crónica,['Política y Economía'],4124
3492,204162,https://www.revistaanfibia.com/manuel-adorni-jugar-a-la-politica/,Jugar a la política,"Manuel Adorni, el ganador menos pensado",Gabriela Vulcano,2026-03-12 10:57:00,Política y Economía,Crónica,['Política y Economía'],2708
3493,218438,https://www.revistaanfibia.com/un-amigo-es-una-luz-milei-novelli-libra/,Un amigo es una luz,Nuevas revelaciones del caso $LIBRA,Martina Garbarz,2026-03-16 12:52:53,Política y Economía,Crónica,['Política y Economía'],2925
3494,218486,https://www.revistaanfibia.com/la-musica-es-lo-de-menos-ca7riel-y-paco-amoroso-free-spirits/,La música es lo de menos,El marketing 360° de CA7RIEL y Paco Amoroso,Gala Décima Kozameh,2026-03-20 08:52:49,Culturas,Ensayo,['Culturas'],5022
3495,218516,https://www.revistaanfibia.com/anatomia-de-una-fecha-50-anos-del-golpe/,Anatomía de una fecha,50 años del golpe: no se puede completar el 24 de marzo,Juan José Becerra,2026-03-20 16:17:26,Política y Economía,Ensayo,['Política y Economía'],2142
3496,218546,https://www.revistaanfibia.com/mas-o-menos-nunca-mas/,Más o menos nunca más,50 años del golpe: qué piensan los votantes de Milei,Gabriel Kessler; Gabriel Vommaro,2026-03-20 16:18:53,Política y Economía,Ensayo,['Política y Economía'],3540
3497,218564,https://www.revistaanfibia.com/dibujo-a-mi-tio-para-encontrarlo/,Dibujo a mi tío para encontrarlo,50 años del golpe: la violencia previa,María Elizagaray Estrada,2026-03-20 16:20:23,Política y Economía,Crónica,['Política y Economía'],1785
3498,218484,https://www.revistaanfibia.com/con-los-panuelos-no-alcanza-escuelas-50-anos-del-golpe/,Con los pañuelos no alcanza,50 años del golpe: historia y memoria en las escuelas,Manuel Becerra,2026-03-20 16:20:52,Educación; Política y Economía,Ensayo,"['Educación', 'Política y Economía']",5047
3499,218518,https://www.revistaanfibia.com/50-anos-del-golpe-24m-reaparecidos/,Reaparecidos,50 años del Golpe: identificar los cuerpos,Natalia Arenas,2026-03-20 16:21:43,Política y Economía,Crónica,['Política y Economía'],3151
3500,218651,https://www.revistaanfibia.com/el-odio-el-inodoro/,"El odio, el inodoro",50 años del golpe: Caparrós escribe a Videla,Martín Caparrós,2026-03-25 14:05:29,Política y Economía,Ensayo,['Política y Economía'],150
3501,218691,https://www.revistaanfibia.com/geonnitus-narrativas-ambientales-quien-siente-vaca-muerta/,¿Quién siente Vaca Muerta?,"Geonnitus, un concierto audiovisual sobre el fracking",María Mansilla; Alejo di Risio,2026-03-27 12:55:43,Política y Economía,Ensayo,['Política y Economía'],2654
3502,218734,https://www.revistaanfibia.com/violencia-armas-y-abuso-sexual-en-la-escuela-los-secretos-de-la-paz/,Los secretos de La Paz,"Violencia, armas y abuso sexual en la escuela",Gisela Marsala Cardona,2026-03-30 17:51:13,Educación; Políticas de géneros,Crónica,"['Educación', 'Políticas de géneros']",3342
3503,218893,https://www.revistaanfibia.com/tiroteo-en-san-cristobal-y-nosotros-a-salvo/,"Y nosotros, a salvo",Tiroteo y muerte en la escuela,Micaela Cuesta,2026-04-01 15:34:50,Educación,Ensayo,['Educación'],1549
3504,218932,https://www.revistaanfibia.com/la-escuela-no-es-un-lugar-para-morir/,La escuela no es un lugar para morir,Tiroteo en San Cristóbal,Solana Camaño,2026-04-01 16:38:49,Educación,Crónica,['Educación'],2323
3505,218787,https://www.revistaanfibia.com/montoneros-una-historia-visual-maria-odonnell/,"Montoneros, putos y faloperos",Adelanto del nuevo libro de María O’Donnell,María O'Donnell,2026-04-04 08:00:00,Políticas de géneros,Ensayo,['Políticas de géneros'],1137
3506,218966,https://www.revistaanfibia.com/los-dividendos-del-apocalipsis/,Los dividendos del apocalipsis,"Buques, seguros y alimentos en la guerra con Irán",Diego Llumá,2026-04-07 10:39:42,Política y Economía,Ensayo,['Política y Economía'],3314
3507,218996,https://www.revistaanfibia.com/posicion-adelantada-nacho-lago-colon-closet/,Posición adelantada,Salir del clóset en el fútbol,Adrián Melo,2026-04-08 12:34:00,Políticas de géneros,Ensayo,['Políticas de géneros'],2421
3508,120343,https://www.revistaanfibia.com/samanta-schweblin-la-embajadora-del-tiempo/,La embajadora del tiempo,Samanta Schweblin en Berlín,Natalia Laube,2026-04-09 07:44:00,Culturas,Crónica,['Culturas'],3672
3509,219021,https://www.revistaanfibia.com/anestesiame/,Anestesiame,¿Qué hay detrás de la propofest y los médicos detonados?,Gabriela Saidon,2026-04-09 15:01:28,Culturas; Salud,Ensayo,"['Culturas', 'Salud']",3183
3510,219027,https://www.revistaanfibia.com/vuelta-por-el-universo-luna-artemis-nasa-atenea/,Vuelta por el universo,Volvimos a la Luna,Nadia Luna,2026-04-10 12:50:00,Política y Economía,Ensayo,['Política y Economía'],3328
3511,219084,https://www.revistaanfibia.com/apenas-periodistas/,Apenas periodistas,Precarizados y atacados por el gobierno,Silvina Heguy,2026-04-10 16:12:02,Política y Economía,Ensayo,['Política y Economía'],2444
3512,219096,https://www.revistaanfibia.com/cuba-coreografia-de-la-decepcion/,Coreografía de la decepción,¿Qué queda en Cuba?,Darío Alejandro Escobar,2026-04-13 14:39:28,Política y Economía,Crónica,['Política y Economía'],4466
3513,219190,https://www.revistaanfibia.com/roban-pero-ajustan/,"Roban, pero ajustan",Adorni y el mapa de la corrupción,Martina Garbarz,2026-04-15 10:30:32,Política y Economía,Crónica,['Política y Economía'],2876
3514,219265,https://www.revistaanfibia.com/elizabeth-duval-por-que-nos-conformamos-con-menos/,¿Por qué nos conformamos con menos?,"Ideas, palabras, activismo, justicia y felicidad",Elizabeth Duval,2026-04-16 12:56:19,Política y Economía,Ensayo,['Política y Economía'],2375
3515,219482,https://www.revistaanfibia.com/oh-my-god/,Oh my god,Homenaje a Francisco en Plaza de Mayo,Alejandra Torrijos,2026-04-19 20:12:13,Culturas,,['Culturas'],2917
3516,219664,https://www.revistaanfibia.com/la-cruzada-de-la-extrema-derecha-contra-la-democracia/,La cruzada de la extrema derecha contra la democracia,Novedad de Unsam Edita,Monica Herz; Giancarlo Summa,2026-04-21 10:35:49,Política y Economía,Ensayo,['Política y Economía'],4347
3517,217164,https://www.revistaanfibia.com/los-tecno-oligarcas-colonizan-washington-peter-thiel/,Los tecno-oligarcas colonizan Washington,Peter Thiel y el liberalismo sin democracia,Enzo Girardi,2026-04-22 02:55:00,Política y Economía,Ensayo,['Política y Economía'],2387
3518,219682,https://www.revistaanfibia.com/transporte-amba-cuanto-tiempo-mas-llevara/,¿Cuánto tiempo más llevará?,El caos de viajar en transporte público,Solana Camaño,2026-04-22 09:47:47,Política y Economía,Crónica,['Política y Economía'],2569
3519,219711,https://www.revistaanfibia.com/juicio-maria-magdalena-soledad-deza-secreto-profesional/,Juicio al poder médico,Aborto y secreto profesional,Soledad Deza,2026-04-23 10:35:34,Políticas de géneros,Crónica,['Políticas de géneros'],2117
3520,218855,https://www.revistaanfibia.com/malvinas-bajo-la-doctrina-donroe/,Malvinas bajo la Doctrina Donroe,¿Trump y Milei avanzan en las islas?,Lucca Conte Giannetti,2026-04-24 11:36:30,Política y Economía,Ensayo,['Política y Economía'],2693
3521,219796,https://www.revistaanfibia.com/rossana-reguillo-la-pasion-nomade/,La pasión nómade,Rossana Reguillo,Verónica Gago,2026-04-27 10:06:57,Culturas,Crónica,['Culturas'],2740
3522,219855,https://www.revistaanfibia.com/polimorosos/,Polimorosos,Sobreendeudados para vivir,Ileana Arduino; Luci Cavallero,2026-04-28 11:38:06,Política y Economía,Ensayo,['Política y Economía'],3586
3523,219887,https://www.revistaanfibia.com/casinos-online-el-lado-b-de-las-apuestas-ilegales/,El lado B de las apuestas ilegales,Cajeras online,María Florencia Alcaraz,2026-04-30 08:07:00,Política y Economía; Políticas de géneros,Crónica,"['Política y Economía', 'Políticas de géneros']",2994
3524,219903,https://www.revistaanfibia.com/viviras-entre-luciernagas/,Vivirás entre luciérnagas,Despedimos a Rosana Reguillo,,2026-05-02 08:30:00,Culturas,Ensayo,['Culturas'],5045
3525,219917,https://www.revistaanfibia.com/rezo-por-vos-papa-francisco-el-ultimo-hombre-bueno/,Rezo por vos,"Un fragmento de “Francisco, el último hombre bueno”",Florencia Angilletta,2026-05-04 10:08:57,Política y Economía,Ensayo,['Política y Economía'],1641
3526,219937,https://www.revistaanfibia.com/la-retirada-de-ypf/,La retirada de YPF,La nueva estrategia petrolera,Ignacio Cretini,2026-05-05 08:02:04,Ambiente; Política y Economía,Ensayo,"['Ambiente', 'Política y Economía']",3985
3527,219984,https://www.revistaanfibia.com/leer-es-una-guerra-por-el-tiempo/,Leer es una guerra por el tiempo,"Precarización laboral, gestión algorítmica y extractivismo atencional",Julián Hofele; Victoria O’Donnell,2026-05-07 07:29:45,Otras,Ensayo,['Otras'],3645
3528,219969,https://www.revistaanfibia.com/por-que-amar-lo-suficiente-a-los-periodistas-futuro-imperfecto-festival-anfibio/,Por qué amar lo suficiente a los periodistas,Vuelve Futuro Imperfecto Vol.3,María Mansilla,2026-05-08 11:55:30,Ambiente; Amor y sexo; Culturas; Educación; Política y Economía; Políticas de géneros; Salud; Tecnologías,Crónica,"['Ambiente', 'Amor y sexo', 'Culturas', 'Educación', 'Política y Economía', 'Políticas de géneros', 'Salud', 'Tecnologías']",1681
3529,220090,https://www.revistaanfibia.com/aluvional/,Aluvional,Estreno de Play en Buenos Aires,Micaela Cuesta,2026-05-11 12:12:12,Culturas,Ensayo,['Culturas'],1852
3530,220110,https://www.revistaanfibia.com/resistire-universidades-plan-sistematico-degradacion/,Resistiré,Universidades: el plan sistemático de degradación,Martín Ale,2026-05-12 07:01:17,Educación; Política y Economía,Crónica,"['Educación', 'Política y Economía']",2700
3531,220127,https://www.revistaanfibia.com/otro-caso-aislado-de-odio/,Otro caso aislado de odio,¿Cómo frenar la violencia contra personas LGBTINB+?,Marcelo Moretti,2026-05-13 08:00:00,Otras,Ensayo,['Otras'],3049
3532,220142,https://www.revistaanfibia.com/anfibia-es-un-festival/,Anfibia es un festival,Empezó Futuro Imperfecto Volumen 3,,2026-05-13 19:53:53,Culturas; Política y Economía,,"['Culturas', 'Política y Economía']",693
3533,220133,https://www.revistaanfibia.com/narrar-las-ciudades/,Narrar las ciudades,El espíritu fundacional y la construcción de futuro,Carlos Lazzarini,2026-05-15 16:00:00,Culturas,Ensayo,['Culturas'],1646
3534,220190,https://www.revistaanfibia.com/como-romper-un-gobierno-en-seis-meses/,Cómo romper un gobierno en seis meses,Crisis política y social en Bolivia,Mijail Miranda,2026-05-20 00:53:14,Política y Economía,,['Política y Economía'],1459
3535,204375,https://www.revistaanfibia.com/ajuste-en-salud-enfermos/,Enfermos,Destrucción del sistema de salud,Alejandra Sánchez Cabezas; Hugo Mercer,2026-05-20 12:18:00,Política y Economía; Salud,Ensayo,"['Política y Economía', 'Salud']",3239
3536,220246,https://www.revistaanfibia.com/gemelo-digital-social-desmantelar-y-vigilar/,Gemelo Digital: desmantelar y vigilar,El sueño del control total,Hernán Borisonik,2026-05-27 10:50:11,Política y Economía; Tecnologías,Ensayo,"['Política y Economía', 'Tecnologías']",3195
3537,220264,https://www.revistaanfibia.com/si-hay-plata-ley-de-financiamiento-universitario/,Sí hay plata,La destrucción planificada de las universidades,Juan Pablo Bohoslavsky; Francisco Cantamutto,2026-05-28 07:56:26,Educación; Política y Economía,Ensayo,"['Educación', 'Política y Economía']",3098
3538,220366,https://www.revistaanfibia.com/preparate-para-vivir-cien-anos/,Preparate para vivir cien años,Nuevas longevidades,Gabriela Cerruti,2026-05-29 15:16:02,Culturas; Salud,Ensayo,"['Culturas', 'Salud']",4248
3539,204809,https://www.revistaanfibia.com/julia-mengolini-un-objetivo-simple-y-brutal/,Un objetivo simple y brutal,Discursos de odio,Julia Mengolini,2026-06-01 10:14:00,Política y Economía,Ensayo,['Política y Economía'],2728
3540,220461,https://www.revistaanfibia.com/agostina-vega-ni-una-menos-marcela-ojeda/,Nos siguen matando,A 11 años de Ni Una Menos,Marcela Ojeda,2026-06-01 10:42:59,Políticas de géneros,Crónica,['Políticas de géneros'],1426
3541,220508,https://www.revistaanfibia.com/el-triunfo-del-yopitalismo/,El triunfo del yopitalismo,Elecciones presidenciales en Colombia,Omar Rincón,2026-06-02 11:03:09,Política y Economía,Ensayo,['Política y Economía'],2047
3542,220331,https://www.revistaanfibia.com/el-sueldo-se-me-va-en-pagar-las-deudas/,El sueldo se me va en pagar las deudas,"Economía familiar, política y democracia",Ariel Wilkis,2026-06-04 08:46:04,Política y Economía,Ensayo,['Política y Economía'],2468
3543,61533,https://www.revistaanfibia.com/la-decepcion-lo-idilico/,La decepción de lo idílico,Indio Solari en Olavarría,Josefina Cingolani,2026-06-05 08:00:00,Políticas de géneros,,['Políticas de géneros'],3037
3544,163530,https://www.revistaanfibia.com/redondos-el-ultimo-pogo-bestial-con-jijiji/,El último pogo bestial con JiJiJi,El estallido también se tragó a Los Redondos,Mariano del Mazo,2026-06-05 09:11:00,Culturas,,['Culturas'],1457
3545,220558,https://www.revistaanfibia.com/adaptarse-al-fuego-la-patagonia/,Adaptarse al fuego,Patagonia: ¿cómo hacemos de las ruinas un hogar?,María Mansilla,2026-06-05 09:17:16,Ambiente,Crónica,['Ambiente'],2759
3546,2932,https://www.revistaanfibia.com/devocion-al-indio-sufrimiento-y-extasis-ricotero/,Sufrimiento y éxtasis ricotero,"Los mismos ritos, otro final",Paula Bistagnino,2026-06-05 09:45:00,Culturas,,['Culturas'],2471
3547,220641,https://www.revistaanfibia.com/indio-solari-la-dicha-no-es-una-cosa-alegre/,La dicha no es una cosa alegre,Despedida al Indio Solari,Fernando Soriano,2026-06-08 06:14:17,Culturas,Crónica,['Culturas'],1920
3548,220723,https://www.revistaanfibia.com/el-indio-nos-dio-un-codigo/,El Indio nos dio un código,"Arte, policía, política y autogestión",Ana Longoni,2026-06-08 12:52:35,Culturas; Política y Economía,Crónica,"['Culturas', 'Política y Economía']",1641
3549,220747,https://www.revistaanfibia.com/con-el-indio-se-murio-mi-juventud/,Con el Indio se murió mi juventud,"Las primeras ""minitas"" en el pogo más grande del mundo",Malvina Silba,2026-06-08 15:40:10,Culturas; Política y Economía,Crónica,"['Culturas', 'Política y Economía']",2087
3550,220763,https://www.revistaanfibia.com/los-rios-subterraneos-los-redondos-indio-solari/,Los ríos subterráneos,Los Redondos y los desamparados de los noventa,Gabriela Cerruti,2026-06-09 09:16:06,Culturas,Ensayo,['Culturas'],3775
3551,220774,https://www.revistaanfibia.com/operacion-masacre-fusilamientos-jose-leon-suarez-desiderio-fernandez-suarez-el-fusilador-oculto/,El fusilador oculto de Operación Masacre,70 años de los fusilamientos de José León Suárez,Mauricio Caminos; Facundo Lo Duca,2026-06-09 10:40:16,Política y Economía,Crónica,['Política y Economía'],3478
3552,220810,https://www.revistaanfibia.com/el-bien-y-el-mal-definen-por-penal-mundial-2026/,El bien y el mal definen por penal,La geopolítica del Mundial 2026,Alejandro Frenkel,2026-06-10 08:46:07,Culturas; Política y Economía,Ensayo,"['Culturas', 'Política y Economía']",3121
3553,220848,https://www.revistaanfibia.com/pais-de-boludos/,País de boludos,La cara boba de un plan siniestro,Luis Ignacio García,2026-06-11 17:05:52,Política y Economía,Ensayo,['Política y Economía'],1834
3554,220819,https://www.revistaanfibia.com/todo-lo-que-nos-deja-el-festival-anfibio/,Todo lo que nos deja el Festival Anfibio,Futuro Imperfecto Vol.3: bitácora en vivo,Laureano Debat,2026-06-12 08:57:32,Culturas; Política y Economía,Crónica,"['Culturas', 'Política y Economía']",3580
3555,220860,https://www.revistaanfibia.com/que-el-cielo-nos-corresponda-mundial-2026/,Que el cielo nos corresponda,La ilusión argentina en el Mundial de Trump,Juan Stanisci,2026-06-16 10:37:01,Culturas,Ensayo,['Culturas'],2690
