doc_id,title_text,tagline,post_tag,post_date,topic,topic_label,umap_sem_x,umap_sem_y,umap_tem_x,umap_tem_y
0,La China invisible,Feria La Salada,,2012-05-14 13:43:22,1,1_feminismo_feminista_patriarcado,8.872499,6.4425864,9.242599,-3.3652408
1,El rico que se cree Steve Jobs,Gustavo Grobocopatel,Perfil político,2012-05-24 13:36:12,15,15_sindicalismo_reforma_político,9.927259,2.5370178,7.019087,1.5576261
2,La vaca sagrada,,,2012-06-05 14:52:58,37,37_astrónomo_ciencia_universo,9.757288,4.3520083,7.542215,-2.1484888
3,Los arruinados del Paraná,Adictos al juego,,2012-06-14 10:16:11,20,20_ríos_río_arroyo,9.2952385,6.294294,6.8144603,-1.5619903
4,De Chile a Tacna: una historia de carniceros y cirujanos,,,2012-06-25 14:52:05,39,39_morir_muerte_moribundo,8.897676,3.116982,9.189202,-1.2573466
5,Bolivia en llamas,,,2012-06-28 14:19:51,10,10_boliviano_bolivia_político,11.009377,4.3983455,6.886622,4.4961987
6,Los líderes de la primavera mexicana (I),,,2012-07-06 13:27:04,5,5_pedagógico_enseñanza_escolar,11.018834,4.464336,4.1274137,-2.5460994
7,Nunca te metas con las mariscadoras de Vigo,,,2012-07-16 17:08:34,33,33_submarino_marino_naufragio,8.792879,6.3193836,3.924575,0.24837925
8,"Lucía, la remadora olímpica de las manos imposibles",,,2012-07-23 17:32:48,20,20_ríos_río_arroyo,10.480628,2.5553641,4.8538094,-1.1112695
9,El fisicoculturista que no puede mirarse en el espejo,,,2012-07-30 15:38:38,11,11_asesino_testimonio_testigo,10.156985,2.279913,7.0333443,-1.7835788
10,Lo revolucionario de la naturaleza,Héctor Tizón,,2012-08-07 10:53:30,3,3_literario_escritora_autor,8.322294,2.1869574,6.501261,-4.7745705
11,I love Pablo Escobar,,,2012-08-09 11:32:24,42,42_padre_papá_hijo,9.218335,2.9253654,7.408202,-2.2265449
12,Uruguay: lapidados por la TV,,,2012-08-29 11:33:57,11,11_asesino_testimonio_testigo,9.234425,3.6538315,7.5513434,-2.0182571
13,La derecha respira,Espiritualidades,,2012-09-11 09:01:39,24,24_arte_artes_art,9.669189,2.5021684,12.87569,-2.075366
14,Cacerolas: rebelión y felicidad,,,2012-09-18 13:18:52,40,40_manifestación_feminista_multitud,10.105709,3.556038,9.048478,4.799234
15,El debut político de los nativos digitales,Escuelas tomadas,,2012-09-28 13:35:50,5,5_pedagógico_enseñanza_escolar,6.004371,5.8170643,3.6952448,-3.230668
16,La reforma agraria de las mujeres guaraníes,,,2012-10-01 17:32:04,20,20_ríos_río_arroyo,8.840531,6.442866,5.2809987,-1.2879962
17,Fluidos trans: arte y performance queer,,Memoria trans,2012-10-02 16:59:55,24,24_arte_artes_art,6.155689,3.6728697,12.347516,-2.4511094
18,Jóvenes de San Judas: el México desesperado,,,2012-10-10 14:04:09,1,1_feminismo_feminista_patriarcado,9.323879,3.813911,8.1443405,-2.3196256
19,Sufrir por amor,Sado gay,,2012-10-16 11:55:37,22,22_música_musical_músico,6.321427,3.9711974,14.807451,-4.088544
20,Estalló el verano,,,2012-11-09 13:57:50,10,10_boliviano_bolivia_político,8.218753,4.3766584,9.264763,4.345005
21,Histórico: se votó en Clarín,,,2012-11-16 14:13:53,15,15_sindicalismo_reforma_político,11.89327,6.1733804,6.4115553,1.5320992
22,Más allá del padre,Facundo Moyano,,2012-11-22 11:02:28,15,15_sindicalismo_reforma_político,10.945362,4.704048,6.377069,1.5045172
23,"Ludmer, una máquina de lectura",,,2012-11-28 12:55:02,3,3_literario_escritora_autor,7.6897144,2.3583915,6.7238364,-5.011408
24,Limpiar la muerte,,,2012-12-05 12:36:41,11,11_asesino_testimonio_testigo,9.074986,4.364261,7.0605435,-1.7803057
25,EL REGRESO A LA TIERRA PROMETIDA,,,2012-12-05 14:53:00,2,2_fifa_futbolista_fútbol,10.813142,2.5897632,5.8078227,11.379043
26,Algo más que humo,,,2012-12-07 12:43:02,8,8_epidemia_vacunar_virus,7.8326116,7.852978,7.7887006,-0.47523513
27,La desahuciada que narra,,,2012-12-12 09:04:27,19,19_periodista_periodístico_periódico,8.258683,2.8147526,7.225837,-1.4169766
28,¿Qué tan lejos llegan en 15 segundos?,Israel y Palestina,Internacional; Israel; Palestina,2012-12-19 13:20:00,27,27_israel_netanyahu_israelí,11.199128,8.181454,14.630489,6.425282
29,Nos llevará la corriente,Maratón acuática,,2013-02-01 15:54:25,20,20_ríos_río_arroyo,9.989029,3.0023987,4.816372,-1.1309271
30,"Tortas, putos y cumbieros",,,2013-02-07 12:29:03,38,38_bailarín_tango_protagonista,9.378729,5.4119964,14.163601,-3.8705187
31,Sonata para tres,,,2013-02-08 15:16:24,42,42_padre_papá_hijo,7.4824076,2.2722569,14.562623,-4.1392326
32,Una guerra de sangre y fuego en el paraíso mapuche,,,2013-02-13 14:16:47,11,11_asesino_testimonio_testigo,9.941349,4.2286205,7.6995482,-2.2961586
33,El sol de tu bravura,,Internacional; Venezuela,2013-03-06 11:22:46,10,10_boliviano_bolivia_político,11.365662,4.138961,6.9275684,3.64503
34,Subido al caballo,,,2013-03-11 10:20:05,11,11_asesino_testimonio_testigo,10.311117,2.9806023,7.697333,-2.423636
35,Filipinas: un viaje al otro lado del mundo,,,2013-03-12 11:20:35,20,20_ríos_río_arroyo,9.540601,3.0697355,5.499972,-1.0865682
36,La balada del perro y la muerte,Rosario,,2013-03-25 12:05:06,32,32_catástrofe_desastre_tragedia,8.413715,6.1415286,6.1961365,-1.1435162
37,"Mi tío, un desaparecido",Premio Centro Cultural de la Memoria Haroldo Conti,,2013-03-26 16:31:20,11,11_asesino_testimonio_testigo,8.7399845,3.5429704,7.5319786,-2.55422
38,Somos menos,Inundación de La Plata,,2013-04-05 12:55:17,20,20_ríos_río_arroyo,9.116969,4.7630553,5.7917085,-1.1226026
39,Los muertos negados,Inundación de La Plata,,2013-04-12 15:41:41,32,32_catástrofe_desastre_tragedia,9.21291,4.2341585,6.439063,-1.4366217
40,La 12: historia de una traición,Barras bravas,Barras bravas; Boca Juniors; Fútbol,2013-05-02 12:31:26,2,2_fifa_futbolista_fútbol,10.147403,2.2489762,5.683857,11.1678295
41,La belleza del cuerpo femenino,Forzudas,,2013-05-13 15:12:53,1,1_feminismo_feminista_patriarcado,5.624842,3.3763976,9.824277,-3.6398516
42,TRIBILÍN: MI MAMÁ ME MIMA,,,2013-06-06 14:42:23,11,11_asesino_testimonio_testigo,5.909184,5.4641314,7.9766793,-2.5150833
43,Aguantar no es chamuyar,Hinchas y barras,,2013-06-18 13:28:10,2,2_fifa_futbolista_fútbol,10.432073,3.2280781,5.7368274,11.308237
44,Campo de Mayo: cómo quebrar a un rugbier,Rugby y masculinidades,,2013-06-26 12:00:50,2,2_fifa_futbolista_fútbol,9.752566,4.3279686,5.7436433,11.464583
45,Policías en acción,Violencia en Budge,Violencia policial,2013-07-01 14:45:51,6,6_asesinato_policía_policial,9.115099,4.5481706,7.7063065,-1.4316036
46,La TV hardcore,Luis Ventura,,2013-07-08 14:03:25,19,19_periodista_periodístico_periódico,8.328674,3.7815776,7.385224,-1.6404732
47,Morir como perros,,,2013-07-31 14:13:16,32,32_catástrofe_desastre_tragedia,8.256646,6.4040112,6.238987,-1.1655837
48,Dejarlo todo,Premio Nuevas Plumas,,2013-08-15 16:43:03,32,32_catástrofe_desastre_tragedia,9.264298,5.201367,6.485858,-1.2694309
49,Imaginate este lugar todo lleno de armas,,,2013-08-25 16:15:06,7,7_aborto_abortar_anticonceptivo,8.790575,5.174932,7.624391,-1.4573145
50,Los fantasmas del Facebook,,,2013-08-27 12:17:24,31,31_digital_internet_tecnología,7.021987,6.6285367,10.832633,1.9733266
51,¿Quién le teme a Félix Díaz?,,,2013-09-02 14:51:53,20,20_ríos_río_arroyo,10.554512,4.537673,8.128073,3.7935307
52,El principio de la noche interminable,Laura Carlotto,,2013-09-06 16:54:06,14,14_mediático_periodístico_político,8.671608,3.6893256,7.592432,-1.9447131
53,A esta nena la mataron,,,2013-09-09 11:17:41,11,11_asesino_testimonio_testigo,8.547967,4.0999975,6.9267015,-1.5674069
54,OVNIS: TE JURO QUE LOS VI,Misterios del universo,,2013-09-11 10:56:53,19,19_periodista_periodístico_periódico,8.123899,6.8780055,12.056557,0.6236281
55,Mickey Mouse es un jubilado con hambre,Disney World,,2013-09-24 17:46:32,11,11_asesino_testimonio_testigo,7.125051,5.8166428,7.484334,-2.620313
56,Cómo escapar de la picadora de carne,Mondongo,,2013-09-30 13:35:19,24,24_arte_artes_art,8.260726,2.9958434,12.802111,-2.2915657
57,El olvido de los cangrejos,Neurociencias,,2013-10-07 18:47:47,37,37_astrónomo_ciencia_universo,7.1126847,6.683059,9.903146,0.07658867
58,"Justicia, aunque sea lo último que haga",Caso Solano,,2013-10-16 15:04:00,20,20_ríos_río_arroyo,9.182797,3.738217,5.444291,-1.3502473
59,Sentirse boliviano en Buenos Aires,,,2013-10-18 11:42:17,40,40_manifestación_feminista_multitud,10.633038,3.474908,8.92003,4.764147
60,El candidato esponja: de liberal a conservador popular,Sergio Massa,,2013-10-21 18:03:39,0,0_político_política_electoral,12.082062,5.2060356,7.861255,5.3149004
61,El equilibrista: del relato ideológico a la historia mínima,Martín Insaurralde,,2013-10-24 17:13:47,0,0_político_política_electoral,12.252637,5.610094,7.4969854,5.0416684
62,Llevame al casting,Castings de niños,,2013-10-29 16:08:01,29,29_ficción_protagonista_personaje,6.3815637,5.0285273,7.793604,-2.5072556
63,Sangrar por dentro,,,2013-10-31 15:38:42,39,39_morir_muerte_moribundo,8.270244,2.1481926,7.2586875,-2.0014932
64,Bolivia: Los linchados de El Alto,Beca Crónica en Bolivia,BA,2013-11-04 17:38:30,41,41_pobreza_inmobiliario_habitante,8.950062,3.7581046,6.885571,-1.1507852
65,¿Qué tenés ahí?,Día de los Difuntos,,2013-11-06 11:36:41,22,22_música_musical_músico,8.552716,4.904409,7.0321593,-1.1986749
66,Verte entre la multitud,,,2013-11-08 11:02:14,24,24_arte_artes_art,8.011192,3.570256,12.740819,-3.0015874
67,La vieja felicidad del éxtasis,Creamfields,,2013-11-11 17:44:07,38,38_bailarín_tango_protagonista,7.0314307,3.7538328,14.228497,-3.831142
68,Un remedio cada 20 años,Medicamentos,,2013-11-13 15:03:02,39,39_morir_muerte_moribundo,7.747871,7.5238185,9.148181,-1.04937
69,EL REGRESO DE LA MATRIA GRANDE,Bachelet,,2013-11-18 12:41:21,18,18_chileno_chile_político,11.342686,4.770258,3.944035,3.8887117
70,El estilo en la mirada,Perfil de Hebe Uhart,,2013-11-20 18:36:54,3,3_literario_escritora_autor,7.7600136,2.3718505,6.677262,-4.9682503
71,"Vení conmigo, no te voy a traicionar",,,2013-11-26 11:43:12,2,2_fifa_futbolista_fútbol,10.795773,2.5798707,5.4501786,11.614844
72,Serena Williams: la nueva Venus negra,,,2013-12-01 14:16:40,19,19_periodista_periodístico_periódico,7.7033343,3.2160122,9.4007225,-3.4890337
73,Mis días con Giselle Rímolo en la cárcel,Primer Premio de Crónicas La Voluntad,,2013-12-02 17:12:24,1,1_feminismo_feminista_patriarcado,7.672101,2.6208546,9.685862,-4.214036
74,Venancio y Gregorio vuelven del exilio,Ventriloquía,,2013-12-15 16:54:57,11,11_asesino_testimonio_testigo,8.694397,2.649769,7.5808506,-2.351081
75,"Soy cuartetero, ¿y qué?",,,2013-12-18 15:44:15,22,22_música_musical_músico,8.5103245,2.8202577,14.597448,-4.1335716
76,Tomás y las escrituras sagradas,,,2014-01-31 16:03:08,3,3_literario_escritora_autor,7.800139,2.2133946,7.1942496,-5.0982566
77,El soldado de Cristina,Andrés Larroque,,2014-02-03 17:24:00,11,11_asesino_testimonio_testigo,9.906799,3.2940598,7.4458947,-1.0492389
78,El periodismo según Monsanto,,,2014-02-05 17:11:57,37,37_astrónomo_ciencia_universo,7.317804,6.179086,9.967359,0.15760793
79,"El dólar, los cerdos y los peces",Economía,,2014-02-21 18:23:55,4,4_déficit_deuda_endeudamiento,9.566661,7.980307,10.693023,5.552005
80,El héroe ferpecto de Álex de la Iglesia,Lionel Messi,,2014-02-25 15:29:16,2,2_fifa_futbolista_fútbol,10.071566,2.2719204,5.3708367,11.604857
81,Las mil formas de dañarnos,ACV,,2014-03-05 16:00:00,39,39_morir_muerte_moribundo,7.169669,7.2114315,9.217149,-1.2465322
82,El videojuego de Dios,Large Hadron Collider,,2014-03-19 16:19:00,37,37_astrónomo_ciencia_universo,7.378033,6.8182025,9.958473,0.14505813
83,Enfrentar la muerte,Premio Centro Cultural de la Memoria Haroldo Conti,24M: Día de la memoria por la verdad y la justicia; Derechos Humanos; Juicios de lesa humanidad; Terrorismo de Estado,2014-03-24 16:54:47,23,23_justicia_judicial_juzgado,8.909406,4.1997027,8.189272,-3.34619
84,"Es feo matarse entre chilenos, diputado",Rosauro Martínez,,2014-03-25 16:45:28,32,32_catástrofe_desastre_tragedia,9.934674,3.837726,6.7517896,-1.6593807
85,Ruido de animales salvajes,Amazonía ecuatoriana,,2014-03-31 18:20:23,20,20_ríos_río_arroyo,8.19878,6.071563,4.822115,-1.1287308
86,Mucho más que comer placenta,Cienciología,,2014-04-07 14:18:30,3,3_literario_escritora_autor,8.059042,3.8153536,10.153589,0.66328543
87,EL DOLOR NO EXISTE,Artes Marciales Mixtas,,2014-04-22 14:39:31,24,24_arte_artes_art,8.811022,5.1352606,12.53274,-2.3514485
88,UN AMOR ETERNO DE SEIS DÍAS,Citas Virtuales,,2014-04-22 15:14:40,1,1_feminismo_feminista_patriarcado,8.613373,2.7593942,9.692134,-3.675727
89,EL POPULISTA INCÓMODO,Ernesto Laclau,,2014-04-22 15:15:26,10,10_boliviano_bolivia_político,10.915718,6.118703,7.4115267,5.6165586
90,La narcomáquina ya no necesita Chapos,México,Rossana Reguillo,2014-04-22 16:53:48,14,14_mediático_periodístico_político,10.006097,4.70989,7.1896324,2.4753804
91,La piel que nos encierra,Ciencia en la UNSAM,,2014-04-22 19:36:54,39,39_morir_muerte_moribundo,7.242989,7.1584673,9.319573,-1.5024211
92,"Crimea: allí donde haya rusos, hay Rusia",Internacionales,Internacional; Rusia,2014-04-23 10:01:46,21,21_soviética_soviético_vladimir,11.267235,7.639013,14.142994,4.1620865
93,El último desnudo de Effy,Mundo queer,,2014-04-23 15:46:09,1,1_feminismo_feminista_patriarcado,6.691535,3.3267102,10.846103,-3.1792014
94,Hijos de represores: 30 mil quilombos,La Herencia de la Dictadura,24M: Día de la memoria por la verdad y la justicia; Derechos Humanos; Hijos de represores,2014-04-23 17:33:57,11,11_asesino_testimonio_testigo,9.539637,3.8555856,7.422723,-2.6325102
95,ARDIÓ LA POBREZA,Valparaíso,,2014-04-23 17:45:23,32,32_catástrofe_desastre_tragedia,9.203639,5.1103544,6.2779827,-1.0819259
96,TE PREFERÍAMOS MUERTO DE AMOR,Gabriel García Márquez,,2014-04-25 09:58:47,29,29_ficción_protagonista_personaje,8.324228,2.0663583,8.652821,-2.9783905
97,Orgullo y silencio,J.M. Coetzee,,2014-04-25 13:02:14,3,3_literario_escritora_autor,7.711751,2.68977,6.742407,-4.9214406
98,LA INVENCIÓN DE NUEVA YORK,Paul Auster,,2014-04-26 19:15:32,3,3_literario_escritora_autor,7.9085784,2.8721511,6.6317663,-4.9701242
99,Relatos de muerte y cementerios,Feria del Libro,Feria del Libro,2014-04-28 14:37:59,3,3_literario_escritora_autor,7.8532996,2.6331766,6.7955675,-5.1062922
100,Fiesta Anfibia en el campus de la UNSAM,,,2014-04-29 21:15:27,31,31_digital_internet_tecnología,8.23229,3.0525143,10.819186,1.9262838
101,El espía de la Walsh,Inteligencia,,2014-04-30 14:11:28,6,6_asesinato_policía_policial,9.343849,2.6122003,7.493578,-1.6036034
102,30 mil quilombos: del encuentro anfibio al debate picante,,Encuentro Anfibio; Feria del Libro,2014-05-02 21:04:35,15,15_sindicalismo_reforma_político,9.687095,3.8332772,6.941908,0.796536
103,"Violetta, Chino Maidana, Wilkis y Hacher: todo tiene que ver con todo",,Encuentro Anfibio; Feria del Libro,2014-05-03 18:55:27,28,28_futuro_pandemia_crisis,5.9746876,5.336953,7.7965846,-2.0810719
104,El hombre que nada,Fogwill,,2014-05-04 13:28:56,3,3_literario_escritora_autor,8.006091,2.4828863,6.776961,-5.2304187
105,El chino matrero,Marcos Maidana,,2014-05-05 01:35:14,2,2_fifa_futbolista_fútbol,10.201091,2.70501,7.091249,-1.5040771
106,Almada por el camino de la no ficción,Feria del Libro,Feria del Libro,2014-05-05 14:49:33,3,3_literario_escritora_autor,7.941612,4.2663536,7.1559634,-5.1464033
107,Presentaron el Premio de Crónicas Inéditas Las Nuevas Plumas,,Encuentro Anfibio; Feria del Libro; Juan Pablo Meneses,2014-05-06 13:23:48,19,19_periodista_periodístico_periódico,7.7834363,3.756892,12.622782,0.76577234
108,La Nueva Anfibia en la Feria del Libro,,Feria del Libro,2014-05-06 15:18:39,17,17_innovación_tecnológico_tecno,7.1094427,5.40141,11.4769535,1.6383588
109,Narrar la memoria,,Derechos Humanos,2014-05-06 21:16:37,37,37_astrónomo_ciencia_universo,8.676682,2.9555707,9.973354,0.17692578
110,Un simulacro verdadero,Mario Testino,,2014-05-07 13:28:49,26,26_fotoperiodismo_retratar_retrato,7.867122,3.0236642,12.8444395,-3.229519
111,Cambio de piel a sala llena,Anfibia en la Feria del Libro,Feria del Libro; Nueva Anfibia,2014-05-08 15:04:00,3,3_literario_escritora_autor,8.251233,2.5720785,6.6369734,-5.441784
112,¿Dónde está Mugica hoy?,Curas villeros,,2014-05-09 14:50:06,13,13_papal_catolicismo_arzobispo,7.9013166,2.734591,-1.602247,7.4586377
113,"""En gráfica no se te pide que seas un carnicero""",,,2014-05-09 19:39:39,3,3_literario_escritora_autor,8.413383,2.268208,7.3819847,-5.022291
114,Un cambio de ideas y semillas,,,2014-05-11 19:01:46,37,37_astrónomo_ciencia_universo,8.5936,2.8047807,10.00223,0.12660643
115,Mercado central,Concentración editorial,,2014-05-12 13:28:42,3,3_literario_escritora_autor,7.7214456,2.670608,6.395287,-5.6207743
116,“Una idea consistente vuelve y vuelve hasta que la escribís”,Feria del Libro,Feria del Libro,2014-05-12 16:32:11,3,3_literario_escritora_autor,7.562155,2.7672038,6.6588116,-5.3601637
117,Saraus: poesía y periferia,San Pablo,,2014-05-14 14:50:40,41,41_pobreza_inmobiliario_habitante,9.419542,2.6119034,6.5496626,-4.531661
118,"Desde ese entonces, sigo viva",Femicidio,,2014-05-16 12:42:14,1,1_feminismo_feminista_patriarcado,6.6439924,2.9654512,9.624464,-3.7575614
119,Una insuperable fiesta de música arrogante,Babasónicos,,2014-05-19 13:42:09,22,22_música_musical_músico,8.927966,2.229553,14.999154,-4.0785584
120,Oraciones íntimas,Manuel Rivas,,2014-05-20 14:24:33,3,3_literario_escritora_autor,8.227968,2.228366,6.802319,-5.4571695
121,El lobo argentino de JP Morgan,Economía y ficción,Jorge Volpi; Lectura Mundi,2014-05-21 14:31:39,28,28_futuro_pandemia_crisis,9.1957445,3.0063443,8.666622,1.3543968
122,El libro gordo de Manolo,Feria del Libro,Lectura Mundi,2014-05-21 20:34:16,26,26_fotoperiodismo_retratar_retrato,9.774739,3.3188884,12.854628,-3.4154203
123,La cadena de engaños de J. Volpi,,Jorge Volpi; Lectura Mundi,2014-05-23 17:53:40,3,3_literario_escritora_autor,9.270307,2.651966,6.4575524,-5.5887933
124,"Dudú, la baronesa de Arte BA",El mercado del arte,,2014-05-26 17:11:28,24,24_arte_artes_art,7.542374,4.3650966,12.903445,-2.341062
125,Cris Morena es feminista,Criatura emocional,,2014-05-27 15:20:01,24,24_arte_artes_art,6.2759957,3.5261176,12.459161,-2.2147145
126,Sobre las Nuevas Plumas,,,2014-05-28 15:17:32,19,19_periodista_periodístico_periódico,7.853078,4.2557936,12.542784,0.65650725
127,Putos hubo siempre,Diario del festival de cine LGBTIQ,,2014-05-30 12:33:56,29,29_ficción_protagonista_personaje,5.9876003,3.8904812,10.883211,-2.1013412
128,Tensiones sobre el mapa,La UNSAM en el barrio,,2014-06-02 14:30:08,15,15_sindicalismo_reforma_político,8.996681,5.9439325,6.8752537,0.4002673
129,Cómo es ganar las Nuevas Plumas,,,2014-06-03 14:23:46,23,23_justicia_judicial_juzgado,9.1765175,2.6579382,11.479288,3.8040507
130,"Los elefantes no olvidan, los exiliados tampoco",Abdicó el Rey,,2014-06-03 15:14:17,10,10_boliviano_bolivia_político,9.959077,3.9899836,7.118458,3.5650973
131,Los diarios íntimos son una farsa,Abelardo Castillo,,2014-06-04 14:44:13,3,3_literario_escritora_autor,7.845685,2.386353,6.7255692,-5.066168
132,"Borges, ¿Qué piensa usted de Sartre?",Los diarios de Abelardo Castillo,,2014-06-06 13:32:13,3,3_literario_escritora_autor,8.0121975,1.9734062,6.64917,-4.6708407
133,¡Feliz día del periodista anfibio!,,,2014-06-07 12:21:48,19,19_periodista_periodístico_periódico,8.06641,2.74391,13.094141,0.9780404
134,Zamba para un padre solo,El caso de las turistas francesas,,2014-06-09 14:43:39,11,11_asesino_testimonio_testigo,8.883836,4.1570396,7.6506076,-2.5650246
135,"Marcos, el Subcomandante innecesario",EZLN (México),,2014-06-10 13:51:23,39,39_morir_muerte_moribundo,9.467862,4.0360203,8.455663,-3.2260566
136,Operación Messi: así se hizo argentino,Argentina vs España,,2014-06-12 14:36:31,2,2_fifa_futbolista_fútbol,10.609186,1.9743007,5.1557603,11.533572
137,La venganza del arquero chingón,México vs Camerún,,2014-06-13 14:37:04,2,2_fifa_futbolista_fútbol,10.124063,2.2648766,5.1678348,11.073589
138,La caída del Mosquetón,Rosauro Martínez,,2014-06-13 23:12:36,23,23_justicia_judicial_juzgado,9.901091,4.3482175,11.127196,4.285657
139,¿Con Holanda pondríamos ocho defensores?,Argentina vs Bosnia,,2014-06-16 15:21:39,2,2_fifa_futbolista_fútbol,10.511985,2.8325477,5.085833,11.496529
140,Colarse en El Maracaná: Misión imposible,Argentina vs Bosnia,,2014-06-16 17:59:42,2,2_fifa_futbolista_fútbol,10.651811,2.5567725,5.6458344,11.144477
141,Obscenos hoy,Pensar el cuerpo,,2014-06-17 14:40:53,1,1_feminismo_feminista_patriarcado,6.184495,3.488996,9.733186,-2.8591506
142,"""Vos no hablés que sos mujer""",,,2014-06-17 17:26:23,2,2_fifa_futbolista_fútbol,10.924364,2.284786,5.7183375,11.281499
143,Manu for export,Un bahiense campeón en la NBA,,2014-06-17 18:54:03,2,2_fifa_futbolista_fútbol,9.929587,2.4047606,5.675243,11.449348
144,El mundial es ficción,Brasil 2014,,2014-06-18 13:56:40,2,2_fifa_futbolista_fútbol,9.531995,5.6642795,5.4834123,11.196446
145,Todo sobre los buitres,Deuda externa,FMI; Fondos buitre,2014-06-18 17:20:59,4,4_déficit_deuda_endeudamiento,9.807852,7.5320473,10.442226,5.525937
146,Sueños anfibios,,Día del Padre,2014-06-20 08:10:00,42,42_padre_papá_hijo,9.178145,3.4349031,6.6120486,-3.2296174
147,Los mandamientos de Sabella,Mundial 2014,Alejandro Sabella; Brasil; Internacional; Mundial de fútbol,2014-06-20 13:46:15,2,2_fifa_futbolista_fútbol,10.377922,2.347404,5.1552386,11.452154
148,Al gauchito le dio vergüenza,Mundial 1978,,2014-06-24 16:56:45,2,2_fifa_futbolista_fútbol,10.684142,2.3388724,5.4064245,11.070751
149,Hacer justicia en un segundo,Brasil 2014,,2014-06-25 13:40:18,2,2_fifa_futbolista_fútbol,10.687005,2.68541,5.1374283,11.062543
150,Messi vació las calles,Argentina vs Nigeria,,2014-06-25 19:17:34,2,2_fifa_futbolista_fútbol,10.746294,2.2011414,5.130824,11.179082
151,El secreto del poder estatal,Michel Foucault,,2014-06-26 12:23:49,0,0_político_política_electoral,10.241791,6.307655,8.34939,4.0970044
152,Piquetes en la prehistoria de las redes sociales,Darío Santillán,,2014-06-26 14:39:16,31,31_digital_internet_tecnología,9.391507,4.403856,10.695223,1.8679638
153,El aparato analítico de los Foucaults,Coloquio internacional,,2014-06-26 17:02:35,5,5_pedagógico_enseñanza_escolar,7.4618893,3.2079568,4.101559,-2.6914117
154,Sacate la camiseta,Cuerpos,,2014-06-27 14:31:01,1,1_feminismo_feminista_patriarcado,11.036416,2.2789576,9.308125,-4.2394304
155,El mundial empieza en octavos,,,2014-06-27 19:39:51,29,29_ficción_protagonista_personaje,9.17718,2.6445243,5.529648,11.595758
156,¿Qué le dieron a Diego?,Doping,,2014-06-28 12:54:47,2,2_fifa_futbolista_fútbol,10.000236,3.1327252,5.436303,11.266149
157,Dilma es una mujer de suerte,,Brasil; Dilma Rousseff; Internacional; Mundial de fútbol,2014-06-28 22:13:12,16,16_brasil_brasilero_brasilia,9.927097,4.0843477,6.795296,8.584134
158,"Brasil, te digo qué se siente",,,2014-06-29 23:16:32,16,16_brasil_brasilero_brasilia,10.397779,2.512814,6.8455954,8.527178
159,Un melodrama uruguayo,Luis Suárez,,2014-06-30 14:05:16,2,2_fifa_futbolista_fútbol,10.647671,2.8612185,5.52744,11.262288
160,$ 12.000 por una entrada trucha,Argentina vs Suiza,,2014-06-30 18:52:14,2,2_fifa_futbolista_fútbol,10.420675,2.5267565,5.582258,11.128298
161,"El Pocho me calienta, Di María me enamora",Argentina vs Suiza,,2014-07-01 20:26:31,2,2_fifa_futbolista_fútbol,10.212653,2.1802557,5.148451,11.568811
162,No podemos sufrir siempre,Argentina vs Suiza,,2014-07-01 22:50:38,2,2_fifa_futbolista_fútbol,10.319207,2.6148107,5.2872596,10.853862
163,Mundial para quién,Brasil 2014,Brasil; Fútbol; Internacional; Mundial de fútbol,2014-07-02 15:32:11,2,2_fifa_futbolista_fútbol,10.562469,4.369241,5.3386035,10.677719
164,Pánico a la derrota,Brasil 2014,,2014-07-03 14:18:40,2,2_fifa_futbolista_fútbol,10.795238,2.440899,5.193768,11.338191
165,Brasilero en Fortaleza te despides del Mundial,Brasil 2014,,2014-07-03 16:42:50,2,2_fifa_futbolista_fútbol,10.694791,2.8601816,5.2381077,10.827821
166,De cómo el mago Forlizzi pudo colarse en el Mundial,Brasil 2014,,2014-07-03 17:24:19,2,2_fifa_futbolista_fútbol,10.49149,2.9462643,5.3814745,10.825636
167,¿Qué hace un turco en mi equipo?,Brasil 2014,,2014-07-04 14:33:02,2,2_fifa_futbolista_fútbol,10.544614,7.7522097,5.2258487,11.006224
168,"Cuidado, se vienen los ticos",Costa Rica hizo historia,,2014-07-05 00:35:38,2,2_fifa_futbolista_fútbol,10.7596445,3.1190128,5.1884956,10.858249
169,Cruzamos el Rubicón,Argentina vs Bélgica,Alejandro Sabella; Brasil; Internacional; Mundial de fútbol,2014-07-05 19:05:41,2,2_fifa_futbolista_fútbol,10.082928,2.3935556,5.13907,11.47443
170,Vos no sos un belga,Argentina vs Bélgica II,,2014-07-06 00:25:10,2,2_fifa_futbolista_fútbol,10.407015,2.4959013,5.24454,10.843351
171,"Noche de mandolina, música clásica y luces",,,2014-07-06 09:39:56,22,22_música_musical_músico,8.026164,3.2169752,14.58536,-3.6021783
172,Tengo un problema en el Sur,El Juez Griesa,,2014-07-07 15:33:01,23,23_justicia_judicial_juzgado,10.131999,5.1761312,11.3339615,4.221484
173,Una mujer puerca y un Dios personal,Comunidad Anfibia,,2014-07-07 18:08:42,13,13_papal_catolicismo_arzobispo,7.639035,2.6607213,-1.7271631,7.6242776
174,Brasilia era el futuro,Brasil 2014,,2014-07-08 14:15:44,41,41_pobreza_inmobiliario_habitante,10.63288,3.141519,6.492348,-0.9699818
175,La crónica social: cómo escapar de los lugares comunes,Talleres Anfibia,,2014-07-08 15:02:44,37,37_astrónomo_ciencia_universo,7.5273056,3.8798556,10.215019,0.9435172
176,Todos morirán,Brasil 2014,Brasil; Fútbol; Internacional; Mundial de fútbol,2014-07-08 16:56:37,16,16_brasil_brasilero_brasilia,11.782963,3.9596403,6.9413676,8.404358
177,Historias mínimas de una gran desilusión,Brasil humillado,Brasil; Internacional; Mundial de fútbol,2014-07-09 13:14:20,16,16_brasil_brasilero_brasilia,10.602224,2.7612014,6.875637,8.486042
178,El paradigma del crack,Brasil 1 Alemania 7,,2014-07-09 14:31:31,2,2_fifa_futbolista_fútbol,10.75255,2.4460654,5.2042193,10.887065
179,"Una calle para Romero, una estatua para Mascherano",Argentina vs Holanda,,2014-07-10 13:38:59,2,2_fifa_futbolista_fútbol,10.024818,2.7677708,5.132651,11.303806
180,¡Meu Deus!,Argentina a la final,,2014-07-10 15:33:16,2,2_fifa_futbolista_fútbol,10.477762,2.3864388,5.299469,10.780226
181,Es un deporte estúpido,El soccer,,2014-07-11 14:37:45,2,2_fifa_futbolista_fútbol,10.878383,2.084964,5.3225064,11.091068
182,El difícil camino de la soberanía espacial,Tornado II,,2014-07-11 17:21:28,31,31_digital_internet_tecnología,8.213517,7.3063464,9.574446,0.58128846
183,"""Argentina nao tem chance""",Brasil 2014,,2014-07-11 17:47:48,16,16_brasil_brasilero_brasilia,10.780996,2.2621152,6.790808,8.603257
184,Se terminó la ficción,Argentina vs Alemania,,2014-07-14 14:14:41,2,2_fifa_futbolista_fútbol,10.308411,2.527738,5.264217,10.769119
185,El equipo es el otro,Ser Mascherano,,2014-07-14 18:02:54,2,2_fifa_futbolista_fútbol,10.253808,5.3943057,5.271385,11.128688
186,Las huellas de la AMIA,A 22 años del atentado,,2014-07-18 11:51:28,26,26_fotoperiodismo_retratar_retrato,8.443329,3.6849248,12.8426485,-3.3264089
187,"No son buitres, son los nuevos lobos",Wall Street,,2014-07-21 11:25:01,4,4_déficit_deuda_endeudamiento,9.84332,6.4368153,7.256299,1.7508609
188,"Nosotros, los cobayos de Facebook",El experimento de Zuckerberg,,2014-07-23 11:05:32,31,31_digital_internet_tecnología,7.298593,5.9403534,10.420907,1.445494
189,¿Por qué no me lo dijiste antes?,VIH,VIH,2014-07-25 11:34:53,7,7_aborto_abortar_anticonceptivo,7.3166866,7.7010784,10.049732,-5.689816
190,La cara bonita de la nueva derecha,Jóvenes PRO,,2014-07-28 11:39:58,0,0_político_política_electoral,11.050737,6.381725,7.709926,4.9248066
191,Con tener rutas no alcanza,La industria editorial,,2014-07-29 11:57:35,3,3_literario_escritora_autor,8.085577,2.552864,6.382105,-5.610257
192,El vicepresidente del mundo,Murió Grondona,,2014-07-30 17:15:39,2,2_fifa_futbolista_fútbol,10.006031,2.4908845,5.2714934,10.876285
193,"VIH, más allá de la polémica",Debate,,2014-07-31 13:57:58,1,1_feminismo_feminista_patriarcado,6.6001287,4.3183117,9.252535,-3.8543875
194,Seis razones para entender a Grondona,Don Julio,,2014-08-01 10:52:45,2,2_fifa_futbolista_fútbol,10.992187,2.9213252,5.488593,10.903967
195,"No fui yo, fue mamá",Vicente Massot,,2014-08-04 11:28:45,11,11_asesino_testimonio_testigo,8.57309,4.257391,7.915368,-1.9989763
196,Aparecidos,El nieto 114,24M: Día de la memoria por la verdad y la justicia; Derechos Humanos; Nietos,2014-08-06 14:04:43,11,11_asesino_testimonio_testigo,8.582635,3.5321167,7.5032516,-2.2559407
197,Yo también leí a Gombrowicz,Famoso y desconocido escritor,,2014-08-08 11:48:13,3,3_literario_escritora_autor,9.245274,3.0905972,6.6763434,-5.369543
198,No se han cerrado las puertas ni las heridas de antaño,El nieto 114,24M: Día de la memoria por la verdad y la justicia; Derechos Humanos; Nietos,2014-08-08 15:10:48,22,22_música_musical_músico,9.019235,2.9282253,14.651656,-4.161285
199,Actitud María Laura,,,2014-08-11 12:23:08,3,3_literario_escritora_autor,7.1470423,2.9763615,6.5945315,-5.6362753
200,Sonriéndole a la cámara,Irak,,2014-08-13 11:32:50,26,26_fotoperiodismo_retratar_retrato,8.272847,3.5547223,12.84194,-3.3521192
201,La caída de la súper mujer,Género y crianza,,2014-08-15 11:31:47,1,1_feminismo_feminista_patriarcado,5.2371845,4.067071,10.437276,-4.5568156
202,Anfibia en Gaza: la intimidad de la guerra,Conflicto en Medio Oriente,Internacional; Israel; Palestina,2014-08-20 12:32:12,27,27_israel_netanyahu_israelí,11.169385,8.142998,14.583861,6.3696485
203,Las nuevas políticas de los pobres,Veena Das,,2014-08-21 12:50:15,5,5_pedagógico_enseñanza_escolar,8.542018,5.584816,6.92821,0.40740082
204,SEMINARIO INTENSIVO: LAS CRÓNICAS DE GABRIEL GARCÍA MÁRQUEZ,,,2014-08-21 15:25:25,19,19_periodista_periodístico_periódico,8.29624,2.1394463,12.793055,0.8600481
205,El costo de las relaciones domésticas,,Trabajo,2014-08-22 13:44:58,11,11_asesino_testimonio_testigo,5.3295507,4.19493,6.93809,-0.20297939
206,Fuerzas vivas,Olavarría,,2014-08-25 12:28:30,32,32_catástrofe_desastre_tragedia,9.727347,3.852822,6.9968147,-1.5186454
207,"La crónica, una zona del desborde",Julio Ramos en Anfibia,,2014-08-25 14:24:10,3,3_literario_escritora_autor,8.137186,2.3814576,6.6292944,-5.4537354
208,La fatal limitación de la conspiranoia,Brote de Ébola,,2014-08-26 10:22:49,8,8_epidemia_vacunar_virus,8.957899,6.552415,8.434698,0.24415302
209,"No parecés judía, para nada",Conflicto palestino israelí,Internacional; Israel; Palestina,2014-08-27 12:42:37,27,27_israel_netanyahu_israelí,11.199466,8.1728115,14.65267,6.435315
210,Femicidio: del dolor a la acción,UNSAM,#NiUnaMenos; Día internacional de la eliminación de la violencia contra las mujeres,2014-08-28 15:04:17,25,25_violencia_feminismo_feminista,6.705394,3.773531,8.866225,-4.399459
211,Monólogo de un sicario,Popeye libre,,2014-09-01 11:41:05,6,6_asesinato_policía_policial,9.723104,4.260672,7.3467827,-2.4394946
212,¿Cuánta igualdad somos capaces de soportar?,Debate trans,,2014-09-02 12:29:46,1,1_feminismo_feminista_patriarcado,9.609173,5.2822,10.419246,-4.363443
213,El peligroso cuento de la “supermamá”,,,2014-09-02 13:33:10,1,1_feminismo_feminista_patriarcado,6.66357,3.2839546,9.595098,-3.8540318
214,El primer lector de la crónica modernista,Julio Ramos en Anfibia,,2014-09-03 14:02:15,3,3_literario_escritora_autor,7.8913035,2.3704667,6.700676,-5.607655
215,Judía: ni antisemita ni proisraelí,,,2014-09-03 16:27:28,27,27_israel_netanyahu_israelí,7.437327,2.8413198,14.607735,6.4064455
216,Bombones para todas,Día de la secretaria,,2014-09-04 12:33:49,15,15_sindicalismo_reforma_político,10.234261,4.655044,10.323275,-4.026629
217,No están dormidos,,,2014-09-04 17:33:05,39,39_morir_muerte_moribundo,7.0438137,7.101087,9.206876,-1.2275232
218,Un sueño erótico de guitarra eléctrica,Cerati,,2014-09-05 12:58:12,22,22_música_musical_músico,8.908226,2.1132965,14.973745,-4.038665
219,¿Dónde está el logo?,,,2014-09-05 14:46:08,26,26_fotoperiodismo_retratar_retrato,7.6785946,3.983366,12.853013,-3.2754366
220,La pobreza le parecía divina,Silvina Ocampo,,2014-09-08 12:49:15,11,11_asesino_testimonio_testigo,7.7718,2.506965,6.875284,-1.676273
221,Lo difícil que es armar una jirafa,Talleres Anfibia,,2014-09-09 17:56:33,3,3_literario_escritora_autor,7.8732004,2.8422585,6.8456926,-5.3331647
222,Los límites del baldazo,Esclerosis lateral amiotrófica,,2014-09-10 13:12:49,39,39_morir_muerte_moribundo,7.506149,7.7224174,9.080221,-1.1716295
223,Todavía desiguales,,,2014-09-10 14:49:13,1,1_feminismo_feminista_patriarcado,5.1388326,4.0242805,10.349034,-4.4497485
224,Allende y el socialismo “con sabor a empanada y vino tinto”,A 45 años del golpe de Pinochet,,2014-09-11 14:28:02,18,18_chileno_chile_político,10.094958,3.7299278,3.7668567,3.7462976
225,Bombones de domingo,Comunidad Anfibia,Comunidad Anfibia; La Casona Iluminada; Teatro Bombón,2014-09-11 17:41:16,24,24_arte_artes_art,7.889387,2.61244,11.092609,-2.9037893
226,Justo el 11 de septiembre,A 41 años del golpe de Pinochet,,2014-09-12 11:43:51,14,14_mediático_periodístico_político,9.726395,4.1043034,10.014403,4.2069488
227,"Alasitas: mito, tradición y modernidad",La fiesta-feria del Ekeko,,2014-09-12 17:09:06,41,41_pobreza_inmobiliario_habitante,9.324681,5.612324,6.986363,-1.0105878
228,"Piña y sangre, a ver quién tiene razón",Bullying,,2014-09-15 12:28:57,5,5_pedagógico_enseñanza_escolar,6.155342,5.26175,4.007255,-3.4457588
229,¿Y esa cajita con botones?,El Nanopoc de la UNSAM,,2014-09-17 11:55:26,39,39_morir_muerte_moribundo,7.51178,7.819345,8.530161,-0.10875576
230,El miedo a la libertad,Escocia,,2014-09-19 12:40:03,0,0_político_política_electoral,11.182129,6.8471665,6.8240376,3.3768337
231,Muertos de hambre,Bombay,,2014-09-19 14:50:05,41,41_pobreza_inmobiliario_habitante,8.711072,7.685857,6.870298,-1.1608996
232,Otro viaje filosófico al sur de Estados Unidos,Comunidad Anfibia,,2014-09-24 00:18:08,3,3_literario_escritora_autor,8.431608,2.898954,6.7542577,-5.2059937
233,La mala víctima,Melina Romero,#NiUnaMenos,2014-09-24 11:36:11,25,25_violencia_feminismo_feminista,6.753585,3.842118,8.773499,-4.225724
234,“Obama agravó muchas de las políticas de Bush”,Honoris Causa a Nancy Fraser,Nancy Fraser,2014-09-26 11:17:41,0,0_político_política_electoral,5.940725,2.6837597,7.929673,4.287621
235,La realidad imita al arte,,,2014-09-30 12:25:13,19,19_periodista_periodístico_periódico,8.25141,4.174896,12.778104,1.2426481
236,Propuestas para esta navidad,,,2014-09-30 12:29:33,42,42_padre_papá_hijo,8.7056,7.170528,6.666904,-3.166356
237,"Chorizos, anthrax y muerte",,,2014-09-30 12:32:22,39,39_morir_muerte_moribundo,7.69862,7.7642655,7.2113695,3.081947
238,Ser veggie,,,2014-09-30 12:33:23,37,37_astrónomo_ciencia_universo,9.01732,2.8321495,9.968466,0.26380783
239,Aprendamos del salmón,,,2014-09-30 12:35:45,11,11_asesino_testimonio_testigo,7.320596,6.3690386,7.3883843,-2.5515296
240,María no puede engordar,,,2014-09-30 12:38:41,42,42_padre_papá_hijo,7.458042,3.0144813,7.056864,-2.250882
241,La revolución de la policía,,,2014-09-30 12:39:54,6,6_asesinato_policía_policial,9.230252,4.8672323,7.6648417,-1.4710897
242,¿Qué hacemos sin navidad?,,,2014-09-30 12:41:19,42,42_padre_papá_hijo,7.6868052,4.1630254,6.528369,-3.2729568
243,El peligro de vivir en un auto,,,2014-09-30 12:43:08,39,39_morir_muerte_moribundo,7.2869096,6.43931,9.054099,-1.0706822
244,Condenados,El caso Melina,,2014-10-01 12:24:12,11,11_asesino_testimonio_testigo,8.838522,4.159147,7.646774,-2.280269
245,Según su madre no fue un alumno normal,Paco Taibo II,Paco Ignacio Taibo II,2014-10-02 12:17:58,11,11_asesino_testimonio_testigo,9.701105,3.4734497,7.382519,-2.3231275
246,Las garras de un burócrata caribeño,Adelanto,,2014-10-03 11:47:34,33,33_submarino_marino_naufragio,9.51704,3.1260395,4.785605,-0.5145222
247,El ballotage de la clase media,Brasil,Brasil; Internacional,2014-10-06 11:57:09,16,16_brasil_brasilero_brasilia,12.074788,4.491831,6.998903,8.302623
248,"Sandía, kiwi y caras serias",Brasil,,2014-10-06 18:08:56,16,16_brasil_brasilero_brasilia,9.622251,2.7166598,6.91766,8.423107
249,El macho y la violencia sin víctimas,Relatos Salvajes,,2014-10-07 12:10:15,25,25_violencia_feminismo_feminista,8.476587,4.002488,8.739002,-4.1126857
250,Discutamos la desigualdad,Gabriel Kessler,,2014-10-07 16:09:04,37,37_astrónomo_ciencia_universo,8.777665,5.787979,10.186338,0.88800067
251,Conurbano espiritual,Comunidad Anfibia,Kartun; Teatro del Pueblo; Terrenal,2014-10-08 10:59:42,24,24_arte_artes_art,8.388751,2.6075656,12.155014,-2.3219008
252,La deuda de las Panteras Negras,Sudáfrica post-apartheid,,2014-10-08 12:23:30,1,1_feminismo_feminista_patriarcado,8.474995,5.5781455,9.420082,-3.7634385
253,Tiro al negro,Estados Unidos,,2014-10-09 13:42:58,6,6_asesinato_policía_policial,9.433028,4.6430755,7.548095,-1.387156
254,Generación Hip-Hop: Loop de un nacimiento constante,Comunidad Anfibia,,2014-10-09 16:04:18,24,24_arte_artes_art,5.809084,4.173932,12.768188,-2.0893316
255,¿Desde cuándo sos peronista?,Juventud Peronista,,2014-10-10 13:11:04,11,11_asesino_testimonio_testigo,9.544596,3.3429728,7.4240427,-1.0228848
256,El aymara no se va,Evo Morales,,2014-10-12 00:30:45,10,10_boliviano_bolivia_político,11.447239,4.3462586,6.8838277,4.3539567
257,Los 39 africanos,Literatura,,2014-10-14 12:09:49,3,3_literario_escritora_autor,7.692747,2.676244,6.5815034,-5.50506
258,Rodolfo Walsh y la Coca Cola,Paco Taibo II,Paco Ignacio Taibo II; Rodolfo Walsh,2014-10-15 11:45:40,3,3_literario_escritora_autor,8.534941,2.5665705,6.762939,-5.010163
259,El método Paco Taibo II,Curso Intensivo en Anfibia,Paco Ignacio Taibo II,2014-10-15 12:04:42,3,3_literario_escritora_autor,7.389246,2.709843,6.791071,-5.5292864
260,El falso embajador,,,2014-10-16 12:26:35,42,42_padre_papá_hijo,9.809165,4.251289,8.121694,5.391299
261,Contrapunto,Muestra fotográfica,,2014-10-16 16:36:58,26,26_fotoperiodismo_retratar_retrato,8.086489,3.4993677,12.846153,-3.3298128
262,"Sebreli, vos andá al arco","Héroes, machos y patriotas",,2014-10-17 11:26:13,2,2_fifa_futbolista_fútbol,9.707259,2.3741977,5.2581186,11.630451
263,"Política, ideales y verdades a medias: la lealtad peronista",17 de octubre,,2014-10-17 15:07:47,0,0_político_política_electoral,10.219397,3.147046,7.834171,5.4902005
264,El exterminio latente,Luciano Arruga,,2014-10-20 11:04:35,25,25_violencia_feminismo_feminista,9.10307,4.340813,8.358329,-3.809056
265,"Ayotzinapa, el nombre del horror",México,Rossana Reguillo,2014-10-21 11:46:23,5,5_pedagógico_enseñanza_escolar,9.308546,4.5652227,6.7785416,2.6240706
266,Epecuén jamás se inundaría,Adelanto,Periodismo narrativo,2014-10-23 10:15:47,20,20_ríos_río_arroyo,8.59992,6.645934,5.1701107,-1.1186599
267,Ébola: ¿A cuánto estamos de la infección mundial?,Brote,,2014-10-24 11:59:45,8,8_epidemia_vacunar_virus,7.5631003,7.8528843,8.4911995,-0.045321126
268,Contar la ciencia,COPUCI en la UNSAM,,2014-10-27 12:05:45,37,37_astrónomo_ciencia_universo,7.6361694,6.926269,9.979178,0.16352509
269,Brasil o el poder repartido,Elecciones 2014,Brasil; Dilma Rousseff; Elecciones; Internacional,2014-10-29 11:29:17,16,16_brasil_brasilero_brasilia,12.124759,4.574805,6.9911947,8.272429
270,"""Habrá que leer como culiaos""",Premio Crónicas Interiores,,2014-10-29 12:12:54,19,19_periodista_periodístico_periódico,7.9353175,3.3211725,13.082582,0.9852791
271,Sumergidos en el voto Buquebus,Uruguay,,2014-10-30 13:14:12,0,0_político_política_electoral,11.4264765,4.5703616,7.376873,4.74555
272,El supremo anfibio,Raúl Zaffaroni,,2014-10-31 13:18:15,23,23_justicia_judicial_juzgado,9.7752285,2.9045548,11.353478,4.1595187
273,"No le dicen Camorra, ahora lo llaman Sistema",La obra mutante de Saviano,,2014-10-31 14:14:20,29,29_ficción_protagonista_personaje,8.996077,3.2829845,10.701263,-2.1343064
274,Morir por la ciencia,,,2014-11-04 11:44:36,37,37_astrónomo_ciencia_universo,7.4191403,7.281128,9.546896,0.038938317
275,"Música clásica: pasado, presente y futuro",Yellow Lounge,,2014-11-04 15:24:48,22,22_música_musical_músico,8.072859,3.0533314,14.585535,-3.5496695
276,Ilegales,Fracaso de la ley de aborto,,2014-11-05 12:24:49,7,7_aborto_abortar_anticonceptivo,4.1236267,3.5587316,10.093999,-6.854015
277,El día de la independencia,Catalunya,,2014-11-07 12:16:31,5,5_pedagógico_enseñanza_escolar,11.341889,5.588487,6.958999,3.426639
278,Los nuevos mitos de los viejos vinagres,La escuela,,2014-11-10 11:49:59,5,5_pedagógico_enseñanza_escolar,6.0648637,5.596678,3.8637602,-3.4159687
279,Un conflicto contemporáneo y ancestral,Adelanto,Internacional; Israel; Palestina,2014-11-11 14:42:04,27,27_israel_netanyahu_israelí,11.210468,8.171972,14.590143,6.3833036
280,DÓLAR BLUE: LA CORRIDA QUE NO FUE,Mercados,,2014-11-12 13:34:02,4,4_déficit_deuda_endeudamiento,9.508431,8.079329,10.736945,5.64976
281,Cuerpos cargados,Comunidad Anfibia,,2014-11-13 10:23:02,29,29_ficción_protagonista_personaje,7.750149,3.1162527,10.1218605,-2.13779
282,Crónicas interiores: los seis finalistas,Concurso,,2014-11-14 10:41:25,15,15_sindicalismo_reforma_político,7.7701507,2.996436,6.7287745,1.0237099
283,"Cuando la policía miente, los medios duermen la siesta",Premio Crónicas Interiores,,2014-11-14 15:18:06,6,6_asesinato_policía_policial,9.188234,4.2998962,7.655648,-1.41029
284,"Doctor, dígame qué enfermedad tengo",Debate médico,,2014-11-17 12:04:35,39,39_morir_muerte_moribundo,7.0120435,7.196873,9.167754,-1.2043724
285,Pobres varones: los 4 mitos de “Borrando a papá”,Familia,,2014-11-19 13:14:27,25,25_violencia_feminismo_feminista,6.085113,3.6879773,8.822035,-4.157747
286,"Internet, la tumba de la utopía posmoderna",Los trabajadores del arte según Boris Groys,,2014-11-20 10:32:48,24,24_arte_artes_art,7.3000593,5.4171786,13.122014,-2.0406792
287,Copiapó: si la luz fuera líquida,Adelanto,,2014-11-21 12:59:35,20,20_ríos_río_arroyo,8.761316,6.5418344,5.0969577,-0.99250144
288,El bicho académico ante los cambios sociales,Comunidad Anfibia,,2014-11-25 11:33:38,31,31_digital_internet_tecnología,8.554868,5.731663,10.274802,1.1222103
289,Cátedra de teatro,Othelo de Shakespeare,,2014-11-26 11:07:36,24,24_arte_artes_art,7.433493,2.368486,12.800325,-2.2064636
290,La cruzada de la leche,Lactancia 2.0,,2014-11-28 09:16:13,29,29_ficción_protagonista_personaje,6.503885,4.733699,8.640234,-2.9260588
291,"Un karateca, una hiena y cuatro mujeres muertas",Cuádruple crimen,,2014-12-02 08:45:07,11,11_asesino_testimonio_testigo,8.956126,4.2809553,8.125196,-2.8604112
292,Borrando a papá: dos lectores responden,Comunidad Anfibia,,2014-12-02 10:13:46,1,1_feminismo_feminista_patriarcado,5.809568,2.8670182,9.178444,-3.9665134
293,Roller Derby: Sentirte poderosa,,,2014-12-02 12:51:45,2,2_fifa_futbolista_fútbol,10.22857,3.4885962,5.931928,11.712469
294,El superyó radical,La UCR hoy,,2014-12-03 13:04:50,0,0_político_política_electoral,11.292731,6.6388173,7.2684894,5.611101
295,Del barrio a la cima del mundo,Papa Francisco,Papa Francisco,2014-12-05 12:53:19,13,13_papal_catolicismo_arzobispo,11.986852,2.5824711,-1.6968466,7.4839807
296,Cuidar a los pibes,Ayotzinapa,Rossana Reguillo,2014-12-05 16:14:09,5,5_pedagógico_enseñanza_escolar,9.350325,3.9457781,4.705461,-2.7859724
297,El derecho a la ciudad,La UNSAM en el barrio,,2014-12-09 13:51:21,41,41_pobreza_inmobiliario_habitante,6.251612,5.975648,6.8498354,0.26653838
298,Tráfico de escarabajos,,,2014-12-10 11:54:11,37,37_astrónomo_ciencia_universo,8.599889,6.882439,6.408516,-0.8185021
299,La construcción de uno mismo,Comunidad Anfibia,,2014-12-10 13:48:31,24,24_arte_artes_art,7.4481726,4.1313167,13.12685,-2.1088316
300,De la sonrisa perfecta al tuit viral,Comunicación política 2015,,2014-12-11 12:26:52,0,0_político_política_electoral,8.009184,4.676911,9.72473,3.571425
301,La era de las bicimáquinas,Beca Crónica en Guatemala,BA,2014-12-12 13:50:32,20,20_ríos_río_arroyo,8.142006,3.9712458,5.7251086,-0.8607941
302,El símbolo es argentino,Papa Francisco,Papa Francisco; Rossana Reguillo,2014-12-12 16:21:21,13,13_papal_catolicismo_arzobispo,12.005263,2.5082781,-1.7292895,7.580186
303,Reality monja,Espiritualidad,,2014-12-16 12:04:00,13,13_papal_catolicismo_arzobispo,11.830781,2.5624952,-1.7674575,7.653902
304,Que se callen las armas,Negociaciones de paz,,2014-12-17 12:28:24,35,35_cubano_cubana_cuba,10.96897,4.2206182,6.7531013,3.3292403
305,“Ya no solo los antropólogos estudiamos las culturas”,Entrevista a Bruno Latour,,2014-12-18 12:42:06,31,31_digital_internet_tecnología,8.333965,5.8675985,10.452761,1.4418757
306,La densa alquimia de las alianzas,A 13 años del estallido social,,2014-12-19 12:32:52,0,0_político_política_electoral,10.505366,6.6523094,7.2753854,5.603903
307,Escuchar la Antártida,Especial interactivo,,2014-12-22 13:48:34,33,33_submarino_marino_naufragio,7.8176336,3.5284314,5.813969,-1.2549596
308,La libertad es un campo minado,La no ficción contemporánea,,2014-12-23 14:19:20,3,3_literario_escritora_autor,7.3938856,2.504324,6.7175374,-5.614725
309,"Cromañón: ""¡Qué mierda no va a ser político!""",,,2014-12-29 19:27:57,0,0_político_política_electoral,9.125525,4.02379,7.630632,5.6250668
310,Seis cajones para publicar,Un perfil de Julio Ramón Ribeyro,,2015-01-02 05:07:08,33,33_submarino_marino_naufragio,8.024628,2.1226966,6.7246857,-4.780559
311,A las diosas también se les corta la luz,Nepal,,2015-01-05 11:03:54,11,11_asesino_testimonio_testigo,6.619214,3.3629463,7.4038386,-2.2653909
312,El horror de la amenaza cumplida,El ataque a Charlie Hebdo,Escuela de Política y Gobierno; UNSAM,2015-01-07 18:12:21,36,36_holocausto_terrorista_siria,10.756745,7.8955216,12.629783,6.327272
313,Mar del Plata: cuando la ciudad se vuelve ajena,Verano anfibio,,2015-01-08 11:48:15,33,33_submarino_marino_naufragio,8.733093,6.1475844,3.8049972,0.35086414
314,"""¿Rico? No, para nada""",Adelanto,,2015-01-09 11:56:14,4,4_déficit_deuda_endeudamiento,9.32911,8.134291,11.46186,1.0346472
315,¿Quién representa a los musulmanes de Francia?,Charlie Hebdo,,2015-01-12 12:40:47,36,36_holocausto_terrorista_siria,10.793528,7.970137,12.694868,6.348591
316,Es más fácil robar un banco que guardar un secreto,Robo del siglo,Sistema bancario,2015-01-13 11:15:00,6,6_asesinato_policía_policial,9.482769,4.511668,7.4842854,-1.4822434
317,Fuiste mi primavera,Amor y adicción,,2015-01-13 12:54:45,1,1_feminismo_feminista_patriarcado,8.799016,2.5560813,8.692126,-3.2092807
318,"Bienvenido a Texas, Gabo",Debate,,2015-01-14 11:29:06,24,24_arte_artes_art,8.006141,2.1879432,12.580448,-2.0448763
319,El vecino musulmán,Espiritualidad,,2015-01-15 12:20:54,36,36_holocausto_terrorista_siria,9.9188175,3.3387823,12.650896,6.333144
320,Azúcar amarga,Verano anfibio,,2015-01-16 11:48:06,29,29_ficción_protagonista_personaje,8.9771,2.5798485,8.674055,-2.5626473
321,Fotografiar una ola que estalla,Ostende,,2015-01-20 12:51:36,26,26_fotoperiodismo_retratar_retrato,8.290592,3.4751513,12.862421,-3.3745492
322,La conspiración,Caso Nisman,,2015-01-21 12:02:46,39,39_morir_muerte_moribundo,9.602521,5.2473125,12.242001,0.7713431
323,¿Para qué sirve un espía?,Caso Nisman,,2015-01-22 12:03:18,17,17_innovación_tecnológico_tecno,10.337011,6.9124894,9.641217,1.7201335
324,"Entre vírgenes, santos y ángeles regalados",Homenaje a Lemebel,Chile; Pedro Lemebel,2015-01-23 13:42:11,18,18_chileno_chile_político,8.458874,2.4249017,6.5811844,-4.8247185
325,Lo lloraremos como a los héroes muertos,Homenaje a Lemebel,Chile; Pedro Lemebel,2015-01-23 15:29:37,3,3_literario_escritora_autor,8.403234,1.9646236,6.6381273,-4.9213963
326,Lo sacro y lo blasfemo en una noche limeña,Homenaje a Lemebel,,2015-01-23 16:58:25,24,24_arte_artes_art,9.132783,2.5541975,12.383321,-2.3295705
327,El anti cronista chileno,Homenaje a Lemebel,Chile; Pedro Lemebel,2015-01-23 18:43:02,3,3_literario_escritora_autor,9.038278,2.5086784,7.331437,-5.0166636
328,Cuando Pedro aún no era Lemebel,Homenaje anfibio,Chile; Pedro Lemebel,2015-01-23 20:39:24,24,24_arte_artes_art,8.96261,2.390735,12.465747,-2.2405396
329,"Madre excéntrica, abuela tierna",Homenaje a Lemebel,Chile; Pedro Lemebel,2015-01-23 20:44:18,40,40_manifestación_feminista_multitud,8.425553,2.2745376,9.635213,-3.7020495
330,"Tu recuerdo, fresco como ramita de albahaca",Homenaje a Lemebel,,2015-01-24 15:46:13,5,5_pedagógico_enseñanza_escolar,8.654341,2.5105593,6.9189916,-4.8941054
331,Pedro nuestro que estás en los espejos,Homenaje a Lemebel,Chile; Pedro Lemebel,2015-01-24 15:51:28,24,24_arte_artes_art,8.341447,1.9384457,13.2563305,-2.4589403
332,Horizonte desquiciado,Verano anfibio,,2015-01-27 11:28:40,20,20_ríos_río_arroyo,9.595178,3.1847327,5.5594897,-1.143072
333,Santuario Lemebel,,Chile; Pedro Lemebel,2015-01-27 15:43:56,18,18_chileno_chile_político,8.521569,2.268247,3.7348392,3.796475
334,La inutilidad de una canilla sin agua,La sequía en San Pablo,,2015-01-28 11:12:54,20,20_ríos_río_arroyo,8.677549,6.4882507,4.9417467,-1.0265214
335,La Pedra de Chile,Homenaje a Lemebel,Chile; Pedro Lemebel,2015-01-30 12:24:27,29,29_ficción_protagonista_personaje,8.798366,2.2601273,11.827664,-1.8938078
336,"Quítate las gafas, James",La Agencia Federal de Inteligencia,,2015-02-02 13:01:40,17,17_innovación_tecnológico_tecno,10.400145,6.8756433,9.646751,1.7143586
337,Puta nao es infidelidade,Verano anfibio,,2015-02-03 10:17:53,22,22_música_musical_músico,10.420709,2.9104612,14.463538,-4.037092
338,Evitar viejos errores,La Agencia Federal de Inteligencia,,2015-02-05 11:57:04,17,17_innovación_tecnológico_tecno,10.352131,6.7890234,10.980675,3.783247
339,Nisman: la política del cuerpo muerto,AMIA,,2015-02-13 12:33:57,39,39_morir_muerte_moribundo,9.561464,5.255335,9.264651,-1.2170761
340,Pruebas y sospechas,Caso Nisman,,2015-02-13 21:51:30,23,23_justicia_judicial_juzgado,9.578175,5.1598535,11.284455,4.3259907
341,La crisis de la interpretación,Caso Nisman,,2015-02-16 10:19:13,39,39_morir_muerte_moribundo,9.611899,5.2453365,9.165507,-1.0192453
342,LA GLORIA DEL SILENCIO,#18F,,2015-02-20 15:49:01,23,23_justicia_judicial_juzgado,11.144114,6.3084965,9.839781,4.2472167
343,Lo difícil de leer en la playa,Verano Anfibio,,2015-02-23 11:34:30,3,3_literario_escritora_autor,7.816557,2.1393063,6.959967,-5.1629577
344,Salir del letargo,Nisman y el 18F,,2015-02-24 11:45:55,39,39_morir_muerte_moribundo,10.484134,6.502092,9.252171,-1.1297491
345,"Nisman es todos, Nisman no era nadie",#18F,,2015-02-25 11:43:40,0,0_político_política_electoral,10.791564,5.5997496,9.089303,4.287408
346,Multitudes del miedo y la ficción,#18F,,2015-02-26 07:27:55,0,0_político_política_electoral,11.324485,6.0568504,7.675913,5.487262
347,La mecánica de una rutina insoportable,Comunidad Anfibia,,2015-03-02 17:23:33,24,24_arte_artes_art,7.4807644,2.925896,12.48574,-2.2818444
348,El núcleo duro,#1M,,2015-03-03 11:51:56,40,40_manifestación_feminista_multitud,11.309471,6.340421,9.011716,4.8215637
349,El miedo a las mariposas nocturnas,Verano anfibio,,2015-03-04 13:56:03,29,29_ficción_protagonista_personaje,9.362442,2.8030412,7.987135,-2.586717
350,Faltarle el respeto al agua,Inundaciones en Córdoba,,2015-03-05 11:09:28,20,20_ríos_río_arroyo,9.142963,4.952714,5.183225,-1.1344135
351,El hombre que perseguía sonidos,Sven Helbig,,2015-03-06 15:00:13,22,22_música_musical_músico,8.721261,1.8863835,14.747221,-3.9934354
352,La ciencia no es una lata de conserva,Prácticas científicas,,2015-03-09 11:37:51,37,37_astrónomo_ciencia_universo,7.4805517,6.7288995,9.943572,0.10757205
353,Las políticas de los nombres,Marchas,,2015-03-10 11:01:59,0,0_político_política_electoral,10.821179,6.461244,8.88521,5.022897
354,El verano fue una carpa sin gemidos,Verano Anfibio,,2015-03-11 12:26:50,18,18_chileno_chile_político,9.410649,2.8554542,3.719965,3.7306116
355,"Blues, pobreza y vudú y la tierra de Elvis",,,2015-03-13 11:09:23,41,41_pobreza_inmobiliario_habitante,9.382853,6.9333334,6.7531986,-1.3677909
356,Viaje espeluznante al sur del río Ohio,,,2015-03-13 11:10:29,41,41_pobreza_inmobiliario_habitante,9.528081,4.8457637,6.635167,-0.90366423
357,Platón para todos,,,2015-03-13 12:23:33,26,26_fotoperiodismo_retratar_retrato,7.919401,3.5809104,12.870401,-3.3815296
358,La fiesta del saber Kolla,,,2015-03-13 13:28:16,5,5_pedagógico_enseñanza_escolar,10.076119,4.988854,6.962951,-2.2871573
359,El baile prohibido de las favelas,Música y violencia en Brasil,,2015-03-13 15:10:27,6,6_asesinato_policía_policial,10.52296,4.2386193,7.397345,-1.4050318
360,El lado B del policial,Festival Azabache,,2015-03-13 15:41:48,3,3_literario_escritora_autor,8.185775,2.9922142,6.96451,-5.1394873
361,El millonario y los anfibios,,,2015-03-13 15:52:33,19,19_periodista_periodístico_periódico,9.565561,2.7239463,12.898554,1.2372888
362,Se astilla a la derecha,Elecciones 2015,,2015-03-16 13:09:44,0,0_político_política_electoral,11.1545,6.709748,7.271543,5.6274242
363,Dólares para el ego,ArteBA,,2015-03-17 11:11:18,24,24_arte_artes_art,7.7437654,3.6803198,12.969765,-2.184612
364,Los hijos del mercado,Economía informal en Nicaragua,,2015-03-17 11:28:49,11,11_asesino_testimonio_testigo,8.789275,6.9292507,7.2317705,-1.826744
365,Mientras el Diego Duerme,Cocodrilo,,2015-03-17 12:03:58,11,11_asesino_testimonio_testigo,9.74364,2.239666,7.547399,-1.9404439
366,Gritos desde el pozo,,,2015-03-17 12:16:36,42,42_padre_papá_hijo,9.038416,6.5300045,6.6867323,-3.1931963
367,Desborde de amor,Comunidad Anfibia,,2015-03-17 13:28:00,29,29_ficción_protagonista_personaje,6.6273046,3.2650082,10.399451,-2.2464833
368,La cultura del peritaje,Caso Nisman,Horacio González,2015-03-18 12:17:11,0,0_político_política_electoral,9.681851,5.587438,8.85337,4.943224
369,Basura,Femicidio,#NiUnaMenos,2015-03-19 09:13:43,11,11_asesino_testimonio_testigo,8.716266,3.8627002,7.873338,-2.4947512
370,ACTIVISMO JUDICIAL: DEL PALACIO A LA CALLE,18F,,2015-03-19 10:35:53,23,23_justicia_judicial_juzgado,10.198067,5.548958,11.251707,4.224448
371,Mitos y verdades de Pablo Escobar Gaviria,La hacienda Nápoles,,2015-03-20 10:23:08,42,42_padre_papá_hijo,9.615829,4.559683,6.962823,-2.9504094
372,"Effy, biología y lenguaje",Identidad de género,,2015-03-25 10:01:42,1,1_feminismo_feminista_patriarcado,5.8156266,3.6723924,9.993427,-3.9241838
373,¿Qué hizo Nisman en la causa AMIA?,La investigación del atentado,,2015-03-26 11:48:43,23,23_justicia_judicial_juzgado,9.562406,5.1335144,11.412259,4.3221064
374,Abramovic: el cuerpo al límite,Arte y performance,,2015-03-27 10:12:41,24,24_arte_artes_art,8.031504,3.0519876,12.615681,-2.3371243
375,Acariciar el cuerpo,Colmegna,,2015-03-30 08:20:48,1,1_feminismo_feminista_patriarcado,8.143951,3.7065957,11.707809,-2.655623
376,J. M. Coetzee dirigirá la Cátedra Literaturas del Sur de la UNSAM,,,2015-03-30 16:50:54,5,5_pedagógico_enseñanza_escolar,7.7358565,2.7282443,3.8107991,-3.470413
377,La voz de la guerra,Invitado Anfibio,,2015-03-31 09:13:44,21,21_soviética_soviético_vladimir,8.514311,3.1725056,7.134156,3.309633
378,"Rosada y boca arriba, como salmón muerto",Verano Anfibio,,2015-03-31 11:49:43,21,21_soviética_soviético_vladimir,10.145231,4.43128,14.144344,4.1595554
379,Las Islas amputadas,Malvinas,Malvinas,2015-04-01 09:05:25,33,33_submarino_marino_naufragio,8.877412,5.831165,3.7883573,0.40011474
380,La verdad estaqueada,Malvinas,Malvinas,2015-04-02 07:58:37,33,33_submarino_marino_naufragio,9.750257,4.820234,3.7730143,0.40649134
381,El efecto Francisco: simple is beautiful,Visiones del Papa,Papa Francisco,2015-04-03 12:43:30,13,13_papal_catolicismo_arzobispo,11.94885,2.629839,-1.7059239,7.5037794
382,La centralidad literaria del sur,UNSAM,,2015-04-06 10:06:51,3,3_literario_escritora_autor,7.76544,2.769632,6.656022,-5.058347
383,Héroes: los que escribieron y ganaron,Concurso Federal de Relatos,,2015-04-06 11:11:31,41,41_pobreza_inmobiliario_habitante,9.534749,3.357064,6.613646,-0.72168463
384,"Nisman, el caso conmocionante",Medios y política,,2015-04-07 08:45:16,14,14_mediático_periodístico_político,8.774069,4.4725924,10.049238,3.3005297
385,Globos y buena onda,Adelanto,,2015-04-08 08:24:42,0,0_político_política_electoral,10.95796,5.2339177,7.5138483,5.258806
386,El profano ritual del pavoneo,,,2015-04-09 13:47:38,24,24_arte_artes_art,8.083433,3.6335435,12.747571,-2.3098707
387,El gran domador,Rusia,Internacional; Rusia,2015-04-10 09:48:59,21,21_soviética_soviético_vladimir,11.317103,7.5959992,14.117434,4.157949
388,La Salada es para siempre,Conurbano,,2015-04-11 08:19:05,41,41_pobreza_inmobiliario_habitante,9.221457,6.2862587,7.2039123,-1.0059363
389,¿Todos podemos ser Rubius?,Los Youtubers en el Club Media Fest,,2015-04-13 08:50:52,14,14_mediático_periodístico_político,7.402278,5.132478,10.810632,2.0727162
390,Todo arte es político,Boris Groys en UNSAM,,2015-04-15 09:03:54,24,24_arte_artes_art,7.642954,4.0981307,13.100656,-2.1180844
391,Crecer con Serrat,Cultura progresista,,2015-04-17 09:19:44,22,22_música_musical_músico,9.394147,2.3329816,14.765627,-3.9580605
392,Pero sin sangre,La interna del PRO,,2015-04-20 09:17:05,0,0_político_política_electoral,11.996599,5.7989187,7.4452085,5.1529803
393,El precipicio y las ganas de llorar,Otoño anfibio,,2015-04-22 08:42:41,20,20_ríos_río_arroyo,9.573012,3.6602073,4.856345,-1.2110159
394,Amorales,Narrativas del escándalo,,2015-04-23 08:42:43,14,14_mediático_periodístico_político,6.4345784,3.9360251,10.966814,1.4682631
395,Explotó el Calbuco,La erupción del volcán,,2015-04-23 12:32:08,14,14_mediático_periodístico_político,8.880209,3.6771252,8.992566,2.8904731
396,Xóchitl: la diosa de la fiesta gay mexicana,Adelanto,,2015-04-24 09:31:15,40,40_manifestación_feminista_multitud,6.494924,3.788089,6.9048057,-0.985779
397,De Evita a Mauricio: el PRO villero,Elecciones y punteros,,2015-04-27 11:16:47,41,41_pobreza_inmobiliario_habitante,11.466418,4.805256,6.805112,-0.826213
398,50 sombras del postporno,BDSM,,2015-04-28 10:15:09,1,1_feminismo_feminista_patriarcado,5.9466214,3.9044645,10.330824,-3.6755967
399,No fui testigo,Javier Cercas en Anfibia,,2015-04-29 06:40:26,3,3_literario_escritora_autor,8.506477,4.1517215,6.8610516,-5.2027464
400,8 horas 17 minutos,Desafiar al cuerpo,,2015-04-30 07:39:21,20,20_ríos_río_arroyo,9.951514,2.9752705,4.8505,-1.1687104
401,Progreso clandestino,Talleres textiles,,2015-05-04 11:15:59,15,15_sindicalismo_reforma_político,9.173811,6.79223,6.3920646,1.219916
402,Narrar el Sur desde el Sur,,,2015-05-05 12:55:56,3,3_literario_escritora_autor,7.7320123,2.621706,6.5775146,-5.18115
403,Nepal: lo sagrado es precario,Terremoto,,2015-05-06 08:51:16,32,32_catástrofe_desastre_tragedia,8.976107,5.1545687,6.083369,-1.1214678
404,Mapas de la política y del cuerpo,Presentación del libro de Anfibia,,2015-05-08 12:33:34,3,3_literario_escritora_autor,7.3863354,2.8871853,6.671239,-4.723496
405,Buenas historias,Anfibia de papel,,2015-05-11 08:28:45,19,19_periodista_periodístico_periódico,9.089546,3.2204301,12.668272,0.79747295
406,"""Los escritores de ficción preferimos no chequear""",Anfibia en papel,,2015-05-11 11:10:47,3,3_literario_escritora_autor,7.5008044,2.7443595,6.7079835,-5.616313
407,Te mato,El femicidio de Caballito,,2015-05-12 08:52:58,1,1_feminismo_feminista_patriarcado,8.757786,4.174859,9.377949,-4.1437397
408,Soy un provocador de la sociedad,Primer Premio Concurso Federal Héroes,,2015-05-14 07:49:51,39,39_morir_muerte_moribundo,8.283572,3.2611463,9.177155,-1.802599
409,"Gas pimienta, drone, misiles",La suspensión del Boca River,Barras bravas; Boca Juniors; Fútbol; Violencias,2015-05-15 06:47:38,2,2_fifa_futbolista_fútbol,9.964465,4.9937925,5.265898,11.336536
410,Seminario de Periodismo Político,,,2015-05-15 11:42:57,19,19_periodista_periodístico_periódico,7.8924074,4.475411,12.643525,1.5517161
411,La muerte imposible de Marcelo Diez,Bioética,,2015-05-18 11:37:19,39,39_morir_muerte_moribundo,6.9059525,6.89553,9.145294,-1.3277404
412,"Laclau, sin fin de ciclo",Populismo,Escuela de Política y Gobierno; UNSAM,2015-05-20 09:46:41,0,0_político_política_electoral,10.631933,6.1167455,8.28681,4.3080373
413,Ultraviolento,Justicia y abuso,,2015-05-22 09:59:59,25,25_violencia_feminismo_feminista,6.176098,4.2162457,8.478701,-4.0203357
414,Los machos me dicen feminazi,Feminismos,,2015-05-26 12:03:32,1,1_feminismo_feminista_patriarcado,5.4820676,3.1303778,9.97947,-4.499547
415,Rumor y castigo,Crímenes en Monte Hermoso,#NiUnaMenos,2015-05-29 10:12:37,32,32_catástrofe_desastre_tragedia,8.973108,4.4608636,7.01467,-1.2584214
416,Policía Bonaerense: juegos de seducción,La sexualidad en las comisarías,Violencia policial,2015-06-01 11:46:22,1,1_feminismo_feminista_patriarcado,6.305313,3.6996887,8.624883,-3.8100336
417,"Vos, tu amiga, tu hija, tu madre",Ni una menos,,2015-06-02 06:27:56,11,11_asesino_testimonio_testigo,9.059408,3.9483178,7.914161,-2.665187
418,"Narrar la diferencia. Periodismo, teoría y ficción",,,2015-06-02 08:11:16,19,19_periodista_periodístico_periódico,7.281889,3.67158,12.561335,0.7182228
419,El género de una década,Ni una menos,,2015-06-02 10:43:18,1,1_feminismo_feminista_patriarcado,6.0510564,3.744926,9.423291,-4.5958595
420,Nada será igual,Ni una menos,#NiUnaMenos,2015-06-04 06:59:30,1,1_feminismo_feminista_patriarcado,6.5753326,4.397683,9.177908,-4.190815
421,Te juro que no te pego más,Ni una menos,,2015-06-05 08:29:26,1,1_feminismo_feminista_patriarcado,6.64552,3.8129182,9.435393,-3.4405854
422,El héroe del río,Concurso Federal de Relatos,,2015-06-08 08:18:05,20,20_ríos_río_arroyo,9.3922825,4.025028,5.1927757,-1.1624334
423,El pesimismo de un escritor exitoso,Leonardo Padura,,2015-06-10 07:41:41,35,35_cubano_cubana_cuba,10.6929035,3.7028093,5.7035713,2.9489179
424,La FIFA era el paraíso,Soborno y lavado,,2015-06-10 09:22:44,2,2_fifa_futbolista_fútbol,10.879961,2.9749107,5.2995734,11.021036
425,Todos anfibios,Al rescate,,2015-06-11 10:55:15,19,19_periodista_periodístico_periódico,8.141792,2.3300784,12.461846,0.601656
426,La dificultad de ser mejor que los otros,Anfibia en la Copa América,,2015-06-15 08:44:06,2,2_fifa_futbolista_fútbol,10.730907,2.175046,5.1505823,11.476172
427,¿De qué hablamos cuando hablamos de populismo?,Debate anfibio,,2015-06-19 08:29:55,0,0_político_política_electoral,11.035941,6.2218814,7.2772136,3.897297
428,La siembra,,Día del Padre,2015-06-20 07:38:57,42,42_padre_papá_hijo,8.610901,2.9648533,6.8976207,-2.976961
429,La habitación 125 es una nave espacial,,Día del Padre,2015-06-20 07:40:54,42,42_padre_papá_hijo,9.09628,3.1076572,6.529927,-3.3063333
430,De patria y de hermanos,,Día del Padre,2015-06-20 07:42:23,42,42_padre_papá_hijo,6.3498497,3.8465667,6.6604786,-3.2081883
431,Un monstruoso colibrí,,Día del Padre,2015-06-20 07:46:02,39,39_morir_muerte_moribundo,8.806706,3.1040118,9.235545,-1.3349097
432,Susurros en el agua,,Día del Padre,2015-06-20 07:47:21,42,42_padre_papá_hijo,9.176762,3.0677056,6.8525305,-3.052095
433,Coseno,,Día del Padre,2015-06-20 07:49:02,37,37_astrónomo_ciencia_universo,7.1175356,6.719065,8.496581,-2.8457167
434,Clase de guitarra,,,2015-06-20 07:50:03,42,42_padre_papá_hijo,8.579501,2.0669515,6.546043,-3.2874026
435,Un genio de la filosofía,,Día del Padre,2015-06-20 07:51:21,42,42_padre_papá_hijo,7.7930984,3.3275616,6.530327,-3.3114908
436,Hoy fue un día hermoso en las Malvinas,,Día del Padre,2015-06-20 07:52:41,42,42_padre_papá_hijo,9.091056,3.0997553,6.6416316,-3.2271051
437,Con vos en el fitito azul,,Día del Padre,2015-06-20 07:54:00,42,42_padre_papá_hijo,8.836673,3.156315,6.525448,-3.304301
438,El rastro,,Día del Padre,2015-06-20 07:54:38,20,20_ríos_río_arroyo,6.0116696,5.0650873,5.238971,-1.161792
439,Innecesario y afortunado,,Día del Padre,2015-06-20 07:55:36,42,42_padre_papá_hijo,8.867542,3.1028972,6.5389056,-3.2984238
440,Palmas invisibles,,Día del Padre,2015-06-20 07:56:38,42,42_padre_papá_hijo,6.6071525,5.7856984,6.5792074,-3.2717316
441,No saber eso,,Día del Padre,2015-06-20 07:59:48,42,42_padre_papá_hijo,6.685463,4.1117935,6.880847,-3.0274842
442,Papá siempre fue un barrilete,,Día del Padre,2015-06-20 08:00:45,42,42_padre_papá_hijo,8.729741,3.207653,6.6373897,-3.2210581
443,El golpe de Papá,,Día del Padre,2015-06-20 08:01:31,42,42_padre_papá_hijo,9.111083,3.2224798,6.555937,-3.2900825
444,A pescar tiburones,,Día del Padre,2015-06-20 08:02:20,33,33_submarino_marino_naufragio,9.047869,3.6517682,3.816404,0.34954292
445,El cajón equivocado,,Día del Padre,2015-06-20 08:04:08,42,42_padre_papá_hijo,9.198488,3.1971023,6.520685,-3.4149523
446,Apostar al sol,,Día del Padre,2015-06-20 08:05:00,42,42_padre_papá_hijo,9.759494,3.5274282,6.5402837,-3.288818
447,Mi papá se levanta de noche,,Día del Padre,2015-06-20 08:05:47,42,42_padre_papá_hijo,9.131422,2.993431,6.5863366,-3.261856
448,Viaje a Rosario de la Frontera,,Día del Padre,2015-06-20 08:07:25,42,42_padre_papá_hijo,9.120846,3.0739572,6.940627,-2.9568856
449,La supremacía humana,,Día del Padre,2015-06-20 08:08:20,42,42_padre_papá_hijo,8.772745,3.129836,6.525241,-3.3081954
450,Los cinco,,Día del Padre,2015-06-20 08:09:33,42,42_padre_papá_hijo,8.849122,3.2116158,7.05632,-2.9470398
451,Las revistas soviéticas,,Día del Padre,2015-06-20 08:11:32,42,42_padre_papá_hijo,8.767446,3.3866396,6.889788,-3.0639777
452,Abzurdah: el amor vende más,Adolescencia y anorexia,,2015-06-22 09:06:11,29,29_ficción_protagonista_personaje,7.4501987,3.4699924,11.0773535,-2.1454782
453,La Copa de la coima,Anfibia en la Copa América,,2015-06-24 09:14:35,2,2_fifa_futbolista_fútbol,10.939258,3.349387,5.324897,11.039465
454,La nueva derecha andina,Bolivia,,2015-06-25 08:16:59,10,10_boliviano_bolivia_político,11.419852,4.4321337,6.915428,4.25473
455,En la tele con tribuna,Debate político,Escuela de Política y Gobierno; UNSAM,2015-06-25 13:01:05,0,0_político_política_electoral,11.218926,5.481086,7.927586,5.381154
456,¿Me quería mi mamá?,Adelanto,24M: Día de la memoria por la verdad y la justicia; Derechos Humanos; Libros; Memoria,2015-06-26 09:14:00,11,11_asesino_testimonio_testigo,8.616658,3.6661685,7.3733387,-2.68105
457,Los restos de la Corte,Justicia,,2015-07-01 12:07:25,23,23_justicia_judicial_juzgado,9.93047,5.3705153,11.326292,4.2901196
458,“Un nuevo Nunca más”,Documento del #NiUnaMenos,#NiUnaMenos,2015-07-02 08:10:10,1,1_feminismo_feminista_patriarcado,5.105138,3.0261464,9.380064,-4.4330974
459,"Academia, libido y vergüenza",Posporno,,2015-07-02 17:27:34,1,1_feminismo_feminista_patriarcado,5.8425627,3.6572726,9.386579,-4.4513235
460,#Injusticiapoética,Kodama vs. El mundillo literario,,2015-07-03 11:54:22,3,3_literario_escritora_autor,8.194989,2.6336143,6.8335443,-5.3754745
461,¡Feminismo! (pero prolijo y ordenado),Posporno,,2015-07-03 15:06:34,1,1_feminismo_feminista_patriarcado,5.486352,3.0704086,9.932177,-4.1102767
462,No hay manual para la fiesta,Copa América,,2015-07-05 16:12:30,18,18_chileno_chile_político,10.276005,2.831932,3.8824775,3.86715
463,Celebramos,Posporno,,2015-07-06 12:38:01,14,14_mediático_periodístico_político,5.872881,3.8920467,9.810862,-3.3603845
464,Syriza: golpear y negociar,Crisis europea,,2015-07-07 12:52:30,4,4_déficit_deuda_endeudamiento,9.705611,8.309024,10.1248,5.53652
465,El posporno no es para que te excites,Debate por la performance en la UBA,,2015-07-07 16:58:41,1,1_feminismo_feminista_patriarcado,5.728387,3.7324607,9.619197,-4.618082
466,40 vírgenes para Francisco,El Papa en Paraguay,Papa Francisco,2015-07-08 11:47:44,13,13_papal_catolicismo_arzobispo,11.828348,2.72927,-1.7188852,7.524553
467,Jallalla Santo Padre,El Papa en Bolivia,Papa Francisco,2015-07-08 16:29:37,13,13_papal_catolicismo_arzobispo,11.564546,2.986301,-1.6553075,7.495669
468,¿Tanto puede un nombre (de varón)?,Teoría queer,,2015-07-08 17:58:25,1,1_feminismo_feminista_patriarcado,9.00683,3.3292127,10.01399,-4.323415
469,40 vírgenes para Francisco (Parte II),El Papa en Paraguay,Papa Francisco,2015-07-09 10:16:55,13,13_papal_catolicismo_arzobispo,11.787272,2.7572348,-1.709089,7.530715
470,Los dramas del capitalismo y el destino de los gestos,El Papa en Paraguay,Catolicismo; Papa Francisco; Paraguay; Religión,2015-07-10 19:02:49,13,13_papal_catolicismo_arzobispo,11.915364,2.6560836,-1.647219,7.4717093
471,Un héroe para Caacupé,El Papa en Paraguay,,2015-07-10 20:32:02,13,13_papal_catolicismo_arzobispo,11.906882,2.62664,-1.7585973,7.5809474
472,El país de los crucificados,El Papa en Paraguay,Papa Francisco,2015-07-10 22:10:11,13,13_papal_catolicismo_arzobispo,12.004174,2.543831,-1.6654454,7.560535
473,Diez segundos de Francisco,Anfibia en Paraguay,Papa Francisco,2015-07-11 16:37:10,13,13_papal_catolicismo_arzobispo,11.913216,2.6404855,-1.7775149,7.6296296
474,Besando la tierra de los líos,El Papa en los bañados paraguayos,Catolicismo; Papa Francisco; Paraguay; Religion,2015-07-12 22:31:42,13,13_papal_catolicismo_arzobispo,11.32216,4.1377153,-1.6850334,7.5295687
475,Francisco y los límites de una iglesia estancada,El Papa en Paraguay,Catolicismo; Papa Francisco; Religion,2015-07-14 11:48:27,13,13_papal_catolicismo_arzobispo,11.944838,2.6023984,-1.7347232,7.5343637
476,“Hasta que un día nos organizamos”,Adelanto,,2015-07-14 16:35:22,41,41_pobreza_inmobiliario_habitante,9.333982,6.513203,6.8222036,-0.48984852
477,En la vía,Randazzo,Perfil político; Peronismo; Randazzo,2015-07-15 12:57:03,0,0_político_política_electoral,11.595908,5.292322,7.650583,5.412787
478,"El miedo es de nosotros, las llaves son ajenas",El mercado inmobiliario,,2015-07-17 11:06:56,41,41_pobreza_inmobiliario_habitante,9.273926,6.6673393,6.819305,-1.079924
479,Más allá de octubre,El futuro del PRO,,2015-07-20 12:58:42,0,0_político_política_electoral,11.90532,5.6352344,7.5961323,5.7229495
480,"Seminario de periodismo, género y sociedad",,,2015-07-22 11:34:02,1,1_feminismo_feminista_patriarcado,5.9852467,3.0528245,9.241313,-4.3701534
481,Lurigancho: te acostumbrarás a lo que sea,Premio Nuevas Plumas,,2015-07-22 12:18:22,19,19_periodista_periodístico_periódico,9.547637,4.238148,13.053698,1.0343295
482,La generación herbívora sólo se ama a sí misma,Sexualidad a la japonesa,,2015-07-24 12:28:04,1,1_feminismo_feminista_patriarcado,5.656759,3.750078,9.344662,-3.4983077
483,Seminario de Periodismo Deportivo y Ciencias Sociales,,,2015-07-27 12:49:17,2,2_fifa_futbolista_fútbol,7.862343,4.766084,5.6082215,11.273444
484,Machismo y literatura: el mercado de la sensibilidad,¿Alcanza con la denuncia escrita?,,2015-07-27 13:51:43,1,1_feminismo_feminista_patriarcado,6.8387384,2.9521458,9.905829,-3.938869
485,El arte de domar al dólar,Economía y especulación,,2015-07-28 12:09:19,4,4_déficit_deuda_endeudamiento,9.46389,8.118021,10.676252,5.6537485
486,Primera cosecha,Marihuana en Uruguay,,2015-07-29 12:24:27,11,11_asesino_testimonio_testigo,9.075692,6.133203,7.4835644,-1.2055631
487,Magnetto y el último día de Clarín,Adelanto,,2015-07-31 12:32:26,11,11_asesino_testimonio_testigo,10.040069,3.21776,8.022137,-1.0756503
488,Las penas del patrón,"Más campo, menos Estado",,2015-08-03 13:44:49,10,10_boliviano_bolivia_político,11.095349,5.4519525,7.511179,4.2698655
489,El páramo frío de la ausencia,#ViolenciaEnMéxico,Rossana Reguillo,2015-08-05 12:58:00,25,25_violencia_feminismo_feminista,9.404146,4.4916987,9.348459,-3.438713
490,Nadie lo hace por amor,El mercado de las encuestas,,2015-08-06 13:45:43,0,0_político_política_electoral,10.007615,6.804033,7.6696076,5.4933596
491,Aflojarse y dejarse llevar (por el varón),Pedagogía del 2 por 4,Escuela IDAES; Música; Tango,2015-08-07 12:28:49,1,1_feminismo_feminista_patriarcado,7.2413707,3.608281,9.754579,-4.2295103
492,Carnicero de escritorio,Manuel “Mamo” Contreras,,2015-08-07 23:37:12,42,42_padre_papá_hijo,9.572913,3.741248,6.7564807,-3.811346
493,Perfume de naranjo en flor,Scioli y el Luna Park,,2015-08-10 15:05:22,0,0_político_política_electoral,11.435321,6.1038723,8.098485,4.618454
494,El pibe trosko,El FIT en las PASO,,2015-08-11 15:33:56,0,0_político_política_electoral,11.726034,5.297979,8.005807,4.8575745
495,"Dussel, el filósofo transmoderno",Honoris Causa en la UNSAM,,2015-08-11 16:23:53,25,25_violencia_feminismo_feminista,9.024743,2.8299937,9.011052,3.5271282
496,Corresponsales en peligro,Periodismo,,2015-08-13 14:44:41,19,19_periodista_periodístico_periódico,10.344791,7.3503804,13.001099,1.1604198
497,El agua ya no penetra,Inundaciones,,2015-08-14 13:25:46,20,20_ríos_río_arroyo,8.565639,7.510922,4.939046,-0.83668286
498,Contra el colonialismo interno,Silvia Rivera Cusicanqui,,2015-08-14 16:42:43,3,3_literario_escritora_autor,8.090505,2.781947,6.593876,-5.2056227
499,Sin santuario,Carta de periodistas,,2015-08-18 16:31:29,19,19_periodista_periodístico_periódico,8.223041,4.3743935,12.977125,1.1542059
500,Ni autocrítica ni perdón,Adelanto,,2015-08-20 15:13:02,6,6_asesinato_policía_policial,9.354765,5.225605,7.6938148,-1.3586905
501,93 pantalones blancos,Desventuras de un gigoló,,2015-08-21 13:31:29,1,1_feminismo_feminista_patriarcado,7.1111555,3.9029758,9.546982,-3.816615
502,¿Puede un violento dejar de serlo?,Hombres golpeadores,,2015-08-24 12:15:09,25,25_violencia_feminismo_feminista,6.255821,4.057582,8.832469,-4.1055326
503,La grieta es un algoritmo,Campaña sucia y Twitter,,2015-08-25 14:00:42,31,31_digital_internet_tecnología,11.623024,5.3421397,10.63298,2.1942039
504,Los chinos juegan en la bolsa y el mundo tiembla,Economía asiática,,2015-08-27 14:14:35,4,4_déficit_deuda_endeudamiento,9.1291275,7.848773,10.530137,5.2920756
505,La peste invisible,La enfermedad de Chagas-Mazza,,2015-08-28 11:58:42,39,39_morir_muerte_moribundo,7.5013757,7.7856917,8.625055,-0.61227655
506,Los cuadernos de Piglia,De cómo se construye un escritor,,2015-08-31 11:59:51,3,3_literario_escritora_autor,7.9628882,2.12963,6.6856065,-5.3742085
507,“Hablar de mí es hablar de ese diario”,Adelanto,,2015-09-02 11:35:22,3,3_literario_escritora_autor,7.8414626,2.1713765,6.6268797,-5.484665
508,"Moretti, el programador de la literatura universal",El software de la crítica literaria,,2015-09-03 13:01:53,3,3_literario_escritora_autor,7.75795,2.640866,6.6861725,-5.272258
509,¿Cómo lo habría hecho Piglia?,327 cuadernos,,2015-09-04 12:11:27,3,3_literario_escritora_autor,7.847362,3.0365214,11.082834,-2.1356366
510,Quince horas de Pejota explícito,Cumbre peronista,,2015-09-07 13:20:15,0,0_político_política_electoral,11.12462,5.356852,7.3174415,5.1991057
511,“Podría ser el hijo de cualquier europeo”,La foto de un chico sirio,,2015-09-08 12:15:40,26,26_fotoperiodismo_retratar_retrato,8.184265,3.5700603,12.883463,-3.390562
512,Maestro del complot,Crítica y ficción,,2015-09-09 11:32:01,3,3_literario_escritora_autor,7.410639,2.6984038,6.509564,-5.5776978
513,Morir en el Mediterráneo,La frontera más peligrosa del mundo,,2015-09-09 15:52:09,36,36_holocausto_terrorista_siria,10.256501,7.5553308,12.659887,6.335307
514,La vida de los otros,Tecnoseguridad,,2015-09-11 10:07:00,17,17_innovación_tecnológico_tecno,7.5947537,5.3933167,7.017663,-0.5332987
515,Sombras chinas,El desembarco del gigante asiático,,2015-09-14 10:26:04,15,15_sindicalismo_reforma_político,9.805076,6.628801,6.853464,1.4568743
516,La tiranía del click,Quién marca la agenda informativa,,2015-09-16 12:32:48,19,19_periodista_periodístico_periódico,7.954697,4.897747,12.772212,1.4051782
517,Soy lo que doy,Donación de sangre,,2015-09-17 12:17:53,1,1_feminismo_feminista_patriarcado,5.948815,3.9176733,9.379795,-4.433957
518,Manifiesto antiNiembro,Periodismo y operación,,2015-09-18 12:36:36,2,2_fifa_futbolista_fútbol,8.190622,4.379283,5.6539254,11.255494
519,Palermo villa,Juventudes y cultura popular,,2015-09-21 12:35:38,22,22_música_musical_músico,8.7350645,5.6908417,14.574669,-3.9949877
520,"Balcells, la ferocidad del boom",Murió la famosa agente literaria,,2015-09-21 16:08:29,5,5_pedagógico_enseñanza_escolar,7.8843403,2.4426057,3.876458,-2.7374213
521,PERIODISMO DIARIO: DEL OFF THE RECORD A LA EDICIÓN,,,2015-09-21 16:40:23,19,19_periodista_periodístico_periódico,7.6451488,4.365399,12.848572,1.128324
522,Afuera,Migraciones y ciudadanía en Europa,,2015-09-22 13:10:11,36,36_holocausto_terrorista_siria,10.26791,7.564573,12.682925,6.3570004
523,Millones de bocas que alimentar,Adelanto,,2015-09-22 17:11:15,15,15_sindicalismo_reforma_político,8.133119,6.26829,6.326591,1.0758858
524,Lo que yo hago es leer,Judith Butler,,2015-09-23 13:55:02,1,1_feminismo_feminista_patriarcado,6.1068025,2.6595793,7.5682955,-4.9058423
525,La biblioteca de Waldemar,Concurso Federal de Relatos,,2015-09-23 16:21:42,5,5_pedagógico_enseñanza_escolar,7.739612,2.8825428,6.9793086,-2.393852
526,COMUNICACIÓN Y MODA: LOS LENGUAJES DEL VESTIR,,,2015-09-24 10:50:53,17,17_innovación_tecnológico_tecno,7.4788566,4.076194,12.424426,-0.1082714
527,¿Los escritores nacen o se hacen?,Adelanto,,2015-09-24 13:19:49,3,3_literario_escritora_autor,7.532328,2.4951262,6.6656585,-5.508612
528,La libertad de la imaginación,Coetzee en el CUSAM,,2015-09-25 18:03:19,3,3_literario_escritora_autor,7.7304153,2.7230818,6.6463904,-5.422299
529,"Si el miedo se contagia, el coraje también",La violencia en México,,2015-09-25 18:48:47,25,25_violencia_feminismo_feminista,7.970631,3.256606,6.8290763,2.5269816
530,CRONISTAS FUNDAMENTALES. UNA EXPLORACIÓN POR LOS GRANDES AUTORES DE 1830 A 1930,,,2015-09-28 12:37:09,1,1_feminismo_feminista_patriarcado,8.01328,2.2178342,7.4785376,-5.01771
531,SCIOLISMO LGBT: DE LA LEY A LA CALLE,Agrupación Igualados,,2015-09-28 13:20:28,15,15_sindicalismo_reforma_político,6.0611744,4.1598907,7.1317544,0.7939621
532,El voto progre,Sinfonía de un pensamiento,,2015-09-28 19:45:58,0,0_político_política_electoral,11.412529,6.240613,7.340243,5.6051035
533,"Para los refugiados, ciudadanía europea",Integrados o excluidos,,2015-09-30 11:56:52,36,36_holocausto_terrorista_siria,10.571017,7.5409136,12.660174,6.341042
534,Los hombres del fuego,Concurso Federal de Relatos,,2015-10-01 11:35:07,32,32_catástrofe_desastre_tragedia,8.658924,6.8609147,6.1111174,-1.1100376
535,¿Por qué finjo conversar conmigo?,Diarios de escritores,,2015-10-01 15:02:17,3,3_literario_escritora_autor,7.6522326,2.3798773,6.952525,-5.3014665
536,Cholitas Marinas,Bolivia y el mar,,2015-10-02 14:39:16,33,33_submarino_marino_naufragio,8.903356,5.871395,3.7771635,0.38784462
537,Falsas impresiones,,,2015-10-05 15:56:13,20,20_ríos_río_arroyo,9.38699,4.3299465,5.1302915,-1.2947464
538,"Evo, el Estado y la Revolución",Álvaro García Linera,,2015-10-05 16:18:29,10,10_boliviano_bolivia_político,11.386575,4.3121276,6.994595,4.2826443
539,"""Apurate a ser madre""",Violencia médica,,2015-10-06 14:25:14,39,39_morir_muerte_moribundo,4.6726785,3.9986184,9.29653,-1.6402131
540,"El obrero, desaparecido de la memoria",Concurso Federal de Relatos,,2015-10-07 11:44:35,15,15_sindicalismo_reforma_político,10.6563,4.566971,6.524599,1.0852388
541,Declaración de Medellín,Obstrucción de la Justicia mexicana,,2015-10-07 12:00:47,19,19_periodista_periodístico_periódico,8.279954,4.4427786,12.97058,1.1903316
542,"Raab, el caníbal cultural",Grandes cronistas,,2015-10-07 17:23:11,19,19_periodista_periodístico_periódico,8.093429,2.6572566,12.467047,0.6849883
543,"Un poeta peronista, el asfalto en Lavallol",Leónidas Lamborghini,,2015-10-08 12:58:30,3,3_literario_escritora_autor,8.038891,2.0009084,6.663052,-4.441132
544,Podemos: la academia al poder,España,,2015-10-09 16:38:18,0,0_político_política_electoral,11.124543,5.009991,7.2261033,5.6425343
545,El traductor wichí,Concurso Federal de Relatos,,2015-10-12 11:38:31,20,20_ríos_río_arroyo,8.654967,5.2635026,4.9280024,-1.5233034
546,"Por ser puto, torta o trans",Crimen de odio,LGBTIQ+; Memoria trans; Orgullo,2015-10-14 11:57:23,25,25_violencia_feminismo_feminista,6.603462,3.9329104,8.52403,-3.9335904
547,La prosa plebeya,Peronismo y literatura,,2015-10-14 18:23:48,3,3_literario_escritora_autor,8.085606,2.1616042,9.41728,3.2170224
548,"Limonov: ""es una ama de casa inofensiva""",Repercusiones del Nobel de Literatura,,2015-10-15 12:58:30,21,21_soviética_soviético_vladimir,7.7051926,2.9097183,14.142694,4.1429486
549,Alto antiperonismo,Brillantes y contreras,,2015-10-15 15:44:32,0,0_político_política_electoral,10.86923,5.995375,8.917237,3.4547634
550,3259 gremios,Peronismo y sindicalismo,,2015-10-16 13:21:38,15,15_sindicalismo_reforma_político,10.023312,7.1346083,6.395909,1.505768
551,Maternidad a toda costa,Adelanto,,2015-10-16 16:49:34,29,29_ficción_protagonista_personaje,4.9033585,3.885644,9.002495,-2.9146502
552,Wicomb y Vladislavic: ficciones sudafricanas,Cátedra Literaturas del Sur,,2015-10-19 12:17:59,3,3_literario_escritora_autor,7.561487,2.667127,6.608887,-5.243118
553,La forma de lo imposible,Gyula Kosice,,2015-10-20 13:19:58,24,24_arte_artes_art,8.645467,2.538158,12.676993,-2.1003785
554,"Si el Ejército tira, mata",Narcotráfico y Fuerzas Armadas,,2015-10-21 12:35:20,25,25_violencia_feminismo_feminista,10.46498,6.6538706,7.2452855,3.803461
555,La búsqueda de Mariú Carrera,Concurso Federal de Relatos,,2015-10-21 13:50:48,11,11_asesino_testimonio_testigo,10.337858,4.0837235,7.155355,-2.0314627
556,Hermanos Iaccarino: los patrones sin privilegios,,,2015-10-21 17:54:37,15,15_sindicalismo_reforma_político,9.778384,4.5504775,6.8333764,-1.6506225
557,El termómetro del Conurbano,Avenida Pavón,,2015-10-23 13:04:24,0,0_político_política_electoral,11.815557,5.868137,7.412945,5.062527
558,El pecado de subestimar,Un análisis de la elección,,2015-10-26 15:46:54,0,0_político_política_electoral,11.633547,6.1391253,7.8863635,5.378382
559,No fue magia,El PRO al balotaje,,2015-10-26 17:04:15,0,0_político_política_electoral,11.24735,6.5644207,7.589826,5.253399
560,No fue Montaner,FpV al balotaje,,2015-10-26 17:49:15,0,0_político_política_electoral,10.544965,6.5369515,7.8943663,4.763981
561,Con las mejores intenciones,María Eugenia Vidal,,2015-10-27 12:23:27,0,0_político_política_electoral,11.043521,5.1918283,7.8390784,4.891613
562,Jornada: Argentina después de las elecciones,,,2015-10-27 12:33:20,5,5_pedagógico_enseñanza_escolar,12.74235,6.884803,3.813863,-2.8676608
563,Patricia: el objeto espantable,El huracán mexicano,Rossana Reguillo,2015-10-27 13:05:48,31,31_digital_internet_tecnología,9.443137,4.951247,7.1301875,-0.5882786
564,Ser víctima y verdugo,La obra de Svetlana Aleksievič,,2015-10-28 13:10:34,21,21_soviética_soviético_vladimir,11.303112,7.541156,14.133766,4.0797205
565,¿Qué pasó en las elecciones?,Jornadas de debate Anfibia - Sciences Po,,2015-10-29 15:16:22,0,0_político_política_electoral,12.5145,6.754957,7.6997,5.145847
566,Hacia una singularidad desnuda,Arte y tecnología en el siglo XXI,,2015-10-30 11:16:10,24,24_arte_artes_art,7.278063,4.6900663,13.155251,-2.0451033
567,Estrategia electoral,Jornadas de debate Anfibia-Sciences Po,,2015-10-30 13:00:20,0,0_político_política_electoral,12.749525,6.9012923,8.119183,4.636096
568,Lo que más quería en la vida,El libro con las mejores fotos de los Kirchner,,2015-10-30 15:31:28,3,3_literario_escritora_autor,10.122219,4.417031,9.390385,3.260835
569,San Justo Blues,La desazón de los militantes matanceros,,2015-10-30 16:07:17,0,0_político_política_electoral,11.6945505,6.2844844,8.0002,4.68457
570,Mundo tuerca,Picadas legales e ilegales,,2015-11-03 13:07:35,34,34_película_personaje_actor,9.154845,5.4299407,7.7686357,-2.014539
571,Jornadas Luisa Valenzuela “El vértigo de la escritura”,,,2015-11-03 19:02:48,24,24_arte_artes_art,8.393467,2.3227746,14.294907,-3.3114932
572,Personas no humanas,Hacia una villa sustentable,,2015-11-04 12:37:47,41,41_pobreza_inmobiliario_habitante,8.714498,6.782124,6.7884665,-0.53290045
573,Detrás de las encuestas: el perfil de los votantes,Radiografía de las urnas,,2015-11-04 14:56:17,0,0_político_política_electoral,12.015265,6.1476626,7.3510585,5.5997825
574,Respuestas científicas a preguntas increíbles,Adelanto,,2015-11-05 12:16:53,31,31_digital_internet_tecnología,7.434928,7.138682,10.689206,1.6315135
575,GOBERNAR NO ES GANAR,La mutación de la UCR,,2015-11-05 16:25:03,16,16_brasil_brasilero_brasilia,11.333224,6.619056,7.10751,7.8358755
576,"Microbios, bichos y bacterias",Adelanto,,2015-11-06 10:53:52,37,37_astrónomo_ciencia_universo,7.9346447,2.984067,9.905862,0.06440024
577,Bajo el mismo cielo,El rector de la Unsam frente al balotaje,,2015-11-06 13:29:14,5,5_pedagógico_enseñanza_escolar,6.298673,6.0995526,4.276224,-2.7168698
578,Ahora soy la doctora Carolina,Concurso Federal de Relatos,,2015-11-06 16:16:18,1,1_feminismo_feminista_patriarcado,10.238015,3.8850892,9.5672455,-3.8192985
579,"No es miedo, es determinación",Marcha del Orgullo LGBTIQ,LGBTIQ+; Orgullo,2015-11-09 12:45:18,29,29_ficción_protagonista_personaje,10.1683035,3.5581484,9.936009,-2.7269123
580,Mucho más que Heidi contra Los Soprano,María Eugenia Vidal,María Eugenia Vidal; Perfil político,2015-11-09 14:47:59,0,0_político_política_electoral,11.231941,5.2811856,7.7617073,4.9162674
581,Entre la moderación de Obama y el ataque de Frank Underwood,El debate presidencial,,2015-11-10 08:40:16,0,0_político_política_electoral,10.485606,5.52723,8.167977,4.7334104
582,Cuidame,Contención médica,,2015-11-11 09:30:26,39,39_morir_muerte_moribundo,6.714021,6.81357,9.139223,-1.8633792
583,La pregunta por los 5 millones,El voto Massa,,2015-11-12 14:40:19,0,0_político_política_electoral,12.00944,6.233531,7.6218667,4.9143114
584,Los encantos del poder,Adelanto,,2015-11-13 14:40:36,0,0_político_política_electoral,10.689672,6.32007,8.503718,3.797774
585,La grieta en tu celular,El voto smartphone,,2015-11-13 15:57:15,31,31_digital_internet_tecnología,10.808291,5.683147,9.849875,2.901509
586,El temor a las réplicas,Atentados en Francia/Anfibia en París,,2015-11-15 21:18:47,36,36_holocausto_terrorista_siria,10.720201,7.851671,12.697284,6.346197
587,Fondo contra forma,La discusión previa al balotaje,Escuela de Política y Gobierno; UNSAM,2015-11-16 13:09:32,0,0_político_política_electoral,12.077746,5.8841624,7.801702,5.2554927
588,Son como nosotros,Atentados en Francia/Anfibia en Siria,,2015-11-16 15:46:18,36,36_holocausto_terrorista_siria,10.825295,7.917979,12.646929,6.3335495
589,Del discurso a los números,Balotaje: tiempo de descuento,,2015-11-17 15:56:32,0,0_político_política_electoral,10.346684,6.1086144,8.392854,4.3656397
590,El erudito del porno,Saber triple X,,2015-11-18 11:50:21,34,34_película_personaje_actor,8.524514,2.6521807,11.030374,-2.1067574
591,La bandera nacional no te saluda,Concurso Federal de Relatos,,2015-11-18 13:52:21,41,41_pobreza_inmobiliario_habitante,10.758917,4.7703304,6.701463,-1.0168205
592,Transversales,Detrás de los candidatos,,2015-11-19 11:08:07,0,0_político_política_electoral,11.315354,6.4663916,7.851055,5.479969
593,Los temas que importan,La disputa por la agenda,,2015-11-19 16:41:14,14,14_mediático_periodístico_político,10.756115,5.4721365,10.010141,2.8476589
594,Ni karma ni casualidad: política excluyente,La relocalización de las familias del Riachuelo,,2015-11-20 12:25:47,41,41_pobreza_inmobiliario_habitante,8.57672,6.662547,6.661058,-0.8299512
595,Hacer posible lo imposible,El búnker de Cambiemos,,2015-11-23 11:49:58,0,0_político_política_electoral,11.775919,5.4762917,7.5441947,5.4124627
596,De la esperanza a la resistencia,El búnker del FpV,,2015-11-23 16:12:33,0,0_político_política_electoral,11.934317,5.8116255,8.597476,4.557125
597,La pregunta por la derrota cultural,Frente para la Victoria,,2015-11-23 17:53:29,0,0_político_política_electoral,11.394711,6.4137535,7.8357925,4.999547
598,Dictamen finalistas Premio Crónicas Interiores 2015,,,2015-11-24 15:32:15,19,19_periodista_periodístico_periódico,7.8094563,3.3744135,12.761254,1.0645069
599,El aparecido,Concurso Crónicas Interiores,,2015-11-25 12:39:44,11,11_asesino_testimonio_testigo,9.35487,3.608668,7.559947,-2.1801884
600,Otra vez en la calle,Ni una menos,,2015-11-26 13:47:32,25,25_violencia_feminismo_feminista,5.1230845,2.8265762,9.276259,-4.339994
601,Fin de ciclo para las encuestas,Mediciones electorales,,2015-11-27 09:50:47,0,0_político_política_electoral,12.068315,6.2681684,7.7853055,5.147552
602,El dolor: idioma del cuerpo,Sensaciones anfibias,,2015-11-30 13:30:30,39,39_morir_muerte_moribundo,10.501935,2.5187554,9.012495,-1.3133289
603,Muy politizados,Voluntarismo y batalla cultural,,2015-12-01 08:54:23,0,0_político_política_electoral,11.543912,5.9180503,8.190962,4.9207582
604,Al mejor postor,Subastas de arte,,2015-12-01 13:46:35,24,24_arte_artes_art,7.7787905,3.7268157,12.995505,-2.1653655
605,Cordobesismo,Elecciones 2015,Cordobesismo,2015-12-02 10:49:42,0,0_político_política_electoral,11.23548,5.223071,7.5061946,5.141538
606,Mercado y pragmatismo,El gabinete de Cambiemos,,2015-12-02 13:21:02,0,0_político_política_electoral,11.306609,5.3802586,7.6826,5.10465
607,El candidato no es el proyecto,El triunfo de Macri,,2015-12-03 14:09:26,0,0_político_política_electoral,12.02685,6.20743,7.6675386,5.6045704
608,La comida como campo de batalla,Elecciones legislativas en Venezuela,,2015-12-04 08:36:04,10,10_boliviano_bolivia_político,11.311961,4.0330563,7.147355,3.5325828
609,Planta permanente,La transición estatal,,2015-12-04 14:56:28,4,4_déficit_deuda_endeudamiento,9.430815,7.94618,8.948224,4.2388625
610,Fuiste un lujo,Un escritor despide a CFK,,2015-12-09 09:55:58,0,0_político_política_electoral,10.25899,4.6175222,7.6766105,4.552738
611,Historias de la inclusión digital,5 millones de compus,,2015-12-09 16:45:20,5,5_pedagógico_enseñanza_escolar,7.6359,4.637232,3.7278101,-3.1487281
612,De las entrañas del pueblo,La despedida,,2015-12-10 13:12:48,0,0_político_política_electoral,10.204794,4.6935506,8.9934025,4.822058
613,"Tocala de nuevo, Mauricio",Asunción presidencial,,2015-12-11 10:36:54,0,0_político_política_electoral,11.832491,5.6836915,7.561502,5.74174
614,¿Qué es el periodismo literario?,Adelanto,,2015-12-14 11:08:35,19,19_periodista_periodístico_periódico,7.73017,4.381299,12.843571,0.9017231
615,"Para porno, la vida",La pornificación de la cultura,,2015-12-15 11:50:22,1,1_feminismo_feminista_patriarcado,5.780557,3.8712535,9.836709,-4.2025375
616,Ojalá estuvieras aquí,Postales intervenidas,,2015-12-16 11:47:08,24,24_arte_artes_art,8.267797,3.5031035,12.932371,-2.1821272
617,Los abogados del diablo,Defensores de acusados por Delitos de Lesa Humanidad,24M: Día de la memoria por la verdad y la justicia; Derechos Humanos; Juicios de lesa humanidad; Terrorismo de Estado,2015-12-17 13:21:08,23,23_justicia_judicial_juzgado,8.963476,4.826067,11.3202,4.1879697
618,Que todo empiece de nuevo,La Francia que viene,,2015-12-17 15:42:51,36,36_holocausto_terrorista_siria,10.786778,7.9460964,12.672183,6.335199
619,Una solución europea para el fútbol argentino,El nuevo director de Fútbol Para Todos,,2015-12-18 12:04:22,2,2_fifa_futbolista_fútbol,10.3629875,2.284241,5.472765,10.991546
620,Vivir sin aire,"Quedan 6, 7, 8 días",,2015-12-18 17:24:48,0,0_político_política_electoral,11.639677,5.9339542,9.750047,3.5913827
621,Poder mirar a los ojos,Los últimos días de Cristina,,2015-12-21 09:50:56,15,15_sindicalismo_reforma_político,9.902495,4.2191787,8.029606,3.9259021
622,La encontraremos o nos encontrará,Derechos Humanos,24M: Día de la memoria por la verdad y la justicia; Derechos Humanos; Nietos,2015-12-28 11:45:48,39,39_morir_muerte_moribundo,8.758132,3.5222967,8.215369,-1.8133376
623,¿Qué tiene que saber un padre hoy?,Cobertura académica,,2015-12-28 13:21:06,8,8_epidemia_vacunar_virus,4.728277,4.0308394,7.5471845,0.45142388
624,La moneda contra el Estado,¿Por qué los argentinos quieren comprar dólares?,,2015-12-29 09:13:25,4,4_déficit_deuda_endeudamiento,9.622756,8.489263,10.646882,5.6218424
625,Red internacional de periodismo narrativo,Anfibia y universidades del mundo,,2015-12-29 15:04:29,19,19_periodista_periodístico_periódico,7.8880334,2.7311535,12.854573,1.334678
626,"Quién soy, dónde estoy",El caso Clara Anahí,24M: Día de la memoria por la verdad y la justicia; Derechos Humanos; Nietos,2015-12-30 11:54:08,11,11_asesino_testimonio_testigo,8.722417,3.308821,7.625178,-2.468455
627,Terra em Transe,La crisis política brasileña,Brasil; Dilma Rousseff; Internacional,2016-01-05 10:19:07,16,16_brasil_brasilero_brasilia,12.156014,4.1341953,7.030237,8.258575
628,"¡Hasta la victoria, siembren!",Marihuana libre,,2016-01-05 10:37:52,7,7_aborto_abortar_anticonceptivo,8.7339735,6.265497,9.726364,4.1164384
629,La vaquita de los All Blacks por un rugbier argentino,Crónicas sociales en la frontera del rugby,,2016-01-06 13:20:57,36,36_holocausto_terrorista_siria,9.197385,4.0316834,7.120209,-2.193473
630,Yo he visto la radiación,Lecturas,Internacional; Periodismo narrativo; Ucrania,2016-01-08 10:37:36,11,11_asesino_testimonio_testigo,8.753136,3.8333707,6.8603888,-1.7023299
631,El lado VH de la vida,Víctor Hugo Morales,,2016-01-10 13:41:16,19,19_periodista_periodístico_periódico,10.149164,2.6994543,5.558295,11.032045
632,El Armagedón mexicano,"El Chapo, Sean Penn y Peña Nieto",Rossana Reguillo,2016-01-12 12:08:32,14,14_mediático_periodístico_político,10.096861,4.7455125,11.4992,1.0480394
633,Saer: disciplina de la extrañeza,Adelanto,,2016-01-13 10:55:13,24,24_arte_artes_art,7.820711,2.1077337,12.63852,-2.1667612
634,Una road movie narco de cabotaje,Crónica de una fuga,Rosario; Rosariocronica,2016-01-14 11:38:28,6,6_asesinato_policía_policial,9.56389,4.2214813,7.6321125,-1.4450291
635,Quita tus sucias manos de esos huesos,Dinomanía,,2016-01-15 12:24:25,26,26_fotoperiodismo_retratar_retrato,8.47726,6.7603307,12.3237,-2.1802223
636,El rompecabezas Nisman,La Justicia Federal y los servicios de inteligencia,,2016-01-18 10:28:16,23,23_justicia_judicial_juzgado,9.789033,5.5047274,11.336756,4.2420816
637,"Su voz, un atardecer en el río",Liliana Herrero,,2016-01-19 10:00:58,22,22_música_musical_músico,8.28471,1.8533583,14.618563,-4.1473756
638,A llorar a la Iglesia,Adelanto,,2016-01-20 12:30:23,13,13_papal_catolicismo_arzobispo,11.919866,2.5588095,-1.7843342,7.548817
639,“Nunca es el cuerpo equivocado”,La experiencia de la niñez trans,LGBTIQ+; Memoria trans; Orgullo,2016-01-21 11:34:23,1,1_feminismo_feminista_patriarcado,5.639532,3.5330698,9.510228,-4.050516
640,Woody Allen o la neurosis de un genio,Adelanto,,2016-01-22 11:12:06,29,29_ficción_protagonista_personaje,8.347154,4.200541,11.172581,-2.088459
641,Nunca disparó un tiro,Perfil de Luciano Benjamín Menéndez,,2016-01-25 11:04:22,11,11_asesino_testimonio_testigo,9.725748,4.579226,7.5651717,-1.6314391
642,"Menos Estado, más clientelismo",Políticas sociales y punteros,,2016-01-26 11:39:16,5,5_pedagógico_enseñanza_escolar,9.288152,6.8171887,4.1741805,-2.3302457
643,Diario de los pibes en Roma,Italia y José León Suárez,,2016-01-27 12:13:02,5,5_pedagógico_enseñanza_escolar,11.763411,2.6941323,4.0239854,-3.4392228
644,El silencio de los heridos graves,Adelanto,,2016-01-29 11:43:51,21,21_soviética_soviético_vladimir,5.568455,3.1081564,13.920765,4.053518
645,"Los Monos, historia de un clan",Narcos en Rosario,,2016-02-01 12:05:33,23,23_justicia_judicial_juzgado,9.471431,5.2563195,7.679977,-1.269095
646,Te quedás con los pingüinos,,,2016-02-01 16:47:50,19,19_periodista_periodístico_periódico,9.701239,7.2399125,12.82505,0.9156896
647,"""Morales me va a meter presa""",Perfil de Milagro Sala,,2016-02-02 15:10:31,41,41_pobreza_inmobiliario_habitante,11.450391,5.088178,7.084409,-1.1231966
648,Las viejas narrativas del presente,La crónica en debate,Rosario; Rosariocronica,2016-02-03 12:36:36,3,3_literario_escritora_autor,7.238185,3.813462,12.518635,0.6034241
649,Los sindicatos en el país de los CEO,El cambio en los gremios,,2016-02-03 17:22:48,15,15_sindicalismo_reforma_político,10.0055485,7.280812,6.4367557,1.5071706
650,"Baja mortalidad, alta desigualdad",Dengue y ZIKA,,2016-02-04 15:31:16,8,8_epidemia_vacunar_virus,7.5028234,7.8368278,8.461492,0.5314862
651,Fuiste reina de metáforas,El adiós a Lohana Berkins,,2016-02-05 09:00:29,11,11_asesino_testimonio_testigo,11.48355,6.0020924,6.862181,-1.2776381
652,Estado de shock,¿La invención de una crisis?,,2016-02-05 12:48:09,0,0_político_política_electoral,10.119776,7.744308,8.585017,4.45865
653,La mirada también envejece,Adultos mayores,,2016-02-10 13:52:40,1,1_feminismo_feminista_patriarcado,7.902307,7.212841,9.143579,-3.2304056
654,La organización permanente,La interna del PJ,,2016-02-11 13:41:11,0,0_político_política_electoral,11.690591,5.4474216,7.314216,5.6514974
655,Demasiada soledad,Adelanto,,2016-02-12 10:57:09,27,27_israel_netanyahu_israelí,11.083589,8.071899,14.5974245,6.400683
656,La fama arruinó al pirata,¿Ilegalidad o democratización cultural?,,2016-02-15 13:44:58,29,29_ficción_protagonista_personaje,9.222395,2.698462,11.030094,-2.0732045
657,Listas negras,Despidos en el Estado,,2016-02-16 13:49:45,15,15_sindicalismo_reforma_político,9.6727495,7.270147,6.5681515,1.2177125
658,"Literatura y crónica, gato por liebre",La crónica en debate,,2016-02-17 12:58:09,3,3_literario_escritora_autor,7.248713,2.8215687,6.7043815,-5.637475
659,Mar de las Pampas no es ni será slow,Turismo,,2016-02-18 10:03:09,33,33_submarino_marino_naufragio,8.751037,6.737986,3.7657561,0.3735451
660,Disparo programado,Venezuela,Internacional; Venezuela,2016-02-19 10:41:48,10,10_boliviano_bolivia_político,11.159612,4.0911827,7.1655893,3.7533915
661,Una anfibia entre canguros y koalas,,embajada de australia; noel campbell,2016-02-19 11:47:22,24,24_arte_artes_art,7.5791306,2.7587135,12.636318,0.32913128
662,Vomitar es un acto con sentido,Crossfit,,2016-02-22 12:12:50,39,39_morir_muerte_moribundo,9.62532,6.9065127,9.107939,-1.8614141
663,El capitalismo cambia la piel,De los mass media a Facebook at work,,2016-02-23 11:36:25,31,31_digital_internet_tecnología,9.584913,6.918184,9.843994,2.7951617
664,Un paraguas político a la represión,El protocolo contra la protesta social,,2016-02-24 12:26:47,23,23_justicia_judicial_juzgado,10.052361,6.2847466,9.997036,4.2523575
665,La República en uso,"""Utilización instrumental"" vs. “republicanismo bobo”",,2016-02-25 12:09:43,23,23_justicia_judicial_juzgado,11.273555,6.673985,9.857614,4.3633056
666,Cruce de los andes,Diario de viaje en Instagram,,2016-02-25 18:06:35,18,18_chileno_chile_político,8.268017,2.3693216,3.7378342,3.8178585
667,No hay alternativas: junto a ellas,Derechos Humanos,24M: Día de la memoria por la verdad y la justicia; Abuelas de Plaza de Mayo; Derechos Humanos,2016-02-26 12:58:07,0,0_político_política_electoral,11.08567,5.9384837,8.803914,4.830912
668,El carácter social,La política económica del macrismo,,2016-02-29 12:47:15,4,4_déficit_deuda_endeudamiento,9.765943,7.627462,10.1931505,5.4306245
669,Nace el relato macrista,La invención de la catástrofe,,2016-03-02 11:26:23,4,4_déficit_deuda_endeudamiento,10.12549,6.21962,8.459978,4.201695
670,#Viajosola: Todo lo que no podrán ser,El crimen de Marina y María José en Ecuador,#NiUnaMenos; #ViajoSola,2016-03-03 11:51:25,1,1_feminismo_feminista_patriarcado,8.79179,2.9041731,9.245459,-4.079932
671,#Viajosola: A mí me mata el asesino,El crimen de Marina y María José en Ecuador,#NiUnaMenos; #ViajoSola,2016-03-03 12:21:52,11,11_asesino_testimonio_testigo,8.96084,3.1524775,8.091875,-2.764366
672,#Viajosola: Qué habrás hecho,El crimen de Marina y María José en Ecuador,#NiUnaMenos; #ViajoSola,2016-03-04 12:20:27,11,11_asesino_testimonio_testigo,8.90163,3.1653001,8.07722,-2.7700496
673,#ViajoSola: los que esperan el colectivo,El crimen de Marina y María José en Ecuador,#NiUnaMenos; #ViajoSola,2016-03-07 12:18:02,11,11_asesino_testimonio_testigo,8.916739,3.2577627,7.077731,-1.793698
674,"Republicanismo, kirchnerismo y “derecha”",Debate,,2016-03-07 15:30:48,0,0_político_política_electoral,11.228439,6.750115,9.155548,4.532962
675,#ViajoSola: Mil millones de veces muertas,El crimen de Marina y María José en Ecuador,#NiUnaMenos; #ViajoSola,2016-03-08 09:30:22,25,25_violencia_feminismo_feminista,8.961797,3.094331,8.605621,-2.9920392
676,"Mujeres, sexo, trabajo y tevé",Novela La Leona,,2016-03-08 13:47:16,1,1_feminismo_feminista_patriarcado,7.016103,2.541091,10.356393,-4.2215323
677,Contra el público,La crónica en debate,,2016-03-09 09:30:43,14,14_mediático_periodístico_político,7.407905,3.8974226,12.755522,1.3966668
678,Turismo de simulación,Anfibia en Corea del Norte,,2016-03-09 10:07:14,21,21_soviética_soviético_vladimir,9.726757,3.142804,6.7130613,2.8484373
679,"Por qué Jujuy, por qué Milagro",Milagro Sala en la cárcel,,2016-03-10 10:17:47,0,0_político_política_electoral,11.616378,4.459552,8.361474,4.2439127
680,Caños de odio y cemento,Neonazis en Mar del Plata,,2016-03-11 11:24:58,33,33_submarino_marino_naufragio,9.696987,3.96495,3.902973,0.2990851
681,#Viajosola: Golpes contra la pared,El crimen de Marina y María José en Ecuador,#NiUnaMenos; #ViajoSola,2016-03-11 14:45:29,42,42_padre_papá_hijo,9.953034,3.3504698,7.2021146,-2.7908275
682,La memoria del acontecimiento,La crónica en debate,,2016-03-14 12:01:05,19,19_periodista_periodístico_periódico,7.7196474,2.3499875,12.682037,0.81547
683,#ViajoSola: Asustar para que se acobarden,El crimen de Mariana y María José en Ecuador,#NiUnaMenos; #ViajoSola,2016-03-14 12:10:53,1,1_feminismo_feminista_patriarcado,5.2464447,4.096085,9.164813,-3.7498164
684,Pagar o caos,El debate por la deuda,,2016-03-14 16:49:25,4,4_déficit_deuda_endeudamiento,9.767985,8.321993,10.29431,5.602751
685,"Macri no inventó la pólvora, pero la sabe usar",20 horas de debate y la primera victoria de Cambiemos,,2016-03-16 10:47:13,4,4_déficit_deuda_endeudamiento,10.157657,8.034916,8.058259,4.636364
686,El circo de las primarias,Elecciones presidenciales en Estados Unidos,,2016-03-16 16:33:35,0,0_político_política_electoral,12.052038,6.8043175,7.1327143,5.283946
687,Dar vuelta el mapa,Cátedra Coetzee en UNSAM,,2016-03-17 11:32:21,3,3_literario_escritora_autor,8.534245,5.719186,6.4009438,-5.4590755
688,"Buitres, come home!",El acuerdo con los holdouts,Fondos buitre,2016-03-17 15:15:34,4,4_déficit_deuda_endeudamiento,9.7506485,8.280685,10.682149,5.5934124
689,En nombre de la justicia,La historia de la Corte Suprema de Justicia,,2016-03-18 12:08:08,23,23_justicia_judicial_juzgado,9.935558,5.6564755,11.191797,4.3068624
690,Hablar de la luz,NidoErrante en Vaqueros,,2016-03-18 15:55:37,26,26_fotoperiodismo_retratar_retrato,8.092152,3.408351,12.820252,-3.3340461
691,La fotografía como militancia,Afiches a 40 años del golpe,,2016-03-21 11:27:45,26,26_fotoperiodismo_retratar_retrato,8.253601,3.4954216,12.840914,-3.3700206
692,“La juventud es y será una preocupación prioritaria del Ejército”,Los 48 días previos al golpe,24M: Día de la memoria por la verdad y la justicia; Derechos Humanos; Terrorismo de Estado,2016-03-21 14:53:43,5,5_pedagógico_enseñanza_escolar,9.561842,3.5883543,6.754784,2.7612088
693,Paciencia de tenedores y cucharas,40 años del golpe,24M: Día de la memoria por la verdad y la justicia; Derechos Humanos; Memoria,2016-03-22 10:46:30,11,11_asesino_testimonio_testigo,8.700985,3.464632,7.2836275,-2.7396855
694,¿Cómo escribir un best seller?,,,2016-03-22 12:17:51,3,3_literario_escritora_autor,7.7379694,2.7417338,6.7594614,-5.675847
695,Atacar donde se pueda,Atentados en Bruselas,,2016-03-22 18:47:36,36,36_holocausto_terrorista_siria,10.830191,7.965537,12.65175,6.3341236
696,Europa ante su espejo y cubierta de cenizas,Atentados en Bélgica,,2016-03-23 07:49:02,36,36_holocausto_terrorista_siria,10.715885,7.797146,12.65522,6.3356566
697,Meter las patas en el charco,Afiches a 40 años del golpe,24M: Día de la memoria por la verdad y la justicia; Derechos Humanos; Dictadura,2016-03-23 11:48:01,20,20_ríos_río_arroyo,8.164648,3.5034642,5.216847,-0.8247635
698,La máquina de exiliar,Los puentes entre Argentina y México,,2016-03-23 18:59:49,35,35_cubano_cubana_cuba,10.193883,5.6295834,6.7605343,3.2583113
699,Fascinados,El presidente norteamericano con los sub40,,2016-03-24 10:47:10,35,35_cubano_cubana_cuba,10.658262,5.516768,6.8089404,3.283055
700,Archivos: desclasificar el silencio,24 de marzo,,2016-03-24 13:06:44,13,13_papal_catolicismo_arzobispo,9.881401,4.7425833,-1.6262068,7.498976
701,El amigo americano,Obamanía en la Argentina,,2016-03-25 14:23:27,21,21_soviética_soviético_vladimir,10.6454935,5.7116647,6.939567,3.0172513
702,Bailar es requisito,Colombia,,2016-03-28 12:08:55,5,5_pedagógico_enseñanza_escolar,8.305365,2.9085505,14.086126,-3.9315724
703,La resignación,Atentados en Bélgica,,2016-03-28 15:28:08,36,36_holocausto_terrorista_siria,10.721429,7.801056,12.506527,6.2563167
704,Un ornitorrinco y cien monedas,Relatoría,,2016-03-29 01:42:51,19,19_periodista_periodístico_periódico,7.7049413,4.379785,12.623163,0.7770659
705,El hombre del lago,El millonario británico y su estancia en la Patagonia,,2016-03-29 14:06:42,20,20_ríos_río_arroyo,11.877454,5.1257634,5.4297624,-0.87337625
706,Proust también publicó en Anfibia,Adelanto,,2016-03-30 12:23:26,1,1_feminismo_feminista_patriarcado,8.181689,2.2518876,9.93032,-3.8038223
707,Relato y contradicciones,Ser oposición,,2016-03-31 08:48:31,0,0_político_política_electoral,11.278986,6.4231124,8.448406,4.376338
708,Cinco mil gerentes chinos,Inversiones en la Argentina,,2016-04-01 13:27:16,15,15_sindicalismo_reforma_político,9.842367,6.772802,6.922446,1.5641085
709,Panama papers: que pague la gilada,Operaciones offshore,,2016-04-04 13:47:47,4,4_déficit_deuda_endeudamiento,9.341082,8.115853,10.421423,5.5912714
710,Qué barato es lavar en Panamá,Economía Offshore,Panama Papers,2016-04-04 17:26:18,19,19_periodista_periodístico_periódico,8.201213,4.80364,12.724677,1.5109179
711,Clicks modernos,La agenda del público en la web,,2016-04-05 09:53:48,14,14_mediático_periodístico_político,7.9319887,4.8555427,10.252268,2.9751062
712,Panama papers ya tiene quien lo escriba,Ramón Fonseca Mora,,2016-04-05 15:06:48,3,3_literario_escritora_autor,9.69434,4.709172,7.3598833,-5.0579777
713,Ubermanía o uberfobia,El debate por la desregularización del transporte,,2016-04-06 12:40:26,17,17_innovación_tecnológico_tecno,7.862869,6.649132,9.741286,1.578626
714,"Falta cine, sobra moda",Fashion Film Festival,,2016-04-06 17:10:51,14,14_mediático_periodístico_político,7.4964247,4.108991,10.922,1.4313629
715,Que se vayan tous,Los indignados de Francia,,2016-04-07 10:45:55,36,36_holocausto_terrorista_siria,9.9115095,7.7398534,12.505626,6.2527866
716,Consecuencias mediáticas,La nueva política comunicacional,,2016-04-08 14:43:28,0,0_político_política_electoral,7.732838,5.097918,9.739564,3.325667
717,"Vinos finos, almirantes agrios",Adelanto,,2016-04-11 10:50:12,11,11_asesino_testimonio_testigo,9.589362,3.7885191,6.8386445,-1.6504138
718,Malhumor,Clima social,,2016-04-12 10:39:59,23,23_justicia_judicial_juzgado,8.224704,7.048561,9.948146,4.2800083
719,Juzgar el futuro,La causa contra Cristina Kirchner,,2016-04-12 13:43:39,4,4_déficit_deuda_endeudamiento,9.837172,7.7539964,10.33165,5.6248636
720,Con la mano dura de papá,"Keiko Fujimori, la derecha ganadora",,2016-04-12 15:47:06,10,10_boliviano_bolivia_político,11.60531,5.49095,7.6057506,4.523733
721,¿Alguien habrá visto algo?,El libro que leyó CFK,,2016-04-13 10:50:51,42,42_padre_papá_hijo,8.827231,3.3517764,7.296961,-2.808185
722,Frente ciudadano,La vuelta de Cristina Fernández de Kirchner,,2016-04-13 13:53:17,0,0_político_política_electoral,11.324707,5.6509447,8.161009,5.031024
723,Un paso al frente,El acto de Cristina,,2016-04-13 19:05:15,23,23_justicia_judicial_juzgado,10.293054,5.1513467,10.821387,4.2937593
724,Cuando ya no estemos aquí,"Carlo Rovelli, el físico fuera del tiempo",,2016-04-14 12:07:28,37,37_astrónomo_ciencia_universo,7.334185,6.6939335,10.063575,0.101611674
725,Violetta: ganancias sin apuestas,Fenómeno infantil,,2016-04-14 12:14:42,29,29_ficción_protagonista_personaje,7.3984923,2.4251652,10.367587,-2.2509706
726,Filtraciones con filtro,Panamá Papers,Panama Papers,2016-04-14 16:33:48,19,19_periodista_periodístico_periódico,8.121503,4.8077397,12.882329,1.3498818
727,Mi abuelo no hablaba de la guerra,Adelanto,,2016-04-15 09:49:03,20,20_ríos_río_arroyo,8.940494,3.1213129,6.7400703,-1.7250823
728,En nombre de Deus,Juicio político a Dilma,Brasil; Dilma Rousseff; Internacional,2016-04-18 11:36:14,16,16_brasil_brasilero_brasilia,12.164774,4.1661725,7.0594254,8.2000065
729,Cómo sufrimos los periodistas,Sara Gallardo,,2016-04-18 12:35:08,19,19_periodista_periodístico_periódico,7.872838,4.3284063,12.935518,1.1119845
730,Que el repelente nos ayude,Dengue,,2016-04-19 10:18:39,8,8_epidemia_vacunar_virus,7.53074,7.865317,8.404819,-0.34190032
731,Nuestras manos también son blancas,La discriminación en la Argentina,Migración; Racismo en Argentina,2016-04-20 10:07:28,39,39_morir_muerte_moribundo,9.554659,5.433358,7.511683,-1.1812077
732,Bajo la luz turbia de puteríos infectos,Marita Verón,,2016-04-20 14:17:00,11,11_asesino_testimonio_testigo,8.614986,4.088948,8.219698,-2.985719
733,La tragedia de la opinión,Costa Salguero,Costa Salguero; Drogas,2016-04-20 21:57:44,22,22_música_musical_músico,8.233534,4.817472,14.165945,-4.221386
734,Manuel Rivas en Anfibia,25 de abril: Diálogo con Cristian Alarcón,,2016-04-21 11:08:06,3,3_literario_escritora_autor,7.8180037,2.775848,6.6398053,-5.29519
735,El túnel del tiempo,Tragedia en Costa Salguero,,2016-04-21 11:27:41,39,39_morir_muerte_moribundo,7.6675982,4.0501943,7.888473,-2.433719
736,Comodoro en llamas,Justicia Federal,,2016-04-21 16:27:15,23,23_justicia_judicial_juzgado,9.968637,5.0962787,11.333799,4.2580256
737,La palabra no muestra,Adelanto,,2016-04-22 11:02:40,19,19_periodista_periodístico_periódico,7.4743447,3.8643885,12.731245,0.90334386
738,¿A quién le importa Panama Papers?,Escándalo e indiferencia,Panama Papers,2016-04-22 16:15:37,0,0_político_política_electoral,8.231448,4.8272195,7.390808,5.65337
739,Jazz de cielo nocturno,Auroras boreales en Alaska,,2016-04-25 10:25:26,37,37_astrónomo_ciencia_universo,9.311519,3.1584325,9.6767845,0.25345895
740,"¡Rock and roll, neneeeeee!",Adelanto,,2016-04-26 14:23:52,22,22_música_musical_músico,8.774883,2.319531,14.851891,-4.1520443
741,Mamushkas kirchneristas,Debate sobre el futuro del FPV,,2016-04-27 11:05:26,0,0_político_política_electoral,11.259614,6.5103736,8.428919,4.0578866
742,Nunca nos miraron,Terremoto en Ecuador,,2016-04-27 16:09:34,32,32_catástrofe_desastre_tragedia,9.216175,5.124366,6.047659,-1.1108223
743,Cerrado por obra,El freno a la construcción,,2016-04-28 10:16:05,24,24_arte_artes_art,9.779156,7.1574225,12.546514,-1.780328
744,La advertencia,El acto sindical,,2016-04-29 20:10:49,15,15_sindicalismo_reforma_político,9.9598675,7.2839766,6.3862944,1.5201682
745,El hombre que teje,Ñandutí,,2016-05-02 09:48:16,1,1_feminismo_feminista_patriarcado,7.648247,3.4421859,9.71066,-3.6054614
746,"Frankfurt, hablame de mí",Argentina en el mercado editorial global,,2016-05-03 12:34:26,3,3_literario_escritora_autor,8.68883,5.4482384,6.3450956,-5.5234566
747,Moda y medios: Comunicar el diseño,,Moda y medios,2016-05-03 14:18:28,17,17_innovación_tecnológico_tecno,7.41371,4.1168733,12.429263,-0.119677976
748,Flores para dos tumbas pequeñas,Aniversario de la tragedia en Flores,,2016-05-04 10:20:43,15,15_sindicalismo_reforma_político,9.192304,4.796669,6.587876,0.9196929
749,Las formas políticas del trabajo,Clase obrera,Clase obrera; Trabajo,2016-05-04 13:14:36,15,15_sindicalismo_reforma_político,9.900299,7.1444817,6.435772,1.4855113
750,Crónica: Del archivo a la calle,,,2016-05-04 14:51:18,3,3_literario_escritora_autor,7.6201406,4.044928,7.3141623,-5.059395
751,Manteros go home,El desalojo de los manteros,,2016-05-06 11:46:24,41,41_pobreza_inmobiliario_habitante,9.333093,6.2461066,6.804873,-0.50780344
752,"Germán, un manual de autoayuda contemporáneo",El youtuber en la Feria del Libro,,2016-05-09 15:20:35,3,3_literario_escritora_autor,8.218972,2.6798937,6.472666,-5.591465
753,La nena que jugaba en la esma,Juicios a represores,24M: Día de la memoria por la verdad y la justicia; Derechos Humanos; Hijos de represores,2016-05-11 12:40:54,11,11_asesino_testimonio_testigo,8.6387615,3.901876,7.864296,-2.7037015
754,La caída,Crisis política en Brasil,Brasil; Dilma Rousseff; Internacional,2016-05-12 13:25:20,16,16_brasil_brasilero_brasilia,12.17226,4.1724596,6.9992447,8.345569
755,Pando y los límites del honor,El fallo de la revista Barcelona,,2016-05-13 09:53:22,23,23_justicia_judicial_juzgado,10.037627,5.020444,11.1588545,4.1682844
756,"Abren el plano, me tapan con música",El debate sobre la legalización de las drogas,,2016-05-16 12:47:08,19,19_periodista_periodístico_periódico,8.030495,4.43648,12.436063,0.7305152
757,Mujeres asesinadas,Adelanto,#NiUnaMenos,2016-05-17 09:38:58,1,1_feminismo_feminista_patriarcado,6.0176697,3.795059,9.547382,-4.0280175
758,Mujeres militares: la batalla por la igualdad,Fuerzas Armadas,,2016-05-18 12:01:55,1,1_feminismo_feminista_patriarcado,5.527082,3.1363146,9.898786,-4.2683253
759,Lo que nos queda de París,Memoria e identidad,,2016-05-19 11:30:56,36,36_holocausto_terrorista_siria,9.355128,3.135006,12.5490465,6.277166
760,Periodismo y cultura gastronómica,,Periodismo gastronómico,2016-05-19 13:50:13,19,19_periodista_periodístico_periódico,7.670679,4.5013657,13.076312,1.0028243
761,El arte de capar monos,"No es ""ceocracia"", es política",,2016-05-19 17:39:02,0,0_político_política_electoral,10.809342,6.566645,7.5556993,5.4421144
762,Conocer todos los mundos,Crónicas de Norman Mailer,,2016-05-20 09:51:35,3,3_literario_escritora_autor,7.720233,2.1669142,6.615673,-5.515545
763,"Canon, olvidos y mitos de la crónica",,,2016-05-23 14:52:37,19,19_periodista_periodístico_periódico,8.508662,2.3437996,12.689265,0.8268415
764,La pastoral sindical,"El Papa, los gremios y la universidad",CGT; Papa Francisco,2016-05-24 00:14:46,13,13_papal_catolicismo_arzobispo,11.8710985,2.7201688,-1.6982877,7.553257
765,El misterio de la creatividad,La forma en la que pensamos,,2016-05-26 09:23:26,5,5_pedagógico_enseñanza_escolar,6.5731387,5.4561234,3.6026742,-3.1901896
766,Romper con una continuidad que agobia,Crítica teatral,,2016-05-27 09:20:03,24,24_arte_artes_art,8.622783,2.5328422,12.452064,-2.2824898
767,"Culpa de Facebook, de la madre y de la nena",El femicidio de Micaela Ortega,#NiUnaMenos,2016-05-30 12:19:06,41,41_pobreza_inmobiliario_habitante,8.965378,3.9373686,7.072411,-0.9170916
768,Pretensiones literarias,La jerarquía en el arte,,2016-05-31 14:18:32,24,24_arte_artes_art,7.4327946,3.669854,12.788564,-2.1823142
769,Homo antipatriarcal,#Niunamenos,,2016-06-01 11:57:16,1,1_feminismo_feminista_patriarcado,5.730837,3.425194,9.521465,-4.1292653
770,Ciento veinte millones que no se chocan nunca,Anfibia en Japón,,2016-06-01 15:53:53,39,39_morir_muerte_moribundo,8.757845,5.2092614,8.654867,-1.883338
771,Cuerpo a cuerpo contra la violencia,#NiUnaMenos en el Conurbano,#NiUnaMenos,2016-06-02 13:11:14,1,1_feminismo_feminista_patriarcado,10.292229,5.055579,9.283133,-4.0736623
772,La belleza de la liberación,Fotografía y feminismo,,2016-06-03 15:37:10,1,1_feminismo_feminista_patriarcado,5.350718,2.9475062,9.895396,-3.8856974
773,Un movimiento sin dueñas,#NiUnaMenos,#NiUnaMenos,2016-06-04 12:28:21,25,25_violencia_feminismo_feminista,5.980221,3.082163,9.252936,-4.2137775
774,Los hechos no alcanzan,Balance de #NiUnaMenos,,2016-06-06 11:36:10,1,1_feminismo_feminista_patriarcado,6.2190495,3.987333,9.621259,-4.4081373
775,Venezuela: cada persona es una crisis,"La ""guerra económica"" de Maduro",Internacional; Venezuela,2016-06-07 09:51:59,10,10_boliviano_bolivia_político,11.319435,4.0118957,7.608552,3.9382398
776,¿Cuál será el nombre de la próxima víctima?,Balance de #NiUnaMenos,#NiUnaMenos,2016-06-07 11:59:52,1,1_feminismo_feminista_patriarcado,8.452357,6.9568815,9.323685,-4.371122
777,Una investigadora bajo la piel,#OrgulloUNSAM,,2016-06-08 11:01:16,5,5_pedagógico_enseñanza_escolar,7.3517036,6.3442698,4.500591,-2.8295565
778,"Australia, la reina plebeya",Anfibia en Oceanía,,2016-06-09 10:15:25,24,24_arte_artes_art,8.492255,5.3802123,12.571887,-2.0005772
779,El género caníbal,Literatura y verdad,,2016-06-10 10:17:05,3,3_literario_escritora_autor,8.006983,2.1829379,6.6834445,-5.5234756
780,La resistencia de la semilla,Vandana Shiva,,2016-06-10 13:26:55,37,37_astrónomo_ciencia_universo,6.283767,3.3152936,9.862419,0.16594507
781,Violencia americana,Masacre de Orlando,,2016-06-13 11:42:34,5,5_pedagógico_enseñanza_escolar,6.570822,4.2890315,4.4072924,-2.8583786
782,Lo peor de varios mundos,Masacre de Orlando,,2016-06-13 13:31:23,36,36_holocausto_terrorista_siria,6.977242,4.244291,7.0381794,3.0801299
783,"Un beso, cincuenta muertos",Masacre de Orlando,,2016-06-13 14:59:00,1,1_feminismo_feminista_patriarcado,6.7789907,4.3422494,9.76629,-2.90316
784,"Travestis, negras, boricuas, maricas",Masacre de Orlando,LGBTIQ+; Orgullo,2016-06-13 16:17:44,38,38_bailarín_tango_protagonista,6.347179,4.30328,9.764406,-2.1069694
785,Como un ladrillo en la cara,Masacre de Orlando,,2016-06-14 11:37:55,18,18_chileno_chile_político,6.523027,4.252393,9.910225,4.220604
786,Un asesino de molde,Masacre de Orlando,,2016-06-14 14:11:51,25,25_violencia_feminismo_feminista,6.7662663,4.3313823,8.863122,-4.302841
787,"Quién vive, quién muere, quién cuenta tu historia",Masacre de Orlando,,2016-06-14 16:20:41,25,25_violencia_feminismo_feminista,6.658985,4.3397164,6.9262104,2.837407
788,Crímenes de odio,Masacre de Orlando,,2016-06-14 17:08:11,25,25_violencia_feminismo_feminista,6.4653273,4.214465,8.585966,-4.0453787
789,Más allá de la sangre,Masacre de Orlando,,2016-06-14 17:28:23,14,14_mediático_periodístico_político,6.5651493,4.3157673,6.9128003,2.6731815
790,¿Qué puedo hacer hoy?,La masacre de Orlando,,2016-06-15 10:42:10,5,5_pedagógico_enseñanza_escolar,6.0387216,4.469337,4.0774612,-3.111143
791,Toda la verdad,Caso José López,,2016-06-15 16:15:12,0,0_político_política_electoral,8.849853,4.7842407,7.6929307,4.286428
792,Cultivar atenta contra el negocio narco,La despenalización de la marihuana,,2016-06-16 09:37:12,39,39_morir_muerte_moribundo,8.551968,6.457796,9.022135,-1.3900567
793,La América profunda,El triunfo de Donald Trump,,2016-06-16 21:48:25,11,11_asesino_testimonio_testigo,9.371134,6.574899,7.1041565,-2.7277334
794,En la zona salvaje de la poesía,Alicia Genovese,,2016-06-21 11:13:30,3,3_literario_escritora_autor,7.9202847,1.9332411,6.746776,-4.4339337
795,Sombra de la corrupción,Caso José López,,2016-06-21 15:48:46,10,10_boliviano_bolivia_político,10.262839,6.0111966,7.3907785,4.287714
796,Lo que Doña Petrona nos legó,La mesa está servida,,2016-06-23 09:49:52,1,1_feminismo_feminista_patriarcado,6.5732594,2.675305,9.74023,-3.8089912
797,Menos que humanos,La orangutana Sandra y el cierre del Zoo,,2016-06-24 14:37:49,23,23_justicia_judicial_juzgado,6.710102,4.0135975,10.929707,3.993854
798,Desde Plaza Italia no se ve,El cierre del Zoológico,,2016-06-24 15:36:14,15,15_sindicalismo_reforma_político,8.481644,6.1360326,6.7742987,1.1163546
799,La ola,Brexit,Brexit,2016-06-25 11:33:07,33,33_submarino_marino_naufragio,11.135957,7.0858817,3.9975667,0.37096408
800,La capital y los otros,Brexit,,2016-06-27 14:55:51,10,10_boliviano_bolivia_político,11.344372,6.8079967,6.8865204,3.4143417
801,"Te quiero así, sin mundiales ni copas",El adiós de Messi a la Selección,,2016-06-27 17:43:56,2,2_fifa_futbolista_fútbol,10.684455,2.0102592,5.105094,11.529694
802,La importancia de lo mínimo,Científicos UNSAM,,2016-06-28 10:17:34,37,37_astrónomo_ciencia_universo,7.37412,6.922777,9.938488,0.0962255
803,Regó de gloria este suelo,"México 86: “Mi mundial, mi verdad”",Diego Maradona,2016-06-29 08:43:28,2,2_fifa_futbolista_fútbol,10.208584,2.3940392,5.259682,10.964417
804,La vida después de Jihad,Anfibia/Docs,,2016-06-29 13:31:33,36,36_holocausto_terrorista_siria,9.508891,3.8358128,6.969396,2.8408284
805,La vida después de Guantánamo,Primer documental de Anfibia,,2016-06-30 11:35:28,36,36_holocausto_terrorista_siria,10.809045,7.977205,7.165813,2.9999049
806,Hacerse cargo de la escena,Mauricio Kartun,,2016-07-01 11:32:59,24,24_arte_artes_art,7.8030496,2.98906,12.527683,-2.2804205
807,El arte de narrar,Homenaje a Juan José Saer,,2016-07-04 12:46:19,3,3_literario_escritora_autor,7.9613395,2.056751,6.643815,-5.4707904
808,"Arroz, fideos y muñeca política",Situación social en el Conurbano,,2016-07-05 10:56:51,5,5_pedagógico_enseñanza_escolar,9.527309,6.8436174,6.963431,-0.026079485
809,La ciencia es una adicción,#OrgulloUNSAM,,2016-07-06 10:42:29,37,37_astrónomo_ciencia_universo,7.5614724,7.9900084,9.915232,0.096453235
810,Sangre azul,El tabú de la menstruación,,2016-07-07 13:37:47,1,1_feminismo_feminista_patriarcado,5.0881853,3.7018955,9.931876,-4.442999
811,200 años. Una palabra,Bicentenario de la Independencia argentina,,2016-07-08 12:15:46,0,0_político_política_electoral,7.864915,4.1231647,8.029393,4.043517
812,Marcha atrás,Militares en el Bicentenario,,2016-07-11 18:14:25,23,23_justicia_judicial_juzgado,10.738941,6.575652,11.058512,4.218411
813,Susana contra los millenials,Nuevos medios vs Televisión,,2016-07-12 13:49:24,14,14_mediático_periodístico_político,7.505334,5.315738,10.7797,2.4090648
814,"Bicentenario, afecto y política",200 años de Independencia,,2016-07-13 10:15:52,0,0_político_política_electoral,11.381335,6.297019,8.731544,4.425077
815,La política es algo más que una inmensa masa verde,El partido sindical,,2016-07-13 22:07:20,15,15_sindicalismo_reforma_político,11.145489,5.0602365,8.394643,4.1196566
816,El largo adiós de Moyano,El fin de una era,,2016-07-15 10:34:22,15,15_sindicalismo_reforma_político,10.971373,5.0698104,6.373315,1.5016954
817,"Hablale claro, corto y conciso",Paternidad contemporánea,,2016-07-16 09:45:40,22,22_música_musical_músico,6.01084,5.114333,14.489355,-4.1903367
818,En la calle para desmentir las tinieblas,Ataque en Niza,,2016-07-17 13:37:27,36,36_holocausto_terrorista_siria,10.645307,7.829054,12.681011,6.3609133
819,Cacerolas inorgánicas,Protesta y tarifazo,,2016-07-19 10:09:34,0,0_político_política_electoral,10.950182,6.295813,7.7083445,4.8229604
820,Kafka tocó a mi puerta,Testigos protegidos,,2016-07-20 09:35:14,23,23_justicia_judicial_juzgado,10.020978,4.8673663,7.8168864,-1.3819786
821,Corazones de odio y frío,La ultraderecha alemana,,2016-07-20 09:41:31,36,36_holocausto_terrorista_siria,10.797464,7.9813504,12.472464,6.2376647
822,Pura física,#OrgulloUNSAM,,2016-07-20 12:49:11,17,17_innovación_tecnológico_tecno,7.7848854,7.23688,9.109188,1.6357476
823,"Manuel Puig, la fascinación popular",Vida de escritores,,2016-07-21 12:09:15,29,29_ficción_protagonista_personaje,8.208494,2.3341846,11.148724,-2.1696174
824,Rumbo al Pacífico,Política exterior e integración regional,,2016-07-21 18:04:10,4,4_déficit_deuda_endeudamiento,10.726722,5.5448895,7.4718137,3.008807
825,"Escrituras del yo, de lo personal a lo colectivo",,marta dillon,2016-07-22 11:00:37,39,39_morir_muerte_moribundo,7.250936,3.461783,9.592039,-2.0838735
826,Tengo un pálpito,La quiniela y la suerte,Quiniela,2016-07-22 19:45:22,2,2_fifa_futbolista_fútbol,9.900507,3.2571208,5.597955,11.032331
827,Sin mandatos,#Teteada y lactancia materna,,2016-07-23 19:42:27,1,1_feminismo_feminista_patriarcado,4.9920897,4.008462,9.812753,-4.058252
828,"Un embrujo, de Corrientes a la Matanza",Chamamé,,2016-07-25 10:05:26,22,22_música_musical_músico,8.715914,6.2146926,14.384938,-3.9537594
829,"Desde La Habana, te escribo",CUBA,,2016-07-26 11:44:29,35,35_cubano_cubana_cuba,10.557454,3.7088337,5.690655,2.9357407
830,Contra la revolución francesa,Atentados en Francia,Francia; Internacional,2016-07-26 14:27:16,36,36_holocausto_terrorista_siria,10.779105,7.991542,12.662101,6.3381567
831,Las chicas It,"Medios, redes y género",,2016-07-27 12:06:59,1,1_feminismo_feminista_patriarcado,5.7648544,3.6810603,9.610953,-4.676308
832,"Una tragedia, siempre",Desaparecidos en México,,2016-07-28 10:28:50,35,35_cubano_cubana_cuba,9.977769,4.4046683,6.7096834,2.7325652
833,El medio ya no es medio ni mensaje,"Noticias, jóvenes y consumos",,2016-07-29 09:13:42,14,14_mediático_periodístico_político,7.468694,5.356041,10.796985,2.3332367
834,Bien paridas,Parto natural versus cesárea,,2016-08-01 15:35:04,39,39_morir_muerte_moribundo,6.9598374,7.04372,9.375557,-2.8181887
835,The Villa Cañás affaire,El pueblo de los Legrand,,2016-08-02 08:39:27,11,11_asesino_testimonio_testigo,8.853491,3.34298,6.801171,-1.6441326
836,De las respuestas evasivas al discurso del poder,Macri y el periodismo,,2016-08-03 12:50:47,0,0_político_política_electoral,8.392349,4.4537816,9.478899,3.8879533
837,"Río, violencia for export",Brasil y los Juego Olímpicos,,2016-08-04 09:20:53,20,20_ríos_río_arroyo,10.476819,3.7333508,5.072895,-1.1308888
838,Los malos de antes usaban bigotes,La ética ante un criminal,,2016-08-05 11:15:26,3,3_literario_escritora_autor,8.396286,4.2737384,7.021096,-5.023231
839,Somos los que faltan,Marcha en el día de San Cayetano,,2016-08-08 16:11:56,13,13_papal_catolicismo_arzobispo,11.98884,2.674132,-1.698898,7.562371
840,Eterna emergencia,El Hospital Posadas,,2016-08-09 11:56:23,1,1_feminismo_feminista_patriarcado,7.3983507,7.485911,9.244094,-2.758004
841,El detector de partículas,Científicos de la UNSAM,,2016-08-10 11:43:13,37,37_astrónomo_ciencia_universo,7.340618,6.745107,9.971831,0.11847411
842,El ocaso de una mujer marcada,La literatura de una agente del pinochetismo,,2016-08-10 18:33:47,3,3_literario_escritora_autor,8.380218,2.8784914,6.633819,-4.836819
843,El viejo truco de andar por las sombras,Daniel Angelici,Boca Juniors; Fútbol; Juan Román Riquelme; Juntos por el cambio; Mauricio Macri,2016-08-11 10:23:38,0,0_político_política_electoral,11.445479,4.8320193,7.1324873,5.8842483
844,El consumismo de izquierda,"Realismo capitalista, ¿no hay alternativa?",,2016-08-12 11:56:21,15,15_sindicalismo_reforma_político,10.127594,6.686835,8.55371,3.296734
845,"Diálogo, continuidad y ambulancia",Carolina Stanley y los movimientos sociales,,2016-08-16 12:29:59,0,0_político_política_electoral,10.351677,6.5981755,8.415588,3.4343567
846,Caracas se apaga a las siete,Crisis en Venezuela,Internacional; Venezuela,2016-08-17 11:06:50,10,10_boliviano_bolivia_político,9.487238,6.5221353,6.960751,3.538651
847,Miranda July: en el centro más hipster de lo contemporáneo,Ser indie hoy,,2016-08-18 14:01:15,24,24_arte_artes_art,7.589615,2.2839596,12.077813,-2.2382152
848,"Lo gradual, lo razonable y lo confiscatorio",La Corte y el tarifazo,,2016-08-19 10:33:33,23,23_justicia_judicial_juzgado,9.39743,6.7116027,11.043515,4.303684
849,Raúl Zurita: El humilde más ambicioso,Memoria y poesía,,2016-08-19 13:04:45,24,24_arte_artes_art,8.461726,2.1412368,12.408926,-2.2968535
850,"Rápido, herido y furioso",Carlos Nair Menem,,2016-08-20 09:00:54,11,11_asesino_testimonio_testigo,11.511871,4.2066,7.011243,-1.4796789
851,Hay para todos,Globalización y consumos populares,,2016-08-22 14:58:00,4,4_déficit_deuda_endeudamiento,9.329307,6.4698787,8.204752,3.2331595
852,"Oscar Araiz: La frase justa, la indicación precisa",#OrgulloUNSAM,,2016-08-23 15:20:43,24,24_arte_artes_art,7.927731,3.1758723,12.2556,-2.289421
853,Narraciones de género: La intimidad es periodística,,,2016-08-23 17:12:29,1,1_feminismo_feminista_patriarcado,5.202124,3.0365026,9.269058,-4.328387
854,"Nos, los representantes",Reunificación de la CGT,,2016-08-23 17:40:00,15,15_sindicalismo_reforma_político,10.005887,7.273872,6.3268037,1.5368563
855,Libre,"El ""caso Belén""",,2016-08-24 11:02:51,23,23_justicia_judicial_juzgado,8.668449,4.173068,11.118164,3.868529
856,El aula global y el maestro moderador,La escuela contemporánea,,2016-08-25 12:46:24,5,5_pedagógico_enseñanza_escolar,5.863161,5.475759,3.6642604,-3.482494
857,Mujeres de Dios,Monjas y religiosas,,2016-08-26 11:34:38,13,13_papal_catolicismo_arzobispo,7.281515,3.9817448,-1.7493733,7.658711
858,El núcleo duro de Pokemon Go,Modas y consumos,,2016-08-29 15:30:17,31,31_digital_internet_tecnología,7.373246,5.528383,10.645915,1.7228199
859,"Sado sí, sacrificio no",Burkinis y látigos,,2016-08-31 09:31:32,1,1_feminismo_feminista_patriarcado,6.599156,3.8874388,9.938004,-4.969195
860,La lógica del desorden,Brasil,Brasil; Dilma Rousseff; Internacional,2016-09-01 22:28:20,16,16_brasil_brasilero_brasilia,12.076143,4.086769,7.077521,8.128398
861,Confesiones de un Morgan Boy,Evasión y lavado,,2016-09-02 14:00:50,1,1_feminismo_feminista_patriarcado,9.912416,7.380523,9.09241,-3.2947605
862,A Rusia con amor,Rusia y Argentina en el G20,,2016-09-03 11:50:32,21,21_soviética_soviético_vladimir,11.152372,7.505316,14.105153,4.179943
863,La mentira atómica,Hiroshima,Estados Unidos; Guerra; Periodismo narrativo,2016-09-04 09:00:38,32,32_catástrofe_desastre_tragedia,8.103713,4.250213,6.761886,-1.5800548
864,40 días de extinción a fuego lento,Un retiro sufí en primera persona,,2016-09-05 09:07:50,11,11_asesino_testimonio_testigo,9.978168,3.295786,7.057355,-2.157341
865,Te hacés sufí y el mundo se te vuelve en contra,Del gonzo al Islam,,2016-09-05 15:50:57,11,11_asesino_testimonio_testigo,9.750713,3.4352558,6.774601,-1.7588314
866,Cartografía de la selva,Viaje al fin del Amazonas,,2016-09-06 10:32:02,20,20_ríos_río_arroyo,8.378059,6.1872582,4.829546,-1.029978
867,"Andrés Rivera, del obrero al prócer",Literatura y política,,2016-09-07 10:53:18,3,3_literario_escritora_autor,8.303327,2.1681154,6.6284738,-4.8828588
868,Un misil para Pinocho,El atentado a Pinochet,,2016-09-07 16:04:33,20,20_ríos_río_arroyo,10.206656,3.7791746,5.212834,-1.3088317
869,No podrás faltarme,Homenaje a Gilda,,2016-09-07 16:07:56,11,11_asesino_testimonio_testigo,8.379238,3.3337057,7.364406,-2.6695282
870,Antjie Krog: Imaginar un mundo diferente,Memoria y literatura,,2016-09-08 16:12:15,10,10_boliviano_bolivia_político,8.632336,5.472272,7.0585494,3.3503065
871,Técnicas para convencer a Al Pacino,Periodismo narrativo,,2016-09-09 10:13:30,3,3_literario_escritora_autor,7.298261,2.9521017,12.5406065,0.44164625
872,"¿Para qué volviste, Mantovani?",El ciudadano ilustre,,2016-09-09 15:20:12,29,29_ficción_protagonista_personaje,8.585825,4.684346,11.00358,-2.14108
873,El ambientalista dueño de una papelera,Selva colombiana,,2016-09-12 11:06:33,20,20_ríos_río_arroyo,9.693501,3.4675224,5.0402203,-0.8319299
874,Caja de Herramientas para Nuevos Periodistas,,,2016-09-12 14:41:06,19,19_periodista_periodístico_periódico,7.603175,4.505568,12.879809,1.2582031
875,Los círculos de reconocimiento de un artista,"Fotografía, circulación y mercado",,2016-09-13 09:02:41,24,24_arte_artes_art,7.9308705,3.535017,12.957342,-2.5313053
876,Los CEO en el freezer,Fracasar en una corporación,,2016-09-13 14:00:10,15,15_sindicalismo_reforma_político,9.604004,7.2817492,6.333669,1.336143
877,Yo era uno de ustedes,El Gobierno y los empresarios,,2016-09-14 09:59:44,4,4_déficit_deuda_endeudamiento,10.022695,7.8329573,8.067941,3.9505577
878,La imaginación tiránica del maestro zen,Alberto Laiseca,,2016-09-14 11:56:07,3,3_literario_escritora_autor,8.03044,2.1441078,6.820997,-5.126453
879,"La pelea de clase, la lucha de género",Izquierda y feminismo,,2016-09-14 12:55:20,1,1_feminismo_feminista_patriarcado,5.4348946,3.0275197,9.958785,-4.6916347
880,Chiruzas,Granata y los esterotipos de mujer,,2016-09-15 16:27:37,1,1_feminismo_feminista_patriarcado,5.7276945,3.7658741,9.82641,-4.0498476
881,"Gilda, la conquistadora","Cumbia, mito y religión",,2016-09-16 16:19:48,29,29_ficción_protagonista_personaje,6.545494,2.8482757,10.347289,-2.6760976
882,Usina del gas,Audiencia por el tarifazo,,2016-09-19 12:08:39,14,14_mediático_periodístico_político,8.387765,7.794732,8.275485,2.8754668
883,El diablo en el cuerpo,Exorcismos,,2016-09-20 10:02:21,13,13_papal_catolicismo_arzobispo,11.572544,2.6867855,7.1457157,-2.1889293
884,La música del país de la selva,Crónica y bombo legüero,,2016-09-20 16:53:45,22,22_música_musical_músico,8.733253,2.2938578,14.458701,-3.8744252
885,"Calais, una frontera en Europa",Refugiados,,2016-09-20 22:45:53,36,36_holocausto_terrorista_siria,10.337622,7.6457796,12.663223,6.341657
886,Ciudadanos de baja intensidad,Linchamientos y responsabilidad estatal,,2016-09-21 10:13:17,23,23_justicia_judicial_juzgado,10.43745,6.5470953,9.390231,4.08401
887,Mia Couto: Relatos para después de la guerra,Memoria y literatura,,2016-09-21 14:38:19,3,3_literario_escritora_autor,8.004261,2.5970614,6.425641,-5.396453
888,Bordar con la soga de los muertos,Ayahuasca,,2016-09-22 11:22:38,1,1_feminismo_feminista_patriarcado,8.234763,6.0711665,8.269043,-2.5180833
889,Qué tiene Charly García en la cabeza,Giras de rock,Charly García; Música; Rock Nacional,2016-09-23 11:58:04,22,22_música_musical_músico,8.974048,2.2139502,14.972652,-4.0818334
890,El sapo de la princesa,Fiestas de 15,,2016-09-26 11:23:02,11,11_asesino_testimonio_testigo,4.926399,3.5589802,8.200001,-2.8450305
891,La startup americana,Elecciones en Estados Unidos,,2016-09-27 13:15:54,21,21_soviética_soviético_vladimir,11.083736,5.164025,7.1135345,3.4251077
892,Un pasado que borrar,,,2016-09-27 20:15:43,23,23_justicia_judicial_juzgado,9.838527,4.425991,7.608678,-1.7309021
893,Cuerpo argentino,Una cartografía de la literatura,,2016-09-29 11:46:23,39,39_morir_muerte_moribundo,8.426303,2.298627,9.53278,-2.2467468
894,Retrato de un fotógrafo,#OrgulloUNSAM,,2016-09-30 11:07:11,26,26_fotoperiodismo_retratar_retrato,7.982391,3.4789476,12.851558,-3.3577194
895,Sumidos en la horrible noche,El “no” al acuerdo de paz colombiano,,2016-10-03 09:45:45,10,10_boliviano_bolivia_político,11.251869,4.2404947,9.736499,3.6382332
896,Tibios,"El ""No"" al acuerdo de paz colombiano",,2016-10-04 12:28:59,10,10_boliviano_bolivia_político,10.139318,4.8449025,6.850559,3.4241889
897,Paz y circo,El “No” al acuerdo de paz colombiano,,2016-10-04 12:59:17,10,10_boliviano_bolivia_político,11.027119,4.224863,6.9319253,3.40152
898,Mi realidad es aumentada,Millenials,,2016-10-05 13:31:03,31,31_digital_internet_tecnología,6.871841,5.9260426,10.34347,1.4263793
899,El límite es la olla,Mujeres y protesta social,,2016-10-06 11:57:43,1,1_feminismo_feminista_patriarcado,4.9894137,2.8596303,9.727041,-3.741988
900,Del piquete a la economía popular,Fordismo y autogestión,Movimientos sociales,2016-10-07 09:22:20,15,15_sindicalismo_reforma_político,9.456472,7.452535,6.7455277,1.4871912
901,Cuando el kirchnerismo no existía,Kirchner por Wainfeld,,2016-10-10 07:00:25,10,10_boliviano_bolivia_político,11.593393,5.3741693,7.6972046,4.1678996
902,Derechos y hormonas,Atletas trans e intersexuales,,2016-10-11 11:55:05,1,1_feminismo_feminista_patriarcado,6.245111,3.6335797,9.788562,-4.9180484
903,Uribelombia,"El ""No"" al acuerdo de paz colombiano",,2016-10-11 17:29:56,10,10_boliviano_bolivia_político,11.15919,4.2288456,6.91768,4.4221177
904,Sin mano dura ni mano propia,Inseguridad y víctimas,,2016-10-12 15:07:45,25,25_violencia_feminismo_feminista,8.303799,5.297368,8.393998,-3.9298387
905,No son monstruos,El femicidio de Lucía Pérez,#NiUnaMenos,2016-10-13 15:36:53,25,25_violencia_feminismo_feminista,8.816701,3.5742512,8.355526,-2.8997936
906,"Vallejo, el poeta cronista",Una mirada nueva sobre el mundo,,2016-10-14 10:15:17,21,21_soviética_soviético_vladimir,8.427006,3.2229447,13.972605,4.0887995
907,Madres y desmadres,Día de la Madre,,2016-10-15 15:36:19,11,11_asesino_testimonio_testigo,5.6554017,4.2782097,7.888298,-2.6149566
908,Versiones del 17,Relato anfibio de un día peronista,Peronismo,2016-10-17 09:46:54,15,15_sindicalismo_reforma_político,8.773978,3.0804434,6.4531937,1.3030727
909,El desencanto del referendo,Cuando la ciudadanía dice NO,,2016-10-18 10:59:24,10,10_boliviano_bolivia_político,11.240369,5.502411,7.189539,5.114774
910,Un programa de miércoles,"Rock, poesía y radio",,2016-10-19 09:32:40,22,22_música_musical_músico,8.438926,2.0116978,14.919881,-4.0290594
911,Cómo convertirte en feminista,#NiUnaMenos,,2016-10-19 15:35:13,1,1_feminismo_feminista_patriarcado,5.72394,3.4124105,9.77681,-4.263559
912,Duelo colectivo y templanza de los cuerpos,Paro nacional de mujeres,,2016-10-20 08:03:37,1,1_feminismo_feminista_patriarcado,9.626011,6.3981805,9.615894,-4.266166
913,La voz de la poesía contemporánea,Festival de Poesía de Rosario,,2016-10-21 09:12:16,3,3_literario_escritora_autor,8.1465845,2.0121608,7.3391333,-5.021375
914,Vidal y la fórmula Duhalde,Mapa electoral bonaerense,,2016-10-24 11:02:18,0,0_político_política_electoral,11.262914,5.4891605,7.499649,5.7451744
915,El asesinato de un policía,La muerte de Lucas Muñoz en Bariloche,,2016-10-25 09:14:26,11,11_asesino_testimonio_testigo,9.308744,4.1668415,7.6403303,-1.46925
916,Narrativas digitales: Cómo contar en redes sociales,,,2016-10-25 17:08:02,31,31_digital_internet_tecnología,7.2921557,5.509773,10.876193,2.0448177
917,Subir al olimpo,Raúl Zurita y la poesía contemporánea,,2016-10-26 10:22:16,24,24_arte_artes_art,8.254134,2.133107,12.534833,-1.8548126
918,Las últimas horas de Calais,Brutal desalojo del campo de refugiados,,2016-10-27 14:00:20,36,36_holocausto_terrorista_siria,10.489398,7.7619348,12.604928,6.321557
919,Por la boca de mi padre,"Black out, de María Moreno",,2016-10-28 11:07:03,20,20_ríos_río_arroyo,7.9291697,2.1675339,7.213022,-2.4521525
920,El cielo las hará libres,"Mia Astral, astrología y feminismo new age",,2016-10-31 11:16:05,1,1_feminismo_feminista_patriarcado,7.839375,2.661361,9.837211,-4.0459766
921,Hackear la política,Mitos y fetichismo del voto electrónico,,2016-11-01 10:07:00,17,17_innovación_tecnológico_tecno,11.659504,6.5307717,9.700295,1.7368658
922,Ellos nunca lo entenderán,Venezuela en crisis,Internacional; Venezuela,2016-11-02 12:23:20,10,10_boliviano_bolivia_político,11.089742,5.8148966,7.131274,4.315838
923,"Abstinencia, una historia de amor",Diario de una exfumadora,,2016-11-03 09:04:28,39,39_morir_muerte_moribundo,6.3348174,5.303455,8.981333,-1.4047863
924,"Choris, punteros y votos",Clientelismo y ciencias sociales,,2016-11-04 09:05:44,0,0_político_política_electoral,10.937957,6.3392177,8.129312,4.7002606
925,La visita de las cinco,Una recorrida por la ESMA,,2016-11-04 17:00:10,23,23_justicia_judicial_juzgado,8.65636,3.648302,9.283876,4.2283716
926,"Diferentes, pero no tanto",Hillary o Trump: ¿elección crucial?,,2016-11-07 11:04:48,21,21_soviética_soviético_vladimir,12.024924,6.710945,7.0675983,3.4987066
927,"Los diarios con Hillary, los fans con Trump","Campañas, medios y mensajes",,2016-11-08 09:00:04,14,14_mediático_periodístico_político,12.15074,7.1506906,10.438679,2.6157355
928,"No es la fuerza, es la cultura",Desigualdades entre hombres y mujeres,,2016-11-08 15:42:42,1,1_feminismo_feminista_patriarcado,5.774847,3.5367987,9.783258,-4.2508683
929,El voto antisistema,Las razones de Trump,Donald Trump; Estados Unidos; Internacional; Partido republicano,2016-11-09 14:58:10,0,0_político_política_electoral,11.9723015,6.836147,7.7141404,5.3214254
930,Una,La derrota de Hillary,,2016-11-10 07:07:01,1,1_feminismo_feminista_patriarcado,5.256614,2.9139988,9.954879,-4.2054405
931,El tiro de gracia a la globalización,El triunfo de Trump,,2016-11-10 09:43:04,28,28_futuro_pandemia_crisis,10.773773,7.151759,9.00716,3.0550528
932,Cinco estrategias para frenar al monstruo,Tras la victoria de Trump,,2016-11-10 21:34:43,0,0_político_política_electoral,10.953675,7.1182213,7.3020563,3.7331576
933,La gestión del miedo y la esperanza,Trump y la batalla emocional,Rossana Reguillo,2016-11-11 13:52:19,0,0_político_política_electoral,11.838555,6.9354973,9.6789465,2.898816
934,The Trumpman Show,Las consecuencias del triunfo de Trump,,2016-11-11 16:30:09,0,0_político_política_electoral,12.074373,6.8778653,7.1387887,4.5489125
935,La ficción de Houellebecq,El escritor francés en Buenos Aires,,2016-11-12 08:47:37,3,3_literario_escritora_autor,9.064882,2.8991134,6.8184834,-5.171972
936,"Gringo, deja ya de odiarnos",La pesadilla Trump en los mexicanos de EE.UU.,,2016-11-14 12:37:03,35,35_cubano_cubana_cuba,11.9584675,6.993457,6.720378,3.0436516
937,La elegida,Voluntariado y política,,2016-11-15 10:28:39,40,40_manifestación_feminista_multitud,9.390609,5.7836766,9.075296,4.85106
938,Periodismo mutante,"Noticias, mercado y trabajo",,2016-11-16 11:13:55,19,19_periodista_periodístico_periódico,7.7991915,4.9650936,12.788402,1.4292754
939,El buen vecino del norte,El modelo canadiense,,2016-11-17 09:14:44,21,21_soviética_soviético_vladimir,10.587811,7.1776395,7.1176343,2.9494483
940,Pasión galguera,Derecho animal,,2016-11-17 15:37:05,32,32_catástrofe_desastre_tragedia,8.229796,6.499704,6.1045823,-1.1182683
941,"La Rusa, historia de una troska",Myriam Bregman,Perfil político,2016-11-18 16:01:25,23,23_justicia_judicial_juzgado,10.565132,5.1858134,9.294252,4.1242094
942,Garúa en el Sahara,Emergencia social,,2016-11-21 10:28:10,15,15_sindicalismo_reforma_político,10.469291,5.4021473,6.4096365,1.3804061
943,Pepo de película,Cumbia,,2016-11-21 15:31:37,33,33_submarino_marino_naufragio,9.6801,2.215509,10.978778,-2.006359
944,El desastre republicano,La era Trump,,2016-11-22 09:04:42,0,0_político_política_electoral,11.988069,6.876902,7.483012,5.004035
945,Los Estados Unidos de Vladimir Trump,La nueva era en la Casa Blanca,,2016-11-22 16:17:11,35,35_cubano_cubana_cuba,10.809499,6.6644497,6.8250365,3.107962
946,"Denunciar al maestro, enjuiciar a la escuela",El aula contemporánea,,2016-11-23 10:03:28,5,5_pedagógico_enseñanza_escolar,5.938042,5.441492,3.6955945,-3.5206537
947,Fotolibros para salvar el lenguaje,Feria de libros de fotografía,,2016-11-23 11:45:56,26,26_fotoperiodismo_retratar_retrato,7.664027,3.5801675,12.86085,-3.3737602
948,Todos los fuegos de un tiempo,40 años de la desaparición de la nieta de Chicha Mariani,24M: Día de la memoria por la verdad y la justicia; Derechos Humanos; Nietos,2016-11-24 11:17:08,11,11_asesino_testimonio_testigo,8.747624,3.574263,6.8351197,-1.6063892
949,La hija imperfecta,#OrgulloGay,,2016-11-24 14:33:23,11,11_asesino_testimonio_testigo,7.028183,2.7029681,7.313857,-1.9810219
950,"La lucha es en el campus, el claustro y el pasillo",Universidades contra la violencia de género,,2016-11-25 09:56:23,25,25_violencia_feminismo_feminista,6.171051,4.4759603,9.048369,-4.75433
951,Galeano amaba reír,Homenaje de Serrat y Poniatowska,,2016-11-28 11:28:44,3,3_literario_escritora_autor,8.686635,2.2376783,6.664606,-4.682577
952,No hay nada más solitario que un tenista,Histórico triunfo argentino en la Copa Davis,,2016-11-29 08:48:11,2,2_fifa_futbolista_fútbol,10.5666275,2.4311185,5.3912444,11.551695
953,Escenas de transversalidad política,Nuevas formas de intervención,,2016-11-30 10:12:03,0,0_político_política_electoral,10.583856,4.715435,8.119475,4.9920397
954,Romper el pacto de silencio,Sobre la denuncia de Carolina Aguirre contra su ex,,2016-11-30 17:09:33,25,25_violencia_feminismo_feminista,6.466257,3.717304,8.853909,-4.2874985
955,La posibilidad de una isla,"Cuba, Fidel y el día después",,2016-12-01 10:19:36,35,35_cubano_cubana_cuba,10.793238,3.788391,5.7065005,2.9391463
956,Hacete preñar,Pescarmona y el embarazo adolescente,,2016-12-02 14:22:58,7,7_aborto_abortar_anticonceptivo,5.085351,4.029868,9.711735,-6.082066
957,Todo sobre tus células madre,Mitos y verdades del cordón umbilical,,2016-12-05 10:17:20,39,39_morir_muerte_moribundo,7.1431384,7.1520977,9.024248,-1.2876953
958,Auriculares para pensar,La vida con sonido,,2016-12-06 10:20:34,31,31_digital_internet_tecnología,7.189524,5.0477962,10.742747,1.7975562
959,Calamaro: una playlist de mil horas,El rey de la canción,,2016-12-07 07:40:27,22,22_música_musical_músico,8.842912,1.8688874,14.972374,-4.0497937
960,Campusano: el cineasta bruto,Conurbano films,,2016-12-07 18:36:15,29,29_ficción_protagonista_personaje,8.558023,2.707756,10.984021,-2.0669944
961,"Macri-Carrió, condenados a un destino común",Un año del gobierno de Cambiemos,,2016-12-09 09:32:49,0,0_político_política_electoral,11.707468,5.5083795,7.442803,5.3957977
962,"Detrás de toda gran mujer, hay otra gran mujer",Cómo construir una sociedad igualitaria,,2016-12-12 09:32:20,1,1_feminismo_feminista_patriarcado,5.221874,4.0927176,10.409749,-4.249318
963,La postverdad,Las noticias falsas y el futuro del periodismo,,2016-12-13 10:26:58,14,14_mediático_periodístico_político,7.648738,5.267585,10.650755,2.4653115
964,El asado no se come,Primera experiencia en Realidad Virtual,,2016-12-14 18:28:40,15,15_sindicalismo_reforma_político,8.430662,7.697918,7.013072,0.30104128
965,"Carne argentina, carne podrida",Primera experiencia en Realidad Virtual,,2016-12-14 18:28:56,1,1_feminismo_feminista_patriarcado,8.407043,7.763469,9.736532,-2.847908
966,Es difícil ser mujer en Tatooine,El lado oscuro de Star Wars,,2016-12-16 08:45:48,1,1_feminismo_feminista_patriarcado,5.588863,3.120435,9.978342,-3.9361782
967,Detrás de la barba roja,El año Messi,,2016-12-19 13:23:00,2,2_fifa_futbolista_fútbol,10.721264,2.1039832,5.126039,11.550708
968,Congreso: el año de la rosca,Balance del año legislativo,,2016-12-20 10:38:19,0,0_político_política_electoral,11.839037,6.3213477,7.9818373,4.8080306
969,Diario de un bordador,"Hilos, masculinidades y mercado",,2016-12-21 10:47:05,24,24_arte_artes_art,8.0368595,3.7643383,12.536337,-2.2128747
970,En busca del Apache,Carlos Tevez,,2016-12-22 15:21:58,2,2_fifa_futbolista_fútbol,9.850459,2.181211,5.6927643,11.368622
971,Ganancias: lo técnico es político,Debate por los impuestos y la renta,,2016-12-23 11:08:59,4,4_déficit_deuda_endeudamiento,9.279761,8.177637,10.557257,5.3720465
972,Ciencia para qué,El recorte en el CONICET,,2016-12-24 11:21:39,37,37_astrónomo_ciencia_universo,7.7059007,7.060174,9.066464,1.5430121
973,Escrachados,Futbolistas al desnudo,,2016-12-26 10:10:49,1,1_feminismo_feminista_patriarcado,10.930837,2.3164532,9.380098,-4.086608
974,Se apagó como el segundo semestre,Cambios en el gabinete de Macri,,2016-12-27 11:38:30,4,4_déficit_deuda_endeudamiento,10.202933,7.7842565,8.370239,4.4393706
975,Líbranos del mal,Exorcismos,,2016-12-28 11:54:03,13,13_papal_catolicismo_arzobispo,11.737517,2.6455114,7.1078076,-2.1751275
976,Tecno optimismo,Política y tecnología: balance 2016,,2016-12-29 10:46:19,17,17_innovación_tecnológico_tecno,7.749108,6.654949,9.849033,1.6703004
977,"Turismo Carretera, la última trinchera del machismo","Deporte, masculinidad y misoginia",,2016-12-30 09:00:36,1,1_feminismo_feminista_patriarcado,10.975906,2.1771371,9.616822,-3.7392359
978,Desayuno en Flandres,Refugiados en las calles de París,,2017-01-03 12:14:22,36,36_holocausto_terrorista_siria,10.427274,7.6448026,7.0915356,-0.57587206
979,Viajera anti beat,"Chile, Inglaterra y Turquía",Chile,2017-01-04 11:09:50,11,11_asesino_testimonio_testigo,9.311716,2.9441586,6.7534647,-1.6360755
980,Universo Lestido,Fotografía e intimidad,,2017-01-05 10:14:40,26,26_fotoperiodismo_retratar_retrato,7.7965875,3.1722023,12.840733,-3.3894336
981,La educación sexual,El mercado del sexo,,2017-01-06 10:52:00,1,1_feminismo_feminista_patriarcado,5.85515,3.8239205,9.626819,-4.288254
982,El día que Piglia llegó a los lectores chinos,Homenaje a Ricardo Piglia,,2017-01-09 12:41:26,3,3_literario_escritora_autor,8.031965,2.152191,6.677226,-5.458158
983,Esa india,Una defensa de Milagro Sala,,2017-01-10 10:16:58,1,1_feminismo_feminista_patriarcado,6.010767,3.443237,9.740918,-4.087613
984,Intelectuales de los suburbios,Literatura y sociedad,,2017-01-11 09:04:26,3,3_literario_escritora_autor,7.758413,4.842471,12.349689,-1.9862692
985,Cien torsos desnudos y ningún amor,Manifiesto antigrindr,LGBTIQ+; Orgullo,2017-01-12 10:54:44,1,1_feminismo_feminista_patriarcado,6.1452866,3.9999359,8.387519,-2.410516
986,Cuando la derecha empezó a volver,La tragedia de Curuguaty en Paraguay,,2017-01-13 09:25:34,20,20_ríos_río_arroyo,9.495592,4.5158186,7.6326785,3.3829918
987,La cárcel como depósito,Los problemas del servicio penitenciario,,2017-01-16 11:07:18,25,25_violencia_feminismo_feminista,9.379001,6.033607,9.047998,3.6681786
988,Los dilemas del periodismo de trinchera,La pelea entre Trump y los medios de comunicación,,2017-01-18 10:34:24,14,14_mediático_periodístico_político,12.152721,7.1408587,10.186055,2.9634483
989,Yo quiero que me entierren allá,Los relatos sobre mapuches de Hebe Uhart,,2017-01-19 10:10:44,42,42_padre_papá_hijo,9.0989,3.5303628,6.8914084,-2.9727097
990,Bienvenidos a la era de la conflictividad,Trump en la Casa Blanca,,2017-01-20 11:36:58,21,21_soviética_soviético_vladimir,11.757588,7.1517277,6.9655356,2.9594836
991,China: el plan Tevez,El Apache en Shanghai,,2017-01-23 13:41:37,2,2_fifa_futbolista_fútbol,9.047189,7.7142854,5.45583,11.05856
992,Ovillar,Identidad y memoria,,2017-01-24 12:54:26,11,11_asesino_testimonio_testigo,9.723913,3.5152326,6.7968936,-1.5635794
993,Sigo sin entender cuándo es violación,Humor y feminismo,,2017-01-25 10:56:23,1,1_feminismo_feminista_patriarcado,5.6550207,3.4559884,9.6219225,-3.5646553
994,Nos equivocamos en todo,Periodismo y política,,2017-01-26 13:04:34,19,19_periodista_periodístico_periódico,10.521954,6.0794883,12.789837,1.3852377
995,"Nena, yo te llevo a probar",Fútbol y género,,2017-01-27 12:29:37,2,2_fifa_futbolista_fútbol,10.983646,2.13697,5.837089,11.582935
996,¿Por qué mataba Robledo Puch?,La crónica de Osvaldo Soriano,,2017-01-30 06:36:01,11,11_asesino_testimonio_testigo,8.205399,4.245658,7.6193004,-2.2792664
997,El absurdo de la extranjería,Macri y la migración,,2017-01-31 14:10:20,36,36_holocausto_terrorista_siria,9.345492,6.2039537,7.305751,3.064638
998,"Para empezar, el muro",La era Trump,,2017-02-01 11:57:27,35,35_cubano_cubana_cuba,11.966619,6.9879003,6.6645684,3.0408165
999,Más que sensiblería y motivación,La crisis de la política y la nueva comunicación,,2017-02-02 10:37:14,14,14_mediático_periodístico_político,8.303029,5.8695817,9.9926,3.0235434
1000,Los chinos no tienen honor,Original vs copia,,2017-02-03 11:59:37,39,39_morir_muerte_moribundo,7.3850255,6.261063,10.093027,-0.19267388
1001,Los desaparecidos del Paraná,Policía de Santa Fe,,2017-02-06 12:09:29,20,20_ríos_río_arroyo,9.238174,4.226878,5.35201,-1.4031831
1002,Víctimas de segunda,Estadísticas de muertes en las villas de San Martín,,2017-02-07 12:37:00,39,39_morir_muerte_moribundo,8.262155,5.4817266,9.218999,-1.2846593
1003,Contra las reglas del género,Homenaje a Todorov,,2017-02-08 11:22:25,3,3_literario_escritora_autor,9.133252,3.081466,6.8499174,-5.336032
1004,Dime de dónde vienes,Inmigración en la Villa 21/24,,2017-02-09 10:56:00,41,41_pobreza_inmobiliario_habitante,9.586523,5.483338,6.8593855,-0.5556912
1005,Cómo ganar premios,Anfibia en el Festival de Rotterdam,,2017-02-10 13:00:38,38,38_bailarín_tango_protagonista,7.694333,4.066452,11.03456,-2.0248592
1006,Taller de crónica de viaje: Entrenar la mirada,Talleres Anfibia 2017,,2017-02-13 10:58:28,19,19_periodista_periodístico_periódico,7.63756,4.3665833,12.749431,0.8292986
1007,El juez infiltrado,Narcotráfico en la justicia,,2017-02-13 12:25:23,23,23_justicia_judicial_juzgado,9.541688,5.1193647,11.3947735,4.2589235
1008,"La La Land, oda al amor descartable",Reivindicación de lo efímero,,2017-02-14 11:09:31,29,29_ficción_protagonista_personaje,7.74614,3.1041493,10.858667,-2.1384945
1009,El macho progre y su educación sentimental,¿Varones antipatriarcales?,,2017-02-15 10:41:31,1,1_feminismo_feminista_patriarcado,5.5193214,3.175722,9.608332,-4.2495775
1010,Hacete amigo del Big Data,El poder de los datos masivos,,2017-02-16 11:26:56,17,17_innovación_tecnológico_tecno,7.235037,6.3724303,9.886497,1.4795908
1011,Narrativas de Género,Talleres Anfibia 2017,,2017-02-16 13:14:18,1,1_feminismo_feminista_patriarcado,5.1143317,3.0935864,9.250094,-4.294573
1012,Nunca tuvimos lo que el inmigrante nos robó,Savloj Zizek y el problema del otro,,2017-02-17 11:18:26,27,27_israel_netanyahu_israelí,8.639674,6.1808214,14.581608,6.3720565
1013,Los elegidos,Abusos en la Iglesia Católica,,2017-02-17 15:47:15,13,13_papal_catolicismo_arzobispo,10.570631,3.2800133,-1.6804852,7.6058207
1014,Tiempo muerto,Largas esperas en los sistemas de salud,,2017-02-21 11:10:08,39,39_morir_muerte_moribundo,7.0439773,7.2023683,9.041939,-0.9304787
1015,Historia y periodismo: técnicas de no ficción para narrar el pasado,Talleres Anfibia 2017,,2017-02-22 14:17:30,13,13_papal_catolicismo_arzobispo,7.610464,3.929896,-1.7324576,7.5399127
1016,Me clavó el visto,WhatsApp,,2017-02-23 12:13:10,31,31_digital_internet_tecnología,6.760483,5.089993,10.790823,1.6732247
1017,Correogate y antipolítica,"Nuevas demandas, viejos relatos",,2017-02-24 10:26:14,0,0_político_política_electoral,11.674602,6.4083943,8.003413,5.0596476
1018,"Qué leés, qué mirás, qué clickeas",Las noticias más leídas,,2017-03-02 09:44:45,14,14_mediático_periodístico_político,8.075459,4.9487996,10.339734,2.824084
1019,Populistas fuimos todos,El discurso de Macri en el Congreso,,2017-03-02 15:11:40,0,0_político_política_electoral,11.151115,6.2133937,8.060777,5.407978
1020,La ideología del voluntariado,Conflicto docente,,2017-03-03 13:02:46,5,5_pedagógico_enseñanza_escolar,5.8075395,5.7232127,3.614912,-3.1518166
1021,Elvira y la vanguardia prudente del feminismo,#8M,,2017-03-06 11:03:42,1,1_feminismo_feminista_patriarcado,6.1540937,2.6503932,10.013285,-4.4720373
1022,Parto respetado: aguantate sola,#8M,,2017-03-07 11:50:56,7,7_aborto_abortar_anticonceptivo,4.7514243,3.3923426,9.228609,-2.944288
1023,Fecha de vencimiento,La marcha y el paro,,2017-03-07 19:18:47,15,15_sindicalismo_reforma_político,10.074844,7.2756863,6.416173,1.4356275
1024,Yo marcho,#8M,8M: Paro internacional y plurinacional de mujeres y disidencias,2017-03-08 10:36:08,1,1_feminismo_feminista_patriarcado,5.909985,3.318221,9.874323,-3.752344
1025,Hartas,#8M,8M; 8M: Paro internacional y plurinacional de mujeres y disidencias,2017-03-08 12:50:55,1,1_feminismo_feminista_patriarcado,5.1359315,2.8212085,10.062793,-4.4973783
1026,Felicidad y cacería,#8M,8M: Paro internacional y plurinacional de mujeres y disidencias,2017-03-09 12:03:42,1,1_feminismo_feminista_patriarcado,10.337707,4.0947647,10.230713,-4.326875
1027,Con lo que cuesta armar un full,El acto de la CGT,,2017-03-09 16:10:12,15,15_sindicalismo_reforma_político,9.978714,7.1438346,8.408382,3.8716006
1028,Las incapaces,Las conquistas de las mujeres,,2017-03-10 10:43:17,1,1_feminismo_feminista_patriarcado,5.495273,3.3307593,9.503331,-4.1258616
1029,El comentario desubicado en el aula,#8M,,2017-03-10 14:57:41,1,1_feminismo_feminista_patriarcado,6.082829,3.7772245,9.142302,-4.6736155
1030,La sanata condenatoria,Indio Solari en Olavarría,Indio Solari,2017-03-13 01:02:00,38,38_bailarín_tango_protagonista,8.841242,5.059187,14.095584,-3.8152413
1031,La maldición del pogo más grande del mundo,El Indio en Olavarría,Indio Solari,2017-03-13 08:35:00,38,38_bailarín_tango_protagonista,8.565762,3.2420504,14.14562,-3.8761835
1032,Bien adentro,Cultura del aguante,,2017-03-13 10:57:19,38,38_bailarín_tango_protagonista,8.406417,2.9685726,14.207974,-3.8577085
1033,Red social,Indio Solari en Olavarría,,2017-03-14 12:45:05,14,14_mediático_periodístico_político,7.9765463,4.5349364,10.883547,2.08378
1034,Lenin está vivo,A cien años de la revolución rusa,,2017-03-15 12:07:25,21,21_soviética_soviético_vladimir,11.353646,7.5402064,14.044835,4.1049447
1035,"Milani, el obediente",Derechos Humanos y contradicciones,,2017-03-16 10:37:52,23,23_justicia_judicial_juzgado,10.474481,4.8665333,11.231169,3.956769
1036,Bad hombres,Los perseguidos por Trump,,2017-03-17 10:13:37,35,35_cubano_cubana_cuba,11.89242,6.9811463,6.7019367,2.8971593
1037,"""Ya es tarde""",Los días previos al Golpe,,2017-03-18 08:23:13,10,10_boliviano_bolivia_político,10.018703,4.675787,7.124227,3.1812181
1038,Cuerpos del delito,La muerte de la militante trans Angie Velázquez Ramírez,,2017-03-20 14:12:25,23,23_justicia_judicial_juzgado,8.891631,4.0442014,8.303933,-3.4273772
1039,Todos los misterios de la Carta de Walsh,A 40 años de la desaparición de Rodolfo Walsh,24M: Día de la memoria por la verdad y la justicia; Rodolfo Walsh,2017-03-21 11:12:53,20,20_ríos_río_arroyo,8.576115,2.9153066,6.734488,-1.4234623
1040,La Carta de Walsh: fuentes consultadas,,,2017-03-21 12:29:03,19,19_periodista_periodístico_periódico,7.7004566,2.5782135,12.924386,1.031941
1041,Caer en la pública,Educación pública y privada,,2017-03-22 08:24:12,5,5_pedagógico_enseñanza_escolar,5.839311,5.7612133,3.689731,-3.352467
1042,Derecho al piquete,Protesta social,,2017-03-22 13:01:03,0,0_político_política_electoral,10.807793,6.400177,8.418842,4.149506
1043,La unión,Marcha Federal de Educación,,2017-03-22 20:58:21,5,5_pedagógico_enseñanza_escolar,5.883022,5.6529326,3.8108935,-3.247232
1044,"Soñar con Thatcher, despertar con Galtieri","Docentes, orgullo y conflicto",,2017-03-23 16:17:38,5,5_pedagógico_enseñanza_escolar,5.8563123,5.7022624,3.7086315,-3.1133223
1045,El cazador oculto,"Escrache, memoria, justicia",24M: Día de la memoria por la verdad y la justicia; Derechos Humanos; Dictadura,2017-03-23 19:49:27,23,23_justicia_judicial_juzgado,9.774613,4.3046646,7.7389565,-1.326273
1046,Memorias del papel,A 41 años del Golpe Militar,,2017-03-23 19:59:03,11,11_asesino_testimonio_testigo,9.714058,4.645118,7.5457263,-2.502655
1047,Abrir la ciencia,Sistemas de evaluación científica,,2017-03-27 10:45:40,37,37_astrónomo_ciencia_universo,7.739923,7.034398,9.865694,0.2767857
1048,Cómo derrotar a la ultraderecha,"Derrota del ""Trump holandés"" en una elección clave para Europa",,2017-03-28 09:40:37,10,10_boliviano_bolivia_político,11.133334,6.720505,7.2316723,4.4449325
1049,Medio enemigo,Políticas de comunicación en la región,Escuela de Política y Gobierno; UNSAM,2017-03-28 14:53:04,0,0_político_política_electoral,8.041105,5.0530453,7.7971168,4.644869
1050,Tenemos histeria porque no tenemos fútbol,La Selección y el mundial,,2017-03-29 11:06:42,2,2_fifa_futbolista_fútbol,10.760003,2.1251395,5.1782393,11.204504
1051,El buen migrante,La nueva legislación sobre extranjería,,2017-03-29 14:12:25,1,1_feminismo_feminista_patriarcado,8.78759,6.0836496,7.1872263,0.4978914
1052,Spregelburd y una nueva ética de la ficción,,,2017-03-30 10:47:20,24,24_arte_artes_art,8.604487,2.6330798,12.676147,-2.2536335
1053,"Dos tumbas, un cuerpo",A 4 años de la inundación de La Plata,,2017-03-31 09:23:10,42,42_padre_papá_hijo,9.031887,4.2221656,7.3928328,-2.5808568
1054,El sueño de la plaza propia,Sentidos y consecuencias del #1A,,2017-04-03 11:27:55,0,0_político_política_electoral,11.088785,6.276825,8.117068,5.080663
1055,"Botín en bolso, fusil al hombro",Futbolistas en Malvinas,Fútbol; Malvinas; Mundial de fútbol,2017-04-03 15:37:56,2,2_fifa_futbolista_fútbol,10.860515,2.1783519,5.432906,11.244281
1056,El desencanto de Caracas,La crisis de Venezuela,,2017-04-04 11:41:08,10,10_boliviano_bolivia_político,11.344851,4.074189,7.6773953,4.2479057
1057,Desde arriba no se ve,La CGT y el paro,,2017-04-05 09:22:57,15,15_sindicalismo_reforma_político,9.749476,7.250976,6.3617964,1.3504742
1058,Lejos de la revolución,Centenario de la revuelta bolchevique,Internacional; Rusia,2017-04-07 09:00:00,21,21_soviética_soviético_vladimir,11.351867,7.4472384,14.136072,4.162889
1059,Siempre iremos a la plaza,El 24 de marzo en Realidad Virtual,24M: Día de la memoria por la verdad y la justicia; Abuelas de Plaza de Mayo; Derechos Humanos,2017-04-07 12:21:24,11,11_asesino_testimonio_testigo,9.951638,3.7114773,8.287353,-2.8923206
1060,Narrativas Digitales,Talleres Anfibia 2017,,2017-04-10 15:31:35,31,31_digital_internet_tecnología,7.2582245,5.384062,10.861323,1.950056
1061,Ajuste político y batalla cultural,Polarización,,2017-04-11 10:39:00,0,0_político_política_electoral,5.8051057,5.7640057,7.7894893,4.9483833
1062,La cautiva,El femicidio de Micaela,,2017-04-11 16:00:15,23,23_justicia_judicial_juzgado,6.5674176,4.0333204,8.424766,-3.7578194
1063,"""Que los cazadores de violencia no hablen por nosotras""",Asamblea a cielo abierto por Micaela,Higui; LGBTIQ+,2017-04-12 11:27:52,1,1_feminismo_feminista_patriarcado,5.3208733,3.1551611,9.251938,-4.336135
1064,"Ni machos, ni fachos",Una agenda feminista para la Justicia,#NiUnaMenos; Punitivismo,2017-04-12 19:56:38,25,25_violencia_feminismo_feminista,5.6118746,3.2122457,8.618587,-4.1269665
1065,La humanidad paralela,Inteligencia artificial,,2017-04-17 12:00:47,17,17_innovación_tecnológico_tecno,7.2005444,6.5446644,9.870808,1.4771956
1066,"Cuerpos, amor, intimidad",Talleres Anfibia 2017,,2017-04-17 15:03:57,39,39_morir_muerte_moribundo,7.35944,3.2099516,9.569375,-2.1334906
1067,"Narrar el deporte: historias, pasión y negocios",Talleres Anfibia 2017,,2017-04-17 15:58:53,19,19_periodista_periodístico_periódico,7.8043933,4.6031795,12.582959,0.79405725
1068,Ponele emoji a todo,Comunicación visual y cultura digital,,2017-04-18 12:01:03,31,31_digital_internet_tecnología,7.1402235,5.458573,10.743131,1.6945959
1069,"Oscar Bony, la traición del estilo",Fotografía y arte,,2017-04-18 17:55:13,26,26_fotoperiodismo_retratar_retrato,7.9250736,3.4739425,12.831538,-3.2134142
1070,¿A quién le importa el cine argentino?,"Cine, Estado y Nación",,2017-04-19 11:53:18,14,14_mediático_periodístico_político,7.6817017,4.942732,10.773682,1.465978
1071,Bajo el asfalto,El transporte público subterráneo,,2017-04-20 09:04:03,15,15_sindicalismo_reforma_político,9.640667,7.060029,6.76298,0.962451
1072,Periodismo y Cultura Gastronómica,Talleres Anfibia 2017,,2017-04-21 11:50:40,19,19_periodista_periodístico_periódico,7.7770314,4.53795,13.093404,0.9879152
1073,El feminismo pesimista,Igualdad de género y capitalismo,,2017-04-21 12:01:04,1,1_feminismo_feminista_patriarcado,6.1730857,2.663413,10.04272,-4.4559956
1074,"Una foto, una época",El registro de la historia reciente argentina,,2017-04-24 10:59:57,26,26_fotoperiodismo_retratar_retrato,8.1755085,3.4606159,12.869943,-3.398767
1075,La utopía tecno de salvarse solo,Las consecuencias del capitalismo,,2017-04-25 12:32:50,17,17_innovación_tecnológico_tecno,7.806352,7.380006,8.777233,1.6368935
1076,Los obreros de Trump,El proteccionismo de Trump,,2017-04-26 11:36:22,15,15_sindicalismo_reforma_político,11.929107,7.0124383,6.589904,1.4305152
1077,Las cien vidas de Amaranta,Identidad indígena y de género,,2017-04-27 11:27:36,1,1_feminismo_feminista_patriarcado,5.8713226,3.5485537,9.298905,-3.440505
1078,No la buscaron,El femicidio de Araceli Fulles,#NiUnaMenos,2017-04-28 12:41:20,25,25_violencia_feminismo_feminista,6.1709642,3.8479285,8.795322,-4.1816483
1079,Anfibia en la Feria del Libro 2017,En el stand UNSAM Edita,,2017-04-28 14:36:54,19,19_periodista_periodístico_periódico,7.934328,4.3351865,12.617606,0.8611308
1080,"El narcopatriarcado y ""las pibas""",La trama social del femicidio,,2017-05-02 12:18:14,25,25_violencia_feminismo_feminista,6.276294,5.0193615,8.763134,-3.143662
1081,Los fracasados,Las elecciones en Francia,,2017-05-03 10:25:18,0,0_político_política_electoral,11.967867,6.2999644,7.2778273,4.685012
1082,Los cruzarás en la calle,Derechos Humanos y el 2x1,24M: Día de la memoria por la verdad y la justicia; 2x1 a genocidas; Derechos Humanos,2017-05-03 19:49:48,23,23_justicia_judicial_juzgado,9.851438,5.049586,11.351277,4.260322
1083,Como si fuera uno más,Derechos Humanos y el 2x1,,2017-05-04 14:13:41,23,23_justicia_judicial_juzgado,9.61319,4.125743,6.682194,-1.3719352
1084,"El periodista, el militante y el presidente",Debatir el kirchnerismo,,2017-05-05 11:13:30,0,0_político_política_electoral,11.432583,5.373957,9.516805,3.3448799
1085,Madres en la trampa del amor romántico,Nueva maternidad,,2017-05-05 13:07:36,1,1_feminismo_feminista_patriarcado,5.3830194,3.9822953,10.01591,-3.2635038
1086,"Sexo, robotas y machismo",Algoritmos y porno,,2017-05-08 10:22:59,1,1_feminismo_feminista_patriarcado,6.004149,3.8881638,9.800188,-4.262421
1087,La Corte no lo hizo,Derechos Humanos y el 2x1,,2017-05-09 14:02:55,23,23_justicia_judicial_juzgado,9.987179,5.527076,11.278278,4.288021
1088,La testigo desprotegida,Caso Melina Romero,,2017-05-09 15:51:22,25,25_violencia_feminismo_feminista,8.785496,4.1509194,8.427297,-3.7796867
1089,Los temerarios,Derechos Humanos y el 2x1,Derechos Humanos; Lesa Humanidad,2017-05-10 09:58:47,23,23_justicia_judicial_juzgado,9.982004,5.408563,11.123311,4.327999
1090,Querido 2x1,Derechos Humanos y el 2x1,24M: Día de la memoria por la verdad y la justicia; 2x1 a genocidas; Derechos Humanos; Lesa Humanidad,2017-05-10 14:08:03,40,40_manifestación_feminista_multitud,8.383999,3.8642824,9.1714945,4.9005165
1091,"Compensen el terror, los años perdidos",Derechos Humanos y el 2x1,24M: Día de la memoria por la verdad y la justicia; 2x1 a genocidas; Derechos Humanos,2017-05-10 15:52:27,23,23_justicia_judicial_juzgado,8.600103,3.9517913,11.081298,3.9219832
1092,Los tenaces,Derechos humanos y el 2x1,Derechos Humanos; Lesa Humanidad,2017-05-11 10:56:24,0,0_político_política_electoral,10.87707,6.635778,9.2532425,4.398542
1093,Los dueños de la ciencia,Quién legitima la ciencia,,2017-05-15 11:15:41,37,37_astrónomo_ciencia_universo,7.944972,5.0127187,9.921765,0.18178776
1094,"Chingo de amor, no al pinche silencio",El asesinato de Javier Valdez,Rossana Reguillo,2017-05-16 12:07:00,19,19_periodista_periodístico_periódico,8.56574,4.1633105,13.042054,1.1488117
1095,La fábula del vago y el emprendedor,Trabajo y ocio,,2017-05-17 10:44:16,15,15_sindicalismo_reforma_político,9.239342,6.8393803,6.367297,1.2915127
1096,13 razones no alcanzan,"13 reasons why, la serie del 2017",,2017-05-19 10:04:44,29,29_ficción_protagonista_personaje,7.3864374,4.9234424,9.983114,-2.017926
1097,No al silencio,Manifiesto de periodistas y escritores argentinos,,2017-05-19 12:16:14,19,19_periodista_periodístico_periódico,8.0815735,4.7340555,13.065989,1.0109645
1098,"Brasil, tan latinoamericano como siempre",Temer acorralado,,2017-05-19 17:02:33,16,16_brasil_brasilero_brasilia,11.828675,3.9914222,7.060372,8.117622
1099,"Temer, el poeta de la conspiración",Crisis política en Brasil,Brasil; Dilma Rousseff; Internacional,2017-05-22 11:32:33,16,16_brasil_brasilero_brasilia,12.141979,4.1377482,7.1056376,8.212928
1100,Toda la rabia en la palabra concha,La agresión de una madre a una maestra,,2017-05-23 12:50:50,5,5_pedagógico_enseñanza_escolar,5.946593,5.293088,3.9338436,-3.4819038
1101,ADN,Juego #Anfibia5años,,2017-05-24 14:48:39,3,3_literario_escritora_autor,7.588817,5.219756,6.4803085,-4.974921
1102,Las otras infancias clandestinas,Nuevas voces de la memoria,24M: Día de la memoria por la verdad y la justicia; Derechos Humanos; Hijos de represores,2017-05-24 18:49:53,11,11_asesino_testimonio_testigo,9.323104,3.663782,7.513909,-2.6834328
1103,Pelea entre blancos,Brasil en tiempos de posdemocracia,Brasil; Internacional,2017-05-26 12:15:23,16,16_brasil_brasilero_brasilia,9.852616,6.805574,7.041368,8.265703
1104,Nuestra religión civil laica,Derechos Humanos y democracia,,2017-05-29 10:23:43,23,23_justicia_judicial_juzgado,10.222179,5.6709557,9.570782,4.27334
1105,Brasil y la amenaza kafkiana,El futuro brasileño,Brasil; Internacional,2017-05-29 17:40:35,16,16_brasil_brasilero_brasilia,12.002161,4.3592834,6.936346,8.399481
1106,Desde la cárcel te escribo,"Milagro Sala, 500 días detenida",,2017-05-30 08:39:19,29,29_ficción_protagonista_personaje,9.710071,4.0623503,8.138447,-2.0169141
1107,No hay refugio,Las mujeres y la crisis siria,,2017-05-31 11:06:22,36,36_holocausto_terrorista_siria,10.494984,7.553453,9.906953,-4.1084924
1108,Beyoncé y el feminismo espiritual,Mujeres empoderadas,,2017-06-01 12:43:41,1,1_feminismo_feminista_patriarcado,6.676253,2.515294,9.915729,-4.0379944
1109,La mujer nuclear: 60 años de ciencia y política,"Sara Rietti, la primera química nuclear argentina",,2017-06-01 15:10:50,37,37_astrónomo_ciencia_universo,7.5960164,7.0638504,9.937862,0.075157024
1110,Una ética del cuidado popular,#NiUnaMenos,,2017-06-01 16:10:46,1,1_feminismo_feminista_patriarcado,5.765549,3.58498,9.576904,-3.7710695
1111,"Memoria, verdad y justicia para las pibas",Tercera marcha Ni Una Menos,,2017-06-05 09:10:06,1,1_feminismo_feminista_patriarcado,5.2167945,2.9178956,9.704724,-4.356839
1112,"Barras, policías y dirigentes: enemigos íntimos",Violencia en el fútbol,,2017-06-06 11:35:26,2,2_fifa_futbolista_fútbol,9.8838,6.1098847,5.8080816,11.40791
1113,Espectadores del lujo ajeno,Consumos culturales,,2017-06-07 09:26:03,14,14_mediático_periodístico_político,7.600672,4.191621,10.795672,2.13911
1114,El periodismo y el arte burgués,Piglia entrevista a Walsh,,2017-06-07 14:45:11,3,3_literario_escritora_autor,7.673274,2.470491,6.671166,-5.4141803
1115,La aventura intelectual de publicar un libro,Mercado editorial,,2017-06-08 14:52:47,3,3_literario_escritora_autor,7.7899814,4.814004,6.3679733,-5.601099
1116,La inspiración es un cuarto de hotel,Viajar y escribir,,2017-06-09 11:14:56,3,3_literario_escritora_autor,9.193104,2.8792794,6.644493,-4.627842
1117,Los nuevos futuros del periodismo,De Watergate a las fake news,,2017-06-12 12:43:00,14,14_mediático_periodístico_político,7.56834,5.2423425,12.725653,1.3811258
1118,La sentencia de la ira,Derechos Humanos y el 2x1,Derechos Humanos; Lesa Humanidad,2017-06-13 12:13:01,23,23_justicia_judicial_juzgado,9.929317,5.2122874,11.218096,4.27857
1119,"Por lesbiana, pobre y masculina",Justicia para Higui,Higui; LGBTIQ+,2017-06-13 16:26:57,1,1_feminismo_feminista_patriarcado,5.787494,3.6493127,8.507854,-3.9717712
1120,La bruja del post boom,Honoris Causa a Luisa Valenzuela,,2017-06-14 10:54:55,3,3_literario_escritora_autor,7.173792,2.500582,7.4067135,-4.9841447
1121,"Doctora, mi hijo se tajea",Adolescencia y autolesiones,,2017-06-15 09:58:07,11,11_asesino_testimonio_testigo,6.294969,5.313235,7.6191835,-2.4653616
1122,Tras el camino de mi padre,Paternidad contemporánea,,2017-06-16 09:32:58,11,11_asesino_testimonio_testigo,8.571759,2.294682,7.021346,-2.8256423
1123,Soy leyenda,"Luis Zamora, trotskismo y autodeterminación",,2017-06-19 11:14:50,0,0_político_política_electoral,11.539581,5.0415654,7.4305077,5.2183466
1124,"Ustedes, ellos y yo",Cristina en campaña,,2017-06-21 11:58:54,0,0_político_política_electoral,11.221786,5.3621907,7.485169,4.7347074
1125,El tercio de los sueños,Cristina en campaña,,2017-06-21 15:02:07,0,0_político_política_electoral,11.581191,5.8978844,7.573218,5.618683
1126,"Sin renovación, no hay nada",Partidos e identidades políticas,,2017-06-22 11:22:45,0,0_político_política_electoral,10.461487,5.7352242,7.7756166,5.596423
1127,El porno sigue dividiendo a las feministas,Feminismo y pornografía,,2017-06-23 11:43:13,3,3_literario_escritora_autor,5.779291,3.7654603,7.389056,-5.011914
1128,Ganar por el voto joven,La edad y el comportamiento electoral,,2017-06-26 12:21:49,0,0_político_política_electoral,11.146357,5.866051,8.081609,4.6762714
1129,Las listas y la muerte de la certeza,Camino a las PASO,,2017-06-27 09:14:35,0,0_político_política_electoral,11.415269,5.704287,7.5451174,5.7240653
1130,La consagración de la patria,Imágenes de los centenarios latinoamericanos,,2017-06-28 10:51:44,16,16_brasil_brasilero_brasilia,8.499393,5.500309,12.3362875,-1.8644449
1131,Entre Sábato y Startrek,La lectura en la adolescencia,,2017-06-28 12:26:29,5,5_pedagógico_enseñanza_escolar,5.9752827,5.4860697,6.5417714,-5.115492
1132,¿En qué país dio resultado el ajuste laboral?,Desempleo y derechos,,2017-06-29 13:12:06,15,15_sindicalismo_reforma_político,9.496775,7.539031,6.5532775,1.3752145
1133,La cura no es cuestión de fe,La medicina tradicional y la homeopatía,,2017-06-30 10:23:49,39,39_morir_muerte_moribundo,6.98183,7.085273,9.231094,-0.98121774
1134,Narrativas de Género: la intimidad es periodística,Talleres Anfibia 2017,,2017-06-30 12:26:44,1,1_feminismo_feminista_patriarcado,5.207836,3.061871,9.247923,-4.2613482
1135,Elogio de la pantufla,Universo público y mundo privado,,2017-07-03 09:41:28,41,41_pobreza_inmobiliario_habitante,6.8805556,3.6920657,7.0762,-1.5244838
1136,Códigos de la calle,"Protestar, negociar, reprimir",,2017-07-04 10:10:53,15,15_sindicalismo_reforma_político,10.993464,6.261327,8.346687,3.1763964
1137,Seminario de Periodismo Cultural: Escribir sobre arte y literatura,Talleres anfibia 2017,,2017-07-04 17:23:43,19,19_periodista_periodístico_periódico,7.60868,4.3529506,12.771188,0.77478456
1138,"No son mulas, son víctimas de trata",Mujeres descartables,,2017-07-05 10:44:31,1,1_feminismo_feminista_patriarcado,8.550576,3.721096,9.543211,-4.13301
1139,"""Si no resistimos, morimos""",La detención del mapuche Facundo Jones Huala,,2017-07-06 12:09:25,18,18_chileno_chile_político,10.931115,4.5591955,5.6026025,-1.5591307
1140,Un cartelito de cinco renglones,PepsiCo y los despidos,,2017-07-07 11:20:57,15,15_sindicalismo_reforma_político,9.603553,7.0595374,6.49012,1.2850033
1141,Quiero tus lágrimas,El nuevo libro de María Moreno,,2017-07-07 15:07:43,1,1_feminismo_feminista_patriarcado,7.829775,2.1928854,9.86492,-3.2261684
1142,Que tu viejo rompa el silencio,Hijos de desaparecidos y de represores,24M: Día de la memoria por la verdad y la justicia; Derechos Humanos; Hijos de represores,2017-07-10 09:49:30,11,11_asesino_testimonio_testigo,8.476457,3.966208,7.5149517,-2.674339
1143,Alta tensión en el paraíso,Daño ambiental en Chile,,2017-07-11 10:42:05,20,20_ríos_río_arroyo,9.410046,3.3014061,5.371489,-1.2995927
1144,No seré feliz pero tengo marido,"Mandatos, goce y feminismo",,2017-07-12 11:35:01,1,1_feminismo_feminista_patriarcado,6.5557637,2.6471772,9.637935,-3.6633313
1145,Del #NiUnaMenos a Malvinas,Las fotografías de ARGRA sobre el 2016,#NiUnaMenos,2017-07-13 11:58:10,33,33_submarino_marino_naufragio,8.171895,3.5607681,3.8183286,0.4196453
1146,"Los viernes, Forn",Vida de escritores,,2017-07-14 09:35:22,3,3_literario_escritora_autor,7.9534883,2.1707637,6.7601686,-5.0748277
1147,"El despertar personal, el cambio colectivo",Bhaskar y las nuevas espiritualidades,,2017-07-17 11:05:22,13,13_papal_catolicismo_arzobispo,9.801708,4.037059,-1.5890284,7.4525537
1148,Dejen llegar a las mujeres,Crítica al fallo que proscribe una lista sólo femenina,,2017-07-17 13:13:36,1,1_feminismo_feminista_patriarcado,4.786863,2.9280422,9.956958,-4.624656
1149,"Copi, Evita y el alma herida del peronismo","""Eva Perón"", 47 años después",,2017-07-18 11:28:27,24,24_arte_artes_art,8.274846,2.3782704,12.229084,-2.1870892
1150,"Manicomios, decálogo de la denigración",Mujeres encerradas,Salud mental,2017-07-19 08:24:54,1,1_feminismo_feminista_patriarcado,9.061772,5.1241536,9.346035,-2.9907749
1151,El machismo de izquierda,Política y patriarcado,,2017-07-20 10:03:01,1,1_feminismo_feminista_patriarcado,5.4712505,3.1369302,9.861035,-4.4990673
1152,Jaque a la guerra contra las drogas,Políticas públicas y narcotráfico,,2017-07-21 10:00:48,21,21_soviética_soviético_vladimir,9.803734,5.7181706,7.077368,3.2219114
1153,Discípulas de Walsh,Periodismo y feminismo,Rodolfo Walsh,2017-07-24 11:28:34,19,19_periodista_periodístico_periódico,7.909777,4.324326,12.768597,0.84286666
1154,Con medicar a los polaquitos no alcanza,Infancia y políticas públicas,,2017-07-25 09:18:47,15,15_sindicalismo_reforma_político,8.985553,6.8526883,7.0331154,0.39466947
1155,El canciller del pueblo,Despedida a Marco Aurelio García,,2017-07-25 15:49:58,16,16_brasil_brasilero_brasilia,10.043425,4.147398,7.063688,8.173319
1156,Noticias fusión,Consumo de noticias y cultura digital,,2017-07-26 11:12:04,14,14_mediático_periodístico_político,7.474271,5.225805,10.730754,2.4583423
1157,Apalear al populismo,Conflictividad social,,2017-07-26 12:28:37,15,15_sindicalismo_reforma_político,10.633502,5.345351,6.5780854,1.2793596
1158,Tomar hasta caer,Adolescentes y alcohol,,2017-07-27 13:14:36,5,5_pedagógico_enseñanza_escolar,6.3512793,5.473806,3.946293,-3.4209454
1159,"¿Usted también, doctor?",Los jueces cómplices de la dictadura,24M: Día de la memoria por la verdad y la justicia; Derechos Humanos; Poder Judicial; Terrorismo de Estado,2017-07-28 12:22:55,23,23_justicia_judicial_juzgado,9.929055,5.167036,11.299965,4.2680764
1160,El maestro quemado,"Docentes, aula y alienación",,2017-07-31 10:50:16,5,5_pedagógico_enseñanza_escolar,5.8276052,5.4847784,3.6322672,-3.3778095
1161,Educando al candidato,Esteban Bullrich y el aborto,,2017-08-01 11:10:11,7,7_aborto_abortar_anticonceptivo,4.2856913,3.6798208,10.091652,-6.3278804
1162,Envases del patriarcado,"El aborto legal, deuda de la democracia",,2017-08-01 13:41:38,7,7_aborto_abortar_anticonceptivo,4.338976,3.7063353,10.177315,-6.449943
1163,Hermano vota a hermano,La influencia evangelista en la política de Brasil,,2017-08-02 08:51:28,13,13_papal_catolicismo_arzobispo,12.146119,4.1738014,-1.6405749,7.491613
1164,Las luchas por la legitimidad de la palabra,"¿Víctimas, familiares o ciudadanos?",24M: Día de la memoria por la verdad y la justicia; Derechos Humanos; Memoria,2017-08-03 12:07:42,0,0_político_política_electoral,9.33209,3.8326244,9.366122,4.0577025
1165,La vergüenza,Bullying,,2017-08-03 20:12:11,5,5_pedagógico_enseñanza_escolar,6.390569,5.0945954,3.3943713,-2.9504766
1166,El desconcierto,Suicidio adolescente,,2017-08-04 13:44:37,5,5_pedagógico_enseñanza_escolar,6.0073586,5.4286532,4.014536,-3.3906214
1167,La piratería o el boicot,Fin de Fútbol para Todos,,2017-08-07 11:58:49,2,2_fifa_futbolista_fútbol,10.904688,2.3276663,5.875336,11.680217
1168,Molestar al poder: los nuevos desafíos del periodismo en América Latina,Seminario intensivo,,2017-08-07 15:52:40,19,19_periodista_periodístico_periódico,10.745443,3.8907986,9.52626,3.7822776
1169,El show del yo,Anfibia Podcast - Todo es fake,,2017-08-08 10:54:34,14,14_mediático_periodístico_político,7.315292,5.183668,10.761895,1.8626852
1170,Dice mi padre que llegará,Duelo y figura paterna,,2017-08-08 14:13:00,42,42_padre_papá_hijo,9.615461,3.9368773,6.700251,-3.1687756
1171,El nuevo enemigo público,La criminalización de los mapuche,,2017-08-09 13:04:24,18,18_chileno_chile_político,9.378952,5.383621,3.841612,3.785277
1172,¿Qué votamos cuando votamos?,Anfibia Podcast – Batalla Cultural,,2017-08-10 10:07:45,37,37_astrónomo_ciencia_universo,11.677559,5.82241,9.973876,1.1998066
1173,Clase media y lengua popular,Juan Grabois,Perfil político,2017-08-10 14:00:00,13,13_papal_catolicismo_arzobispo,11.811815,2.6102698,8.461168,3.3890665
1174,Los desaparecidos de Mosul,Anfibia en Irak,,2017-08-11 10:01:04,11,11_asesino_testimonio_testigo,9.257539,5.3189187,7.421718,-2.5675135
1175,La ideología del partido,Elecciones 2017,,2017-08-14 13:30:32,0,0_político_política_electoral,11.530115,6.424578,7.298754,5.657328
1176,Un tercio con poder,Elecciones 2017,,2017-08-14 19:46:46,0,0_político_política_electoral,11.676321,6.482324,7.5865664,5.3241153
1177,¿Qué dijeron las urnas?,Anfibia Podcast - Batalla Cultural,,2017-08-15 12:01:21,0,0_político_política_electoral,11.243843,5.542712,8.406075,4.7365623
1178,"La Matanza, sin lugar para arrepentidos",Elecciones 2017,Elecciones,2017-08-15 14:18:36,0,0_político_política_electoral,11.867895,6.036466,8.137314,4.8655763
1179,Tengo miedo de que me hackeen,Anfibia Podcast - Todo es Fake,,2017-08-17 09:55:44,31,31_digital_internet_tecnología,7.326258,5.8143044,10.787133,1.7282038
1180,"Cordobesismo, el regreso",Elecciones 2017,Cordobesismo,2017-08-17 18:39:45,0,0_político_política_electoral,11.753163,5.3086824,7.4948297,5.139839
1181,De la indiferencia al miedo,Atentado en Barcelona,,2017-08-18 12:22:51,36,36_holocausto_terrorista_siria,9.932297,3.9509077,12.6326,6.343414
1182,Bordar el genocidio mapuche,"Arte, vida y masacres",,2017-08-22 09:59:10,20,20_ríos_río_arroyo,9.085868,3.942088,12.145973,-2.657092
1183,Que voten los trolls,Anfibia Podcast - Todo es Fake,,2017-08-22 14:22:04,14,14_mediático_periodístico_político,7.461628,5.0917115,10.4066,2.5173702
1184,Arte queer: en los límites de la percepción,Géneros y cultura,LGBTIQ+; Orgullo,2017-08-23 10:21:06,24,24_arte_artes_art,6.0468144,3.8401887,12.840502,-2.2618175
1185,Lujos y caprichos de un dictador,Mónica González en Anfibia,,2017-08-23 12:36:07,32,32_catástrofe_desastre_tragedia,9.99708,3.6535003,6.498657,-1.2854062
1186,¿De qué trabaja Durán Barba?,Anfibia Podcast - Batalla Cultural,,2017-08-24 10:08:02,0,0_político_política_electoral,11.7227,5.254484,9.755428,3.1329935
1187,Un voto para controlar al presidente,Elecciones de medio término,,2017-08-24 15:21:54,10,10_boliviano_bolivia_político,11.438183,5.6598873,7.2726145,5.181957
1188,"Fuera, indio",La desaparición de Santiago Maldonado,,2017-08-25 12:53:50,20,20_ríos_río_arroyo,9.57723,3.7323987,6.4788923,-2.2851286
1189,Simpatía por la desigualdad,Debate por la equidad,,2017-08-28 09:53:27,28,28_futuro_pandemia_crisis,9.257704,7.5830045,8.554802,3.1916273
1190,Una voz imposible de callar: ¿Dónde está Santiago Maldonado?,La comunidad #Maldonado,,2017-08-28 13:55:25,31,31_digital_internet_tecnología,8.593403,4.4791713,10.612107,2.3096166
1191,El verso del indio trucho,Los medios contra los indígenas,,2017-08-29 12:44:06,20,20_ríos_río_arroyo,5.9919143,5.4699216,4.967476,-1.0097332
1192,¿Hay gobierno sin relato?,Anfibia Podcast - Batalla cultural,,2017-08-30 08:40:54,31,31_digital_internet_tecnología,8.179467,5.790084,9.5545225,2.876568
1193,"Con la Biblia, con la pluma y la palabra",Educación religiosa,,2017-08-30 13:26:43,5,5_pedagógico_enseñanza_escolar,5.887961,5.560098,3.8490076,-3.3963852
1194,Milanesas con hashtag,Anfibia Podcast - Todo es fake,,2017-08-31 10:36:21,24,24_arte_artes_art,7.312503,4.041369,13.09208,-1.8542708
1195,"Profe, tengo una pregunta",¿Dónde está Santiago Maldonado?,,2017-09-01 11:04:30,5,5_pedagógico_enseñanza_escolar,5.962492,5.3455377,3.6462622,-3.2189527
1196,"Negacionistas del pasado, responsables del presente",La desaparición de Santiago Maldonado,,2017-09-01 13:37:22,0,0_político_política_electoral,9.276939,5.1920037,9.355407,4.0497794
1197,Vivir en las redes,Cultura digital,,2017-09-04 12:17:33,31,31_digital_internet_tecnología,7.2573905,5.498326,10.864066,2.0067556
1198,Mandá a la Gendarmería,El caso Santiago Maldonado,,2017-09-05 12:49:39,10,10_boliviano_bolivia_político,10.613519,6.563891,7.1932735,4.3796005
1199,El lenguaje privado del autismo,Niñez y diagnósticos,,2017-09-06 08:52:41,11,11_asesino_testimonio_testigo,5.947057,4.494382,7.801512,-2.4362822
1200,La fórmula de la serie perfecta,Anfibia Podcast - Todo es fake,,2017-09-06 12:44:53,29,29_ficción_protagonista_personaje,7.4661465,5.0764513,10.940331,1.9271059
1201,El lado budista de la Fuerza,Star Wars en clave espiritual,,2017-09-07 10:13:12,3,3_literario_escritora_autor,7.859938,3.7324727,6.65085,-4.915044
1202,"Mostrarse, la nueva intimidad",Cultura digital,,2017-09-08 11:57:10,31,31_digital_internet_tecnología,7.425212,5.8879633,10.299332,1.2910423
1203,¿Qué piden los trabajadores?,Anfibia Podcast - Batalla Cultural,,2017-09-08 13:02:40,15,15_sindicalismo_reforma_político,9.753424,7.2224627,8.494988,3.3633068
1204,Gente que sí,,,2017-09-08 16:25:59,42,42_padre_papá_hijo,7.515277,4.6354804,6.479822,-3.3342128
1205,La mujer que nos hizo feministas,La muerte de Kate Millett,,2017-09-09 10:51:31,1,1_feminismo_feminista_patriarcado,5.4038234,3.193351,9.947859,-4.12378
1206,La vida por los colores,Fútbol y Derechos Humanos,,2017-09-11 11:50:54,2,2_fifa_futbolista_fútbol,8.690982,3.7860386,5.94766,11.269989
1207,No somos un país de mierda,Datos contra el sentido común,,2017-09-12 11:04:19,4,4_déficit_deuda_endeudamiento,9.072394,7.640914,7.48839,2.9141788
1208,¿Qué hacer con el microfascismo?,La desaparición de Santiago Maldonado,,2017-09-13 08:57:22,0,0_político_política_electoral,10.557266,5.2835364,9.223901,3.1720183
1209,"El Herald, cierre y escarmiento","Medios, propiedad y agendas",,2017-09-14 08:49:16,19,19_periodista_periodístico_periódico,8.804482,3.151913,12.902818,1.3039637
1210,¿Se puede construir un candidato?,Anfibia Podcast - Batalla Cultural,,2017-09-15 11:18:59,14,14_mediático_periodístico_político,12.010323,6.5336056,10.224698,2.6679583
1211,¿Un nuevo escenario político? Jornada 1,#DebatesUdeSA,,2017-09-16 13:00:14,0,0_político_política_electoral,12.74036,6.9063234,7.3770432,5.671748
1212,"Smartphone, el aire que respiro",Cultura digital,,2017-09-18 11:31:24,31,31_digital_internet_tecnología,7.2683315,5.7410707,10.933562,1.8023489
1213,Los pibes se plantan,Escuelas tomadas,,2017-09-19 12:36:37,5,5_pedagógico_enseñanza_escolar,6.0308385,5.7503986,3.9620533,-3.260984
1214,"México, esa tragedia permanente",Terremoto y destrucción,,2017-09-20 11:24:58,32,32_catástrofe_desastre_tragedia,9.15994,4.7990866,6.2479634,-1.1578321
1215,Un día menos para el nuevo sismo,Terremotos,,2017-09-20 14:22:34,32,32_catástrofe_desastre_tragedia,9.202042,4.9696093,6.1409025,-1.1238472
1216,El like cerebral,Anfibia Podcast - Todo es fake,,2017-09-21 10:00:09,31,31_digital_internet_tecnología,7.3445935,5.3669314,10.681589,2.194977
1217,El zapping de los huérfanos,Navarro y el mapa de medios,,2017-09-21 12:44:40,14,14_mediático_periodístico_político,8.400403,4.4864483,10.00869,3.0972977
1218,La nueva guerra por la Patagonia,La obra de Cristian Aliaga en el Cervantes,,2017-09-22 09:10:55,20,20_ríos_río_arroyo,8.864175,2.6029382,4.934783,-0.8875691
1219,¿Un nuevo escenario político? Jornada 2,#DebastesUdeSA,,2017-09-22 20:04:44,0,0_político_política_electoral,12.757489,6.909892,8.030639,5.0515146
1220,Las autoridades no están,Falta de ayuda estatal en México,,2017-09-25 09:14:20,32,32_catástrofe_desastre_tragedia,9.068323,5.780013,6.231338,-0.9827293
1221,Un arquitecto japonés en un basural del conurbano,Taku Sakaushi trabaja en Buenos Aires,,2017-09-26 11:07:09,24,24_arte_artes_art,8.779691,5.6997576,12.472616,-2.0220942
1222,Tierras indígenas: la deuda interna,Reclamo histórico al Estado argentino,,2017-09-27 12:03:18,20,20_ríos_río_arroyo,9.975335,5.803735,4.922974,-1.0029633
1223,Entrenar algoritmos para el bien,Anfibia Podcast - Todo es Fake,,2017-09-27 15:23:53,14,14_mediático_periodístico_político,7.0938025,6.3568773,10.79325,1.891746
1224,"Con armas, no","Una mapuche, los policías y una foto",,2017-09-27 18:36:52,20,20_ríos_río_arroyo,9.304679,3.4702115,5.1831274,-1.2954204
1225,La Patagonia y la eterna conspiración,El conflicto mapuche,,2017-09-28 11:13:14,21,21_soviética_soviético_vladimir,9.270809,5.830372,7.436072,3.1005998
1226,¿La política es cada día más emocional?,Anfibia Podcast – Batalla Cultural,,2017-09-28 14:14:29,0,0_político_política_electoral,10.701341,6.0710382,9.556879,2.9906986
1227,¿Por qué Batman no mata al Guasón?,Filosofía y cultura pop,,2017-09-29 11:17:57,29,29_ficción_protagonista_personaje,8.402017,4.3843136,7.949039,-2.1663911
1228,¿Un nuevo escenario político? Jornada 3,#DebatesUdeSA,,2017-09-29 18:44:30,0,0_político_política_electoral,12.750878,6.9070344,7.815746,5.0870833
1229,Sin lugar para la muerte,El duelo contemporáneo,,2017-10-02 14:22:33,39,39_morir_muerte_moribundo,7.002199,6.830072,9.233531,-1.2531736
1230,Faltan adultos para los hijos de la democracia,Escuelas tomadas y discursos públicos,,2017-10-03 12:36:45,5,5_pedagógico_enseñanza_escolar,5.9522896,5.456475,3.7497451,-3.0389748
1231,12 lecciones para el ensayista contemporáneo,Ciencia política y periodismo,,2017-10-03 14:57:50,37,37_astrónomo_ciencia_universo,7.871762,4.395083,12.361359,1.6414922
1232,"Censura retro, mutilación pop",La calificación a “Desearás al hombre de tu hermana”,,2017-10-04 09:35:55,1,1_feminismo_feminista_patriarcado,6.963119,3.0764267,9.963474,-3.6447825
1233,La fórmula Sampaoli,Argentina rumbo al Mundial 2018,,2017-10-05 10:11:23,2,2_fifa_futbolista_fútbol,10.09849,2.35719,5.61128,11.402519
1234,La armada norteamericana,El tiroteo en Las Vegas y el uso de armas en EE.UU.,,2017-10-06 09:56:13,21,21_soviética_soviético_vladimir,10.577823,7.1728334,4.287508,-2.9263024
1235,¿Un nuevo escenario político? Jornada 4,#DebatesUdeSA,,2017-10-06 22:07:06,0,0_político_política_electoral,12.744141,6.8934646,7.8296733,5.1387177
1236,¿Somos todos clase media?,Anfibia Podcast - Batalla Cultural,,2017-10-06 22:09:28,5,5_pedagógico_enseñanza_escolar,10.066469,5.7575245,3.9483798,-2.58828
1237,"No es vanidad, es poder",Operadores políticos,,2017-10-09 10:19:37,19,19_periodista_periodístico_periódico,11.266481,6.618604,9.7455435,3.6176853
1238,Buscándole sentido al fracaso,A 50 años de la muerte del Che,,2017-10-09 15:31:30,35,35_cubano_cubana_cuba,9.813441,3.540806,5.9840293,2.832018
1239,La vida después de la locura,Salud mental,Salud mental,2017-10-09 17:43:02,26,26_fotoperiodismo_retratar_retrato,9.098013,5.264169,6.6792655,-1.3394849
1240,El sexo virtual también es sexo,Anfibia Podcast - Todo es Fake,,2017-10-10 15:07:13,31,31_digital_internet_tecnología,5.966459,3.965141,10.813718,1.8266782
1241,"Acá estoy yo, para salvarlos","Messi, el redentor",,2017-10-11 09:13:10,2,2_fifa_futbolista_fútbol,10.736145,2.0798428,5.075485,11.551217
1242,"Adiós, querido Rey",Cataluña y el micronacionalismo,,2017-10-11 14:58:04,0,0_político_política_electoral,11.045087,5.062236,7.2321734,5.640365
1243,"Tamo activo, tamo en vivo",Comunicación política digital,,2017-10-12 10:20:45,14,14_mediático_periodístico_político,7.829878,5.0358114,10.605134,2.384132
1244,¿Qué hay de nuevo en el timbreo?,La campaña cara a cara,,2017-10-13 14:31:52,0,0_político_política_electoral,11.123352,6.5534096,7.364302,5.217514
1245,¿Cómo será la política del futuro?,Anfibia Podcast - Batalla Cultural,,2017-10-13 18:10:08,0,0_político_política_electoral,10.577666,6.575886,8.342032,5.030744
1246,"Mi mamá, una niña de la guerra",El vínculo madre-hija,,2017-10-13 23:55:34,11,11_asesino_testimonio_testigo,8.76978,3.6532934,7.2264595,-2.6729026
1247,El invierno no pudo con la revolución,Centenario de la revuelta bolchevique,,2017-10-16 10:00:22,21,21_soviética_soviético_vladimir,11.329988,7.517163,14.088877,4.1297865
1248,¿Un nuevo escenario político? Jornada 5,#DebatesUdeSA,,2017-10-17 20:17:09,0,0_político_política_electoral,12.723866,6.928802,7.7940345,5.371888
1249,"Escuchá, Santiago",Crónicas de Pendejo Loco,,2017-10-18 09:00:57,11,11_asesino_testimonio_testigo,9.117285,3.498857,7.072123,-2.9090428
1250,Ojalá,Caso Santiago Maldonado,,2017-10-18 12:32:35,39,39_morir_muerte_moribundo,7.079944,6.692747,9.289933,-1.6700534
1251,En el pantano,Caso Santiago Maldonado,,2017-10-18 14:35:03,39,39_morir_muerte_moribundo,9.095435,3.5256977,9.270884,-1.4584875
1252,"Si hay cuerpo, no hay posverdad",Caso Santiago Maldonado,,2017-10-18 15:51:18,10,10_boliviano_bolivia_político,9.620703,3.9197495,7.2005033,3.3206398
1253,"¿Qué suma más votos, el timbreo o la big data?",Anfibia Podcast - Batalla Cultural,,2017-10-19 17:10:20,31,31_digital_internet_tecnología,12.170702,6.6452155,9.9258375,2.892618
1254,Sean humanos,Caso Santiago Maldonado,,2017-10-19 17:11:06,23,23_justicia_judicial_juzgado,9.122605,4.352004,11.175798,4.161329
1255,A punto de explotar,Amenaza de bomba en las escuelas,,2017-10-20 11:09:18,5,5_pedagógico_enseñanza_escolar,5.9718156,5.6250534,3.6847928,-3.5406313
1256,La revolución en la era Putin,Centenario de la revuelta bolchevique,Internacional; Rusia,2017-10-20 12:45:42,21,21_soviética_soviético_vladimir,11.371732,7.5852723,14.152195,4.139064
1257,Un altar para Santiago,Caso Santiago Maldonado,,2017-10-21 10:40:32,39,39_morir_muerte_moribundo,9.240974,4.038933,8.159364,-3.0808074
1258,Por qué arrasó,Elecciones 2017,,2017-10-23 12:23:19,0,0_político_política_electoral,11.401325,6.2470603,7.8148904,5.2091155
1259,Hegemonía y hegemoína,Elecciones 2017,,2017-10-23 17:55:17,0,0_político_política_electoral,11.696869,6.32867,7.8182564,5.359972
1260,Crónicas en el Viejo Hotel Ostende,,,2017-10-24 09:20:17,3,3_literario_escritora_autor,7.8488226,4.8227715,12.5600605,0.3207125
1261,¿Cómo ser influencer?,Anfibia Podcast - Todo es Fake,,2017-10-24 10:53:29,31,31_digital_internet_tecnología,7.2342124,5.271049,10.794287,1.9697181
1262,La oposición imposible,Elecciones 2017,,2017-10-24 16:20:34,0,0_político_política_electoral,11.080865,5.2359905,7.7139406,5.7799673
1263,Del pánico a la revancha,Managers en el gobierno,,2017-10-25 11:45:53,0,0_político_política_electoral,10.386656,5.6710973,8.174377,4.656976
1264,Cuando estalló la forma de amar,Amor y anarquismo,,2017-10-25 18:56:34,1,1_feminismo_feminista_patriarcado,5.6500382,3.433397,9.888289,-3.8836756
1265,Los brotes rojos,Elecciones 2017,,2017-10-26 12:20:36,0,0_político_política_electoral,11.251628,6.6457405,8.120124,4.6058607
1266,El lector emocional,Leyendo las Noticias sobre Trump,,2017-10-26 14:57:53,14,14_mediático_periodístico_político,12.158835,7.1379585,10.5056505,2.6334069
1267,03-11-19,La escena política argentina,,2017-10-27 09:38:54,0,0_político_política_electoral,10.8412485,5.65176,7.7736087,5.4885163
1268,¿Cómo leer el nuevo mapa político?,Anfibia Podcast – Batalla Cultural,,2017-10-27 13:24:27,0,0_político_política_electoral,11.600236,5.8702807,9.89477,3.3740315
1269,La causa de mi vida,Caso Santiago Maldonado,,2017-10-30 11:26:34,25,25_violencia_feminismo_feminista,9.190535,4.328922,9.423861,3.971771
1270,Ocho preguntas al 42%,Nuevo escenario político,,2017-10-30 14:59:32,0,0_político_política_electoral,11.836495,6.224028,8.00222,5.1932282
1271,La renuncia,La salida de Gils Carbó de la Procuración General,,2017-10-31 11:03:05,23,23_justicia_judicial_juzgado,11.086335,5.945495,10.491403,4.3194704
1272,La patria es el otro,Las elecciones y Carrió,,2017-10-31 15:30:02,0,0_político_política_electoral,11.383649,5.6217732,7.390095,5.1465225
1273,Un rato a solas con Google,El poder de los datos masivos,,2017-11-01 10:49:11,17,17_innovación_tecnológico_tecno,7.197813,5.6761727,10.021816,1.495465
1274,Lestido en el fin del mundo,La Antártida negra,,2017-11-02 12:47:26,33,33_submarino_marino_naufragio,8.170212,3.107021,3.8042264,0.35694286
1275,Todo es trucho,Podcast Anfibia - Todo es Fake,,2017-11-02 14:54:42,31,31_digital_internet_tecnología,7.179471,5.513027,10.237794,1.3982985
1276,Debatir la corrupción en serio,El capital y los dineros públicos,,2017-11-03 11:20:27,0,0_político_política_electoral,9.997681,6.520326,7.8899684,4.8872766
1277,El gif del Chango Cárdenas,Goles y TV,,2017-11-03 15:09:11,2,2_fifa_futbolista_fútbol,10.587471,2.1490574,5.2159324,11.378335
1278,“Lechuga not dead”,La vida de Santiago Maldonado,,2017-11-06 09:34:15,41,41_pobreza_inmobiliario_habitante,9.845741,3.0212789,6.8572326,-1.3796029
1279,"Te amo, te odio, dame más",Cultura digital,,2017-11-07 10:45:20,31,31_digital_internet_tecnología,7.225516,5.7231965,10.830367,1.7986348
1280,"Qué tragedia la revolución, qué feliz la vida soviética",Centenario de la revuelta bolchevique,Internacional; Rusia,2017-11-08 08:37:12,21,21_soviética_soviético_vladimir,11.390926,7.5716615,14.128081,4.149261
1281,Gente que sí: Myriam Bregman,Anfibia Podcast,,2017-11-08 15:48:41,31,31_digital_internet_tecnología,7.398628,4.9512587,10.650477,1.8218207
1282,"Heker, la sabia de la tribu",Vida de escritores,,2017-11-09 10:00:15,3,3_literario_escritora_autor,7.9773293,2.0874462,7.139379,-5.0714846
1283,"La guerra del billete, el Plan Conejo y otras batallas",La victoria del chavismo en Venezuela,,2017-11-09 13:57:47,10,10_boliviano_bolivia_político,10.905091,5.882547,7.3829865,4.279687
1284,Barthes y los mediáticos,Ensayo del semiólogo francés,,2017-11-10 10:45:21,14,14_mediático_periodístico_político,7.325939,4.085128,10.397496,2.254178
1285,"Periodistas, medios y filtraciones",La cobertura de los Panama Papers,Panama Papers,2017-11-13 10:15:52,19,19_periodista_periodístico_periódico,8.215362,4.780276,12.873993,1.3488384
1286,Multas por acoso verbal: no sirve,Reforma del Código Penal,,2017-11-14 10:56:44,25,25_violencia_feminismo_feminista,9.221503,5.9131556,8.3983555,-3.778797
1287,Cuerpo menstrual,"Menstruación, género y poder",,2017-11-15 10:55:19,1,1_feminismo_feminista_patriarcado,5.3209,3.6128132,9.871981,-3.5363727
1288,Nueva derecha y autoritarismo social,La polarización política,,2017-11-16 09:24:19,0,0_político_política_electoral,10.697407,6.2346134,7.844016,5.520672
1289,Gente que sí: Mariana Enríquez,Anfibia Podcast - Gente que sí,,2017-11-16 12:44:03,3,3_literario_escritora_autor,7.8588276,2.544253,10.37505,0.7225286
1290,Los visitantes volvieron al bar,"Fútbol, hinchas y televisión",,2017-11-17 10:02:22,2,2_fifa_futbolista_fútbol,10.879042,2.6690867,5.40732,11.226341
1291,Gauchitas,Escritoras,,2017-11-17 13:37:36,1,1_feminismo_feminista_patriarcado,7.1176853,2.58124,9.726714,-2.7052727
1292,Cuando todo comenzó,Narrativas sobre el cambio climático,,2017-11-22 11:58:19,12,12_economía_económico_futuro,8.319401,7.032165,9.281839,0.8712699
1293,Gente que sí: Juan Palomino,Anfibia Podcast - Gente que sí,,2017-11-22 15:55:08,14,14_mediático_periodístico_político,7.8593936,2.9218779,10.885376,1.3575032
1294,El silencio temible de un submarino,El Ara San Juan,,2017-11-23 12:46:58,33,33_submarino_marino_naufragio,9.259536,6.1455073,3.776539,0.38725787
1295,Los jefes pueden dormir tranquilos,La reforma laboral,,2017-11-23 16:40:33,15,15_sindicalismo_reforma_político,9.331769,7.4097886,6.881789,0.8629399
1296,Fifagate: Un thriller de Lanús a Qatar,El suicidio de Jorge Delhon,,2017-11-24 12:43:48,2,2_fifa_futbolista_fútbol,10.277975,2.4963124,5.2876744,11.0483885
1297,El patrullaje anónimo,Campañas de trolls y fakes,,2017-11-27 12:12:55,31,31_digital_internet_tecnología,8.339949,4.627131,10.577596,2.2759848
1298,"Ser pobre, joven y mapuche",El asesinato de Rafael Nahuel y la represión en la Patagonia,,2017-11-28 10:20:12,20,20_ríos_río_arroyo,9.0590925,5.4414787,5.11624,-1.2110937
1299,Guerra fría en el fondo del mar,La búsqueda del submarino ARA San Juan,,2017-11-28 16:08:58,33,33_submarino_marino_naufragio,9.321581,6.361531,3.7660878,0.40645024
1300,Conexión total,Internet de las Cosas,,2017-11-30 09:43:45,31,31_digital_internet_tecnología,7.052459,5.5326,10.168043,1.5038602
1301,"¿Alguien se anima a hacer un ""Test Tyson"" hoy?",Medios de comunicación y género,,2017-11-30 13:21:54,1,1_feminismo_feminista_patriarcado,6.617042,2.900569,9.158388,-4.2038174
1302,Anfibia en Basado en Hechos Reales,,,2017-11-30 16:43:11,42,42_padre_papá_hijo,8.08993,3.0164237,6.5351977,-3.2998562
1303,La hermana de Astiz escucha la sentencia,Juicios de Lesa Humanidad,,2017-11-30 17:12:54,23,23_justicia_judicial_juzgado,9.067585,4.32121,11.2818,3.7830875
1304,Los Albatros tiran con plomo,Crónicas de Pendejo Loco,,2017-12-01 14:46:06,10,10_boliviano_bolivia_político,9.553269,4.4960036,6.91806,4.5420437
1305,“NN Johana”,La desaparición de Johana Ramallo en La Plata,,2017-12-04 09:28:49,11,11_asesino_testimonio_testigo,8.785961,3.775172,7.4108906,-1.7011509
1306,Apología de la ternura,"El docente, el aula y el sistema",,2017-12-05 10:36:03,5,5_pedagógico_enseñanza_escolar,5.839615,5.651051,3.63431,-3.3846416
1307,Apagá tu teléfono,Cultura digital,,2017-12-06 10:54:12,31,31_digital_internet_tecnología,7.2419786,5.898362,10.67452,1.6757618
1308,Gente que sí: Charo Bogarín,Anfibia Podcast - Gente que sí,,2017-12-06 15:16:00,22,22_música_musical_músico,8.663809,1.8514394,14.517138,-3.6238294
1309,Vivir y morir en la ciudad del glifosato,Protesta en Entre Ríos,,2017-12-07 14:53:38,39,39_morir_muerte_moribundo,9.570755,3.5285754,7.8139896,-0.596797
1310,El algoritmo capitalista,Vida digital,,2017-12-11 09:50:34,31,31_digital_internet_tecnología,7.658185,6.6548276,9.854524,1.6269356
1311,La luz mala,"La electricidad, Edesur y el Estado",,2017-12-12 09:30:43,32,32_catástrofe_desastre_tragedia,9.159594,5.0761213,6.4227934,-1.0563939
1312,Sin evasión no hay paraíso,Paradise Papers y la reunión ministerial de la OMC,,2017-12-13 09:21:52,4,4_déficit_deuda_endeudamiento,9.314307,7.99728,10.322064,5.1464534
1313,Gente que sí: Erika Halvorsen,Anfibia Podcast - Gente que sí,,2017-12-13 16:00:33,3,3_literario_escritora_autor,7.515276,3.052129,10.806947,1.2643938
1314,"Director Técnico, el peor oficio del mundo",La vida breve de los entrenadores,,2017-12-13 16:08:35,2,2_fifa_futbolista_fútbol,10.673853,2.3603134,5.292648,11.504567
1315,Dark web: ¿un refugio o un supermercado de violencia?,Cultura digital,,2017-12-14 10:52:56,31,31_digital_internet_tecnología,7.2445707,5.759597,10.415873,1.5274947
1316,"""¿No les da vergüenza?""",Reforma previsional y represión,,2017-12-15 11:32:42,10,10_boliviano_bolivia_político,10.432866,6.0997458,8.5622835,4.2909136
1317,Todo triunfo se evapora en diciembre,Reforma Previsional y clima social,,2017-12-15 13:08:04,0,0_político_política_electoral,11.719806,6.364542,7.73485,5.271726
1318,"Es el gradualismo acelerado, abuela",Los números de la Reforma Previsional,,2017-12-18 11:09:44,4,4_déficit_deuda_endeudamiento,9.570119,7.9476876,10.016269,5.3720675
1319,¿Derrota?,"Jubilados, violencia y cacerolas",,2017-12-19 10:46:43,0,0_político_política_electoral,11.003796,6.379529,8.023613,4.442429
1320,La calle es de la multitud,¿Violencia inconducente o movilización democrática?,,2017-12-19 15:27:45,25,25_violencia_feminismo_feminista,10.87111,6.3699036,8.095016,-1.5484596
1321,Los peligros de la posmilitancia,El escenario después de la reforma previsional,,2017-12-20 16:04:13,0,0_político_política_electoral,11.521114,6.3751698,7.929274,5.2015567
1322,Criar contra la corriente,Educación y familia,,2017-12-22 12:19:31,5,5_pedagógico_enseñanza_escolar,5.483974,4.301223,4.6679325,-2.9287653
1323,Mentira la verdad,"Holan, entre el héroe y el vendehumo",,2017-12-26 10:34:05,2,2_fifa_futbolista_fútbol,10.590219,2.2354436,5.5657372,11.4278345
1324,"Sufrir, servir, gasear, cazar",La represión según las fuerzas policiales,,2017-12-28 01:12:55,6,6_asesinato_policía_policial,10.336281,6.4451957,7.1478133,4.496057
1325,¿Un nuevo escenario político? Jornada final,#DebatesUdeSA,,2017-12-29 16:56:44,0,0_político_política_electoral,12.700243,6.871259,7.3439116,5.588426
1326,Nieve mortal sobre Argentina,Cambiemos y lo que no cambió,,2017-12-31 12:55:19,10,10_boliviano_bolivia_político,9.823804,5.8227,7.8278966,4.3526607
1327,"“¿Qué es lo revolucionario de la revolución?""",El chavismo en Venezuela,Internacional; Venezuela,2018-01-02 15:06:56,10,10_boliviano_bolivia_político,11.168283,3.9823928,7.2013946,3.5775285
1328,"Benesdra, el más oculto de los escritores malditos",Vida de escritores,,2018-01-02 16:28:37,3,3_literario_escritora_autor,8.360441,2.216439,7.085258,-5.1673717
1329,El derecho (de todos) a la protesta,La tradición liberal de las marchas,,2018-01-03 10:33:16,0,0_político_política_electoral,11.005991,6.468184,7.7742305,4.613656
1330,Corea del Centro no existe,Control digital,,2018-01-04 12:39:12,31,31_digital_internet_tecnología,7.9499516,5.886059,10.651198,1.6562911
1331,Gente que sí: Dolores Fonzi,Anfibia Podcast - Gente que sí,,2018-01-04 14:42:04,28,28_futuro_pandemia_crisis,7.59355,3.0864305,10.455818,2.1886508
1332,Machowood,Los abusos y las pantallas,,2018-01-05 11:27:17,25,25_violencia_feminismo_feminista,7.547828,4.642489,9.123187,-4.1681256
1333,No te comas el verso,¿Sirven los alimentos fortificados?,,2018-01-09 09:13:24,12,12_economía_económico_futuro,8.065732,7.765406,8.400977,1.9366581
1334,El día que nacieron los Derechos Humanos,La matanza de Zong,,2018-01-10 10:42:18,33,33_submarino_marino_naufragio,10.488299,6.463686,9.598349,-2.779363
1335,"No es la tele, es su contenido",Pantallas y audiencias,,2018-01-10 14:47:12,14,14_mediático_periodístico_político,7.4814353,5.353907,10.735924,2.4631608
1336,¿Quién toma tus decisiones?,Cultura digital,,2018-01-11 12:20:25,31,31_digital_internet_tecnología,7.1833534,6.2232666,10.60745,1.6523144
1337,Mujeres de fuego,Clase magistral de periodismo,,2018-01-12 07:26:50,19,19_periodista_periodístico_periódico,8.06107,2.8829796,7.92182,-2.3881598
1338,Sexto sentido,Gustavo Santaolalla,,2018-01-12 08:13:54,22,22_música_musical_músico,9.243796,2.1317616,14.895188,-4.0568824
1339,"1, 2, ultravioleta!",#MeToo,,2018-01-15 12:12:46,1,1_feminismo_feminista_patriarcado,5.617876,3.0530312,10.443707,-3.5023453
1340,Gente que sí: Luis Ziembrowski,Anfibia Podcast - Gente que sí,,2018-01-15 13:57:52,14,14_mediático_periodístico_político,8.034644,3.2247996,10.8993225,1.412079
1341,PARAR LA MANO,Abuso sexual,,2018-01-16 12:02:10,1,1_feminismo_feminista_patriarcado,6.416176,4.3163233,9.705244,-4.231785
1342,Cuatro estrategias para un reclamo viral,Cultura digital,Rossana Reguillo,2018-01-16 14:56:12,31,31_digital_internet_tecnología,7.762338,5.6189103,10.373051,1.6965613
1343,El ídolo de los mundanos,"Ginóbili, apología del hombre común",,2018-01-17 09:52:23,2,2_fifa_futbolista_fútbol,10.366461,2.3022106,5.716815,11.37815
1344,Elogio del escepticismo,Consumo de noticias,,2018-01-18 10:38:42,14,14_mediático_periodístico_político,7.6354012,5.253337,10.7394285,2.4757178
1345,Menos papistas que el papa,Francisco y la grieta,Catolicismo; Papa Francisco; Religion,2018-01-18 16:04:58,13,13_papal_catolicismo_arzobispo,11.974864,2.6047208,-1.6314179,7.451677
1346,Doce datos para entender a Trump,Primer año del republicano en la Casa Blanca,,2018-01-19 11:33:26,21,21_soviética_soviético_vladimir,12.002723,7.0258055,6.8784456,3.0345535
1347,Cuando la falla se vuelve gloria,Policías en acción,,2018-01-22 12:01:52,39,39_morir_muerte_moribundo,9.377225,5.5990562,9.215413,-1.2424403
1348,"""Que tengan buen viaje""",Dictadura y exilio,24M: Día de la memoria por la verdad y la justicia; Derechos Humanos; Exilio; Memoria,2018-01-23 10:57:14,42,42_padre_papá_hijo,10.535766,4.0899553,6.95581,-2.9520996
1349,El carnaval hecho ceniza,La joven derecha brasileña,,2018-01-23 14:30:44,16,16_brasil_brasilero_brasilia,12.06593,4.05926,7.0619197,8.168257
1350,Sandrita,El caso Triaca y la lógica Cambiemos,Sindicalismo; Trabajo,2018-01-24 14:27:00,15,15_sindicalismo_reforma_político,9.466162,7.065006,6.4080434,1.4417149
1351,Donde mueren los ciervos,Naturaleza intervenida,,2018-01-26 13:25:39,20,20_ríos_río_arroyo,8.395336,6.5505114,4.9338307,-1.1611024
1352,Campañeros,La dura extracción del guano en Perú,,2018-01-30 14:41:35,15,15_sindicalismo_reforma_político,8.650296,6.828145,6.760193,1.498518
1353,La nueva clase cultural,Arte y gentrificación,,2018-01-31 09:53:53,24,24_arte_artes_art,8.166847,5.6957064,12.948999,-2.1520545
1354,Gente que sí: Martín Sivak,Anfibia Podcast - Gente que sí,,2018-01-31 10:55:02,19,19_periodista_periodístico_periódico,8.423063,3.156142,12.683916,1.483769
1355,Se ahogó y punto,Santiago Maldonado,,2018-02-01 13:20:24,19,19_periodista_periodístico_periódico,9.303258,4.1464114,9.5889225,3.8645904
1356,El rating es feminista,Intrusas en la tele,,2018-02-02 10:59:05,1,1_feminismo_feminista_patriarcado,5.890353,3.2713904,9.999734,-4.5037723
1357,Talleres y Seminarios Anfibia 2018,,,2018-02-02 15:03:32,31,31_digital_internet_tecnología,7.689491,4.1504464,10.96684,1.5652127
1358,¿Cuántos grupos de WhatsApp tenés?,Cultura digital,,2018-02-05 09:45:18,11,11_asesino_testimonio_testigo,6.8520527,5.123162,9.663705,0.59645814
1359,Con el corazón en La Boca,Los desalojados de Sancheti,,2018-02-06 10:38:25,32,32_catástrofe_desastre_tragedia,9.032113,6.1760406,6.432657,-0.9878102
1360,"Ganar o perder, paradojas del aborto",En el Congreso,,2018-02-07 09:23:59,7,7_aborto_abortar_anticonceptivo,4.172048,3.638839,10.071636,-6.7005954
1361,La policía también va al muere,Caso Chocobar,,2018-02-07 19:05:01,6,6_asesinato_policía_policial,9.517233,5.621016,7.743776,-1.3660625
1362,Vamos todas a abortar,#Misoprostol,,2018-02-08 16:49:14,7,7_aborto_abortar_anticonceptivo,4.3324695,3.7332535,10.1381445,-6.832241
1363,Ningún fuego se prende solo,Incendios en La Pampa,,2018-02-09 09:57:03,32,32_catástrofe_desastre_tragedia,9.197103,5.397657,6.0439186,-1.1287346
1364,Ni Roma ni justicia,Masacre de Magdalena,,2018-02-09 16:01:06,23,23_justicia_judicial_juzgado,9.014627,4.2413635,8.242776,-3.2998297
1365,Tu ídolo es un femicida,El boxeador Carlos Monzón,#NiUnaMenos,2018-02-14 08:35:55,1,1_feminismo_feminista_patriarcado,8.891112,4.665884,9.251752,-3.9194648
1366,Las pantallas salvajes,Black Mirror y la cultura digital,,2018-02-15 08:43:38,31,31_digital_internet_tecnología,7.206452,5.8952384,10.363534,1.5519673
1367,El samurai del hip hop,El rapero colombiano,,2018-02-15 09:36:48,41,41_pobreza_inmobiliario_habitante,9.071968,2.333729,6.9655952,-1.4301395
1368,El hada de las putas,Georgina Orellano,,2018-02-16 09:56:22,1,1_feminismo_feminista_patriarcado,5.5643888,2.872229,10.407033,-4.213916
1369,Una presidenta indígena,Elecciones en México,,2018-02-19 09:59:31,10,10_boliviano_bolivia_político,11.485926,4.601185,7.8949494,4.036439
1370,Evita no usa pañuelo,Aborto,,2018-02-19 16:34:48,7,7_aborto_abortar_anticonceptivo,4.267886,3.693972,10.091687,-6.6116924
1371,Lo que el genocidio quiso borrar,Juicios de Lesa Humanidad,,2018-02-20 09:37:31,25,25_violencia_feminismo_feminista,9.059921,4.885146,8.325578,-3.7614975
1372,¿Adónde va Moyano?,"Hugo, Pablo y un nuevo ""nosotros""",,2018-02-21 09:55:17,15,15_sindicalismo_reforma_político,10.854677,5.325143,8.410479,4.0994587
1373,Un “nosotros” resistente e inestable,Más allá de Moyano,,2018-02-22 10:51:09,15,15_sindicalismo_reforma_político,11.265748,6.290879,8.469063,4.0516562
1374,Unidas triunfaremos,Del trabajo a la calle,,2018-02-23 10:34:52,1,1_feminismo_feminista_patriarcado,4.997818,2.7829463,10.331112,-4.3578763
1375,Judith Butler fue a la marcha,"El #21F, los cuerpos y las precariedades",,2018-02-23 14:32:44,0,0_político_política_electoral,11.076204,6.2671,8.595318,3.5925217
1376,Punto Querandí,Identidades y topadoras,,2018-02-26 09:57:47,20,20_ríos_río_arroyo,8.734481,6.2646484,4.9505067,-1.2284418
1377,El bebito hace lobby en el Congreso,El debate por el aborto,,2018-02-26 15:23:46,7,7_aborto_abortar_anticonceptivo,4.138375,3.6059146,10.077117,-6.886296
1378,¿A qué van los cubanos al Malecón?,Crónicas habaneras,,2018-02-27 10:13:42,35,35_cubano_cubana_cuba,10.605324,3.6611936,5.654936,2.914507
1379,El aborto es radical,El debate en el Congreso,,2018-02-28 09:40:34,7,7_aborto_abortar_anticonceptivo,4.145816,3.5249972,10.060272,-6.8705673
1380,Entrelazadas para buscar a las pibas,Femicidio en Junín,,2018-02-28 16:09:37,1,1_feminismo_feminista_patriarcado,8.23567,4.052067,9.212868,-3.8569274
1381,Calaveras y diablitos,"Coco, la muerte y el Oscar",,2018-03-01 08:56:20,22,22_música_musical_músico,7.5058184,3.7788122,14.4079895,-3.8910048
1382,La juventud feminista,Asambleas 8M,8M: Paro internacional y plurinacional de mujeres y disidencias,2018-03-02 09:38:10,1,1_feminismo_feminista_patriarcado,5.0722013,2.866107,9.5817795,-4.376447
1383,El macrismo frente a su espejo,Transparencia y negocios,,2018-03-02 15:05:16,0,0_político_política_electoral,10.315326,6.4317575,7.4885354,5.153881
1384,"¿Qué es el aborto, mamá?",Testimonio,,2018-03-05 10:31:05,7,7_aborto_abortar_anticonceptivo,4.3851757,3.7185764,10.161434,-6.2363586
1385,No es obligatorio abortar,La diputada de Cambiemos que apoya la ley,,2018-03-05 14:45:12,7,7_aborto_abortar_anticonceptivo,4.400759,3.6844633,10.136244,-6.813911
1386,Tu conflicto es un bajón,Alejandro Rozitchner y la cultura del entusiasmo,,2018-03-06 10:40:39,22,22_música_musical_músico,9.287482,2.7264419,8.664722,4.008743
1387,Yo elijo,El aborto adolescente en el cine,,2018-03-07 09:56:36,7,7_aborto_abortar_anticonceptivo,6.9305825,3.087321,10.134083,-6.237519
1388,Test Feminista,#8M,,2018-03-08 08:37:34,7,7_aborto_abortar_anticonceptivo,4.768341,3.0478168,10.156482,-6.7658267
1389,Juntas,El tiempo es ahora,,2018-03-08 15:12:11,1,1_feminismo_feminista_patriarcado,5.823704,2.877608,9.8949375,-3.9904735
1390,"Queremos decidir, queremos conducir","8M, tiemblan los sindicatos",,2018-03-09 10:28:53,1,1_feminismo_feminista_patriarcado,4.998028,2.768066,10.378356,-4.298946
1391,Guerreras,Paro Internacional feminista,,2018-03-09 15:15:22,1,1_feminismo_feminista_patriarcado,5.4712057,2.8549318,9.895364,-4.3083515
1392,Pescadores de estrellas,Astrónomos amateurs,,2018-03-12 16:21:16,37,37_astrónomo_ciencia_universo,7.4227366,6.7309227,9.642903,0.3930351
1393,"""Aborto legal para tipos trans!""",Cuerpos gestantes,Aborto Legal; LGBTIQ+; Memoria trans; Orgullo,2018-03-13 12:10:36,7,7_aborto_abortar_anticonceptivo,4.3159904,3.5846007,10.0368595,-5.6705565
1394,La vida precaria de Facundo Ferreira,Tucumán,,2018-03-13 19:25:01,5,5_pedagógico_enseñanza_escolar,9.482319,3.9959846,6.9475603,-0.33044514
1395,Esquivando cascotazos,Cómo explicar el macrismo (y no morir en el intento),,2018-03-14 09:59:11,3,3_literario_escritora_autor,10.46224,5.5960093,9.415661,3.313594
1396,Lo aprendí en un tutorial,Adolescencia y cultura digital,,2018-03-15 10:26:57,5,5_pedagógico_enseñanza_escolar,7.120803,5.501168,3.3780391,-2.936938
1397,"Marielle, la desobediente",Un crimen contra las resistencias brasileñas,,2018-03-16 15:29:07,20,20_ríos_río_arroyo,8.775057,3.924045,8.1312065,-2.7342644
1398,"Lo que duele, lo que quiebra, lo que espanta",El crimen de Facundo Ferreira,,2018-03-17 09:35:06,41,41_pobreza_inmobiliario_habitante,9.495462,3.9008398,7.106199,-1.3472778
1399,El feminismo nos salvó,Las amigas de Lola Chomnalez,,2018-03-19 11:15:05,1,1_feminismo_feminista_patriarcado,6.2272425,3.3775756,9.381389,-3.743736
1400,"""No tuvimos miedo antes, menos ahora""",Juicios de lesa humanidad,24M: Día de la memoria por la verdad y la justicia; Derechos Humanos; Juicios de lesa humanidad; Terrorismo de Estado,2018-03-19 16:09:03,32,32_catástrofe_desastre_tragedia,8.820575,3.7960513,6.8145185,-1.6558107
1401,Lobby en la mesa familiar,Aborto en el Congreso,,2018-03-20 09:55:39,7,7_aborto_abortar_anticonceptivo,4.2105417,3.6317272,10.035271,-6.9235344
1402,Muchacha Punk,Malena Pichot y el buen feminismo,,2018-03-20 13:21:19,1,1_feminismo_feminista_patriarcado,5.5398965,3.2274082,10.005502,-4.5799804
1403,Polaroids de locura ordinaria,Bilardo después de Bilardo,,2018-03-21 11:13:24,2,2_fifa_futbolista_fútbol,10.32911,2.2376132,5.731641,11.41505
1404,¿Nos tenemos que ir de Facebook?,Crisis en el jardín de Zuckerberg,,2018-03-21 15:33:34,31,31_digital_internet_tecnología,7.371699,5.8092494,10.508399,1.5267819
1405,El sueño equivocado,Chile y la migración haitiana,,2018-03-22 10:02:12,18,18_chileno_chile_político,9.255692,5.7444787,6.597837,1.2334619
1406,El abrazo justo,24M y Memoria,24M: Día de la memoria por la verdad y la justicia; Derechos Humanos; Memoria,2018-03-23 10:37:08,11,11_asesino_testimonio_testigo,9.031711,3.2822464,7.3753276,-2.0648267
1407,Somos 500 mil,Aborto legal,,2018-03-26 13:12:12,7,7_aborto_abortar_anticonceptivo,4.513663,3.8262708,10.188086,-6.637636
1408,Trasumanto,Un día en las Malvinas,Malvinas,2018-03-27 10:14:02,33,33_submarino_marino_naufragio,8.895183,6.8673363,3.8172984,0.38384533
1409,Desaparecida,Marielle Franco,,2018-03-27 15:56:02,16,16_brasil_brasilero_brasilia,8.910565,4.2350435,8.554493,-2.9781156
1410,¿Podrán entender los adultos?,USA: adolescentes contra las armas,,2018-03-28 15:52:24,5,5_pedagógico_enseñanza_escolar,6.466208,5.0005527,3.969007,-2.9367063
1411,Luto y lucha,Un crimen neoliberal,Brasil; Internacional; Marielle Franco,2018-03-28 20:39:41,25,25_violencia_feminismo_feminista,5.639044,3.0215466,8.980802,3.7349236
1412,Inundación no es lo mismo que tragedia,"La Plata, cinco años después",,2018-04-03 11:00:02,41,41_pobreza_inmobiliario_habitante,8.567227,6.7737975,6.4557095,-0.9435071
1413,El grito más silenciado,Abuso y trata en el fútbol,,2018-04-03 18:30:13,25,25_violencia_feminismo_feminista,11.069474,2.3596013,8.786889,-4.27681
1414,El origen de la tristeza,Abusos y trata en el fútbol,,2018-04-04 13:39:11,2,2_fifa_futbolista_fútbol,6.315436,5.4267306,5.807069,11.423034
1415,Nancy Fraser y el feminismo no funcional,Conversaciones UNSAM,,2018-04-05 11:05:23,1,1_feminismo_feminista_patriarcado,5.6343226,2.7731783,8.16697,1.6476995
1416,La autodestrucción de Brasil,"Lula, cárcel y proscripción",Brasil; Internacional,2018-04-05 14:37:11,16,16_brasil_brasilero_brasilia,11.882281,3.9242468,7.055949,8.27245
1417,Miedo ambiente,Acoso sexual y laboral en Greenpeace,,2018-04-06 10:02:50,1,1_feminismo_feminista_patriarcado,6.542618,4.526473,10.408219,-4.2781835
1418,Cinco horas diarias mirando el teléfono,Cultura digital,,2018-04-06 12:53:51,31,31_digital_internet_tecnología,7.265804,5.7737393,10.740577,1.7752582
1419,Los tres errores del juez Moro,Lula en la cárcel,,2018-04-09 11:59:42,16,16_brasil_brasilero_brasilia,12.172096,4.169882,6.9259796,8.413319
1420,La maternidad será deseada o no será,#20AñosIDAES Aborto legal,,2018-04-10 10:35:32,7,7_aborto_abortar_anticonceptivo,4.4000974,3.7421753,10.074622,-6.3237886
1421,Lula cumple,Análisis de su último discurso,,2018-04-10 17:00:43,16,16_brasil_brasilero_brasilia,12.168649,4.13518,6.973956,8.361897
1422,Pobres somos todos,Lo que el INDEC no mide,,2018-04-11 10:42:28,4,4_déficit_deuda_endeudamiento,9.093866,7.729551,8.315346,3.3460255
1423,"Lula no es Perón, Brasil no es Argentina",El palacio y la calle,,2018-04-11 14:16:24,16,16_brasil_brasilero_brasilia,12.138793,4.104705,6.908566,8.4331045
1424,Morir en bici,Inseguridad vial,,2018-04-12 10:08:07,41,41_pobreza_inmobiliario_habitante,9.141419,6.0356307,7.091103,-0.6716614
1425,Medios: cómo recuperar lo que teníamos,Periodismo relacional,,2018-04-12 14:40:39,19,19_periodista_periodístico_periódico,7.600646,5.281301,12.804056,1.3744028
1426,“Que pase todo y volver a jugar al fútbol”,El relato de uno de los futbolistas abusados,,2018-04-13 12:30:18,2,2_fifa_futbolista_fútbol,9.572007,3.0829885,5.778376,11.40697
1427,Qué pensamos sobre la agenda feminista,Encuesta nacional,,2018-04-16 09:17:44,1,1_feminismo_feminista_patriarcado,4.885967,2.9604313,9.55565,-4.4759665
1428,"No es arte, es dinamita",Variaciones sobre la performance,,2018-04-16 15:17:35,24,24_arte_artes_art,8.759222,1.9501442,12.83733,-2.2453856
1429,Los viejos putos,Sexualidad gay y pánico moral,LGBTIQ+; Orgullo,2018-04-17 10:01:17,28,28_futuro_pandemia_crisis,6.187574,4.0856023,9.34362,-2.853643
1430,Las muertas que vos matás,El aborto en el Congreso,,2018-04-17 15:13:59,7,7_aborto_abortar_anticonceptivo,4.185565,3.54113,10.186723,-6.253682
1431,La vida breve del colectivero,El crimen del chofer,,2018-04-17 17:04:12,15,15_sindicalismo_reforma_político,9.326709,4.7034507,6.3791575,1.2485095
1432,Te tiro un audio,Cultura digital,,2018-04-19 11:02:13,31,31_digital_internet_tecnología,6.9722586,5.044024,10.799076,1.7755969
1433,El lado romántico de los juicios,Performance y memoria,24M: Día de la memoria por la verdad y la justicia; Derechos Humanos; Juicios de lesa humanidad; Terrorismo de Estado,2018-04-19 14:23:17,23,23_justicia_judicial_juzgado,9.656719,5.866626,11.323901,4.1900077
1434,El día después de los Castro,¿Cuba cambia?,,2018-04-19 17:05:02,35,35_cubano_cubana_cuba,11.034761,4.0049047,5.702767,2.9400523
1435,Ser padres en la era feminista,Nuevas masculinidades,,2018-04-20 09:44:51,29,29_ficción_protagonista_personaje,5.6021924,3.4329045,7.8720345,-2.6549892
1436,PERIODISMO PERFORMATICO,preguntas frecuentes sobre las becas de,,2018-04-20 17:20:14,19,19_periodista_periodístico_periódico,7.667092,4.4403353,12.800493,0.8760525
1437,"Likeame, seguime, quereme",Adolescencia y cultura digital,,2018-04-23 11:59:17,31,31_digital_internet_tecnología,7.2054524,5.7875814,10.792891,2.0079691
1438,La memoria de la ciudad,Pasajes de Barcelona,,2018-04-23 14:53:56,41,41_pobreza_inmobiliario_habitante,9.407441,2.913153,6.588449,-4.579631
1439,El relato detrás del bebito,Aborto legal,,2018-04-24 09:00:17,7,7_aborto_abortar_anticonceptivo,4.29926,3.6711168,10.133742,-6.3726144
1440,Por el derecho al goce,Aborto legal,,2018-04-24 11:20:57,7,7_aborto_abortar_anticonceptivo,4.292203,3.6422515,10.122216,-6.6788697
1441,La doble moral médica,El debate por el aborto,,2018-04-24 14:44:30,7,7_aborto_abortar_anticonceptivo,4.3539133,3.7084987,10.185831,-6.27393
1442,"""Mostramos lo que queremos, y que se jodan""","Las pibas, la ropa, la escuela",,2018-04-25 12:41:06,5,5_pedagógico_enseñanza_escolar,5.8757424,5.4575405,9.068959,-4.8547735
1443,¿No vamos a poder ver a ninguna banda más?,Abusos en el rock,,2018-04-25 16:24:10,25,25_violencia_feminismo_feminista,5.8170123,3.4791543,9.127715,-4.3436723
1444,Pará de consumir,Tarifazos y austeridad,,2018-04-26 10:18:40,4,4_déficit_deuda_endeudamiento,9.241813,8.025716,8.30562,4.1892233
1445,Pateá como una chica,Fútbol femenino,,2018-04-26 14:07:37,2,2_fifa_futbolista_fútbol,11.024505,2.125612,5.76997,11.539493
1446,La disidencia como estado de alerta,¿Qué se espera de un escritor?,,2018-04-26 19:38:51,3,3_literario_escritora_autor,7.8429117,2.320263,7.1261377,-5.1693845
1447,Historia incompleta de las canciones de cancha,Canten putxs,,2018-04-27 09:50:05,22,22_música_musical_músico,8.635265,2.0463345,15.007579,-4.1328263
1448,No te olvides nunca que eres poderosa,Natalia Lafourcade,,2018-04-27 15:33:30,22,22_música_musical_músico,7.4065285,2.2895088,14.691956,-4.1207647
1449,Poner ovarios,Deseo de Maternidad,,2018-05-02 13:18:22,1,1_feminismo_feminista_patriarcado,5.0757284,3.8417318,9.447541,-3.4834511
1450,"No son cuernos, es amor libre",Sexo y anarquía en el 1900,,2018-05-02 15:47:02,1,1_feminismo_feminista_patriarcado,8.282427,2.498742,9.9457035,-3.9085498
1451,Mi vecino es antivacunas,"Individualismo, ciencia y verdad",,2018-05-03 10:45:57,37,37_astrónomo_ciencia_universo,7.5853715,8.023268,9.895439,0.18965764
1452,"La Argentina, con uno de los calendarios de vacunas más amplios",,,2018-05-03 12:07:46,8,8_epidemia_vacunar_virus,7.647197,8.077222,8.450064,0.5011616
1453,Los ganadores son...,Laboratorio de Periodismo Performático,,2018-05-04 12:47:45,19,19_periodista_periodístico_periódico,7.529699,4.6769185,12.760673,0.73857594
1454,Pasar la tormenta,La fiebre del dólar,,2018-05-04 16:58:31,4,4_déficit_deuda_endeudamiento,9.661767,8.554246,10.644713,5.6607065
1455,Memorias del 68,A 50 años del mayo francés,,2018-05-07 08:56:32,25,25_violencia_feminismo_feminista,10.568126,4.5768867,7.142985,0.6071466
1456,¿Sarmiento hubiera usado una netbook del Estado?,El final de Conectar Igualdad,,2018-05-07 16:38:07,5,5_pedagógico_enseñanza_escolar,5.9579043,5.974305,3.5333629,-2.9552777
1457,Tarifazo: del derecho a la mercancía,"#20AñosIDAES Luz, gas, agua",,2018-05-08 10:27:44,4,4_déficit_deuda_endeudamiento,9.280846,8.00319,10.441267,5.260913
1458,"Yaguareté, la moneda imposible",La crisis del dólar,,2018-05-09 11:58:37,4,4_déficit_deuda_endeudamiento,9.810157,8.346714,8.465053,4.0585127
1459,La hegemonía era un blef,Gramsci para Cambiemitas,,2018-05-09 15:12:34,0,0_político_política_electoral,11.551605,5.980567,8.468128,4.2446775
1460,"Stand by me, argentinians",Volvió el FMI,,2018-05-10 10:27:37,4,4_déficit_deuda_endeudamiento,9.886433,8.263223,8.377014,3.8973606
1461,Los límites éticos del ajuste,Política económica,,2018-05-10 15:15:24,4,4_déficit_deuda_endeudamiento,9.406539,8.004864,10.4576845,5.376516
1462,¿La liberación masculina para cuándo?,Putita golosa,,2018-05-11 09:03:26,1,1_feminismo_feminista_patriarcado,5.5430293,3.4024642,9.740604,-3.8911245
1463,De cacería con Inakayal,Antes de la Conquista,,2018-05-11 14:51:58,1,1_feminismo_feminista_patriarcado,9.608153,3.3238592,9.146522,-3.160453
1464,Indie: del vinilo a Spotify,Música y cultura digital,,2018-05-14 11:15:26,22,22_música_musical_músico,9.035596,2.1041462,14.9633255,-4.0035615
1465,El parto es un hecho político,Violencia obstétrica,,2018-05-14 15:57:33,1,1_feminismo_feminista_patriarcado,4.833303,3.9522967,9.305612,-3.0214534
1466,Pánico y fortuna en la City,Entre dólares y Lebacs,,2018-05-15 11:19:51,4,4_déficit_deuda_endeudamiento,9.800124,7.227207,10.697003,5.5414524
1467,La rebelión de las obradoras,Arte y Feminismo,,2018-05-15 14:10:31,24,24_arte_artes_art,6.580589,2.716734,12.769732,-2.314991
1468,El nuevo negro,El fenómeno Childish Gambino,,2018-05-16 11:51:02,24,24_arte_artes_art,5.843155,4.3414903,13.038633,-2.2657752
1469,Prender fuego sin quemar nada,Mayo del '68,,2018-05-16 12:48:24,36,36_holocausto_terrorista_siria,10.7684355,6.1682296,12.475945,6.225368
1470,La muerte como problema público,Violencia y Estado,,2018-05-17 13:40:52,39,39_morir_muerte_moribundo,9.206196,5.3601894,9.219466,-1.1884264
1471,No culpes a la big data,Inteligencia artificial,,2018-05-18 11:19:08,17,17_innovación_tecnológico_tecno,7.2882237,6.215735,9.760157,1.5191
1472,Los besos disidentes,"La vida es corta, hacete torta",,2018-05-18 14:36:40,25,25_violencia_feminismo_feminista,5.9531693,3.9399962,8.828825,-4.0923
1473,Como un pelícano que se tira al mar,Testimonios del accidente cubano,,2018-05-21 11:44:56,35,35_cubano_cubana_cuba,10.686632,3.818266,5.6354594,2.8884697
1474,El sello argentino en el Mayo francés,#IDAES20Años - Las técnicas gráficas del 68,Francia; Internacional; Mayo francés,2018-05-21 14:24:50,24,24_arte_artes_art,9.260187,3.6671162,12.873312,-2.038698
1475,Los tres dones de Tom Wolfe,El nuevo periodismo,,2018-05-22 11:30:21,19,19_periodista_periodístico_periódico,7.5675817,4.0653386,12.891945,0.93875206
1476,El creyente,¿Qué clase de presidente es Macri?,,2018-05-23 10:23:20,0,0_político_política_electoral,11.316645,5.51037,7.5978837,4.288033
1477,"No es el salario, son los derechos",La reforma laboral,,2018-05-23 13:07:43,15,15_sindicalismo_reforma_político,10.095822,6.112189,6.640583,1.464844
1478,"Bajar los cuadros, subir los plasmas",#20AñosIDAES El mercado del arte,Artes; Clases medias,2018-05-24 10:44:28,24,24_arte_artes_art,7.8074865,3.6935787,13.103357,-2.1253092
1479,El gran camaleón,Tom Wolfe,,2018-05-24 12:46:29,19,19_periodista_periodístico_periódico,8.9885025,4.4585214,12.76274,0.8557304
1480,Optimistas sin excesos,Discurso y verdad,,2018-05-24 14:33:25,0,0_político_política_electoral,10.067383,7.967168,8.160964,5.128127
1481,Los días que fuimos felices,Épica y mochila de plomo,,2018-05-28 09:08:07,2,2_fifa_futbolista_fútbol,10.727589,2.2509723,5.203174,11.394166
1482,Pioneras del aborto legal,Debate en el Congreso,Aborto Legal,2018-05-28 10:03:39,7,7_aborto_abortar_anticonceptivo,5.320232,3.047048,10.077833,-6.7813716
1483,Sacar la menstruación del closet,"Sangre, salud y política",,2018-05-28 13:34:36,1,1_feminismo_feminista_patriarcado,4.9728518,3.7099383,9.7893505,-4.5989785
1484,La patria boba,Elecciones en Colombia,,2018-05-28 15:35:49,10,10_boliviano_bolivia_político,11.398626,4.288034,6.7295747,4.391411
1485,Típico de machirulo,Neologismos feministas,,2018-05-29 12:48:58,1,1_feminismo_feminista_patriarcado,5.4696,3.2741141,9.9809065,-4.270589
1486,Todo lo que dejaste de hacer para pagar las tarifas,Historias y datos del tarifazo,,2018-05-30 11:44:23,4,4_déficit_deuda_endeudamiento,9.429144,8.181921,8.16765,3.0444505
1487,No hay romance sin finanzas,Depresión capitalista,,2018-05-31 00:14:21,22,22_música_musical_músico,9.429294,7.0771704,14.66806,-4.0460486
1488,¡Canten putos!,Historias de las canciones de cancha,,2018-05-31 12:42:24,2,2_fifa_futbolista_fútbol,6.8513646,4.664783,5.8424377,11.392979
1489,Las insolentes,La ola feminista en Chile,,2018-06-01 13:26:11,1,1_feminismo_feminista_patriarcado,6.393636,4.4539,9.148173,-4.7729826
1490,¿Ahora sí nos ven?,La revolución feminista,#NiUnaMenos,2018-06-04 11:20:01,1,1_feminismo_feminista_patriarcado,5.2508235,2.887305,9.98468,-4.772858
1491,"España, una Italia sin italianos",Destitución de Mariano Rajoy,,2018-06-04 14:24:24,0,0_político_política_electoral,11.943452,6.2544713,7.446057,5.6073637
1492,Somos tantas que calentamos el otoño,#NiUnaMenos,,2018-06-05 11:25:41,7,7_aborto_abortar_anticonceptivo,4.4285574,3.3103786,9.965116,-5.1084304
1493,Guardianas,#NiUnaMenos,,2018-06-05 13:07:44,7,7_aborto_abortar_anticonceptivo,4.921339,3.3272076,10.217433,-6.288526
1494,Una ciudad inconclusa,Barcelona,,2018-06-06 09:57:52,41,41_pobreza_inmobiliario_habitante,9.630004,3.1402202,6.6323514,-0.7629589
1495,Por qué votar a favor del aborto legal,El debate en el Congreso,,2018-06-06 15:20:51,7,7_aborto_abortar_anticonceptivo,4.2119956,3.668431,10.113273,-6.873209
1496,Más dueños que nunca,Día del Periodista,Grupo Clarín; Medios de comunicación,2018-06-07 10:16:37,0,0_político_política_electoral,7.722972,5.0250006,9.790299,3.3186316
1497,Un gol en contra antes del Mundial,Camino a Rusia 2018,,2018-06-07 14:33:54,27,27_israel_netanyahu_israelí,10.462421,5.8183455,14.622499,6.445647
1498,¿Dónde están los números que faltan de la Revista Humor?,Llamado a la solidaridad,,2018-06-08 09:53:53,19,19_periodista_periodístico_periódico,8.073028,2.8215778,7.0794315,3.2199805
1499,Quién recuerda a Pablo Kukoc,La doctrina Chocobar,,2018-06-08 11:46:43,11,11_asesino_testimonio_testigo,9.237809,4.0928054,7.093767,-2.8603566
1500,“Nunca me criticaron tanto y nunca me importó menos”,Aborto legal,,2018-06-11 14:57:23,7,7_aborto_abortar_anticonceptivo,4.5708947,3.3215253,10.160064,-6.31953
1501,Un pequeño país aparte,Malvinas,Malvinas,2018-06-12 09:55:35,33,33_submarino_marino_naufragio,8.895921,7.0582733,6.6823664,3.3956485
1502,Lo personal nunca antes de lo político,El aborto en el Congreso,,2018-06-12 15:14:27,7,7_aborto_abortar_anticonceptivo,4.3098364,3.6781278,10.05013,-5.9500613
1503,La Argentina anti-punitivista que supimos construir,Aborto legal,,2018-06-12 15:53:58,7,7_aborto_abortar_anticonceptivo,4.462045,3.8126602,10.087859,-6.484089
1504,"Seguime, no te voy a defraudar",#20AñosIDAES - La vuelta al FMI,,2018-06-13 09:15:34,4,4_déficit_deuda_endeudamiento,9.934752,8.228531,10.218971,5.566825
1505,Crónica de L@s Soror@s,Aborto legal,,2018-06-14 15:36:52,7,7_aborto_abortar_anticonceptivo,4.1369276,3.601798,10.068058,-6.3922796
1506,La política respira,Aborto legal,,2018-06-14 15:57:59,7,7_aborto_abortar_anticonceptivo,4.1907773,3.7439141,9.90758,-6.9978366
1507,Ganamos,Aborto legal,,2018-06-14 18:56:53,7,7_aborto_abortar_anticonceptivo,4.131439,3.3833725,10.112543,-6.883675
1508,Perdieron,Aborto legal,,2018-06-14 18:57:54,7,7_aborto_abortar_anticonceptivo,4.159483,3.5139594,10.1592045,-6.2916384
1509,Hacerse los malos en Rusia,#20AñosIDAES - Mundial 2018,Barras bravas; Fútbol; Mundial de fútbol; Rusia,2018-06-15 11:17:46,2,2_fifa_futbolista_fútbol,10.415561,7.086925,5.258838,11.207535
1510,¿Quiénes son los mosqueteros pampeanos?,Aborto: los votos que cambiaron la historia,,2018-06-15 12:23:58,7,7_aborto_abortar_anticonceptivo,4.0972686,3.5871253,10.057082,-6.47794
1511,Aborto legal para las heroínas de tv,Las guionistas unidas,,2018-06-18 09:28:48,7,7_aborto_abortar_anticonceptivo,4.3525424,3.5255346,10.14632,-6.281268
1512,El país del Duque,Elecciones en Colombia,,2018-06-18 14:29:28,1,1_feminismo_feminista_patriarcado,11.547736,4.355626,10.02041,-5.061871
1513,Diana Sacayán vive,#FueTravesticidio,Memoria trans,2018-06-18 15:46:50,1,1_feminismo_feminista_patriarcado,6.5975657,4.246377,10.205987,-4.780971
1514,¿Cuán progre puede ser el macrismo?,Aborto legal,,2018-06-19 11:20:26,7,7_aborto_abortar_anticonceptivo,4.0769315,3.5687728,9.979508,-6.9429593
1515,Nunca nos van a quitar la ilusión,Mundial 2018,,2018-06-19 14:50:32,2,2_fifa_futbolista_fútbol,9.680233,5.5725994,5.255706,11.188212
1516,Las niñas madres,Embarazo adolescente,,2018-06-20 10:10:11,7,7_aborto_abortar_anticonceptivo,4.5033584,3.808476,10.179817,-6.189892
1517,La intimidad del mar,Crónicas de intimidad,,2018-06-21 12:03:21,33,33_submarino_marino_naufragio,7.724243,2.5492475,3.8823752,0.26787955
1518,Rebobinar la marcha de la muerte,Inakayal vuelve,,2018-06-22 10:24:27,26,26_fotoperiodismo_retratar_retrato,8.638668,3.69638,12.121691,-2.6395578
1519,"""No quiero ser mamá""",Ligadura de trompas,,2018-06-22 13:25:38,7,7_aborto_abortar_anticonceptivo,4.658204,3.8264184,10.175946,-6.043521
1520,La maldición de depender del milagro,Mundial 2018,,2018-06-22 15:16:19,2,2_fifa_futbolista_fútbol,10.027657,2.9374118,5.179161,11.299785
1521,"Lo mismo que hacemos todas las noches, tratar de conquistar el mundo",Cultura digital,,2018-06-25 11:08:04,17,17_innovación_tecnológico_tecno,7.7374916,6.1759324,9.8846855,1.5604576
1522,"Una huelga obrera, intelectual y feminista",#20añosIDAES - 25J Paro General,Clase obrera; Trabajo,2018-06-25 12:47:31,15,15_sindicalismo_reforma_político,9.953292,7.346256,6.506253,1.2426556
1523,El riesgo de la destrucción,#20AñosIDAES El FMI y las universidades,,2018-06-26 11:12:12,17,17_innovación_tecnológico_tecno,7.709846,6.8217382,9.390818,1.6275179
1524,"""Vicepresidenta usted puede cambiar la historia de las mujeres""",Aborto en el Senado,,2018-06-27 12:56:38,7,7_aborto_abortar_anticonceptivo,4.2871995,3.7306345,10.168895,-6.25207
1525,Pensar las universidades,#20AñosIDAES A cien años de la reforma,Escuela IDAES; UNSAM,2018-06-27 17:49:23,5,5_pedagógico_enseñanza_escolar,6.0506463,6.05953,3.9062169,-2.8016808
1526,La menesunda del feminismo,Células Madre en el Conti,,2018-06-28 10:27:38,1,1_feminismo_feminista_patriarcado,6.8212075,2.5914483,10.0171995,-3.9455128
1527,El esclavo que gritó los goles de Kempes,A 40 años del Mundial 78,24M: Día de la memoria por la verdad y la justicia; Derechos Humanos; Dictadura; Fútbol; Mundial de fútbol,2018-06-29 10:07:55,6,6_asesinato_policía_policial,9.729086,3.9611642,7.2070932,-1.4315234
1528,El gen Rojo,Mundial 2018,,2018-06-29 13:00:22,2,2_fifa_futbolista_fútbol,10.055973,2.2855186,5.8185368,11.407627
1529,Las ideas se bailan,El cierre de la Milonga Queer,LGBTIQ+; Orgullo,2018-06-29 15:12:21,1,1_feminismo_feminista_patriarcado,5.995199,3.8913088,9.73664,-4.743628
1530,Requiem para una leyenda del Lezama,La demolición de la Casa Marconetti,,2018-07-02 09:08:59,24,24_arte_artes_art,9.193979,2.519945,12.784506,-2.3123746
1531,¿Qué hará la izquierda con tanto poder?,Elecciones históricas en México,,2018-07-02 13:39:54,10,10_boliviano_bolivia_político,11.533636,4.6254487,6.9512124,4.490854
1532,No me importa en qué meme se meta Maradona,Mundial 2018,,2018-07-02 15:34:26,2,2_fifa_futbolista_fútbol,10.232196,2.2611523,5.2182245,11.349161
1533,"Don Andrés, lo difícil de jugar simple",Mundial 2018,,2018-07-03 11:32:57,2,2_fifa_futbolista_fútbol,10.507172,2.1549442,5.198286,11.508739
1534,"""En Mendoza somos miles""","A favor del aborto legal, seguro y gratuito",,2018-07-03 12:44:11,7,7_aborto_abortar_anticonceptivo,4.411066,3.6162114,10.113353,-6.861571
1535,¿Puede una hinchada putear a sus propios jugadores?,Historia de las canciones de cancha,,2018-07-04 12:42:26,22,22_música_musical_músico,8.444834,1.8572537,15.013954,-4.125514
1536,El círculo virtuoso de las changas y las propinas,Caridad republicana,Trabajo,2018-07-06 10:23:31,28,28_futuro_pandemia_crisis,8.809414,7.451585,8.616531,3.2444913
1537,Salir de la caverna,Darío Sztajnszrajber,,2018-07-06 13:53:29,27,27_israel_netanyahu_israelí,8.870629,2.4121025,14.552587,6.348292
1538,Cuevas virtuales,Cultura digital,,2018-07-10 11:51:08,31,31_digital_internet_tecnología,9.700518,8.334076,10.294793,1.5716593
1539,El sol de los Mapuche,La ceremonia del Wiñoy Tripantu,,2018-07-10 14:30:17,20,20_ríos_río_arroyo,9.524317,3.556532,4.9527726,-1.1853606
1540,"Y usted, profe, ¿qué opina del aborto?",Maternidad adolescente,Aborto Legal,2018-07-11 09:47:14,5,5_pedagógico_enseñanza_escolar,5.879649,5.48434,9.53443,-5.938656
1541,La generación Marielle Franco,De la favela a la universidad,,2018-07-11 14:50:33,5,5_pedagógico_enseñanza_escolar,9.222067,4.6963706,4.015958,-3.107284
1542,Esto no es una foto,Cultura digital,,2018-07-12 11:34:16,31,31_digital_internet_tecnología,7.1824365,5.7091956,10.351122,1.6793972
1543,Sin filtro,29 Muestra Anual de Fotoperiodismo,,2018-07-12 14:57:38,26,26_fotoperiodismo_retratar_retrato,8.059461,3.5673504,12.88492,-3.3946202
1544,Yo me creía Luis Miguel,Fenómeno Luismi,,2018-07-13 11:13:08,22,22_música_musical_músico,8.686923,1.9365714,14.516526,-3.9414663
1545,El gobierno elige: la opinión pública o su minoría intensa,Cambiemos frente al aborto legal,,2018-07-15 19:12:31,7,7_aborto_abortar_anticonceptivo,4.022756,3.636823,10.0048685,-6.911163
1546,Silicolonizados,Liberalismo digital,,2018-07-17 11:08:56,17,17_innovación_tecnológico_tecno,7.572567,6.2986345,9.633436,1.835427
1547,Culpable o no,Luismimanía,Luis Miguel; Netflix,2018-07-17 12:59:39,29,29_ficción_protagonista_personaje,7.937991,2.8771014,14.54608,-3.9042637
1548,Así espiaron a los familiares,AMIA,,2018-07-18 11:12:18,27,27_israel_netanyahu_israelí,9.435258,4.702891,14.1994505,6.2383885
1549,El dinero y la política,"Horacio Verbitsky, Vida de Perro",,2018-07-19 09:52:00,0,0_político_política_electoral,10.061519,6.5651326,8.106184,4.5513935
1550,"Tasa, tasa, ¿cómo compro mi casa?",Créditos hipotecarios UVA,,2018-07-19 13:12:10,4,4_déficit_deuda_endeudamiento,9.639759,8.283989,10.692345,5.504201
1551,La mar no está serena,#20AñosIDAES Educación sexual y aborto legal,,2018-07-20 10:55:37,7,7_aborto_abortar_anticonceptivo,4.4069266,3.6451726,9.683567,-6.0743375
1552,"""Yo soy Juan""",Identidad de género y TV,,2018-07-20 16:29:26,1,1_feminismo_feminista_patriarcado,6.258734,3.6021912,9.639491,-4.0534205
1553,Un país llamado Peronia,La Argentina indeseable,,2018-07-23 09:05:00,10,10_boliviano_bolivia_político,10.110203,5.525133,7.1584992,3.3619432
1554,¿Quién merece y quién no la política social?,El impacto del acuerdo con el FMI,,2018-07-24 11:50:14,4,4_déficit_deuda_endeudamiento,9.851446,8.289955,8.677617,3.6798694
1555,La educación sentimental en tiempos de Netflix,Cultura digital,,2018-07-24 14:00:17,29,29_ficción_protagonista_personaje,7.1959314,5.7733355,10.9474745,1.2531751
1556,El equilibrista de la corbata verde,Daniel Lipovetzky,,2018-07-25 11:38:04,7,7_aborto_abortar_anticonceptivo,4.4735603,3.5017335,9.98428,-6.8183284
1557,Dejá de stalkear,Cultura digital,,2018-07-27 17:21:57,31,31_digital_internet_tecnología,7.2295566,5.401469,10.852787,1.8796273
1558,Wonder gorda,Cuerpos disidentes,,2018-07-27 20:50:46,1,1_feminismo_feminista_patriarcado,7.233948,3.8356624,9.656427,-2.0902164
1559,Siete minutos,¿Cómo murió Santiago Maldonado?,,2018-07-30 11:15:01,20,20_ríos_río_arroyo,9.289367,4.112792,5.2658067,-1.3276983
1560,Espiral de violencia nica,Crisis en Nicaragua,,2018-07-30 15:28:32,10,10_boliviano_bolivia_político,10.503552,5.273104,7.2752466,3.885582
1561,Carta a los varones desorientados,Masculinidad hegemónica,,2018-07-30 15:40:56,1,1_feminismo_feminista_patriarcado,5.36339,3.142667,9.738131,-4.794999
1562,Quiénes llevan los pañuelos celestes,Aborto en el Senado,,2018-07-31 12:09:22,7,7_aborto_abortar_anticonceptivo,4.4415607,3.5212488,10.055494,-6.8955936
1563,Exposiciones en el Senado,Discursos antiderechos,,2018-08-01 13:37:01,7,7_aborto_abortar_anticonceptivo,4.134197,3.6204836,10.145115,-6.856689
1564,"Soy feminista, hago política","#20AñosIDAES Militancia, autonomía y Ni Una Menos",,2018-08-01 14:30:44,1,1_feminismo_feminista_patriarcado,4.845498,3.2534382,10.044387,-4.815545
1565,¿Con qué dinero hacen política los partidos?,#20añosIDAES Monetización de la democracia,,2018-08-03 13:18:12,0,0_político_política_electoral,11.038655,6.7976217,7.813463,5.560505
1566,No hay lugar para la abstención,Aborto: carta a la senadora Lucila Crexell,,2018-08-03 14:24:13,7,7_aborto_abortar_anticonceptivo,4.239139,3.5986047,10.119901,-6.411473
1567,Lo que no explican los cuadernos Gloria,Dinero y política,,2018-08-06 10:13:15,19,19_periodista_periodístico_periódico,9.879643,6.7305827,9.553781,3.3899322
1568,La revolución de las hijas,La previa en Anfibia,,2018-08-06 10:55:47,7,7_aborto_abortar_anticonceptivo,4.1095834,3.5275865,10.161931,-6.8643527
1569,La escuela y la muerte,"Educación, deterioro y discurso",,2018-08-06 13:52:05,5,5_pedagógico_enseñanza_escolar,5.944417,5.4597654,3.6061292,-3.223861
1570,No hay mística al votar en contra,Aborto en el Senado,,2018-08-06 16:41:16,7,7_aborto_abortar_anticonceptivo,4.0895333,3.604327,10.059045,-6.904992
1571,Periodismo performático: hacer lo real,"Cuerpo, sorpresa, relato",Lenguajes; Performance; Periodismo performático,2018-08-07 10:00:00,19,19_periodista_periodístico_periódico,7.4674363,4.2145844,12.578074,0.71546376
1572,Vasectomizate,Anticonceptivos para varones,,2018-08-07 11:25:37,1,1_feminismo_feminista_patriarcado,4.7920523,3.8283598,9.383633,-3.0242774
1573,¿Por qué legalizar el aborto?,Cobertura de Línea Peluda,,2018-08-07 14:56:49,7,7_aborto_abortar_anticonceptivo,4.450596,3.5789268,10.1478815,-6.8494563
1574,Misoprostol industria nacional,Crónica: así se diseña la pastilla del aborto,Rosario; Rosariocronica,2018-08-08 11:04:37,7,7_aborto_abortar_anticonceptivo,4.3678083,3.8310666,10.15277,-6.3444867
1575,¿Qué dijeron lxs senadorxs?,Cobertura de Silvio Kiko,,2018-08-09 00:50:56,7,7_aborto_abortar_anticonceptivo,4.0996013,3.690483,10.150449,-6.8897123
1576,La hoguera de la ley,Aborto legal,,2018-08-09 12:02:38,7,7_aborto_abortar_anticonceptivo,4.1723204,3.9155798,10.03146,-6.8126845
1577,Vasectomizate,Intervención de Surdelta,,2018-08-09 12:18:58,24,24_arte_artes_art,7.7971563,4.192015,12.48966,-0.006596387
1578,Los pañuelos no se guardan,8A: crónica de un final anunciado,,2018-08-09 14:16:58,7,7_aborto_abortar_anticonceptivo,4.8565764,2.9140775,10.033419,-6.7978764
1579,Nos tienen miedo,#20AñosIDAES El Senado y el aborto,,2018-08-10 10:08:50,7,7_aborto_abortar_anticonceptivo,10.403358,6.6995826,10.029871,-5.6331677
1580,La Nelly Minyersky club band,Bitácora del 8A,,2018-08-13 10:05:48,7,7_aborto_abortar_anticonceptivo,4.150215,3.4374986,10.089392,-6.8714104
1581,Un senador como vos y como yo,"Legisladores, aborto y votos",,2018-08-13 14:42:02,7,7_aborto_abortar_anticonceptivo,4.043341,3.5790904,9.981936,-6.9225664
1582,La biblia del aborto,Laura Klein,,2018-08-14 11:03:21,7,7_aborto_abortar_anticonceptivo,9.854503,5.569168,10.063182,-6.8646145
1583,La Argentina en su laberinto,FMI e integración financiera,,2018-08-15 10:12:00,4,4_déficit_deuda_endeudamiento,9.6629305,8.389253,10.56322,5.6564345
1584,Pornografía de la violencia,El Marginal,,2018-08-15 15:55:51,25,25_violencia_feminismo_feminista,8.834255,5.501031,8.574695,-4.2095246
1585,¿Qué hace la escuela ante el reclamo de las pibas?,"#NiUnaMenos, secundaria, abusos y escraches",,2018-08-16 10:49:24,5,5_pedagógico_enseñanza_escolar,6.12729,5.228081,8.953674,-4.9045978
1586,Aborto es lengua popular,Después del 8A,Aborto Legal,2018-08-17 12:12:27,7,7_aborto_abortar_anticonceptivo,4.2610507,3.737776,10.156056,-6.8618717
1587,Tan verosímil y tan difícil de creer,Cuadernos y arrepentidos,,2018-08-17 13:30:15,23,23_justicia_judicial_juzgado,9.608528,5.846964,10.1205435,4.336244
1588,Una justificación del “arrepentido”,Criminalidad y poder,,2018-08-21 11:00:17,23,23_justicia_judicial_juzgado,9.590821,5.706484,10.159186,4.267944
1589,¿De qué te arrepentís?,La causa de los cuadernos,,2018-08-23 09:23:11,23,23_justicia_judicial_juzgado,9.339871,5.295521,10.937706,4.2999287
1590,El Tea Party argentino,Odio y goce,,2018-08-23 15:46:50,14,14_mediático_periodístico_político,8.216537,5.182208,9.80774,2.8292873
1591,La innovación reducida a la franquicia,El ajuste en universidades y centros de investigación,,2018-08-24 09:58:02,37,37_astrónomo_ciencia_universo,7.789115,6.8280616,9.69112,0.47872865
1592,Matar con onda,Fortnite,,2018-08-27 11:59:31,2,2_fifa_futbolista_fútbol,8.592707,5.2699633,10.19586,1.859032
1593,Belleza y vandalismo,Asesinato de un graffitero,,2018-08-28 09:28:47,24,24_arte_artes_art,9.506347,4.284583,13.055702,-2.115113
1594,"Cuadernos, ejércitos y guerrilleros",La pelea por la primicia,,2018-08-28 14:23:14,19,19_periodista_periodístico_periódico,8.71651,4.9979305,12.902491,1.2663888
1595,"Un futuro de reinas, aliens y música",La cultura negra: entre la herencia y la potencia,,2018-08-29 10:23:51,28,28_futuro_pandemia_crisis,8.478465,5.5039315,10.352004,-0.27130884
1596,Sin país no hay universidad,Marcha por la educación pública,,2018-08-31 12:49:26,5,5_pedagógico_enseñanza_escolar,10.533002,5.761401,3.955062,-2.861472
1597,"Vocación, autonomía y deseo",La universidad pública,,2018-08-31 18:10:37,5,5_pedagógico_enseñanza_escolar,5.9897804,5.992775,3.7530277,-2.858873
1598,¿Cuánto vale pasar un día en una facultad?,Defensa de la universidad pública,,2018-09-02 14:21:51,5,5_pedagógico_enseñanza_escolar,6.0105324,6.049588,3.6863713,-3.061402
1599,El cementerio de los economistas,#20añosIDAES Lecturas de la crisis,,2018-09-03 14:56:57,4,4_déficit_deuda_endeudamiento,10.312299,6.2902613,7.755233,3.9426246
1600,El presidente está triste,Lecturas de la crisis,,2018-09-03 15:55:41,10,10_boliviano_bolivia_político,10.263574,7.726226,7.627284,4.123224
1601,¿Queremos saber de verdad lo que puede pasar?,Lecturas de la crisis,,2018-09-04 14:33:49,4,4_déficit_deuda_endeudamiento,8.051118,7.1081524,8.323777,4.0847173
1602,Un brunch en el galpón,Arte y ciudades,,2018-09-05 12:01:51,24,24_arte_artes_art,8.494847,5.4806094,12.983823,-2.173152
1603,"Libertad, igualdad y 2001",Lecturas de la crisis,,2018-09-06 09:03:15,0,0_político_política_electoral,10.81554,6.699055,8.495076,4.9674797
1604,Lola Arias y la guerra de guerrillas,El arte de contar Malvinas,,2018-09-07 10:24:18,24,24_arte_artes_art,7.9374113,2.4848146,12.624481,-2.2752218
1605,Diez días que conmovieron a Macri,Lecturas de la crisis,,2018-09-07 12:33:19,0,0_político_política_electoral,10.141794,7.8110504,7.7695913,4.6441884
1606,“En Clarín se angostó como nunca la posibilidad de pensar distinto”,"Julio Blanck, el periodismo y la política",,2018-09-10 11:26:41,19,19_periodista_periodístico_periódico,9.002213,2.8871615,12.896159,1.3585274
1607,La Osa Poderosa de Eloísa Cartonera,La editorial cumple 15 años,,2018-09-12 10:44:54,3,3_literario_escritora_autor,8.213252,2.492926,6.6705356,-4.9638066
1608,La paradoja del intelectual comunista,Pensamiento crítico y lealtad,,2018-09-13 10:03:33,24,24_arte_artes_art,9.269003,3.591659,12.363432,-1.9684647
1609,El esqueleto de la historia,El incendio del Museo Nacional de Brasil,,2018-09-13 14:34:23,16,16_brasil_brasilero_brasilia,10.334042,3.6525166,12.279741,-1.9564154
1610,La culpa no es del jurado,"El carnicero ""justiciero""",,2018-09-14 16:49:47,23,23_justicia_judicial_juzgado,9.9225855,5.1484675,11.117038,4.156828
1611,"""Tenés que estar despojado de todo para ser considerado pobre""",Conversación con Mayra Arena,,2018-09-17 10:59:57,5,5_pedagógico_enseñanza_escolar,9.260082,7.0137362,4.432799,-2.938583
1612,"Perdón Baby, pero el mundo ya no te pertenece",Etchecopar y su discurso de odio,,2018-09-17 12:58:09,1,1_feminismo_feminista_patriarcado,4.4593472,3.549762,9.543628,-3.5568798
1613,¿Cuándo se jodió el progresismo?,Corrupción y una nueva ética pública,,2018-09-18 11:04:36,16,16_brasil_brasilero_brasilia,10.438626,6.1588907,7.134855,7.81933
1614,Adiós al padre del Cordobesismo,La muerte de José Manuel de la Sota,Cordobesismo,2018-09-18 17:47:49,0,0_político_política_electoral,11.448376,4.8572946,7.569344,5.073515
1615,La eternidad no dura demasiado,"Pueblos originarios, identidad andina",,2018-09-19 15:05:51,29,29_ficción_protagonista_personaje,9.109627,5.661029,10.742456,-2.1167061
1616,Me llegó una carne de primera,El asado argentino,,2018-09-20 10:48:23,15,15_sindicalismo_reforma_político,8.781933,2.1594453,6.8777623,-0.22123735
1617,Re-editar la historia oficial,Brasil según Adirley Queirós,Brasil; Cine; Internacional,2018-09-20 13:21:47,16,16_brasil_brasilero_brasilia,10.285914,3.5293996,10.958522,-2.0820394
1618,La pueblada feminista,De movimiento social a resistencia política,,2018-09-21 10:27:21,7,7_aborto_abortar_anticonceptivo,5.3025355,2.9553466,10.052923,-5.7927437
1619,El Diego de Sinaloa,Carta de un culichi a Maradona,,2018-09-21 13:15:48,41,41_pobreza_inmobiliario_habitante,10.105173,2.2106597,6.8767323,-0.6468231
1620,Un pañuelo que diga poliamor,Afectos disidentes,,2018-09-24 10:24:58,29,29_ficción_protagonista_personaje,5.906183,3.794379,10.267519,-2.4144778
1621,La larga marcha de un lonko para volver a su tierra,Bordar el genocidio,,2018-09-24 11:37:05,26,26_fotoperiodismo_retratar_retrato,9.330895,3.940635,12.181352,-2.721448
1622,Respuestas para confrontar a los antiderechos,En defensa de la ESI,,2018-09-26 09:28:08,5,5_pedagógico_enseñanza_escolar,4.2075586,3.6495996,9.5838,-5.8840985
1623,A lo lejos se escucha venir,Las otras CGT,,2018-09-26 22:25:45,15,15_sindicalismo_reforma_político,10.010058,7.3135276,6.887095,0.8560462
1624,El arquitecto,"Macri, Ayn Rand y el Newman",,2018-09-27 17:15:08,0,0_político_política_electoral,11.367222,4.973762,8.348398,4.1804037
1625,Del football al fulbito,Latinoamérica y el deporte máximo,,2018-10-01 12:49:33,2,2_fifa_futbolista_fútbol,10.617401,2.3006434,5.2558055,11.566571
1626,¿Quién le teme a Agustín Laje?,La derecha sub30,Derechas; Liberalismo,2018-10-02 08:29:44,1,1_feminismo_feminista_patriarcado,9.54545,3.6297057,7.2784286,-5.0260596
1627,Rapeá con Cazzu,El fenómeno Trap,,2018-10-03 12:14:34,22,22_música_musical_músico,9.178798,2.0373654,14.623302,-4.1274776
1628,No dormirás tranquilo en Villa Crespo,Buenos Aires Arena o el extractivismo urbano,,2018-10-03 14:39:03,41,41_pobreza_inmobiliario_habitante,9.43808,6.1793723,6.672253,-0.75819814
1629,La escuela del pasado no fue brillante ni gloriosa,Denuncias y nostalgia,,2018-10-04 09:31:19,5,5_pedagógico_enseñanza_escolar,6.5490255,4.6650496,3.7321923,-3.4914484
1630,Matar al príncipe azul,Justicia para Soledad,,2018-10-04 12:40:25,1,1_feminismo_feminista_patriarcado,5.941804,3.2148454,9.02653,-3.9204762
1631,Samba do paravalancha,Historia incompleta de las canciones de cancha,,2018-10-05 09:15:45,22,22_música_musical_músico,8.72944,2.0620332,15.041829,-4.1386595
1632,El profesor que puede frenar a Bolsonaro,Fernando Haddad,Brasil; Internacional; Jair Bolsonaro,2018-10-05 12:16:23,16,16_brasil_brasilero_brasilia,11.9404,4.245036,7.0081744,8.331778
1633,"Con B de Bolsonaro: bala, biblia, buey",La ultraderecha en Brasil,Brasil; Internacional; Jair Bolsonaro,2018-10-08 10:26:46,16,16_brasil_brasilero_brasilia,11.789985,4.2043386,6.962626,8.37032
1634,Capitalismo con tracción a sangre,Fenómeno Rappi,,2018-10-09 17:25:39,15,15_sindicalismo_reforma_político,9.807877,7.3193383,6.324324,1.2472577
1635,Por qué Bolsonaro,Elecciones en Brasil,Brasil; Internacional; Jair Bolsonaro,2018-10-11 15:09:36,16,16_brasil_brasilero_brasilia,11.870421,4.294596,6.9914384,8.336402
1636,Tenés que ser delegada,Mujeres sindicalistas,,2018-10-12 09:52:47,1,1_feminismo_feminista_patriarcado,4.962863,2.7533097,10.312005,-4.196231
1637,El poder real del voto confesional,¿A quiénes votan los evangélicos?,Brasil; Evangélicos; Internacional; Religion,2018-10-12 13:05:25,13,13_papal_catolicismo_arzobispo,11.93554,2.9562616,-1.6275581,7.468094
1638,Los que luchan y los que lloran,Montoneros y Palestina: de la Revolución a la dictadura,24M: Día de la memoria por la verdad y la justicia; Derechos Humanos; Israel; Memoria,2018-10-12 16:17:21,27,27_israel_netanyahu_israelí,11.189639,7.8666844,14.597823,6.399483
1639,¿Dónde quedó el hombre amable brasileño?,La ultraderecha de Bolsonaro,Brasil; Dilma Rousseff; Internacional; Jair Bolsonaro; Lula da Silva,2018-10-16 16:24:11,16,16_brasil_brasilero_brasilia,12.007004,4.1853275,7.078933,8.116709
1640,Colectivizar el cuerpo feminista,De lo personal a lo político,,2018-10-18 17:24:44,1,1_feminismo_feminista_patriarcado,4.9565616,3.032815,9.94954,-4.1389503
1641,¿Qué era la corrección política?,La derecha en la vida cotidiana,,2018-10-19 11:37:27,16,16_brasil_brasilero_brasilia,11.89459,4.165541,9.092248,3.9050088
1642,Desafiar las fronteras,#20AñosIDAES Mujeres migrantes,Migración,2018-10-24 10:28:28,1,1_feminismo_feminista_patriarcado,5.163471,2.9466047,9.509705,-3.6680524
1643,¿Queda lugar para el optimismo?,Bolsonaro presidente,Brasil; Internacional; Jair Bolsonaro,2018-10-29 12:32:33,16,16_brasil_brasilero_brasilia,11.997496,4.0617566,7.0238085,8.273128
1644,El día que la derecha comenzó a ganar en Brasil,Las marchas de 2013,Brasil; Internacional,2018-10-30 09:39:47,16,16_brasil_brasilero_brasilia,10.850011,4.2836194,6.990533,8.343187
1645,"Roberto Jacoby, el anticipador",Pensamiento Contemporáneo en Rosario,Roberto Jacoby; Rock Nacional,2018-10-30 14:27:44,24,24_arte_artes_art,8.650878,2.501428,12.905157,-2.1483214
1646,La chatarra de la comida chatarra,Las trampas del supermercado,,2018-10-31 10:27:40,20,20_ríos_río_arroyo,8.473826,7.868333,4.999237,-0.79768795
1647,"Nerd, libre y feminista",Comunidad Futurock,,2018-11-02 13:00:01,22,22_música_musical_músico,5.2684546,2.7455556,10.976948,1.7192003
1648,No sé cómo seré en el futuro,Adolescencia trans,,2018-11-05 10:43:35,1,1_feminismo_feminista_patriarcado,5.416027,3.8192823,9.559206,-4.069327
1649,Un año venezolano parecen tres de otro país,Socialismo y precio del arroz,Internacional; Venezuela,2018-11-06 11:04:47,32,32_catástrofe_desastre_tragedia,10.579337,3.8913949,6.7285953,-0.67163235
1650,"Pobreza cero, unir a los argentinos, vuelven los visitantes","Superclásico, hinchas y espectadores",,2018-11-07 14:18:25,2,2_fifa_futbolista_fútbol,11.691554,5.4634237,5.6865172,11.285961
1651,El 17 de octubre de las putas,Feminismos y trabajo sexual,,2018-11-08 10:23:45,1,1_feminismo_feminista_patriarcado,5.3658757,2.909298,10.426764,-4.266997
1652,La memoria viva del cine argentino,José Martínez Suárez,,2018-11-09 07:37:09,38,38_bailarín_tango_protagonista,8.404441,2.8283846,11.017636,-2.0645623
1653,Hasta que sea ley,"Aborto legal, seguro y gratuito",,2018-11-09 11:03:45,7,7_aborto_abortar_anticonceptivo,4.2977824,3.7249818,10.082656,-6.3084097
1654,Trump y los medios: el debate,Elecciones en Estados Unidos,,2018-11-12 09:39:08,14,14_mediático_periodístico_político,12.211374,7.04012,9.982644,2.9669044
1655,Marxismo y melancolía,Enzo Traverso y una relectura del socialismo,,2018-11-12 12:13:46,3,3_literario_escritora_autor,10.909894,6.6711864,10.208702,0.5653557
1656,"Gestionamos, no hacemos política",Gobernar Buenos Aires,,2018-11-13 10:22:46,41,41_pobreza_inmobiliario_habitante,11.277257,5.459156,7.2471786,5.247847
1657,Un mundo sin sexo legal,Caro Gero y su nuevo DNI,,2018-11-14 09:51:29,1,1_feminismo_feminista_patriarcado,5.743226,3.568637,9.412721,-4.503443
1658,Tu ruta es mi ruta,"Trump, Macri y América Latina",,2018-11-14 13:29:57,21,21_soviética_soviético_vladimir,10.583414,5.72647,6.9204845,3.2420535
1659,Ese juego que las hace felices,Fútbol femenino,Fútbol femenino,2018-11-15 12:04:14,2,2_fifa_futbolista_fútbol,11.088004,2.24407,5.876157,11.681817
1660,No nos dejen afuera,Hombres gays y la Marcha del Orgullo,LGBTIQ+; Orgullo,2018-11-15 16:47:14,40,40_manifestación_feminista_multitud,6.070835,4.198872,9.160949,4.910591
1661,Lara Croft en el ring de Karadagián,Titánides en el ring,,2018-11-16 10:10:48,1,1_feminismo_feminista_patriarcado,8.19814,2.911331,9.707114,-3.6865273
1662,El ajuste es machista,Crisis económica,,2018-11-20 10:45:59,1,1_feminismo_feminista_patriarcado,9.235433,7.600421,10.449793,-4.533042
1663,Toda desigualdad es política,Democracias capturadas,,2018-11-20 20:35:46,4,4_déficit_deuda_endeudamiento,9.501242,6.968203,8.628404,3.8442807
1664,"Vivir y morir con el ""espíritu de buque""",Los submarinistas del ARA San Juan,,2018-11-21 12:29:56,33,33_submarino_marino_naufragio,8.798073,6.0865808,3.798615,0.36599284
1665,De la ira a la acción colectiva,Winnie Byanyima,,2018-11-22 09:07:40,1,1_feminismo_feminista_patriarcado,8.572022,5.404002,9.027615,-3.2935739
1666,Todo lo que usted quiere saber sobre los evangélicos y le contaron mal,#20AñosIDAES Religión y política,Brasil; Evangélicos; Internacional; Religion,2018-11-22 09:21:57,13,13_papal_catolicismo_arzobispo,11.897047,2.9839551,-1.6485581,7.4531455
1667,"""Debemos demostrar la eficacia de las viejas ideas de Marx""",Marx 200 años,,2018-11-22 11:11:03,37,37_astrónomo_ciencia_universo,10.442608,6.5624275,10.204395,0.3453766
1668,Anfibia está en línea,Sumate a nuestro WhatsApp,,2018-11-22 12:56:28,14,14_mediático_periodístico_político,6.882894,5.1290154,10.732959,2.464261
1669,Mil varones piensan la deconstrucción,Nuevas masculinidades,,2018-11-23 14:23:49,1,1_feminismo_feminista_patriarcado,5.6585975,3.0459735,9.8062,-4.503759
1670,La violencia es un mandato,"River, Boca y la cultura de la pedrada",Barras bravas; Boca Juniors; Fútbol; Violencias,2018-11-25 10:09:18,2,2_fifa_futbolista_fútbol,8.704796,5.2093353,5.6264153,11.096825
1671,La mala víctima versión 1955,Laboratorio de Periodismo Performático,#NiUnaMenos,2018-11-26 10:51:32,24,24_arte_artes_art,8.0460205,4.4359283,12.592551,-2.2993317
1672,La coolture,Cultura en formato cool & pop,,2018-11-26 16:23:41,31,31_digital_internet_tecnología,7.4070263,3.3061328,10.640995,1.5302038
1673,Una tribu de salvajes sin futuro,"River-Boca y el ""país de mierda""",,2018-11-27 10:55:19,2,2_fifa_futbolista_fútbol,9.44258,5.581642,7.184284,3.357176
1674,Neoliberalismo versión empeorada,El aparente clivaje europeo,,2018-11-27 12:24:34,0,0_político_política_electoral,10.728129,6.394755,7.707094,3.8816323
1675,La internacional republicana,#20AñosIDAES G20 y Argentina,,2018-11-28 17:55:22,18,18_chileno_chile_político,10.416995,5.811632,7.1180916,3.682376
1676,Imposible violar a una mujer tan viciosa,Lucía Pérez y la Justicia patriarcal,,2018-11-29 19:34:15,25,25_violencia_feminismo_feminista,6.5425124,3.9297647,8.467774,-4.0126686
1677,"Se va el G20, quedan las balas",Marchar con la ciudad blindada,,2018-12-01 14:16:36,0,0_político_política_electoral,10.73924,5.937917,8.69128,4.739279
1678,De Washington a Pekín,Del G20 al G2,,2018-12-02 15:35:46,21,21_soviética_soviético_vladimir,10.991278,7.2846417,7.099833,2.8582942
1679,El tema capital que le faltó a El Capital,Críticas feministas al marxismo,,2018-12-03 10:00:50,1,1_feminismo_feminista_patriarcado,5.48813,3.311581,10.471512,-4.249871
1680,¿Qué debe hacer la escuela con las familias anti ESI?,Educación Sexual Integral en las aulas,,2018-12-04 12:41:12,5,5_pedagógico_enseñanza_escolar,5.755106,5.5928736,3.8326142,-3.5352774
1681,La Corte Suprema dividida en tres,Genocidas sin 2x1 y el futuro de los supremos,,2018-12-05 13:44:45,23,23_justicia_judicial_juzgado,9.983582,5.4714093,11.300009,4.327116
1682,Diez años sin berretines,#IDAES20Años CUSAM,Cárceles,2018-12-06 10:43:03,5,5_pedagógico_enseñanza_escolar,6.0601454,6.057937,3.8345602,-2.7722263
1683,¿Te jubilarías a los 30?,Cultura Silicon Valley,,2018-12-07 13:04:16,15,15_sindicalismo_reforma_político,9.483749,7.8721337,6.9021597,0.6225679
1684,¿A dónde van los chalecos amarillos?,Rebelión en Francia,,2018-12-10 13:10:07,15,15_sindicalismo_reforma_político,10.456088,7.814047,12.410122,6.182996
1685,"Grabois, el renovador",#20AñosIDAES Kirchnerismo 2019,Escuela IDAES; UNSAM,2018-12-11 12:14:33,0,0_político_política_electoral,11.355017,4.9088116,8.312955,4.079151
1686,¡CORTEN!,#MiráCómoNosPonemos,,2018-12-13 12:57:45,15,15_sindicalismo_reforma_político,7.475315,3.6001914,6.8872685,0.8656052
1687,Heridos sin habernos tocado,Poliamor,,2018-12-14 11:07:42,40,40_manifestación_feminista_multitud,7.6499753,2.7613413,6.7861123,-1.3676224
1688,Los nuevos dueños de la democracia,Informe Oxfam/CLACSO,,2018-12-17 10:19:18,0,0_político_política_electoral,10.261003,6.1370606,7.715936,4.5206604
1689,Peligros y placeres del consumo irónico,Todo es Fake,,2018-12-19 11:14:24,14,14_mediático_periodístico_político,7.4146457,5.622385,10.838943,2.0900779
1690,Un bondi al gueto Nordelta,Discriminación y espacio público,,2018-12-20 09:44:01,41,41_pobreza_inmobiliario_habitante,9.513056,6.423731,7.138075,-1.3400949
1691,El malestar de la política,"Mitos, categorías y ciencias sociales",,2018-12-21 10:32:05,15,15_sindicalismo_reforma_político,8.285032,6.7040315,6.533601,1.3569521
1692,Amor en 360 grados,Poliamor,Anfibia Papel,2018-12-21 15:19:09,1,1_feminismo_feminista_patriarcado,7.822061,2.4092898,10.176097,-2.7719827
1693,Contra la astrología,Pseudociencia y zodíaco,,2018-12-26 11:43:56,37,37_astrónomo_ciencia_universo,7.178373,6.6272516,9.975177,0.12962231
1694,Las izquierdas y el camino del populismo,El pensamiento de Enzo Traverso,,2018-12-26 19:17:49,28,28_futuro_pandemia_crisis,10.819002,6.5104356,8.727956,3.3092325
1695,La era de las sensibilidades autoritarias,Verano conservador,,2018-12-28 00:30:55,16,16_brasil_brasilero_brasilia,10.287597,6.165855,7.5164456,4.4509406
1696,¿Cuál es la clave?,SNetwork: la Internet alternativa de La Habana,,2019-01-02 11:09:59,31,31_digital_internet_tecnología,10.710035,3.743005,10.851599,1.8363171
1697,La inmensa minoría,Elecciones 2019 y paridad de género,,2019-01-03 12:10:39,1,1_feminismo_feminista_patriarcado,4.8713536,2.9020813,10.022169,-5.194768
1698,Los influencers de Bolsonaro,Campañas digitales,Brasil; Internacional; Jair Bolsonaro,2019-01-04 10:31:57,16,16_brasil_brasilero_brasilia,11.882865,4.2823915,6.9923697,8.331457
1699,La tentación de la Macrisis,Cambiemos y el fin del primer mandato,,2019-01-07 11:37:46,4,4_déficit_deuda_endeudamiento,10.18326,7.743981,7.904143,3.9997382
1700,La marca de la equis,Género fluido y nuevas identidades,,2019-01-08 11:12:52,1,1_feminismo_feminista_patriarcado,8.102292,2.3498514,9.578178,-4.043932
1701,¿Cómo pega el peyote?,Búsqueda espiritual en el desierto mexicano,,2019-01-09 11:02:08,20,20_ríos_río_arroyo,8.745013,6.312882,5.3717613,-1.1082472
1702,A favor de la astrología,Espiritualidad y saberes no medibles,Astrología,2019-01-10 11:17:01,37,37_astrónomo_ciencia_universo,7.228217,6.6593647,9.988583,0.12342262
1703,Un porteño en el otro Tercer Mundo,¿Qué vidas cambia un voluntariado en África?,,2019-01-11 11:47:15,2,2_fifa_futbolista_fútbol,10.55853,4.5632973,5.878993,11.498908
1704,Borges y los libros del sótano,Búsqueda en la Biblioteca Nacional,,2019-01-14 11:22:20,3,3_literario_escritora_autor,7.822258,2.2896945,6.6750793,-5.4136333
1705,Es fácil culpar al ratón,Brote de Hantavirus en la Patagonia,Rosariocronica,2019-01-15 12:10:02,8,8_epidemia_vacunar_virus,7.583813,7.7500167,8.360025,0.6199879
1706,Cada cual en su círculo sin molestar,Bolsonaro-Macri: el neoliberalismo autoritario,,2019-01-16 16:01:02,16,16_brasil_brasilero_brasilia,11.314645,6.4002275,7.1789775,7.7354574
1707,Rapsodia bohemia tropical,Nicola Cruz: electrónica orgánica,,2019-01-18 11:19:58,22,22_música_musical_músico,9.131871,2.0103278,14.574237,-3.7275355
1708,Femicidios de Estado,Muertas o forzadas a maternar,#NiUnaMenos; Día internacional de la eliminación de la violencia contra las mujeres,2019-01-21 14:40:22,25,25_violencia_feminismo_feminista,6.3575935,3.9405599,8.685868,-3.7531202
1709,¿Podrá AMLO apagar tanto fuego?,Explosión en México,,2019-01-22 12:23:21,39,39_morir_muerte_moribundo,9.596312,4.7045245,9.137203,-1.2284768
1710,"Venezuela, esa herida absurda",¿Qué tipo de régimen es el venezolano?,Internacional; Venezuela,2019-01-24 16:55:27,10,10_boliviano_bolivia_político,11.300646,4.00122,6.91861,4.374596
1711,Mujeres: adentro y afuera de la caja de cristal,La performance y lo real,,2019-01-25 15:45:56,24,24_arte_artes_art,8.290845,2.9658575,10.813552,-3.0474102
1712,Venezuela y las brújulas ideológicas,Crítica y rescate del giro a la izquierda,Internacional; Venezuela,2019-01-28 10:33:49,10,10_boliviano_bolivia_político,11.215488,4.495808,7.3951464,4.413582
1713,"Argumentos progres, fallos neoliberales",El uso privado de la Justicia,,2019-01-29 14:05:30,23,23_justicia_judicial_juzgado,9.917363,5.804688,11.270514,4.258712
1714,Violencia térmica,Un día en el infierno,,2019-01-30 12:34:32,20,20_ríos_río_arroyo,9.937491,3.6787565,5.6066003,-1.1931083
1715,Es hora de hablar de pitos,La circuncisión a los cuarenta,,2019-01-31 12:45:58,39,39_morir_muerte_moribundo,6.78617,6.8805184,9.45885,-2.739956
1716,El teatro de la posverdad,FIBA 2019,,2019-02-01 09:58:37,24,24_arte_artes_art,7.651752,4.0328126,12.799119,-2.1538796
1717,Porno y amor,Crónicas de viaje,,2019-02-04 10:19:05,1,1_feminismo_feminista_patriarcado,8.86974,2.5010862,10.109296,-2.696451
1718,Guaidó y los caimanes,El mapa de la oposición venezolana,Internacional; Venezuela,2019-02-05 10:50:23,10,10_boliviano_bolivia_político,11.27109,4.04908,7.0543737,3.7207348
1719,Aquí no se hace más el amor,Poliamor,,2019-02-06 10:17:02,1,1_feminismo_feminista_patriarcado,7.541888,2.8708544,10.053675,-2.884613
1720,La nueva diva es millennial,El fenómeno Rosalía,,2019-02-07 12:04:00,22,22_música_musical_músico,8.449358,2.1312764,14.792564,-3.869958
1721,"Manu Lozano, por encima y por abajo del Estado",Solidaridad y antipolítica,,2019-02-08 10:24:33,5,5_pedagógico_enseñanza_escolar,9.879306,6.582409,4.647575,-2.6670985
1722,La conversión de la piba,Patricia Bullrich,Perfil político,2019-02-11 12:04:32,0,0_político_política_electoral,11.200118,4.9347706,7.528292,5.1974025
1723,Científicas y mágicas,El estudio de las creencias,,2019-02-12 10:35:45,37,37_astrónomo_ciencia_universo,7.286935,6.800231,9.966675,0.18502401
1724,"Diego, Leo, Trinche",Un crack sin Youtube,,2019-02-13 10:53:34,2,2_fifa_futbolista_fútbol,9.969065,2.3234832,5.5418215,11.4153595
1725,Concurso de Microensayos,,,2019-02-13 15:44:23,24,24_arte_artes_art,7.6224775,2.8985884,12.846833,-2.1820538
1726,"Informar, ocultar, operar",La causa D'Alessio,,2019-02-15 14:04:46,19,19_periodista_periodístico_periódico,8.325814,4.59026,12.923229,1.3146363
1727,Del escrache a la pedagogía del deseo,Feminismo estudiantil,Punitivismo,2019-02-18 14:06:52,5,5_pedagógico_enseñanza_escolar,5.822471,2.8181505,8.920976,-4.894823
1728,Todo por diez pesos,La represión policial a los productores de alimentos,,2019-02-19 14:26:56,4,4_déficit_deuda_endeudamiento,9.165173,6.765603,7.1851187,0.46549034
1729,"Por un fútbol feminista, disidente y profesional",Macarena Sánchez,,2019-02-21 12:50:07,2,2_fifa_futbolista_fútbol,8.724389,2.0194464,5.6118608,11.4116535
1730,El reflejo de resistir,Filosofía de la violencia,,2019-02-22 10:23:26,1,1_feminismo_feminista_patriarcado,8.265651,5.338292,9.583062,-2.9309185
1731,Respuestas para la página en blanco,Sex education y el deseo centennial,Netflix; Zapping cultural,2019-02-26 12:14:05,7,7_aborto_abortar_anticonceptivo,5.7285113,3.7702074,10.14669,-6.0139403
1732,70 años de hegemonía y emociones,El peronismo como espejo,,2019-02-28 10:12:54,0,0_político_política_electoral,10.223227,5.4989233,7.974633,5.260544
1733,Debajo de la alfombra,El método Konmarie,,2019-03-01 13:05:53,3,3_literario_escritora_autor,6.797772,2.7061203,6.706288,-4.9248176
1734,Todos los colores que forman el verde,8M: las pibas y la política,,2019-03-06 15:13:23,1,1_feminismo_feminista_patriarcado,4.8978786,2.9998171,10.061559,-5.1652684
1735,¿Hacia dónde vamos?,8M y el feminismo,8M: Paro internacional y plurinacional de mujeres y disidencias,2019-03-07 14:56:54,1,1_feminismo_feminista_patriarcado,5.241322,2.8771296,9.856099,-4.7271705
1736,"“No se nace mujer, llega una a serlo”","Marlene Wayar, patriarcado y biologicismo",,2019-03-08 10:51:16,1,1_feminismo_feminista_patriarcado,5.5275574,3.2462204,9.939337,-4.4933486
1737,Por qué volvías cada 8 de marzo,Paro Internacional de Mujeres,8M: Paro internacional y plurinacional de mujeres y disidencias,2019-03-08 16:17:05,25,25_violencia_feminismo_feminista,9.8695755,3.45246,8.176373,-2.873181
1738,La antropóloga que incomoda,Rita Segato en la UNSAM,Punitivismo,2019-03-08 18:01:12,1,1_feminismo_feminista_patriarcado,5.901932,2.7043488,9.969013,-5.065978
1739,Nosotres paramos,Ensayo fotográfico del 8M,,2019-03-09 13:52:36,1,1_feminismo_feminista_patriarcado,10.373803,4.1143656,10.052778,-4.8038483
1740,Hay secretos que no vuelven al armario,Entre la libertad de expresión y la propiedad intelectual,,2019-03-11 14:36:40,3,3_literario_escritora_autor,6.2556057,4.0701656,6.939216,-5.1707664
1741,Víctima de la espontaneidad,Del relato al desengaño,,2019-03-13 15:01:46,0,0_político_política_electoral,10.125784,6.161087,7.967182,5.200141
1742,Por qué no somos Finlandia,La educación de la era Cambiemos,,2019-03-15 10:43:06,5,5_pedagógico_enseñanza_escolar,5.817627,5.751823,3.6276987,-3.0944102
1743,Un click y no trabajás más,Plataformas: una serie documental,,2019-03-18 10:45:41,15,15_sindicalismo_reforma_político,9.96269,7.2720265,6.252246,1.2893964
1744,Game over o la política del sinceramiento,Ideología y macrismo,,2019-03-19 11:04:44,0,0_político_política_electoral,11.0606785,3.7488635,8.302073,4.8566203
1745,¿Dónde están las gordas?,Laboratorio de Periodismo Performático,,2019-03-20 14:49:22,39,39_morir_muerte_moribundo,7.1912174,4.9331856,9.574807,-1.9606923
1746,El deseo y la ciénaga,El factor Lavagna,Elecciones; Lavagna,2019-03-21 09:12:31,0,0_político_política_electoral,11.271627,6.0019746,7.910843,5.422218
1747,¿Con mucho esfuerzo lo consigo?,Laboratorio de Periodismo Performático,,2019-03-21 14:47:02,19,19_periodista_periodístico_periódico,7.8095136,5.0711823,12.9624405,1.1611533
1748,“¿Qué capacidad de consentir tenías?”,Miriam Lewin y una memoria feminista del 24M,24M: Día de la memoria por la verdad y la justicia; Derechos Humanos; Dictadura,2019-03-22 12:57:30,1,1_feminismo_feminista_patriarcado,6.379694,4.0171146,9.836272,-3.8401563
1749,"Orden, escucha y gobernanza",Elecciones 2019,,2019-03-26 10:36:42,0,0_político_política_electoral,11.185533,5.559977,8.213797,4.4547944
1750,Todes emprendedores,Economía colaborativa,,2019-03-27 10:36:07,15,15_sindicalismo_reforma_político,9.463702,7.393672,6.4904695,1.362272
1751,No era un niño más,Michael Jackson y el abuso infantil,,2019-03-29 15:15:38,11,11_asesino_testimonio_testigo,6.6804776,3.753631,7.6144414,-2.5962899
1752,¿Qué vamos a hacer cuando recuperemos las Malvinas?,La soberanía de las Islas,Malvinas,2019-04-01 10:52:18,33,33_submarino_marino_naufragio,8.826113,5.9065638,3.7827518,0.40585518
1753,Las dos aplicaciones que transforman ciudades,Plataformas: una serie documental,,2019-04-03 09:59:19,31,31_digital_internet_tecnología,7.911694,6.5282526,9.6892395,2.8881252
1754,¿Por qué no estalla?,Aumento de la pobreza,Movimientos sociales,2019-04-03 12:57:48,41,41_pobreza_inmobiliario_habitante,9.132315,7.7021484,6.975556,0.062416334
1755,El deseo de revancha social,4x4,,2019-04-04 16:35:31,29,29_ficción_protagonista_personaje,8.946333,5.569668,10.582632,-2.125283
1756,¿Felices de qué?,Adelanto,,2019-04-05 11:28:50,37,37_astrónomo_ciencia_universo,9.36504,2.267145,10.160335,0.68814147
1757,Cambiemos y el sacrificio del futuro,¿De populistas a conservadores?,,2019-04-08 11:29:24,0,0_político_política_electoral,11.265554,6.521099,8.257688,4.8663344
1758,“¿Quién soy yo para juzgar?”,Corrupción e hipocresía en la Iglesia Católica,,2019-04-09 13:12:22,13,13_papal_catolicismo_arzobispo,11.932421,2.536908,-1.8015358,7.55309
1759,La arqueóloga de la historia feminista,Perfil de Dora Barrancos,,2019-04-10 12:14:19,1,1_feminismo_feminista_patriarcado,6.336927,2.6213088,9.901797,-4.423685
1760,El barón de la carne,Alberto Samid,,2019-04-12 14:10:15,23,23_justicia_judicial_juzgado,9.812569,6.085395,9.388441,4.0601144
1761,Mi voz estrangulada,Día Mundial de la Voz,,2019-04-16 10:56:41,39,39_morir_muerte_moribundo,7.262652,7.2334723,8.527173,-0.22026384
1762,El amor en la cama de un hotel,Performance de Fernando Rubio,,2019-04-17 10:48:24,29,29_ficción_protagonista_personaje,7.5343585,2.9224763,10.296341,-2.2276106
1763,Panóptico a cielo abierto,Algoritmos y reconocimiento facial,,2019-04-22 10:36:47,31,31_digital_internet_tecnología,7.5391874,5.9756675,10.045862,1.6270163
1764,Los colores de la ciudadanía,Racismo en América Latina,Racismo,2019-04-23 10:36:20,0,0_político_política_electoral,9.036911,6.1469054,7.948938,4.2348366
1765,Una noche en los zapatos del rey,Mario Pereyra y la cumbia santafesina,Rosario; Rosariocronica,2019-04-24 11:05:41,22,22_música_musical_músico,9.275651,2.1222658,14.7005005,-4.0826035
1766,"No sos vos, es el mercado del deseo",El fin del amor,,2019-04-25 10:57:13,1,1_feminismo_feminista_patriarcado,5.4669523,3.4741437,9.760499,-3.8323767
1767,Las virtudes de la desobediencia,Feria Internacional del Libro,,2019-04-25 20:40:38,3,3_literario_escritora_autor,5.4697723,2.9514487,6.9952474,-5.176142
1768,Las batallas maricas,"Voguing, el baile que libera",,2019-04-26 13:59:39,38,38_bailarín_tango_protagonista,6.2568355,3.7692978,14.173861,-3.8811617
1769,Seis mil millones en la caja de un camión,Cosecha récord sin infraestructura,,2019-04-30 09:27:56,20,20_ríos_río_arroyo,8.627613,7.6141,5.830088,-0.9490392
1770,Amor blindado,"Evita, nacida para molestar",,2019-04-30 18:50:04,29,29_ficción_protagonista_personaje,8.178925,2.419401,10.817354,-2.1624482
1771,¿Los derechos humanos importan en las decisiones económicas?,Protección social y deuda,,2019-05-02 14:11:48,4,4_déficit_deuda_endeudamiento,9.302914,7.6619883,10.433221,5.417825
1772,Los algoritmos no están deconstruidos,Plataformas: una serie documental,,2019-05-03 10:54:39,1,1_feminismo_feminista_patriarcado,7.553173,6.2772655,9.765248,-4.2041554
1773,Siento ganas de sacarte del silencio,Los Escogidos,,2019-05-03 15:54:08,20,20_ríos_río_arroyo,9.037207,3.416813,7.0527143,-2.0632758
1774,"Soja, cumbia y periodismo","19, una cartografía narrativa de Santa Fe",Carrouselrosario; Rosario,2019-05-04 01:09:02,19,19_periodista_periodístico_periódico,8.188055,2.8844185,12.560608,0.58900714
1775,El fantasma de Instagram recorre América,Elecciones 2019,,2019-05-06 13:28:41,14,14_mediático_periodístico_político,11.085839,5.599984,9.978594,2.8296862
1776,"Bienvenido, Doctor, al verdadero subsuelo de la patria",Perfil de Alejo Ramos Padilla,,2019-05-07 12:35:33,23,23_justicia_judicial_juzgado,10.0702505,4.875008,11.307663,4.059214
1777,“Tengo un problema: cada día soy más peronista”,El último asado de Dante Gullo,,2019-05-08 15:52:45,11,11_asesino_testimonio_testigo,9.743417,3.2019818,7.087649,-1.0572228
1778,Elige tu propia Evita,Las apropiaciones de un mito,,2019-05-09 12:30:28,0,0_político_política_electoral,10.891014,6.120541,7.9532585,4.9173455
1779,El modelo voraz de una empresa unicornio,Mercado Libre,,2019-05-09 12:41:52,15,15_sindicalismo_reforma_político,9.459852,7.549275,7.058728,1.6698396
1780,La dama del populismo,CKF best seller,,2019-05-10 15:49:43,0,0_político_política_electoral,11.237771,6.17677,8.342803,4.4611006
1781,"Mi hijo gobernador, mi sobrina diputada, mi tío intendente",Elecciones 2019,,2019-05-14 17:03:14,0,0_político_política_electoral,11.893235,6.1597958,7.5597467,5.7436156
1782,Plataformas: una serie documental,,,2019-05-14 17:35:56,15,15_sindicalismo_reforma_político,7.352494,5.3821115,6.145453,1.2037798
1783,¿Qué dijeron lxs senadorxs? Copia,Cobertura de Silvio Kiko,,2019-05-15 11:51:14,31,31_digital_internet_tecnología,4.355441,4.0652676,10.628694,2.1402888
1784,Siempre serás un deportado,La historia de Claudio Rojas,,2019-05-15 12:11:50,35,35_cubano_cubana_cuba,9.666753,4.161307,6.6641536,2.829633
1785,Topacio Fresh: la Venus de las mil pieles,Pensamiento Contemporáneo: un festival anfibio,Rosariocronica,2019-05-15 12:54:13,24,24_arte_artes_art,7.8965416,3.077938,12.413199,-2.3503032
1786,"Cordobesismo III, el peronismo contraataca",Elecciones 2019,Cordobesismo,2019-05-16 16:52:10,0,0_político_política_electoral,11.425056,6.065946,7.5217166,5.686435
1787,Se viene el invierno,Game Of Thrones,,2019-05-17 14:11:34,29,29_ficción_protagonista_personaje,7.3526525,6.0882444,10.429692,-2.2048209
1788,Arremangarse,Les Fernández,,2019-05-18 18:17:55,0,0_político_política_electoral,11.366641,5.9730034,7.6183844,4.9319363
1789,La economía después de la grieta,Elecciones 2019,,2019-05-20 15:36:10,4,4_déficit_deuda_endeudamiento,9.09592,7.686606,8.41656,2.3560684
1790,Romper el alambrado,Elecciones 2019,,2019-05-21 15:32:29,0,0_político_política_electoral,11.465257,6.2927804,7.521996,5.6264935
1791,"Ni netbooks, ni asado, ni nada","Si querés vida, comprala",,2019-05-23 10:50:05,5,5_pedagógico_enseñanza_escolar,5.8671064,5.8682017,3.9050512,-2.7082193
1792,La épica de la unidad,Elecciones 2019,,2019-05-23 13:42:03,0,0_político_política_electoral,11.048754,5.4982033,7.510756,5.759082
1793,Cortá con tanta dulzura,A la izquierda de Les Fernández,,2019-05-24 13:32:45,4,4_déficit_deuda_endeudamiento,11.309885,6.358219,7.7162514,3.8822725
1794,La política por otros medios,"Alberto, Clarín y el periodismo",Escuela de Política y Gobierno; UNSAM,2019-05-27 15:05:26,19,19_periodista_periodístico_periódico,11.077042,5.323117,9.80912,3.5656376
1795,Sin aborto legal no hay parto respetado,Violencia obstétrica,,2019-05-28 10:06:42,7,7_aborto_abortar_anticonceptivo,4.595198,3.887973,10.192575,-6.2667427
1796,Pedofilia de alta complejidad,El caso del pediatra,,2019-05-30 12:05:59,14,14_mediático_periodístico_político,6.1377025,4.566001,10.71137,2.1483545
1797,Alternativa Showmatch,Marcelo Tinelli,,2019-05-31 12:05:34,0,0_político_política_electoral,11.616984,5.099591,7.765141,5.213226
1798,Llenar los pueblos de policías,Los hijos de Monte,Violencia policial,2019-05-31 15:06:02,6,6_asesinato_policía_policial,9.324294,5.3284106,7.4689837,-1.4731843
1799,Por un feminismo del 99 por ciento,#NiUnaMenos,,2019-06-03 12:40:11,1,1_feminismo_feminista_patriarcado,5.5298615,3.179737,9.793377,-4.8154693
1800,El cisne negro de la democracia,La ultraderecha en el parlamento europeo,,2019-06-03 13:27:53,36,36_holocausto_terrorista_siria,11.701839,6.4342613,7.456697,4.4956903
1801,Exterminar a todos los brutos,Autoritarismo social,,2019-06-04 11:56:03,25,25_violencia_feminismo_feminista,8.291105,5.6973968,9.183577,3.6842928
1802,Ritual algorítmico,Laboratorio de Periodismo Performático,,2019-06-05 11:52:39,31,31_digital_internet_tecnología,7.4018893,5.424239,11.0694,1.9038537
1803,Las memorias de derecha,Derechos Humanos y Cambiemos,24M: Día de la memoria por la verdad y la justicia; 2x1 a genocidas; Derechos Humanos,2019-06-06 18:10:03,0,0_político_política_electoral,10.515639,6.7212462,7.5554676,4.158111
1804,Otro fútbol es posible,La selección femenina en Francia,Fútbol femenino,2019-06-10 12:03:15,2,2_fifa_futbolista_fútbol,11.015205,2.2003052,5.855699,11.650403
1805,Tengo una misión con Dios y el barrio,Religión y política en el Conurbano,,2019-06-11 11:46:05,13,13_papal_catolicismo_arzobispo,11.955027,2.7541995,-1.5764956,7.4482827
1806,"Salvar la República, matar al algoritmo",La fórmula Macri-Pichetto,,2019-06-12 11:42:59,0,0_político_política_electoral,11.22417,6.5540414,7.8102255,5.5476966
1807,"El mismo amor, la nueva Cristina",CFK en campaña,,2019-06-12 15:31:03,3,3_literario_escritora_autor,11.59745,5.1283035,6.356185,-5.665443
1808,Callen esos bombos,Perfil de Miguel Ángel Pichetto,,2019-06-14 12:26:01,0,0_político_política_electoral,11.641435,5.03653,7.530824,5.352734
1809,Tres señores cautos,"Fernández, Pichetto y Lavagna",,2019-06-15 17:32:23,0,0_político_política_electoral,11.367356,5.6596723,8.52662,4.927091
1810,Un crimen de odio en la ciudad del poder,Travesticidio en Río Gallegos,Día internacional de la eliminación de la violencia contra las mujeres; Memoria trans,2019-06-17 16:16:57,11,11_asesino_testimonio_testigo,8.78375,4.103041,7.5236797,-1.9202472
1811,La red amorosa y harta que jaqueó a la justicia patriarcal,Aniversario del fallo Diana Sacayán,,2019-06-18 14:06:33,39,39_morir_muerte_moribundo,6.793615,4.26149,8.363085,-3.4027054
1812,Las bases del freelanzariado,Plataformas: una serie documental,,2019-06-19 12:03:04,31,31_digital_internet_tecnología,9.63885,7.0862694,10.804138,1.720668
1813,¿Bueno para comer o bueno para pensar?,Consensos y disputas en el conocimiento,,2019-06-20 11:39:54,37,37_astrónomo_ciencia_universo,8.179388,7.7737985,9.946921,0.151673
1814,Antiderechos en la provincia del aborto,Amalia Granata diputada en Santa Fe,,2019-06-24 15:10:56,7,7_aborto_abortar_anticonceptivo,4.436737,3.8230627,9.998446,-6.9087305
1815,¿Cuántos dólares necesitará el próximo gobierno?,El peso de la deuda,,2019-06-25 11:54:12,4,4_déficit_deuda_endeudamiento,9.855431,8.261978,10.715165,5.64781
1816,La inteligencia artificial como ansiolítico,"Adelanto de ""El sentido del pensamiento""",Inteligencia artificial,2019-06-25 13:20:50,17,17_innovación_tecnológico_tecno,7.6222167,5.9554176,9.927615,1.3730519
1817,¿Cuáles son los nuevos odios sociales?,Precariedad y violencias,,2019-06-27 13:34:57,0,0_político_política_electoral,8.146701,5.597186,8.844823,3.4245346
1818,Los aportes que me faltan los tiene el patriarcado,Derechos sociales y autonomía,,2019-06-28 15:32:21,15,15_sindicalismo_reforma_político,9.337975,7.4617023,6.784062,0.966754
1819,Argentina siempre fue afro,Apropiación cultural y blackface,Apropiación cultural; Racismo en Argentina,2019-07-01 15:25:57,41,41_pobreza_inmobiliario_habitante,9.606018,5.177539,7.0034575,-0.24050464
1820,Contigo me voy mi santo,Chile después de Lemebel,Chile; Pedro Lemebel,2019-07-02 09:54:13,18,18_chileno_chile_político,8.776198,2.2333763,3.7388313,3.7847323
1821,Llanto de perlas y cicatrices,Homenaje a Lemebel,Chile; Pedro Lemebel,2019-07-02 10:52:00,20,20_ríos_río_arroyo,8.252078,2.047433,5.111133,-1.2557372
1822,La palabra como herramienta subversiva,Homenaje a Lemebel,Chile; Pedro Lemebel,2019-07-03 16:22:00,3,3_literario_escritora_autor,8.22932,2.0325997,7.330102,-5.0106945
1823,We Work: la fiesta del trabajo,Futuro del empleo,,2019-07-04 10:59:36,15,15_sindicalismo_reforma_político,7.6100917,6.483406,6.1710534,1.2037817
1824,Dar el alma a los buitres,Rituales mortuorios en el Tíbet,,2019-07-05 11:21:15,32,32_catástrofe_desastre_tragedia,8.794153,4.9053926,6.3756523,-1.2908822
1825,"En la calle y con ""certificado de pobreza""",7.251 personas sin techo en Buenos Aires,,2019-07-06 13:20:42,41,41_pobreza_inmobiliario_habitante,9.273603,6.5853605,6.9525332,-0.17193516
1826,"""La calle es una mierda también cuando no hace frío""",Pobreza sin techo,,2019-07-10 13:56:56,41,41_pobreza_inmobiliario_habitante,9.321553,6.191176,7.4167914,-1.1917074
1827,Cumbia sorora,Tita Print,,2019-07-11 11:16:46,22,22_música_musical_músico,8.957885,2.1705647,14.61497,-4.146284
1828,"Dejame tus datos, después te llamamos",Expo empleo 2019,,2019-07-12 12:21:49,15,15_sindicalismo_reforma_político,9.644536,7.2035356,6.1670837,1.220593
1829,Terraplanismo en el aula,La escuela y la alfabetización científica,,2019-07-15 11:20:28,5,5_pedagógico_enseñanza_escolar,5.9558067,5.9740696,3.6684089,-3.2389362
1830,La memoria anual de lo que supimos soportar,30° Muestra de Fotoperiodismo Argentino,,2019-07-18 10:50:57,7,7_aborto_abortar_anticonceptivo,8.096784,3.9725242,10.090869,-6.325548
1831,La política donde más importa,Conferencia de Javier Auyero,,2019-07-19 12:31:22,25,25_violencia_feminismo_feminista,9.476407,5.9044347,7.9647207,-1.3398271
1832,Leandro Erlich: La suspensión voluntaria de la incredulidad,El arte como hit,,2019-07-19 16:07:26,24,24_arte_artes_art,7.3047185,4.395699,12.84077,-2.2637148
1833,La piel morena del gaucho subalterno,"Criollismo, raza y nación",,2019-07-22 10:10:01,24,24_arte_artes_art,8.360414,2.2443953,12.4713335,-2.0231583
1834,El reguetón al frente de la revolución,Crisis política en Puerto Rico,,2019-07-23 12:51:44,10,10_boliviano_bolivia_político,9.504791,3.1078198,7.075504,3.291176
1835,¿La izquierda encontró su techo?,Cómo resignificar viejas luchas,,2019-07-24 11:57:15,0,0_político_política_electoral,11.357449,6.5139475,8.206256,4.734313
1836,Dormir como un bebé,Mapaternidades,,2019-07-26 12:19:09,29,29_ficción_protagonista_personaje,5.524313,4.258702,8.086959,-2.5942163
1837,Somos las nietas de todas las brujas que nunca pudieron quemar,Adelanto del libro de Mona Chollet,,2019-07-29 10:06:02,1,1_feminismo_feminista_patriarcado,5.549472,3.172209,9.72275,-3.0620432
1838,¿Qué es el tokenismo cisexista?,La deconstrucción del cupo,LGBTIQ+; Memoria trans,2019-07-30 10:22:11,1,1_feminismo_feminista_patriarcado,5.8627515,3.9418786,10.274603,-4.119819
1839,La argentina podcastera,Cultura digital,,2019-07-31 12:44:28,14,14_mediático_periodístico_político,7.5379133,4.9638405,10.857212,2.1312833
1840,"Especismo, racismo, boludismo",Los veganos y la sociedad rural,,2019-08-01 16:33:37,7,7_aborto_abortar_anticonceptivo,8.3403225,7.683872,10.05536,-6.175729
1841,Los conflictos que la literatura no ama,La desigualdad en el mercado editorial,,2019-08-02 10:58:42,3,3_literario_escritora_autor,8.531355,5.517608,6.4086723,-5.615973
1842,"Nuevas izquierdas, viejas fórmulas","Troskos, progres y socialdemócratas",,2019-08-02 18:17:19,10,10_boliviano_bolivia_político,10.68794,6.335267,7.7172923,3.8214512
1843,Micropoder y vanidades en la Corte Suprema,Justicia en la era Macri,,2019-08-05 10:57:30,23,23_justicia_judicial_juzgado,9.938533,5.314823,11.355515,4.239278
1844,Ampliación del campo de batalla,Lorena Vega,,2019-08-07 10:46:14,29,29_ficción_protagonista_personaje,7.769506,2.7476509,12.479917,0.55451393
1845,El gaming no es jugar a la play hasta la madrugada,Cultura digital,,2019-08-07 16:41:21,2,2_fifa_futbolista_fútbol,9.534617,5.03747,5.502646,11.050647
1846,Aunque me cueste el corazón,María Eugenia Vidal,María Eugenia Vidal; Perfil político,2019-08-08 11:49:40,0,0_político_política_electoral,11.321915,5.153715,7.6654134,5.5190196
1847,Un ángel para tu soledad,Axel Kicillof,,2019-08-08 16:21:50,4,4_déficit_deuda_endeudamiento,11.517124,5.260314,8.23505,3.31017
1848,¿Qué está en juego en la Ciudad?,Rodríguez Larreta vs Lammens,,2019-08-09 08:37:13,41,41_pobreza_inmobiliario_habitante,11.213058,5.627119,6.7480035,-0.548035
1849,De la voracidad al delito,Causa “D´Alessio”,Corrupción; Periodismo; Poder Judicial,2019-08-09 12:40:27,19,19_periodista_periodístico_periódico,9.331623,5.5866632,13.114084,1.0022615
1850,"Una noche feliz, setenta días complicados",Triunfo del Frente de Todos en las PASO,,2019-08-12 12:47:50,0,0_político_política_electoral,11.021418,5.8565855,7.821245,4.756488
1851,"Psicodólar, corazón y bolsillo","1989, el año que vivimos en peligro",,2019-08-12 16:30:31,4,4_déficit_deuda_endeudamiento,10.056958,7.9798737,10.636814,5.606954
1852,Democracia: el hecho bendito del país intimidado,La venganza de la Argentina plebeya,,2019-08-13 21:25:00,0,0_político_política_electoral,11.519883,6.2063637,7.4956126,5.78435
1853,El tercer justicialismo,El escenario después de las PASO,,2019-08-15 13:44:32,0,0_político_política_electoral,11.07389,5.4775496,7.7503805,4.9890413
1854,La batalla de los imaginarios,Esperancismo versus progresismo,,2019-08-16 11:25:06,28,28_futuro_pandemia_crisis,10.203578,6.497997,8.641896,3.2798965
1855,Autopsia de la nueva política,¿Qué quedará de Cambiemos?,,2019-08-21 11:12:42,0,0_político_política_electoral,10.818823,6.575927,7.9958825,5.449137
1856,Amazonas: el presente arde,Brasil Caníbal,Brasil; Incendios; Internacional,2019-08-22 12:21:24,16,16_brasil_brasilero_brasilia,8.2601,6.179399,6.9531174,8.392941
1857,Clase media: resistiendo con aguante,La devaluación tras las PASO,,2019-08-23 11:54:06,4,4_déficit_deuda_endeudamiento,9.638794,7.9571896,10.536324,5.3304825
1858,¿Es posible desengrietar?,La marcha del 24A y la República,,2019-08-26 10:24:32,40,40_manifestación_feminista_multitud,10.499842,5.9117365,9.0344925,4.860861
1859,Prender las máquinas (otra vez),El futuro de las pymes,,2019-08-27 10:25:43,15,15_sindicalismo_reforma_político,8.960322,7.691427,6.6795936,1.4656708
1860,La peor pedagogía posible: adornar la nada,"""Reperfilar"" la deuda",,2019-08-29 11:02:16,5,5_pedagógico_enseñanza_escolar,9.811384,6.9923615,3.85969,-2.8926075
1861,Cortísimo plazo,Reperfilando la deuda,,2019-08-30 10:55:59,4,4_déficit_deuda_endeudamiento,9.905654,8.200003,10.387156,5.6564374
1862,¿Qué va a quedar cuando se apague el fuego?,Desastre ambiental en Bolivia,,2019-08-31 17:48:50,20,20_ríos_río_arroyo,8.752387,6.544342,5.1019135,-0.9202419
1863,Esa manía de salir corriendo al banco,Economía y memoria colectiva,,2019-09-03 10:34:12,4,4_déficit_deuda_endeudamiento,9.589808,4.4255905,10.674332,5.5262346
1864,Esta (no) es otra nota sobre Chernóbil,Energía nuclear en Argentina,,2019-09-04 10:50:12,12,12_economía_económico_futuro,7.994556,7.4818068,8.639279,1.8630667
1865,#SiVosQuerés: focus groupie,Flashmob y política,,2019-09-06 11:15:33,41,41_pobreza_inmobiliario_habitante,11.209762,5.918848,7.5625777,4.8746653
1866,El futuro pasado de rosca,Ciencia ficción y distopía,,2019-09-09 11:40:37,37,37_astrónomo_ciencia_universo,7.3985763,6.077032,9.866564,0.21751204
1867,La unidad básica de Twitter,Big data y política,,2019-09-10 11:14:55,14,14_mediático_periodístico_político,7.826738,5.578749,10.3658,2.5266886
1868,La crisis no estalla: implosiona,La pesada herencia,,2019-09-11 11:37:56,0,0_político_política_electoral,8.305709,7.111269,8.744707,3.198444
1869,La soledad de las mujeres indóciles,Salvadora Medina Onrubia,,2019-09-13 11:50:43,5,5_pedagógico_enseñanza_escolar,7.938538,2.4562848,6.614871,-4.6873
1870,¿Estamos viendo arder el mundo?,Política e incertidumbre,,2019-09-16 10:53:29,4,4_déficit_deuda_endeudamiento,8.030586,7.1185346,8.34079,2.9821663
1871,Maradona es nuestra confusión,El nuevo retorno de Diego,Diego Maradona,2019-09-17 09:28:00,2,2_fifa_futbolista_fútbol,10.098467,2.5120592,5.373671,11.531277
1872,Por qué (casi) nadie la vio venir,La derrota de Macri en las PASO,,2019-09-18 10:48:04,0,0_político_política_electoral,11.673045,6.0602274,7.8610635,4.9087095
1873,"Piqueteras, carajo",Emergencia alimentaria y feminismo popular,,2019-09-18 14:55:32,1,1_feminismo_feminista_patriarcado,5.017211,2.95396,9.977532,-4.4831157
1874,El aula está demasiado vacía,Chubut: duelo docente,,2019-09-19 12:10:19,5,5_pedagógico_enseñanza_escolar,5.8796577,5.5424314,3.6272204,-3.468466
1875,Una jedi en la cocina,Narda Lepes,,2019-09-20 10:16:58,42,42_padre_papá_hijo,11.438941,5.0381446,7.038492,-1.2121828
1876,"Carrió, la narradora del posmacrismo",La nueva oposición en el Congreso,,2019-09-23 12:32:13,0,0_político_política_electoral,11.704243,5.2100306,7.6070895,5.6432447
1877,Pequeña Victoria: una nueva ética de los afectos,Mapaternidades en el prime time,,2019-09-24 15:23:31,1,1_feminismo_feminista_patriarcado,7.117883,3.0266664,9.983889,-3.1839917
1878,Una temporada en el Estado,Las ONG en la gestión de Cambiemos,,2019-09-25 13:34:26,0,0_político_política_electoral,10.047904,6.68734,8.62243,3.3740115
1879,¿Qué puede hacer Argentina frente al Cambio Climático?,"Agrotóxicos, desmontes, megaminería, fracking, inundaciones",,2019-09-27 14:44:41,12,12_economía_económico_futuro,8.271289,7.0256267,8.385369,1.9418751
1880,La Dictadura argentina contada por los documentos de Estados Unidos,43.000 fojas desclasificadas,24M: Día de la memoria por la verdad y la justicia; Derechos Humanos; Dictadura,2019-10-01 12:54:35,21,21_soviética_soviético_vladimir,9.890427,4.9056926,6.941874,3.1978698
1881,Los villanos según Netflix,Stranger Things y la guerra fría,,2019-10-02 10:33:17,21,21_soviética_soviético_vladimir,8.3518,4.9444656,14.092448,4.195134
1882,"Ipa, emojis y gluten free",Volver a Buenos Aires 20 años después,,2019-10-04 12:01:13,41,41_pobreza_inmobiliario_habitante,7.984275,2.2619028,6.7335277,-1.4075295
1883,Las reinas del hogar,Clases y mujeres,,2019-10-07 12:09:42,1,1_feminismo_feminista_patriarcado,5.341326,2.9763436,9.537376,-3.5044253
1884,"Loca, loca, loca",Violencia de género en la policía,Fuerzas de seguridad; Violencia de género; Violencia policial,2019-10-08 11:33:08,25,25_violencia_feminismo_feminista,9.572079,5.96985,8.784637,-4.0996614
1885,No hay política sin rosca,Armadores y gobernabilidad,,2019-10-10 11:25:44,0,0_político_política_electoral,11.177454,5.401419,7.9595637,5.3326864
1886,Corrupción circunstancial y corrupción sistémica: ¿Cuál impide el desarrollo?,Coimas y Leliqs,,2019-10-12 15:24:09,4,4_déficit_deuda_endeudamiento,10.050263,6.529426,10.312549,5.346063
1887,Protesta indígena: Para negociar no basta con tener razón,Paro nacional en Ecuador,,2019-10-13 10:45:26,4,4_déficit_deuda_endeudamiento,10.649616,4.616996,7.8785143,3.575261
1888,Un debate presidencial no es una góndola de candidatos,"Memes, chicanas y eslóganes",,2019-10-15 13:24:44,0,0_político_política_electoral,12.172518,6.622193,9.674544,3.7063096
1889,"El feminismo, ese lugar incómodo",El Encuentro en La Plata,#NiUnaMenos; Aborto Legal; Feminismos,2019-10-16 12:14:24,1,1_feminismo_feminista_patriarcado,5.4281507,3.1132133,10.026834,-4.5568275
1890,Lo que Cambiemos nos legó,"Gestión, ciudadanía y una nueva cultura política",,2019-10-17 17:00:54,0,0_político_política_electoral,10.840545,6.343388,8.003616,5.508418
1891,Chile: El saqueo comenzó hace ya tiempo,Crónica urgente de las revueltas populares,Chile; Estallido en Chile; Internacional,2019-10-21 11:57:11,15,15_sindicalismo_reforma_político,10.737407,4.5010905,8.800323,4.3313694
1892,"No es una guerra, es el fin de un ciclo",Crisis política en Chile,Chile; Estallido en Chile; Internacional,2019-10-21 14:50:15,10,10_boliviano_bolivia_político,10.767886,5.0107765,7.4264917,4.568317
1893,Operación Triunfo,Debate presidencial,,2019-10-21 16:21:01,14,14_mediático_periodístico_político,12.219111,6.590674,10.056079,2.8379846
1894,La dignidad de los que vienen,Crisis política en Chile,Chile; Estallido en Chile; Internacional,2019-10-22 15:02:30,10,10_boliviano_bolivia_político,10.224814,5.2373776,6.997112,3.6153502
1895,El neoliberalismo en su encrucijada,El estallido en Sudamérica,,2019-10-23 16:57:11,18,18_chileno_chile_político,10.562237,5.977038,4.31184,3.9832017
1896,¿Por qué hay que invertir en ciencias (también) sociales?,Investigar en las universidades públicas,,2019-10-25 11:35:55,37,37_astrónomo_ciencia_universo,7.9391475,6.840343,10.088124,0.9482608
1897,Abortar en América Latina y el Caribe: acceso y obstáculos,,,2019-10-25 13:25:33,7,7_aborto_abortar_anticonceptivo,4.426875,3.7746468,10.155122,-6.8590636
1898,Chile: la revolución de los cabros,Crónica de unas vacaciones imposibles,Chile; Estallido en Chile; Internacional,2019-10-25 13:31:13,18,18_chileno_chile_político,10.189775,3.8696616,3.7311528,3.7312279
1899,Nuestro lugar en la rosca,Marea verde y construcción electoral,Aborto Legal,2019-10-26 09:21:26,1,1_feminismo_feminista_patriarcado,5.1491356,2.8552704,10.027855,-4.90775
1900,Evo y el dilema de las clases medias,Elecciones en Bolivia,,2019-10-27 09:29:24,10,10_boliviano_bolivia_político,11.420591,4.363673,6.698432,4.350634
1901,Mejores,Elecciones: crónica del festejo,,2019-10-28 13:59:08,0,0_político_política_electoral,11.357154,6.2254457,8.789757,-2.2219908
1902,¿Hasta cuándo habitaremos este limbo?,"Cepo, inflación y deuda",,2019-10-29 15:37:07,4,4_déficit_deuda_endeudamiento,9.785876,8.352825,10.666785,5.662849
1903,El desafío de gobernar una sociedad rota,El regreso del peronismo,,2019-10-30 14:59:24,0,0_político_política_electoral,10.62536,5.5344844,8.277399,4.544514
1904,La escuela no enseña a odiar,"Educación, violencia y medios",,2019-10-31 12:38:03,5,5_pedagógico_enseñanza_escolar,6.3667345,5.1764874,3.689175,-3.467412
1905,El primer peronista porteño,"Unir, coordinar y liderar",,2019-11-01 14:00:39,0,0_político_política_electoral,11.131492,5.4496875,7.74308,5.752162
1906,No será magia,El regreso del peronismo,,2019-11-04 16:08:15,0,0_político_política_electoral,11.752718,6.3347044,8.235035,4.5886045
1907,No podemos retroceder 30 años,La “híper” del 89,,2019-11-05 10:58:12,4,4_déficit_deuda_endeudamiento,9.651745,8.288262,10.764381,5.5185437
1908,"Enseñar historia, construir la esperanza",La ciencia de los hombres y las mujeres en el tiempo,,2019-11-06 14:27:57,5,5_pedagógico_enseñanza_escolar,5.8891897,5.683296,3.934099,-2.8220067
1909,Fantasías animadas de ayer y hoy,Warner Brothers en clave queer,Dibujos animados,2019-11-06 15:12:15,1,1_feminismo_feminista_patriarcado,7.4445696,4.1209126,9.146657,3.452195
1910,"El neofascismo, fase dura del neoliberalismo",Las derechas en el Cono Sur,Brasil; Donald Trump; Estados Unidos; Internacional; Jair Bolsonaro,2019-11-08 15:51:53,16,16_brasil_brasilero_brasilia,12.031938,4.1728625,7.111487,7.979756
1911,¿Cómo derrocaron a Evo?,Bolivia y la contrarrevolución,,2019-11-11 16:26:30,10,10_boliviano_bolivia_político,11.412995,4.4725227,6.809527,4.392639
1912,¿Quién solucionará el problema de la vivienda digna?,Ensayos para pensar la sociedad argentina,,2019-11-13 07:32:31,4,4_déficit_deuda_endeudamiento,8.59698,5.7730584,8.156849,3.13324
1913,¿Qué hacer frente a la derecha radical?,Vox y las elecciones en España,,2019-11-13 14:32:46,0,0_político_política_electoral,11.358553,5.6965494,7.22896,5.6288342
1914,Pensar Bolivia con el corazón en la boca,Del proceso de cambio al golpe de Estado,,2019-11-14 19:19:47,10,10_boliviano_bolivia_político,11.333785,4.309962,6.7002883,4.3901515
1915,Una jaula del confort con barrotes de algoritmos,"Pantallas, negocios, cerebros y big data",,2019-11-15 12:52:37,17,17_innovación_tecnológico_tecno,7.452718,6.060745,10.048551,1.6981571
1916,El patio trasero a fuerza de golpes,América Latina en disputa,,2019-11-15 14:22:16,21,21_soviética_soviético_vladimir,10.956784,4.279563,6.94228,3.3196208
1917,FMI: el cómplice del ajuste,Deuda y derechos humanos,,2019-11-16 19:00:00,4,4_déficit_deuda_endeudamiento,9.468562,7.993839,10.625655,5.4295197
1918,"Más o menos policías, ¿esa es la cuestión?",Ensayos para pensar la sociedad argentina,Violencia policial,2019-11-19 15:26:25,6,6_asesinato_policía_policial,9.030894,5.6870294,8.056585,-1.2878991
1919,El empate latinoamericano,Sociedades rotas y posneoliberalismo,,2019-11-20 15:59:53,10,10_boliviano_bolivia_político,10.439762,6.305524,7.243034,4.3056803
1920,#25N Hitos de la Justicia Feminista en Latinoamérica y el Caribe,,,2019-11-25 12:41:28,1,1_feminismo_feminista_patriarcado,5.437062,2.7873886,9.364263,-4.480515
1921,Colombia dejó de tener miedo,"Paro, marchas, cacerolazos",,2019-11-26 14:39:14,10,10_boliviano_bolivia_político,11.04785,4.250137,6.819912,4.4290385
1922,Treinta gramos de comida por día,"La Argentina, fracturada y rebelde",,2019-11-27 11:16:41,41,41_pobreza_inmobiliario_habitante,8.808024,7.689975,6.9797583,-0.037109256
1923,¿Cómo deberían ser hoy las políticas de género?,Ensayos para pensar la sociedad argentina,UNSAM,2019-11-28 12:52:55,1,1_feminismo_feminista_patriarcado,8.605873,5.8138566,9.994211,-4.592696
1924,¿Cuál es el costo de la dignidad?,Crisis política en Chile,Chile; Estallido en Chile; Internacional,2019-11-29 12:24:45,18,18_chileno_chile_político,9.285446,5.877237,3.7607164,3.7126627
1925,"¿Así estamos viviendo nosotros, loco?",Podría ser yo,,2019-12-02 13:42:41,26,26_fotoperiodismo_retratar_retrato,8.195556,3.3499706,12.868378,-3.3901048
1926,¿Qué daño les podemos hacer las travestis?,El show de Santiago Artemis en Netflix,,2019-12-03 14:48:27,1,1_feminismo_feminista_patriarcado,7.301406,3.932317,9.5835495,-3.0858898
1927,Prometieron emprendedores y dejaron endeudados,El malestar de las deudas “de abajo”,,2019-12-04 10:13:39,4,4_déficit_deuda_endeudamiento,9.611029,7.2565594,10.532292,5.6251526
1928,"Hace 30 horas que no duermo, ¿atiendo a tu hijo?",Paro de residentes y concurrentes,,2019-12-04 15:34:01,15,15_sindicalismo_reforma_político,9.811999,7.2784715,6.8281064,0.97778225
1929,Riquelme: la última gambeta a la usina macrista,Elecciones en Boca,Boca Juniors; Fútbol; Juan Román Riquelme; Mauricio Macri,2019-12-05 16:18:59,2,2_fifa_futbolista_fútbol,11.345427,5.7052116,5.6179967,10.836858
1930,Por qué fallaron la economía y los economistas de Macri,El origen del fracaso,,2019-12-09 11:31:58,4,4_déficit_deuda_endeudamiento,10.171522,7.9138293,10.204952,5.5729823
1931,Una respuesta feminista para frenar la crisis,Cómo desactivar la bomba económica,,2019-12-09 16:24:54,4,4_déficit_deuda_endeudamiento,9.311937,7.947062,10.537599,-4.548777
1932,Comenzar por los últimos para llegar a todes,El discurso de Alberto,,2019-12-10 15:03:11,4,4_déficit_deuda_endeudamiento,11.1740055,5.266872,7.9839997,2.6737182
1933,Sobredosis de TV,Mariana Enríquez vs los panelistas,,2019-12-11 02:07:37,40,40_manifestación_feminista_multitud,11.198385,5.477515,9.001454,4.7838326
1934,"Acá estoy de vuelta, mi amor",La plaza del pueblo,,2019-12-11 03:24:29,40,40_manifestación_feminista_multitud,10.203576,3.4915867,9.150911,4.872812
1935,La más maravillosa música,La plaza del pueblo,,2019-12-11 13:48:41,22,22_música_musical_músico,9.308524,2.310296,14.847558,-4.00141
1936,Caer en el monotributo,La reforma laboral ya ocurrió,,2019-12-11 15:22:55,15,15_sindicalismo_reforma_político,9.568983,7.3591948,6.3382993,1.3258961
1937,Cómo desarmar la máquina de extorsionar,Las reformas en el sector inteligencia y la justicia federal,,2019-12-12 12:53:03,23,23_justicia_judicial_juzgado,10.098235,6.2928495,11.042536,4.0344615
1938,El Alfonsín de Alberto Fernández,"Democracia, derechos humanos y justicia social",,2019-12-12 16:03:40,0,0_político_política_electoral,11.179516,5.368913,8.573347,4.3374114
1939,¿70 años de peronismo o 111 años de liberalismo?,"Historia económica, clases y partidos",,2019-12-12 17:13:04,4,4_déficit_deuda_endeudamiento,10.600229,6.6699853,7.7896004,4.10992
1940,El día que descubrís que tenés un solo cuerpo,Anfibia Papel,Anfibia Papel; Cuerpos; Libros,2019-12-13 10:35:43,39,39_morir_muerte_moribundo,6.9376163,3.0960777,9.521182,-1.9674876
1941,"No es mafia, es cuidado",Las clases trabajadoras organizadas,,2019-12-16 16:35:36,15,15_sindicalismo_reforma_político,9.360151,6.9595985,6.560202,1.212983
1942,"Se fue Pato, quedan los polis y las pastis",Las consecuencias de la “guerra contra el narcotráfico”,,2019-12-17 15:15:54,41,41_pobreza_inmobiliario_habitante,9.278242,6.542564,7.198414,-1.2101334
1943,Trap de conservatorio,Ca7riel y Paco Amoroso,Ca7triel y Paco; Música,2019-12-19 10:39:04,22,22_música_musical_músico,8.759731,1.8998002,14.817178,-3.9610162
1944,Diez razones para discutir sobre retenciones en la mesa familiar,Ley de solidaridad social,,2019-12-20 15:31:32,4,4_déficit_deuda_endeudamiento,9.080883,7.517671,10.56167,5.4919887
1945,¿Hay lugar para el disenso?,Agenda Argentina,,2019-12-23 14:36:37,0,0_político_política_electoral,10.27625,5.8867784,8.401353,4.520232
1946,"La panza llena, los nutrientes justos",Alimentación y cultura saludable,,2019-12-26 14:10:54,5,5_pedagógico_enseñanza_escolar,8.802145,7.4684954,6.954494,-2.0368886
1947,De la cerveza al gin tonic: sobrevivir a una dieta low carb,Premio Crónica Patagónica,,2019-12-30 10:21:01,39,39_morir_muerte_moribundo,10.043521,2.537602,9.43851,-1.9243071
1948,¿Comer carne es de derecha?,Costumbres argentinas,,2019-12-30 15:27:37,1,1_feminismo_feminista_patriarcado,9.614976,6.0071936,9.657185,-4.798049
1949,Diez días en silencio,Diario de un retiro de meditación,,2019-12-30 15:38:19,1,1_feminismo_feminista_patriarcado,9.678886,3.1185336,8.859494,-2.4828138
1950,"Perfomance: menos obras, más prácticas",Manifiesto de la investigación experimental,,2020-01-02 12:02:11,24,24_arte_artes_art,7.364353,4.552005,12.921253,-2.1902363
1951,El artista que va con su serpiente a los museos,Ernesto Neto en el Malba,,2020-01-03 10:18:19,24,24_arte_artes_art,9.066968,2.8374755,12.76235,-2.2076283
1952,El padre de los Youtubers,Kuky Pumar: la mente detrás del canal #1,,2020-01-06 14:56:47,22,22_música_musical_músico,9.1440935,2.0429094,14.79055,-3.9103687
1953,Lo único que repara es la justicia,Abuso sexual eclesiástico,Poder Judicial,2020-01-07 11:19:56,13,13_papal_catolicismo_arzobispo,6.503256,4.164557,-1.6751809,7.582948
1954,Dioses de vidas ajenas,Muerte digna y juicio por jurados,,2020-01-08 10:29:03,39,39_morir_muerte_moribundo,6.7496862,6.7748976,9.087522,-1.4728389
1955,Australia: todo lo que el dinero no puede controlar,Cambio climático,,2020-01-08 15:50:53,12,12_economía_económico_futuro,8.492026,7.2336507,7.5093656,3.137398
1956,Irán es un país real,"Orgullo, taarof y mártires",,2020-01-09 14:29:27,27,27_israel_netanyahu_israelí,11.10717,7.9392667,14.559607,6.3574777
1957,¿Alguna vez encontraré a mi mamá?,Premio Crónica Patagónica,,2020-01-10 12:29:46,11,11_asesino_testimonio_testigo,8.708861,4.0889397,7.820969,-2.64672
1958,"Travas, putos y tortas en el reino de la soja","Masculinidad, agro y violencias",,2020-01-14 11:47:38,1,1_feminismo_feminista_patriarcado,5.885249,3.8931775,9.436472,-4.1652775
1959,Conflictos y desafíos en el feminismo,"Aborto legal, democracia y DDHH",Aborto Legal,2020-01-15 13:05:51,7,7_aborto_abortar_anticonceptivo,5.3388386,3.1723356,10.075707,-6.0166593
1960,Nisman: la trampa de las dos campanas,"El fiscal, la presidenta y el espía",,2020-01-16 14:05:37,23,23_justicia_judicial_juzgado,7.266247,3.880217,11.113883,3.9696827
1961,No son manada,Los rugbiers y el crimen en Villa Gesell,,2020-01-20 09:51:00,25,25_violencia_feminismo_feminista,6.286733,4.9972534,8.632978,-4.279634
1962,"Cuidadora no se nace, se hace",La experiencia uruguaya,,2020-01-21 11:21:37,1,1_feminismo_feminista_patriarcado,9.127067,7.184709,10.433741,-4.3434668
1963,La masacre imperdonable de la Rusia de Putin,A 15 años del ataque a la escuela de Beslán,,2020-01-22 11:08:35,5,5_pedagógico_enseñanza_escolar,6.0400405,5.427605,4.1538444,-3.060247
1964,"Descansar, un lujo para pocos","Cuidado, mercado laboral y desigualdad",,2020-01-22 12:27:06,1,1_feminismo_feminista_patriarcado,9.278405,7.2783723,10.442992,-4.526795
1965,La memoria del Holocausto en la política argentina,Alberto Fernández en Israel,Internacional; Israel,2020-01-23 09:01:50,36,36_holocausto_terrorista_siria,11.035612,7.753985,12.715028,6.3325133
1966,¿De qué trabaja tu mamá?,"Putas, feminismo y maternidad",,2020-01-27 14:12:45,11,11_asesino_testimonio_testigo,6.132155,2.8825994,7.1415997,-2.8988686
1967,Sobrevivir en la frontera,Venezolanos en Brasil,Brasil; Internacional; Venezuela,2020-01-28 12:13:16,16,16_brasil_brasilero_brasilia,9.370505,5.5106754,6.9802556,8.33073
1968,Las huellas de un hospital sensible,El Posadas y la salud pública,,2020-01-28 17:02:38,8,8_epidemia_vacunar_virus,7.4364915,7.379205,8.4836035,-0.030250745
1969,Nunca volví a usar el vestidito de flores,Coger y Comer sin culpa: adelanto,,2020-01-29 10:55:04,1,1_feminismo_feminista_patriarcado,9.243249,2.5428808,9.296801,-3.342735
1970,Yo pago lo mío (no te necesito),Mujeres del trap,,2020-01-31 10:41:09,22,22_música_musical_músico,7.636168,2.346967,14.664194,-4.1185803
1971,La polarización después de la grieta,El escenario político y la opinión pública,,2020-02-03 10:43:50,0,0_político_política_electoral,10.493214,5.748203,8.36722,4.877724
1972,Brumadinho: ¿qué hay después del lodo?,Crimen ambiental en Brasil,,2020-02-05 12:27:50,20,20_ríos_río_arroyo,8.640468,6.883141,5.4421387,-1.2496437
1973,Gordo amor,Marginalidad y política en el Conurbano,,2020-02-07 12:36:48,41,41_pobreza_inmobiliario_habitante,9.349666,6.3077126,6.7475834,-0.7234161
1974,Interrupción voluntaria de la deuda,Las urgencias coyunturales de la economía feminista,,2020-02-07 22:01:11,4,4_déficit_deuda_endeudamiento,9.049951,7.3194976,10.588621,-4.574629
1975,¿Quiénes están detrás de los papelitos?,"Trabajo sexual, feminismos y políticas públicas",,2020-02-10 15:00:23,1,1_feminismo_feminista_patriarcado,5.7084293,3.5036974,10.005825,-4.4728146
1976,Pueblos originarios: la deuda pendiente,Desarrollo productivo y medioambiente,,2020-02-11 14:14:12,20,20_ríos_río_arroyo,8.952442,7.153608,7.724522,2.9743395
1977,Once desafíos para el futuro del Conectar Igualdad,La nueva política de inclusión digital,,2020-02-12 12:04:54,5,5_pedagógico_enseñanza_escolar,5.9420414,5.9522786,3.4137542,-2.957747
1978,Alarmas reales y alarmas mediáticas,Coronavirus,,2020-02-13 13:03:59,8,8_epidemia_vacunar_virus,7.49938,7.83875,8.439295,0.4888966
1979,"Lejano sur, lejano oeste",Premio Crónica Patagónica,,2020-02-17 10:07:30,1,1_feminismo_feminista_patriarcado,8.464807,2.779337,8.404999,-2.6821864
1980,La asombrosa excursión de Zamba al feminismo,Nuevas infancias e industrias culturales,Dibujos animados; Pakapaka,2020-02-18 10:58:26,29,29_ficción_protagonista_personaje,6.18452,5.763777,10.249487,-2.5886502
1981,La ley de la calle,#AbortoLegal2020,Aborto Legal,2020-02-19 13:11:49,7,7_aborto_abortar_anticonceptivo,4.232879,3.5735989,10.119119,-6.5651164
1982,La carne más barata,AnfibiaPapel CUERPO,,2020-02-20 13:09:21,1,1_feminismo_feminista_patriarcado,7.6450977,2.6704366,9.607319,-2.2603605
1983,Periodistas contra el periodismo,Periodismo DaDá: somos los otros y las otras,,2020-02-21 10:48:23,19,19_periodista_periodístico_periódico,8.10278,4.3075347,13.008672,1.0317318
1984,La odisea de pensar juntes en un aula,Vuelta a clases,,2020-02-26 11:47:33,5,5_pedagógico_enseñanza_escolar,5.8274546,5.771199,3.6598241,-3.097439
1985,Las nuevas pandemias del planeta devastado,Coronavirus y desmonte,,2020-02-28 12:51:14,8,8_epidemia_vacunar_virus,7.5772576,7.7650895,8.449494,0.16015929
1986,Sinfonía para un nuevo equilibrio,El discurso de Alberto Fernández,,2020-03-02 12:27:37,0,0_político_política_electoral,11.043122,5.498878,8.038993,4.475414
1987,El default en casa,Deuda privada y derechos humanos,,2020-03-03 15:07:42,4,4_déficit_deuda_endeudamiento,9.597077,8.284606,10.584544,5.484541
1988,No pasar por esta vida como un fantasma,Lohana Berkins,LGBTIQ+; Memoria trans; Orgullo,2020-03-04 12:05:32,7,7_aborto_abortar_anticonceptivo,6.053079,3.3817573,9.950098,-5.351776
1989,Olor a diablo,AnfibiaPapel CUERPO,,2020-03-05 12:03:28,39,39_morir_muerte_moribundo,6.3055606,3.5987449,9.478418,-1.86625
1990,Cuadernos de existencia lesbiana,Contra la ola feminista victimizante,Higui; LGBTIQ+,2020-03-06 10:09:50,1,1_feminismo_feminista_patriarcado,6.1926155,2.7282019,9.256901,-4.248773
1991,#8M ¿Por qué paramos en América Latina?,Especial 070 y Revista Anfibia,8M: Paro internacional y plurinacional de mujeres y disidencias,2020-03-08 17:34:19,1,1_feminismo_feminista_patriarcado,5.521793,2.7436464,9.40546,-4.316165
1992,El paro y la furia desde el acorazado travesti trans,El #9M de Luz Aimé,Memoria trans,2020-03-09 11:25:38,23,23_justicia_judicial_juzgado,9.08741,2.668316,8.452792,-3.8332639
1993,"Ni feminazis ni femilasies: cultura, política y feminismo",Museo del Libro y de la Lengua,,2020-03-10 15:39:07,1,1_feminismo_feminista_patriarcado,7.501479,2.6459332,9.285823,-4.284882
1994,El virus fue a la escuela,Coronavirus en Viedma,,2020-03-11 12:10:04,5,5_pedagógico_enseñanza_escolar,7.205459,7.9385686,3.7508438,-3.1575181
1995,Rosario: 14 días para aislar el virus,Coronavirus y volver de Italia,Rosario; Rosariocronica,2020-03-11 14:26:58,8,8_epidemia_vacunar_virus,7.2088456,7.930307,8.335508,0.012370213
1996,Coronavirus: la OMS lo anunció en septiembre,La carrera por la primera vacuna,,2020-03-13 11:08:40,8,8_epidemia_vacunar_virus,7.3581495,7.920613,8.449925,0.52325314
1997,La intemperie puertas adentro,Coronavirus en Chaco,,2020-03-16 10:32:55,8,8_epidemia_vacunar_virus,7.299338,7.941829,7.889878,-0.26484865
1998,"Vejez, humor y aguante",Coronavirus y mayores de 65,,2020-03-16 13:14:37,8,8_epidemia_vacunar_virus,7.2841415,7.8628545,8.151761,-0.19031522
1999,Coronavirus mata petróleo,Crisis de hidrocarburos,,2020-03-17 10:39:30,21,21_soviética_soviético_vladimir,8.10661,7.746928,7.7361345,2.3795745
2000,La última cena antes del home office,Coronavirus en Alemania,,2020-03-18 10:26:41,11,11_asesino_testimonio_testigo,7.188602,7.926407,7.130943,-1.6282165
2001,"Voceros del virus: pseudoprogres, tibios y extremistas",Los discursos de la pandemia,,2020-03-19 13:47:52,8,8_epidemia_vacunar_virus,7.8551903,7.144113,8.637273,1.6322114
2002,"Controlar la pandemia, gobernar el miedo","Coronavirus, infodemia y la antropofobia",,2020-03-20 10:42:31,8,8_epidemia_vacunar_virus,7.3511124,7.8932996,8.466465,0.7042813
2003,Atrapada en el país de Trump,Coronavirus en Nueva York,,2020-03-21 10:35:43,41,41_pobreza_inmobiliario_habitante,9.985736,4.425089,7.0853887,-0.55471545
2004,No son vacaciones,El coronavirus de oriente a occidente,,2020-03-23 12:37:37,32,32_catástrofe_desastre_tragedia,7.2226973,7.9559755,7.4925995,-0.24387468
2005,"Justificar, silenciar, encubrir",Las declaraciones de Videla sobre los desaparecidos,24M: Día de la memoria por la verdad y la justicia; Derechos Humanos; Terrorismo de Estado,2020-03-24 12:44:04,23,23_justicia_judicial_juzgado,9.358782,3.719807,9.49149,4.1326485
2006,El oráculo de las palabras,Coronavirus y aislamiento,,2020-03-24 18:09:59,37,37_astrónomo_ciencia_universo,7.29281,7.853136,5.416653,-0.5757214
2007,El virus que corona a Alberto,Cómo se toman las decisiones en el gobierno,,2020-03-25 14:34:12,8,8_epidemia_vacunar_virus,9.856121,5.3785734,8.725155,2.6163397
2008,Bolsonavirus,Pandemia y cacerolazos en Brasil,Brasil; Covid-19; Internacional; Jair Bolsonaro,2020-03-26 15:46:42,16,16_brasil_brasilero_brasilia,11.845328,4.3106003,6.9230285,8.404042
2009,La cuarentena de lxs sin techo,Coronavirus y aislamiento social,,2020-03-30 10:25:23,6,6_asesinato_policía_policial,8.293978,6.968629,7.1932225,-1.2393783
2010,La globalización se declara en quiebra,Coronavirus y capitalismo financiero,,2020-03-31 09:57:43,4,4_déficit_deuda_endeudamiento,7.753986,7.7328057,7.925006,2.183879
2011,Nunca estuvimos más cerca,Coronavirus y aislamiento en el Conurbano,,2020-03-31 10:28:29,3,3_literario_escritora_autor,7.30979,7.678115,6.6632533,-4.815861
2012,Con el aplauso no alcanza,"Confianza, salud y políticas públicas",,2020-04-01 12:54:36,8,8_epidemia_vacunar_virus,7.711709,7.7975745,8.369934,0.67812645
2013,Parar la olla durante la pandemia,Economía popular y cuidados colectivos,,2020-04-02 10:44:00,15,15_sindicalismo_reforma_político,8.841933,7.242646,7.0288763,0.7185214
2014,Los nuevos hámsters de las plataformas,Coronavirus y trabajo a distancia,Teletrabajo,2020-04-02 11:57:56,15,15_sindicalismo_reforma_político,9.723807,7.2030563,6.2976303,1.2781004
2015,El virus nos está desnudando,Coronavirus en Italia,,2020-04-03 10:25:20,8,8_epidemia_vacunar_virus,7.2391977,7.82845,8.43425,0.12482454
2016,La sobremesa con un papá nerd,Coronavirus: carta a nuestrxs hijxs,Covid-19,2020-04-04 10:31:26,28,28_futuro_pandemia_crisis,7.2268457,7.9116025,8.486272,0.97796535
2017,La ilusión de vivir como siempre,Coronavirus y neoliberalismo en Nueva York,,2020-04-06 10:34:17,28,28_futuro_pandemia_crisis,8.676693,7.410757,8.435907,1.0415378
2018,Diario del aislamiento en Italia,Crónicas del Coronavirus,,2020-04-06 14:52:23,8,8_epidemia_vacunar_virus,7.3220677,7.8774343,7.8990016,-0.30890778
2019,Escapados sin salida,"Cuarentena, salud pública y economía",,2020-04-06 16:12:51,4,4_déficit_deuda_endeudamiento,9.268166,7.5653176,8.537492,3.0283916
2020,El dragón que dejó de ser un mito,China después del Coronavirus,,2020-04-07 14:10:18,21,21_soviética_soviético_vladimir,8.120038,7.475779,7.788243,2.409297
2021,"""Dios espera demasiado de mí""",Poco ortodoxa,Netflix; Zapping cultural,2020-04-08 13:08:12,1,1_feminismo_feminista_patriarcado,7.3642855,3.7865965,9.911395,-3.6873631
2022,"Deuda, vivienda y trabajo: una agenda feminista para la pospandemia",Coronavirus y neoliberalismo,,2020-04-09 10:49:05,28,28_futuro_pandemia_crisis,8.076715,7.441072,7.662793,0.59440976
2023,Reinventar el teatro,Coronavirus y artes escénicas,,2020-04-09 12:24:58,8,8_epidemia_vacunar_virus,7.5043364,4.4239745,8.654008,0.791975
2024,Los falsos profetas de la pospandemia,Filosofía y coronavirus,,2020-04-10 17:01:15,28,28_futuro_pandemia_crisis,7.7531195,7.3514743,8.511748,1.0606064
2025,Muy en una: Edición Corona Virus,Nuevo podcast anfibio,Covid-19,2020-04-13 11:11:43,8,8_epidemia_vacunar_virus,7.297114,7.8816276,8.507426,0.73455954
2026,La economía en cinco postales,Coronavirus y empleo,,2020-04-14 09:40:40,15,15_sindicalismo_reforma_político,7.676671,7.6275964,6.9256716,1.0795064
2027,Te prefiero fuera de foco,"Lo público, la intimidad y la cuarentena",Covid-19,2020-04-15 11:47:07,14,14_mediático_periodístico_político,6.112922,4.6414895,10.508231,2.017703
2028,Vigilar y castigar (en democracia),Coronavirus y fuerzas de seguridad,,2020-04-15 13:05:47,15,15_sindicalismo_reforma_político,7.4179816,7.1636395,6.72955,0.6192854
2029,China: cómo se ordena la población más grande del mundo,"Gripes, pandemias y disciplina",,2020-04-16 10:43:10,5,5_pedagógico_enseñanza_escolar,7.3871007,7.9154754,7.3611455,0.38223562
2030,No tener olfato,Coronavirus en primera persona,Covid-19,2020-04-17 10:58:26,8,8_epidemia_vacunar_virus,7.1466494,7.8183494,8.463107,-0.5420559
2031,"Una salida con forma de ""V""",Coronavirus y trabajo,,2020-04-20 10:37:28,15,15_sindicalismo_reforma_político,9.375879,7.9617205,7.0812774,1.2980096
2032,Lógica policial o ética del cuidado,"Coronavirus, aislamiento y políticas de control",,2020-04-21 16:17:55,6,6_asesinato_policía_policial,7.2385364,7.0969954,7.7130723,-1.3202918
2033,Extraño a gente que no conozco,Fiestas virtuales,,2020-04-24 06:26:11,38,38_bailarín_tango_protagonista,7.071876,4.635311,14.097909,-3.8960426
2034,¿Qué hacer con los varones que agreden?,"Coronavirus, aislamiento y violencias",,2020-04-28 10:36:10,1,1_feminismo_feminista_patriarcado,7.2825403,7.0993752,9.403487,-4.6457486
2035,Una lucha silenciosa y silenciada,José León Suárez: todas las pandemias,,2020-04-28 12:26:20,41,41_pobreza_inmobiliario_habitante,9.152508,6.741923,6.5936823,-1.0473073
2036,Nuestro Green New Deal,Justicia Ecosocial y Económica,,2020-04-29 09:00:01,4,4_déficit_deuda_endeudamiento,8.087619,7.2132607,8.084729,2.1624012
2037,La hermandad de mi cuadra,"Clase media, crisis y pandemia",Covid-19,2020-04-29 11:10:57,32,32_catástrofe_desastre_tragedia,8.9702215,6.123124,6.7648826,-1.0512689
2038,Migrantes: la cuarentena imposible,Las fronteras de la pandemia,,2020-04-30 16:46:18,15,15_sindicalismo_reforma_político,9.016532,7.2387567,7.1895924,0.74813807
2039,Por qué no abrimos antes Google Classroom,"Coronavirus, escuela y aprendizaje",,2020-05-04 11:49:40,5,5_pedagógico_enseñanza_escolar,5.9450603,5.924521,3.586815,-3.1665497
2040,Nuggets y murciélagos: cómo cocinamos las pandemias de hoy,Coronavirus y granjas industriales,,2020-05-05 10:26:26,8,8_epidemia_vacunar_virus,7.7257895,7.794081,8.470051,0.54483277
2041,Somos más frágiles de lo que pensábamos,La pandemia y su devenir,Covid-19,2020-05-05 13:10:05,8,8_epidemia_vacunar_virus,7.7129765,7.28106,8.511207,0.80318606
2042,El planeta en el Titanic,"Política, ciencia y calentamiento global",,2020-05-06 12:14:01,8,8_epidemia_vacunar_virus,7.71583,7.5947537,8.5021,0.669926
2043,La rebelión contra la evidencia,Cacerolazos en cuarentena,,2020-05-08 11:22:20,4,4_déficit_deuda_endeudamiento,9.442489,7.6727605,8.73476,2.9926212
2044,El virus no se detiene en la entrada del penal,"Las Cárceles, el Covid-19 y el mundo exterior",,2020-05-08 13:23:51,8,8_epidemia_vacunar_virus,8.907087,6.555833,7.662708,0.49778703
2045,Nuestro futuro,Pandemia y dilemas por venir,,2020-05-08 17:15:24,28,28_futuro_pandemia_crisis,7.5364547,7.197437,8.772068,-0.11857628
2046,El daño de las pandemias,El Covid y los intelectuales,,2020-05-11 10:55:50,28,28_futuro_pandemia_crisis,7.9294662,7.047494,8.489729,1.1007423
2047,Una nueva economía moral,Coronavirus y distancias sociales,,2020-05-12 10:36:26,4,4_déficit_deuda_endeudamiento,8.9908285,7.655538,8.458274,3.007086
2048,Hacerle honor a la tragedia,"Pandemia, cuerpos y teatro",Covid-19,2020-05-13 10:50:47,39,39_morir_muerte_moribundo,7.2011304,7.7804947,9.445292,-2.0854802
2049,Puedo decirte quién no soy,Camila Sosa Villada,,2020-05-15 11:23:02,29,29_ficción_protagonista_personaje,7.738193,2.3940754,8.086875,-2.3095403
2050,Cuerpo por cuerpo,Adelanto de Aramburu,,2020-05-15 15:42:27,39,39_morir_muerte_moribundo,8.854016,3.080461,9.653658,-2.2836945
2051,Las crónicas del mundo que viene,"Cambio climático, extinción y literatura",COP26; Crisis climática,2020-05-18 10:57:51,28,28_futuro_pandemia_crisis,8.047878,6.3972206,5.3490286,-0.5164378
2052,Imposible sobrevivir a una pandemia sin agua,Coronavirus en la Villa 31,Covid-19,2020-05-18 14:09:26,20,20_ríos_río_arroyo,8.551448,6.9429197,5.254746,-1.0399476
2053,Sabía que ibas a reaccionar así,Cómo nos comportamos ante la flexibilización,,2020-05-19 14:46:21,8,8_epidemia_vacunar_virus,7.5236564,7.7055464,8.791469,2.5163755
2054,Navegar contra el viento en los tiempos del virus,"Estado, sociedad y Covid 19",Covid-19,2020-05-20 11:49:02,28,28_futuro_pandemia_crisis,7.9377837,7.12175,8.472431,0.99133617
2055,El desorden de los sentidos,Coronavirus y subjetividades,Covid-19; Escuela de Arte y Patrimonio; UNSAM,2020-05-21 10:33:45,24,24_arte_artes_art,7.517516,3.2481167,12.895916,-2.167317
2056,¿Cuántos puentes hacen falta para frenar el virus?,Las organizaciones sociales en la pandemia,,2020-05-22 16:07:45,41,41_pobreza_inmobiliario_habitante,8.666141,6.9384828,6.9205894,-0.4232098
2057,Una respuesta (religiosa) a la fragilidad del mundo,La fe en tiempos de Covid-19,Covid-19,2020-05-26 11:29:47,13,13_papal_catolicismo_arzobispo,10.101724,3.3263752,-1.6571932,7.3821607
2058,Instrucciones para desactivar la función muerte,Anfibia Papel CUERPO,,2020-05-27 10:35:26,39,39_morir_muerte_moribundo,7.788384,2.9255304,9.282162,-1.4851551
2059,Un senegalés en Bahía Blanca,Migrantes de otro mundo: la historia de Nar Dieng,,2020-05-28 10:30:37,11,11_asesino_testimonio_testigo,9.579583,5.4337435,7.4092655,-1.6234406
2060,Cómo no dejar escapar una vida entera,"Trabajo precarizado, renta básica y poscapitalismo",,2020-05-28 12:06:21,15,15_sindicalismo_reforma_político,9.309901,7.3436346,6.3723726,1.3654164
2061,Planificar la salud para curar la desigualdad,Pandemia y desafíos del sistema público,Covid-19,2020-06-01 13:11:05,8,8_epidemia_vacunar_virus,7.9938617,7.6142845,8.37592,0.9369274
2062,No podemos respirar,#BlackLivesMatter,#BlackLivesMatter; Racismo en Argentina,2020-06-01 21:13:19,21,21_soviética_soviético_vladimir,9.597469,4.6823015,6.774314,2.984566
2063,Así es el racismo criollo,De Estados Unidos a Argentina,Racismo en Argentina,2020-06-02 11:05:00,21,21_soviética_soviético_vladimir,9.724613,5.209262,6.9407887,3.3379695
2064,Cómo es la opresión racial,"EEUU, violencia policial y población afro",#BlackLivesMatter; Estados Unidos; Racismo en Argentina,2020-06-03 11:03:04,25,25_violencia_feminismo_feminista,9.596626,5.147638,6.8532133,2.789149
2065,La rebelión empieza en el Río Misisipi,Testimonios desde Estados Unidos,,2020-06-03 16:04:20,11,11_asesino_testimonio_testigo,9.584357,4.979816,7.472262,-1.7788788
2066,La nueva normalidad de la participación ciudadana,¿Democracia en pausa?,,2020-06-04 11:10:15,28,28_futuro_pandemia_crisis,9.281392,6.5984473,8.755182,2.5479255
2067,Nos tienen en la mira,Pueblos indígenas en Chaco,,2020-06-05 13:30:14,20,20_ríos_río_arroyo,8.822078,6.3617883,5.238796,-1.0469153
2068,La mala muerte,"Duelos, rituales y Covid-19",Covid-19,2020-06-08 10:29:37,39,39_morir_muerte_moribundo,7.021022,6.7058234,9.222221,-1.1724046
2069,El hashtag que no polariza,#AbortoLegal,,2020-06-09 10:48:56,31,31_digital_internet_tecnología,4.697907,3.1576025,10.312922,2.5675073
2070,Las 5 vidas de las políticas sociales,Ciclo IDAES ¿Por dónde salimos?,Escuela IDAES; Movimientos sociales; UNSAM,2020-06-11 10:31:34,15,15_sindicalismo_reforma_político,10.348265,6.058418,8.530027,3.256563
2071,Las oportunidades y alarmas que enciende el caso Vicentín,Los nuevos modelos de empresas estatales,,2020-06-11 14:36:53,12,12_economía_económico_futuro,8.646725,7.7756596,8.493921,1.9526814
2072,Testigos de la caída,Cómo vive Santa Fe la intervención de Vicentin,,2020-06-12 15:47:22,15,15_sindicalismo_reforma_político,8.775625,7.225066,7.1102347,1.7509094
2073,Me olvido de todo menos de mi cuerpo,Pescarse el Covid en país ajeno,Pedro Lemebel,2020-06-16 12:10:36,39,39_morir_muerte_moribundo,7.171946,7.8342094,8.523576,-0.57932866
2074,Disputar el modelo de producción,Ambientalismo popular,COP26; Crisis climática,2020-06-17 10:42:43,28,28_futuro_pandemia_crisis,9.052743,6.7979045,8.174558,1.724599
2075,Ensuciar al enemigo,El discurso político de la oposición,,2020-06-18 11:32:19,0,0_político_política_electoral,10.866951,6.394593,8.064121,5.324621
2076,¿Qué aprendemos los varones padres?,"Pandemia, aislamiento y paternidades",,2020-06-19 11:56:54,1,1_feminismo_feminista_patriarcado,5.9671373,4.4753065,9.497242,-3.8324482
2077,Cien días que sacudieron al Estado,Asistencia en modo remoto,,2020-06-22 11:32:42,15,15_sindicalismo_reforma_político,9.558738,7.1468077,6.988312,0.5840701
2078,Imaginarios para salir del desastre,Conversación entre Angela Davis y Naomi Klein,,2020-06-23 12:04:10,28,28_futuro_pandemia_crisis,7.2710648,7.810728,8.344692,0.905234
2079,El problema no es el escote,Mujeres en televisión,,2020-06-24 10:55:14,1,1_feminismo_feminista_patriarcado,5.961331,3.4958665,9.85148,-3.1727817
2080,¿A qué le tenemos miedo?,Coronavirus en América Latina,Covid-19,2020-06-26 11:42:51,8,8_epidemia_vacunar_virus,8.237388,6.781946,8.485587,1.1619132
2081,Los desmontes sin cuarentena,Topadoras y fuego: las armas del agronegocio,,2020-06-30 12:25:12,8,8_epidemia_vacunar_virus,8.243292,7.6258736,8.158476,1.4601394
2082,¿Una globalización distinta cada mes?,Los peligros después de la pandemia,,2020-07-01 11:59:28,8,8_epidemia_vacunar_virus,7.766731,7.196339,7.487868,0.5501026
2083,¿Qué es una vida digna?,El debate por la redistribución de la riqueza,,2020-07-03 12:26:16,15,15_sindicalismo_reforma_político,8.50441,7.695021,6.959561,0.5838962
2084,"Después de la pandemia, el tsunami tecnológico",Industria 4.0 y el futuro del trabajo,,2020-07-06 11:10:44,17,17_innovación_tecnológico_tecno,7.6108046,6.829096,9.648154,1.6198981
2085,"Hornear, tuitear y castigar",Bake off: final inesperado,,2020-07-06 17:06:30,14,14_mediático_periodístico_político,7.6233816,5.61613,10.682181,2.005238
2086,Un diccionario para hablar de “naturaleza”,Ecocrítica: las humanidades ambientales,,2020-07-07 12:06:31,28,28_futuro_pandemia_crisis,8.218596,6.9468822,8.794359,0.22097704
2087,La batalla por la propiedad en clave feminista,Ley de alquileres e intervención de Vicentin,,2020-07-08 11:36:22,4,4_déficit_deuda_endeudamiento,9.213825,6.8481965,7.0370684,0.041962896
2088,Un lugar para los besos que no damos,Aguafuertes de aislamiento,,2020-07-08 13:30:50,38,38_bailarín_tango_protagonista,8.164309,2.452651,10.2725315,-2.6029618
2089,Son días de silencio inusual en la favela,Coronavirus en Brasil,Covid-19,2020-07-08 19:35:02,41,41_pobreza_inmobiliario_habitante,9.781322,4.3056045,6.811216,-0.8462008
2090,Pensar un mundo mejor o explotar al humano como nunca antes,El dilema de la filosofía tech,,2020-07-10 11:54:59,17,17_innovación_tecnológico_tecno,7.549329,7.007941,9.835329,1.489009
2091,Agustín Alezzo: el hombre amurallado,La memoria del maestro,,2020-07-13 11:29:33,24,24_arte_artes_art,8.79677,2.8436537,12.385035,-2.2534244
2092,El patch-work legal sobre la prostitución,Argentina: entre la reglamentación y el abolicionismo,,2020-07-14 12:38:35,1,1_feminismo_feminista_patriarcado,5.7415676,3.5267072,10.416069,-4.430471
2093,¿De qué hablamos cuando hablamos de pobreza?,La vida de los barrios populares en Montevideo,,2020-07-15 10:35:23,41,41_pobreza_inmobiliario_habitante,9.267991,6.986924,7.0077105,-0.029905256
2094,Un nuevo mapa global: la única salida de esta crisis,"América Latina, ambiente y pospandemia",,2020-07-16 17:42:46,12,12_economía_económico_futuro,8.358507,6.9189677,8.398138,1.9399109
2095,Volver al aula para reconstruir una sociedad,Enseñar y aprender en la pandemia,,2020-07-17 11:15:21,5,5_pedagógico_enseñanza_escolar,5.8684616,5.8178077,3.64907,-3.1857917
2096,El último baile,Cristina Fernández de Kirchner,,2020-07-20 10:47:32,0,0_político_política_electoral,10.91636,5.3039827,9.1186,4.4405704
2097,Cuando las derechas toman las calles,"De la ""infectadura"" a las plazas",,2020-07-21 09:59:58,0,0_político_política_electoral,10.458343,5.5672703,8.097978,4.987126
2098,Los feminismos están repensando el mundo,"Globalización, violencias y relatos",,2020-07-21 13:18:35,1,1_feminismo_feminista_patriarcado,5.7089934,2.8782399,9.595394,-4.733415
2099,El único cable hacia el mundo,"Infancias, plataformas y cuarentena",,2020-07-22 10:37:24,31,31_digital_internet_tecnología,5.9030066,5.90369,10.325152,1.4946591
2100,Un concurso fantástico,Fondo Nacional de las Artes: la polémica por el género,,2020-07-27 12:00:36,3,3_literario_escritora_autor,7.2955866,4.0299087,7.4332247,-4.927474
2101,"Biblias, botas y votos",Crisis política y sanitaria en Bolivia,,2020-07-28 11:19:30,10,10_boliviano_bolivia_político,10.866767,4.4679017,8.605359,2.6375425
2102,Tus zonas erróneas,La regulación estatal de Google y Facebook,,2020-07-29 10:50:40,31,31_digital_internet_tecnología,7.5200634,6.276066,10.705943,1.7058667
2103,Intensidades peligrosas,El discurso del odio como amenaza a la democracia,,2020-08-01 15:47:18,28,28_futuro_pandemia_crisis,8.3036585,5.595959,8.654722,2.8244922
2104,"Deuda externa, no eterna",Economía e ideología,,2020-08-03 17:49:04,4,4_déficit_deuda_endeudamiento,9.719945,8.143027,10.427095,5.5780234
2105,Cómo adaptar un sistema científico a una pandemia,#OrgulloUnsam,UNSAM,2020-08-04 18:22:04,8,8_epidemia_vacunar_virus,7.5985394,7.4744134,8.497101,0.5853155
2106,La cultura independiente después del apagón,Ciclo IDAES ¿Por dónde salimos?,Escuela IDAES; UNSAM,2020-08-05 15:18:49,31,31_digital_internet_tecnología,7.2496176,5.9338403,10.720703,1.4941058
2107,Derecho a la desconexión,Ley de teletrabajo,Teletrabajo,2020-08-06 10:29:26,15,15_sindicalismo_reforma_político,9.07547,7.075191,6.557501,1.1644697
2108,El Punto G de mi fragilidad,Sexteame,,2020-08-07 12:09:03,1,1_feminismo_feminista_patriarcado,5.482826,3.232965,9.794263,-2.8666081
2109,Por qué los rusos aman a Natalia Oreiro,El documental Nasha Natacha,Natalia Oreiro; Netflix; Rusia; Zapping cultural,2020-08-10 11:25:08,21,21_soviética_soviético_vladimir,11.347709,7.5541058,14.123612,4.168855
2110,El virus de la cancelación,Punitivismo y redes sociales,,2020-08-11 11:02:59,31,31_digital_internet_tecnología,7.691419,5.733986,10.179533,1.5370147
2111,El nuevo enemigo público no es humano,La pandemia como falla de inteligencia,Covid-19,2020-08-12 14:36:25,17,17_innovación_tecnológico_tecno,10.362922,7.177032,8.764369,1.2239308
2112,TikTok: el baile por la dominación digital global,"Estados Unidos, China y la geopolítica",,2020-08-18 11:49:35,17,17_innovación_tecnológico_tecno,7.7134886,6.157394,9.870657,1.6114373
2113,Belleza para momentos disruptivos,Colaboración arte y ciencia,,2020-08-19 10:52:22,24,24_arte_artes_art,7.255837,4.40812,10.285972,0.088052966
2114,Distintas chimeneas de un mismo fuego,Rosario: quema de humedales del Delta del Paraná,Rosario; Rosariocronica,2020-08-21 15:42:44,20,20_ríos_río_arroyo,9.245534,5.239585,5.3191724,-1.027906
2115,Cómo desarmar la infodemia,"Fake news, medios y Estado",,2020-08-25 11:48:46,14,14_mediático_periodístico_político,7.6370783,5.276526,10.557572,2.4387424
2116,El derecho penal en la mira,Los feminismos en la encrucijada del punitivismo,Punitivismo,2020-08-26 16:52:18,1,1_feminismo_feminista_patriarcado,6.026335,3.6537602,9.600436,-4.676663
2117,Consejos políticos para el sexo virtual,Tecnocapitalismo y cuarentena,,2020-08-28 10:25:49,31,31_digital_internet_tecnología,7.376494,6.1581144,10.299574,1.6451727
2118,La ciencia argentina está en órbita,SAOCOM 1B: un lanzamiento en pandemia,,2020-08-31 10:58:09,17,17_innovación_tecnológico_tecno,8.148614,7.4044876,9.30935,1.5476677
2119,Desconfío,El negacionismo científico en la pandemia,,2020-09-01 10:30:48,37,37_astrónomo_ciencia_universo,10.733488,6.5857973,8.739902,2.7520623
2120,Los cuerpos de la pandemia y sus calles domesticadas,Covid y desaceleración,Covid-19,2020-09-03 11:41:01,28,28_futuro_pandemia_crisis,9.132096,6.413583,8.400297,-0.1827635
2121,Internet se rompió,Los arrepentidos de la tecnología,,2020-09-04 10:23:23,31,31_digital_internet_tecnología,7.4530363,6.113749,10.7215185,1.6479955
2122,Los cuerpos aparecen por casualidad,Facundo Castro: la policía como problema político,,2020-09-07 12:47:47,6,6_asesinato_policía_policial,9.474887,3.9713938,7.67048,-1.467402
2123,¿Quién nos va a cuidar de viejes?,Ciclo IDAES ¿Por dónde salimos?,Escuela IDAES; UNSAM,2020-09-08 13:16:49,1,1_feminismo_feminista_patriarcado,9.205762,7.541164,10.53247,-4.457305
2124,El péndulo y el tobogán,La política argentina y su devenir,,2020-09-09 10:24:03,16,16_brasil_brasilero_brasilia,10.801941,5.234107,7.1363945,7.772268
2125,Comer delante de los pobres,El reclamo de la Policía Bonaerense,Violencia policial,2020-09-10 15:47:57,15,15_sindicalismo_reforma_político,9.659121,7.519776,6.4744387,0.94137615
2126,Hablar de racismo hasta que ya no exista,El hip hop será antirracista o no será hip hop,Racismo en Argentina,2020-09-10 16:11:17,24,24_arte_artes_art,5.812308,4.504651,12.898775,-2.090448
2127,Mejor que arengar es escuchar,El reclamo de la Policía Bonaerense,,2020-09-11 11:12:27,15,15_sindicalismo_reforma_político,9.73239,6.7243934,6.560209,0.8544873
2128,"Armados, uniformados y movilizados",El reclamo de la Policía Bonaerense,Violencia policial,2020-09-11 15:21:59,6,6_asesinato_policía_policial,10.510685,4.995401,7.7245193,-1.3574599
2129,La guerra tibia a un click,"Tik Tok, 5G, Huawei",,2020-09-14 14:28:31,17,17_innovación_tecnológico_tecno,7.618681,6.2838264,7.2500505,2.6795888
2130,Cuidados para atravesar la pandemia,PBA: qué hacen las feministas en el Ministerio de Salud,Covid-19,2020-09-15 10:31:52,7,7_aborto_abortar_anticonceptivo,4.713508,3.7095578,10.078845,-5.819424
2131,Narco y necro: la estética del capitalismo,El consumo sin filtro,,2020-09-16 11:42:46,24,24_arte_artes_art,9.262889,6.09448,10.591658,0.11063412
2132,Las injusticias sociales detrás del cambio climático,De la física a la política,,2020-09-17 10:38:16,12,12_economía_económico_futuro,8.27631,7.2330966,8.557453,1.9136361
2133,Cuevas: el problema es legal no moral,Dólares y mercado informal,,2020-09-17 15:44:49,4,4_déficit_deuda_endeudamiento,9.319755,6.922414,10.659468,5.5635514
2134,El nuevo prime time,Vivos de Instagram,,2020-09-18 10:56:34,31,31_digital_internet_tecnología,7.2225766,5.378929,10.92734,2.0346196
2135,El odio como lenguaje,Política y redes,,2020-09-19 15:05:59,31,31_digital_internet_tecnología,8.139358,5.577951,9.888476,2.9555638
2136,¿A dónde quieren que nos vayamos?,La toma de Guernica,,2020-09-23 13:09:52,11,11_asesino_testimonio_testigo,9.006521,7.2422495,6.7954197,-1.2635137
2137,"Coscu, el Señor Twitch",I.R.L. o vivir con la cámara en la cabeza,,2020-09-24 12:09:52,31,31_digital_internet_tecnología,8.547244,4.5283284,10.802162,1.7709893
2138,Hate news,Política y redes,,2020-09-28 11:16:24,14,14_mediático_periodístico_político,8.131526,5.6497726,10.170526,2.3790011
2139,Todo lo que pasa cuando se derrite un glaciar,Cambio climático y cuerpos de hielo,,2020-09-29 15:16:22,20,20_ríos_río_arroyo,8.27977,7.059683,5.022849,-0.65388405
2140,"Twitter, el laboratorio político",Polarización en Argentina y Estados Unidos,,2020-09-30 11:24:05,31,31_digital_internet_tecnología,10.549592,5.671546,9.85361,2.928385
2141,La libertad que convive con la muerte,Necroliberalismo,,2020-10-01 11:25:44,39,39_morir_muerte_moribundo,7.3666997,7.918951,9.201788,-1.096693
2142,¿Se puede politizar la experiencia anoréxica?,Activismo corporal,,2020-10-02 10:36:15,39,39_morir_muerte_moribundo,7.1781144,4.95315,9.575488,-2.0809004
2143,Más ciencia para navegar el caos,La cultura científica en la pandemia,,2020-10-03 11:10:01,37,37_astrónomo_ciencia_universo,7.649773,7.390685,10.003146,0.14887396
2144,La responsabilidad del 1%,Impuesto a la riqueza y crisis ambiental,,2020-10-05 10:42:41,4,4_déficit_deuda_endeudamiento,8.553799,7.5642915,8.114664,2.2600482
2145,Nuestro Chernóbil criollo,Los efectos del glifosato,,2020-10-07 11:21:23,37,37_astrónomo_ciencia_universo,8.356494,7.408669,5.6503034,-0.6075292
2146,Clase media somos (casi) todos,"Sociedad, Estado y dólar",,2020-10-07 15:35:39,4,4_déficit_deuda_endeudamiento,10.224245,5.704127,8.359572,3.0189364
2147,Incómoda Venezuela,El apoyo argentino al “Informe Bachelet”,Internacional; Venezuela,2020-10-08 15:34:41,10,10_boliviano_bolivia_político,10.566333,5.193519,7.0254908,3.4944954
2148,Cómo parar el fuego,"Piroceno: incendios, la adaptación al cambio climático",,2020-10-09 12:30:36,32,32_catástrofe_desastre_tragedia,8.586472,6.958413,5.533424,-0.99389344
2149,La trampa del mapuchómetro,Lof Lafken Winkul Mapu,,2020-10-12 14:43:32,20,20_ríos_río_arroyo,9.168961,5.5852513,5.2339487,-1.015285
2150,El día que los chinos dejaron de comer solo arroz,"América Latina, la frontera extractivista",,2020-10-13 11:07:08,12,12_economía_económico_futuro,8.6920395,7.740545,7.8474445,2.5240974
2151,Argentina y la fábrica de tecnología global,¿Qué economía del conocimiento necesitamos?,,2020-10-14 13:26:50,17,17_innovación_tecnológico_tecno,7.6709504,6.7250013,8.911712,1.8259047
2152,¿Cómo están les viejes?,"Pandemia, residencias y grupos de riesgo",Covid-19,2020-10-15 10:36:17,8,8_epidemia_vacunar_virus,7.920427,7.411338,8.380795,0.3247267
2153,Es como la soja: está en todos lados,La pandemia en los pueblos del sur de Santa Fe,Rosario; Rosariocronica,2020-10-20 11:12:22,8,8_epidemia_vacunar_virus,7.286664,7.9414673,8.197721,-0.11689505
2154,Del golpe a la victoria,Elecciones en Bolivia,,2020-10-20 21:05:51,10,10_boliviano_bolivia_político,11.47199,4.4580107,6.6630745,4.367495
2155,¿Qué significa gobernar hoy?,"90 años de ""El malestar en la cultura""",,2020-10-22 11:17:07,0,0_político_política_electoral,10.880359,6.582027,7.8824925,5.23371
2156,Apruebo,Chile: escenas de memoria,Chile; Convención Constituyente; Internacional,2020-10-23 10:58:49,18,18_chileno_chile_político,10.773095,4.536277,3.8070526,3.7948987
2157,Nuestros octubres,Chile votó una nueva constitución,Chile; Convención Constituyente; Internacional,2020-10-26 12:51:08,18,18_chileno_chile_político,10.481953,4.183533,3.746708,3.8370771
2158,La pesada herencia,Dolores Etchevehere y la pelea por la tierra familiar,,2020-10-28 12:07:54,1,1_feminismo_feminista_patriarcado,8.967811,6.803803,9.828572,-4.2609696
2159,Las habitaciones de siempre,"El destrato familiar, esa zona gris",,2020-10-30 10:40:20,42,42_padre_papá_hijo,8.709806,3.606262,6.9223995,-2.9908423
2160,Los sueños que no caben en las urnas,Migración y transnacionalismo en EEUU,,2020-10-31 08:14:34,21,21_soviética_soviético_vladimir,11.941279,7.0418735,6.7015014,2.869407
2161,Cómo no temblar frente al colapso,La serie sobre el futuro distópico,,2020-10-31 10:00:07,28,28_futuro_pandemia_crisis,8.096619,6.9612107,9.677129,-0.12582603
2162,Cualquiera puede cocinar (en TV),Masterchef,,2020-11-02 12:01:16,14,14_mediático_periodístico_político,7.54396,7.1772804,10.672567,2.1657197
2163,Abrazos partidos,Río Tercero,Corrupción; Río Tercero,2020-11-03 12:52:31,41,41_pobreza_inmobiliario_habitante,9.513262,4.674447,6.4685283,-0.9752658
2164,¿Si pierde Trump gana el planeta?,Elecciones en Estados Unidos y cambio climático,,2020-11-04 10:30:31,21,21_soviética_soviético_vladimir,8.434508,7.683038,7.480888,2.9119053
2165,Crónica de un escándalo anunciado,Trump vs Biden,,2020-11-04 18:57:07,0,0_político_política_electoral,11.719467,6.9500537,7.388532,3.8801956
2166,Heredar o diferir: los hijos díscolos de la oligarquía,Familias de clase alta,,2020-11-05 16:36:55,5,5_pedagógico_enseñanza_escolar,10.69799,6.305014,8.006195,-2.4031444
2167,Nicolás Pachelo: el apostador,Crimen de María Marta García Belsunce,,2020-11-09 10:00:19,11,11_asesino_testimonio_testigo,8.946608,4.149736,7.529732,-2.5437436
2168,Heredero,Las causas judiciales que enfrenta el Opus Dei,,2020-11-09 11:47:10,13,13_papal_catolicismo_arzobispo,6.867878,3.5335345,-1.6400862,7.5529757
2169,Bolivia y las lecciones sobre el poder,La nueva etapa del Proceso de Cambio,,2020-11-10 11:51:04,10,10_boliviano_bolivia_político,11.408003,4.366245,6.710724,4.41418
2170,Ni puta ni santa: ajedrecista,Gambito de Dama,Netflix; Zapping cultural,2020-11-12 10:14:24,29,29_ficción_protagonista_personaje,7.0117636,2.9302704,10.335901,-2.4976432
2171,La peor vacuna es la que no se aplica,"Ciencia, desconfianza y COVID",Covid-19,2020-11-13 11:03:45,8,8_epidemia_vacunar_virus,7.6034355,8.068119,8.396728,0.5266332
2172,Tecnodiversidad contra el apocalipsis,Filosofía de la tecnología,,2020-11-16 10:04:52,36,36_holocausto_terrorista_siria,8.120565,7.3302736,8.42893,0.9997747
2173,¿Goodbye normalidad?,Los medios versus Trump,,2020-11-17 10:39:44,19,19_periodista_periodístico_periódico,12.123329,7.1328897,12.528319,1.6106288
2174,Ninguna semilla crece sola,Agroecología en Argentina,,2020-11-18 11:14:46,20,20_ríos_río_arroyo,8.762838,7.327321,5.6866775,-0.7004778
2175,La autoridad pedagógica en jaque,Soledad Acuña contra la escuela pública,,2020-11-18 12:55:08,5,5_pedagógico_enseñanza_escolar,5.8057775,5.52679,3.6792586,-3.430033
2176,Del antropoceno al antro obsceno,Pandemias de ayer y hoy,,2020-11-19 11:46:00,8,8_epidemia_vacunar_virus,7.6502438,7.702996,8.514998,0.8398632
2177,Perú: desactivar la vieja política,Les jóvenes en la primera línea,,2020-11-20 11:22:30,6,6_asesinato_policía_policial,9.801613,6.227811,7.6412845,-1.1253203
2178,El progresismo en el laberinto del desarrollo,¿Cómo construimos un futuro ecosocial?,,2020-11-24 11:08:26,12,12_economía_económico_futuro,8.972354,7.1343036,8.5117445,1.9505776
2179,Réquiem para un río imposible,Murió Diego Maradona,Diego Maradona,2020-11-25 16:36:50,20,20_ríos_río_arroyo,9.872527,2.3564503,12.627731,-1.9625392
2180,"Salí, dejame llorar",Murió Diego Maradona,Diego Maradona,2020-11-25 18:46:19,2,2_fifa_futbolista_fútbol,9.94312,2.4876351,5.452333,11.644988
2181,"Toda la gracia, todas las gracias",Murió Diego Maradona,Diego Maradona,2020-11-26 13:22:24,2,2_fifa_futbolista_fútbol,9.850636,2.382064,5.223551,11.575372
2182,"Género, raza y clase para llorar a Maradona",La muerte del D10S,Diego Maradona; Día internacional de la eliminación de la violencia contra las mujeres,2020-11-26 15:25:50,1,1_feminismo_feminista_patriarcado,10.067355,2.832019,9.173607,-4.327061
2183,"Napoli juega al lotto, pero llorando",Murió Diego Maradona,Diego Maradona,2020-11-26 16:15:45,2,2_fifa_futbolista_fútbol,10.162983,2.2446885,5.6625676,11.385398
2184,Por quien merece amor,Murió Diego Maradona,Diego Maradona,2020-11-27 15:42:24,2,2_fifa_futbolista_fútbol,9.974654,3.2582736,5.6877294,11.28244
2185,Enseñar es intervenir en los mundos personales,"Educación, pedagogía y política",,2020-11-30 12:20:37,5,5_pedagógico_enseñanza_escolar,5.783839,5.7038417,3.6856875,-3.0026946
2186,Endeudarse hasta para pagar el alquiler,"Vivienda, crisis y pandemia",Escuela IDAES; UNSAM,2020-12-02 11:51:15,4,4_déficit_deuda_endeudamiento,9.027298,7.4499974,6.892128,-0.18957838
2187,Activismo también es pasarla bien,Cultura y migración,,2020-12-04 09:26:06,24,24_arte_artes_art,8.241459,5.480493,12.889208,-2.1181128
2188,Cierto que afuera había sol,Porteña en el monte,,2020-12-04 10:43:00,32,32_catástrofe_desastre_tragedia,10.011669,3.7104366,6.6775303,-1.2855299
2189,"A tus pies, Pachorra",Sabella,Alejandro Sabella,2020-12-09 10:30:23,2,2_fifa_futbolista_fútbol,9.984976,2.362973,5.6999354,11.384576
2190,La intervención no es divina,Cristianos ante la pandemia,,2020-12-09 12:36:23,13,13_papal_catolicismo_arzobispo,11.841593,2.6080725,-1.6611435,7.4027424
2191,La rosca que garantiza nuestros derechos,Media sanción para el aborto,Aborto Legal,2020-12-11 10:59:03,7,7_aborto_abortar_anticonceptivo,4.111734,3.5656433,10.037736,-6.9220386
2192,Cuando la política oye a las feministas,Media sanción para el aborto,Aborto Legal,2020-12-11 11:07:45,7,7_aborto_abortar_anticonceptivo,4.2044406,3.6474745,10.035248,-6.6485386
2193,"""Yo salí para que salga""",Media sanción para el aborto,Aborto Legal,2020-12-11 14:17:24,7,7_aborto_abortar_anticonceptivo,4.152553,3.4513118,10.092923,-6.526975
2194,Memorias de una joven promesa,Periodismo: ensayo de una profesión en crisis,,2020-12-14 10:43:24,19,19_periodista_periodístico_periódico,7.8304734,4.2848125,12.881905,1.3236601
2195,El jardín de las delicias inquietantes,Los taxi boys de Plaza Miserere,,2020-12-16 11:34:28,1,1_feminismo_feminista_patriarcado,9.2125,2.3525138,10.355845,-4.152514
2196,¿Qué dicen los que sí y qué dicen los que no?,Debate por el aborto legal,Aborto Legal; LEDA-UNSAM; UNSAM,2020-12-17 13:07:10,7,7_aborto_abortar_anticonceptivo,4.238062,3.6573758,10.126206,-6.291332
2197,La Justicia contra las mujeres,Aborto y maternidades,,2020-12-18 12:07:02,39,39_morir_muerte_moribundo,8.559841,4.2548018,8.308815,-3.3293526
2198,Mitológicas del derrumbe,"Pandemia, crisis e incertidumbre",LEDA-UNSAM,2020-12-21 09:59:44,8,8_epidemia_vacunar_virus,8.004787,6.9534626,7.8387833,2.4628549
2199,"Maradona, el David de Fiorito",Un mes sin Diego,Diego Maradona; Escuela de Arte y Patrimonio; UNSAM,2020-12-23 09:56:38,24,24_arte_artes_art,9.809757,2.4218447,12.896219,-2.1866899
2200,Todo lo que viene detrás de un muro,La globalización fracasada,LEDA-UNSAM,2020-12-23 10:28:50,28,28_futuro_pandemia_crisis,10.545595,7.1344233,8.774467,3.1509104
2201,Te colgás y te afanan,Las otras formas de prevenir la inseguridad,,2020-12-28 11:15:04,14,14_mediático_periodístico_político,7.045197,5.128468,10.776626,2.3802187
2202,Qué lindo es volver a casa,"Content lab: Aerolíneas Argentinas, 70 años",,2020-12-29 14:36:14,15,15_sindicalismo_reforma_político,10.56076,4.133924,6.900833,1.4403417
2203,Rompan todo: las marcas del negocio,"Memorias, rock y juventud",,2020-12-29 16:37:43,22,22_música_musical_músico,8.716939,1.9068433,14.97151,-4.0453954
2204,Nuestro derecho es ley,Cómo se aprobó el aborto en el Senado,Aborto Legal,2020-12-30 07:26:47,7,7_aborto_abortar_anticonceptivo,4.358021,3.7346072,10.051048,-6.8800187
2205,Derechos sexuales: los diálogos pendientes,El aborto voluntario es ley,Aborto Legal,2020-12-30 13:18:48,7,7_aborto_abortar_anticonceptivo,4.491885,3.5217636,10.123075,-6.8462753
2206,La ley del deseo,La vigilia en las calles,Aborto Legal,2020-12-30 16:18:19,7,7_aborto_abortar_anticonceptivo,4.2659206,3.281525,10.089367,-6.447563
2207,La nueva era de la sinrazón,"Estados Unidos: ciencia, política y pensamiento mágico",,2021-01-04 10:39:55,37,37_astrónomo_ciencia_universo,7.565802,6.8009253,10.0020685,0.09157265
2208,¿Se puede ser racista y xenófobx y apoyar el aborto legal?,Debate por el aborto legal,Aborto Legal; LEDA-UNSAM; UNSAM,2021-01-04 16:57:26,7,7_aborto_abortar_anticonceptivo,4.3234053,3.6091022,10.16527,-6.9108768
2209,Nunca fuimos monógamos,El mundo de las parejas,,2021-01-06 11:23:33,20,20_ríos_río_arroyo,5.5185804,3.974014,9.632344,0.55446196
2210,El Congreso por asalto,Trump y su legado,,2021-01-07 15:30:51,21,21_soviética_soviético_vladimir,11.881311,6.944051,7.0775385,3.5020905
2211,¿Vos también soñaste algo raro anoche?,Sueños y acontecimientos: del nazismo a la pandemia,Covid-19,2021-01-08 12:41:58,28,28_futuro_pandemia_crisis,6.9819293,3.1568947,8.390806,-0.31005624
2212,¿Quién no quiere vivir en Varadero?,Gentrificación en Cuba,,2021-01-14 15:01:35,35,35_cubano_cubana_cuba,10.655017,3.8306248,5.6647816,2.9151943
2213,Los anti vacunas de la primera hora,De la viruela al Covid-19,Covid-19,2021-01-18 11:25:08,8,8_epidemia_vacunar_virus,7.616335,8.108271,8.455143,0.4988224
2214,La herida inestable del supremacismo,Wendy Brown,,2021-01-19 11:29:51,15,15_sindicalismo_reforma_político,10.853387,6.6305423,8.435657,3.3092165
2215,¿Hay contagios que molestan más que otros?,La juventud como problema,,2021-01-20 12:20:33,8,8_epidemia_vacunar_virus,7.858784,5.585997,8.557126,0.92856616
2216,"Medios, redes y polarización",Un debate abierto,Escuela de Política y Gobierno; UNSAM,2021-01-21 14:59:15,14,14_mediático_periodístico_político,7.775644,5.4349146,9.986755,2.825276
2217,Conociendo Rusia con dibujos animados,De Moscú a California,Dibujos animados,2021-01-22 12:49:22,21,21_soviética_soviético_vladimir,11.300114,7.602389,14.142856,4.1549864
2218,En nombre de Dios: la historia detrás del Pare de Sufrir,Estreno en Anfibia Podcast,,2021-01-26 10:35:53,13,13_papal_catolicismo_arzobispo,8.51691,3.1583638,-1.6668346,7.4739184
2219,"Volver a clases, repensar la escuela","Burbujas, planes educativos y pandemia",,2021-01-27 10:28:00,5,5_pedagógico_enseñanza_escolar,5.789987,5.7570567,3.6540332,-3.294942
2220,Una deriva existencial en el río,La literatura y el delta del litoral,Rosariocronica,2021-01-29 11:33:58,20,20_ríos_río_arroyo,7.6536613,2.3147767,5.0318155,-1.285344
2221,Cómo volver a la presencialidad,"Burbujas, semáforos y protocolos en la escuela",,2021-02-01 10:00:49,5,5_pedagógico_enseñanza_escolar,5.875551,5.8425136,3.681943,-3.217128
2222,La multitud llega a Wall Street,El caso GameStop como marca de época,Donald Trump; Estados Unidos; Internacional; Wall Street,2021-02-02 13:02:18,4,4_déficit_deuda_endeudamiento,11.353289,6.471122,10.564974,5.1750083
2223,Sputnik V: Una grieta entre el hombro y la jeringa,Un archivo de los voceros de la decepción,Covid-19,2021-02-04 13:40:47,8,8_epidemia_vacunar_virus,11.201802,7.589214,8.328769,0.67763096
2224,Feministas gobernando: más allá de la foto,"Mujeres, política y democracia",,2021-02-05 10:14:17,7,7_aborto_abortar_anticonceptivo,5.080097,2.955767,10.091169,-5.753851
2225,Tan convencidos de no haber hecho nada malo,"Jauría, teatro documental",,2021-02-08 11:05:48,25,25_violencia_feminismo_feminista,7.6812396,2.9527836,9.043441,-4.200424
2226,Justicia y policía: por qué no pueden protegernos,El femicidio de Úrsula Bahillo,#NiUnaMenos; Violencia policial,2021-02-10 12:40:53,25,25_violencia_feminismo_feminista,6.818301,3.9490502,8.54146,-3.9813657
2227,El peligro de un cuarto propio,Femicidios y políticas públicas,,2021-02-10 19:59:02,1,1_feminismo_feminista_patriarcado,4.762703,3.6529908,9.564449,-4.7923574
2228,El día que la vimos muerta,El femicidio de Úrsula Bahillo,#NiUnaMenos; Día internacional de la eliminación de la violencia contra las mujeres,2021-02-11 09:42:22,25,25_violencia_feminismo_feminista,8.858703,4.1685066,8.578602,-3.8127244
2229,Soy el código 5674,La vacuna contra el Covid: diario de un voluntario,Covid-19,2021-02-12 10:02:29,8,8_epidemia_vacunar_virus,7.5872536,8.104343,8.414486,0.3647947
2230,El movimiento indígena vuelve a pararse,Elecciones en Ecuador,Ecuador; Internacional,2021-02-12 12:13:13,0,0_político_política_electoral,11.4317255,5.566355,8.128349,4.6049976
2231,Leer salteado,Contramarcha,,2021-02-12 13:38:23,11,11_asesino_testimonio_testigo,7.920514,2.164351,7.835713,-2.5537193
2232,La muerte del entregador,Carlos Menem,,2021-02-14 20:59:29,10,10_boliviano_bolivia_político,10.8157625,5.3666825,7.554014,4.1308966
2233,La tenemos adentro,Menemismo: un ensayo para mirar de frente los 90,,2021-02-15 15:33:16,11,11_asesino_testimonio_testigo,9.677794,5.195035,8.712378,-2.4930806
2234,Chile: la interminable lista de casos aislados,Violencia policial y calendario electoral,Chile; Estallido en Chile; Internacional,2021-02-18 09:49:20,18,18_chileno_chile_político,10.211929,5.8056326,3.7672613,3.7964993
2235,Hamburguesas sin carne: ¿salvamos el mundo?,Un sistema alimentario cyborg,,2021-02-18 11:30:05,17,17_innovación_tecnológico_tecno,8.3781,7.8369975,9.523282,0.75933856
2236,El derrumbe de Ginés,Del liderazgo sanitario al vacunatorio vip,,2021-02-21 21:11:33,7,7_aborto_abortar_anticonceptivo,11.117886,5.0930305,8.3281975,0.7294198
2237,Lo último que el peronismo puede ser,La gestión de la pandemia,,2021-02-22 15:20:44,0,0_político_política_electoral,11.78981,5.886425,8.660432,2.736093
2238,La dosis justa para la indignación,"Vacunas, empresas y Estados",Covid-19,2021-02-25 12:48:56,0,0_político_política_electoral,7.680808,7.98373,8.87405,2.8306522
2239,En busca de un eje progresista,Alberto Fernández en México,,2021-02-25 16:51:42,35,35_cubano_cubana_cuba,10.430072,5.1569667,6.900532,3.2311864
2240,Como si fuera la primera vez,Alberto en el Congreso,,2021-03-01 19:19:30,10,10_boliviano_bolivia_político,11.52022,6.0767355,8.630415,2.908723
2241,La delicada tarea de vivir en una burbuja,Volver a las escuelas,,2021-03-02 12:44:40,5,5_pedagógico_enseñanza_escolar,6.1588845,5.882166,3.966566,-3.4014728
2242,El lobby minero muerde la tierra,"Chubut, cuna del extractivismo",,2021-03-03 23:45:28,20,20_ríos_río_arroyo,10.539705,6.6526794,5.1916685,-0.4283943
2243,Wandavision: un aleph de referencias pop,La mesa grande de la cofradía Marvel,,2021-03-04 11:32:47,29,29_ficción_protagonista_personaje,7.1694555,2.799654,10.449713,-2.1649237
2244,La repolitización del 8M,Feminismo para el 99%,8M; 8M: Paro internacional y plurinacional de mujeres y disidencias,2021-03-05 11:45:38,1,1_feminismo_feminista_patriarcado,5.115785,2.8603861,10.464138,-4.263857
2245,Feminismo Futuro,Programa de formación y reflexión,,2021-03-05 13:26:47,1,1_feminismo_feminista_patriarcado,5.0612855,2.94511,9.775059,-4.86771
2246,La invención política del paro feminista,#8M,8M; 8M: Paro internacional y plurinacional de mujeres y disidencias,2021-03-08 12:47:05,1,1_feminismo_feminista_patriarcado,4.9742227,2.8542516,10.443536,-4.3111086
2247,"#8M, con M de migranta",Una lectura feminista de la derogación del DNU 70,8M: Paro internacional y plurinacional de mujeres y disidencias,2021-03-08 13:48:08,1,1_feminismo_feminista_patriarcado,5.0762024,2.870185,9.625628,-4.648185
2248,¿Seguiremos en el cuarto propio?,Reforma judicial feminista,,2021-03-09 17:37:55,25,25_violencia_feminismo_feminista,10.034822,5.9082804,8.547723,-4.0451374
2249,Coronavirus: la tramitación de lo inédito,El encuentro con lo real,,2021-03-10 10:48:47,8,8_epidemia_vacunar_virus,7.3590884,7.5593057,8.503393,0.8942676
2250,Reforma judicial: guía para perplejos,"Democracia, derechos y política",,2021-03-10 18:43:05,23,23_justicia_judicial_juzgado,10.159698,6.3119006,11.076116,4.2802706
2251,La química del odio,Cómo contrarrestar los efectos de un discurso,,2021-03-11 09:39:47,14,14_mediático_periodístico_político,8.074187,5.4989614,9.00103,2.610755
2252,Una reforma judicial para Noruega,"Desigualdad, impunidad, extemporaneidad",,2021-03-11 13:05:15,23,23_justicia_judicial_juzgado,10.762388,5.689411,10.957534,4.269927
2253,El ocio del pueblo,Evangelismo pentecostal,,2021-03-12 15:34:06,13,13_papal_catolicismo_arzobispo,11.88591,2.7004302,-1.8067373,7.6776967
2254,"Orgasmo: un grito hermoso, divino y agudo",La búsqueda de la igualdad sexual,,2021-03-12 18:54:30,1,1_feminismo_feminista_patriarcado,5.7646937,3.7905757,9.962713,-3.946053
2255,Los peligros de levantar el dedito,Beatriz Sarlo: entre el populismo y la crítica,,2021-03-16 14:50:35,0,0_político_política_electoral,10.981378,6.400583,9.732187,3.5684812
2256,Las indias cantoras en el Reino del Revés,Pospopulares,,2021-03-17 12:04:32,22,22_música_musical_músico,8.596926,5.031344,14.954083,-4.0764437
2257,"La curva no es una infografía, es una cicatriz",A un año del ASPO: diario de un infectólogo,Covid-19,2021-03-18 11:30:10,8,8_epidemia_vacunar_virus,7.1718965,7.481602,8.474469,-0.151224
2258,Divididos por la pandemia,A un año del ASPO,Escuela IDAES; UNSAM,2021-03-19 09:37:51,28,28_futuro_pandemia_crisis,7.5842466,7.955854,8.638473,2.6644118
2259,¿Cómo volver sostenibles las infancias rotas?,"El caso M: calle, secuestro, empatía",,2021-03-19 18:01:58,41,41_pobreza_inmobiliario_habitante,6.4914575,5.684037,7.0056443,-0.1926429
2260,Loor al humedal litoral,Los extremos del río Paraná,Carrouselrosario; Crónicas; Rosario; Rosariocronica,2021-03-23 11:00:45,20,20_ríos_río_arroyo,8.577176,6.2151527,4.8628993,-1.033187
2261,Qué hace una dibujante en los juicios de lesa humanidad,"Memoria, verdad y justicia",24M: Día de la memoria por la verdad y la justicia; Derechos Humanos; Juicios de lesa humanidad; Terrorismo de Estado,2021-03-23 16:44:07,23,23_justicia_judicial_juzgado,7.96004,4.526898,11.244685,4.152807
2262,Olvídalos y volverán por más,"Ajuste, precariedad y vidas populares",,2021-03-25 10:42:04,0,0_político_política_electoral,9.153592,6.6782775,8.704036,3.1431255
2263,Las palabras y el miedo al hambre,"Academia, traición de clase y feminismo",,2021-03-26 10:18:54,3,3_literario_escritora_autor,5.2291236,3.1930063,6.9873734,-5.102455
2264,Colombia: a los disparos se responde con activismo y música,Periodismo Situado,,2021-03-29 15:40:32,6,6_asesinato_policía_policial,10.480254,4.3819284,7.5819683,-1.4448991
2265,El PBI ha muerto,Los límites del desarrollo en el siglo XXI,,2021-03-30 10:39:32,4,4_déficit_deuda_endeudamiento,9.210975,7.796265,8.186317,2.2038016
2266,"La antipolítica, un fantasma que recorre Argentina",Los legados del menemismo,Antipolítica; Liberalismo,2021-03-31 12:46:36,0,0_político_política_electoral,11.295885,6.5724497,8.065238,5.2072444
2267,Muerte al creador de la Constitución de Pinochet,Chile: la lucha armada en la transición democrática,Chile; Especial Chile; Internacional,2021-03-31 19:24:41,18,18_chileno_chile_político,10.478569,3.9400966,3.7413087,3.791163
2268,Quisiera no decir adiós,El último fin de semana antes de la segunda ola,,2021-04-05 13:44:13,8,8_epidemia_vacunar_virus,7.796831,7.924161,8.527223,0.7700648
2269,Andalgalá: no confiamos ni en el agua de lluvia,Catamarca volvió a habilitar la minería,,2021-04-06 11:16:19,20,20_ríos_río_arroyo,8.628762,6.7751436,4.87762,-1.0817333
2270,Chile: ¿una nación o varias naciones en un Estado?,Ciper/Anfibia,Chile; Especial Chile; Internacional; La transición en Chile,2021-04-07 11:42:33,18,18_chileno_chile_político,10.924468,4.7294683,3.8431146,3.8528016
2271,Los cazadores de la nueva memoria,"Implosión, una road movie de la Masacre de Patagones",,2021-04-09 11:43:48,5,5_pedagógico_enseñanza_escolar,6.472641,4.942692,10.725233,-2.1377478
2272,Una pista virtual para bailarines encerrados,"Danza, teatro y pandemia",,2021-04-09 16:35:54,38,38_bailarín_tango_protagonista,7.5955315,3.483851,11.1551485,-2.2047706
2273,Por qué gobernará un banquero,Ecuador,Ecuador; Internacional,2021-04-12 17:48:17,0,0_político_política_electoral,11.538082,4.6146207,8.174883,4.3859906
2274,El señor rating soñaba con hacer literatura,Murió Mauro Viale,,2021-04-12 19:47:36,19,19_periodista_periodístico_periódico,8.58111,2.5826318,12.687674,0.862691
2275,La batalla por las violencias,San Martín,Escuela IDAES; UNSAM,2021-04-13 11:39:16,25,25_violencia_feminismo_feminista,8.3214245,5.3672705,8.560608,-4.2479815
2276,Consejos desobedientes para mujeres en dictadura,Claudia vuelve,24M: Día de la memoria por la verdad y la justicia; Derechos Humanos; Dictadura,2021-04-14 11:38:04,1,1_feminismo_feminista_patriarcado,7.283026,2.4570644,9.784066,-3.864082
2277,Cómo evitar lugares comunes,Feministos y otras reacciones,,2021-04-16 13:56:21,1,1_feminismo_feminista_patriarcado,5.4710526,3.2582972,9.61929,-4.765356
2278,"Juventud, ¿divino tesoro?",Derechas de ayer y hoy,,2021-04-19 10:37:15,0,0_político_política_electoral,10.581707,5.7335534,9.077072,3.4769967
2279,Cien días para no enamorarse,Estados Unidos: las crisis de Biden,,2021-04-20 10:59:34,21,21_soviética_soviético_vladimir,10.416951,7.6580877,6.990959,3.3558686
2280,El uso privado de la justicia,Clases presenciales: Ciudad vs. Nación,,2021-04-20 11:44:10,23,23_justicia_judicial_juzgado,9.947901,5.889372,11.228689,4.269145
2281,Como de la familia,Trabajadoras del hogar: afecto y desigualdad,,2021-04-26 11:41:54,15,15_sindicalismo_reforma_político,5.2920933,4.2271795,6.3367853,1.2037117
2282,Semiocapitalismo: las emociones como la moneda viva,#FuturosAumentados,,2021-04-27 10:41:10,28,28_futuro_pandemia_crisis,7.7305746,6.8616214,8.852496,1.4791559
2283,El karma de los Samurais,La batalla por Japón,,2021-04-28 10:48:02,21,21_soviética_soviético_vladimir,7.378865,4.018371,7.1151342,3.223891
2284,El nuevo souvenir pandémico (después del papel higiénico),Mercado Covid: productos esenciales segunda ola,,2021-04-29 09:59:26,8,8_epidemia_vacunar_virus,8.068883,7.39837,8.418915,0.34755751
2285,¿Las familias pueden definir las políticas educativas?,"Escuela, cooperadoras y grupos de WhatsApp",,2021-04-30 12:21:37,5,5_pedagógico_enseñanza_escolar,5.996227,5.703164,3.7149558,-3.1799579
2286,Las contradicciones del progresismo naif,Ambiente y desarrollo,,2021-05-03 11:31:42,12,12_economía_económico_futuro,10.53317,5.920514,8.026312,2.4737906
2287,Cómo domesticar a los gigantes de la tecnología,Economía gig y nubes públicas,,2021-05-04 11:31:46,17,17_innovación_tecnológico_tecno,9.360862,7.498694,9.788542,1.6040739
2288,Final del juego,"Alberto, Larreta y las clases presenciales",,2021-05-04 15:30:38,5,5_pedagógico_enseñanza_escolar,11.418421,5.2410293,3.8970253,-2.7342498
2289,"Torpes, trastes, testarudos",Colombia: japi matrimonio media & politics,,2021-05-05 11:26:52,10,10_boliviano_bolivia_político,10.798655,4.389502,7.0436344,4.149665
2290,Economía y ambiente: ¿hay diálogo posible?,"Promesas y obstáculos de la ""licencia social""",,2021-05-06 12:41:20,12,12_economía_económico_futuro,8.44633,7.0927024,8.509345,1.9105874
2291,Alguien te está cuidando,Covid: testimonios de la nueva vida cotidiana del hospital,Covid-19,2021-05-07 12:06:01,39,39_morir_muerte_moribundo,7.0479016,7.243604,8.550696,-0.35663855
2292,"¿Liberar las patentes? Sí, ponele",Vacunas contra el Covid,Covid-19,2021-05-11 11:26:15,8,8_epidemia_vacunar_virus,7.635616,8.078882,8.422039,0.59927857
2293,¿Hacia dónde nos lleva la inteligencia artificial?,#FuturosAumentados,Inteligencia artificial,2021-05-12 10:18:05,17,17_innovación_tecnológico_tecno,7.1057353,6.05453,9.86064,1.536453
2294,Disparen a los indios: un diario del odio en Cali,Estallido social en Colombia,,2021-05-14 09:58:49,20,20_ríos_río_arroyo,10.497794,4.4400716,5.721742,-0.8670151
2295,¿Cómo preservar lo que se extingue?,Antropoceno e intangibilidad,,2021-05-14 10:00:09,20,20_ríos_río_arroyo,8.045037,6.501427,5.1439147,-0.8131036
2296,Anfibia cumple 9,,,2021-05-14 10:41:23,3,3_literario_escritora_autor,7.3790383,3.1219935,6.5603614,-5.108644
2297,La cábala de los dinosaurios,Megaelecciones en Chile,Chile; Convención Constituyente; Internacional,2021-05-17 17:25:26,18,18_chileno_chile_político,10.080933,3.401756,8.962493,-3.3440917
2298,Una nueva liga de la justicia escribe la constitución,Megaelecciones en Chile,Chile; Convención Constituyente; Internacional,2021-05-18 10:48:46,18,18_chileno_chile_político,10.848792,4.819909,3.9553666,3.9152167
2299,Desarmar la arquitectura neoliberal,Megaelecciones en Chile: conversaciones feministas,Chile; Convención Constituyente; Internacional,2021-05-18 14:26:21,18,18_chileno_chile_político,5.0695176,2.8565972,3.8829339,3.8587797
2300,Criptoarte: ¿cuánto vale el arte digital?,#FuturosAumentados,,2021-05-19 08:05:40,31,31_digital_internet_tecnología,7.1745157,5.5604725,13.118214,-1.8594041
2301,Qué tienen que ver las clases con las retenciones,Elecciones 2021: ¿cómo va a votar el campo?,,2021-05-20 09:34:29,0,0_político_política_electoral,11.329216,5.8818464,7.5772495,5.5809646
2302,El big bang de la economía heterodoxa,Economía y política,,2021-05-20 13:22:34,4,4_déficit_deuda_endeudamiento,10.171629,6.4873157,8.588707,4.265169
2303,¿Son clases las clases virtuales?,Pedagogías pandémicas,,2021-05-21 10:05:18,5,5_pedagógico_enseñanza_escolar,5.8002877,5.588157,3.4384458,-2.9760382
2304,Antenas 5G y otras fantasías para evadir el covid,Pandemia y conspiraciones,,2021-05-26 11:12:34,31,31_digital_internet_tecnología,7.3518596,5.314039,10.086801,1.3481071
2305,"Minería: ¿Qué entendemos por ""sustentable""?","Comunidades, activistas, industria y gobiernos",,2021-05-27 10:14:22,17,17_innovación_tecnológico_tecno,8.887538,6.9593754,8.74088,1.8364055
2306,El cuerpo que teníamos,Amistad y pandemia,Covid-19,2021-05-28 09:55:08,11,11_asesino_testimonio_testigo,7.766522,7.3821363,6.981221,-1.5980216
2307,Último café en el Central Perk,El regreso de Friends,,2021-05-28 09:59:38,29,29_ficción_protagonista_personaje,7.1573887,3.9073048,10.429195,-2.1929028
2308,El desamor según Luis Miguel,"La bio-serie, segunda temporada",Luis Miguel; Netflix,2021-05-31 11:30:00,29,29_ficción_protagonista_personaje,7.358899,3.937768,10.442625,-2.3747811
2309,El arma que esconde la política,Fake News,,2021-06-01 10:37:12,31,31_digital_internet_tecnología,7.666721,5.3077316,9.867112,2.89802
2310,¿Quién controla los sistemas de Inteligencia Artificial?,#FuturosAumentados,Inteligencia artificial,2021-06-01 12:24:05,17,17_innovación_tecnológico_tecno,7.2605495,6.5384316,9.596315,1.5976555
2311,Una nueva geopolítica del clima,Net-Zero: entre gestos y charlatanerías,,2021-06-02 12:38:52,4,4_déficit_deuda_endeudamiento,8.410984,7.7486134,8.265804,2.129852
2312,Los femicidios no son una novela,Muertes violentas y su impacto en las audiencias,#NiUnaMenos; Día internacional de la eliminación de la violencia contra las mujeres,2021-06-03 10:19:47,25,25_violencia_feminismo_feminista,7.735005,4.6602473,9.126203,-4.1430984
2313,"El Petiso Orejudo: criminal, hermoso y maldito",El género policial,,2021-06-04 10:02:18,3,3_literario_escritora_autor,8.122539,2.4962173,7.2706428,-4.9125977
2314,Ética para tiempos oscuros,Democracias en crisis,,2021-06-04 10:17:45,28,28_futuro_pandemia_crisis,8.035043,6.9531407,8.684971,1.2953688
2315,"Pulga Rodríguez, patrimonio nacional",El jugador del pueblo,,2021-06-06 15:59:47,2,2_fifa_futbolista_fútbol,10.175906,2.1491232,5.714609,11.378772
2316,La ansiedad de una relación sin compromiso,Empresas ligeras y trabajadores buscavidas,Escuela IDAES; UNSAM,2021-06-08 11:23:21,15,15_sindicalismo_reforma_político,9.732082,7.207556,6.3984013,1.3703488
2317,Un trabajo de alto riesgo,Elecciones en Perú,Internacional; Perú,2021-06-08 13:04:30,10,10_boliviano_bolivia_político,11.61781,5.230887,7.0953937,4.308033
2318,Aprender a vivir en un planeta herido,Cristina Rivera Garza entrevista a Donna Haraway,COP26; Crisis climática,2021-06-09 17:34:57,8,8_epidemia_vacunar_virus,8.5313835,3.005215,8.391122,-0.32058725
2319,Estrés hídrico: por qué el agua es el nuevo petróleo,La commoditización de los recursos naturales,COP26; Crisis climática,2021-06-10 10:48:57,20,20_ríos_río_arroyo,8.448087,7.5268106,4.992725,-0.9118317
2320,Hay algo que no te deja dormir,"Home office, pandemia y trastornos de sueño",,2021-06-11 10:25:19,15,15_sindicalismo_reforma_político,7.1215305,7.3948584,7.169646,0.21037047
2321,Un déjà vu de viejas desigualdades,Educación y pandemia,,2021-06-14 10:49:14,5,5_pedagógico_enseñanza_escolar,5.9513597,5.6943502,3.663638,-3.4823952
2322,El secreto mejor guardado: el ingreso de los argentinos,Encuestas públicas y dinero,Escuela IDAES; UNSAM,2021-06-15 10:35:56,4,4_déficit_deuda_endeudamiento,9.552716,7.2554245,10.576977,5.0936203
2323,Semblanza para el maestro,Jesús Martin-Barbero,,2021-06-16 10:34:30,3,3_literario_escritora_autor,9.420179,2.8756635,6.529979,-5.083508
2324,El Jesús,Despedida a Martín-Barbero,,2021-06-16 13:37:05,3,3_literario_escritora_autor,9.601824,2.7871234,6.672373,-4.5907364
2325,¿Alcanza con redistribuir?,"Crecimiento, pobreza, ambiente y bienestar",,2021-06-17 10:22:42,4,4_déficit_deuda_endeudamiento,9.177508,7.8392377,7.5145583,2.957952
2326,Piedras en el camino,El escritor domesticado,,2021-06-20 21:10:50,3,3_literario_escritora_autor,8.035915,2.11077,6.7723465,-5.090177
2327,Modos diversos de ser responsables,Putos (des)cuidados: levante gay en pandemia,LGBTIQ+; Orgullo,2021-06-22 13:26:12,8,8_epidemia_vacunar_virus,6.2120104,4.181362,7.608067,-0.039821003
2328,No voy a hacer declaraciones de amor,Horacio González,Horacio González,2021-06-22 16:06:34,3,3_literario_escritora_autor,9.11565,2.9356377,9.384799,3.2132356
2329,"Definir el concepto, controlar el debate",Disputas narrativas entre ambiente y desarrollo,,2021-06-23 11:04:13,4,4_déficit_deuda_endeudamiento,8.066658,6.9794545,7.787216,2.8109663
2330,El Diego de la palabra,Despedida a Horacio González,Horacio González,2021-06-23 11:25:43,24,24_arte_artes_art,5.935609,5.4706936,12.306969,-2.216953
2331,Britney Spears: locura o rebelión,#FreeBritney,,2021-06-23 19:50:30,1,1_feminismo_feminista_patriarcado,5.533721,2.7936199,9.840192,-3.8541627
2332,Incómodo,Despedida a Horacio González,Horacio González,2021-06-24 14:54:15,0,0_político_política_electoral,9.092269,2.98761,9.6597,3.6525378
2333,Adentro pero en contra: el saber popular,Despedida a Horacio González,Horacio González,2021-06-24 17:13:49,0,0_político_política_electoral,9.224146,2.8507185,10.07776,1.0314465
2334,El arte de mostrar lo que brota,Despedida a Horacio González,Horacio González,2021-06-24 20:05:59,24,24_arte_artes_art,9.127483,2.298901,12.744708,-2.1161633
2335,Las madres sin cuota salen del closet,Paternidad morosa: ¿por qué no paga?,,2021-06-25 15:22:42,1,1_feminismo_feminista_patriarcado,5.132633,3.317127,8.6378355,-3.9749663
2336,La promesa del orgullo,La lucha LGBTIQ+,LGBTIQ+; Orgullo,2021-06-28 11:28:25,28,28_futuro_pandemia_crisis,6.150005,4.245219,8.976173,3.8904305
2337,Enorgullecer la política,Ley de cupo laboral travesti - trans,LGBTIQ+; Orgullo,2021-06-28 16:20:08,7,7_aborto_abortar_anticonceptivo,9.075709,7.304878,10.022385,-5.2450414
2338,Auge y caída del operador de Macri,Pepín Rodríguez Simón,,2021-06-29 10:23:27,23,23_justicia_judicial_juzgado,11.341388,4.9586945,10.740742,4.29014
2339,Entre narcos y policías,El Estado ambivalente,,2021-06-30 10:24:50,6,6_asesinato_policía_policial,9.5422,5.4841776,7.719966,-1.3433697
2340,Esto hay que seguir pensándolo,Despedida a Horacio González,Horacio González,2021-06-30 11:01:12,24,24_arte_artes_art,7.239957,6.598634,10.473962,0.2061409
2341,Navegar se hace preciso,Hidrovía Paraguay-Paraná,Rosariocronica,2021-07-01 10:10:01,20,20_ríos_río_arroyo,8.667019,7.437352,4.857755,-0.93462896
2342,¿El mundo se volvió gay?,"Sexo, amor y levante",LGBTIQ+; Orgullo,2021-07-01 15:46:54,1,1_feminismo_feminista_patriarcado,5.960075,3.9383335,9.694606,-4.61265
2343,Fuimos felices en un lugar que ya no existe,Cierre de bares en Buenos Aires,,2021-07-01 21:33:32,40,40_manifestación_feminista_multitud,9.358792,2.5712585,9.199617,4.8744082
2344,Narrar lo social: abrir la caja negra,¿Los cientistas sociales somos escritores?,Escuela IDAES; UNSAM,2021-07-05 10:39:13,28,28_futuro_pandemia_crisis,6.1636972,6.0576134,10.190673,0.9823032
2345,Andalgalá puede confiar en el agua y en la ciencia,Megaminería en Catamarca,,2021-07-06 11:40:37,20,20_ríos_río_arroyo,8.831356,6.8117695,4.905878,-0.88014984
2346,La vida no entra en un meme,L-Gante y Conectar Igualdad,,2021-07-06 12:43:22,5,5_pedagógico_enseñanza_escolar,10.575019,6.558903,8.687509,4.021743
2347,La diplomacia de las vacunas,Salud pública en pandemia,Después del virus,2021-07-07 10:01:56,8,8_epidemia_vacunar_virus,7.619783,8.064227,8.365286,0.52976274
2348,El poder de la camiseta,Argentina campeón,,2021-07-11 17:11:23,2,2_fifa_futbolista_fútbol,10.392803,2.1223452,5.1077247,11.4005375
2349,El día que volvimos a ser felices,La Copa América de Messi,,2021-07-13 10:46:52,2,2_fifa_futbolista_fútbol,10.766309,2.0971088,5.071132,11.537587
2350,Covid: Kit de supervivencia,Información útil para leer en la cama,Covid-19; Después del virus,2021-07-14 09:12:00,39,39_morir_muerte_moribundo,7.152519,7.3654504,8.602806,-0.35036087
2351,Un eterno retorno a la gloria,"Messi y Maradona, dos caras de una misma moneda",,2021-07-14 13:32:44,2,2_fifa_futbolista_fútbol,9.964174,2.4271657,5.283703,11.570918
2352,Las muertes que compartimos,Duelo y pandemia,Covid-19,2021-07-15 10:04:39,39,39_morir_muerte_moribundo,7.7332983,7.8977957,9.225037,-1.0566293
2353,Quién escribe la historia,Chile: los desafíos de la Convención Constituyente,Chile; Convención Constituyente; Internacional,2021-07-15 13:22:20,18,18_chileno_chile_político,10.787342,4.7057457,3.9071891,3.9099114
2354,"Una sociedad no se rompe con un estallido, es al revés",¿A dónde irá Cuba después del 11J?,,2021-07-19 11:02:58,35,35_cubano_cubana_cuba,10.750914,3.779395,5.8035345,2.9828267
2355,Todxs soñamos con ser astronautas,Dibujos animados y viajes espaciales,Dibujos animados,2021-07-20 14:09:14,37,37_astrónomo_ciencia_universo,7.1610174,5.9766197,9.920337,0.13734682
2356,Salir del clóset periodístico,Comunicación LGBTIQ+,,2021-07-21 10:44:01,19,19_periodista_periodístico_periódico,8.026054,4.1765213,12.987861,1.1251543
2357,Amazonas: quieren secar nuestra lluvia de invierno,"El fuego en Brasil, un problema político global",Brasil; Incendios; Internacional,2021-07-22 10:01:11,20,20_ríos_río_arroyo,8.519767,7.4872994,4.8258777,-1.0451235
2358,La amistad en un paisaje en ruinas,Okupas y 2001,2001; Crisis 2001; Series,2021-07-23 10:00:31,29,29_ficción_protagonista_personaje,7.383814,4.048185,10.416922,-2.2446375
2359,Radiografía de un grito polifónico,Cuba: antes y después del 11-J,,2021-07-23 10:20:25,35,35_cubano_cubana_cuba,10.713475,3.7466288,5.7207193,2.9456553
2360,¿Qué puede un cuerpo?,Juegos Olímpicos y Paralímpicos,,2021-07-23 10:51:38,39,39_morir_muerte_moribundo,7.622992,3.4338439,9.556373,-1.9847294
2361,¿Usted quiere un préstamo?,"FinTech: finanzas, tecnología, interés",,2021-07-26 11:06:44,4,4_déficit_deuda_endeudamiento,9.654779,8.19772,10.473702,5.117903
2362,"Jesús es re-loco, el mundo es careta",Religiosidad popular,Catolicismo; Religión,2021-07-27 09:59:55,13,13_papal_catolicismo_arzobispo,11.916315,2.6865005,-1.6467494,7.470053
2363,La lectura no termina en un libro,"Niñxs, adolescentes, redes sociales y fandoms literarios",Instagram; Libros; YouTube,2021-07-28 10:25:01,3,3_literario_escritora_autor,6.683893,5.033988,6.4925995,-5.634467
2364,Dilemas de la experiencia pandémica,Ciclo IDAES: ¿Por dónde salimos?,Escuela IDAES; UNSAM,2021-07-28 13:27:36,8,8_epidemia_vacunar_virus,7.627769,7.381291,8.48166,0.9678494
2365,¿Cómo llegamos a 100 mil muertes?,COVID-19: la necesidad de un balance socio-político.,,2021-07-29 10:36:38,8,8_epidemia_vacunar_virus,7.848008,7.815169,8.440968,0.79528344
2366,Nadie lo hace como el Kun,Fútbol y videojuegos,,2021-07-30 10:10:00,2,2_fifa_futbolista_fútbol,10.531889,2.2138915,5.4731383,11.212287
2367,Una X: un paso para una sociedad de iguales,DNI no binario,,2021-08-02 11:07:30,1,1_feminismo_feminista_patriarcado,5.0672517,3.6838422,9.45373,-4.5722656
2368,¿Alguna vez pateaste un hormiguero?,"Escuela, Covid, supervivencia y futuro",,2021-08-03 10:43:30,5,5_pedagógico_enseñanza_escolar,5.826762,5.7324977,3.66078,-3.1120594
2369,Movimientos sociales todoterreno,Crisis económica y cierre de listas,Movimientos sociales,2021-08-04 11:59:11,0,0_político_política_electoral,11.244945,6.660984,8.32171,4.510379
2370,Soy más que mis medallas,Deportes y salud mental,Juegos olímpicos; Salud mental,2021-08-05 10:07:18,28,28_futuro_pandemia_crisis,10.57358,2.4261417,8.375796,1.3892193
2371,La nobleza de una emoción colectiva,El nieto 114,24M: Día de la memoria por la verdad y la justicia; Derechos Humanos; Nietos,2021-08-05 13:39:19,0,0_político_política_electoral,9.366394,3.4353056,8.133385,5.2105603
2372,¡Ay amor!,10 años sin Leo Mattioli,,2021-08-06 10:06:08,22,22_música_musical_músico,9.880759,2.3755338,14.640728,-4.12911
2373,La continuidad es un legado,Hugo y Facundo Conte,,2021-08-07 15:38:39,42,42_padre_papá_hijo,10.120046,2.2966645,5.975554,11.311064
2374,"El virus se fue, el cuerpo pide tiempo",Long Covid: las secuelas en pacientes leves,Covid-19; Después del virus,2021-08-09 10:47:48,8,8_epidemia_vacunar_virus,7.2743363,7.649553,8.513948,-0.17368269
2375,Un grito en un mar de dolor,Crisis económica y organizaciones sociales,Movimientos sociales,2021-08-09 16:13:55,1,1_feminismo_feminista_patriarcado,8.811822,6.9713635,7.2504554,0.724957
2376,Diario de un cuerpo en guerra,Formas propias,,2021-08-10 09:49:41,42,42_padre_papá_hijo,9.000281,3.454681,6.894958,-3.041447
2377,El hotel es un cuerpo,El Gondolín,,2021-08-12 10:46:16,39,39_morir_muerte_moribundo,8.90286,2.5062912,9.479886,-2.2488117
2378,Cómo evitar la ecoansiedad,Informe del IPCC sobre el cambio climático,COP26; Crisis climática,2021-08-12 15:51:57,12,12_economía_económico_futuro,8.219477,7.2597585,8.39108,1.9327927
2379,No todos somos Ibai,Streaming y fútbol,Influencers; Zapping cultural,2021-08-13 13:20:32,19,19_periodista_periodístico_periódico,10.24929,2.333675,12.71227,1.3947898
2380,Un nuevo contrato social,Inversiones,,2021-08-17 09:19:03,4,4_déficit_deuda_endeudamiento,9.270621,7.9529963,10.456764,5.3152623
2381,Noy hay nada automático en la automatización,"Robots, (des)empleo y aceleracionismo",,2021-08-17 09:21:06,17,17_innovación_tecnológico_tecno,7.5058746,6.593879,9.7231,1.5566858
2382,Las fugas del peronismo,Crisis de representación y elecciones legislativas,,2021-08-17 17:32:04,0,0_político_política_electoral,11.253206,5.82676,8.143983,5.121128
2383,¿Tenemos que salvar a las afganas?,La caída de Kabul: la vuelta de los talibán,,2021-08-19 10:00:45,1,1_feminismo_feminista_patriarcado,4.975546,3.2970223,9.838994,-4.1568
2384,El arquitecto zen,Máximo Kirchner,Elecciones legislativas 2021; Perfil político,2021-08-19 11:49:22,0,0_político_política_electoral,11.763517,5.238954,7.4253902,4.8480854
2385,Anatomía de una fascinación,Basta chicos: la vida de Ricardo Fort,Zapping cultural,2021-08-20 11:13:54,39,39_morir_muerte_moribundo,9.590565,2.9032657,9.580477,-1.9924794
2386,100 por ciento barrani,Carlos Maslatón,Derechas; Elecciones legislativas 2021; La Libertad Avanza; Liberalismo; Perfil político,2021-08-23 10:56:47,27,27_israel_netanyahu_israelí,11.756763,4.8749123,8.70477,2.7772045
2387,Evangélicos: romper el espejo,El Reino,Netflix; Zapping cultural,2021-08-24 12:04:16,13,13_papal_catolicismo_arzobispo,7.2219367,4.026638,-1.6509188,7.5402966
2388,Caminante no hay camino,Maria Lugones: Peregrinajes,,2021-08-25 09:55:14,1,1_feminismo_feminista_patriarcado,6.5790954,2.4533997,10.052753,-4.419822
2389,Narrar lo imperdonable,El abuso sexual infantil en la literatura,,2021-08-26 15:56:34,25,25_violencia_feminismo_feminista,6.519153,3.8041558,8.36342,-4.1763697
2390,El diablo es la política,El Reino,,2021-08-27 10:01:25,13,13_papal_catolicismo_arzobispo,7.1289105,3.7422335,-1.5917557,7.4470267
2391,La escuela está rota,"Docentes, estudiantes y redes sociales",,2021-08-28 14:21:40,5,5_pedagógico_enseñanza_escolar,5.8324428,5.5592494,3.6727057,-3.4090478
2392,Mapas de Sexo y Revolución,50 años del Frente de Liberación Homosexual,LGBTIQ+; Orgullo,2021-08-31 13:27:03,1,1_feminismo_feminista_patriarcado,6.216073,4.2160835,7.065611,3.2143743
2393,Casi una experiencia religiosa,Catolicismo y Grindr,,2021-09-01 09:53:14,13,13_papal_catolicismo_arzobispo,11.811211,2.4787302,-1.7231225,7.6071877
2394,El corazón no es sólo un tema de varones,El sesgo de género en la medicina,,2021-09-02 09:42:00,1,1_feminismo_feminista_patriarcado,6.8701806,6.9266715,9.464646,-3.1112037
2395,Ese vital desacuerdo,Feminismos para la revolución,Día internacional de la eliminación de la violencia contra las mujeres,2021-09-03 09:16:17,1,1_feminismo_feminista_patriarcado,5.141899,2.8855362,10.010046,-4.2872934
2396,De qué está hecha una bala,Atentado a Cristina,Atentado a Cristina; Discursos de odio; LEDA-UNSAM; Redes sociales; UNSAM,2021-09-06 09:31:00,31,31_digital_internet_tecnología,8.079964,5.216535,10.614891,2.1077538
2397,Que se joda el espectador no comprometido,"David Simon, creador de The Wire",,2021-09-07 10:00:32,29,29_ficción_protagonista_personaje,7.3822165,4.874911,10.408511,-2.1504734
2398,"Mucho tikTok, poca calle",La campaña electoral de la pandemia,Elecciones; Elecciones legislativas 2021,2021-09-13 09:52:23,28,28_futuro_pandemia_crisis,12.060476,6.598441,8.642827,2.7979279
2399,Autoayuda para analizar las PASO,A 10 años de su implementación,Elecciones; Elecciones legislativas 2021,2021-09-13 10:06:14,0,0_político_política_electoral,11.417842,6.118764,7.3975043,5.743193
2400,Pérdida y desorden,El peronismo unido fue vencido,Elecciones; Elecciones legislativas 2021; Frente de Todos; Peronismo,2021-09-13 19:26:12,0,0_político_política_electoral,11.780708,6.0971828,7.818936,5.2132826
2401,"Lo lamentable, lo doloroso",La derrota del Frente de Todos,Elecciones; Elecciones legislativas 2021; Frente de Todos; Peronismo,2021-09-13 20:02:02,0,0_político_política_electoral,11.518068,5.68079,7.6472316,4.260162
2402,"Una vacuna/un voto, ¿que falló?","PASO: la vida, las crisis, el futuro",,2021-09-15 13:12:58,0,0_político_política_electoral,10.211923,7.1529555,8.507819,4.7511926
2403,Hoy vuelvo a buscarte,"Femicidio, duelo, rabia y justicia",Día internacional de la eliminación de la violencia contra las mujeres,2021-09-15 14:21:56,1,1_feminismo_feminista_patriarcado,8.549374,2.8713262,9.3399515,-3.5121777
2404,Postales de una catástrofe,¿En qué quedó nuestro proyecto?,Elecciones; Elecciones legislativas 2021; Frente de Todos; Peronismo,2021-09-17 09:00:45,28,28_futuro_pandemia_crisis,11.666749,6.294446,8.690442,2.798755
2405,La unidad que supimos conseguir,"Derrota, renuncias y una carta",Elecciones; Elecciones legislativas 2021; Frente de Todos; Peronismo,2021-09-17 10:17:40,0,0_político_política_electoral,11.722129,5.8635535,7.93343,5.256566
2406,La sangre política corre en tiempo real,"Redistribución o ajuste, la disputa del Frente de Todos",Elecciones; Elecciones legislativas 2021; Frente de Todos; Peronismo,2021-09-17 13:32:55,0,0_político_política_electoral,11.005786,5.528399,8.367427,5.076691
2407,Quién no teme perder,La crisis del oficialismo tras las PASO,Elecciones; Elecciones legislativas 2021; Frente de Todos; Peronismo,2021-09-17 13:34:05,39,39_morir_muerte_moribundo,11.626356,6.064133,9.207096,-1.1112581
2408,"Gestos del cuerpo, escribiendo para idear",Luz en lo oscuro: interrumpir el paradigma,Epistemología; Feminismos; Libros; Literatura,2021-09-20 11:04:00,1,1_feminismo_feminista_patriarcado,7.261248,2.9197905,9.854411,-2.5179145
2409,La unidad se logra con memoria,"Elecciones, nuevo gabinete y oportunidades",Elecciones; Elecciones legislativas 2021; Frente de Todos; Peronismo,2021-09-22 15:29:44,0,0_político_política_electoral,11.761819,6.2977724,7.99049,5.4946103
2410,La salida del laberinto,Los tres desafíos del nuevo gabinete,Elecciones; Elecciones legislativas 2021; Frente de Todos; Peronismo,2021-09-22 16:02:11,0,0_político_política_electoral,10.2200365,7.565906,8.570273,4.975508
2411,No solo es la economía,"Nuevo gabinete, elecciones y gobernabilidad",Elecciones; Elecciones legislativas 2021; Frente de Todos; Peronismo,2021-09-22 16:24:12,0,0_político_política_electoral,11.579698,6.5449047,8.327862,4.534209
2412,"""No estamos en la vereda de enfrente""",Feminismo popular y peronismo,Elecciones; Elecciones legislativas 2021; Feminismos; Frente de Todos; Peronismo,2021-09-22 16:24:48,1,1_feminismo_feminista_patriarcado,10.19887,4.2179923,10.143453,-4.7772484
2413,Sobrevivir al siglo XXI,Crisis climática y nuevo paradigma tecno-económico,COP26; Crisis climática,2021-09-27 11:06:37,17,17_innovación_tecnológico_tecno,7.892156,7.0175714,9.149331,1.6298678
2414,Cómo será vivir sin ella,Angela Merkel deja la política,Alemania; Angela Merkel; Internacional,2021-09-28 10:46:31,0,0_político_política_electoral,11.277641,6.8814135,7.760937,4.0076127
2415,El píxel del trauma,"Covid, arte y redes",Artes,2021-09-29 10:35:26,24,24_arte_artes_art,7.32665,4.6218157,12.870799,-2.2730365
2416,Se toma entre sus manos,La autobiografía de Simone de Beauvoir,Feminismos; Libros,2021-09-30 11:04:07,1,1_feminismo_feminista_patriarcado,6.7899103,2.4755414,9.759056,-3.0078447
2417,La patria de la deconstrucción total,"Les pibis, la sexualidad y el amor",Juventudes; Testimonios,2021-10-01 10:27:03,1,1_feminismo_feminista_patriarcado,5.1881332,3.2054684,9.627406,-4.670088
2418,¿Cuánto vale tu tiempo?,Trabajo y capitalismo digital,Teletrabajo; Trabajo,2021-10-04 10:46:22,15,15_sindicalismo_reforma_político,7.603078,6.5375123,6.208006,1.2549813
2419,Un país que pone el brazo,La vacuna contra el covid: nuestro monotema,Covid-19; Después del virus,2021-10-05 10:57:27,8,8_epidemia_vacunar_virus,7.6782527,7.9775767,8.478035,0.5116965
2420,Amores cautivos,"Teatro, literatura y ecoafectos",Afectos; Literatura; Teatro,2021-10-06 04:26:00,3,3_literario_escritora_autor,7.925533,2.1529412,9.807036,-2.6672022
2421,ARA San Juan: vigilar para gobernar,Mauricio Macri y el espionaje ilegal,Espionaje ilegal; Mauricio Macri,2021-10-06 11:26:44,33,33_submarino_marino_naufragio,9.486895,6.251307,3.8043318,0.38017404
2422,¿A quién le importa?,De Panamá a Pandora Papers,Filtraciones; Pandora Papers; Periodismo,2021-10-07 12:23:02,19,19_periodista_periodístico_periódico,8.172836,4.7898836,12.873916,1.3052688
2423,Es más que vibrar alto,"Pandemia, influencers y desconfianza científica",Covid-19; Influencers; Negacionismo; Terapias alternativas,2021-10-12 10:25:29,8,8_epidemia_vacunar_virus,7.616612,7.5463367,8.515449,0.7491605
2424,Salud versus ositos,Ley de Etiquetado Frontal,Alimentación; Infancias; Ley de Etiquetado,2021-10-13 11:40:58,29,29_ficción_protagonista_personaje,7.8689027,7.725495,9.844564,-1.6758106
2425,"""Me chorearon el auto""",Mercados ilegales,Fuerzas de seguridad; Mercados ilegales,2021-10-14 10:48:06,4,4_déficit_deuda_endeudamiento,9.117435,5.2718163,7.98701,2.564665
2426,Un músico para el siglo 39,Palabras para Charly,Charly García; Música; Rock Nacional,2021-10-14 20:22:05,22,22_música_musical_músico,8.567881,1.7698233,14.845617,-3.8669546
2427,El narco en la Argentina: ¿algo está cambiando?,Ciclo IDAES ¿Por dónde salimos?,Drogas; Escuela IDAES; Narcotráfico; UNSAM,2021-10-18 11:04:42,4,4_déficit_deuda_endeudamiento,8.413945,6.686008,7.154631,3.030496
2428,Lula vuelve,El sueño del Frente Amplio brasileño,Brasil; Internacional; Jair Bolsonaro; Lula da Silva,2021-10-19 10:24:26,16,16_brasil_brasilero_brasilia,12.147408,4.1357636,6.9248757,8.41567
2429,Sacar a dios de la Constitución,La campaña por el Estado laico,Constitución; Estado laico; Religion,2021-10-20 10:23:48,13,13_papal_catolicismo_arzobispo,11.953503,2.8016434,-1.6027781,7.4557347
2430,Los ricos también suben stories,Wandagate,Redes sociales; Wanda Nara; Zapping cultural,2021-10-22 12:59:34,29,29_ficción_protagonista_personaje,8.702402,4.724499,10.210927,-2.8345046
2431,El riesgo de mercantilizar la naturaleza,¿Canje de deuda por naturaleza o espejitos de colores?,COP26; Crisis climática; Deuda,2021-10-25 10:13:11,4,4_déficit_deuda_endeudamiento,8.498844,7.5701594,10.3649435,5.2522826
2432,"Marcar, reprimir, privatizar",Conflictos territoriales en la Patagonia,Conflictos territoriales; Periodismo; Pueblos originarios,2021-10-26 10:28:45,20,20_ríos_río_arroyo,9.021109,5.5797153,5.136759,-1.2247002
2433,Romance con (onco)ratas y (hombres)hembras,Feminismo y tecnociencia,Ciencia; Feminismos; Tecnología,2021-10-27 11:44:04,37,37_astrónomo_ciencia_universo,6.9137545,3.1578145,9.873384,0.18399678
2434,Los errores del sistema,Femicidas de uniforme,Femicidios; Poder Judicial; Violencia policial; Violencias,2021-10-28 14:13:48,25,25_violencia_feminismo_feminista,9.047799,4.517646,8.45379,-3.6199706
2435,El odio al arte,Revolución tecnológica y conservadurismo cultural,Artes; Redes sociales,2021-10-29 09:57:48,24,24_arte_artes_art,7.4233475,4.3440204,13.162013,-2.06534
2436,El voto joven reinventa Alemania,"Más agenda climática, menos fax",Alemania; Angela Merkel,2021-11-01 09:48:21,0,0_político_política_electoral,11.464247,6.6203623,7.2412724,5.4181876
2437,Identidades fuera del margen,Narrativas no binarias,Identidades no binarias; Libros,2021-11-02 12:02:52,1,1_feminismo_feminista_patriarcado,6.4503937,3.5872343,9.312047,-3.3232944
2438,La metamorfosis: así engordé para ser Maradona,Querido diario,Amazon Prime; Diego Maradona; Gordoodio; Series; Zapping cultural,2021-11-03 12:36:00,29,29_ficción_protagonista_personaje,9.827855,2.599257,10.304545,-2.1279628
2439,Fuera de margen,Anfibia Podcast,LGBTIQ+; Memoria trans; Orgullo,2021-11-04 13:55:06,14,14_mediático_periodístico_político,6.5925307,4.5032372,10.822364,2.3541653
2440,Larga vida al rey,Ricardo Fort cumple,Basta Chicos; Mediáticos; Redes sociales; Zapping cultural,2021-11-05 09:48:00,31,31_digital_internet_tecnología,9.798425,3.1479042,10.87258,2.061655
2441,Inflar la rueda,Cómo se fabrica un best seller político,La Cámpora; Libros; Luis Majul,2021-11-09 11:24:47,3,3_literario_escritora_autor,8.454009,2.6699922,6.399678,-5.6060123
2442,Trabajar para comer no es vida,Elecciones 2021 | San Martín: ¿qué piensan los sectores populares?,Elecciones; Elecciones legislativas 2021; Escuela IDAES; Los Anteúltimos; Peronismo; San Martín; UNSAM,2021-11-10 11:04:32,41,41_pobreza_inmobiliario_habitante,11.990418,6.3249216,6.857917,-0.43591064
2443,El voto del negrito patasucia,Elecciones 2021 | La Matanza: ¿Qué piensan los sectores populares?,Elecciones legislativas 2021; La Matanza; Los Anteúltimos; Peronismo,2021-11-10 11:06:31,5,5_pedagógico_enseñanza_escolar,11.163875,5.9282007,7.073759,0.049151395
2444,Tiempos despedazados,El fenómeno libertario,Elecciones; Elecciones legislativas 2021; Javier Milei; LEDA-UNSAM; La Libertad Avanza; Liberalismo; UNSAM,2021-11-11 10:59:59,9,9_político_libertario_política,10.931248,6.4864774,9.218895,6.4636884
2445,Hidrógeno verde: el combustible del futuro,"COP26, Argentina y transición energética",COP26; Hidrógeno verde; Transición energética,2021-11-12 10:29:04,12,12_economía_económico_futuro,8.459309,7.6369777,8.284233,1.9948977
2446,Acercar distancias,La tercera sección electoral y sus desafíos,Conurbano; Elecciones; Elecciones legislativas 2021; Peronismo,2021-11-15 16:00:34,41,41_pobreza_inmobiliario_habitante,11.804037,5.8491807,6.8716645,-0.34802634
2447,Divididos y polarizados,El ascenso de la izquierda y la derecha ultraliberal,Elecciones; Elecciones legislativas 2021; Frente de Izquierda; Juntos por el cambio; Peronismo,2021-11-16 13:17:51,0,0_político_política_electoral,11.359138,6.674427,8.300883,4.9131856
2448,Daniel Ortega: el último guerrillero,Elecciones en Nicaragua,Daniel Ortega; Internacional; Nicaragua,2021-11-17 10:15:54,0,0_político_política_electoral,11.131193,4.994652,7.336077,4.073211
2449,La ideología de la crisis,Claves para leer el presente,Elecciones legislativas 2021; LEDA-UNSAM,2021-11-17 10:56:38,28,28_futuro_pandemia_crisis,8.149015,7.773838,8.627582,2.8531432
2450,Lecciones de las elecciones,De las Legislativas al 2023,Elecciones; Elecciones legislativas 2021; Frente de Todos; Juntos por el cambio; Peronismo,2021-11-18 11:07:21,0,0_político_política_electoral,11.023855,5.4922156,8.187248,5.4347477
2451,Militantes de la nocturnidad,Estados de ánimo de la noche LGBTIQ+,LGBTIQ+; Memoria trans; Noche queer,2021-11-19 12:16:24,24,24_arte_artes_art,6.245325,3.8622096,12.260805,-2.6975496
2452,¿Por qué disparan? Porque pueden,Justicia por Lucas,Violencia policial,2021-11-19 15:29:10,6,6_asesinato_policía_policial,9.243996,4.638601,7.6832933,-1.427687
2453,La disputa por la transición,Elecciones en Chile,Chile; Elecciones; Internacional; La transición en Chile,2021-11-22 01:09:48,18,18_chileno_chile_político,11.781368,4.456658,3.8341165,3.8048341
2454,Chile no es cualquier otro lugar de este planeta,Elecciones presidenciales,Chile; Elecciones; Internacional; La transición en Chile,2021-11-23 10:45:02,18,18_chileno_chile_político,11.079334,4.6933327,4.0356727,3.951544
2455,¿Qué quieren las élites de la Argentina?,"Ricos, privilegiados, desiguales",Desigualdad; Elites,2021-11-24 13:04:26,4,4_déficit_deuda_endeudamiento,11.0118685,4.974729,7.8052707,3.7689717
2456,Vivir bajo sospecha,Claves para derribar prejuicios sobre los pueblos originarios,Conflictos territoriales; Pueblos originarios,2021-11-26 11:29:47,18,18_chileno_chile_político,9.075515,5.6103,5.0510254,-0.7998293
2457,Seúl no es un K-drama,Cultura coreana for export,Corea del Sur; Gastronomía; K-pop; Series,2021-11-30 12:00:16,29,29_ficción_protagonista_personaje,7.7846427,5.5910788,7.158939,1.523686
2458,Experiencias seropositivas,"Vih, arte y activismo",Artes; Vih/Sida,2021-12-01 10:48:06,24,24_arte_artes_art,7.3126926,4.533204,12.843609,-2.241069
2459,La desigualdad de género es económica y también fiscal,"Género, impuestos y desigualdad",Impuesto a las grandes riquezas; Regresividad impositiva,2021-12-02 10:14:10,4,4_déficit_deuda_endeudamiento,9.255459,8.15352,10.544656,-4.5845857
2460,El ídolo olvidado,Palito Ortega,Libros; Palito Ortega; Zapping cultural,2021-12-07 10:46:36,22,22_música_musical_músico,9.3284025,2.1725707,14.492224,-3.9373562
2461,La posibilidad de un feminismo más diverso,Feminismos populares y protesta,2001 | UNSAM; 8M; Crisis 2001; Feminismos,2021-12-07 14:38:00,1,1_feminismo_feminista_patriarcado,5.015811,2.873579,9.980418,-4.532161
2462,Las sobrevivientes,Fotos del “Museo de la Lucha contra la Subversión” de Córdoba,24M: Día de la memoria por la verdad y la justicia; Derechos Humanos; Dictadura; Fotografía; Terrorismo de Estado; Videla,2021-12-10 10:07:32,26,26_fotoperiodismo_retratar_retrato,8.777392,3.5981202,12.847457,-3.3211038
2463,"Sujetos, herederos o deudores",Tres historias argentinas,Escuela IDAES; Historia; Literatura; UNSAM,2021-12-10 10:30:51,3,3_literario_escritora_autor,7.2204876,3.174023,6.9407396,-5.173779
2464,¿Estamos peor que en 2001?,Un GPS para la imaginación política,2001; A 20 años del estallido; Crisis 2001; Derechas,2021-12-12 14:30:00,28,28_futuro_pandemia_crisis,8.348203,7.195265,8.565906,3.3285277
2465,"Subvertir el orden, compartir las calles",Huellas de la crisis,2001 | UNSAM; A 20 años del estallido; Crisis 2001; Escuela IDAES,2021-12-13 14:37:00,0,0_político_política_electoral,9.674356,6.4019775,8.579692,4.8538284
2466,Lo sólido se desvanece en la realidad barrosa de Argentina,Legados políticos de la crisis,2001 | UNSAM; A 20 años del estallido; Crisis 2001,2021-12-14 13:40:00,0,0_político_política_electoral,10.203564,6.284272,8.491367,4.930829
2467,El negocio de las noticias dejó de existir,Futuro imperfecto: ¿hacia dónde va el periodismo?,Beca Cosecha Anfibia; Futuro Imperfecto; Medios de comunicación; Periodismo,2021-12-14 14:20:00,19,19_periodista_periodístico_periódico,7.6920595,5.0901437,12.744097,1.3515859
2468,Poética y política para romper con lo binario,Lo que nos dejó 2001,2001; Archivo; Artes; Crisis 2001; Movimientos sociales,2021-12-16 10:40:00,24,24_arte_artes_art,7.550507,4.9413176,12.994015,-2.155723
2469,El 2001 no empezó ni terminó en diciembre,Postales de la rebelión popular,2001; Crisis 2001; Protesta social; Violencia policial,2021-12-16 10:44:00,41,41_pobreza_inmobiliario_habitante,10.66014,5.0337605,6.839044,0.19715932
2470,Las fotos que hoy llenan tu Instagram,A 20 años de ese estallido tremendo,2001; A 20 años del estallido; Crisis 2001; Fotoperiodismo; Libertad de expresión; Protesta social,2021-12-16 10:50:00,26,26_fotoperiodismo_retratar_retrato,8.826051,4.53526,12.854881,-3.4025912
2471,"Vagos, putas y villerxs con voz propia",La cumbia que parió el 2001,2001 | UNSAM; A 20 años del estallido; Crisis 2001; Cumbia villera; Trap,2021-12-17 02:39:00,1,1_feminismo_feminista_patriarcado,7.55804,2.359009,14.283319,-4.2443066
2472,Que nadie gobierne a Boric,La izquierda ganó en Chile,Chile; Elecciones; Gabriel Boric; Internacional; La transición en Chile,2021-12-18 12:13:00,18,18_chileno_chile_político,11.050541,4.680706,3.9424691,3.9348302
2473,Justo en la garganta,Rosario: formas de la violencia,2001; Crisis 2001; Rosario; Rosariocronica; Violencia policial,2021-12-18 21:00:00,5,5_pedagógico_enseñanza_escolar,6.4314966,5.2213497,7.4532194,-1.7232144
2474,The end,Piñera: un gobierno para el olvido quedará en la historia,Chile; Estallido; Internacional; La transición en Chile; Piñera; Violencias,2021-12-19 10:28:00,10,10_boliviano_bolivia_político,11.460127,4.482847,7.010942,3.772618
2475,La batalla de Plaza de Mayo,Crónica del estallido,2001; Crisis 2001; Protesta social; Violencia policial,2021-12-20 08:00:00,40,40_manifestación_feminista_multitud,9.489624,4.504882,7.611684,-2.0528111
2476,Muerto el miedo se acabó la pena,Chile: Boric presidente,Chile; Elecciones; Gabriel Boric; Internacional; La transición en Chile,2021-12-20 19:44:47,18,18_chileno_chile_político,11.03591,4.713229,3.7441,3.7637463
2477,Feminismo para todo el mundo,Homenaje a bell hooks,Feminismos; Feminismos afro; bell hooks,2021-12-20 20:08:37,1,1_feminismo_feminista_patriarcado,5.4997463,3.33451,9.904406,-4.4835753
2478,Tu sí sabes lo que han sido estos años,Generación Boric,Chile; Gabriel Boric; Internacional; La transición en Chile,2021-12-21 09:15:00,11,11_asesino_testimonio_testigo,11.048193,4.6350207,7.207109,-2.8262393
2479,"Aborto, el gran piquete feminista",2001-2021: un pañuelo verde para la historia,2001; Aborto Legal; Crisis 2001; Feminismos,2021-12-21 09:35:40,7,7_aborto_abortar_anticonceptivo,4.4963384,3.5619311,10.052877,-5.688621
2480,La vida cambia en un instante,Joan Didion,Literatura; No ficción,2021-12-23 00:09:00,39,39_morir_muerte_moribundo,7.728444,2.8399336,8.992091,-1.5346377
2481,La pasión libertaria durante la pandemia,Qué demora la salida de esta crisis,Covid-19; Democracia; Liberalismo; Pandemia,2021-12-27 09:40:14,28,28_futuro_pandemia_crisis,8.120068,7.126045,8.504467,1.0256435
2482,¿Es imposible mudarse a un lugar mejor?,El derecho a la vivienda terminó en 2001,2001; Vivienda,2021-12-28 14:16:41,41,41_pobreza_inmobiliario_habitante,9.163055,7.3507814,6.8774667,-0.28128245
2483,Quién garantiza el aborto legal,A un año de la ley del aborto,Aborto Legal,2021-12-29 13:41:38,7,7_aborto_abortar_anticonceptivo,4.5378985,3.6531394,10.150567,-6.8631864
2484,Los pibes de la Plaza,¿Quién es el manifestante de la foto?,2001; A 20 años del 2001; Fotoperiodismo; Protesta social,2021-12-30 12:04:37,10,10_boliviano_bolivia_político,9.004167,4.17571,7.2153225,4.6539
2485,"Tierra, el planeta que nunca aburre",El año de la rata,Mariana Enríquez; Novela gráfica,2022-01-04 14:39:35,1,1_feminismo_feminista_patriarcado,7.2524977,2.9905927,8.523024,-0.4587003
2486,"Afuera, el desierto",La ilusión de la UCR,Elecciones; Elecciones legislativas 2021; Política; UCR,2022-01-05 06:07:00,0,0_político_política_electoral,11.3063135,6.09297,7.238608,5.6221886
2487,"Luces, cámara, ¡dólares!",Onlyfans,LGBTIQ+; Onlyfans,2022-01-06 10:22:37,31,31_digital_internet_tecnología,6.0119343,3.9907796,10.344624,1.6655099
2488,Mi no entender: ¿qué sienten lxs jóvenes?,Tecnosociabilidad y pensamiento crítico,Juventudes; Pensamiento crítico; Tecnología,2022-01-10 11:50:02,31,31_digital_internet_tecnología,6.8110623,6.2077613,10.2104435,1.5124179
2489,Relato salvaje,El crimen de Fernando Pastorizzo,Homicidios; Nahir Galarza; Violencias,2022-01-11 04:35:00,25,25_violencia_feminismo_feminista,6.655941,3.9877298,8.641844,-4.056249
2490,"No somos un país antivacunas, pero...","Covid 19: identidades, experiencias y discursos sociales",Ciencia; Covid-19; Vacunas,2022-01-12 14:59:13,8,8_epidemia_vacunar_virus,7.6604,7.935847,8.489535,0.61790293
2491,“Somos el trofeo de la guerra contra las drogas”,"Narcotráfico, mujeres y prisión",México; Narcotráfico,2022-01-17 14:16:38,1,1_feminismo_feminista_patriarcado,9.404746,5.982554,9.523378,-4.278672
2492,La celebración de lo anfibio,Cristian Alarcón recibe el Premio Alfaguara,#Anfibia10Años; Botánica; Literatura; Migración; Premio Alfaguara,2022-01-21 15:47:42,3,3_literario_escritora_autor,8.162332,3.1994815,12.48818,0.5383445
2493,¿Cómo descongelar tarifas en pleno incendio?,Política energética: apagón y después,Cortes de luz; Energía eléctrica; Tarifas,2022-01-24 11:45:07,4,4_déficit_deuda_endeudamiento,8.362022,7.725428,8.188524,2.7414687
2494,No me excita el fantasma Yabrán,A 25 años del crimen de Cabezas,Alfredo Yabrán; Caso Cabezas; Pinamar,2022-01-25 10:10:00,19,19_periodista_periodístico_periódico,10.078251,3.6582065,6.599733,-1.1693635
2495,Polarización política: ¿fenómeno de nicho o de masas?,Ciclo IDAES: ¿Por dónde salimos?,Audiencias; Comunicación política; Derechas; Escuela IDAES; Periodismo; Polarización política; Progresismo; UNSAM,2022-01-26 11:04:38,14,14_mediático_periodístico_político,10.680821,6.2221675,10.112205,3.0192375
2496,Cómo gobernar un país cruel,Xiomara Castro: primera presidenta de Honduras,Honduras; Internacional; Izquierdas; Progresismo; Xiomara Castro,2022-01-27 09:41:53,0,0_político_política_electoral,11.481343,4.5599833,7.316028,3.977511
2497,El amor nunca está sobrio,Euphoria: una sensibilidad perfecta,Euphoria; HBO; Series; Zapping cultural; Zendaya,2022-01-28 11:01:50,29,29_ficción_protagonista_personaje,7.204977,4.9880695,10.33771,-2.4188561
2498,La historia no está escrita en una piedra,"FMI, Argentina y el mundo",FMI,2022-01-31 12:59:43,4,4_déficit_deuda_endeudamiento,9.877575,8.287464,10.33569,5.5652432
2499,Moda: disciplinamiento y rebelión,Bien vestidos,Archivo; Libros; Moda; Visual,2022-02-01 10:29:20,1,1_feminismo_feminista_patriarcado,7.490762,3.278136,9.689439,-3.5780513
2500,No alcanza con derribar bunkers,"Transas, Estado y consumidores",Drogas; Estado; Narcotráfico,2022-02-04 12:42:05,41,41_pobreza_inmobiliario_habitante,8.517195,6.878665,7.132337,-1.242753
2501,"Gucci, Prada y binariedad",Sex and the city: And Just Like That,Amistad; Amor; Series; Sex and the City; Zapping cultural,2022-02-04 16:37:35,29,29_ficción_protagonista_personaje,5.8299108,3.8488822,10.2624445,-2.689218
2502,El disco maldito de Spinetta,¿Sólo el amor lo puede sostener?,Luis Alberto Spinetta,2022-02-08 10:11:00,22,22_música_musical_músico,8.70351,1.9392959,15.003205,-4.07287
2503,Meter los pies en el agua otra vez,Erotismo cultural para olvidar la pandemia,Música; Pandemia; Teatro; Zapping cultural,2022-02-10 09:48:03,28,28_futuro_pandemia_crisis,7.5970125,6.2392673,8.569755,-0.26555204
2504,¿Cuántas veces nos quedamos calladas?,#MiráCómoNosPonemos,,2022-02-11 12:30:00,25,25_violencia_feminismo_feminista,6.3210416,3.8036845,8.944256,-4.2597613
2505,El que afloja pierde,Plan Qunita,Plan Qunita,2022-02-15 10:00:00,5,5_pedagógico_enseñanza_escolar,7.712459,7.489295,8.009166,-1.0650182
2506,Campo de Mayo: ¿qué harías vos acá?,"Camuflaje, de Jonathan Perel y Félix Bruzzone",Campo de Mayo; Memoria,2022-02-15 12:21:59,29,29_ficción_protagonista_personaje,9.805212,3.5548356,10.937833,-2.1127512
2507,Tantos pequeños rituales que nos inventamos,"Tamara Diaz Bringas: arte, semillas y despedidas",Artes,2022-02-17 10:45:13,24,24_arte_artes_art,8.06356,2.7670739,12.559267,-2.3330522
2508,El desvelo ruso por Ucrania,"Ucrania, Rusia y la OTAN",Rusia; Ucrania,2022-02-18 10:06:00,21,21_soviética_soviético_vladimir,11.228907,7.610902,14.137389,4.1624055
2509,Peinado por el mercado,Javier Milei,Elecciones legislativas 2021; Javier Milei; La Libertad Avanza; Liberalismo; Perfil político,2022-02-19 12:22:00,9,9_político_libertario_política,12.476351,5.606767,9.3755045,7.181092
2510,Un pibe y su teléfono,El maravilloso mundo de Santi Maratea,Influencers; Zapping cultural,2022-02-21 09:30:00,4,4_déficit_deuda_endeudamiento,10.355543,3.0536017,9.590057,2.188119
2511,"Digital, verde y sanitaria: promesas de una invitación","China, la ruta de la seda y la cooperación internacional",China; Hegemonía; Internacional; Nueva Ruta de la Seda,2022-02-22 09:56:24,21,21_soviética_soviético_vladimir,10.295547,6.220136,7.411215,2.8930447
2512,Todxs necesitamos héroes,Anfibia Podcast,Podcast,2022-02-23 14:15:43,22,22_música_musical_músico,9.205616,3.207273,14.679286,-4.1822667
2513,El desarrollo ambientalista como punto de fuga,Ciclo IDAES: ¿Por dónde salimos?,Ambiente; Desarrollo; Escuela IDAES; UNSAM,2022-02-25 10:25:18,12,12_economía_económico_futuro,7.795813,6.977348,8.549831,2.0040772
2514,El discurso de la encrucijada,Alberto Fernández ante el Congreso,Alberto Fernández; Congreso; Frente de Todos,2022-03-01 18:29:02,0,0_político_política_electoral,11.551556,5.422573,8.498706,5.0049734
2515,¿De dónde sacar tiempo para cuidar?,Madres paralelas: la responsabilidad y organización social del cuidado,Cuidados; Maternidades; Pedro Almodóvar; Zapping cultural,2022-03-02 10:14:27,29,29_ficción_protagonista_personaje,5.2675586,4.0291495,9.941998,-3.6581657
2516,Westfalia murió en Ucrania,Invasión rusa,Internacional; Putin; Rusia; Ucrania,2022-03-02 17:04:51,21,21_soviética_soviético_vladimir,11.135205,7.596288,14.148338,4.1568933
2517,Después de la rabia,Violación grupal en Palermo,8M: Paro internacional y plurinacional de mujeres y disidencias; Violencia de género,2022-03-04 13:33:22,25,25_violencia_feminismo_feminista,7.900138,5.494798,8.870091,-4.2241063
2518,El futuro está a unos días de nosotros,Copia o Muerte: anotaciones de un libro en tránsito,Chile; Especial Chile; Internacional,2022-03-07 11:02:03,18,18_chileno_chile_político,9.576201,4.2128234,8.399394,1.3231422
2519,Revulsiones afectivas,"Desafiar el sentir: Feminismos, historia y rebelión",8M: Paro internacional y plurinacional de mujeres y disidencias; Afectos; Feminismos,2022-03-08 10:55:56,1,1_feminismo_feminista_patriarcado,5.586142,2.978173,10.031191,-4.5962286
2520,Chile: ¿Alcanzarán los sueños?,"Punta Arenas, el territorio que explica a un presidente",Chile; Gabriel Boric; Internacional; Perfil político,2022-03-09 15:11:06,18,18_chileno_chile_político,11.073891,4.4180064,3.7761652,3.8403056
2521,La fantasía de enseñar el futuro,¿Hay lugar para la Inteligencia Artificial en las escuelas?,Educación; Escuelas; Inteligencia artificial,2022-03-10 10:24:30,5,5_pedagógico_enseñanza_escolar,5.9123054,5.9619517,3.4732568,-3.0174325
2522,En este mundo nos falta Tehuel,Ni un chabón trans menos,Identidad Trans; LGBTIQ+; Memoria trans,2022-03-10 10:35:00,1,1_feminismo_feminista_patriarcado,6.233947,3.6054654,9.449231,-2.9776947
2523,El rockero que manda,El comienzo de la era Boric,Chile; Gabriel Boric; Internacional; Perfil político,2022-03-11 11:48:03,18,18_chileno_chile_político,11.646601,4.8088703,3.7379074,3.7849088
2524,La comunidad LGBT+ en la política chilena,El comienzo de la era Boric,Boric; Chile; Internacional; LGBT; La transición en Chile,2022-03-12 17:00:31,18,18_chileno_chile_político,6.095971,4.2245474,3.8013437,3.8365164
2525,Qué esperan los Boric Lovers a cambio de tanto amor,Chile: la transición democrática,Boric; Chile; Internacional; La transición en Chile,2022-03-14 11:36:54,18,18_chileno_chile_político,11.060544,4.604621,3.7953641,3.8225532
2526,Cinco razones para hacer Sociología Política,Nueva Maestría EIDAES-UNSAM,Escuela IDAES; Sociología Política; UNSAM,2022-03-14 15:17:00,0,0_político_política_electoral,6.042048,6.0588284,9.352751,2.9374025
2527,¿Cuánto tiempo aguantás fuera de línea?,"Abundancia: contenidos, pantallas y ansiedad cultural",Futuro Anfibio; Medios de comunicación; Pantallas,2022-03-16 09:53:08,31,31_digital_internet_tecnología,7.2370343,5.875919,10.8816,1.7454474
2528,Higui es la mejor de nosotras,"Pobre, negra y marimacho",Higui; LGBTIQ+,2022-03-16 13:43:00,1,1_feminismo_feminista_patriarcado,6.730096,3.826645,8.562866,-3.846685
2529,¿Cómo parar la guerra?,El conflicto Rusia - Ucrania,Internacional; Rusia; Ucrania,2022-03-18 16:02:26,21,21_soviética_soviético_vladimir,11.113083,7.6136055,14.130976,4.1924286
2530,El último cumpleaños,"Perfil de Chicha Mariani, fundadora de Abuelas",24M: Día de la memoria por la verdad y la justicia; Abuelas de Plaza de Mayo,2022-03-21 14:22:47,11,11_asesino_testimonio_testigo,8.763739,3.3841007,6.9068356,-1.7046366
2531,Retrato de una princesa en llamas,Spencer,Cine; Lady Di; Zapping cultural,2022-03-22 10:17:28,29,29_ficción_protagonista_personaje,7.165509,2.9681273,10.885494,-2.0686765
2532,Casi ángel,Paulo Londra,Música; Zapping cultural,2022-03-23 11:20:00,22,22_música_musical_músico,9.224892,2.063882,14.862305,-3.8356693
2533,Mi abuelo Rodolfo,Walsh y la memoria familiar,24M: Día de la memoria por la verdad y la justicia; Rodolfo Walsh,2022-03-24 09:28:08,11,11_asesino_testimonio_testigo,8.780013,3.539197,7.0032706,-2.0306747
2534,Cómo evitarse una cachetada,Los límites del humor zarpado,Cine; Humor; Premios Oscar; Roast; Will Smith,2022-03-28 15:38:59,3,3_literario_escritora_autor,7.5772448,2.798072,9.187193,-2.3098352
2535,La paciencia migrante,Movilidad humana y pandemia,Covid-19; Migración,2022-03-30 12:50:27,15,15_sindicalismo_reforma_político,8.005574,7.6377063,7.2952137,0.41523972
2536,"Ésta se fue, ésta murió, ésta ya no está",Archivo de la Memoria Trans,LGBTIQ+; Memoria trans,2022-03-31 12:19:00,31,31_digital_internet_tecnología,6.3692846,3.4998615,7.599923,-1.0690554
2537,"Malvinas, nuestro cubo Rubik","Las islas, narrativas y cultura política",Malvinas,2022-03-31 16:13:47,33,33_submarino_marino_naufragio,8.632094,5.7389107,3.7994814,0.40370008
2538,“Tráiganme el sombrero del comandante”,Guerra submarina en Malvinas,Malvinas; Submarinos,2022-04-01 12:24:31,33,33_submarino_marino_naufragio,9.37724,6.074778,3.7697635,0.39708346
2539,El ADN del Soldado Folch,Malvinas: la otra guerra,Malvinas,2022-04-01 13:27:19,33,33_submarino_marino_naufragio,9.616926,4.2236886,4.047323,0.16593374
2540,El silencio tiene acción,Drive my car,Cine; Murakami; Premios Oscar; Zapping cultural,2022-04-05 05:04:00,29,29_ficción_protagonista_personaje,7.953442,3.1576056,10.598185,-2.4431722
2541,Una oportunidad de ponerle freno a la muerte,¿El fin de la guerra?,Rusia; Ucrania,2022-04-06 12:51:43,21,21_soviética_soviético_vladimir,11.17571,7.666999,14.149672,4.1546288
2542,Des-esperar: atardecer en un mundo que se pierde,Hacer la noche,Chile; Especial Chile; Internacional; Literatura; Pandemia,2022-04-07 00:55:00,28,28_futuro_pandemia_crisis,7.167149,3.0206969,9.635985,0.050137497
2543,El año del desierto,"El gobierno de Eduardo Duhalde y su ""trabajo sucio""",A 20 años del 2001; Eduardo Duhalde; kirchnerismo,2022-04-07 11:47:34,4,4_déficit_deuda_endeudamiento,10.952239,6.6101675,8.461679,4.3140984
2544,Un cuerpo dormido no es un cuerpo muerto,El arte de conservar y embellecer cadáveres,Muerte; Tanatopraxia,2022-04-13 09:50:33,39,39_morir_muerte_moribundo,7.307612,6.4571524,9.391106,-1.734242
2545,Intoxicados: ¿Qué hacer ante los discursos de odio?,"Redes sociales, haters y algoritmos",Discursos de odio; LEDA-UNSAM; Redes sociales; UNSAM,2022-04-18 09:37:03,31,31_digital_internet_tecnología,7.7523503,5.4797015,10.646249,2.0324829
2546,Juliana científica,Detrás de la vacuna Made in UNSAM,Covid-19; UNSAM; Vacunas,2022-04-19 10:13:13,8,8_epidemia_vacunar_virus,7.5828624,8.100953,8.453725,0.5423646
2547,Fernet y desazón,Buenos Aires: hoy solo te vuelvo a ver,Buenos Aires; Pandemia,2022-04-20 13:26:30,28,28_futuro_pandemia_crisis,10.460906,4.38057,7.112402,-0.4011573
2548,Lo que mata es el prohibicionismo,Cocaína adulterada,Cocaína adulterada; Prohibicionismo,2022-04-21 12:33:00,23,23_justicia_judicial_juzgado,8.205478,7.258905,11.040695,3.9317842
2549,Alardear de nuestra flora,Botánica y arte,,2022-04-22 09:47:46,24,24_arte_artes_art,7.5790358,3.3760357,12.594075,-2.0871172
2550,El superhéroe del uno por ciento,El regreso de Batman,Batman; Cine; Zapping cultural,2022-04-22 15:25:33,41,41_pobreza_inmobiliario_habitante,8.37841,4.383312,7.1963105,-1.217184
2551,Ganó Macron: ¿quién gobernará Francia?,Las nuevas coordenadas de la política francesa,Escuela de Política y Gobierno; Francia; Internacional; UNSAM,2022-04-26 11:16:12,0,0_político_política_electoral,11.822572,6.353952,7.2311497,4.555449
2552,"TikTok, el salvavidas de la industria editorial",Cómo las juventudes se transformaron en el faro de la producción de libros,Feria del Libro; Juventudes; Libros; TikTok,2022-04-28 10:24:11,3,3_literario_escritora_autor,8.5663185,2.6625547,6.4651423,-5.634027
2553,Alfabetismos aumentados para convivir con robots,Futuro: claves para conseguir trabajo,Alfabetismos aumentados; Capitalismo digital; Derecho a la desconexión; Trabajo,2022-04-29 10:19:42,15,15_sindicalismo_reforma_político,7.6740985,6.662014,6.2177095,1.2509866
2554,Un taladro en mi cabeza,Vivir con migraña,Migraña,2022-05-03 10:36:00,42,42_padre_papá_hijo,7.0377793,7.0599,6.71321,-3.1631289
2555,La vida empetrolada,"Combustibles fósiles, derivados y transición energética",,2022-05-04 10:19:02,33,33_submarino_marino_naufragio,8.569849,7.7162704,7.702776,2.6397517
2556,"Muevo piernita, no perreo",Villa Diamante,#Anfibia10Años; Música,2022-05-05 10:50:10,22,22_música_musical_músico,9.04868,2.0465403,14.311307,-3.877143
2557,El asalto a la razón democrática,"Antipolítica, fragilidad y pospandemia",Antipolítica; LEDA-UNSAM; Liberalismo; UNSAM,2022-05-09 11:35:25,0,0_político_política_electoral,10.254219,5.84378,8.536625,5.118193
2558,Desmintiendo al Indio: el futuro no llegó,Una teoría de la futuridad,Rosariocronica,2022-05-10 10:43:19,28,28_futuro_pandemia_crisis,7.40273,6.2661815,8.66896,2.8395457
2559,La huida de un niño floripondio,Reseña: El tercer paraíso de Cristian Alarcón,#Anfibia10Años; Botánica; Libros,2022-05-10 11:15:00,3,3_literario_escritora_autor,8.438904,2.391764,7.222057,-4.8131294
2560,Mi tatarabuelo saqueó para el imperio,Adelanto de Huaco retrato,#Anfibia10Años; Artes; Duelos; Perú,2022-05-10 15:33:33,24,24_arte_artes_art,8.362583,3.553274,12.344997,-2.3801692
2561,Lo que viene después de decir basta,Florencia de la V,#Anfibia10Años; LGBTIQ+,2022-05-11 11:05:40,1,1_feminismo_feminista_patriarcado,8.743772,2.3665254,9.804167,-3.9936802
2562,¿Quiénes somos?,Censo 2022,Censo; identidad de género,2022-05-17 09:30:00,31,31_digital_internet_tecnología,8.854589,5.817077,10.3127575,1.6412283
2563,Nuestra banda de garaje pituca y futurista,Anfibia 10 años,#Anfibia10Años,2022-05-19 11:08:56,19,19_periodista_periodístico_periódico,7.428693,5.2104387,12.704786,1.3137404
2564,Bailar como si el mundo aún valiera la pena,Anfibia 10 años,#Anfibia10Años,2022-05-19 13:03:28,38,38_bailarín_tango_protagonista,7.527471,3.7049782,14.201858,-3.8430345
2565,Ni lobos ni caperucitas: otras formas de hacerse cargo,Fútbol y violencia de género,Boca Juniors; Fútbol; Punitivismo; Violencia de género,2022-05-20 13:59:33,25,25_violencia_feminismo_feminista,11.012562,2.630608,8.804754,-4.3019114
2566,"La batalla cultural de las ""nuevas derechas""",Milei y los pibes para la liberación,Derechas; Feria del Libro; Javier Milei; Liberalismo; Libros,2022-05-23 13:34:09,9,9_político_libertario_política,12.326151,5.5560856,9.312218,7.0247207
2567,Una apuesta por vivir bonito,Elecciones presidenciales en Colombia,Colombia; Elecciones; Gustavo Petro; Internacional,2022-05-24 12:11:23,10,10_boliviano_bolivia_político,11.463873,4.380461,9.547564,3.760951
2568,Desconectarse o sufrir,"Inflación, crisis, guerra, pandemia",Gas; Guerra; Inflación; Oficialismo,2022-05-24 16:54:46,21,21_soviética_soviético_vladimir,8.458697,7.3172903,7.215839,3.1018085
2569,"Terrorismo, espías y amores frustrados","Iosi, el arrepentido",AMIA; Embajada de Israel; Series; Zapping cultural,2022-05-26 10:46:01,29,29_ficción_protagonista_personaje,11.157678,8.110503,10.558457,-2.1397054
2570,El oráculo del canto nativo,Atahualpa Yupanqui,Folklore; Rosario; Rosariocronica,2022-05-27 07:39:04,22,22_música_musical_músico,8.428009,1.9187237,14.544761,-3.9491727
2571,Cómo enseñar a enamorarse de la libertad,"Violencias en Chile: no fue la pandemia, fue la política",Chile; Especial Chile; Internacional; Liberalismo; Pandemia; Violencias,2022-05-27 11:03:35,25,25_violencia_feminismo_feminista,8.691696,5.1326222,8.367134,-3.4516654
2572,Los fundamentalistas del mercado asedian la democracia,La economía de la ultraderecha en Estados Unidos,Derechas; Estados Unidos; Internacional; Liberalismo; Partido republicano,2022-05-30 11:56:05,21,21_soviética_soviético_vladimir,11.017316,6.5089445,7.2502346,3.625508
2573,Entre dar cringe y hacer las cosas bien,Colombia: el fenómeno Hernández,Colombia; Elecciones; Internacional,2022-05-31 10:34:43,31,31_digital_internet_tecnología,11.501093,4.307279,9.848595,2.8936312
2574,"DEA, Drogas y poder local",Adelanto de La DEA en la Argentina,Drogas; Estado; Libros; Narcotráfico,2022-06-01 12:31:21,21,21_soviética_soviético_vladimir,9.786959,5.8334513,7.028268,2.9989245
2575,No hay justicia para las malas víctimas,Violencia de género y libertad de expresión,Cine; Libertad de expresión; Violencia de género,2022-06-02 09:27:23,25,25_violencia_feminismo_feminista,6.64421,3.9313393,8.495947,-4.1268783
2576,Futuro kitsch,Chile: la ansiedad por el proceso constituyente,Chile; Convención Constituyente; Internacional; La transición en Chile,2022-06-02 12:39:51,18,18_chileno_chile_político,10.873533,4.769301,3.7909594,3.8278518
2577,"Miro, luego existo","Una reseña de la trilogía El público, Le public y The audience",Audiencias; Teatro; Zapping cultural,2022-06-03 10:11:27,29,29_ficción_protagonista_personaje,7.1891747,3.2786283,11.222587,-2.1093569
2578,El otoño de la Iglesia Católica,Religión y sociedad,Catolicismo; Papa Francisco; Religión,2022-06-06 09:51:27,13,13_papal_catolicismo_arzobispo,11.968944,2.6025443,-1.6282989,7.4671984
2579,"Exguerrilleros, torturadores y gendarmes farsantes",Negocios y corrupción en la compra de armas para el G20,Bolivia; Corrupción; Fuerzas de seguridad; G20,2022-06-07 11:55:44,4,4_déficit_deuda_endeudamiento,10.463876,5.9281554,8.041035,2.570962
2580,La ruta de las armas a Bolivia,El negocio de la represión,Bolivia; Corrupción; Fuerzas de seguridad; G20; Mauricio Macri; Patricia Bullrich,2022-06-08 12:23:06,10,10_boliviano_bolivia_político,11.166125,4.317783,6.8420763,4.4801226
2581,Una poesía surrealista para la esperanza,Zapatistas en Europa,España; Internacional; México; Zapatistas,2022-06-09 09:28:05,1,1_feminismo_feminista_patriarcado,9.4199095,3.0619159,9.861934,-4.0496817
2582,Chile: todo lo que puede un librito azul,"Nueva constitución, derecho, feminismos y literatura",Chile; Convención Constituyente; Feminismos; Internacional; La transición en Chile; Nueva Constitución,2022-06-09 10:18:25,18,18_chileno_chile_político,10.6562195,4.4476833,3.7911787,3.8140838
2583,Manual de instrucciones para hablar con E,Lenguaje inclusivo,Feminismos; Lenguaje inclusivo,2022-06-10 10:40:00,1,1_feminismo_feminista_patriarcado,5.001552,3.437829,9.69383,-4.485247
2584,"Zapatos para pensar, libros para adornar. Y viceversa",Performance: Ensayo de ella,Teatro; Zapping cultural,2022-06-10 10:45:29,29,29_ficción_protagonista_personaje,7.1187134,3.1995316,10.726911,-2.4346902
2585,El detrás de escena de la Justicia,El sistema en crisis,Poder Judicial,2022-06-13 10:18:13,23,23_justicia_judicial_juzgado,9.927975,5.927356,11.292588,4.2036085
2586,Propuestas para no perder el control,"Tecnoceno: virtualidad, política y biología",Inteligencia artificial; Tecnoceno,2022-06-17 11:12:00,17,17_innovación_tecnológico_tecno,7.2327194,6.086254,10.384484,0.59428346
2587,Escribir un padre,Concurso de Crónica Breve,Día del Padre,2022-06-19 02:30:00,42,42_padre_papá_hijo,7.774234,3.4439888,6.974466,-2.9137185
2588,Los desafíos de prometer una nueva historia,Elecciones en Colombia: un cambio por izquierda,América Latina; Colombia; Elecciones; Francia Márquez; Gustavo Petro; Internacional; Izquierdas,2022-06-20 17:52:16,10,10_boliviano_bolivia_político,11.514637,4.36209,7.014826,4.432274
2589,El océano y la atmósfera son contacto estrecho,¿Hasta cuándo podrá el mar absorber CO2?,Calentamiento global; Carbono; Especial Chile; Océanos,2022-06-23 14:02:56,33,33_submarino_marino_naufragio,8.0691805,7.5680575,4.6808453,-0.4379509
2590,La igualada que se cree con derecho a gobernar,Francia Márquez,Colombia; Feminismo negro; Francia Márquez; Gustavo Petro; Internacional; Interseccionalidad; Racismo,2022-06-27 09:18:44,0,0_político_política_electoral,11.554633,4.380808,8.07133,4.3592772
2591,Fragmentos de un discurso político,"Liberalismo: claroscuros, miserias y derechos",Liberalismo,2022-06-27 12:32:41,23,23_justicia_judicial_juzgado,10.658255,5.8007364,10.037569,4.2509494
2592,Noqueado,Pity Alvarez,Homicidios; Rock Nacional; Violencias,2022-06-28 11:02:00,22,22_música_musical_músico,8.481348,4.2616024,14.94967,-4.137232
2593,"La vida, eso que pasa entre pantallas y algoritmos","Adelanto de ""El entorno Digital""",Libros; Pantallas; Redes sociales; Tecnología,2022-06-30 14:11:59,31,31_digital_internet_tecnología,7.23538,5.874839,10.344604,1.6248077
2594,Estado y trabajo ¿Asunto separado?,"Planes, movimientos sociales y economía popular",Estado; Trabajo,2022-07-01 13:10:42,15,15_sindicalismo_reforma_político,9.432609,7.457722,6.5310426,1.3937255
2595,Las causas feministas y los derechos sociales,Ultraderecha y justicia: no se cuidan los machistas,8M; Aborto Legal; Derechos Humanos; Feminismos; Lenguaje inclusivo; Poder Judicial,2022-07-01 14:58:15,7,7_aborto_abortar_anticonceptivo,4.2981358,3.6239502,9.952601,-5.245499
2596,Hijos de represores: del dolor a la acción,Identidad y vergüenza,24M: Día de la memoria por la verdad y la justicia; Derechos Humanos; Hijos de represores,2022-07-02 00:41:00,11,11_asesino_testimonio_testigo,8.453576,3.9160168,7.4907346,-2.5601375
2597,"El lobo, en el bosque",Prisión domiciliaria a genocidas,24M: Día de la memoria por la verdad y la justicia; Derechos Humanos; Terrorismo de Estado,2022-07-02 00:42:00,23,23_justicia_judicial_juzgado,9.781171,4.530135,11.282942,3.8433888
2598,Marché contra mi padre genocida,"Mariana, la hija de Etchecolatz",24M: Día de la memoria por la verdad y la justicia; Derechos Humanos; Hijos de represores,2022-07-02 00:43:00,11,11_asesino_testimonio_testigo,9.35571,3.9323304,7.5898514,-2.6788137
2599,La sed del arroz en Paraguay,Tierra de resistentes,Ambiente; Internacional; Paraguay,2022-07-03 00:00:00,20,20_ríos_río_arroyo,8.76437,6.2947326,4.915559,-1.0033767
2600,Vía crucis en el coliseo peronista,"Renuncias, votos, economía y poder",Alberto Fernández; Frente de Todos; Martín Guzmán; Peronismo,2022-07-03 09:19:53,0,0_político_política_electoral,11.107483,5.5074673,7.9175024,4.78605
2601,Un horizonte para recuperar capital político,El nuevo rumbo de la economía,Alberto Fernández; FMI; Frente de Todos; Martín Guzmán; Peronismo; Silvina Batakis,2022-07-03 23:02:40,4,4_déficit_deuda_endeudamiento,11.301576,5.652161,8.469731,4.2767124
2602,¿Qué quiere Cristina?,Elecciones 2023,Alberto Fernández; Cristina Fernández de Kirchner; Elecciones 2023; Frente de Todos,2022-07-06 12:54:18,0,0_político_política_electoral,11.691474,5.889286,7.840181,4.8347754
2603,Los ignorados de siempre ahora son protagonistas,Chile: indígenas y nueva constitución,Chile; Convención Constituyente; Internacional,2022-07-07 15:46:00,18,18_chileno_chile_político,10.940483,4.796844,3.808194,3.7771392
2604,El viejo truco de quemar el banco central,"Extrema derecha, economía e identidades",Derechas; Feminismos; Liberalismo,2022-07-08 11:52:59,0,0_político_política_electoral,10.559244,6.068007,8.7073,5.292467
2605,Con la plata de mis impuestos,Economía y redistribución del ingreso,Impuesto a las grandes riquezas,2022-07-11 15:06:17,4,4_déficit_deuda_endeudamiento,9.256885,8.127627,10.424733,5.481901
2606,¿A quién mira Mamma Roma?,Pasolini: el pasado como gesto moderno,Cine; Zapping cultural,2022-07-13 10:17:47,29,29_ficción_protagonista_personaje,7.4457955,3.065654,10.680544,-2.1926863
2607,"La Constitución, un best seller para la historia",En Chile hay un libro más leído que Harry Potter,Chile; Convención Constituyente; Internacional,2022-07-14 12:08:03,18,18_chileno_chile_político,10.608324,4.338754,3.763522,3.821981
2608,Una red para evitar la intemperie,Salario Básico Universal,Trabajo,2022-07-18 09:35:04,15,15_sindicalismo_reforma_político,9.291721,7.870564,7.177056,1.7521024
2609,Basta de poner huevo,"Fútbol, violencia y política",Barras bravas; Fútbol; Narcotráfico,2022-07-19 10:09:01,25,25_violencia_feminismo_feminista,8.808648,5.147945,8.567923,-4.232372
2610,Entre el cambio y la indignación por la desigualdad,De Allende a Boric: todos los sentidos del 4 de septiembre,Chile; Convención Constituyente; Internacional,2022-07-25 16:07:01,18,18_chileno_chile_político,11.36738,5.0016694,3.816992,3.7840824
2611,Evita vuelve,Eva Perón o cómo cambiar la política argentina,Peronismo; Series,2022-07-26 11:45:48,39,39_morir_muerte_moribundo,8.439506,3.3885317,9.518359,-2.205778
2612,Hacer bolsa la economía,"Silobolsas, dólares y crisis económica",,2022-07-28 10:51:34,4,4_déficit_deuda_endeudamiento,9.4108305,8.315512,10.195697,5.479534
2613,Mil formas de ser Colombia,Viaje a Colombianización,Colombia; Internacional,2022-07-29 09:52:00,39,39_morir_muerte_moribundo,6.7040515,2.9787717,9.639149,-2.2464688
2614,Cómo frenar la calesita,"Massa, la bala de plata del gobierno",Economía; Escuela de Política y Gobierno; Frente de Todos; Sergio Massa; UNSAM,2022-07-30 11:24:07,4,4_déficit_deuda_endeudamiento,9.451586,7.7675195,10.28181,5.5891113
2615,Falta el Brujo,Cinco años sin Santiago Maldonado,Derechos Humanos; Santiago Maldonado,2022-08-01 15:02:00,20,20_ríos_río_arroyo,9.653899,4.252636,5.3281083,-1.3916095
2616,Una reacción contra la ingobernabilidad,La coalición posible,Alberto Fernández; Cristina Fernández de Kirchner; Escuela de Política y Gobierno; Frente de Todos; Sergio Massa; UNSAM,2022-08-01 16:49:48,0,0_político_política_electoral,12.061381,6.1666603,7.6516266,5.3970766
2617,La construcción de Sergio Massa,Política y economía,Alberto Fernández; Cristina Fernández de Kirchner; Frente de Todos; Perfil político; Sergio Massa,2022-08-02 13:30:24,0,0_político_política_electoral,11.61871,5.023875,7.728616,5.416801
2618,Derechos para la sociedad poslaboral,Empleo y economía,Economía; LEDA-UNSAM; Movimientos sociales; Trabajo; UNSAM,2022-08-05 10:04:50,15,15_sindicalismo_reforma_político,9.39338,7.412276,7.0172896,1.6014155
2619,Las dos oportunidades,La izquierda gobierna Colombia,Colombia; Francia Márquez; Gustavo Petro; Internacional,2022-08-08 10:51:21,10,10_boliviano_bolivia_político,11.389072,4.466067,6.973232,4.293921
2620,Nada personal,La nueva derecha en la TV abierta,,2022-08-09 00:07:00,14,14_mediático_periodístico_político,7.5731916,4.6173496,8.964483,2.375362
2621,De salvajes y buscas,Violencia en Rosario,Narcotráfico; Rosario; Rosariocronica; Violencias,2022-08-09 14:40:39,25,25_violencia_feminismo_feminista,9.950804,4.132721,7.4788976,-1.6945124
2622,Toda muerte es un pollo crudo,Despedida a Sylvia Molloy,,2022-08-10 14:02:49,3,3_literario_escritora_autor,7.791234,2.3062754,6.674125,-4.870202
2623,Política y humor social cuando los precios vuelan,Récord de inflación,Escuela IDAES; Inflación; Precios; UNSAM,2022-08-11 14:33:12,4,4_déficit_deuda_endeudamiento,9.320273,7.9394517,10.223981,5.5279374
2624,"Bioeconomía: biología, innovación y ambiente",Recursos naturales y desarrollo sostenible,Recursos naturales,2022-08-12 12:42:21,12,12_economía_económico_futuro,8.447224,7.6445775,8.631022,1.8659482
2625,Propuestas para recalcular la actividad minera,Recursos naturales y desarrollo sostenible,Recursos naturales,2022-08-12 12:42:27,12,12_economía_económico_futuro,8.8430605,7.135237,8.616749,1.8568286
2626,Mucho más que soja: imaginar el campo del futuro,Recursos naturales y desarrollo sostenible,Recursos naturales,2022-08-12 12:42:31,17,17_innovación_tecnológico_tecno,8.603683,7.6939692,9.2343855,1.6506491
2627,Transición energética para ver y tocar,Recursos naturales y desarrollo sostenible,Recursos naturales,2022-08-12 12:50:00,12,12_economía_económico_futuro,8.379011,7.7729297,8.574635,1.8967488
2628,El canibalismo libertario,"Conservadores, negacionistas y filonazis",Derechas; Javier Milei; Liberalismo,2022-08-16 10:36:33,9,9_político_libertario_política,12.515755,5.6419024,9.345965,7.1040907
2629,Hablar es perder siempre,Contar lo que no tiene palabras,Duelos; Libros,2022-08-19 11:59:06,11,11_asesino_testimonio_testigo,8.071294,5.36091,7.8609676,-2.5173483
2630,Gabriela Mistral: un amor que no calla,"Movimientos sociales, justicia poética y memoria",Chile; Educación; Gabriela Mistral,2022-08-22 13:07:27,18,18_chileno_chile_político,10.631656,4.2700286,3.8083773,3.7896833
2631,Salir del empate hegemónico,Crecimiento económico y desarrollo social,Economía; Libros; Política,2022-08-24 11:53:55,4,4_déficit_deuda_endeudamiento,10.336998,6.017537,8.427603,3.45738
2632,Ellas van por todo,El futuro incierto de una democracia feminista,Chile; Disidencias sexuales; Feminismos; Internacional; Nueva Constitución; Política,2022-08-24 11:54:00,1,1_feminismo_feminista_patriarcado,4.817933,2.9099305,9.934128,-4.5269685
2633,El incómodo debate de la pena de muerte,"Encuesta sobre inseguridad, confianza policial y victimización",Escuela IDAES; Seguridad; UNSAM; Violencias,2022-08-24 12:47:46,25,25_violencia_feminismo_feminista,9.6253,5.883074,8.818456,-2.9635277
2634,"Adiós, Zalo",La voz de la canción cebolla,Chile; Internacional; Música,2022-08-25 13:34:02,22,22_música_musical_músico,9.040819,1.9312956,14.803343,-4.016907
2635,Investigar y documentar para que no se repita,Colombia: Informe Final de la Comisión de la Verdad,Colombia; Internacional; México; Periodismo; Violencias,2022-08-26 11:57:21,19,19_periodista_periodístico_periódico,7.9660234,4.9008555,12.888259,0.98453104
2636,Volver a unir lo que estaba desunido,El juicio a CFK y el peronismo,Cristina Fernández de Kirchner; Frente de Todos; Peronismo; Poder Judicial,2022-08-26 13:18:50,0,0_político_política_electoral,11.5132,6.1741977,9.089838,4.4490976
2637,Trasladar la defensa a la arena pública,El juicio contra CFK,Cristina Fernández de Kirchner; Lawfare,2022-08-30 12:05:49,23,23_justicia_judicial_juzgado,10.021496,5.7733145,10.978079,4.32185
2638,Toda imagen representa un guión,Claves para leer las fotos del fin de semana,Cristina Fernández de Kirchner; Fotos; Frente de Todos; Juntos por el cambio,2022-08-30 14:46:13,0,0_político_política_electoral,7.640241,3.0948222,7.1744447,4.5857906
2639,Fue el odio,ATENTADO A CRISTINA,Atentado a Cristina; Cristina Fernández de Kirchner; Democracia; Discursos de odio; LEDA-UNSAM,2022-09-01 09:27:00,0,0_político_política_electoral,9.746984,4.8232937,9.102947,3.922265
2640,Ofertas para superar la incertidumbre social,Nueva Constitución y posverdad,Chile Convención Constituyente Internacional; Internacional,2022-09-01 12:23:01,31,31_digital_internet_tecnología,10.850935,4.643622,10.363738,1.635405
2641,Un grito en medio del silencio de la iglesia,Las carmelitas y la nueva Constitución,Catolicismo; Chile; Internacional; Religión,2022-09-01 14:28:20,18,18_chileno_chile_político,11.985744,2.5966315,3.726899,3.8901513
2642,Al odio no se lo lleva el viento,Atentado a Cristina,Atentado a Cristina; Cristina Fernández de Kirchner; Discursos de odio; LEDA-UNSAM; Redes sociales; UNSAM,2022-09-02 09:32:00,25,25_violencia_feminismo_feminista,8.470775,5.3800483,9.2722435,3.5957358
2643,Sin balas en la recámara,Atentado a Cristina,Atentado a Cristina; Cristina; Democracia,2022-09-02 14:27:43,23,23_justicia_judicial_juzgado,9.407476,4.3140006,9.370282,4.034935
2644,Un canto de cuidado,La plaza después del atentado a CFK,Atentado a Cristina; Cristina; Plaza de Mayo,2022-09-02 22:48:12,40,40_manifestación_feminista_multitud,10.347744,5.1378713,9.068789,4.7383757
2645,Hoy día yo llego hasta aquí,Plebiscito Constitucional en Chile: ganó el miedo,Nueva Constitución; Plebiscito de salida; Rechazo,2022-09-05 15:13:29,18,18_chileno_chile_político,10.900423,4.6835647,3.809599,3.8673427
2646,Estamos en shock,Plebiscito constituyente: Ganó el rechazo,Chile Convención Constituyente Internacional; Internacional; Rechazo,2022-09-05 15:26:17,18,18_chileno_chile_político,10.866851,4.5837727,3.8683321,3.8852327
2647,La amenaza indígena,Plebiscito constitucional en Chile: el triunfo del Rechazo,Chile Convención Constituyente Internacional; Internacional; Rechazo,2022-09-07 10:06:30,18,18_chileno_chile_político,10.97978,4.7835674,3.8013067,3.8204103
2648,Cuidado con las hidropónicas,La política como intérprete de las demandas sociales,Chile; Internacional; Nueva Constitución; Partidos políticos; Rechazo,2022-09-09 09:44:39,18,18_chileno_chile_político,10.931879,4.76031,4.1359005,3.929065
2649,Rebeldes punitivos,¿Qué tienen los jóvenes en la cabeza?,Derechas; Escuela IDAES; Javier Milei; Juventudes; Liberalismo; Punitivismo; UNSAM,2022-09-13 12:08:13,28,28_futuro_pandemia_crisis,8.944874,6.8763676,8.883711,3.8786142
2650,Amigos y fantasmas en la imprenta de papá,Imprenteros,Teatro,2022-09-15 10:01:00,24,24_arte_artes_art,7.331058,3.1820323,12.4605055,-2.1939585
2651,¿Cómo enseñar a leer y escribir?,Neuropedagogías y educación,Escuelas,2022-09-21 11:57:15,5,5_pedagógico_enseñanza_escolar,5.8022227,5.76941,3.6592982,-3.3027453
2652,La realidad puede ser una rata,¿A quién le molesta la locura?,Salud mental,2022-09-22 12:15:31,37,37_astrónomo_ciencia_universo,7.122901,6.5007286,10.20335,0.020193992
2653,Un mundo para ellos dos,Adiós a Saul Goodman y Kim Wexler,Better Call Saul; Breaking Bad; Netflix; Series; Zapping cultural,2022-09-23 13:11:34,29,29_ficción_protagonista_personaje,7.246862,4.8967066,10.44835,-2.197305
2654,"El pesimismo de la razón, 100 años después",Italia: el triunfo de la extrema derecha,Derechas; Elecciones; Internacional; Italia,2022-09-26 12:09:30,0,0_político_política_electoral,11.38528,6.090552,7.9122562,4.8593807
2655,Instrucciones para salvar la poesía,"Canon, rituales y memoria",Laboratorio de No Ficción Creativa,2022-09-27 14:27:26,3,3_literario_escritora_autor,8.425351,5.207515,6.563489,-5.522252
2656,El Estado no puede torturar,"Argentina, 1985",24M: Día de la memoria por la verdad y la justicia; Cine; Dictadura; Juicios de lesa humanidad; Poder Judicial,2022-09-28 10:00:27,23,23_justicia_judicial_juzgado,10.32531,4.683569,8.453738,-3.8058176
2657,La empleada bajo sospecha,Doble crimen de Vicente López,Desigualdad,2022-09-29 12:18:13,15,15_sindicalismo_reforma_político,8.717711,4.584125,7.290266,-1.3400359
2658,La revolución de bajar un cambio,Prácticas de cuidado y consumo responsable,Consumo responsable,2022-09-30 10:10:00,1,1_feminismo_feminista_patriarcado,7.4846554,6.7574997,10.165574,-4.759975
2659,Desde los humedales,Sensibilidad ambiental y racionalidad política para una ley,Crisis climática; Humedales,2022-09-30 10:11:00,20,20_ríos_río_arroyo,8.5521345,7.2433257,4.9948454,-0.82353026
2660,Que no haya segunda vuelta,Elecciones en Brasil,Brasil; Derechas; Internacional; Jair Bolsonaro; Lula da Silva,2022-09-30 12:58:36,16,16_brasil_brasilero_brasilia,12.005013,4.157411,7.036736,8.210748
2661,Furia roja y resistencia negra,Hay segunda vuelta en Brasil,Brasil; Internacional; Jair Bolsonaro; Lula da Silva,2022-10-03 15:55:30,16,16_brasil_brasilero_brasilia,12.135078,4.151411,6.9064565,8.439481
2662,El bolsonarismo echa raíces,Elecciones en Brasil,Brasil; Derechas; Internacional,2022-10-04 12:18:27,16,16_brasil_brasilero_brasilia,12.170482,4.1252866,6.9615574,8.374304
2663,La política educativa de la mano dura,La educación en la Ciudad de Buenos Aires,CABA; Horacio Rodríguez Larreta; Soledad Acuña,2022-10-05 10:49:23,5,5_pedagógico_enseñanza_escolar,5.9971075,5.816284,3.6595736,-3.224122
2664,¿Cuántos asados vale un campeonato de las pibas?,Fútbol femenino,Boca Juniors; Fútbol; Fútbol femenino,2022-10-05 11:50:24,2,2_fifa_futbolista_fútbol,11.024026,2.1136332,5.8971167,11.713095
2665,El apagón y un puñado de estrellas,Reforma constitucional chilena,Chile; Dictadura; Laboratorio de No Ficción Creativa,2022-10-06 09:16:46,18,18_chileno_chile_político,9.943431,4.356078,3.787214,3.786825
2666,"Sin salida, entre gases y balas de goma",Represión y muerte en La Plata,Boca Juniors; Fútbol; Seguridad; Violencia policial,2022-10-07 14:49:15,2,2_fifa_futbolista_fútbol,9.472353,4.5857625,5.7844434,11.322213
2667,Imágenes para conversar con la comunidad mapuche,Desalojo en Villa Mascardi,Pueblos originarios,2022-10-11 12:53:35,20,20_ríos_río_arroyo,9.123793,5.705802,5.1749115,-1.2920167
2668,Mi amigo el juez,"Fútbol, Poder Judicial y vínculos",Fútbol; Poder Judicial,2022-10-12 10:30:12,23,23_justicia_judicial_juzgado,10.210024,5.303818,5.511787,10.929464
2669,Con el pudor de los sobrevivientes,Razones para divagar un jardín amoral,Libros; Premio Alfaguara,2022-10-12 12:01:00,25,25_violencia_feminismo_feminista,6.436466,5.627988,7.6549144,-4.506377
2670,¿Peor que el fascismo?,La derecha radical en Italia,Derechas; Giorgia Meloni; Internacional; Italia,2022-10-13 09:17:41,0,0_político_política_electoral,11.076896,6.306682,7.2165236,5.5916553
2671,Cuidar es amor y trabajo,Cómo construir una salud feminista,Aborto Legal; Cuidados; Feminismos,2022-10-14 11:39:01,1,1_feminismo_feminista_patriarcado,4.828793,3.7440605,10.081597,-5.553192
2672,El perfume de la memoria,Premio Nobel de Literatura 2022,Libros; Memoria,2022-10-14 15:08:09,3,3_literario_escritora_autor,7.573896,2.607069,6.9719815,-5.151498
2673,Las mayorías eran otras,Aniversario del estallido social en Chile,Chile; Estallido en Chile; Internacional,2022-10-18 11:33:20,18,18_chileno_chile_político,11.441195,6.244684,4.054171,3.9510083
2674,Hoy tu cara está en todas las remeras,Retratos de Evita y el Che,Escuela de Arte y Patrimonio; Fotografía; UNSAM,2022-10-21 15:43:54,26,26_fotoperiodismo_retratar_retrato,8.856649,4.8365674,12.809849,-3.2511704
2675,¿Para qué?: el PRO en su disyuntiva,La interna de Juntos por el Cambio,Horacio Rodríguez Larreta; Juntos por el cambio; Mauricio Macri; Patricia Bullrich,2022-10-24 14:14:36,0,0_político_política_electoral,11.449802,6.567178,7.6177735,5.6203303
2676,Monterrey: cuando las Ríos se quedan sin agua,Beca Crónica en México,BA; Instituto LLILAS; Monterrey; Sequía,2022-10-25 13:45:13,20,20_ríos_río_arroyo,8.970516,3.139701,4.9695115,-1.0722163
2677,"Chongos, cyborgs y papota",La cultura de los anabólicos entre varones gays,Anabólicos; Cuerpo; Varones gays,2022-10-26 11:23:02,39,39_morir_muerte_moribundo,6.0452094,3.860632,9.559642,-2.0669763
2678,El espejo de las izquierdas latinoamericanas,Brasil: el regreso de Lula al poder,Brasil; Internacional,2022-10-31 11:38:58,16,16_brasil_brasilero_brasilia,12.142775,4.128542,6.934617,8.407691
2679,"Nosotras, ellas y las otras",Las mujeres de las derechas latinoamericanas,Derechas; Géneros,2022-11-01 14:27:21,1,1_feminismo_feminista_patriarcado,5.1042495,2.8784094,10.054234,-4.8379884
2680,Con tanta furia como anticipación,Valerie Solanas,Valerie Solanas,2022-11-02 11:50:58,1,1_feminismo_feminista_patriarcado,7.0860085,2.5156705,11.78042,-2.6972136
2681,Rhaenyra la del barrio,House of the Dragon,Game of Thrones; House of the Dragon; Series; Zapping cultural,2022-11-03 10:29:00,29,29_ficción_protagonista_personaje,7.110492,3.6951246,10.347051,-2.3741226
2682,Los magnates de los nueve ceros,Por qué la obsesión por los ricos no sirve para combatir la desigualdad,Desigualdad,2022-11-04 09:30:32,4,4_déficit_deuda_endeudamiento,9.300047,8.060323,7.947898,2.368235
2683,La verdadera vanguardia,La columna de Zambra: Cecilia Vicuña,Artes; Cecilia Vicuña; La columna de Zambra,2022-11-04 11:35:58,3,3_literario_escritora_autor,8.1680975,2.0138757,6.7319207,-5.4737854
2684,Cómo volver a mirar un mapa,"Estrategias para la producción, el empleo y la democracia",América Latina,2022-11-05 10:40:45,12,12_economía_económico_futuro,10.484314,7.1604247,7.95967,2.228844
2685,Otoño Persa,Protestas contra la imposición del hiyab en Irán,Feminismos; Juventudes; Redes sociales,2022-11-07 10:55:48,1,1_feminismo_feminista_patriarcado,11.143178,8.057041,10.154714,-4.713953
2686,"Late, late, nola",El álbum del Mundial,Mundial de fútbol,2022-11-08 10:00:53,2,2_fifa_futbolista_fútbol,9.97029,2.472483,5.8965254,11.618243
2687,¿Quién quiere ser normal?,Ley de Salud Mental,Salud mental,2022-11-09 11:14:35,7,7_aborto_abortar_anticonceptivo,7.419023,7.094079,10.083851,-5.9381976
2688,Las cinéfilas,Un festival al nivel del mar,Cine; Zapping cultural,2022-11-11 11:52:53,38,38_bailarín_tango_protagonista,8.124809,3.3992934,10.956822,-2.0178218
2689,¿Qué hacemos con las TERFs?,Feminismo transexcluyente y discursos de odio,Discursos de odio; Feminismos; TERF; cancelación; furia travesti,2022-11-11 15:28:11,1,1_feminismo_feminista_patriarcado,5.5626993,3.0009077,9.998811,-4.445445
2690,La paz y la guerra se han vuelto sinónimos,"Rusia, Ucrania y la geoeconomía",Deuda; FMI; Guerra; Internacional; Rusia; Ucrania,2022-11-16 10:06:00,21,21_soviética_soviético_vladimir,11.164855,7.5971346,14.130674,4.1982365
2691,Quedémonos hablando toda la noche,La columna de Zambra: Bolaño,Bolaño; La columna de Zambra,2022-11-18 11:29:23,3,3_literario_escritora_autor,8.291004,4.3164463,12.504116,0.44968972
2692,"Ñoña, intensa, encantadora",El fin del amor: la serie feminista que sale del nicho,Feminismos; Series,2022-11-18 12:30:00,29,29_ficción_protagonista_personaje,5.6061764,3.487423,10.237376,-2.7386754
2693,El abrazo más hermoso del mundo,Qatar 2022,Fútbol; Maradona; Messi; Qatar 2022,2022-11-18 12:42:28,2,2_fifa_futbolista_fútbol,10.6383295,1.9379623,5.1126833,11.520217
2694,La incomodidad de su herencia,"Hebe, el ángel de la barricada",Democracia; Derechos Humanos; Hebe de Bonafini; Madres de Plaza de Mayo,2022-11-21 13:32:09,39,39_morir_muerte_moribundo,11.526701,5.8774266,9.262086,-1.1236271
2695,“¡No se conviertan en burócratas!”,"Comunista, personalista, peronista: alquimia Hebe",Democracia; Derechos Humanos; Hebe de Bonafini; Madres de Plaza de Mayo,2022-11-21 15:33:28,39,39_morir_muerte_moribundo,11.64914,5.8695297,9.137199,-1.2286936
2696,Tecno-utopías para más capitalismo,Economía de Plataformas,Capitalismo digital; Escuela IDAES; Tecnologías; UNSAM,2022-11-23 13:23:55,17,17_innovación_tecnológico_tecno,7.624749,6.4948516,9.735053,1.6027553
2697,Incomodar la masculinidad,Violencia contra las mujeres,Masculinidades,2022-11-25 10:04:00,25,25_violencia_feminismo_feminista,5.641938,3.3726795,8.726958,-4.2952375
2698,La Sociedad del Cuidado: un horizonte feminista,Diario de la XV Conferencia sobre la mujer (CEPAL),8M; América Latina; Cuidados; Desigualdad; Feminismos,2022-11-29 12:14:12,1,1_feminismo_feminista_patriarcado,7.8650475,7.3980603,10.334123,-4.7386785
2699,¿Siempre es buena una alegría para un pueblo triste?,Mundial 1978,24M: Día de la memoria por la verdad y la justicia; Derechos Humanos; Dictadura; Fútbol; Mundial de fútbol,2022-11-30 09:31:43,2,2_fifa_futbolista_fútbol,10.657299,2.2110684,5.882713,11.339782
2700,Los nudos de odio de nuestras democracias,Saberes y activismos contra los discursos de odio,Derechas; Discursos de odio; LEDA-UNSAM; Redes sociales; UNSAM,2022-11-30 13:20:19,31,31_digital_internet_tecnología,8.097203,5.6165776,10.547104,1.9660302
2701,A coger que el mundo ya se acabó,PreP: el otro cóctel contra el VIH,Pep; PreP; VIH; varones gay,2022-12-01 09:56:57,8,8_epidemia_vacunar_virus,7.445795,7.9223185,8.4775915,0.6193116
2702,Contra el imperativo de superarlo todo,Rabia disca y neoliberalismo emocional,Cuerpos; Discapacidad; Resiliencia,2022-12-02 10:45:31,39,39_morir_muerte_moribundo,7.629992,7.4335155,9.440137,-2.74193
2703,La amnesia infantil,La columna de Zambra: Fernanda García Lao,Alejandro Zambra; La columna de Zambra; Memoria; Zambra,2022-12-02 11:19:58,3,3_literario_escritora_autor,7.0480824,6.127564,6.690417,-4.92778
2704,La única certeza es la existencia de un cadáver,El crimen de María Marta García Belsunce,Poder Judicial; crimen,2022-12-02 16:26:02,23,23_justicia_judicial_juzgado,8.9020195,4.2299247,11.313064,3.79473
2705,Podemos hablar,Tomás Rebord en la era de la postelevisión,Medios de comunicación; Perfil; Televisión; YouTube,2022-12-06 09:29:17,19,19_periodista_periodístico_periódico,7.987576,4.7429485,12.75103,1.4246641
2706,Se cubren entre ellos,Los chats del lawfare,Clarín; Lawfare; Poder Judicial,2022-12-06 13:48:11,23,23_justicia_judicial_juzgado,9.973556,6.008768,11.366248,4.2186537
2707,La impunidad y la inmunidad del poder,Expropiación institucional en democracia,Democracia; Poder Judicial,2022-12-07 12:33:49,18,18_chileno_chile_político,10.02735,6.0789795,10.053176,4.2488747
2708,El jugador que nos habíamos perdido está acá,El último Mundial de Messi,Fútbol; Messi; Mundial de fútbol; Qatar 2022,2022-12-08 09:00:00,2,2_fifa_futbolista_fútbol,10.6929,2.0715663,5.066499,11.078904
2709,"No es lawfare, es conspiración",La condena a Cristina,Cristina Fernández de Kirchner; Lawfare; Poder Judicial,2022-12-08 13:25:21,23,23_justicia_judicial_juzgado,9.993327,6.042102,10.54433,4.293062
2710,"No es hartazgo, es peronismo",Vialidad: el fallo como boomerang,CFK; Vialidad,2022-12-08 20:00:00,0,0_político_política_electoral,10.069987,5.0442305,9.507972,4.295441
2711,Brasil en trance,Los desafíos de Lula,Brasil; Democracia; Derechas; Jair Bolsonaro; Lula da Silva,2022-12-13 10:51:23,16,16_brasil_brasilero_brasilia,11.989654,4.2023,6.9678383,8.355783
2712,La belleza eterna,El Messi que multiplicó a Messi,Messi; Qatar 2022; Scaloneta,2022-12-14 16:13:13,2,2_fifa_futbolista_fútbol,10.739314,2.026346,5.105394,11.552639
2713,La Bombonera en Qatar,Hinchas argentinos en el Mundial,Barras bravas; Fútbol; Mundial de fútbol; Qatar 2022,2022-12-15 10:39:05,2,2_fifa_futbolista_fútbol,10.467159,5.3008685,5.1469088,11.326435
2714,El fútbol se lo debía a su Dios,Argentina campeón mundial,Maradona; Messi; Qatar 2022; Scaloneta,2022-12-19 11:21:46,2,2_fifa_futbolista_fútbol,10.739473,2.0911586,5.6016507,11.513561
2715,Un potrero tomado por las masas,Argentina campeón mundial,Messi; Qatar 2022; Scaloneta,2022-12-21 16:24:48,2,2_fifa_futbolista_fútbol,10.363074,3.490482,5.2728043,11.479572
2716,Cuánto dura la felicidad,Argentina campeón mundial,Messi; Qatar 2022; Scaloneta,2022-12-22 10:45:45,2,2_fifa_futbolista_fútbol,10.745764,2.207564,5.7823825,11.418361
2717,La copa no se mancha,Argentina campeón mundial,Fútbol; Mundial de fútbol; Qatar 2022,2022-12-22 19:35:17,2,2_fifa_futbolista_fútbol,10.439325,5.6323643,5.491616,10.889189
2718,Argentina es una fiesta,Argentina campeón mundial,Mundial de fútbol; Selección Argentina,2022-12-27 10:21:46,24,24_arte_artes_art,9.518037,2.268981,12.793093,-2.0817266
2719,Te vi en línea y te escribí,¿Qué es la renuncia silenciosa?,Teletrabajo; Trabajo,2022-12-28 09:05:01,15,15_sindicalismo_reforma_político,9.284377,7.2961655,6.3244257,1.3178064
2720,Cuando la participación no es un mito,Cómo incidir en las políticas públicas,Gobierno Abierto; Participación ciudadana,2022-12-28 12:14:04,0,0_político_política_electoral,5.8863835,5.9144893,4.1106515,-2.4216995
2721,Esa obstinación por ser argentinos,La comunión de la Selección con su pueblo,Fútbol; Messi; Mundial de fútbol; Qatar 2022,2022-12-29 11:21:56,2,2_fifa_futbolista_fútbol,10.318619,2.812215,5.3431187,11.062424
2722,El rey de un mundo perdido,Murió Pelé,Brasil; Fútbol; Internacional; Pelé,2022-12-29 11:42:00,2,2_fifa_futbolista_fútbol,10.350732,2.2054172,5.184091,10.8139925
2723,Un vínculo es un work in progress,Laboratorio de Periodismo Performático,Maternidades; Periodismo,2023-01-02 09:00:00,24,24_arte_artes_art,7.1500516,4.865725,12.685066,-2.1842577
2724,Ya ganamos la tercera,Diario del Mundial,Fútbol; Qatar 2022; Viajes,2023-01-03 09:00:00,2,2_fifa_futbolista_fútbol,11.176518,8.055224,5.27908,11.063847
2725,Rugbiers: matar para ser macho,Crimen en Villa Gesell,Masculinidades; Rugby; Violencias,2023-01-03 09:05:00,25,25_violencia_feminismo_feminista,6.09212,3.6069834,8.960426,-4.7643275
2726,¿Noticias? ¡No quiero saber más nada!,Información: la era de la evasión selectiva,Pandemia; Periodismo,2023-01-04 10:55:39,14,14_mediático_periodístico_político,7.667066,5.375395,10.44413,2.5106401
2727,Vivir al filo de la muerte,El juicio por el crimen de Fernando Báez Sosa,Masculinidades; Violencias,2023-01-05 09:26:55,25,25_violencia_feminismo_feminista,8.240493,4.917244,9.269509,3.6868548
2728,"Aceleración técnica y accidentes ""normales""",Los ensayos del Tecnoceno,Inteligencia artificial; Tecnología y sociedad,2023-01-09 10:57:00,8,8_epidemia_vacunar_virus,7.8560877,7.556268,8.530317,0.99893516
2729,Las señales estaban ahí,Asalto a la democracia brasileña,Brasil; Derechas; Jair Bolsonaro; Lula da Silva,2023-01-09 13:31:59,16,16_brasil_brasilero_brasilia,12.074305,4.0993285,6.9856315,8.344551
2730,"""Con Gabriel no hemos terminado ni vamos a terminar""",Entrevista exclusiva con Irina Karamanos,Chile; IrinaKaramanos; La transición en Chile; gabrielboric,2023-01-10 11:51:00,0,0_político_política_electoral,11.518863,5.077322,7.802649,5.20826
2731,La última primera dama,Chile: Irina Karamanos sale de La Moneda,Chile; IrinaKaramanos; gabrielboric,2023-01-10 12:52:00,18,18_chileno_chile_político,5.263779,2.8221266,4.0416217,3.925982
2732,Los últimos días de la Bestia,Derechas siglo XXI: la rebelión acelerada,Brasil; Derechas; Internacional,2023-01-11 11:08:41,16,16_brasil_brasilero_brasilia,11.889864,4.1178727,7.0678973,8.177319
2733,No somos objetos del folclore,Ser mujer y los espíritus femeninos de la naturaleza,,2023-01-12 10:11:06,1,1_feminismo_feminista_patriarcado,6.5642023,2.757107,9.738088,-3.8569438
2734,Todo lo que toca supera el millón,Bizarrap,Zapping cultural,2023-01-12 11:18:00,22,22_música_musical_músico,9.249707,2.1108172,14.784873,-3.789039
2735,Ojos de video tape,Aftersun,Cine; Zapping cultural,2023-01-13 09:35:02,29,29_ficción_protagonista_personaje,7.151869,3.2402875,10.89244,-2.0377104
2736,La raza no existe,El crimen de Fernando Báez Sosa y la cuestión racial,Fernando Báez Sosa; Racismo; crimen,2023-01-19 10:54:57,11,11_asesino_testimonio_testigo,9.552591,5.0724025,7.526846,-2.5191627
2737,Verde memoria mineral,Chile: crecer sin límites en un planeta finito,Ambiente; Cristina Dorador; Sacrificadas; Zonas de sacrificio,2023-01-19 15:09:11,20,20_ríos_río_arroyo,8.70008,3.5808916,4.9153495,-0.79937524
2738,"Cuando menos se la espera, la revolución",Adelanto de “Revolución. Una historia intelectual”,Libros,2023-01-20 11:30:02,21,21_soviética_soviético_vladimir,10.935003,6.457046,11.185666,-2.046539
2739,"Asado, fernet y cumbia en el desierto",El barrio argentino en Qatar,Fútbol; Qatar 2022; Scaloneta,2023-01-20 14:16:16,2,2_fifa_futbolista_fútbol,10.146711,3.1185951,5.3631644,11.059076
2740,"Teresa, la que nació presa","Argentina, 1985",24M: Día de la memoria por la verdad y la justicia; Cine; Juicio a las Juntas; Juicios de lesa humanidad; Nietos,2023-01-24 08:25:00,29,29_ficción_protagonista_personaje,8.385961,3.7404747,8.002346,-2.6136236
2741,¿Quién quiere una moneda común?,"Argentina, Brasil y el sueño de la Patria Grande",Brasil; Escuela IDAES; Glosario de la crisis; Internacional; Lula da Silva; UNSAM,2023-01-24 13:08:28,4,4_déficit_deuda_endeudamiento,9.479243,8.373832,10.191898,5.599657
2742,Aguas turbias,Concurso de Crónica Patagónica,Adolescencias; Patagonia; Puerto Madryn,2023-01-25 09:53:33,32,32_catástrofe_desastre_tragedia,6.55463,4.9382167,6.6950903,-1.0458046
2743,La toma de Lima,Crisis política y protestas sociales en Perú,América Latina; Derechas; Internacional; Nueva Constitución; Perú,2023-01-26 12:44:25,18,18_chileno_chile_político,11.125316,4.9322524,4.3595533,3.9929695
2744,El zorro en el gallinero,La DEA en Argentina: una historia de poder,Aníbal Fernández; DEA; Narcotráfico; Patricia Bullrich,2023-01-27 10:24:51,21,21_soviética_soviético_vladimir,9.984116,4.9069405,6.965949,3.0630145
2745,Comer y coger,Historia de una relación,Alimentación,2023-01-31 10:39:46,1,1_feminismo_feminista_patriarcado,5.750644,3.7243392,9.75164,-3.952117
2746,Un hombre que sigue pájaros,Concurso de Crónica Patagónica,Ambiente; Crónica Patagónica; Patagonia,2023-02-01 09:51:29,20,20_ríos_río_arroyo,7.657778,3.3546999,5.3261952,-0.7754679
2747,Una terapia de 40 millones de dólares,Los Fabelman y un viaje por el cine de Spielberg,Cine; Premios Oscar; Steven Spielberg; Zapping cultural,2023-02-03 10:01:21,29,29_ficción_protagonista_personaje,7.914601,3.8476179,10.853621,-2.0867403
2748,"""Hasta el día que les den perpetua""",Crimen de Fernando Báez Sosa,Fernando Báez Sosa; Poder Judicial; Rugbiers,2023-02-06 10:00:00,23,23_justicia_judicial_juzgado,8.939788,4.3924894,11.274009,3.7968075
2749,El día más triste del puerto de Corral,Concurso de Crónica Patagónica,Chile; Terremoto; Valdivia,2023-02-08 09:48:26,33,33_submarino_marino_naufragio,9.243523,4.960212,3.8510673,0.33510464
2750,400 ilusiones y un millón de preguntas,Tratamientos de reproducción asistida,Feminismos; Maternidades,2023-02-09 09:36:18,39,39_morir_muerte_moribundo,7.244385,6.67781,9.348596,-1.7913047
2751,Olor a pólvora en el barrio,Violencia narco en Rosario,Narcotráfico; Rosario; Violencia,2023-02-10 10:26:03,41,41_pobreza_inmobiliario_habitante,9.274889,4.6748276,7.158969,-1.2027919
2752,La batalla de Lusail,Argentina - Países Bajos,Fútbol; Messi; Mundial de fútbol; Qatar 2022; Scaloneta,2023-02-13 12:37:15,2,2_fifa_futbolista_fútbol,10.673237,2.5432088,5.1451445,11.298807
2753,"Messi, Maradona y la argentinidad",Confusiones y disparates,Messi; Selección Argentina,2023-02-17 13:30:00,2,2_fifa_futbolista_fútbol,10.6752205,1.9779276,5.1679053,11.557518
2754,Llámame por mi nombre,Laboratorio de Periodismo Performático,Identidad Trans,2023-02-19 10:12:00,42,42_padre_papá_hijo,6.3815913,3.3952086,7.10251,-2.9391553
2755,"La incomodidad, ese fuego de ciertas preguntas",Una metodología de investigación eco-somática,Artes; Cuerpos; Escuela de Arte y Patrimonio; UNSAM,2023-02-19 12:33:00,24,24_arte_artes_art,7.199559,4.221363,12.549011,-2.346894
2756,Cambios en el mundo feliz de Silicon Valley,Despidos masivos en la industria digital,Inteligencia artificial; Trabajo,2023-02-22 14:42:51,17,17_innovación_tecnológico_tecno,7.5838075,6.532948,9.652346,1.596193
2757,Estar sin nacionalidad es como estar en un limbo,"Nicaragua: Ortega, deportados y geopolítica",Daniel Ortega; Internacional; Nicaragua,2023-02-24 15:32:28,10,10_boliviano_bolivia_político,10.378539,5.1581883,7.0814843,3.5529416
2758,Un nuevo realismo,"Fragmento de ""Ficciones""",Libros; UNSAM,2023-02-28 12:42:03,37,37_astrónomo_ciencia_universo,7.0741634,4.3569217,9.88637,0.2784446
2759,Ficciones contra la postverdad,"Markus Gabriel: imaginación, medios y ciencia",Ciencia; Libros,2023-02-28 12:50:25,37,37_astrónomo_ciencia_universo,7.114908,4.366842,10.282847,0.6150351
2760,Los dos Albertos,El presidente ante el Congreso,Alberto Fernández; Congreso; Cristina Fernández de Kirchner; Frente de Todos,2023-03-01 17:04:16,0,0_político_política_electoral,11.913786,6.3374434,8.525232,4.496695
2761,La paz es un sueño eterno,El orden mundial que viene,China; Estados Unidos; Guerra; Internacional; Rusia; Ucrania,2023-03-02 13:26:53,21,21_soviética_soviético_vladimir,11.109086,7.5758777,14.120615,4.183953
2762,La última batalla,Juicio político a la Corte,Alberto Fernández; Corte Suprema; Frente de Todos; Poder Judicial,2023-03-03 11:36:52,23,23_justicia_judicial_juzgado,11.235053,5.362903,10.690599,4.2995863
2763,Pedro Popstar,"Pascal, un chileno de linaje mundial",Chilenidad; HBO; Series; Zapping cultural,2023-03-06 14:11:34,18,18_chileno_chile_político,10.2111845,2.224186,3.7367368,3.6791308
2764,"No estamos desorientadas, estamos recalculando","8M, del calendario a la calle",8M; 8M: Paro internacional y plurinacional de mujeres y disidencias; Femicidios,2023-03-09 11:10:57,1,1_feminismo_feminista_patriarcado,4.9443717,2.7826078,10.42952,-4.6266513
2765,Todo debería ser maravilloso,Entrevista al líder indígena Ailton Krenak,Ailton Krenak; Brasil; Internacional,2023-03-10 10:29:44,20,20_ríos_río_arroyo,10.306615,3.859436,4.843623,-1.0796373
2766,¿Quién puede ver una peli de un tirón?,"Cine expandido, post-cine, fin del cine",Cine; Oscars; Pantallas; Zapping cultural,2023-03-10 12:40:00,34,34_película_personaje_actor,8.716611,2.8392358,11.064784,-2.047931
2767,Una vida con puertas y ventanas cerradas,"Puchuncaví, el humo en el cuerpo",Chile; Medioambiente; Puchuncaví; Sacrificadas,2023-03-10 15:43:25,19,19_periodista_periodístico_periódico,8.025932,2.2804651,9.2122345,-3.5507243
2768,Algo de vos llega hasta mí,Fito Páez cumple 60,Fito Páez; Libros; Música; Rock Nacional; Rosario; Rosariocronica,2023-03-13 12:34:33,22,22_música_musical_músico,8.316765,1.7809201,14.641249,-3.849977
2769,"El cuerpo, ese instrumento animado","Syd Krochmalny: striptease, capitalismo y subjetividades",Cuerpos; Libros,2023-03-13 15:13:14,1,1_feminismo_feminista_patriarcado,9.285316,2.5435047,11.342328,-2.7796278
2770,¿Quién quiere ser docente?,"Educación, docencia y crisis",,2023-03-16 13:48:44,5,5_pedagógico_enseñanza_escolar,5.8077903,5.48036,3.9159365,-3.5016463
2771,Under para siempre,Enrique Symns,,2023-03-17 08:48:00,19,19_periodista_periodístico_periódico,9.374421,2.7245812,12.390297,0.6152614
2772,Nunca me abandones,The Last of Us,Pedro Pascal; The last of us; Zapping cultural,2023-03-17 12:29:20,29,29_ficción_protagonista_personaje,7.1745563,6.4800606,10.475746,-2.0390158
2773,Todo fallo es político,Breve historia jurisprudencial de la Corte,Corte Suprema; Poder Judicial,2023-03-21 11:55:49,23,23_justicia_judicial_juzgado,10.04885,5.726784,11.240254,4.257421
2774,Merezco quedarme en este mundo,Anne Boyer y las testimoniantes del cáncer de mama,Libros,2023-03-22 10:19:59,39,39_morir_muerte_moribundo,6.6483545,3.4696138,9.480024,-2.1706576
2775,"Ella baila sobre el mar, ella se va","Trenque Lauquen, la nueva película de Laura Citarella",Cine; Feminismos; Zapping cultural,2023-03-23 10:12:59,29,29_ficción_protagonista_personaje,6.9723725,2.6773546,10.564079,-2.4414334
2776,El deseo y la liberación sexual como resistencia,“El Nunca Más de las locas”,Dictadura; LGBT; Libros,2023-03-23 13:00:24,20,20_ríos_río_arroyo,6.242862,4.2085853,5.3068495,-1.1671224
2777,"Los míos, los tuyos, los nuestros: todos desaparecidos",La chica que declaró en el juicio a las Juntas,24M: Día de la memoria por la verdad y la justicia; Derechos Humanos; Dictadura,2023-03-24 10:09:31,11,11_asesino_testimonio_testigo,8.73134,3.7835994,7.1457686,-2.68421
2778,Todo en todas partes al mismo tiempo,Entre el colapso del Silicon Valley Bank y la sequía local,Estados Unidos; Internacional; Sistema bancario,2023-03-28 09:29:25,4,4_déficit_deuda_endeudamiento,9.815552,8.405439,10.656431,5.5305243
2779,El sociólogo en busca del escritor,Carlos Zurita: recomendaciones de un profesor,Escuela IDAES; UNSAM,2023-03-28 14:04:29,3,3_literario_escritora_autor,7.4897957,3.5075197,10.226049,0.6619523
2780,El fútbol como un juego,Pablo Aimar,Qatar 2022,2023-03-29 10:18:57,2,2_fifa_futbolista_fútbol,10.251583,2.2316074,5.534112,11.523465
2781,Compañeras en la gran casa-matria,Laudatio para Dora Barrancos,Feminismos; UNSAM; Universidad pública,2023-03-31 12:24:09,5,5_pedagógico_enseñanza_escolar,5.959876,2.6738627,4.213472,-2.7127998
2782,Ella creía que nadie amaba sus poemas,Alejandra Pizarnik,Literatura; Pizarnik; Zapping cultural,2023-04-03 14:00:23,3,3_literario_escritora_autor,7.7376537,1.9961746,6.947636,-5.17235
2783,Las personas hablan cuando pueden,Abuso sexual infantil y poder,,2023-04-04 13:19:33,25,25_violencia_feminismo_feminista,6.090737,4.463845,8.530225,-4.2105966
2784,El camino de las soluciones iliberales,"El Salvador, nuevas derechas y punitivismo",Derechas; Derechos Humanos; El Salvador; Internacional; Liberalismo; Seguridad,2023-04-04 13:49:50,10,10_boliviano_bolivia_político,9.399607,6.0685215,7.4368505,4.149592
2785,Niñxs jugando con una bomba,Inteligencia Artificial,Inteligencia artificial,2023-04-05 15:16:19,17,17_innovación_tecnológico_tecno,7.5809903,7.067888,9.622993,1.5874958
2786,El niño cinéfilo,Damián Szifron,Cine; Zapping cultural,2023-04-12 10:21:05,29,29_ficción_protagonista_personaje,8.520462,2.8163247,10.971703,-2.0486426
2787,La mirada que desaparece entre píxeles,"Emilia Gutierrez: pintura, encierro, locura",Artes,2023-04-13 09:00:00,24,24_arte_artes_art,7.5653567,2.6212194,12.459689,-2.4025476
2788,Pensar la seguridad desde el miedo,¿Por qué el progresismo acepta las políticas de la derecha?,Patricia Bullrich; Seguridad; Sergio Berni,2023-04-13 10:34:44,6,6_asesinato_policía_policial,9.234971,5.490041,7.920033,-1.256542
2789,A la intemperie,El femicidio de María Isabel,Femicidios,2023-04-13 16:15:24,23,23_justicia_judicial_juzgado,8.787308,4.0782685,8.335224,-3.6452258
2790,La naturaleza política de la desilusión,La recta final del Frente de Todos,Frente de Todos; Javier Milei; Peronismo,2023-04-17 09:35:16,9,9_político_libertario_política,12.361049,5.7407384,8.627353,5.5965214
2791,Sequía de dólares,Glosario de la crisis: Economía ecológica,Crisis climática; Economía; Escuela IDAES; Glosario de la crisis,2023-04-18 11:18:50,12,12_economía_económico_futuro,8.460014,7.505481,8.294649,2.0375695
2792,Juntos por la revancha,Las cinco lecciones que dejó la experiencia de Cambiemos,Derechas; Elecciones 2023; Escuela IDAES; Juntos por el cambio,2023-04-19 13:10:50,0,0_político_política_electoral,11.862736,5.5416727,7.5830507,4.9884877
2793,"Rosario, ciudad bastarda","Desigualdad, violencia narco y ecocidio",Rosario; Rosariocronica; cultura; violencia narco,2023-04-21 10:19:51,41,41_pobreza_inmobiliario_habitante,9.139633,5.2421646,6.7753963,-0.7236129
2794,Eso que suena es la sociedad implosionando,"Crisis, ajuste y deuda",Elecciones 2023; Política,2023-04-24 10:51:28,0,0_político_política_electoral,9.105519,7.12208,8.771169,3.314088
2795,Etiquetado frontal para lxs bebés del futuro,"IA, reproducción asistida y transhumanismo",Inteligencia artificial; Reproducción asistida,2023-04-25 12:00:00,17,17_innovación_tecnológico_tecno,7.294298,6.940231,9.634937,0.9468197
2796,"Unificar o desdoblar, esa es la cuestión",Glosario de la crisis: qué hacer con el dólar,Glosario de la crisis,2023-04-26 11:20:54,4,4_déficit_deuda_endeudamiento,9.661611,8.435298,10.761822,5.681143
2797,"Alquilar: sótano siempre, nunca terraza","La casa, laboratorio para la producción de deudas nuevas",Alquileres; Inquilinxs; Ni Una Menos,2023-04-28 10:37:13,41,41_pobreza_inmobiliario_habitante,9.0628805,7.171482,6.876775,-0.31354505
2798,El multiverso Tapia,De San Juan a Qatar,Asociación del Fútbol Argentino; Fútbol; Mundial de fútbol; Qatar 2022; Selección Argentina,2023-05-02 11:06:51,2,2_fifa_futbolista_fútbol,10.919736,2.7581165,5.309807,11.189126
2799,"De Cartes a Payo, la transformación del tablero electoral",Paraguay: tereré y nuevas derechas,Derechas; Internacional; Liberalismo; Paraguay,2023-05-03 12:00:00,0,0_político_política_electoral,11.497473,4.6554766,7.5322614,5.6417894
2800,Sindicalismo y política: el futuro del cambio social,Francia: ajuste neoliberal y reforma jubilatoria,Francia; Internacional,2023-05-03 12:48:26,15,15_sindicalismo_reforma_político,9.593411,7.859757,6.6409636,1.6011792
2801,Antes era otra cosa,Los anteúltimos | El taller del Perro,Los Anteúltimos,2023-05-04 09:00:00,15,15_sindicalismo_reforma_político,7.2300234,4.9617963,6.9298544,0.062870026
2802,"“Buonasera, napoletani”",Napoli campeón: de Maradona a Osimhen,Fútbol; Internacional; Italia; Maradona,2023-05-05 11:26:41,2,2_fifa_futbolista_fútbol,10.25012,2.171601,5.6841764,11.440534
2803,La culpa no es nuestra,Arrasa la ultraderecha,La Conversa,2023-05-08 11:30:39,18,18_chileno_chile_político,11.018736,4.6846585,3.9736867,3.9261563
2804,Siga participando,Elecciones en Chile: nuevo proceso constituyente,7M; Nueva Constitución,2023-05-08 11:46:43,18,18_chileno_chile_político,10.366893,3.9791913,4.1510315,3.9922438
2805,"No falta trabajo, falta guita",Los anteúltimos | La pelu disidente,Los Anteúltimos,2023-05-10 10:00:00,15,15_sindicalismo_reforma_político,8.477132,3.5409224,6.914524,-0.21155469
2806,"Punitivismo, ese paradigma invisible","""El conflicto no es abuso"", de Sarah Schulman",Feminismos; Punitivismo,2023-05-11 09:35:47,3,3_literario_escritora_autor,9.676177,6.6234703,7.4650836,-4.7168126
2807,Un dandi soberano,Biblioteca Caparrós,,2023-05-12 13:35:04,19,19_periodista_periodístico_periódico,7.488012,2.429892,12.761087,0.8251729
2808,Me cuidan mis vecinos,Los anteúltimos | El Tiburón de Avellaneda,Los Anteúltimos,2023-05-15 08:30:00,15,15_sindicalismo_reforma_político,8.846416,5.9568605,7.1762295,0.260002
2809,El método Pagni,El columnista al que leen a ambos lados de la grieta,Feria del Libro; Periodismo; Política,2023-05-16 10:21:06,19,19_periodista_periodístico_periódico,8.963268,2.964124,9.646563,3.4364438
2810,Sabemos cómo vamos a morir,Narrar lo real: el gueto de Varsovia,Holocausto; Internacional; No ficción; Paco Ignacio Taibo II,2023-05-17 10:10:16,27,27_israel_netanyahu_israelí,9.395425,3.4399076,14.524887,6.2912188
2811,Retratos de una obsesión,Perfil de Marcelo Bielsa,Fútbol; Uruguay,2023-05-17 15:30:00,2,2_fifa_futbolista_fútbol,10.633955,2.2635248,5.379628,11.23508
2812,"El pueblo raver, en expansión",Buenos Aires electrónica,Buenos Aires; Fiesta anfibia; Música electrónica,2023-05-19 11:02:08,24,24_arte_artes_art,8.247131,2.9839978,14.387949,-3.5799983
2813,El Estado secreto,Debates para construir la democracia del futuro,Espionaje,2023-05-19 13:18:50,23,23_justicia_judicial_juzgado,10.056514,6.451649,11.0412445,4.0687976
2814,¡Se agrandó la familia! Las diversidades y lxs Ingalls,¿De qué viven? Encuesta sobre población LGBTIQ+,Cupo laboral trans; Encuesta De qué viven; LGBT,2023-05-22 10:00:00,1,1_feminismo_feminista_patriarcado,5.946127,4.2179594,9.628043,-4.702218
2815,"""La corrupción causa la falta de recursos""",Mito impuesto X,Mitos impuestos,2023-05-22 10:28:17,4,4_déficit_deuda_endeudamiento,9.994386,6.5741534,10.260221,5.6119
2816,"""Las inversiones llegarán cuando bajen los impuestos""",Mito impuesto IX,Mitos impuestos,2023-05-22 10:33:59,4,4_déficit_deuda_endeudamiento,9.342511,8.195746,10.323793,5.2252984
2817,"""El secreto fiscal es intocable""",Mito impuesto VIII,Mitos impuestos,2023-05-22 10:36:46,4,4_déficit_deuda_endeudamiento,9.987236,6.573923,10.510114,5.177413
2818,El kirchnerismo siempre está volviendo,20 años de la asunción de Nestor Kirchner,CFK; Elecciones 2023,2023-05-22 10:37:00,0,0_político_política_electoral,11.351614,6.202834,7.2958193,5.6541986
2819,"""Las grandes empresas son las que más aportan a la recaudación de impuestos""",Mito Impuesto VII,Mitos impuestos,2023-05-22 10:39:07,4,4_déficit_deuda_endeudamiento,9.2235985,8.147274,8.369541,2.1929295
2820,"""Para crecer hay que bajar los impuestos""",Mito impuesto VI,Mitos impuestos,2023-05-22 10:40:09,4,4_déficit_deuda_endeudamiento,9.303307,8.178441,10.698025,5.5985203
2821,"""Los impuestos no influyen en las desigualdades de género""",Mito impuesto V,Mitos impuestos,2023-05-22 10:41:35,4,4_déficit_deuda_endeudamiento,9.221477,8.1742935,10.547727,-4.5841813
2822,"""La presión fiscal nos está asfixiando""",Mito impuesto IV,Mitos impuestos,2023-05-22 10:42:00,4,4_déficit_deuda_endeudamiento,9.276782,8.168344,10.485757,5.240686
2823,"""Hay que pagar la deuda, cueste lo que cueste""",Mito Impuesto III,Mitos impuestos,2023-05-22 10:44:28,4,4_déficit_deuda_endeudamiento,9.600857,8.295258,10.68506,5.6384974
2824,"""La maquinita de imprimir billetes es la única responsable de la inflación""",Mito impuesto II,Mitos impuestos,2023-05-22 10:46:40,4,4_déficit_deuda_endeudamiento,9.428798,8.253661,10.728269,5.5936875
2825,"""Para que el país crezca hay que achicar el Estado""",Mito Impuesto I,Mitos impuestos,2023-05-22 10:47:43,4,4_déficit_deuda_endeudamiento,9.356976,8.033121,10.499456,5.2599006
2826,"Guía para leer el Manual de ""Mitos Impuestos""",Política Fiscal,Mitos impuestos,2023-05-29 13:36:19,4,4_déficit_deuda_endeudamiento,9.287225,8.145714,10.564462,5.4383664
2827,"Armar, desarmar y resistir",Los anteúltimos | La feria de Villa Domínico,Los Anteúltimos,2023-05-30 11:02:00,20,20_ríos_río_arroyo,8.632824,6.0337424,5.6230574,-1.2512318
2828,El poliamor después del amor,"Lali, la pop girl argentina",Pop; Zapping cultural,2023-05-31 11:50:34,22,22_música_musical_músico,6.9146266,2.5374513,14.801037,-4.0617023
2829,La agonía de la Argentina blanca,"Migración, racismo y poder",Alberto Fernández; Racismo en Argentina,2023-06-01 09:45:00,36,36_holocausto_terrorista_siria,9.931137,5.349839,8.074593,4.2407866
2830,Los bordes de la xenofobia,Migrantes y discriminación,LEDA-UNSAM; UNSAM,2023-06-01 11:30:00,4,4_déficit_deuda_endeudamiento,9.836248,5.118439,7.704782,2.6670554
2831,Una apuesta por el riesgo,LOS ANTEÚLTIMOS | Formas de hacer y escribir ciencias sociales,Escritura,2023-06-06 08:30:00,37,37_astrónomo_ciencia_universo,7.7309303,6.0796976,10.204971,0.96902514
2832,"Papi, mirame",Succession,Globos de Oro; HBO; Medios de comunicación; Series; Zapping cultural,2023-06-08 11:45:11,29,29_ficción_protagonista_personaje,7.3879175,2.384595,10.380539,-2.2362537
2833,El entrenador que busca enemigos,Qué tiene Pep Guardiola en la cabeza,España; Fútbol; Internacional,2023-06-09 10:17:37,2,2_fifa_futbolista_fútbol,10.840161,2.143362,5.133763,11.535754
2834,La hegemonía peronista se dobla pero no se rompe,Elecciones provinciales: ¿es con todos?,Elecciones 2023; UNSAM,2023-06-13 14:22:58,0,0_político_política_electoral,11.85182,5.948592,7.4068637,5.790088
2835,"Wado, el del campo (popular)",Perfil de Eduardo de Pedro,Elecciones 2023; La Cámpora; Política; Wado de Pedro,2023-06-14 12:35:04,0,0_político_política_electoral,11.58874,5.027669,7.2035728,4.6400623
2836,Sororidad en el cruce de saberes populares y académicos,Escuela Popular de Formación en Género,Feminismos; Territorio Educativo,2023-06-16 06:03:00,1,1_feminismo_feminista_patriarcado,5.928668,5.84163,9.559298,-4.373305
2837,Un futuro mejor posible,Formación profesional en la universidad,Territorio Educativo,2023-06-16 10:00:00,5,5_pedagógico_enseñanza_escolar,6.0053444,6.096071,3.6737401,-2.901806
2838,Esa necesidad de vivir bien,Observatorio Ambiental Carcova,Barrio Carcova; Medioambiente; Territorio Educativo,2023-06-16 10:02:00,5,5_pedagógico_enseñanza_escolar,8.427543,7.4050097,4.9518223,-1.8860116
2839,Una ecología de saberes,La Feria de Ciencias Humanas y Sociales en la UNSAM,Territorio Educativo,2023-06-16 11:26:34,5,5_pedagógico_enseñanza_escolar,6.0021653,6.061205,3.6263099,-3.3026962
2840,"La UNSAM no está en San Martín, es San Martín",¿Qué es el territorio educativo?,Territorio Educativo,2023-06-16 11:50:36,5,5_pedagógico_enseñanza_escolar,6.0489154,6.1041985,3.8436604,-3.128401
2841,Sin pan y sin trabajo,"Carcova, Cárcova: el barrio y el artista",Artes; Barrio Carcova; Territorio Educativo,2023-06-16 12:20:00,24,24_arte_artes_art,9.291899,5.4441204,12.873977,-2.1617634
2842,Montaje discontinuo de una gesta educativa,"Documental ""Un futuro posible""",Territorio Educativo; UNSAM,2023-06-16 12:21:00,5,5_pedagógico_enseñanza_escolar,6.035525,6.063923,3.6750734,-3.538058
2843,Apuntes transuniversitarios,Otros lenguajes para la universidad en la cárcel,Cárceles; Territorio Educativo,2023-06-16 12:23:00,5,5_pedagógico_enseñanza_escolar,6.092397,6.098923,3.9793897,-3.421264
2844,"Territorios indígenas, reforma y represión",Estallido en Jujuy,Derechos Humanos; Recursos naturales,2023-06-21 09:42:10,10,10_boliviano_bolivia_político,10.380547,5.8055997,7.7315874,3.0085454
2845,"No son lágrimas, son los gases",Jujuy: ¿Qué se entiende por paz social?,Docentes; Jujuy; Pueblos originarios; Represión,2023-06-21 14:38:00,5,5_pedagógico_enseñanza_escolar,11.089138,6.2169743,3.936883,-3.2607677
2846,Nadie escribe en soledad,Fronteras narrativas contemporáneas,Laboratorio de No Ficción Creativa; Libros; Literatura,2023-06-22 10:29:00,3,3_literario_escritora_autor,7.2383633,3.4166174,12.313463,-2.2065153
2847,Aunque fui un niño bueno nunca conocí a los reyes magos,Huelgas de hambre en Cuba,Cuba; Internacional; Laboratorio de No Ficción Creativa,2023-06-22 10:34:00,35,35_cubano_cubana_cuba,10.109641,3.6883836,5.6771836,2.93119
2848,"Madres cubanas, la vida cotidiana detrás de la Revolución",Archivos afectivos de la memoria,Cuba; Internacional; Laboratorio de No Ficción Creativa; Maternidades,2023-06-22 10:35:20,35,35_cubano_cubana_cuba,10.656035,3.731226,5.6721473,2.8936808
2849,Mi cuerpo es teoría y práctica,Perfil de Juan Ferraté,Cuba; España; Exilio; Filosofía; Internacional; Laboratorio de No Ficción Creativa,2023-06-22 10:45:00,3,3_literario_escritora_autor,8.842757,2.731568,6.7024093,-5.327644
2850,Aprendiendo a decirte hijo,Mundo no binario,Feminismos; Identidades no binarias; Internacional; LGBTIQ+; Laboratorio de No Ficción Creativa; México,2023-06-22 10:46:00,1,1_feminismo_feminista_patriarcado,5.5378013,3.8665836,9.47354,-3.3963711
2851,Tomar LSD y escribir un paper,El alcaloide que abrió las puertas de la percepción,Drogas; LSD; Laboratorio de No Ficción Creativa,2023-06-22 10:47:00,32,32_catástrofe_desastre_tragedia,7.79703,7.2188854,6.7936473,-1.6535292
2852,Los que escuchan el horror,Ciencia Forense,Guatemala; Internacional; Justicia; Laboratorio de No Ficción Creativa; crimen,2023-06-22 10:50:00,23,23_justicia_judicial_juzgado,9.138981,5.4548197,11.189559,4.172572
2853,En el malecón solo bailamos este son,"Reparto, el trap cubano",Cuba; Internacional; Juventudes; Laboratorio de No Ficción Creativa; Música; Trap,2023-06-22 10:54:00,22,22_música_musical_músico,10.715121,3.7092292,14.754496,-3.889304
2854,No agradeceré que no me mates,Racismo en Europa,Cuba; Internacional; Laboratorio de No Ficción Creativa; Racismo,2023-06-22 11:15:00,35,35_cubano_cubana_cuba,10.252403,3.8374784,5.7259755,2.9518442
2855,Los vuelos de Alicia,Hasta dónde es capaz de llegar una hija para encontrar a su madre,Internacional; Laboratorio de No Ficción Creativa; México,2023-06-22 11:22:06,33,33_submarino_marino_naufragio,8.815647,3.779457,4.0285273,0.17224787
2856,Leves gestos de la muerte,Cómo buscar a un desaparecido en Cuba,Cuba; Internacional; Laboratorio de No Ficción Creativa; Paternidades,2023-06-22 11:29:18,11,11_asesino_testimonio_testigo,9.755741,3.4870033,7.044999,-2.7499237
2857,El río de mi memoria,Capitalismo y extinción,Colombia; Internacional; Laboratorio de No Ficción Creativa; Violencias,2023-06-22 11:31:00,20,20_ríos_río_arroyo,8.578403,6.3758936,4.883829,-1.1908317
2858,El suicidio se detiene en comunidad,La depresión en el país más feliz de América Latina,Depresión; Internacional; Laboratorio de No Ficción Creativa; Suicidios; Uruguay,2023-06-22 11:35:00,20,20_ríos_río_arroyo,8.963229,7.56671,5.63001,-0.8346618
2859,El mar corre por mis venas,"Balseros cubanos, migración y memoria",Cuba; Exilio; Internacional; Laboratorio de No Ficción Creativa,2023-06-22 11:36:00,33,33_submarino_marino_naufragio,8.802792,6.015172,3.8314836,0.33947408
2860,La escuela de mucamas del Opus Dei,Más de 40 años explotando niñas en nombre de Dios,Argentina; Internacional; Laboratorio de No Ficción Creativa; Opus Dei,2023-06-26 10:44:00,5,5_pedagógico_enseñanza_escolar,6.920872,3.3852148,7.301968,-2.414441
2861,La conquistualidad permanente,Jujuy: de Vilcas y de dueños,Jujuy; Pueblos originarios; Represión,2023-06-26 12:59:26,0,0_político_política_electoral,10.405835,5.7125144,7.723678,4.5841255
2862,"""Para ganar hay que apostar""",La fórmula de unidad del peronismo,Cristina Fernández de Kirchner; Elecciones 2023; Peronismo; Sergio Massa,2023-06-26 18:17:11,0,0_político_política_electoral,11.12643,6.3560147,8.170446,5.2594995
2863,Donde no llega el peronismo llega Grabois,Unión por la Patria va a las PASO,Elecciones 2023; Juan Grabois; Peronismo; Sergio Massa; Unión por la Patria,2023-06-28 12:12:56,0,0_político_política_electoral,11.869311,5.1237526,8.320473,5.439606
2864,Cuando la realidad supera a Black Mirror,Distopía y deshumanización,Netflix; Series; Televisión; Zapping cultural,2023-06-29 13:18:41,17,17_innovación_tecnológico_tecno,7.1351237,5.9146304,9.828448,1.2965844
2865,La utopía de llegar a fin de mes,Fragmento de “¿Cómo hacen los pobres para sobrevivir?”,Libros,2023-07-04 10:21:24,15,15_sindicalismo_reforma_político,9.171592,6.835701,6.954188,-0.044511147
2866,"Teatro, arte, capillas, libertad, balbuceos y frenesí",En las trincheras de la imaginación,Artes; Fito Páez; Performance; Zapping cultural,2023-07-05 11:11:16,24,24_arte_artes_art,8.462186,1.8173745,12.767165,-2.2858942
2867,Los Rappi de Milei,La juventud militante de la derecha popular,Derechas; Elecciones 2023; Javier Milei; Juventudes,2023-07-10 10:51:56,9,9_político_libertario_política,8.769583,2.55832,9.18105,6.6190114
2868,¿Podrán los feminismos escapar a la sociedad de control?,Desafíos de un movimiento que se vuelve masivo,8M; Feminismos; Ni Una Menos,2023-07-11 14:02:01,1,1_feminismo_feminista_patriarcado,5.410057,3.2600148,8.986932,-4.3672366
2869,Un cuarto propio digital,Ley Olimpia,Feminismos; Violencia de género; Violencias,2023-07-12 13:48:48,1,1_feminismo_feminista_patriarcado,7.7699823,5.531637,9.187295,-4.0904245
2870,"Jujuy, postal de la Argentina frágil y en peligro","Litio, indígenas, grieta y pacto democrático",Elecciones 2023; Jujuy; Litio; Pueblos originarios,2023-07-17 13:26:00,10,10_boliviano_bolivia_político,11.135562,5.9945493,7.607822,3.588152
2871,"Nuevas fuerzas, nuevas caras",Elecciones 2023: PASO en Santa Fe,Elecciones 2023; Juntos por el cambio; Peronismo; Rosario; Rosariocronica; Santa Fe,2023-07-17 14:44:28,0,0_político_política_electoral,11.778046,5.390639,7.575361,5.424932
2872,Manifiesto contra la duda,"Chile: periodismo, dictadura y memoria histórica",Chile; Derechos Humanos; Internacional,2023-07-17 14:52:35,18,18_chileno_chile_político,8.576395,4.7874002,3.8577983,3.810514
2873,"Alquilar, odisea argentina",Radiografía de los inquilinos porteños,Alquileres; CABA; Elecciones 2023,2023-07-19 11:57:49,41,41_pobreza_inmobiliario_habitante,9.08346,7.186096,6.786091,-0.5388535
2874,"Muchachas, ahora nos volvimos a ilusionar",Mundial Femenino de Fútbol 2023,Feminismos; Fútbol; Fútbol femenino; Mundial femenino de fútbol,2023-07-20 11:04:45,2,2_fifa_futbolista_fútbol,10.881595,2.189404,5.9439745,11.743764
2875,La bomba de tiempo de Nolan,Oppenheimer,Cine; Globos de Oro; Zapping cultural,2023-07-21 13:22:32,29,29_ficción_protagonista_personaje,7.311385,6.596864,10.972954,-2.0609848
2876,"Pedro Sánchez, el sobreviviente",Elecciones en España,Derechas; Elecciones; España; Internacional; Izquierdas,2023-07-25 09:50:25,0,0_político_política_electoral,11.8053665,6.1946096,7.2427244,5.709355
2877,Los padres de la criatura,Los mentores de Milei,Derechas; Elecciones 2023; Javier Milei; Liberalismo,2023-07-26 11:18:37,9,9_político_libertario_política,12.526903,5.4657965,9.345414,7.1566877
2878,"Ir al frente, poner el cuerpo, tener aguante",Mundial Femenino de Fútbol 2023,Feminismos; Fútbol; Fútbol femenino; Mundial femenino de fútbol,2023-07-27 09:24:35,2,2_fifa_futbolista_fútbol,10.968545,2.1317563,5.950969,11.773117
2879,No hay nada mejor que una nena de goma,Barbie de Greta Gerwig,Barbie; Cine; Feminismos; Globos de Oro; Zapping cultural,2023-07-28 10:43:57,29,29_ficción_protagonista_personaje,6.799448,3.336489,10.764985,-2.241611
2880,De tal palo: César Aira y su madre escritora,Fragmento de “Donde nada se detiene”,Aira; Crónica; Libros,2023-07-31 13:54:17,3,3_literario_escritora_autor,7.9290824,2.1478598,6.636628,-5.1172576
2881,Una destreza cosmopolita,"Budassi: cultura pop, política internacional y literatura clásica",Crónica; Libros,2023-07-31 14:33:26,3,3_literario_escritora_autor,7.4763207,2.5183694,6.5904546,-5.3446474
2882,"Democratizar el fútbol, trabajar de futbolistas",Mundial Femenino Australia/Nueva Zelanda 2023,Feminismos; Fútbol; Fútbol femenino; Mundial femenino de fútbol,2023-08-03 09:42:38,2,2_fifa_futbolista_fútbol,11.008888,2.1424074,5.220473,11.5311775
2883,San Benito no es Bad Bunny,"Palermo, el barrio que sepultó su herencia afro",Gastronomía; Historia; Palermo,2023-08-04 12:22:18,41,41_pobreza_inmobiliario_habitante,9.311158,5.37918,6.534457,-0.971613
2884,Cómo funciona la economía barrani,Crisis e informalidad,Crisis; Economía,2023-08-07 11:28:09,4,4_déficit_deuda_endeudamiento,9.068328,7.631362,10.563604,5.165252
2885,Un pensamiento extremo y una acción prudente,Adiós a Mario Tronti,Izquierdas; Marxismo,2023-08-08 15:50:00,0,0_político_política_electoral,10.117109,3.8434744,8.445996,5.0244136
2886,¿Para qué sirve el arte?,"Persistencia de la pregunta por el arte, de Hernán Borisonik",Artes; Libros,2023-08-09 14:57:47,24,24_arte_artes_art,7.493444,3.9203072,13.095715,-2.1247032
2887,"Más bronca, más apatía",Crimen de Morena en Lanús,Lanús; Medios de comunicación; Policiales; Seguridad,2023-08-10 13:23:24,14,14_mediático_periodístico_político,10.140865,5.4710155,10.04362,3.1725578
2888,A la derecha no le alcanza una reforma laboral,Elecciones 2023,Derechas; Elecciones 2023; Juntos por el cambio; Trabajo,2023-08-11 11:36:58,15,15_sindicalismo_reforma_político,9.464043,7.4984803,6.3748345,1.3463377
2889,El desembarco de la violencia,La agenda de la (in)seguridad,,2023-08-11 15:49:42,0,0_político_política_electoral,10.4341,5.318921,9.190926,3.704629
2890,Ruge la leonera,"Milei, el candidato más votado en las PASO",Derechas; Elecciones 2023; Javier Milei; Juntos por el cambio; LEDA-UNSAM; Peronismo,2023-08-14 09:55:34,9,9_político_libertario_política,11.9166565,5.6525,9.34516,7.101883
2891,Corridos por derecha,Las PASO de Juntos por el Cambio,Derechas; Elecciones 2023; Horacio Rodríguez Larreta; Juntos por el cambio; Patricia Bullrich,2023-08-15 10:24:55,0,0_político_política_electoral,11.885697,5.7563963,7.8183002,5.8176036
2892,¿Puede Massa frenar la revolución Milei?,El peronismo de cara a octubre,Derechas; Elecciones 2023; Javier Milei; Peronismo; Sergio Massa; Unión por la Patria,2023-08-15 12:48:38,9,9_político_libertario_política,11.500185,5.5345297,9.316872,7.1419635
2893,Lo que cruje es la democracia,El triunfo de La Libertad Avanza en las PASO,Derechas; Elecciones 2023; Javier Milei; LEDA-UNSAM,2023-08-15 14:07:05,9,9_político_libertario_política,11.350206,5.8448076,8.881243,5.544072
2894,Un compañero para la Ciudad,El peronismo porteño,CABA; Elecciones 2023; Escuela IDAES; Peronismo,2023-08-17 15:16:24,0,0_político_política_electoral,11.8079,5.6446953,7.356607,5.394371
2895,11 tesis sobre Milei,"Cómo entender el ""voto anticasta""",Elecciones 2023; Javier Milei,2023-08-18 18:26:13,9,9_político_libertario_política,10.661491,5.728947,9.268796,6.757259
2896,Instantáneas del mundo atómico,"Oppenheimer: ciencia, tecnología y Estado",Ciencia; Cine; Energía nuclear; Estados Unidos,2023-08-22 14:26:56,21,21_soviética_soviético_vladimir,7.760557,6.9072886,7.2004943,2.722913
2897,El folclore soy yo,Soledad,Carrouselrosario; Folclore; Música; Rosario,2023-08-25 09:44:17,22,22_música_musical_músico,8.864534,1.8548061,14.721797,-4.110393
2898,Hacia una valoración de la diversidad,Integración migratoria,avina; chilemixto,2023-08-25 10:36:09,5,5_pedagógico_enseñanza_escolar,8.6679945,5.466145,3.9297068,-3.334027
2899,Una alternativa desde el Sur Global,El ingreso de Argentina al BRICS,Brasil; Internacional; UNSAM,2023-08-28 11:42:29,4,4_déficit_deuda_endeudamiento,9.136075,7.3890624,7.380016,3.0016356
2900,"Marrón, rural, arquitecto",Perfil de Alejandro Montero,UNSAM; Universidad pública,2023-08-30 10:04:14,5,5_pedagógico_enseñanza_escolar,6.0903506,5.6197457,6.8915396,-0.12032516
2901,Objeto comestible no identificado,Ley de etiquetado frontal,Ley de Etiquetado; Podcast,2023-08-30 10:37:00,7,7_aborto_abortar_anticonceptivo,8.309259,7.7820735,8.259128,1.7044009
2902,Postales random para un paisaje audiovisual electrónico,Digitalízame!,ARTLAB; Arte digital; Tecnologías; arteba,2023-08-30 11:11:59,24,24_arte_artes_art,7.29487,4.606528,13.144876,-1.9956448
2903,Los días más felices de los represores,De la ESMA a Sudáfrica,Derechos Humanos; Dictadura; ESMA; Internacional,2023-08-30 14:34:16,5,5_pedagógico_enseñanza_escolar,9.864883,4.5160866,4.664276,-2.641504
2904,"Cristina, el cero y el infinito",La sentencia contra Cristina Kirchner,Atentado a Cristina; Cristina Fernández de Kirchner; Poder Judicial,2023-09-01 09:25:00,0,0_político_política_electoral,10.321181,5.037381,9.360716,4.103099
2905,Tocar lo sagrado,Atentado a Cristina,Atentado a Cristina; Peronismo,2023-09-01 09:28:00,25,25_violencia_feminismo_feminista,9.092007,4.344699,9.322264,3.942873
2906,Que tengan miedo de ser kirchneristas,Revolución Federal por dentro,Atentado a Cristina; Liberalismo; Revolución Federal,2023-09-01 09:45:00,0,0_político_política_electoral,10.848685,5.80354,8.898396,4.7820425
2907,La mordida más feroz de Pablo Larraín,El Conde,,2023-09-04 10:37:42,18,18_chileno_chile_político,9.894492,3.6064816,11.721372,-2.1246223
2908,El mal negro,L-Gante preso,Racismo,2023-09-04 11:02:39,22,22_música_musical_músico,9.449449,2.3961866,7.4989867,-2.3114629
2909,Cómo mantener el deseo en un mundo efímero,La One: la vida de Moria Casán,Moria Casán; Shakespeare; Teatro; Zapping cultural,2023-09-05 10:36:00,1,1_feminismo_feminista_patriarcado,7.0488825,2.9074466,9.908289,-3.8575406
2910,Una mamushka inagotable,La One: la vida de Moria Casán,Moria Casán; Podcast,2023-09-05 11:41:43,24,24_arte_artes_art,6.970135,2.6724946,11.828012,-2.6269236
2911,"Desdolarizar, la madre de todas las batallas",Argentina y su inserción en la geopolítica internacional,BRICS; China; Estados Unidos; Internacional,2023-09-06 08:57:00,21,21_soviética_soviético_vladimir,10.933895,7.2751374,7.172068,2.7568643
2912,Cartografías del abandono,Desapariciones,Derechos Humanos; Libros,2023-09-07 10:08:36,15,15_sindicalismo_reforma_político,9.401136,3.6266224,10.078252,0.7538578
2913,Más ciencia para más desarrollo,El Conicet en la campaña electoral,Ciencia; Elecciones 2023; Javier Milei,2023-09-07 11:54:40,17,17_innovación_tecnológico_tecno,7.8975353,6.9755225,8.786496,1.792758
2914,La drag que habito,Dani Umpi: retrato de una popstar,Libros; Zapping cultural,2023-09-08 10:22:36,24,24_arte_artes_art,8.745699,2.0907412,14.559446,-3.5519497
2915,¿La dictadura fue un invento?,Negacionismo: a 50 años del golpe en Chile,Chile; Derechos Humanos; Dictadura; Internacional; Negacionismo,2023-09-08 11:01:18,18,18_chileno_chile_político,10.614752,4.1978636,3.7145216,3.7830057
2916,Documentos que todo lo saben,A 50 años del golpe en Chile: los archivos secretos de Álvaro Puga,Archivos Puga; Dictadura,2023-09-11 09:20:00,3,3_literario_escritora_autor,8.697511,5.1428866,9.53674,3.3689756
2917,El tetón patrio de la cultura popular,Moria: la femme fatal del cine argentino,Cine; Moria Casán; Zapping cultural,2023-09-12 10:46:32,29,29_ficción_protagonista_personaje,7.038667,2.7699912,10.542137,-2.4561346
2918,No es tan sencillo marginar a las disidencias,"Movilización social, ambiente y democracia",Agua; Ambientalismo; Democracia; Litio,2023-09-12 14:24:38,20,20_ríos_río_arroyo,9.150002,6.879336,7.756835,3.0197437
2919,Las máquinas lectoras,Una ficción (no tan) distópica,Ficción; Inteligencia artificial,2023-09-14 09:32:09,17,17_innovación_tecnológico_tecno,6.652359,6.2115927,9.731936,1.5187634
2920,Cuándo nos robaron la primavera progresista,¿Quién canaliza las pasiones tristes?,Elecciones 2023; Hegemonía; Javier Milei; Juntos por el cambio; Peronismo; Progresismo,2023-09-15 09:45:24,9,9_político_libertario_política,12.306001,5.6021175,9.166293,6.3179274
2921,La heredera de Sanders,Alexandria Ocasio-Cortez,Estados Unidos; Internacional; Perfil político,2023-09-15 11:06:00,35,35_cubano_cubana_cuba,12.033726,6.0098796,6.7284994,2.8807378
2922,"Corrupción, un asunto de derechos",Revertir la captura del estado para fortalecer la democracia,Corrupción; Elecciones 2023; Mitos impuestos,2023-09-18 09:10:29,4,4_déficit_deuda_endeudamiento,9.294564,8.070543,10.203123,5.4903164
2923,Qué hacemos con las PASO,"¿Eliminación, reforma o continuidad?",Elecciones; PASO,2023-09-18 09:56:51,0,0_político_política_electoral,10.7403965,5.668268,7.5516562,5.415695
2924,Mi madre es otra,Esquizofrenia y lazos emocionales,Brasil; Chile; Esquizofrenia; Internacional; Laboratorio de No Ficción Creativa; Maternidades; Narrativas; Salud mental,2023-09-20 11:43:00,42,42_padre_papá_hijo,6.3505383,4.1029334,7.006053,-2.8950205
2925,"Inteligencia artificial, pero a qué costo",Propuestas y estrategias desde el Sur Global,Inteligencia artificial,2023-09-21 09:30:16,17,17_innovación_tecnológico_tecno,7.3186607,6.595153,9.591992,1.5993291
2926,Un elogio del inconveniente,"Cielo Rojo, la última película de Christian Petzold",Cine; Zapping cultural,2023-09-22 10:30:33,29,29_ficción_protagonista_personaje,7.264864,3.101982,10.852583,-2.0938199
2927,Decálogo Wainfeld,Adiós a un maestro del periodismo político,Periodismo,2023-09-22 10:31:00,19,19_periodista_periodístico_periódico,8.137442,4.323401,12.6321125,1.5535895
2928,Salute,Despedida a Mario Wainfeld,Mario Wainfeld; Medios de comunicación; Periodismo,2023-09-22 14:24:20,3,3_literario_escritora_autor,8.264972,4.3118286,9.467815,3.340506
2929,Retrato de una fan incondicional,Mi autobiografía con Suede,,2023-09-25 11:10:16,22,22_música_musical_músico,8.37385,1.816804,14.775313,-4.2240295
2930,Soy trasplantada,Donación de órganos,Trasplante de órganos,2023-09-25 11:16:02,39,39_morir_muerte_moribundo,7.1925592,7.50395,8.677942,-0.69014275
2931,"Zambra, el escritor que habla en puntas de pie",Literatura del despojo,Alejandro Zambra; Chile; Literatura; Zapping cultural,2023-09-29 10:00:00,3,3_literario_escritora_autor,8.362589,2.3573804,6.661491,-4.9470987
2932,La ficción es una pista de despegue,"Jonathan Franzen, el hombre que mira a los pájaros",FILBA; Ficción; Internacional; Libros; Zapping cultural,2023-09-29 10:29:47,3,3_literario_escritora_autor,7.471756,2.6348548,6.640994,-5.3370013
2933,Un animal salvaje y cautivo,Laboratorio de Periodismo Performático,Periodismo performático,2023-09-29 15:51:31,19,19_periodista_periodístico_periódico,7.6157355,4.4347,13.000846,0.9813243
2934,¿Cómo se construye un candidato?,Debate presidencial,Elecciones 2023; Javier Milei; Patricia Bullrich; Sergio Massa,2023-10-03 10:57:02,9,9_político_libertario_política,12.126021,6.4494104,7.316842,7.3876457
2935,La casta es el otro,El voto libertario: un deseo de igualitarismo radical,Derechas; Elecciones 2023; Javier Milei,2023-10-03 13:12:25,9,9_político_libertario_política,12.306488,5.394294,8.940947,5.7559533
2936,El punto ciego del progresismo,ARA San Juan,,2023-10-03 16:15:00,33,33_submarino_marino_naufragio,9.553879,6.19179,3.7468538,0.41760573
2937,"Enemigo de Allende, opositor a Pinochet, frenteamplista y peronista",Todas las vidas de Roberto Thieme (1942-2023),Chile; Internacional,2023-10-04 12:02:15,18,18_chileno_chile_político,11.573935,4.8209386,3.8255067,3.826949
2938,Volver a la sociología,Discursos de odio. Una alarma para la vida democrática,Discursos de odio; LEDA-UNSAM,2023-10-05 11:14:31,28,28_futuro_pandemia_crisis,8.025458,5.2504625,8.863399,3.1014972
2939,Ciudad de ecos electrónicos,Mutek: música para bailar y contemplar,,2023-10-06 14:32:58,22,22_música_musical_músico,8.8543005,1.8463753,14.541269,-3.660775
2940,Leer en la espuma de las olas,El mar en la literatura argentina,ARA San Juan,2023-10-09 10:55:36,33,33_submarino_marino_naufragio,8.775056,5.993371,3.8025424,0.36429882
2941,La derecha no perdona,Entrevista a Álvaro García Linera,Bolivia; Derechas; Internacional; Progresismo,2023-10-11 09:44:08,10,10_boliviano_bolivia_político,11.425159,4.323822,7.664621,3.87201
2942,La trampa del mal mayor,Israel y Hamás en guerra,Guerra; Internacional; Israel; Palestina,2023-10-11 19:27:37,27,27_israel_netanyahu_israelí,11.194303,8.16044,14.62837,6.422897
2943,Una nación llamada Basura,Eduardo Galeano y el colapso climático,Ambiente; Crisis climática; Libros,2023-10-13 12:02:52,20,20_ríos_río_arroyo,8.321963,6.041421,5.161018,-0.6277051
2944,"Sí, pero",La vuelta del antisemitismo de siempre,Internacional; Israel; Palestina,2023-10-17 11:56:48,27,27_israel_netanyahu_israelí,11.218463,8.176128,14.638564,6.4330807
2945,Un techo para mi inflación,La Argentina post 10 de diciembre,Elecciones 2023; Inflación,2023-10-18 11:03:20,4,4_déficit_deuda_endeudamiento,9.635809,8.253082,10.36844,5.5994253
2946,Sin plásticos no hay ecología,La materialidad poshumana y colonizadora,Arte; Naturaleza; Plástico,2023-10-19 09:22:57,28,28_futuro_pandemia_crisis,7.7881837,7.3502254,10.222252,-0.09551802
2947,La generación saturada,Entrevista a Ofelia Fernández,Feminismos; Peronismo; Progresismo; Unión por la Patria,2023-10-19 10:48:06,0,0_político_política_electoral,5.5632267,2.9723809,8.720635,4.826026
2948,Mamushka de democracias,Participación política y liderazgos LGBTTINB+,Elecciones 2023; LGBTTINB+,2023-10-20 13:18:35,1,1_feminismo_feminista_patriarcado,6.046125,4.256531,9.520029,-4.6006994
2949,El ADN sobreviviente,La remontada del peronismo,Elecciones 2023; Peronismo; Sergio Massa; Unión por la Patria,2023-10-23 11:27:50,9,9_político_libertario_política,11.875698,5.6418796,9.135313,6.7224283
2950,Una festejadita y a seguir,Peronismo contra la derecha porno,Elecciones 2023; Peronismo; Sergio Massa,2023-10-24 09:47:43,0,0_político_política_electoral,11.637713,6.034106,7.4350753,3.7173083
2951,Trampa y trampolín,¿Quién es Milei sin dolarización?,Derechas; Elecciones 2023; Javier Milei,2023-10-25 09:32:37,9,9_político_libertario_política,9.684319,8.42604,9.401847,7.0374074
2952,Dios atiende en Buenos Aires,La política nacional se irradia desde el AMBA,Elecciones 2023; Javier Milei,2023-10-26 09:11:39,0,0_político_política_electoral,11.155459,5.4699607,8.252829,5.835703
2953,"Acabo de llegar, no soy un extraño",Almodóvar: la ley y el deseo,Cine; Pedro Almodóvar; Tecnologías de género; Zapping cultural,2023-10-27 10:03:19,29,29_ficción_protagonista_personaje,7.016792,2.3638499,10.504895,-2.4612782
2954,Un peronista de Fiorito,Murió Diego Maradona,Diego Maradona,2023-10-30 07:31:00,2,2_fifa_futbolista_fútbol,9.939108,2.393792,5.3393526,11.4843645
2955,La muerte de nuestro dios plebeyo,Diego Maradona,Diego Maradona,2023-10-30 10:09:00,2,2_fifa_futbolista_fútbol,9.986729,2.3655515,5.7410827,11.5867815
2956,"A la derecha, la pared",La cartografía política argentina se transforma,Derechas; Elecciones 2023; Javier Milei; Juntos por el cambio,2023-10-30 11:01:26,0,0_político_política_electoral,11.7072115,6.384968,7.424043,5.6870294
2957,"Muy hablados, poco escuchados",El voto de las juventudes,Elecciones 2023; Javier Milei; Juventudes,2023-10-31 12:49:25,9,9_político_libertario_política,9.04279,7.7132535,8.878835,5.525394
2958,Los likes no son votos,Las campañas de Massa y Milei en las redes,Elecciones 2023; Javier Milei; Redes sociales; Sergio Massa,2023-11-01 09:53:24,9,9_político_libertario_política,12.30827,5.855035,10.165133,2.9106798
2959,"“Estamos en democracia, ¿qué más quieren?”",40 años de Clics modernos,Charly García; Democracia; Música,2023-11-03 09:23:58,22,22_música_musical_músico,8.657309,1.7623531,15.005995,-4.0797124
2960,Sin control: el universo de Javier Milei,Una alianza entre El País y Anfibia,El País; Javier Milei; Podcast,2023-11-05 20:21:02,9,9_político_libertario_política,12.487291,5.5920777,9.333919,7.1053653
2961,La libertad desesperada,Entrevista a Íñigo Errejón,España; Internacional; Progresismo,2023-11-08 12:22:00,0,0_político_política_electoral,12.287093,5.312998,8.882831,5.311386
2962,Mi éxito es todo mío,Taylormanía,Derechas; Feminismos; Música,2023-11-09 12:02:51,22,22_música_musical_músico,6.750865,2.4747024,14.848056,-3.9908364
2963,Equilibrios inestables,Conquistar al electorado en tiempos de polarización afectiva,Elecciones 2023,2023-11-14 11:48:50,9,9_político_libertario_política,12.306147,5.9243355,9.178659,6.723924
2964,Tony Montana flota en el Paraná,Cocaína y negocios en los puertos del Gran Rosario,Narcotráfico; Rosario; Rosariocronica; Seguridad,2023-11-15 17:03:17,20,20_ríos_río_arroyo,9.342633,4.533595,4.9953814,-1.0068524
2965,El apocalipsis ya pasó,Futuro imperfecto,Futuro Imperfecto,2023-11-17 09:16:00,28,28_futuro_pandemia_crisis,7.9038386,7.1080995,10.220697,-0.047288775
2966,Mercado libre educativo,El programa privatizador de Milei,Chile; Elecciones 2023; Javier Milei,2023-11-17 13:29:35,5,5_pedagógico_enseñanza_escolar,5.9649715,5.949954,3.6493971,-3.218744
2967,"El que se queda quieto, pierde",El triunfo de Milei,Elecciones 2023; Javier Milei; Sergio Massa,2023-11-20 01:00:00,9,9_político_libertario_política,12.251515,5.32962,8.924745,6.0442157
2968,Nada fue suficiente,El triunfo de Milei,Elecciones 2023; Javier Milei; Sergio Massa,2023-11-20 02:11:29,9,9_político_libertario_política,12.132966,6.107294,9.335596,7.0355153
2969,Tecnologías en el arte contemporáneo,Crónica de una reconciliación anunciada,Arte; Arte digital; Futuro Imperfecto; Inteligencia artificial,2023-11-21 11:40:42,24,24_arte_artes_art,7.177329,5.3007193,13.127777,-2.1165519
2970,Un tutorial para entender el mundo,"FUTURO IMPERFECTO: arte, periodismo, tecnología",Futuro Imperfecto,2023-11-22 14:47:35,24,24_arte_artes_art,8.017511,5.2256417,12.478639,-0.06734915
2971,El sofista,Juan Román Riquelme,Boca Juniors; Fútbol; Juan Román Riquelme; Mauricio Macri; Medios de comunicación,2023-11-27 09:18:00,2,2_fifa_futbolista_fútbol,8.482978,4.5216656,5.5900016,11.217812
2972,El sueño de la república alberdiana,Otro desierto para la nación argentina,Derechas; Elecciones 2023; Feminismos; Javier Milei,2023-11-27 12:55:09,0,0_político_política_electoral,10.589773,5.931283,8.652002,4.6664486
2973,En el rincón de mis tetas,¿El tamaño importa?,,2023-11-29 12:49:20,37,37_astrónomo_ciencia_universo,6.3014255,3.6035373,9.948299,0.11335249
2974,Ser el raro,Código azul: descubrí que soy autista,Autismo,2023-11-30 11:10:00,5,5_pedagógico_enseñanza_escolar,9.225222,3.5029757,7.2231817,-2.4027627
2975,¿Cómo suena un río pavimentado?,Mapa sonoro de los arroyos urbanos,Arroyos urbanos; Arte Ciencia y Tecnoceno; Mapas sonoros; Ríos entubados,2023-12-01 10:02:30,20,20_ríos_río_arroyo,9.061318,2.5663068,5.0242968,-1.141937
2976,El 17 de octubre de Riquelme,Elecciones en Boca,Boca Juniors; Fútbol; Juan Román Riquelme; Mauricio Macri,2023-12-04 11:19:16,2,2_fifa_futbolista_fútbol,11.8616,5.446345,7.1374483,5.9604406
2977,Una catástrofe anunciada,"Milei, presidente electo",Derechas; Elecciones 2023; Javier Milei; LEDA-UNSAM,2023-12-07 12:11:47,0,0_político_política_electoral,10.580765,6.823925,8.7784605,5.3967557
2978,El monstruo de lo real,El detrás de escena de Gran Hermano,Gran Hermano; Televisión,2023-12-12 09:59:00,29,29_ficción_protagonista_personaje,7.16143,3.5717595,7.246477,-1.9498159
2979,El pueblo mileísta,Argentina tiene nuevo presidente,Elecciones 2023; Javier Milei,2023-12-13 10:21:12,9,9_político_libertario_política,12.280781,5.3801537,9.31272,7.133774
2980,"Con la democracia se lucha, con la red se cuida",40 años de conquistas feministas,Democracia; Feminismos; UNSAM,2023-12-14 15:39:13,1,1_feminismo_feminista_patriarcado,6.562553,2.7020297,10.185031,-4.9731655
2981,Nunca votaría por alguien que te hace daño,Un diálogo constitucional,Chile; Convención Constituyente; Internacional; La Conversa,2023-12-15 09:49:37,18,18_chileno_chile_político,10.926142,4.6376686,3.8123708,3.8567684
2982,Chile y el fracaso constituyente,"Plebiscito: ganó el voto ""En Contra""",Chile; Internacional; La Conversa; Proceso Constituyente,2023-12-17 21:36:48,18,18_chileno_chile_político,10.899896,4.6860433,4.002538,3.9359028
2983,Un mes para toda la vida,¿Qué es un Mundial?,Fútbol; Messi; Mundial de fútbol; Qatar 2022,2023-12-18 09:00:00,2,2_fifa_futbolista_fútbol,10.744389,2.1806371,5.362019,11.6123905
2984,Arrasados por el viento,Temporal en Bahía Blanca,Bahía Blanca; Cambio climático,2023-12-19 14:20:22,41,41_pobreza_inmobiliario_habitante,8.222556,6.5704885,6.520577,-0.7859334
2985,Sin imágenes no hay memoria,El fotoperiodismo en democracia,Democracia; Fotografía; Fotoperiodismo,2023-12-21 10:52:11,26,26_fotoperiodismo_retratar_retrato,8.107896,3.5686023,12.864729,-3.3863947
2986,El regreso de las cacerolas,Las primeras movilizaciones contra Milei,2001; Derechas; Javier Milei,2023-12-21 14:41:26,9,9_político_libertario_política,10.941407,5.2471514,8.932243,6.5062838
2987,Hay más,Ni capitalismo blando ni capitalismo vampiro,Capitalismo; Derechas; Derechos Humanos; Socialismo,2023-12-22 16:01:06,24,24_arte_artes_art,9.782724,6.8116584,10.506425,0.11748297
2988,Lo dijo y lo hizo,El DNU de Milei: un salto al vacío,Derechas; Javier Milei,2023-12-22 17:30:00,9,9_político_libertario_política,10.853011,6.632974,8.799134,5.8965745
2989,Toda herencia es pesada,Linajes familiares y legados políticos,Democracia; Teatro; Zapping cultural,2023-12-26 09:41:29,4,4_déficit_deuda_endeudamiento,10.637087,6.260327,8.3134365,-2.0730555
2990,"Estoy cansado, jefe",Burn out: un ensayo sobre la angustia colectiva,Salud,2023-12-27 10:47:57,15,15_sindicalismo_reforma_político,9.449188,7.748582,6.3398056,1.3183091
2991,"Más rápido, más furioso",Cinco apuntes sobre el ajuste de Milei,Derechas; Javier Milei; La Libertad Avanza; Liberalismo; Peronismo,2023-12-29 10:34:49,9,9_político_libertario_política,10.758816,6.749552,9.081397,6.36253
2992,Domar la vista,"""Estúpidos espantapájaros”, de Mariana Telleria",Artes; Rosariocronica; Zapping cultural,2024-01-03 09:55:46,24,24_arte_artes_art,8.124762,3.712806,12.960444,-2.1797624
2993,¿Qué hago con mis embriones guardados?,"Reproducción asistida, subjetividad, derechos",Maternidades; Salud,2024-01-04 13:09:21,39,39_morir_muerte_moribundo,4.396836,3.5921795,9.232899,-1.6956527
2994,Versiones del fin del mundo,"Testosterona, la obra de Lorena Vega y Cristian Alarcón",Artes; Periodismo performático; Teatro,2024-01-05 15:00:49,24,24_arte_artes_art,6.301199,3.5116096,11.488524,-2.7262137
2995,La mirada anfibia,2023: el año ilustrado,Arte; Ilustraciones,2024-01-08 11:43:02,24,24_arte_artes_art,7.64578,3.5917988,13.130012,-2.139174
2996,El regreso de los dioses desterrados,"Leda, la sanadora rosarina",Carrouselrosario; Fe; Religión; Rosario; Rosariocronica,2024-01-10 12:04:31,40,40_manifestación_feminista_multitud,10.217456,3.9922047,-1.7648917,7.679715
2997,El Estado se desvanece,Violencia narco en Ecuador,Ecuador; Internacional; Narcotráfico,2024-01-11 09:52:11,10,10_boliviano_bolivia_político,9.301617,6.4943304,7.4837074,3.8920884
2998,El péndulo inflacionario,Del enfoque monetarista a las teorías heterodoxas,Economía; Inflación,2024-01-11 17:07:33,4,4_déficit_deuda_endeudamiento,9.602315,8.352154,10.679032,5.445147
2999,La conquista de lo inútil,La Sociedad de la Nieve o la pulsión por la experiencia,Cine; Zapping cultural,2024-01-17 11:52:19,29,29_ficción_protagonista_personaje,7.7420044,3.129282,10.877188,-2.082622
3000,"El jardín mental, ese terreno fértil","Testosterona, la obra de Lorena Vega y Cristian Alarcón",Laboratorio Periodismo Performàtico; Testosterona,2024-01-17 14:12:51,19,19_periodista_periodístico_periódico,5.693724,3.6771483,12.451918,0.561199
3001,"Periodismo en urgencia, democracia en crisis",,Internacional; Periodismo,2024-01-17 16:16:07,19,19_periodista_periodístico_periódico,7.7469196,5.03148,12.740562,1.2769128
3002,Hacer de esta nación un desierto,Milei y su visión de la historia,Historia; Javier Milei,2024-01-18 11:27:21,9,9_político_libertario_política,10.66483,6.4530706,9.373074,7.127696
3003,Nostalgia por un reino sin memoria ni lenguaje,Escaparse al bosque con Patricio Pron,Bosque; Naturaleza,2024-01-18 17:51:04,3,3_literario_escritora_autor,7.485493,2.5204165,6.9501004,-5.143021
3004,El manejo del fuego,Incendios forestales: entre el DNU y la sabiduría ígnea,DNU; Incendios forestales,2024-01-22 21:51:23,32,32_catástrofe_desastre_tragedia,8.571559,6.9710793,6.0989404,-1.046077
3005,Nunca se llega a ser varón,Pedagogías de la masculinidad,Libros; Masculinidades; Rosariocronica; Zapping cultural,2024-01-23 09:31:41,1,1_feminismo_feminista_patriarcado,5.8676267,3.5222948,9.814855,-4.390775
3006,Las fuerzas del suelo,Claves para descifrar los mil pedazos de la oposición,Javier Milei; Juntos por el cambio; Peronismo; Sindicalismo,2024-01-25 11:02:16,9,9_político_libertario_política,12.394587,5.9526253,9.032339,6.6823754
3007,La cultura en la contienda,Ley Ómnibus y políticas culturales,DNU; Javier Milei; Ley Omnibus,2024-01-29 14:38:54,24,24_arte_artes_art,10.281229,5.9435444,12.497839,-1.8597933
3008,No volvamos a ser Potosí,Acuerdo de libre comercio en economía digital,Tecnologías,2024-01-30 11:45:08,17,17_innovación_tecnológico_tecno,7.5746393,6.391208,9.898618,1.5759052
3009,Mangamorfosis latinoamericana,Animés: del nicho al maisntream,Cine; Zapping cultural,2024-02-02 12:44:28,18,18_chileno_chile_político,7.5322933,5.1332417,10.36517,-0.13584736
3010,A toda rosca,Debate de la Ley Ómnibus,Derechas; Javier Milei; Ley Omnibus,2024-02-02 18:36:40,9,9_político_libertario_política,12.14012,6.2011423,9.358093,7.122972
3011,Un voto contra la violencia,Bukele se autoproclama ganador,Derechas; El Salvador; Internacional,2024-02-06 11:10:50,9,9_político_libertario_política,11.505056,4.377224,8.981424,6.399205
3012,La falsa eficacia del modelo Bukele,Una alternativa para América Latina,Bukele; El Salvador; Internacional,2024-02-06 15:08:00,10,10_boliviano_bolivia_político,9.603232,5.8841615,7.664622,4.202467
3013,Un derechista atípico,Murió Sebastián Piñera,Chile; Derechas; Internacional; Sebastián Piñera,2024-02-06 21:28:56,18,18_chileno_chile_político,10.276435,3.7802494,4.070566,3.9425228
3014,Sin política y sin ley,La primera derrota de La Libertad Avanza,Congreso; Javier Milei; Ley Ómnibus,2024-02-07 10:45:02,9,9_político_libertario_política,12.500421,5.7523866,8.935137,6.5146766
3015,No los une el espanto,La derecha y su grieta,Derechas; Feminismos; Javier Milei,2024-02-09 12:14:10,9,9_político_libertario_política,12.2381315,5.308563,9.470702,6.7194867
3016,Escribir hasta desaparecer,Crónica de una ghostwriter,Escritura; Ficción; Libros; Literatura,2024-02-14 10:12:17,3,3_literario_escritora_autor,7.3865657,2.6237066,6.6471224,-4.598998
3017,El presidente Troll,El estilo de comunicación de Milei,Derechas; Javier Milei; Redes sociales,2024-02-15 09:39:00,9,9_político_libertario_política,12.325567,5.3867416,9.285189,6.661985
3018,¡Decime que es fake!,Un nuevo lenguaje de época,Comunicación política; Derechas; Redes sociales,2024-02-15 11:26:52,0,0_político_política_electoral,10.615225,6.5979705,8.346695,4.9731007
3019,Espiritualmente judío,Lo religioso es político,Derechas; Javier Milei; Religión,2024-02-16 11:42:07,27,27_israel_netanyahu_israelí,11.19949,7.8804297,14.613314,6.4156294
3020,"Corre, corre, inúndalos a todos",Ciencia ficción y crisis ambiental,Ambiente; América Latina; Literatura,2024-02-21 13:14:00,20,20_ríos_río_arroyo,8.020791,5.9733133,4.8406854,-1.1781882
3021,Gramsci vuelve,Ciudad Futura y la batalla por el tiempo,Ciudad Futura; Derechas; Rosario; Rosariocronica,2024-02-22 12:55:36,0,0_político_política_electoral,12.1662,5.5314193,8.678633,5.7142534
3022,Fuera del tiempo,"“The Holdovers”, candidata al Oscar",Cine; Premios Oscar,2024-02-23 06:57:34,29,29_ficción_protagonista_personaje,7.126541,3.4260705,10.756578,-2.1056397
3023,Doce fibras y unos lápices de colores,Los caídos del sistema,Pobreza,2024-02-23 10:40:39,11,11_asesino_testimonio_testigo,6.519498,5.3607783,7.4497423,-1.6733973
3024,"Rosario, aquella noche que ya fue",Resistencia cultural en una ciudad noctámbula,Noche; Rosariocronica; cultura,2024-02-26 12:26:57,24,24_arte_artes_art,8.615683,5.0937896,14.123861,-3.4993424
3025,El fuego y el combustible,Milei vs. gobernadores: historia de un divorcio,Javier Milei; Provincias,2024-02-27 12:29:25,0,0_político_política_electoral,11.848872,6.262968,8.108139,5.5959353
3026,¿Quién les va a pagar a los docentes?,Sin FONID y sin paritarias,Docentes,2024-02-28 11:15:04,5,5_pedagógico_enseñanza_escolar,5.785524,5.7102113,3.6519096,-3.1296928
3027,Un pacto para sobrevivir,Milei en el Congreso,Congreso; Derechas; Javier Milei,2024-03-02 00:06:39,9,9_político_libertario_política,12.267289,5.33806,8.814782,6.126493
3028,Dame el fuego de tu amor,Una campaña para recuperar la redacción de Anfibia,Incendio,2024-03-05 20:58:25,19,19_periodista_periodístico_periódico,7.6747355,4.8000317,12.306764,0.6277619
3029,Cómo afrontar la crueldad organizada,8M,8M; Rosariocronica,2024-03-07 16:05:37,1,1_feminismo_feminista_patriarcado,4.9612713,2.8796785,10.061773,-4.84448
3030,La vieja moda de explicar todo,8 de marzo,8M; 8M: Paro internacional y plurinacional de mujeres y disidencias; Aborto Legal; Derechas; Feminismos; Internacional,2024-03-08 10:56:42,1,1_feminismo_feminista_patriarcado,5.3521047,3.0834432,10.010543,-4.871557
3031,Fragmentos de un discurso amoroso,"“Past lives”, candidata al Oscar",Cine; Premios Oscar; Zapping cultural,2024-03-08 12:52:16,29,29_ficción_protagonista_personaje,5.6080794,4.1845818,10.670031,-2.1244664
3032,"Un rosario de balaceras, miedo y falopa",¿Por qué el negocio narco es tan violento en la ciudad?,Narcotráfico; Rosario; Rosariocronica; Seguridad; Violencia,2024-03-10 10:00:00,25,25_violencia_feminismo_feminista,9.301503,5.056819,8.046269,-1.3638555
3033,Zona de sacrificio,Rosario paralizada por la violencia,Narcotráfico; Rosario; Rosariocronica; Violencia,2024-03-11 12:43:07,41,41_pobreza_inmobiliario_habitante,9.306556,4.694169,6.92613,-0.72160137
3034,Las hermanas bastardas,¿Se puede ser feminista y mileísta?,8M; Derechas; Feminismos; Javier Milei,2024-03-12 12:27:00,1,1_feminismo_feminista_patriarcado,4.8140717,2.9883392,10.083836,-4.7950177
3035,La masculinidad dañada,"Testosterona, la obra de Lorena Vega y Cristian Alarcón",Masculinidades; Periodismo performático; Teatro; Testosterona,2024-03-14 13:12:51,17,17_innovación_tecnológico_tecno,6.0446897,3.9694505,10.02126,1.371951
3036,El brutalismo comunicativo de Milei,Cinco principios de la comunicación política de LLA,Derechas; Discursos de odio; Javier Milei; Redes sociales; Un año de Milei,2024-03-15 11:05:02,9,9_político_libertario_política,12.613917,5.677886,9.236557,6.733026
3037,100 días y 8 noches,Milei: sin luna de miel,Congreso; Javier Milei,2024-03-19 10:41:56,9,9_político_libertario_política,11.445723,6.337807,9.025974,6.570829
3038,“Me van a tener que sacar muerta”,Estela de Carlotto,24M: Día de la memoria por la verdad y la justicia; Abuelas de Plaza de Mayo; Derechos Humanos; Javier Milei,2024-03-23 19:44:30,9,9_político_libertario_política,12.188269,5.589618,7.267492,-1.0916574
3039,El cuento desaparecido,A 47 años del asesinato de Rodolfo Walsh,24M: Día de la memoria por la verdad y la justicia; Dictadura; Rodolfo Walsh,2024-03-25 10:01:12,20,20_ríos_río_arroyo,8.259777,2.5077665,4.9515405,-1.1987406
3040,Pasar la memoria por el cuerpo,24 de marzo,,2024-03-26 12:15:52,24,24_arte_artes_art,7.5573497,3.6987576,12.451005,-2.3734062
3041,Salir a bailar para recuperar la autoestima,Rosario: nocturnidad y violencias,Nocturnidad; Rosariocronica,2024-03-26 14:53:43,22,22_música_musical_músico,9.454689,4.963761,14.258205,-3.6482952
3042,El museo es noticia,"Arte, ciencia y periodismo: el meteorito y el archivo",Rosariocronica,2024-03-26 15:30:35,24,24_arte_artes_art,7.794579,4.0750356,12.923753,-2.099113
3043,El libro que no debía ser publicado,"En agosto nos vemos, de García Márquez",Gabriel García Márquez; Libros; Patrimonio Cultural,2024-03-27 13:46:31,3,3_literario_escritora_autor,8.05877,2.152497,6.691753,-4.9752216
3044,La mujer que está sola y espera,Victoria Villarruel,Fuerzas de seguridad; Javier Milei; Victoria Villarruel,2024-03-28 11:51:00,9,9_político_libertario_política,12.569691,5.623783,9.231437,6.854634
3045,¿Es posible una democracia liberal en la Argentina?,Historia de una relación sinuosa,Democracia; Derechas; Liberalismo; Libros,2024-04-03 12:53:16,0,0_político_política_electoral,10.461877,5.792943,8.116923,5.221641
3046,Dar clases en la era Milei,Seis puntos para evitar la cruzada cultural en el aula,Docentes; Javier Milei,2024-04-04 09:46:00,5,5_pedagógico_enseñanza_escolar,5.9492188,5.414437,3.5928648,-3.2048488
3047,"Science, bitch!",El sistema científico al borde del abismo,Ciencia,2024-04-04 14:20:04,37,37_astrónomo_ciencia_universo,7.6947713,6.907276,9.884109,0.2190833
3048,La letra chica del chip sexual,Menopausia,Feminismos; menopausia,2024-04-05 10:03:20,1,1_feminismo_feminista_patriarcado,5.1494126,3.7806427,9.5226,-3.749366
3049,La movilidad social por otros medios,Gran Hermano Tucumán,Gran Hermano; Tucumán; reality,2024-04-05 10:42:17,31,31_digital_internet_tecnología,7.3734555,5.3263464,10.552913,2.3083122
3050,Durmiendo con la generala,Richardson-Milei: las nuevas relaciones carnales,Javier Milei,2024-04-05 16:00:48,21,21_soviética_soviético_vladimir,10.485467,4.1112847,7.143689,3.131574
3051,La otra cara de la moneda,¿La única solución es dolarizar?,Derechas; UNSAM,2024-04-08 14:54:31,4,4_déficit_deuda_endeudamiento,9.641641,8.455675,10.586124,5.3554444
3052,"Acercarnos a la vida, alejarnos de los miedos","Crisis climática, hiperobjetos y biopoéticas",Arte Ciencia y Tecnoceno; Crisiis climática; Narrativas,2024-04-09 09:00:00,24,24_arte_artes_art,8.12277,6.2578087,10.508287,0.13047394
3053,Auténticos decadentes,El lenguaje político del mileísmo,Discurso; Javier Milei,2024-04-10 10:35:12,9,9_político_libertario_política,10.764972,6.4838805,9.105256,6.6817045
3054,Un dios salvaje,Caso glory hole: cuatro preguntas y un marco teórico,,2024-04-10 15:48:18,25,25_violencia_feminismo_feminista,10.784217,5.027365,9.00211,-4.3254232
3055,Tomar en serio la universidad,#20AñosIDAES | Educación pública,UNSAM; Universidad pública,2024-04-12 09:56:00,5,5_pedagógico_enseñanza_escolar,5.9451013,6.11561,3.9019606,-2.712592
3056,Creo que aún tal vez piensas en mí,20 años de “Eterno resplandor de una mente sin recuerdos”,Amor; Cine; Zapping cultural,2024-04-12 13:30:37,29,29_ficción_protagonista_personaje,7.097208,3.0075598,10.875652,-2.0785317
3057,La vida imposible,Israel y Hamás en guerra,Guerra; Internacional; Israel; Medio Oriente; Palestina,2024-04-14 12:11:00,27,27_israel_netanyahu_israelí,11.208344,8.176614,14.609917,6.404348
3058,Enemigos íntimos,El ataque de Irán a Israel,Guerra; Internacional; Irán; Israel,2024-04-15 12:31:23,27,27_israel_netanyahu_israelí,11.119204,8.039776,14.611147,6.4086757
3059,Vivir en guerra,El ataque de Irán a Israel,Guerra; Internacional; Iran,2024-04-16 09:41:48,27,27_israel_netanyahu_israelí,11.148682,8.0993185,14.622946,6.4232144
3060,El lugar donde todo comienza,Primeras generaciones universitarias,Territorio Educativo; Universidad pública,2024-04-17 09:23:00,5,5_pedagógico_enseñanza_escolar,5.985659,5.9227633,3.6817884,-3.2416737
3061,Bajo liberalismo en sangre,La biblioteca libertaria,Derechas; Javier Milei; Libertad; Libertarios,2024-04-18 11:33:12,9,9_político_libertario_política,12.471226,5.8251414,9.022562,6.2152896
3062,Dinosaurios vivos,Rescate de águilas en peligro de extinción,Ambiente; Animales,2024-04-19 09:29:32,15,15_sindicalismo_reforma_político,7.964253,7.3750443,8.279751,1.249887
3063,Las ideas crecen mejor al pisarlas,El arte de copiar y la era digital,Copia; Galpon FACE; Laboratorio de Periodismo Performático,2024-04-24 11:38:39,24,24_arte_artes_art,7.1838517,5.4385138,13.105988,-1.9154037
3064,La Furia de Artemisa,Un perfil de Juliana Scaglione,Gran Hermano; Zapping cultural,2024-04-24 12:01:55,11,11_asesino_testimonio_testigo,6.6424384,3.8276002,6.85782,-1.7126243
3065,Sin Peña ni olvido,Mauricio y Marcos: el fin de una relación política,Elecciones 2023; Juntos por el cambio; Marcos Peña; Mauricio Macri,2024-04-25 11:12:00,0,0_político_política_electoral,11.726809,5.4364247,7.870406,5.3064
3066,Feminismos vs. casta financiera,Un límite para el totalitarismo de mercado,8M; Derechas; Deuda; Feminismos; Javier Milei,2024-04-25 12:58:58,9,9_político_libertario_política,12.378154,5.899655,9.425259,6.4508257
3067,Una más y no jugamos más,Apuestas online en las aulas,Adolescencias; Ciberludopatía,2024-04-26 09:46:25,5,5_pedagógico_enseñanza_escolar,5.997382,5.542671,3.4105117,-2.9689593
3068,Jugale diez lucas al Liverpool,Fragmento de “No va más”: Biografía de Cayetano,Apuestas; Ciberludopatía; Libros,2024-04-26 12:16:10,2,2_fifa_futbolista_fútbol,8.9155035,2.4677703,6.007328,11.2008295
3069,En busca de la memoria perdida,Laboratorio de Periodismo Performático,Artes; Periodismo performático; Salud mental,2024-04-29 10:24:00,39,39_morir_muerte_moribundo,9.196171,3.6833866,9.266771,-1.8101736
3070,Fingir demencia,La salud mental del presidente,Derechas; Javier Milei; Salud mental,2024-04-29 11:27:08,9,9_político_libertario_política,12.470513,5.620622,9.239655,6.7452755
3071,"Empleo privado, ¡afuera!",El ajuste llegó a las pymes,Derechas; Empleo; Javier Milei; Reforma Laboral,2024-04-30 10:31:38,15,15_sindicalismo_reforma_político,9.273914,7.961169,6.5172195,1.4610258
3072,"Riman las personas, los objetos y los hechos",Honoris Causa a Paul Auster,,2024-05-02 08:39:00,3,3_literario_escritora_autor,8.125098,2.7804546,6.6308923,-4.8157525
3073,¿Este es tu ídolo?,"Quién es Murray Rothbard, el gurú de Milei",Antisemitismo; Javier Milei; Negacionismo; Racismo,2024-05-02 09:32:58,27,27_israel_netanyahu_israelí,12.560418,5.5216894,14.6369095,6.435192
3074,Vida en las ruinas capitalistas,"Fragmento de ""Los hongos del fin del mundo""",Ambiente; Capitalismo; Hongos,2024-05-03 10:13:46,37,37_astrónomo_ciencia_universo,8.200952,3.9863372,9.626562,0.5443245
3075,El éxito es un abismo,La herencia del Flaco Menotti,Diego Maradona; Fútbol; Lionel Messi; Mundial de fútbol; Selección Argentina,2024-05-06 14:27:03,2,2_fifa_futbolista_fútbol,10.005127,2.3078372,5.202684,11.594841
3076,La Patria Grande se devora a sí misma,Nuevos liderazgos en América Latina,America Latina; Brasil; Derechas; Internacional; Javier Milei; UNSAM,2024-05-07 10:18:50,16,16_brasil_brasilero_brasilia,11.335147,4.7108164,7.169508,7.7229548
3077,"¡Combativos y dialoguistas, uníos!",La CGT en la era Milei,CGT; Paro General,2024-05-08 10:34:36,9,9_político_libertario_política,9.9998665,7.312689,9.187474,6.456382
3078,Las chivas expiatorias de los males del mundo,Madres,,2024-05-10 10:23:00,1,1_feminismo_feminista_patriarcado,5.0469894,3.8358035,10.204567,-3.8946157
3079,Hay un país (pero no el nuestro),El lesbicidio en Barracas y el odio como política de Estado,Femicidios; Homofobia; LEDA-UNSAM; Visibilidad lésbica,2024-05-10 12:52:05,25,25_violencia_feminismo_feminista,8.208517,5.4271317,8.995,3.7292395
3080,El Forrest Gump de la política argentina,Luis Barrionuevo,,2024-05-13 13:26:08,9,9_político_libertario_política,11.545579,4.8595915,9.148857,6.327669
3081,Contar lo siniestro,Bebé reno,Abuso sexual; Netflix; Series; Zapping cultural,2024-05-14 10:32:57,25,25_violencia_feminismo_feminista,7.046933,4.132973,9.142536,-3.9569314
3082,Formas de hacerse hombre,¿Debe existir el servicio militar?,Fuerzas armadas; Serivicio militar,2024-05-15 15:29:19,3,3_literario_escritora_autor,10.343442,6.7075305,6.930226,-5.161995
3083,Cómo conseguir leyes,Curso intensivo de rosca palaciega,Congreso; Javier Milei; Ley Ómnibus,2024-05-16 12:17:21,9,9_político_libertario_política,11.299946,6.7223206,9.233386,6.834861
3084,Todo está por terminar,"“MANIAC”, ficción científica",Ciencia; Inteligencia artificial; Libros; Nazismo; Zapping cultural,2024-05-17 10:10:53,37,37_astrónomo_ciencia_universo,7.463374,6.8652177,9.955153,0.105686545
3085,Todos tenemos que llegar a algún lugar,Viajar en tren,ferrocarriles; transporte; trenes; trenes argentinos,2024-05-20 09:59:37,15,15_sindicalismo_reforma_político,10.322321,4.74626,8.415328,3.6391983
3086,Amistades peligrosas,"Vox y La Libertad Avanza, a contramano",Comunicación política; Derechas; España; Internacional; Javier Milei,2024-05-21 12:29:19,9,9_político_libertario_política,12.178596,5.5302114,9.236009,6.6603327
3087,La sociedad en punto muerto,"Cansancios, violencias, luchas, aguantes",Derechas; Javier Milei,2024-05-23 09:47:55,9,9_político_libertario_política,10.244731,5.723476,8.980361,5.8256273
3088,"Un 25 entre cordobesistas, pitucos, culiadazos y gente de bien",Milei en Córdoba,Javier Milei; Llaryora; Pacto de Mayo,2024-05-25 18:24:32,9,9_político_libertario_política,12.069844,5.3944926,9.354397,7.105537
3089,Tiza y cachiporra,La encrucijada misionera,Conflictos territoriales; Docentes; Misiones; Protesta social,2024-05-27 13:11:19,0,0_político_política_electoral,11.602975,6.419726,8.083666,4.7401323
3090,La amabilidad más allá de lo semántico,Archivos afectivos: mamá tiene esquizofrenia,Salud mental,2024-05-28 09:34:00,39,39_morir_muerte_moribundo,6.614205,3.8177638,8.018858,-2.3566065
3091,"Regalos para los grandes, crisis para el resto",Dictamen favorable para la Ley Bases,Derechas; Desigualdad; Javier Milei; Ley Bases; Neoliberalismo,2024-05-30 09:47:15,15,15_sindicalismo_reforma_político,9.330077,7.903931,6.981284,1.6556329
3092,"Venceremos, Norita",Con el pañuelo blanco en la cabeza y el verde en la muñeca,Abuelas de Plaza de Mayo; Madres de Plaza de Mayo,2024-05-30 22:53:48,1,1_feminismo_feminista_patriarcado,7.9823055,2.593753,9.275909,-3.351559
3093,Directo a los ojos,Challengers: mirar como se mira lo imposible,Cine; Zapping cultural,2024-05-31 11:06:57,29,29_ficción_protagonista_personaje,7.76373,3.1307979,10.937233,-2.1105444
3094,La pena del morfi,"O sea, digamos: 6 mil toneladas de alimentos sin repartir",Alimentación; Comedores comunitarios; Javier Milei; Movimientos sociales; O sea digamos,2024-06-01 07:00:00,9,9_político_libertario_política,10.182608,7.6325607,9.010609,6.39342
3095,La hija de Tlatelolco,"Claudia Sheinbaum, la primera presidenta de México",Claudia Sheinbaum; Donald Trump; Internacional; México,2024-06-03 07:13:45,10,10_boliviano_bolivia_político,11.517794,4.6486683,7.1980896,4.286161
3096,¿Dónde están los varones?,A 9 años del primer Ni Una Menos,Abuso sexual; Feminismos; Ni Una Menos,2024-06-03 15:46:47,1,1_feminismo_feminista_patriarcado,9.81337,4.9229393,9.450461,-4.680256
3097,¿Cómo se construye una victima?,Denuncias públicas de abuso sexual,Abuso sexual; Violencia de género,2024-06-04 10:13:46,25,25_violencia_feminismo_feminista,6.6780477,4.990025,8.511366,-4.189358
3098,Psicoanálisis a cielo abierto,Gaudio vs. Coria: a 20 años de la final de Roland Garros,Tenis,2024-06-05 09:33:20,2,2_fifa_futbolista_fútbol,10.507731,2.395335,5.527764,11.091863
3099,La literatura sí la vio,Los tonos antinacionales de Milei,Javier Milei; Libertarios; Nacionalismo,2024-06-06 08:49:19,9,9_político_libertario_política,12.123012,5.1640654,8.907214,6.2036905
3100,El mapa de medios en la era Milei,"Concentrado, convergente, inestable, precarizado",Grupo Clarín; Javier Milei; Medios de comunicación; Un año de Milei,2024-06-07 09:53:01,14,14_mediático_periodístico_político,7.612658,5.382557,10.0477,2.83745
3101,El topo en su laberinto,"O sea, digamos: revés judicial y oposición en el Congreso",Comedores comunitarios; Javier Milei; Juan Grabois; Movimientos sociales; O sea digamos; Poder Judicial,2024-06-08 07:00:00,9,9_político_libertario_política,11.63038,6.3617344,9.058088,6.5368915
3102,El estado del hambre,Emergencia alimentaria,Comedores comunitarios; Economía Popular; Escuela IDAES; Feminismos; Javier Milei; Un año de Milei,2024-06-10 09:00:00,15,15_sindicalismo_reforma_político,8.747648,7.485873,7.007845,0.8005879
3103,¿Alcanza el lenguaje para hacer justicias?,"Chthuluceno, posthumanismo, microplásticos: ecología y modas",,2024-06-10 11:43:32,28,28_futuro_pandemia_crisis,8.447779,5.65394,8.733216,1.5694343
3104,Escrituras de la rabia,Protestas en Cuba y la región,Cuba; Internacional; Mexico,2024-06-10 14:02:19,35,35_cubano_cubana_cuba,10.756766,3.8202593,5.699042,2.9455147
3105,Crímenes del futuro,RIGI: impacto ambiental y nula visión estratégica,Ambiente; Derechas; Javier Milei; RIGI,2024-06-11 12:15:12,12,12_economía_económico_futuro,8.482236,7.7065187,8.519857,1.9101377
3106,Palo y a la bolsa,Ley Bases y represión,Derechas; Javier Milei; Ley Bases,2024-06-13 10:37:21,9,9_político_libertario_política,10.241038,6.4314685,8.800709,5.8268995
3107,Lo que fuimos ya no importa,“Los días afuera” de Lola Arias,Cárceles; Teatro; Zapping cultural,2024-06-14 10:47:24,24,24_arte_artes_art,7.5001717,2.4452999,11.990447,-2.5404613
3108,La casta está de rosca,"O sea, digamos: la cocina de las negociaciones por la Ley Bases",Javier Milei; Ley Bases; O sea digamos; PRO; UCR,2024-06-15 07:00:00,9,9_político_libertario_política,11.439782,6.69667,8.827944,6.436138
3109,Seis días en cana,Liberaron a detenidos por las protestas en el Congreso,Congreso; Fuerzas de seguridad; Violencia policial,2024-06-19 11:49:04,1,1_feminismo_feminista_patriarcado,9.8037,4.797816,8.78874,-3.1824954
3110,Tu hijo no va a llegar a Primera,El proletariado del fútbol,Asociación del Fútbol Argentino; Fútbol,2024-06-20 07:00:00,2,2_fifa_futbolista_fútbol,6.63983,5.409627,5.816131,11.44671
3111,¿Dónde está Jorge Macri?,La gestión del PRO en la Ciudad,CABA; Jorge Macri; Mauricio Macri; PRO,2024-06-25 09:50:58,0,0_político_política_electoral,11.860704,6.1568213,7.403714,5.1653132
3112,La eterna insistencia de Darío y Maxi,La Masacre de Avellaneda,Eduardo Duhalde; Masacre de Avellaneda; Movimiento Piquetero; Movimientos sociales; Violencia policial,2024-06-26 01:44:00,26,26_fotoperiodismo_retratar_retrato,9.763382,4.29758,12.88058,-3.397196
3113,El país de los niños perdidos,Caso Loan,Corrientes; Desapariciones; Justicia; Seguridad,2024-06-26 16:52:26,23,23_justicia_judicial_juzgado,8.837111,4.342891,7.7098236,-1.3842869
3114,Golpe de efecto,La trama del levantamiento militar en Bolivia,Bolivia; Evo Morales; Internacional; Seguridad,2024-06-27 11:00:46,10,10_boliviano_bolivia_político,11.420011,4.3373394,6.739377,4.4191365
3115,Del territorio a los bots,Cierre de Centros de Acceso a la Justicia,Javier Milei; Justicia,2024-06-28 08:04:20,25,25_violencia_feminismo_feminista,9.996296,5.9440727,9.328413,3.9538054
3116,Una novela que delira con Milei,La ficción de Caparrós inspirada en la vida del Presidente,Caparros; Javier Milei; Libros; Zapping cultural,2024-06-28 12:47:48,3,3_literario_escritora_autor,7.5614543,2.2707634,6.658579,-5.2376885
3117,Estocolmo siempre estuvo lejos,"O sea, digamos: Milei y el Nobel",Javier Milei; O sea digamos,2024-06-29 07:00:00,4,4_déficit_deuda_endeudamiento,9.406975,8.157433,9.671367,5.6713924
3118,¿Qué queda de Perón?,A 50 años de su partida,Peronismo,2024-07-01 10:45:19,0,0_político_política_electoral,8.444466,6.870506,8.136444,4.4181995
3119,En esta guerra hacen falta gamers,Mercenarios latinos en Ucrania,Guerra; Internacional; Rusia; Ucrania,2024-07-02 10:09:55,21,21_soviética_soviético_vladimir,10.922506,7.4585457,14.1320095,4.1698704
3120,Una vida tan simulada como Matrix,A 25 años del estreno de la película,,2024-07-03 11:07:48,37,37_astrónomo_ciencia_universo,7.0857344,6.0792947,9.974409,0.12640725
3121,La pista tiene sus reglas,Hernán Cattaneo en Córdoba,Música electrónica,2024-07-05 07:00:00,22,22_música_musical_músico,9.02081,2.1145005,14.292705,-3.825379
3122,El regreso del quetejedi,Federico Sturzenegger,Derechas; Javier Milei; Neoliberalismo,2024-07-05 07:29:00,4,4_déficit_deuda_endeudamiento,11.89342,5.038289,9.824769,5.5415263
3123,El niño mimado del Estado,"O sea, digamos: Marcos Galperín",Javier Milei; Mercado Libre; O sea digamos,2024-07-05 14:57:54,15,15_sindicalismo_reforma_político,9.43658,7.997834,7.0058928,1.6742426
3124,Sin lugar para los débiles,Desguace del rostro social del Estado,Alimentación; Comedores comunitarios; Derechas; Javier Milei; Movimientos sociales,2024-07-08 11:42:44,9,9_político_libertario_política,9.419243,6.950218,9.082935,5.734944
3125,Domados y organizados,"Milei, los gobernadores y el Pacto de Mayo",Federalismo; Javier Milei; Provincias; Tucumán,2024-07-09 15:17:34,9,9_político_libertario_política,12.022934,6.1868405,9.324862,7.0420713
3126,Todo es plata y ansiedad,Mark Fisher: Deseo poscapitalista,Capitalismo; Contracultura; Libros; Redes sociales,2024-07-10 10:38:38,28,28_futuro_pandemia_crisis,9.404504,7.160538,10.103141,1.1209387
3127,¿Pero vos le dijiste que no?,Prima facie: teatro sobre el consentimiento,Abuso sexual; Feminismos; Laboratorio de Periodismo Performático; Teatro,2024-07-11 09:54:23,1,1_feminismo_feminista_patriarcado,6.460766,4.041078,9.140438,-4.2313213
3128,El extraño mundo de Javo el viajero,"O sea, digamos: la política exterior argentina",Internacional; Javier Milei; O sea digamos,2024-07-12 14:25:01,9,9_político_libertario_política,12.381934,5.4275527,9.17635,6.873535
3129,El pibe que leía El Gráfico como si fuera la Biblia,"Matías Manna, analista de la Scaloneta",Fútbol; Qatar 2022; Rosario; Rosariocronica; Scaloneta,2024-07-15 09:10:00,2,2_fifa_futbolista_fútbol,10.089712,2.3136888,5.403097,11.411259
3130,Nos habíamos negado a la belleza,El último baile de Messi y Di María juntos,Di María; Fútbol; Lionel Messi; Selección Argentina,2024-07-15 12:39:35,2,2_fifa_futbolista_fútbol,5.587841,3.2844758,5.1249576,11.31951
3131,El caso infinito,A 30 años del atentado a la AMIA,AMIA,2024-07-17 08:19:09,27,27_israel_netanyahu_israelí,9.499395,3.5887675,14.380807,6.2980223
3132,El traductor,Guillermo Francos,Javier Milei; La Libertad Avanza,2024-07-17 10:47:39,9,9_político_libertario_política,11.828261,6.214999,9.012762,6.554145
3133,"Moverse igual, mientras todo aplasta",Melisa Zulberti: diario de un proceso creativo,Danza; Melisa Zulberti; Movimiento; Posguerra,2024-07-18 21:42:25,24,24_arte_artes_art,7.7326813,3.5419781,12.640096,-2.2687902
3134,Fútbol SAD: sin alma deportiva,"O sea, digamos: el gobierno contra el fútbol",Asociación del Fútbol Argentino; Fútbol; Javier Milei; Mauricio Macri; O sea digamos,2024-07-19 14:09:42,2,2_fifa_futbolista_fútbol,10.96369,2.503272,5.4677343,10.88242
3135,Revivir a los muertos,Tecnologías del duelo,Duelos; Inteligencia artificial; Muerte,2024-07-23 10:08:58,39,39_morir_muerte_moribundo,7.038771,6.586983,9.188301,-1.1160281
3136,La jugada para recuperar la casa blanca,Kamala Harris,Donald Trump; Estados Unidos; Internacional; Kamala Harris; Partido demócrata,2024-07-23 10:30:00,1,1_feminismo_feminista_patriarcado,11.8538475,6.271573,10.058549,-5.028708
3137,La presa infinita,Nahir Galarza y el giro punitivista del derecho penal,Femicidios; Justicia; Nahir Galarza; Patriarcado,2024-07-24 13:40:40,11,11_asesino_testimonio_testigo,9.544001,4.510885,8.134033,-2.9748173
3138,Pastillas de coco para enfrentar a Trump,Elecciones en Estados Unidos,Donald Trump; Elecciones; Estados Unidos; Internacional; Kamala Harris; Partido demócrata,2024-07-25 10:38:40,16,16_brasil_brasilero_brasilia,11.932698,6.488529,7.118752,4.460375
3139,La fiesta de los espías,"O sea, digamos: una SIDE a medida de Milei",Javier Milei; O sea digamos; Sin Control 2,2024-07-26 14:15:14,17,17_innovación_tecnológico_tecno,10.689496,7.1501617,9.566385,1.8326037
3140,No te la puedo creer,Elecciones en Venezuela,Internacional; Venezuela,2024-07-29 12:13:09,10,10_boliviano_bolivia_político,11.715507,5.724586,7.147352,4.010831
3141,A llorar al campito,Retenciones y agronegocios en la era Milei,Agronegocios; Campo; Javier Milei; Retenciones; Sin Control 2,2024-07-30 10:03:33,4,4_déficit_deuda_endeudamiento,8.934417,7.585481,9.420313,5.400661
3142,El hombre invisible,"Roberto Jacoby, el letrista de Virus",Roberto Jacoby; Rock Nacional,2024-07-31 09:54:00,22,22_música_musical_músico,8.927884,2.0452654,14.922004,-3.9054923
3143,Mujeres trabajando,Organización colectiva para y desde la casa,Cuidados; Feminismos; Movimientos sociales,2024-08-02 11:00:03,41,41_pobreza_inmobiliario_habitante,5.037416,3.1886432,7.083207,-1.3541418
3144,Atrapado en libertad,"O sea, digamos: Macri y la reinvención del PRO",Javier Milei; Karina Milei; La Libertad Avanza; Mauricio Macri; O sea digamos; PRO; Sin Control 2,2024-08-02 11:25:30,9,9_político_libertario_política,11.84332,5.749835,9.211176,6.988693
3145,El candidato y el presidente,“Milei. Una historia del presente”,Javier Milei; Sin Control 2,2024-08-05 09:23:57,9,9_político_libertario_política,12.336895,5.341259,9.395922,7.143198
3146,"No te insulto, te describo",¿Cómo procesar un presidente violento?,Alberto Fernández; Peronismo; Violencia de género,2024-08-07 08:33:12,1,1_feminismo_feminista_patriarcado,5.6420627,3.0421789,9.554914,-4.799099
3147,¿Qué es una familia?,Galaxia Imprenteros,Escrituras autobiográficas; Imprenteros; Zapping cultural,2024-08-08 10:05:20,29,29_ficción_protagonista_personaje,7.0473104,3.2017899,11.02418,-2.0861292
3148,"Olímpicos, virales y tiktokeros",Atletas en París 2024,Juegos Olímpicos Paris 2024,2024-08-09 10:53:25,1,1_feminismo_feminista_patriarcado,10.737292,2.292211,10.313385,1.994238
3149,A naufragar,"O sea, digamos: Alberto, la crisis moral y la desorientación política",Alberto Fernández; O sea digamos; Peronismo; Unión por la Patria,2024-08-09 15:38:16,9,9_político_libertario_política,10.6190605,5.6777897,8.780083,5.6376667
3150,Algoritmo mata pizarrón,El celular en la escuela,IA; Juventudes; Redes sociales,2024-08-12 15:55:56,5,5_pedagógico_enseñanza_escolar,7.1019034,5.854073,3.3777647,-2.938005
3151,La patria metalúrgica,Renovación de la UOM,Sindicalismo; Trabajo,2024-08-13 14:07:20,15,15_sindicalismo_reforma_político,9.173325,7.828638,6.5725503,1.2595421
3152,Todos los hombres (y mujeres) del presidente,El arca de Milei,Javier Milei; Libros; Sin Control 2,2024-08-13 20:19:11,9,9_político_libertario_política,12.605166,5.591961,9.379904,7.128557
3153,Nerds digitales,Jóvenes y empleo,Arte digital; Empleo; Juventudes,2024-08-14 00:48:00,24,24_arte_artes_art,7.439163,5.8737555,13.1545515,-1.89892
3154,Peronismo y confusión: pensar la debacle,Apuntes para el porvenir,Peronismo,2024-08-16 15:59:24,0,0_político_política_electoral,9.979298,6.667125,8.510845,5.0367265
3155,Somos los piratas,La industria audiovisual hackeada por Fútbol Libre,Fútbol; Medios de comunicación,2024-08-20 07:30:00,31,31_digital_internet_tecnología,9.216002,5.2723236,10.2924595,1.7787478
3156,La democracia cruel,"Desquiciados, compilado por Alejandro Grimson",Crueldad; Derechas; Javier Milei; Sin Control 2,2024-08-21 07:30:00,0,0_político_política_electoral,12.4697275,5.8148637,8.97768,3.7801588
3157,"¡Viva la libertad de excreción, carajo!","O sea, digamos: los agentes del caos y el futuro del debate público",Javier Milei; O sea digamos; Redes sociales; Sin Control 2,2024-08-23 15:10:48,31,31_digital_internet_tecnología,7.89345,5.6381116,10.258255,2.6819272
3158,Mano dura y radical,Pullaro se proyecta con sus avances en Santa Fe,Rosario; Rosariocronica; Santa Fe; UCR,2024-08-27 07:51:56,6,6_asesinato_policía_policial,9.8244295,4.509077,7.2796082,4.4586015
3159,Billetera mata ideología,"China, Estados Unidos y el nuevo orden no hegemónico",China; Estados Unidos; Internacional,2024-08-28 07:30:00,21,21_soviética_soviético_vladimir,11.247497,6.833122,14.123041,4.208686
3160,"¿De qué familia habla, señor ministro?",Homofobia y transfobia en el gobierno,Javier Milei; LGBTIQ+,2024-08-28 12:32:35,7,7_aborto_abortar_anticonceptivo,4.4395146,3.694789,9.998019,-5.161824
3161,Sin los patitos en fila,Radiografía de la interna libertaria,Congreso; Derechos Humanos; Javier Milei; Sin Control 2,2024-08-29 11:25:29,9,9_político_libertario_política,10.602903,5.186269,9.37163,7.170102
3162,"Nazis, pedofilia y negocios turbios en la ciudad de las flores",¿Qué esconde el caso del diputado Kizcka?,Abuso sexual; Misiones,2024-08-30 13:24:08,23,23_justicia_judicial_juzgado,9.909591,4.6696587,9.319676,4.075059
3163,Es lo que AI,El entrenador de Gemini,Inteligencia artificial,2024-09-02 12:11:15,17,17_innovación_tecnológico_tecno,7.1721745,6.555273,9.714857,1.5613256
3164,Promesas sobre la cama,Mercado del sexo y del amor en tiempos feministas,Feminismos; Vínculos,2024-09-03 09:14:16,1,1_feminismo_feminista_patriarcado,5.6288695,3.5545955,9.616352,-4.679771
3165,"La ciudad, personaje violento y bello",Rosario y la literatura situada,Feria del Libro Rosario; Rosariocronica,2024-09-04 09:40:42,3,3_literario_escritora_autor,8.227965,2.5178406,6.557696,-4.588039
3166,"¡Pasivos, las pelotas!",¿Por qué luchan los jubilados?,AFJP; Derechas; Javier Milei; Jubilados; Sin Control 2; Un año de Milei,2024-09-05 12:35:17,9,9_político_libertario_política,9.647585,7.7159176,9.167844,6.3459086
3167,Desmantelamiento en cuotas,"O sea, digamos: el Gobierno vs. las universidades",Javier Milei; Marcha Universitaria; O sea digamos; Sin Control 2; Universidad pública,2024-09-06 14:31:35,5,5_pedagógico_enseñanza_escolar,5.838824,5.99346,3.7612147,-2.9947402
3168,¿Para quién aguanto yo entonces?,Desigualdad social y secuestro anímico,Crisis; Movimientos sociales; Sin Control 2,2024-09-09 12:41:53,9,9_político_libertario_política,10.35333,5.608134,9.194953,6.401821
3169,El día que apagaron la luz,El gobierno contra el sector nuclear y el CAREM-25,Cambio climático; Crisis climática; Energía nuclear; Transición energética,2024-09-10 09:43:00,12,12_economía_económico_futuro,8.218458,7.61375,8.528282,1.9396741
3170,El amor por la familia militar,Mapa de las organizaciones de la derecha revisionista,24M: Día de la memoria por la verdad y la justicia; Derechos Humanos; Dictadura; Sin Control 2; Un año de Milei; Victoria Villarruel,2024-09-11 11:21:15,9,9_político_libertario_política,10.589296,6.4862137,7.585567,4.516513
3171,El arte de la reciprocidad,AMPLIFY D.A.I.: mujeres y disidencias en la cultura digital,ARTLAB; Amplify; Mutek; artesdigitales,2024-09-13 10:57:21,24,24_arte_artes_art,7.448722,5.005409,13.084116,-2.1698136
3172,El otro populismo,Más show que números en el Congreso,Congreso; Javier Milei; Populismo; Presupuesto 2025; Sin Control 2,2024-09-16 12:00:59,9,9_político_libertario_política,12.626015,5.607926,9.368393,6.9974327
3173,La pesadilla del sueño bolivariano,Vivir en Venezuela,Nicolas Maduro; Venezuela,2024-09-17 15:09:51,10,10_boliviano_bolivia_político,11.344826,4.047147,6.9331503,4.3115892
3174,¿Con la democracia se come?,La alimentación de los argentinos,Alimentación; Comedores comunitarios; Transgénicos,2024-09-18 13:17:18,12,12_economía_económico_futuro,8.64976,7.7812033,8.254679,2.0855458
3175,Las artes digitales después del feminismo,AMPLIFY D.A.I.: estrategias para la paridad,Amplify; BritishCouncil; Mutek; artesdigitales; mujeres y disidencias,2024-09-19 09:31:22,24,24_arte_artes_art,7.1124954,4.9460998,12.799689,-2.3143973
3176,¿Y si sale mal?,El mundo del trabajo en la era Milei,Reforma Laboral; Trabajo,2024-09-20 11:37:28,15,15_sindicalismo_reforma_político,9.62437,7.541924,6.3813276,1.5351882
3177,Santificados sean tus bienes,"Te serviré, un libro sobre el Opus Dei",Iglesia Católica; Opus Dei; Religión,2024-09-23 12:00:46,1,1_feminismo_feminista_patriarcado,11.626726,2.7130363,10.411794,-3.1679413
3178,El fantasma rojo que acecha a Milei,La larga vida del anticomunismo argentino,Anticomunismo; Derechas; Javier Milei; Sin Control 2,2024-09-24 09:42:43,9,9_político_libertario_política,10.7336,6.425583,8.842473,5.905869
3179,Los venidos al fuego,Incendios en las sierras cordobesas,Córdoba; Incendios; Incendios forestales,2024-09-25 15:55:57,32,32_catástrofe_desastre_tragedia,8.956243,5.745271,6.1372585,-1.0866778
3180,"Si la defino, la limito",Literatura extraña latinoamericana,Ciencia; FILBA; Ficción; Zapping cultural,2024-09-26 11:09:59,37,37_astrónomo_ciencia_universo,7.4519973,2.723238,9.93092,0.12352207
3181,Pobres criaturas,"O sea, digamos: se acelera la distopía mileista",Javier Milei; Karina Milei; O sea digamos; Sin Control 2,2024-09-27 14:59:33,9,9_político_libertario_política,10.649706,5.089836,9.192468,6.430672
3182,Abrir el culo,Un análisis descarnado de la obsesión del presidente Milei,Discursos de odio; Javier Milei; Sin Control 2; Un año de Milei; Violencia,2024-09-30 13:17:06,9,9_político_libertario_política,12.614163,5.6838446,9.473346,6.747051
3183,"Envidia, mon amour",Diez apuntes sobre nuestro pecado capital,Feminismos; Series; Zapping cultural,2024-10-01 10:20:44,29,29_ficción_protagonista_personaje,5.7624483,3.9630387,10.293336,-2.594384
3184,El lugar donde se proyectan los sueños,Movilización en defensa de la universidad pública,Marcha Universitaria; Periodismo narrativo; UNSAM; Universidad pública,2024-10-03 00:04:45,5,5_pedagógico_enseñanza_escolar,6.0247717,6.126532,4.1126924,-3.0628662
3185,El termómetro brasileño,Elecciones municipales: el futuro de Lula y la irrupción de un outsider,Antipolítica; Brasil; Internacional; Jair Bolsonaro; Lula da Silva,2024-10-04 09:37:37,16,16_brasil_brasilero_brasilia,12.134109,4.194648,7.0145793,8.321713
3186,La realidad o la realeza de una serie,Máxima,Dictadura; Series; Zapping cultural,2024-10-05 08:00:00,29,29_ficción_protagonista_personaje,7.14717,2.901678,10.402892,-2.2124376
3187,¿Quién le teme a Fernanda Miño?,Todas las vidas de una villera,Fernanda Miño; Juan Grabois; violencia institucional,2024-10-09 13:23:09,41,41_pobreza_inmobiliario_habitante,10.044137,4.333138,6.839322,-0.86890703
3188,Carnaval toda la vida,"""La fiesta de los negros"", de Ezequiel Adamovsky",Género; Jerarquías sociales; Raza,2024-10-10 16:21:47,20,20_ríos_río_arroyo,10.268935,3.5857215,5.7213774,-0.9005026
3189,Una ilusión en el país de la crueldad,Encuentro Plurinacional en Jujuy,Encuentro Plurinacional de Mujeres; Feminismos; Jujuy,2024-10-14 13:36:37,1,1_feminismo_feminista_patriarcado,4.967953,2.935938,10.206003,-4.7508216
3190,La billetera y el cerebro del Estado,¿Cómo funciona la Ansés?,Anses; Derechas; Estado; Javier Milei; Sin Control 2,2024-10-14 14:49:34,28,28_futuro_pandemia_crisis,9.79074,7.0753527,8.498045,3.1783097
3191,Es de hombre,Nuevas masculinidades,Feminismos; Masculinidades,2024-10-15 09:20:05,1,1_feminismo_feminista_patriarcado,5.5926123,3.4293206,9.646188,-4.0497427
3192,Viva la libertad,El Jockey,Cine; Zapping cultural,2024-10-15 10:06:55,29,29_ficción_protagonista_personaje,7.91246,4.6944566,10.906794,-2.092512
3193,"Pueblo chico, estafa grande",RainbowEx en San Pedro,,2024-10-16 13:12:51,31,31_digital_internet_tecnología,9.250885,6.264623,7.603498,-0.87037045
3194,¿Hasta dónde llega esta manga de zurdos?,Se despertó el movimiento estudiantil,Javier Milei; Marcha Universitaria; Sin Control 2; Universidad pública,2024-10-17 14:42:36,5,5_pedagógico_enseñanza_escolar,6.0195856,6.0628724,3.7673771,-2.9673188
3195,Jefa o aliada,"O sea, digamos: Cristina, Axel y el futuro del PJ",Axel Kicillof; Cristina Fernández de Kirchner; O sea digamos; Peronismo,2024-10-18 15:19:55,0,0_político_política_electoral,11.499454,5.500357,8.704562,6.1957655
3196,Tu cara me suena,"Sobre “Íconos argentinos”, de Laura Malosetti Costa",Libros,2024-10-21 12:40:08,2,2_fifa_futbolista_fútbol,8.142245,3.273713,5.2407207,11.429381
3197,Algunas huellas ya son la piel,Charly García cumple,Charly García; Música; Rock Nacional,2024-10-23 12:00:00,22,22_música_musical_músico,8.563449,1.7470851,15.080034,-4.123312
3198,Qué piensa el DJ mientras bailás,"""La pista es mi laboratorio""",,2024-10-25 07:18:31,22,22_música_musical_músico,8.906974,2.0860884,14.289322,-3.8583527
3199,Pobres estudiantes,Estudiar en la universidad pública: entre el esfuerzo y el mérito,Javier Milei; Pobreza; Universidad pública,2024-10-25 09:48:00,5,5_pedagógico_enseñanza_escolar,5.8797817,6.0076604,4.258646,-3.1431992
3200,Mi vida diagnosticada por otros,"Curvaturas, el dolor nunca tuerce el deseo",,2024-10-28 11:06:33,39,39_morir_muerte_moribundo,7.741361,3.3862414,9.417884,-1.8288391
3201,Un modelo ricotero para el siglo XXI,"Bohemian Groove, el sello discográfico de Dillom",Música; Trap; Zapping cultural,2024-10-29 14:54:37,22,22_música_musical_músico,8.958461,2.1060808,14.610808,-3.6120436
3202,El sostén de las redes feministas,Beca Crónica en México,BA,2024-10-31 09:48:23,7,7_aborto_abortar_anticonceptivo,4.4553704,3.8038173,10.162482,-6.90013
3203,Sin lugar para mandriles,"O sea, digamos: el paraiso de Milei",Crisis; Inflación; Javier Milei; O sea digamos; Sin Control 2,2024-11-01 14:37:19,4,4_déficit_deuda_endeudamiento,11.905105,5.5814824,9.736948,5.2775483
3204,La marcha de las luciérnagas,Orgullo 2024,LGBT; LGBTIQ+; LGBTTINB+; Orgullo,2024-11-01 15:20:00,40,40_manifestación_feminista_multitud,10.558057,4.931309,8.6805935,-3.1390996
3205,El sueño americano ya no existe,Elecciones en EE.UU.,Donald Trump; Estados Unidos; Internacional,2024-11-05 08:00:00,21,21_soviética_soviético_vladimir,11.100237,7.303018,7.1238694,3.0194077
3206,¿Cómo pudimos creer que ganaría Kamala?,Anatomía de la crisis de la democracia,Democracia; Derechas; Internacional; LEDA-UNSAM; Neoliberalismo,2024-11-06 12:33:59,28,28_futuro_pandemia_crisis,10.205541,6.689466,8.669601,3.0926142
3207,Las aguas bajan turbias,La DANA revive la batalla cultural española,Derechas; España; Internacional,2024-11-08 14:23:11,0,0_político_política_electoral,10.374661,5.1370254,9.356099,2.9946315
3208,Este es el aguante,"Ajuste, implosión social e intranquilidad popular",La Libertad Avanza; Pobreza,2024-11-11 09:52:49,28,28_futuro_pandemia_crisis,9.077336,6.9257064,8.74696,3.2236252
3209,¿Una sombra ya pronto serás?,Argentina y la desautonomización,Internacional; Javier Milei; Politica exterior; Sin Control 2; Un año de Milei,2024-11-11 15:44:11,21,21_soviética_soviético_vladimir,12.428118,5.4753346,7.222382,3.1680644
3210,Estar dispuesto a morir es extraordinario,La habitación de al lado,Cine; Pedro Almodóvar; Zapping cultural,2024-11-13 11:51:58,39,39_morir_muerte_moribundo,7.03541,2.7864344,9.492531,-1.8640503
3211,La caída del gigante de Arroyito,Un perfil de Pillín Bracamonte,Barras bravas; Fútbol; Rosario; Violencia,2024-11-13 21:16:56,25,25_violencia_feminismo_feminista,9.355888,4.562963,8.304604,-3.769915
3212,"Chape, chupón, besos y piquitos",El arte de besar desde la antigüedad a la era digital,Libros; Zapping cultural,2024-11-15 11:16:19,38,38_bailarín_tango_protagonista,8.393964,2.6137226,10.647492,-2.3727543
3213,Salir de la melancolía,La reorganización del PJ y el futuro de la oposición,Peronismo,2024-11-19 12:34:37,9,9_político_libertario_política,10.83236,5.698665,8.751657,5.567108
3214,Poniendo estaba la casta,El G20 impulsa un impuesto a los superricos,Desigualdad; Impuesto a las grandes riquezas; Javier Milei; Mitos impuestos,2024-11-20 13:44:55,4,4_déficit_deuda_endeudamiento,9.184323,7.9504275,10.135254,5.640652
3215,La pija molesta,Caza de brujas a la literatura,Dictadura; Javier Milei; Literatura,2024-11-21 11:31:48,3,3_literario_escritora_autor,10.447364,6.624701,6.5718746,-5.104634
3216,Una república de fueguitos,Experiencias feministas que resisten,8M; 8M: Paro internacional y plurinacional de mujeres y disidencias; Feminismos,2024-11-21 14:30:47,1,1_feminismo_feminista_patriarcado,10.59808,4.6090665,10.015906,-4.7902026
3217,Viajando por un sueño,Victoria del Frente Amplio en Uruguay,Frente Amplio; Internacional; Uruguay,2024-11-25 15:37:31,5,5_pedagógico_enseñanza_escolar,11.360822,4.524886,7.4371037,3.67541
3218,Rayo polarizador,"Antipluralismo, violencia y deshumanización",Batalla cultural; Derecha; Desigualdad,2024-11-28 11:42:28,16,16_brasil_brasilero_brasilia,10.800621,6.5261154,7.2652626,7.518625
3219,Cohetes en la selva,El último rincón de Sudamérica: Guayana Francesa,El último rincón de Sudamérica; Guayana Francesa; Internacional; el ultimo rincon de sudamerica,2024-11-29 15:27:08,36,36_holocausto_terrorista_siria,10.311659,7.693557,12.600135,6.2996244
3220,"Wanda, la que no necesita Nara",El hecho bendito del país chimentero,Wanda Nara; Zapping cultural,2024-12-02 13:46:24,29,29_ficción_protagonista_personaje,7.238061,2.734263,10.940284,1.4118302
3221,Cómo me vinculo con mi sobrino,Trastorno del Espectro Autista,Autismo; Autista; Trastorno del Espectro Autista,2024-12-03 11:18:55,11,11_asesino_testimonio_testigo,6.036839,4.5048366,7.25344,-2.3102708
3222,El profeta del odio,Perfil de Nicolás Márquez,Derechas; La Libertad Avanza; Negacionismo; Nicolás Márquez,2024-12-04 09:42:33,9,9_político_libertario_política,11.521913,4.3001833,9.289398,6.835882
3223,Killer Karina,El Jefe: la hermana presidencial,Derechas; Javier Milei; Karina Milei; La Libertad Avanza; Un año de Milei,2024-12-05 10:00:00,9,9_político_libertario_política,11.603226,5.2849035,9.340983,7.132478
3224,Una sociedad estresada,La estrategia de Milei,Derechas; Donald Trump; Javier Milei; La Libertad Avanza; Un año de Milei,2024-12-05 10:30:00,9,9_político_libertario_política,9.630605,7.9239564,8.772005,5.783661
3225,La táctica del bait,Arancelamiento universitario para extranjeros,Derechas; Discursos de odio; Javier Milei; LEDA-UNSAM,2024-12-05 11:23:47,5,5_pedagógico_enseñanza_escolar,9.8739805,6.357996,3.9709935,-2.5965614
3226,La revolución de las pequeñas cosas,"Universidad, territorio y ecología de saberes",Cuidados; Discursos de odio; PALANCAS; Territorio Educativo; UNSAM,2024-12-05 14:58:49,5,5_pedagógico_enseñanza_escolar,9.078842,6.608944,4.043254,-2.5121882
3227,La estrategia de la serpiente,"O sea, digamos: Juego de roles entre Milei, Macri, Cristina",Cristina Fernández de Kirchner; Javier Milei; O sea digamos; Sin Control 2,2024-12-06 14:20:01,9,9_político_libertario_política,12.26113,5.7890368,9.325279,7.118192
3228,Qué tienen los leones en el corazón,Primer año de Milei,Derechas; Javier Milei; Un año de Milei,2024-12-10 10:11:33,9,9_político_libertario_política,11.263862,6.634585,9.433001,6.7667613
3229,Ruido de mate,Paro de productores yerbateros,Federalismo; Javier Milei; Misiones,2024-12-11 08:55:24,9,9_político_libertario_política,8.610974,7.6830683,8.949362,6.18405
3230,¿Qué se puede hacer salvo hablar de plata?,La conversación social sobre el dinero,Derechas; Inflación; Javier Milei,2024-12-12 10:53:20,4,4_déficit_deuda_endeudamiento,9.419943,8.172558,9.556986,5.2917175
3231,Oro en el barro,El último rincón de Sudamérica: Surinam,El último rincón de Sudamérica; Guayana Francesa; Surinam,2024-12-13 13:36:26,10,10_boliviano_bolivia_político,8.772256,7.1822433,7.439058,3.4569395
3232,Instrucciones para atravesar un campo minado,¿Para qué sirven las ciencias sociales en la Argentina?,Libros,2024-12-17 10:34:01,4,4_déficit_deuda_endeudamiento,8.577355,5.7359605,9.6397085,5.2652774
3233,La mujer que nos enseñó a leer el siglo veinte,El legado de Beatriz Sarlo,,2024-12-17 16:06:33,3,3_literario_escritora_autor,7.1791635,2.6433563,6.49578,-5.492621
3234,Amar odiarla,"Beatriz Sarlo, entre la literatura y la política",Literatura,2024-12-18 12:12:35,3,3_literario_escritora_autor,7.3640714,2.546543,9.400196,3.259582
3235,A la invencible memoria de Otoño Uriarte,Un femicidio que busca verdad,Femicidios,2024-12-19 13:15:06,23,23_justicia_judicial_juzgado,8.848267,3.9610176,7.50584,-2.9906688
3236,Tenemos fe en vos,¿Por qué una Comunidad Anfibia?,#ComunidadAnfibia,2024-12-19 14:53:30,14,14_mediático_periodístico_político,7.668739,4.866343,12.69121,1.1961888
3237,La imaginación al poder,Cien años de soledad,Zapping cultural,2024-12-23 11:20:58,3,3_literario_escritora_autor,8.343721,1.9027188,11.013641,-2.152055
3238,"Ratones, azúcar y pasta base","Siglo XXI reeditó “Mala leche”, de Soledad Barruti",Azúcar,2024-12-26 09:18:58,37,37_astrónomo_ciencia_universo,8.307909,7.8311973,9.764049,-0.0146096265
3239,Petróleo en los corazones,El último rincón de Sudamérica: Guyana,El último rincón de Sudamérica; Guyana,2024-12-27 10:25:04,10,10_boliviano_bolivia_político,8.906406,7.2905536,7.5893054,3.081637
3240,La segunda vida de Cromañón,A veinte años de la masacre,Corrupción; Rock Nacional,2024-12-30 10:16:36,23,23_justicia_judicial_juzgado,8.858849,4.233626,7.6110115,-1.8774078
3241,Viejos irreverentes,"Scorsese, Moretti y Coppola contra la lógica del mercado",Cine; Plataformas; Zapping cultural,2025-01-02 12:22:52,29,29_ficción_protagonista_personaje,8.407732,4.555369,10.974432,-2.05406
3242,No merecemos el espanto,El cierre del Centro Cultural de la Memoria Haroldo Conti,Derechos Humanos; LGBT; LGBTIQ+; LGBTTINB+; cultura,2025-01-03 15:27:44,24,24_arte_artes_art,6.2281585,4.1312146,12.860427,-2.0396512
3243,Un prisionero útil,Cómo fue el secuestro del gendarme argentino Nahuel Gallo,Internacional; Javier Milei; Nicolas Maduro; Patricia Bullrich; Venezuela,2025-01-07 14:35:00,10,10_boliviano_bolivia_político,9.444643,3.6930642,6.785174,4.389179
3244,De la desmaterialización a la desimaginación,¿Quién más quiere un futuro erótico?,Futuridades; Imaginarios,2025-01-08 09:40:27,17,17_innovación_tecnológico_tecno,8.011587,6.859339,9.970017,1.2264359
3245,Zuckermusk: la privatización del discurso público,Nueva era en las redes sociales,Elon Musk; Redes sociales; ahoraen,2025-01-09 11:43:04,31,31_digital_internet_tecnología,7.751166,5.399064,9.935277,2.823136
3246,¡A darle átomos!,El Plan Nuclear Argentino y sus encrucijadas,Cambio climático; Javier Milei; energía atómica,2025-01-14 15:35:33,17,17_innovación_tecnológico_tecno,8.37397,7.7133927,8.714716,1.8485636
3247,Por ríos con agua: el Delta y su marea verde,Ecofeminismo y humedales,,2025-01-15 15:07:16,20,20_ríos_río_arroyo,8.657022,6.611556,5.0101204,-1.1829329
3248,Hijitos de cuatro patas,"Más perros, menos bebés",Javier Milei; mascotas; natalidad; tendencias,2025-01-17 10:35:46,9,9_político_libertario_política,8.905384,7.7577157,9.247682,6.947629
3249,El artista del inconsciente,David Lynch,Cine,2025-01-17 14:36:58,24,24_arte_artes_art,8.362764,4.317339,12.780765,-2.2924643
3250,Inoxidable,La asunción de Trump,Democracia; Derechas; Donald Trump; Internacional,2025-01-20 09:30:00,21,21_soviética_soviético_vladimir,11.837431,6.9382005,7.1872606,3.5804029
3251,El tsunami Trump,"Soberanismo, superioridad tecnológica y retórica imperial",Donald Trump; Elon Musk; Estados Unidos; Internacional; Partido republicano; Ucrania,2025-01-22 12:18:51,21,21_soviética_soviético_vladimir,11.761642,6.996871,7.103089,2.8913202
3252,El último acto del payaso Polilla,¿Cómo es la vida en el circo?,,2025-01-24 10:00:46,24,24_arte_artes_art,8.160851,3.6428783,11.987236,-2.5888472
3253,¿Quién te va a cuidar?,Empresas de medicina prepaga,Violencias; violencia institucional,2025-01-27 11:05:00,8,8_epidemia_vacunar_virus,7.5273952,7.5313735,8.352913,0.6620599
3254,Un estado pedófilo,La dimensión política del abuso,Derechas; Derechos Humanos; Feminismos; Javier Milei; LGBTTINB+,2025-01-27 15:18:15,9,9_político_libertario_política,12.590637,5.6337557,9.468996,6.7897863
3255,Elogio de la acción directa,Marcha Federal del Orgullo Antifascista y Antirracista,Derechos Humanos; Feminismos; Javier Milei; LGBTTINB+,2025-01-28 14:32:08,0,0_político_política_electoral,11.10603,6.5509143,8.768124,4.834418
3256,Cuidado con esta democracia,Los discursos de incivilidad,Discursos de odio; Javier Milei; La Libertad Avanza; violencia institucional,2025-01-29 10:58:39,0,0_político_política_electoral,10.921964,6.4015527,8.457118,5.0633388
3257,Marchar a contramano,Orgullo Antifascista Antirracista LGTBIQNB+,Derechas; Derechos Humanos; Javier Milei; LGBTTINB+,2025-01-31 15:05:56,9,9_político_libertario_política,11.125012,6.4983,9.385677,6.6793575
3258,"Loco, ¿no te sobra una moneda?",Sociedades Anónimas Deportivas,Asociación del Fútbol Argentino; Fútbol; Javier Milei,2025-02-03 11:45:54,2,2_fifa_futbolista_fútbol,9.591792,6.434665,5.4503365,10.9363785
3259,Las Big tech salen del closet,La alianza entre los magnates de Silicon Valley y la extrema derecha,Derechas; Elon Musk; Javier Milei; Redes sociales,2025-02-04 13:32:12,17,17_innovación_tecnológico_tecno,7.545606,6.2848783,9.857676,1.6692889
3260,Cenizas del paraíso,Incendios en la Patagonia,Ambiente; Cambio climático; Incendios forestales,2025-02-05 14:45:27,32,32_catástrofe_desastre_tragedia,8.626247,6.756924,6.0816474,-1.1465964
3261,Inversores e invertides,Lo que nos deja pensar la marcha del 1F,,2025-02-06 15:20:30,9,9_político_libertario_política,12.4653,5.8351364,8.937631,5.2633376
3262,Raros cronistas nuevos,"Preciosas mayúsculas, compilado por Julián Gorodischer",80's; Libros; Periodismo; Periodismo narrativo,2025-02-07 09:29:47,19,19_periodista_periodístico_periódico,8.119277,2.6461957,7.574613,-1.9090375
3263,El agitador,Milei y la mecánica del odio,Derechas; Discursos de odio; Javier Milei,2025-02-11 12:03:21,28,28_futuro_pandemia_crisis,12.156097,7.044409,8.888316,3.2142324
3264,"Ni mano dura, ni garantismo",¿Qué hacer con la seguridad?,Fuerzas de seguridad; Seguridad,2025-02-13 11:54:11,0,0_político_política_electoral,9.916609,6.4710984,8.367989,5.0038524
3265,¿Qué mirás?,Proyecto Tráiler,,2025-02-14 09:51:57,24,24_arte_artes_art,7.7560005,3.9745297,12.8914995,-2.243178
3266,Los cuentos de la cripto,¿Cuánto nos costará el último tuit del presidente troll?,Criptogate; Javier Milei,2025-02-16 22:58:46,9,9_político_libertario_política,10.763611,5.15054,10.121485,3.028772
3267,Soltar la guerra,Siria después de Bshar Al Assad,Guerra; Internacional; Siria,2025-02-17 14:59:50,36,36_holocausto_terrorista_siria,10.8911705,7.911621,12.649171,6.3331237
3268,Porno y pescado,Milei: la estafa de su verdad,$LIBRA; CulturaHype; Hipersticion; Milei,2025-02-18 13:22:50,9,9_político_libertario_política,12.498983,5.5067835,9.392072,7.071516
3269,¿Quién salvará al periodismo?,Trump contra la libertad de expresión,,2025-02-19 13:37:04,19,19_periodista_periodístico_periódico,12.127875,7.129665,12.849978,1.4116944
3270,Una devaluación en ciernes,¿Cómo reaccionará el votante de Milei?,$LIBRA; Criptogate; Javier Milei,2025-02-21 12:17:49,9,9_político_libertario_política,12.52651,5.6248584,9.18052,6.6404123
3271,Vigilar y denunciar,¿Existe el adoctrinamiento escolar?,Derechas; Escuelas,2025-02-25 11:59:31,5,5_pedagógico_enseñanza_escolar,5.9375906,5.6750913,3.751302,-3.4428153
3272,Decretado supremo,Perfil del juez Ariel Lijo,Corte Suprema; Javier Milei; Justicia,2025-02-25 19:13:58,23,23_justicia_judicial_juzgado,9.853063,4.891331,11.305141,4.2763567
3273,La moneda rebelde,Criptomundo,$LIBRA; Criptogate; Derechas; Javier Milei,2025-02-26 10:03:53,4,4_déficit_deuda_endeudamiento,9.731254,8.401999,8.75478,3.3467093
3274,Bajar es lo peor,¿Qué hacemos con los pibes que delinquen?,Edad de punibilidad; Sistema Penal,2025-02-27 11:50:00,23,23_justicia_judicial_juzgado,9.123595,6.099756,7.6877155,-1.7508471
3275,Los de afuera son de palo,Discursos anti-inmigratorios en la campaña alemana,Alemania; Internacional; Migración,2025-02-28 11:10:13,10,10_boliviano_bolivia_político,10.962536,6.725649,7.139443,4.4089804
3276,"La libertad avanza, con o sin el Congreso",Milei en la apertura de sesiones legislativas,Congreso; Javier Milei; La Libertad Avanza,2025-03-02 00:06:11,9,9_político_libertario_política,12.562997,5.643181,9.312106,7.134382
3277,Sonreír contra el fascismo,"El fenómeno de ""Aún estoy aquí""",,2025-03-03 17:56:56,16,16_brasil_brasilero_brasilia,8.695554,3.0337176,6.9897184,8.345887
3278,La pelea no es por los U$S 12 mil millones,"El Paraná, la hidrovía y la ciencia ficción capitalista",Futuros; Hidrovía,2025-03-05 08:06:23,20,20_ríos_río_arroyo,8.594959,6.69816,4.8230953,-1.1340631
3279,La democracia detrás de escena,“Parlamento” de Piel de Lava,Derechas; Futuro Imperfecto; Teatro,2025-03-06 14:48:14,24,24_arte_artes_art,9.810081,5.737273,12.687664,-2.2391934
3280,Las que marcharon antes,Nueva Historia de las Mujeres en la Argentina,8M,2025-03-07 11:58:43,1,1_feminismo_feminista_patriarcado,6.490816,2.7624643,10.4479065,-4.336634
3281,Antes el agua era una bendición,Catástrofe climática en Bahía Blanca,Agua; Bahía Blanca; Inundación,2025-03-11 13:42:01,20,20_ríos_río_arroyo,9.041578,5.321902,5.387179,-1.0678649
3282,Un tiro a la democracia,Represión a hinchas y jubilados,Jubilados; Patricia Bullrich; Represión; Violencia policial,2025-03-13 11:06:55,2,2_fifa_futbolista_fútbol,9.384974,4.3384137,5.5544944,10.918587
3283,Ruina y belleza del igualitarismo,Legitimar la violencia,,2025-03-14 13:40:33,25,25_violencia_feminismo_feminista,10.730136,6.659928,8.494545,-4.161032
3284,Soberanía o sumisión,Contrastes en tiempos de cambio político,,2025-03-18 15:08:10,9,9_político_libertario_política,10.145244,6.4403973,9.100849,6.578891
3285,Tocar fondo,¿Cómo entender el nuevo acuerdo con el FMI?,Derechas; Dólar; FMI; Javier Milei,2025-03-21 11:41:16,4,4_déficit_deuda_endeudamiento,9.712457,8.349233,10.105655,5.603181
3286,Los que están en la calle pueden desaparecer,Día de la Memoria en la Argentina libertaria,24M: Día de la memoria por la verdad y la justicia; Derechas; Dictadura; Javier Milei,2025-03-24 12:32:13,11,11_asesino_testimonio_testigo,8.910247,3.887425,8.119779,-2.724328
3287,De coger ni hablar,Los vínculos sexoafectivos de las nuevas generaciones,Crisis; Feminismos; Juventudes,2025-03-27 11:56:31,1,1_feminismo_feminista_patriarcado,5.7073693,3.6857615,9.209343,-3.4912379
3288,¿Qué es ser un hombre para vos?,Adolescence: la serie que nos dejó temblando,Feminismos; Géneros; Masculinidades; Netflix,2025-03-28 10:17:28,5,5_pedagógico_enseñanza_escolar,6.04389,3.7807577,10.095307,-2.4650455
3289,Todos juegan,Elecciones legislativas en CABA,CABA; Elecciones; Jorge Macri; Karina Milei; Leandro Santoro,2025-03-31 10:52:03,9,9_político_libertario_política,11.922789,5.5391526,8.87574,6.4610367
3290,El enemigo público de los kelpers,Una historia de Malvinas,Malvinas,2025-04-01 15:54:56,33,33_submarino_marino_naufragio,9.687003,3.5455105,3.9311218,0.45701873
3291,Nosotros no sabíamos,"40 años de ""La Historia oficial""",Cine; Dictadura; Zapping cultural,2025-04-03 13:09:17,29,29_ficción_protagonista_personaje,8.6750145,2.9764724,11.2015295,-2.1104279
3292,El supremo imposible,Tres escenarios para Lijo y García Mansilla,,2025-04-04 08:30:00,23,23_justicia_judicial_juzgado,12.519404,5.580366,11.214686,4.326593
3293,Vivir y morir bajo tierra,Tragedia minera en Santa Cruz,Minería; Muerte; Policiales,2025-04-09 08:35:01,15,15_sindicalismo_reforma_político,9.239662,4.8875546,6.3233447,1.283827
3294,"Es el racismo, estúpido",Guerra comercial global,Donald Trump; Estados Unidos; Internacional,2025-04-09 13:58:28,4,4_déficit_deuda_endeudamiento,9.375874,8.208957,7.2730927,1.8893299
3295,"Chocarla, pero más rápido",Impasse en el aceleracionismo libertario,Derechas; Guerra de aranceles; Internacional; Javier Milei; Lunes negro,2025-04-10 12:48:09,9,9_político_libertario_política,10.902535,7.1948204,9.35031,7.036885
3296,Cuando la política se somete a la ideología,Cinco apuntes sobre la guerra comercial,China; Crisis; Estados Unidos; Guerra de aranceles; Internacional,2025-04-11 12:46:06,21,21_soviética_soviético_vladimir,9.405498,8.239494,7.199203,2.9710965
3297,No vayas a atender cuando el Fondo llama,Salida del cepo y acuerdo con el FMI,Dólar; FMI,2025-04-14 13:27:43,4,4_déficit_deuda_endeudamiento,9.641151,8.518141,10.155018,5.566902
3298,Arqueología de tu remera,Industria textil en riesgo,Cepo; Industria textil,2025-04-16 14:14:39,15,15_sindicalismo_reforma_político,8.916507,7.4134984,7.0353265,1.6914508
3299,Una nostalgia de lo común,El mundo en crisis,Derechas; España; Internacional; Javier Milei,2025-04-16 14:17:37,9,9_político_libertario_política,10.351067,5.999006,9.270106,6.8504486
3300,¿Y ahora quién cuidará el barrio?,Carta de despedida a Francisco,Papa Francisco,2025-04-21 15:57:52,13,13_papal_catolicismo_arzobispo,11.992162,2.555822,-1.7078514,7.520474
3301,El papa de las periferias,La última cena de los salidos de la iglesia,Derechas; Internacional; Papa Francisco,2025-04-21 18:59:58,13,13_papal_catolicismo_arzobispo,12.009687,2.5775807,-1.7754618,7.5391564
3302,Desvaticanizar la Iglesia,El legado de Francisco,Papa Francisco,2025-04-22 10:44:40,13,13_papal_catolicismo_arzobispo,12.002344,2.605905,-1.804377,7.564933
3303,El último hombre bueno,Murió el papa Francisco,Derechas; Papa Francisco,2025-04-22 10:45:00,13,13_papal_catolicismo_arzobispo,12.021083,2.5264428,-1.8157665,7.6035986
3304,El invierno y el humo,La Iglesia después de Francisco,Derecha; Internacional; Papa Francisco; Rossana Reguillo,2025-04-22 11:47:50,13,13_papal_catolicismo_arzobispo,12.01126,2.5910504,-1.74083,7.6120944
3305,Hundir el bisturí hasta donde sea soportable,Claves para entender al Papa pragmático,LGBT; LGBTIQ+; Papa Francisco,2025-04-23 15:59:56,13,13_papal_catolicismo_arzobispo,11.990006,2.5933344,-1.7421288,7.5762963
3306,Cambio de raíz,"Universidad, territorio y ecología de saberes",PALANCAS; Territorio Educativo; UNSAM,2025-04-25 11:37:06,5,5_pedagógico_enseñanza_escolar,8.607439,5.990454,3.760981,-2.7806046
3307,Un poco más solos,Las dos plazas de Francisco,Iglesia Católica; Papa Francisco; Plaza de Mayo,2025-04-26 20:20:59,13,13_papal_catolicismo_arzobispo,11.472096,2.8949382,-1.7877992,7.6442194
3308,¿Vivir sin noticias es peor que vivir sin luz?,Crónica urgente del apagón: 12 horas en un tren,ApagónEspaña; Ceroabsoluto; Colapsoenergetico,2025-04-29 14:03:40,13,13_papal_catolicismo_arzobispo,9.346381,4.741021,10.659746,2.1808753
3309,Inteligencia colectiva,"Universidad, territorio y ecología de saberes",Inteligencia artificial; PALANCAS; Territorio Educativo; UNSAM,2025-04-30 09:26:50,17,17_innovación_tecnológico_tecno,8.514879,6.003692,9.769463,1.6209998
3310,La mano del rey de la selva,Santiago Caputo,Javier Milei; La Libertad Avanza; Perfil político; Sin Control 2; Un año de Milei,2025-04-30 09:40:00,9,9_político_libertario_política,11.660377,4.9796715,9.1545725,6.7451153
3311,¿Mi jefe es un algoritmo?,Día del Trabajador: emprendedurismo y plataformas,Plataformas; Trabajo,2025-04-30 18:48:04,15,15_sindicalismo_reforma_político,9.722232,7.2604957,6.292829,1.3191007
3312,Eterno resplandor de un navegante en el tiempo,El Eternauta de Stagnaro,Bruno Stagnaro; Cine; Cine argentino; El Eternauta; Netflix,2025-05-05 12:07:48,29,29_ficción_protagonista_personaje,7.5580134,6.2332797,10.935398,-2.135766
3313,"Francisco, un gran pecador",“El loco de Dios en el fin del mundo”,No ficción; Papa Francisco,2025-05-07 09:02:15,13,13_papal_catolicismo_arzobispo,11.998566,2.548864,-1.7696682,7.5368676
3314,Un nuevo líder para un mundo dislocado,Habemus Papam: León XIV,Iglesia Católica; Papa Francisco; Papa León XIV,2025-05-09 15:43:31,13,13_papal_catolicismo_arzobispo,12.016466,2.560765,-1.7102777,7.51487
3315,Una travesti que viva para contarlo,Tesis sobre una domesticación,Cine; Cine argentino; LGBT; LGBTIQ+; LGBTTINB+,2025-05-12 09:07:37,29,29_ficción_protagonista_personaje,6.2193656,3.5462158,10.952978,-2.1112735
3316,No quiero llanto ni pena,Murió Pepe Mujica,Internacional; Perfil político; Uruguay,2025-05-13 10:18:00,0,0_político_política_electoral,10.054321,3.6255937,7.502321,4.9458094
3317,Señal de ajuste,TV pública y motosierra,Medios de comunicación; TV; Zapping cultural,2025-05-16 10:20:44,14,14_mediático_periodístico_político,7.6215363,5.136639,10.10255,3.0651617
3318,Fin.,"La batalla porteña, el día después",CABA; Elecciones; Javier Milei; PRO; Peronismo,2025-05-19 11:00:19,9,9_político_libertario_política,11.971426,5.56556,8.843612,6.4113984
3319,"Urnas, mentiras y video",Elecciones y barroquismo digital,Derechas; Inteligencia artificial; Javier Milei; Redes sociales,2025-05-19 17:16:12,9,9_político_libertario_política,12.569141,5.519753,9.238305,6.7106857
3320,Ser leyenda,Alejandro Dolina,Libros; Radio; TV; Zapping cultural,2025-05-20 17:45:00,2,2_fifa_futbolista_fútbol,9.910214,2.3087327,5.890284,11.343436
3321,¿Por qué las inundaciones son cada vez peores?,"Océano, caos climático y eventos extremos",Calentamiento global; Inundaciones; Océano; Servicio Meteorológico Nacional,2025-05-23 09:16:07,33,33_submarino_marino_naufragio,8.450937,7.0735703,4.796849,-0.57094216
3322,Los divinos,"Después de “El loco”, llega “Las fuerzas del cielo”",Javier Milei; Karina Milei; Libros,2025-05-27 08:56:57,9,9_político_libertario_política,12.604302,5.5093303,9.359247,7.126736
3323,El creador del alma popular,Catorce apuntes sobre Leonardo Favio,Cine; Leonardo Favio; Música; Zapping cultural,2025-05-28 10:09:00,38,38_bailarín_tango_protagonista,8.448508,2.8809223,10.892836,-2.1573315
3324,La fórmula latinoamericana,Izquierdas y derechas en el sur global,Derechas,2025-05-28 10:57:34,0,0_político_política_electoral,10.53596,6.1578083,8.186015,4.527242
3325,No nos vamos a abandonar ahora,Ni Una Menos: apuntes de una historia en curso,3J; Democracia; Feminismos; Ni Una Menos,2025-05-29 14:32:58,1,1_feminismo_feminista_patriarcado,10.90338,6.4450636,10.18861,-4.702659
3326,Una mamadera en la mochila,Maternar y estudiar para seguir soñando,Adolescencia; Anticoncepción; Cuidados; Maternidad Temprana; Salud sexual y reproductiva,2025-05-29 15:06:39,5,5_pedagógico_enseñanza_escolar,4.587485,3.9526014,7.227959,-2.4184055
3327,Andate a tu país,La reforma migratoria de Milei,,2025-06-02 15:13:07,7,7_aborto_abortar_anticonceptivo,9.514703,6.3603253,8.028492,3.9319863
3328,El fusilado que vive,Pablo Grillo de alta,Derechas; Fuerzas de seguridad; Javier Milei; Patricia Bullrich,2025-06-03 12:54:52,39,39_morir_muerte_moribundo,9.53855,3.968318,9.281401,-1.370482
3329,Incendios: la reconfiguración verde del privilegio,¿Quién más quiere una cobertura climática personalizada?,Ecología; Incendios; Tecnología; Transición energética,2025-06-05 09:06:38,32,32_catástrofe_desastre_tragedia,8.522819,6.972934,6.2544456,-1.0342966
3330,¿Quiénes cuidan a las niñas que cuidan?,Maternidad temprana y redes de afectos,Adolescencia; Anticoncepción; Cuidados; Maternidad Temprana; Salud sexual y reproductiva,2025-06-05 13:01:01,5,5_pedagógico_enseñanza_escolar,4.6556973,4.0345798,4.6949735,-2.918375
3331,Nunca más candidata,Cristina condenada,Corte Suprema; Cristina Fernández de Kirchner; Peronismo; kirchnerismo,2025-06-11 00:14:00,0,0_político_política_electoral,11.164139,5.580985,8.836615,4.391184
3332,La orfandad,Cristina condenada,Corte Suprema; Cristina Fernández de Kirchner; Peronismo,2025-06-11 10:01:41,0,0_político_política_electoral,12.179831,5.335097,8.642652,5.891776
3333,Mirá cómo tiembla la democracia,Cristina condenada,Corte Suprema; Cristina Fernández de Kirchner; Justicia; Medios de comunicación; Peronismo; kirchnerismo,2025-06-11 14:49:48,23,23_justicia_judicial_juzgado,10.000029,6.3754945,9.630715,4.16503
3334,Semántica de la violencia,Doctrina Milei en política exterior,Internacional; Javier Milei; Política exterior,2025-06-12 11:20:10,9,9_político_libertario_política,12.420956,5.4303102,9.17804,6.8189297
3335,Goce antiperonista de masas,Cristina Condenada,CFK; Corte Suprema; Peronismo; Vialidad,2025-06-12 13:18:37,23,23_justicia_judicial_juzgado,10.406781,5.1433926,10.106356,4.3001
3336,¿Y ahora quién me aúpa?,Embarazo adolescente y políticas de prevención,Adolescencia; Anticoncepción; Cuidados; Maternidad Temprana; Salud sexual y reproductiva,2025-06-13 08:22:07,7,7_aborto_abortar_anticonceptivo,4.6819124,3.8532035,9.727718,-6.166275
3337,Yo defendí la Casa Rosada,Especial 70 años de los bombardeos a Plaza de Mayo,Peronismo; Plaza de Mayo,2025-06-16 08:42:06,10,10_boliviano_bolivia_político,9.678682,3.890296,6.791622,3.5450776
3338,Objetivo: los puntos negros,Especial 70 años de los bombardeos a Plaza de Mayo,Peronismo; Plaza de Mayo,2025-06-16 08:48:56,20,20_ríos_río_arroyo,8.900529,2.7427397,6.856755,-1.6264372
3339,Una ciudad que ya no reconocía,70 años de los bombardeos a Plaza de Mayo,Peronismo; Plaza de Mayo,2025-06-16 08:49:42,32,32_catástrofe_desastre_tragedia,9.700776,3.779369,6.824911,-1.189444
3340,"Líder presa, peronismo liberado",Cristina condenada,Cristina Fernández de Kirchner; Elecciones; Javier Milei; Peronismo; Poder Judicial; kirchnerismo,2025-06-17 10:52:52,0,0_político_política_electoral,11.832571,5.73026,9.0716305,4.912924
3341,Rayo peronizador,Masivo apoyo a CFK en Plaza de Mayo,Fallo contra CFK; Movilización; Peronismo,2025-06-18 19:05:18,9,9_político_libertario_política,11.580798,6.1250005,8.956789,5.188008
3342,La desenfrenada,"Bullrich, panóptico y distopía",Derechas; Fuerzas de seguridad; Javier Milei; Patricia Bullrich; Represión; Seguridad,2025-06-19 13:15:53,6,6_asesinato_policía_policial,9.746878,4.330325,7.3532143,4.4054327
3343,¿Solo una cuestión nuclear?,"Irán e Israel en guerra, y ahora Trump",Donald Trump; Estados Unidos; Guerra; Internacional; Irán; Israel,2025-06-23 12:10:09,27,27_israel_netanyahu_israelí,11.133448,8.045217,14.626958,6.423616
3344,La gente existe,La calle y la política,Fallo contra CFK; Javier Milei; Peronismo,2025-06-25 11:45:55,9,9_político_libertario_política,12.355168,5.7151217,8.887036,5.857176
3345,La mujer en cuestión,Las mil muertes de Nora Dalmasso,Femicidio; Justicia; Nora Dalmasso,2025-06-26 12:56:48,11,11_asesino_testimonio_testigo,7.334569,3.8649,7.9593363,-2.5395846
3346,¿Qué habría sido de mi vida sin leer?,Caparrós en Buenos Aires,Crónica,2025-06-27 13:33:40,3,3_literario_escritora_autor,9.306139,2.595953,6.6607275,-5.30253
3347,Qué nos queda cuando los vientos no ayudan,"Navegar es necesario, una metáfora absoluta",,2025-07-02 09:22:00,33,33_submarino_marino_naufragio,8.610908,5.9890895,3.7651389,0.396108
3348,Confesiones de invierno,"YPF en riesgo, derecho a la energía, frío polar",YPF; energía; ola polar,2025-07-04 15:46:22,12,12_economía_económico_futuro,8.3558235,7.6828356,8.470756,1.875721
3349,Una IA latinoamericana es posible,Se lanza LatamGPT,Inteligencia artificial,2025-07-07 13:04:56,17,17_innovación_tecnológico_tecno,7.2335935,6.539603,9.567249,1.5049943
3350,Fracasados y optimistas,Caparrós en Argentina,,2025-07-09 10:27:45,5,5_pedagógico_enseñanza_escolar,9.5757675,2.7284083,4.165531,-2.6989522
3351,"Mis dólares, su decisión",Capitalismo de evasores,Deuda; Dólar; FMI,2025-07-10 09:34:32,4,4_déficit_deuda_endeudamiento,9.614228,8.357702,10.124643,5.618973
3352,"Sí, soy cruel",La verdadera historia de Ricardo III,Teatro,2025-07-11 11:06:47,29,29_ficción_protagonista_personaje,8.787066,4.6697865,9.68966,-2.118106
3353,Las venas abiertas del Garrahan,El hospital pediátrico más importante de América Latina,Javier Milei; Salud,2025-07-14 13:24:22,39,39_morir_muerte_moribundo,7.509944,7.798024,8.482234,-0.11282167
3354,La estetización del daño,"“Menem”, de Ariel Winograd",Amazon Prime; Carlos Saúl Menem; Liberalismo; Neoliberalismo; Series; Zapping cultural,2025-07-16 11:10:19,29,29_ficción_protagonista_personaje,12.562628,5.606249,10.405708,-2.2201
3355,AMIA: una escalera imposible,A 31 años del atentado,AMIA; Justicia; Memoria,2025-07-18 09:05:57,33,33_submarino_marino_naufragio,8.628886,3.6603386,6.772471,-1.7599357
3356,Antes que te vayas dame un rezo,Daddy Yankee con miles de evangélicos en el conurbano,Evangélicos; Peronismo,2025-07-21 13:26:58,13,13_papal_catolicismo_arzobispo,11.356553,2.7315748,-1.8006802,7.6353097
3357,Una fiesta libertaria y popular,El Lollapalooza de la derecha,Derechas; Javier Milei; Libertarios; Sin Control 2; Un año de Milei,2025-07-22 09:42:00,9,9_político_libertario_política,4.6541495,3.3430622,9.405253,6.8071027
3358,Escenas de una batalla cultural animada,La nueva programación de Pakapaka,Dibujos animados; Pakapaka; Zapping cultural,2025-07-23 08:00:00,29,29_ficción_protagonista_personaje,7.427025,4.0404196,10.371078,-2.287693
3359,Nos persiguen los 90,"Timba, política y corrupción",Menemismo; Puente Rosario Victoria; obra pública,2025-07-25 09:05:34,29,29_ficción_protagonista_personaje,7.3772364,2.4875648,11.203716,-2.1733394
3360,Pinchate y hacete hombre,"Testosterona, la performance sobre masculinidades",Discursos de odio; Performance; Testosterona,2025-07-28 13:11:16,39,39_morir_muerte_moribundo,5.713299,3.5328293,9.603886,-2.2019093
3361,El aullido del hambre,Gaza en primera persona,Guerra; Internacional; Israel; Palestina,2025-07-29 12:25:22,27,27_israel_netanyahu_israelí,8.686471,7.733643,14.617915,6.3836412
3362,Viejos de miércoles,La marcha de los jubilados,Javier Milei; Jubilados,2025-07-30 13:10:12,40,40_manifestación_feminista_multitud,11.038449,5.0353847,9.021529,5.2064795
3363,Rica y peligrosa,Una historia de la deuda argentina,Deuda; Deuda externa,2025-08-01 10:33:00,4,4_déficit_deuda_endeudamiento,9.5423155,8.262375,10.542551,5.5575128
3364,Palos en la rueda,Ley de Emergencia en Discapacidad,Congreso; Discapacidad; Javier Milei,2025-08-06 11:48:48,10,10_boliviano_bolivia_político,9.090628,7.404948,8.025057,3.884351
3365,¿Ellas también son feministas?,Mujeres de derecha,Derechas; Feminismos; Javier Milei; Rossana Reguillo,2025-08-08 09:04:39,1,1_feminismo_feminista_patriarcado,5.429644,3.0292375,10.026161,-4.5622625
3366,Todos fuimos el mar,"Ciencia, streaming y un sueño colectivo",Océanos,2025-08-11 09:52:23,33,33_submarino_marino_naufragio,8.66822,5.9035797,4.7655745,-0.5274942
3367,Formas de reinventar la vida,Consumo y adicciones en Argentina,Cosas que funcionan,2025-08-11 11:03:19,41,41_pobreza_inmobiliario_habitante,10.062895,4.53169,7.1031866,-1.2370204
3368,Una escuela de cuidado,Comedores populares en Colombia,Cosas que funcionan,2025-08-11 11:03:37,15,15_sindicalismo_reforma_político,10.297418,4.470591,7.0773787,0.3622301
3369,Minería en territorio sagrado,Resistencia indígena en la amazonía,Cosas que funcionan,2025-08-11 11:03:53,20,20_ríos_río_arroyo,8.851542,5.82994,4.9621406,-1.1861093
3370,Agua limpia es agua llorada,La lucha por el ambiente en el caribe colombiano,Cosas que funcionan,2025-08-11 11:04:01,20,20_ríos_río_arroyo,8.558714,6.838353,4.9315653,-1.1029828
3371,La persistencia,Una presentación de Cosas Que Funcionan,CQF; Cosas que funcionan,2025-08-11 11:10:11,31,31_digital_internet_tecnología,8.871838,6.27513,10.144702,1.2097373
3372,Un oasis entre el cemento y los agroquímicos,La lucha agroecológica en la Argentina mediterránea,Cosas que funcionan,2025-08-12 13:01:43,15,15_sindicalismo_reforma_político,9.03106,6.746536,6.7654676,0.32421097
3373,Florecer en el barro,Resistir la desigualdad y la crisis climática en Medellín,Cosas que funcionan,2025-08-13 16:31:39,41,41_pobreza_inmobiliario_habitante,8.746053,6.7790437,7.002343,-1.1974387
3374,144 veces no,Prandi vs. Contardi,Abuso sexual; Feminismos; Justicia; Ni Una Menos,2025-08-14 13:27:54,25,25_violencia_feminismo_feminista,9.054141,4.3947906,8.479049,-3.9087186
3375,Todas las muertes de Diego Fernández Lima,"La aparición de un cuerpo, 41 años después",Desaparecidos; EAAF,2025-08-15 12:10:39,39,39_morir_muerte_moribundo,9.281748,3.979564,7.2090774,-1.6580257
3376,Tras el rastro del veneno,Familias frente al fentanilo contaminado,Derechos Humanos; Salud; fentanilo,2025-08-20 13:40:44,42,42_padre_papá_hijo,9.204049,4.321122,6.800854,-3.1445045
3377,La leyenda del algarrobo caminante,Resistencia a la minería en Andalgalá,Cosas que funcionan,2025-08-20 19:50:53,20,20_ríos_río_arroyo,8.811821,6.8735094,4.88654,-1.1557155
3378,El partido de los gobernadores,Protagonistas en el Congreso que se recalienta,Congreso; Elecciones; Federalismo; Javier Milei; gobernadores,2025-08-21 13:45:34,9,9_político_libertario_política,11.868256,6.2496514,8.918504,6.31341
3379,El poder de la ficción,El INT frente al vaciamiento libertario,,2025-08-22 11:52:05,24,24_arte_artes_art,7.4139414,4.466837,12.672427,-1.9357095
3380,El río que arrasa,Policrisis en el gobierno de Milei,Corrupción; Milei; discapacitados; policiriss,2025-08-24 13:50:59,28,28_futuro_pandemia_crisis,10.105779,7.592958,8.636666,3.1549947
3381,El clan,La historia de los Menem en el Estado,Carlos Saúl Menem; Congreso; Javier Milei; La Libertad Avanza,2025-08-25 08:46:00,9,9_político_libertario_política,11.798768,5.3879375,9.1999855,6.9156303
3382,"Karina, entre la mafia y el Estado",Corrupción sin marco teórico,Corrupción; Javier Milei; Karina Milei; La Libertad Avanza,2025-08-25 13:22:37,9,9_político_libertario_política,12.370419,5.664984,8.909975,6.4082274
3383,El prócer tardío,"Ángel Di María, del estigma al heroísmo",Di María; Fútbol; Messi; Rosario; Rosariocronica; Selección Argentina,2025-08-29 09:05:00,2,2_fifa_futbolista_fútbol,10.492054,5.3094225,5.0458503,11.108521
3384,El imperio contraataca,Trumpismo 2.0: nuevas turbulencias para la economía global,China; Donald Trump; Estados Unidos; Guerra de aranceles; Internacional,2025-08-29 12:00:56,21,21_soviética_soviético_vladimir,10.7200165,7.3297315,7.1658173,2.8035278
3385,"Sale Consenso, entra Núcleo duro",Gobiernos espejo,Derechas; Donald Trump; Estados Unidos; Internacional; Javier Milei; La Libertad Avanza,2025-09-01 08:09:31,0,0_político_política_electoral,12.036623,6.1508956,8.120318,5.5110164
3386,Historia de un audio,"Democracia, espionaje y periodismo",Democracia; Espionaje; Periodismo,2025-09-01 16:19:50,9,9_político_libertario_política,8.301072,5.045618,9.2182045,6.707671
3387,Todas las caras del dólar,Mucho más que una moneda fuerte,Dólar; Libros,2025-09-03 09:45:00,4,4_déficit_deuda_endeudamiento,9.537619,8.360623,10.42955,5.5590487
3388,"Feos, sucios y malos",La resistencia de los cartoneros porteños,,2025-09-05 12:22:21,15,15_sindicalismo_reforma_político,8.525493,7.6849194,6.819279,0.41803506
3389,Cien veces Rosa,La Vice de Abuelas,24M: Día de la memoria por la verdad y la justicia; Abuelas de Plaza de Mayo; Derechos Humanos,2025-09-07 11:08:31,11,11_asesino_testimonio_testigo,8.932292,3.819455,7.510627,-2.1807268
3390,Maravillosa jugada,La apuesta de Axel Kicillof,Axel Kicillof; Elecciones; Peronismo,2025-09-08 12:01:14,0,0_político_política_electoral,11.586525,5.7618155,8.188025,5.9178667
3391,El próximo colapso,Crisis y reordenamiento del capitalismo argentino,La Libertad Avanza,2025-09-09 16:42:18,4,4_déficit_deuda_endeudamiento,9.591037,8.201029,9.622431,5.4010673
3392,Jugar a la pelota,El fútbol que le gusta a Scaloni,Fútbol; Mundial de fútbol; Scaloneta,2025-09-10 11:44:42,2,2_fifa_futbolista_fútbol,10.6605625,2.1733232,5.133089,10.900219
3393,Un límite a la brutalidad,La salida democrática,Axel Kicillof; Democracia; Derechas; Derechos Humanos; Elecciones; Javier Milei; La Libertad Avanza; Peronismo; fascismo,2025-09-11 13:03:15,9,9_político_libertario_política,10.181906,5.7186975,8.898869,6.0216994
3394,"¡Viva la universidad, carajo!",Marcha federal universitaria,Derechas; LEDA-UNSAM; Marcha Universitaria; Un año de Milei,2025-09-12 09:00:00,5,5_pedagógico_enseñanza_escolar,5.940599,6.0317383,3.6679773,-3.0236304
3395,Promptear no es pensar,Chat GPT en las universidades,Chat GPT; Inteligencia artificial; Universidad pública,2025-09-12 09:24:23,17,17_innovación_tecnológico_tecno,7.0584717,6.4106765,9.589832,1.5873202
3396,Un cordobés en el fuego de Nepal,Crónica desde Katmandú,Estallido; Internacional; Nepal,2025-09-15 14:25:38,41,41_pobreza_inmobiliario_habitante,8.997711,5.232177,6.9256644,-0.5474767
3397,Votar por mano propia,La agenda local de los bonaerenses,Buenos Aires; Elecciones; Federalismo; Peronismo,2025-09-17 10:00:35,0,0_político_política_electoral,11.528826,5.766591,7.895176,5.0065365
3398,Soberanía digital para hackear la democracia,La encrucijada de la política en el mundo de la IA,Inteligencia artificial,2025-09-19 08:18:04,17,17_innovación_tecnológico_tecno,8.1793785,5.905076,9.699765,1.5996383
3399,Nacer con abstinencia,Lo real real: investigación sobre embarazos y adicciones,Adicciones; Embarazos; Lo Real Real,2025-09-22 13:06:50,7,7_aborto_abortar_anticonceptivo,5.5029674,4.422894,10.172677,-6.127782
3400,Plan dolarcito y superávit de fantasía,La economía al rojo vivo,La Libertad Avanza,2025-09-23 15:50:56,4,4_déficit_deuda_endeudamiento,9.470523,8.219604,10.64442,5.678754
3401,El día que Belén nos vio,La película de Dolores Fonzi,Aborto; Cine; Cine argentino; Feminismos; Justicia; Zapping cultural,2025-09-24 10:26:15,29,29_ficción_protagonista_personaje,6.968506,3.0758703,10.310443,-2.6057255
3402,Casas para hoy y un proyecto para el futuro,Barrios populares en Colombia,Cosas que funcionan,2025-09-24 12:37:41,41,41_pobreza_inmobiliario_habitante,10.186806,4.5078735,6.62462,-1.1659075
3403,"Brenda, Morena y Lara: las preguntas que faltan",Triple femicidio: género y crimen organizado,Triple femicidio,2025-09-25 15:19:56,25,25_violencia_feminismo_feminista,7.819337,3.9748828,8.964999,-4.3925347
3404,Sesgados,¿Quién puede ser libre con hambre?,Derechas; La Libertad Avanza; Neoliberalismo; Protesta social,2025-09-26 10:28:50,4,4_déficit_deuda_endeudamiento,9.351077,8.066329,9.8660145,5.3483763
3405,¿Nos juntamos a escuchar un disco entero?,"La utopía del álbum completo: tangible, lento, ritual",ARTLAB; Lentitud; Música,2025-09-26 13:53:08,22,22_música_musical_músico,7.215289,4.8051295,14.948334,-4.00929
3406,"Consejos para mi amigo, el ilustre","Cristian Alarcón, personalidad destacada de la cultura",,2025-09-26 14:53:00,3,3_literario_escritora_autor,8.2293215,2.9591029,12.331645,0.54354465
3407,Violencia tecnológica institucional,El gobierno del odio y los algoritmos,,2025-09-29 18:30:28,25,25_violencia_feminismo_feminista,8.146259,5.5882654,8.882747,-4.128369
3408,Una última vuelta para la bicicleta financiera,¿Quiénes ganan con el carry trade?,Carry trade; La Libertad Avanza; Liberalismo,2025-09-30 09:34:37,4,4_déficit_deuda_endeudamiento,9.459363,8.364921,10.644581,5.645471
3409,La sangre de Lugones,El pasado desconocido del ministro de Salud,Derechos Humanos; Desaparecidos; Dictadura; ESMA; La Libertad Avanza; Salud,2025-10-02 11:32:42,9,9_político_libertario_política,9.1629305,3.7211003,9.224421,6.799762
3410,María Moreno y su propio carnet de rareza,Sobre La Merma,Honoris Causa; La Merma,2025-10-03 10:23:23,39,39_morir_muerte_moribundo,7.9244413,2.1697173,9.342073,-2.1874406
3411,ASÍ NO SE PUEDE VIVIR,Triple femicidio,Femicidio; Narco; Pobreza; Violencias,2025-10-06 15:28:20,11,11_asesino_testimonio_testigo,8.443242,4.0575113,7.585201,-1.8065318
3412,Heridas de un cuento inventado,La identidad judía ante el genocidio en Gaza,Derechas; Derechos Humanos; Internacional; Israel; Javier Milei; Palestina,2025-10-07 10:36:39,27,27_israel_netanyahu_israelí,11.198352,8.164101,14.6558895,6.4226694
3413,Un acorde de Kafka para entender a Milei,"El temblor de las ideas, de Diego Sztulwark",Javier Milei; Libros,2025-10-08 10:51:38,22,22_música_musical_músico,12.180839,5.373961,14.664663,-3.9871533
3414,La reina del carbón,Una mujer trans en la mina,,2025-10-08 21:00:00,1,1_feminismo_feminista_patriarcado,8.025253,2.576298,10.42744,-4.2619867
3415,Sociología del llanto,"Espert, la casta y el financiamiento de la política",Corrupción; La Libertad Avanza; Narcotráfico,2025-10-09 10:59:08,9,9_político_libertario_política,11.898621,5.766322,8.804335,6.323438
3416,Francia no quiere ser Argentina,Del “que se vayan todos” al “bloqueemos todo”,Ajuste; Bloquons tout; Derechas; Derechos sociales; Politicas económicas,2025-10-13 11:26:25,4,4_déficit_deuda_endeudamiento,9.407282,8.068887,9.239553,5.717533
3417,La Patagonia del Tío Sam,Megacentro de OpenAI en Argentina,Chat GPT; Inteligencia artificial; Internacional; Javier Milei; Patagonia; Tecnología,2025-10-13 16:18:36,20,20_ríos_río_arroyo,8.2380085,6.2943335,4.9479003,-0.7982717
3418,Hablar con los muertos,"“Oreja madre”: una herida, un linaje, una historia",Internacional; Israel; Libros,2025-10-14 10:17:25,27,27_israel_netanyahu_israelí,7.991979,3.4996095,14.624714,6.4124513
3419,La violencia no es mentira,Odio antifeminista y narrativa de falsas denuncias,Denuncias; Doble femicidio; Falsas denuncias; Pablo Lautra; Varones unidos,2025-10-15 13:06:51,25,25_violencia_feminismo_feminista,6.6493816,4.340678,8.594767,-4.1623836
3420,No todo es guita,Qué buscan los pibes y pibas online,Apuestas; Juventudes; Tecnología; criptomonedas,2025-10-16 09:55:49,31,31_digital_internet_tecnología,7.2488036,5.7830253,10.318095,1.5468887
3421,El Dios del streaming atiende en Buenos Aires,"Conversación, comunidad, circulación",YouTube; Zapping cultural,2025-10-17 07:58:12,14,14_mediático_periodístico_político,7.4883966,5.194986,10.779232,2.4340448
3422,Scrollear para mirarse a uno mismo,La ley de las redes sociales,Plataformas; Redes sociales,2025-10-21 10:35:20,31,31_digital_internet_tecnología,7.4717336,5.4724393,10.317655,2.5901885
3423,Una inflexión histórica,Bolivia después de las Elecciones,America Latina; Bolivia; Internacional,2025-10-22 10:12:33,17,17_innovación_tecnológico_tecno,11.244507,4.3088202,9.658629,2.6229255
3424,"IA, decime quién gana las elecciones",Por qué volveremos a creer en las encuestas,Elecciones; Encuestas; Inteligencia artificial,2025-10-23 10:59:54,17,17_innovación_tecnológico_tecno,7.2694535,6.5670376,9.6415825,1.7105118
3425,El espía arrepentido del Canal de Panamá,Beca Crónica en Panamá,Ambiente; BA; Beca crónica; Canal de Panamá; Desplazados; Resistencia,2025-10-24 10:32:17,20,20_ríos_río_arroyo,8.592318,6.799304,4.8825793,-1.1632949
3426,Perder de local,Elecciones legislativas,Derechas; Elecciones; Javier Milei; Peronismo; gobernadores,2025-10-27 14:56:00,0,0_político_política_electoral,11.808449,6.066841,7.7531633,5.836932
3427,Instrucciones para sobrevivir a un duelo,Crónica de una pérdida,Duelos; Periodismo narrativo,2025-10-30 08:59:34,42,42_padre_papá_hijo,9.086515,3.4347272,6.6804004,-3.180216
3428,Buscando a mi hijo,Operativo antinarco en Río de Janeiro,Brasil; Internacional; Narcotráfico,2025-10-30 14:51:07,11,11_asesino_testimonio_testigo,9.722187,4.335931,7.795496,-2.3205826
3429,El norte perdido,"Después de Cristina, qué",Axel Kicillof; Cristina Fernández de Kirchner; Elecciones; Peronismo,2025-10-31 11:33:59,9,9_político_libertario_política,11.039513,5.3013887,8.8535,6.4480586
3430,Una exhibición de poder,"Río: masacre, aprobación popular y disputa territorial",Brasil; Internacional; Narcotráfico; violencia institucional,2025-11-03 12:27:40,20,20_ríos_río_arroyo,9.393487,4.755049,5.125593,-1.1444776
3431,"La cárcel, la universidad, Tesla y Cortázar",Manuscritos desde la capital texana,Cárceles; Democracia; Estados Unidos; Migrantes; Periodismo; Tesla; Universidad de Texas; Universidad pública,2025-11-07 13:10:23,5,5_pedagógico_enseñanza_escolar,9.298547,4.4285035,4.492991,-2.7954328
3432,El último milagro de Rosalía,LUX: creer y crear en la era algorítmica,Música; Pop; Rosalía; Zapping cultural,2025-11-10 10:40:36,22,22_música_musical_músico,7.8576055,3.6327915,14.640447,-3.6342132
3433,Evangélicos en el palacio y la calle,"Festival, política y religión",Evangélicos; Javier Milei; La Libertad Avanza,2025-11-11 10:51:43,13,13_papal_catolicismo_arzobispo,11.846594,2.834464,-1.6172502,7.4809484
3434,El golpe de Estado de las plataformas digitales,Shoshana Zuboff: estudios críticos sobre la tecnología,Capitalismo; Inteligencia artificial; Libros; Plataformas,2025-11-13 09:12:26,17,17_innovación_tecnológico_tecno,7.659613,6.3460107,9.971958,1.5980221
3435,Tengo el uniforme de un represor en el ropero,Ropa prestada,Derechos Humanos; Libros; Peronismo,2025-11-14 11:49:26,11,11_asesino_testimonio_testigo,9.529291,3.9844654,7.3310556,-2.225269
3436,Una escuela y un hotel para sobrevivir en el bosque,Resistencia ambiental en Ecuador,Cosas que funcionan,2025-11-14 16:09:34,20,20_ríos_río_arroyo,8.850127,6.5837383,4.8483405,-1.2135665
3437,Voto Kastigo,Elecciones presidenciales en Chile,Chile; Derechas; Internacional,2025-11-17 14:44:52,18,18_chileno_chile_político,12.0324135,5.6463256,4.083737,3.9724538
3438,La difícil tarea de matar a la madre,"“La maravillosa”, de Erika Halvorsen",Crónica; Libros; Maternidades; Periodismo narrativo,2025-11-18 10:16:24,11,11_asesino_testimonio_testigo,6.889271,3.2219033,7.8273363,-2.5197227
3439,Teoría libertaria del delito,¿Por qué la sociedad tolera la corrupción de Milei?,$LIBRA; Causa Andis; Corrupción; Milei; financiamiento narco,2025-11-19 15:29:14,9,9_político_libertario_política,12.425482,5.444718,9.375468,7.170825
3440,Minería de árboles chaqueños para vestir a los ricos del mundo,Extracción de tanino en el Gran Chaco,Ambiente; Política,2025-11-20 14:58:40,20,20_ríos_río_arroyo,8.758865,7.138974,5.5812287,-0.8715351
3441,Lo que fuimos y lo que queremos ser,38° Encuentro Plurinacional de Mujeres y diversidades,Cuidados; Derechos Humanos; Feminismos,2025-11-25 13:02:42,1,1_feminismo_feminista_patriarcado,4.942175,2.9384353,9.754001,-4.121602
3442,El tiempo violentado,Banalización y futuro de la Historia,,2025-11-28 15:07:36,28,28_futuro_pandemia_crisis,12.38786,5.7411857,8.932256,5.274602
3443,Argentina (re)sentida,Adelanto,,2025-12-01 10:18:17,28,28_futuro_pandemia_crisis,8.861952,2.8074899,10.185908,0.46743935
3444,Vengo a hablar de política,Claudia Rodríguez en la academia de NYC,Pedro Lemebel,2025-12-02 09:48:00,24,24_arte_artes_art,7.7704515,2.482348,11.750419,-2.6189346
3445,Todo estalla en la escuela,Violencia escolar,Escuelas; Violencia,2025-12-02 11:28:44,5,5_pedagógico_enseñanza_escolar,6.0264235,5.330945,3.9682922,-3.5265207
3446,"“Con la AFA no se pelea, se pierde”",Tapia contra Macri y Milei,Asociación del Fútbol Argentino; Claudio Tapia; Javier Milei; Lionel Messi; Mauricio Macri,2025-12-03 01:59:48,9,9_político_libertario_política,11.249987,5.10288,5.567484,10.752731
3447,Geopolítica de las filtraciones,"Periodismo, política y servicios",,2025-12-04 10:38:00,21,21_soviética_soviético_vladimir,10.542363,7.154418,12.697416,1.5904251
3448,El laboratorio imposible,Adelanto editorial,,2025-12-04 15:44:51,24,24_arte_artes_art,7.5559945,3.6757,12.694969,-1.9993231
3449,Un duelo sin nombre,¿Cómo sobrevivir al suicidio de una hija?,Hostigamiento digital; Salud mental; Suicidios,2025-12-09 11:53:13,31,31_digital_internet_tecnología,7.011216,3.5001416,10.727082,1.9592162
3450,"No sos vos, es el peso",¿Cuánto confiamos los argentinos en nuestra moneda?,Economía; UNSAM,2025-12-11 13:08:14,4,4_déficit_deuda_endeudamiento,9.625839,8.48532,10.304807,5.597624
3451,Sabés que no aprendí a vivir,Hal & Harper,Zapping cultural,2025-12-12 11:12:41,29,29_ficción_protagonista_personaje,7.0418344,3.1558073,10.446003,-2.1778712
3452,Yo me estoy ahogando y vos me describís el agua,El Conicet en el fondo del mar,Conicet,2025-12-15 09:30:00,33,33_submarino_marino_naufragio,9.060167,3.845769,3.7823,0.38657954
3453,Dillom: el músico que se comió al personaje,"Urgencia punk, futurismo distópico y discurso interior",Dillom; Horrorcore; Trap,2025-12-19 10:54:26,22,22_música_musical_músico,9.163708,2.3324566,14.780642,-3.861206
3454,Morir por puto,Samuel Tobares: crimen de odio en Córdoba,Crimen de odio; LGBT; Violencia policial; Violencias,2025-12-22 12:22:16,6,6_asesinato_policía_policial,9.367187,4.2944636,7.634109,-1.4468151
3455,IA: ¿y si el negocio les sale mal?,Explotar la burbuja o recuperar la inversión,IAG; Inteligencia artificial,2025-12-23 09:49:39,17,17_innovación_tecnológico_tecno,7.620716,6.749543,9.584282,1.5691168
3456,La doctrina del vale todo,Las nuevas reglas del imperio de occidente,Donald Trump; Estados Unidos; Internacional; Nicolas Maduro; Venezuela,2026-01-03 20:20:29,10,10_boliviano_bolivia_político,11.28745,4.007679,6.9511666,3.3486786
3457,Un nuevo mapa para el patio trasero,"Trump, Venezuela y las esferas de influencia",Donald Trump; Estados Unidos; Internacional; Nicolás Maduro; Venezuela,2026-01-06 16:44:07,21,21_soviética_soviético_vladimir,11.308929,4.0762134,14.087451,4.1836524
3458,Todos sospechosos,Cambios en la SIDE,Inteligencia; Javier Milei; La Libertad Avanza; SIDE; Santiago Caputo,2026-01-07 12:28:39,17,17_innovación_tecnológico_tecno,10.192653,6.7147083,9.586901,1.6228024
3459,Todos los hombres de la presidenta,¿Cómo llegó Delcy Rodríguez al poder?,Venezuela,2026-01-08 13:46:30,10,10_boliviano_bolivia_político,11.44824,4.2308216,6.9856234,3.355452
3460,"Si te vas, traé garotos",Argentinos en Brasil,Brasil; Dólar; Internacional; Turismo,2026-01-09 12:34:57,16,16_brasil_brasilero_brasilia,9.4981365,8.328624,7.107212,8.154821
3461,La desigualdad es inflamable,Radiografía del fuego,Ambiente; Desigualdad; Incendios,2026-01-12 10:53:00,20,20_ríos_río_arroyo,8.823873,6.5259233,5.293827,-1.1242698
3462,El equilibrista de Roma,León XIV y los desafíos de su papado,Iglesia Católica; Papa Francisco; Papa León XIV,2026-01-13 11:37:03,13,13_papal_catolicismo_arzobispo,12.039086,2.5411448,-1.7577615,7.53341
3463,Gaza en el espejo de Spinoza,"Israel, Palestina y el sentido de ser con otros",Gaza; Judaismo; Spinoza,2026-01-14 09:55:34,27,27_israel_netanyahu_israelí,11.223583,8.186157,14.637766,6.432617
3464,"No es fuerza bruta, es fascismo",Estados Unidos: ¿Cómo parar a Donald Trump?,Trump; Violencia cívica; fascismo,2026-01-15 11:37:08,21,21_soviética_soviético_vladimir,10.593728,7.1376395,6.875135,3.0906396
3465,Nadie sabe lo que puede un cuerpo,"Jean Pierre Rosero: gay, prisionero, actor porno, sobreviviente",Derechos Humanos; Ecuador; LGBT; LGBTIQ+; Onlyfans,2026-01-16 09:00:00,11,11_asesino_testimonio_testigo,6.370022,4.2200923,7.5455546,-1.8622108
3466,Las crisis causan nuevos monstruos,"La Virgen de la Tosquera, la película",La Virgen de la Tosquera; Laura Casabé; Mariana Enríquez; Terror,2026-01-19 15:11:27,29,29_ficción_protagonista_personaje,7.3539667,2.6766636,10.628305,-2.0893538
3467,Una mutación epocal,De Ucrania a Venezuela,China; Donald Trump; Estados Unidos; Groenlandia; Internacional; Rusia; Ucrania; Unión Europea; Venezuela; Vladímir Putin,2026-01-21 15:36:03,21,21_soviética_soviético_vladimir,11.1183195,7.460069,14.085655,4.201421
3468,Seis minutos para enamorarse,Crónica desde un bar de citas rápidas,Amor; Citas; Tinder,2026-01-22 14:45:06,1,1_feminismo_feminista_patriarcado,7.0736523,5.4227395,9.587881,-3.5661883
3469,¡Qué gauchitos!,"Volver al folklore, tirar un cable a tierra",Cazzu; Cosquín; FAlklore; Folklore; Julián Kartun; Liliana Herrero; Lito Vitale; Mex Urtizberea; Milo J; Soledad Pastorutti,2026-01-23 09:32:38,22,22_música_musical_músico,8.842793,1.7828104,14.852017,-4.0163236
3470,¿Y por casa cómo andamos?,Los gestos racistas de una turista argentina en Brasil,Brasil; Internacional; Racismo; Racismo en Argentina,2026-01-26 15:06:56,16,16_brasil_brasilero_brasilia,9.592658,5.0525837,6.9881735,8.340317
3471,Tierra del Fuego o la Groenlandia del Sur,¿Qué está pasando en el fin del mundo?,Estados Unidos; Internacional; Javier Milei,2026-01-27 15:15:02,9,9_político_libertario_política,10.425608,4.1137457,9.279231,6.946193
3472,El regreso del hijo pródigo,DeBÍ TiRAR MáS FOToS: Bad Bunny sacó el disco del año,Música,2026-02-02 09:00:00,22,22_música_musical_músico,9.173114,2.2477067,14.831543,-3.9472027
3473,Operación rescate del sable de San Martín,Los herederos versus Milei,Historia; Política,2026-02-02 16:24:57,24,24_arte_artes_art,12.645631,5.6081986,12.844484,-3.1025684
3474,Anatomía de una deportación,Texas: la farsa de los juicios contra latinos migrantes,Estados Unidos; ICE; Internacional; Migración,2026-02-04 11:08:41,23,23_justicia_judicial_juzgado,9.21709,4.750141,11.236324,4.2397346
3475,Las travestis tejimos rebeldía,"Pensar con Lohana, diez años después",2001; A 20 años del estallido; Crisis 2001; Identidad travesti; LGBTIQ+,2026-02-05 02:13:00,40,40_manifestación_feminista_multitud,8.008484,3.4128706,6.8509526,2.509405
3476,Dios atiende en Brasil,Migración laboral masiva en Misiones,Migración; Misiones; Trabajo,2026-02-06 12:47:12,16,16_brasil_brasilero_brasilia,8.774921,6.6407075,7.045051,8.269254
3477,Poli-ubers: el gatillo al volante,"Seguridad, precarización y capitalismo de plataformas",Plataformas; Violencia; Violencia policial; violencia institucional,2026-02-12 13:36:38,6,6_asesinato_policía_policial,9.343763,5.1386228,7.7346706,-1.3184649
3478,Los héroes de la cruzada viril,"Chads, cryptobros y las masculinidades libertarias",$LIBRA; Criptogate; Javier Milei; Masculinidades; criptomonedas,2026-02-14 07:00:00,9,9_político_libertario_política,12.502116,5.4800005,9.606467,6.5310864
3479,Una fiesta de puertas abiertas,"La murga, entre el prejuicio y la resistencia",CABA; Carnaval; Murgas,2026-02-15 07:00:00,41,41_pobreza_inmobiliario_habitante,8.372969,5.344559,6.724822,-0.7884986
3480,Retrato de una mujer en llamas,Hamnet: ¿se puede separar un duelo de un nombre?,Cine; Libros; Literatura; Zapping cultural,2026-02-18 11:54:11,29,29_ficción_protagonista_personaje,6.931692,3.2372582,10.04052,-2.064489
3481,Reforma laboral no hay una sola,Se define el futuro del trabajo en la Argentina,Derechos; Reforma Laboral; Trabajo,2026-02-19 09:45:00,15,15_sindicalismo_reforma_político,9.618807,7.4962006,6.3224983,1.3943777
3482,"Frágiles, atomizados, individualizados",Reforma laboral y cambio de época,Congreso; Javier Milei; Reforma Laboral; Trabajo,2026-02-20 15:19:00,15,15_sindicalismo_reforma_político,9.478281,7.543184,6.402647,1.3529738
3483,Nosotros también nos estamos derritiendo,Contra la reforma de la Ley de Glaciares,Ley de Glaciares,2026-02-23 15:11:41,20,20_ríos_río_arroyo,8.466309,7.265842,4.8984056,-0.89790124
3484,Trabajadores en extinción,"Reforma, paro, cierres, despidos",Despidos; Reforma Laboral; Trabajo,2026-02-24 09:47:35,15,15_sindicalismo_reforma_político,9.808074,7.2403975,6.3081145,1.3384863
3485,"Niños a la escuela, menores a la cárcel",La reforma del régimen penal juvenil,Edad de imputabilidad; Infancias; Régimen Penal Juvenil,2026-02-27 09:30:51,5,5_pedagógico_enseñanza_escolar,8.950583,6.147434,4.0317125,-2.52794
3486,Los sueños y las guerras,Milei en el Congreso: aceleración y política de la catástrofe,Congreso; Javier Milei; La Libertad Avanza,2026-03-02 12:55:51,9,9_político_libertario_política,11.886157,6.4142537,9.088044,6.597022
3487,Lucrecia Martel en la tierra de Chocobar,Un true crime norteño contra la indiferencia argentina,cultura,2026-03-03 13:17:24,20,20_ríos_río_arroyo,9.498677,4.0091505,5.274825,-1.3615363
3488,El fuego camina conmigo,EE.UU. y Medio Oriente: las calles hablan en medio de la guerra,Estados Unidos; Guerra; Internacional; Irán; Israel; Medio Oriente,2026-03-04 13:29:35,27,27_israel_netanyahu_israelí,11.086023,7.9652276,14.603865,6.4027433
3489,Pedro Sánchez contra el trumpismo,Lo que queda del progresismo europeo,Internacional,2026-03-05 14:36:35,10,10_boliviano_bolivia_político,11.091832,4.9548044,7.5072274,3.7582357
3490,La hija del salar,Extracción de litio en la puna catamarqueña,Litio; Minería,2026-03-09 10:38:20,20,20_ríos_río_arroyo,8.673674,7.3490624,5.350937,-1.2125611
3491,El primer año del resto de su vida,Pablo Grillo,Derechos Humanos; Patricia Bullrich; Represión; gendarmería,2026-03-11 13:01:11,39,39_morir_muerte_moribundo,9.520689,3.910577,8.719955,-1.3107144
3492,Jugar a la política,"Manuel Adorni, el ganador menos pensado",Derechas; Elecciones; Javier Milei; La Libertad Avanza; Manuel Adorni,2026-03-12 10:57:00,9,9_político_libertario_política,12.04554,5.314415,9.204049,6.847208
3493,Un amigo es una luz,Nuevas revelaciones del caso $LIBRA,$LIBRA; Corrupción; Criptogate; Javier Milei,2026-03-16 12:52:53,9,9_político_libertario_política,12.2976675,5.1503344,9.403675,7.207745
3494,La música es lo de menos,El marketing 360° de CA7RIEL y Paco Amoroso,Ca7triel y Paco; Música; Pop; Trap,2026-03-20 08:52:49,22,22_música_musical_músico,8.868181,1.8018029,14.922711,-3.90989
3495,Anatomía de una fecha,50 años del golpe: no se puede completar el 24 de marzo,50 años del golpe,2026-03-20 16:17:26,23,23_justicia_judicial_juzgado,9.598819,3.6426787,11.134573,3.9356468
3496,Más o menos nunca más,50 años del golpe: qué piensan los votantes de Milei,50 años del golpe; Política,2026-03-20 16:18:53,9,9_político_libertario_política,12.387994,5.819137,9.375453,6.9177084
3497,Dibujo a mi tío para encontrarlo,50 años del golpe: la violencia previa,50 años del golpe; Política,2026-03-20 16:20:23,42,42_padre_papá_hijo,8.967343,3.88985,4.261753,-0.018300807
3498,Con los pañuelos no alcanza,50 años del golpe: historia y memoria en las escuelas,50 años del golpe; Escuelas,2026-03-20 16:20:52,5,5_pedagógico_enseñanza_escolar,5.998893,5.4599752,3.851512,-2.951981
3499,Reaparecidos,50 años del Golpe: identificar los cuerpos,#EAAF; 50 años del golpe; Desaparecidos; Familiares; La Perla,2026-03-20 16:21:43,42,42_padre_papá_hijo,8.956197,3.602787,6.9677076,-2.97673
3500,"El odio, el inodoro",50 años del golpe: Caparrós escribe a Videla,50 años del golpe,2026-03-25 14:05:29,39,39_morir_muerte_moribundo,9.013872,2.7793794,9.209751,-1.1705817
3501,¿Quién siente Vaca Muerta?,"Geonnitus, un concierto audiovisual sobre el fracking",Arte; Narrativas; Vaca Muerta,2026-03-27 12:55:43,24,24_arte_artes_art,8.413067,5.829284,12.665264,-1.9898919
3502,Los secretos de La Paz,"Violencia, armas y abuso sexual en la escuela",,2026-03-30 17:51:13,5,5_pedagógico_enseñanza_escolar,6.228184,5.2771835,4.0412383,-3.357511
3503,"Y nosotros, a salvo",Tiroteo y muerte en la escuela,Educación; Escuelas; Salud mental,2026-04-01 15:34:50,5,5_pedagógico_enseñanza_escolar,6.286255,5.2247725,3.7433467,-2.9907181
3504,La escuela no es un lugar para morir,Tiroteo en San Cristóbal,Educación; violencia escolar,2026-04-01 16:38:49,5,5_pedagógico_enseñanza_escolar,5.9893866,5.6036215,4.0895534,-3.387473
3505,"Montoneros, putos y faloperos",Adelanto del nuevo libro de María O’Donnell,LGBT; LGBTTINB+; Libros; Peronismo,2026-04-04 08:00:00,1,1_feminismo_feminista_patriarcado,6.2183266,4.221908,9.542976,-3.5560715
3506,Los dividendos del apocalipsis,"Buques, seguros y alimentos en la guerra con Irán",Internacional,2026-04-07 10:39:42,21,21_soviética_soviético_vladimir,10.816506,7.589004,14.145795,4.229167
3507,Posición adelantada,Salir del clóset en el fútbol,Fútbol; LGBT; Masculinidades,2026-04-08 12:34:00,2,2_fifa_futbolista_fútbol,11.120252,3.55708,5.9229565,11.755106
3508,La embajadora del tiempo,Samanta Schweblin en Berlín,Ficción; Libros; Literatura; Perfil,2026-04-09 07:44:00,3,3_literario_escritora_autor,9.097727,2.8125536,6.631892,-4.6791954
3509,Anestesiame,¿Qué hay detrás de la propofest y los médicos detonados?,Adicciones; Salud,2026-04-09 15:01:28,39,39_morir_muerte_moribundo,7.402799,7.536349,9.187853,-1.1569774
3510,Vuelta por el universo,Volvimos a la Luna,China; Ciencia; Estados Unidos; Internacional; NASA,2026-04-10 12:50:00,17,17_innovación_tecnológico_tecno,8.320403,7.49472,9.602415,0.9647907
3511,Apenas periodistas,Precarizados y atacados por el gobierno,Casa Rosada; Derechas; Periodismo,2026-04-10 16:12:02,19,19_periodista_periodístico_periódico,12.144336,7.1136327,12.945504,1.3471328
3512,Coreografía de la decepción,¿Qué queda en Cuba?,Cuba; Invasión; Seguridad; Trump,2026-04-13 14:39:28,35,35_cubano_cubana_cuba,10.7988,3.8259811,5.7048216,2.9428885
3513,"Roban, pero ajustan",Adorni y el mapa de la corrupción,Corrupción; adorni; gobierno,2026-04-15 10:30:32,9,9_político_libertario_política,10.510108,5.892266,9.121203,6.57774
3514,¿Por qué nos conformamos con menos?,"Ideas, palabras, activismo, justicia y felicidad",Feminismos; Futuro; Futuro Imperfecto Vol 3; Imaginación política; Militancia,2026-04-16 12:56:19,3,3_literario_escritora_autor,7.7869043,2.29209,9.258806,3.3088892
3515,Oh my god,Homenaje a Francisco en Plaza de Mayo,Cultura popular; Religión,2026-04-19 20:12:13,13,13_papal_catolicismo_arzobispo,8.640611,2.875887,-1.8021485,7.689806
3516,La cruzada de la extrema derecha contra la democracia,Novedad de Unsam Edita,Derechas; Derechos Humanos; Internacional; UNSAM,2026-04-21 10:35:49,0,0_político_política_electoral,10.734758,6.111867,7.978582,4.2501907
3517,Los tecno-oligarcas colonizan Washington,Peter Thiel y el liberalismo sin democracia,Casa Rosada; Donald Trump; Estados Unidos; Internacional,2026-04-22 02:55:00,17,17_innovación_tecnológico_tecno,9.41811,7.5272746,9.578646,1.6836346
3518,¿Cuánto tiempo más llevará?,El caos de viajar en transporte público,CABA; Conurbano; Javier Milei; transporte,2026-04-22 09:47:47,15,15_sindicalismo_reforma_político,9.572729,8.00961,6.908005,0.07622904
3519,Juicio al poder médico,Aborto y secreto profesional,Aborto; Aborto Legal; Derechos Humanos; Feminismos; Violencia de género,2026-04-23 10:35:34,7,7_aborto_abortar_anticonceptivo,4.4496555,3.744733,10.15833,-6.4418583
3520,Malvinas bajo la Doctrina Donroe,¿Trump y Milei avanzan en las islas?,Derechas; Donald Trump; Javier Milei; Malvinas,2026-04-24 11:36:30,9,9_político_libertario_política,10.979634,7.627768,9.143111,6.853899
3521,La pasión nómade,Rossana Reguillo,México; No ficción,2026-04-27 10:06:57,19,19_periodista_periodístico_periódico,8.431446,2.9818404,11.848421,0.8781729
3522,Polimorosos,Sobreendeudados para vivir,Deuda; Economía; Política; Salud mental,2026-04-28 11:38:06,4,4_déficit_deuda_endeudamiento,9.261896,7.891516,10.615181,5.5813274
3523,El lado B de las apuestas ilegales,Cajeras online,Apuestas; Feminismos; Teletrabajo; Trabajo,2026-04-30 08:07:00,31,31_digital_internet_tecnología,9.114641,7.5559855,7.66635,-1.0074544
3524,Vivirás entre luciérnagas,Despedimos a Rosana Reguillo,Internacional; culturas,2026-05-02 08:30:00,19,19_periodista_periodístico_periódico,8.460184,3.0435283,12.192292,0.5620427
3525,Rezo por vos,"Un fragmento de “Francisco, el último hombre bueno”",Iglesia Católica; Papa Francisco,2026-05-04 10:08:57,13,13_papal_catolicismo_arzobispo,12.022348,2.5447273,-1.8336518,7.524724
3526,La retirada de YPF,La nueva estrategia petrolera,Vaca Muerta; energía; gobierno; petróleo,2026-05-05 08:02:04,12,12_economía_económico_futuro,8.451087,7.725487,8.507522,1.915065
3527,Leer es una guerra por el tiempo,"Precarización laboral, gestión algorítmica y extractivismo atencional",Feria del Libro; Libros; Plataformas; Redes sociales; Reforma Laboral; Teletrabajo; Trabajo,2026-05-07 07:29:45,15,15_sindicalismo_reforma_político,6.9790177,4.6187572,6.189862,1.2453595
3528,Por qué amar lo suficiente a los periodistas,Vuelve Futuro Imperfecto Vol.3,Festival Anfibio,2026-05-08 11:55:30,19,19_periodista_periodístico_periódico,7.826907,5.0979233,12.849155,1.2443238
3529,Aluvional,Estreno de Play en Buenos Aires,Arte; Discursos de odio; Teatro; perfo,2026-05-11 12:12:12,25,25_violencia_feminismo_feminista,8.880844,2.5165489,7.1661115,-1.2580892
3530,Resistiré,Universidades: el plan sistemático de degradación,Educación; Univerdisad,2026-05-12 07:01:17,5,5_pedagógico_enseñanza_escolar,5.811033,5.8418045,3.7349043,-2.9971592
3531,Otro caso aislado de odio,¿Cómo frenar la violencia contra personas LGBTINB+?,Crimen de odio; Discursos de odio; LGBT; Violencias,2026-05-13 08:00:00,25,25_violencia_feminismo_feminista,8.487965,4.688332,10.363421,-4.1958566
3532,Anfibia es un festival,Empezó Futuro Imperfecto Volumen 3,Futuro Imperfecto Vol 3,2026-05-13 19:53:53,19,19_periodista_periodístico_periódico,7.7406297,4.84836,12.878764,1.3444656
3533,Narrar las ciudades,El espíritu fundacional y la construcción de futuro,Ciudades; Urbanismo,2026-05-15 16:00:00,41,41_pobreza_inmobiliario_habitante,8.904566,6.119143,6.6871295,-0.6317648
3534,Cómo romper un gobierno en seis meses,Crisis política y social en Bolivia,Internacional,2026-05-20 00:53:14,10,10_boliviano_bolivia_político,11.200575,4.3480587,6.7105727,4.4041896
3535,Enfermos,Destrucción del sistema de salud,Javier Milei,2026-05-20 12:18:00,7,7_aborto_abortar_anticonceptivo,9.172254,7.9997864,8.366797,0.6890773
3536,Gemelo Digital: desmantelar y vigilar,El sueño del control total,Derechas; Inteligencia artificial; Javier Milei,2026-05-27 10:50:11,17,17_innovación_tecnológico_tecno,7.470144,6.2629957,9.6657915,1.6204027
3537,Sí hay plata,La destrucción planificada de las universidades,Univerdisad; Universidad pública,2026-05-28 07:56:26,23,23_justicia_judicial_juzgado,9.884368,7.548245,10.147403,4.328158
3538,Preparate para vivir cien años,Nuevas longevidades,Salud; longevidades; tendencias,2026-05-29 15:16:02,33,33_submarino_marino_naufragio,7.8584776,7.08007,5.567937,-1.1557548
3539,Un objetivo simple y brutal,Discursos de odio,Discursos odio; Fake news; Julia Mengolini,2026-06-01 10:14:00,9,9_político_libertario_política,6.0297527,3.0973217,9.733702,3.576995
3540,Nos siguen matando,A 11 años de Ni Una Menos,#NiUnaMenos; Derechos Humanos; Femicidios; Feminismos; Ni Una Menos; Violencia de género,2026-06-01 10:42:59,1,1_feminismo_feminista_patriarcado,6.7449794,3.8339972,9.21289,-3.6825426
3541,El triunfo del yopitalismo,Elecciones presidenciales en Colombia,Derechas; Internacional,2026-06-02 11:03:09,19,19_periodista_periodístico_periódico,11.470804,4.2308855,9.762301,3.6488311
3542,El sueldo se me va en pagar las deudas,"Economía familiar, política y democracia",Deudas,2026-06-04 08:46:04,4,4_déficit_deuda_endeudamiento,9.485913,8.235912,9.899331,5.5721345
3543,La decepción de lo idílico,Indio Solari en Olavarría,Indio Solari,2026-06-05 08:00:00,22,22_música_musical_músico,8.409636,3.204462,14.745822,-3.952872
3544,El último pogo bestial con JiJiJi,El estallido también se tragó a Los Redondos,2001; Crisis 2001; Fundamentalistas del Aire Acondicionado; Indio Solari; Música; Redonditos de Ricota; Rock Nacional,2026-06-05 09:11:00,22,22_música_musical_músico,10.091119,2.8307593,14.917127,-4.032203
3545,Adaptarse al fuego,Patagonia: ¿cómo hacemos de las ruinas un hogar?,Incendios forestales,2026-06-05 09:17:16,32,32_catástrofe_desastre_tragedia,8.641314,6.8171487,5.9414296,-1.1236732
3546,Sufrimiento y éxtasis ricotero,"Los mismos ritos, otro final",Indio Solari,2026-06-05 09:45:00,22,22_música_musical_músico,8.504688,3.5395722,14.292176,-3.858913
3547,La dicha no es una cosa alegre,Despedida al Indio Solari,Indio Solari; Música; cultura,2026-06-08 06:14:17,38,38_bailarín_tango_protagonista,8.565728,2.9339604,14.148471,-3.8739343
3548,El Indio nos dio un código,"Arte, policía, política y autogestión",Arte y política; Indio Solari; Parakultural,2026-06-08 12:52:35,38,38_bailarín_tango_protagonista,8.890989,4.823697,14.255329,-3.861356
3549,Con el Indio se murió mi juventud,"Las primeras ""minitas"" en el pogo más grande del mundo",Indio Solari,2026-06-08 15:40:10,22,22_música_musical_músico,8.570876,2.9732459,14.373052,-3.876208
3550,Los ríos subterráneos,Los Redondos y los desamparados de los noventa,Indio Solari; Menemismo; Neoliberalismo,2026-06-09 09:16:06,22,22_música_musical_músico,9.044836,4.8868384,14.39621,-3.9313698
3551,El fusilador oculto de Operación Masacre,70 años de los fusilamientos de José León Suárez,Derechos Humanos; Peronismo,2026-06-09 10:40:16,6,6_asesinato_policía_policial,9.507863,3.560123,7.6173196,-1.6053821
3552,El bien y el mal definen por penal,La geopolítica del Mundial 2026,Canadá; Estados Unidos; Fútbol; Internacional; Mundial 2026; Mundial de fútbol; México,2026-06-10 08:46:07,2,2_fifa_futbolista_fútbol,10.908422,2.5707557,5.345303,11.08153
3553,País de boludos,La cara boba de un plan siniestro,Corrupción; Derechas,2026-06-11 17:05:52,9,9_político_libertario_política,10.566862,6.152207,9.031959,6.06612
3554,Todo lo que nos deja el Festival Anfibio,Futuro Imperfecto Vol.3: bitácora en vivo,Artes; Democracia; Festival Anfibio; IA; Pensamiento contemporáneo; Periodismo,2026-06-12 08:57:32,19,19_periodista_periodístico_periódico,8.060914,5.098725,12.868421,1.3144323
3555,Que el cielo nos corresponda,La ilusión argentina en el Mundial de Trump,Fútbol; Mundial 2026; Mundial de fútbol,2026-06-16 10:37:01,2,2_fifa_futbolista_fútbol,10.836319,2.1867337,5.322943,11.129389
