ID,post_year,categoria_normalizada,post_tag,tag
15706,2012,Política y Economía,Perfil político,Perfil Político
3493,2012,Políticas de géneros,Memoria trans,Memoria Trans
2745,2012,Política y Economía,Internacional; Israel; Palestina,Internacional
2745,2012,Política y Economía,Internacional; Israel; Palestina,Israel
2745,2012,Política y Economía,Internacional; Israel; Palestina,Palestina
15634,2013,Culturas,Internacional; Venezuela,Internacional
15634,2013,Culturas,Internacional; Venezuela,Venezuela
2819,2013,Culturas,Barras bravas; Boca Juniors; Fútbol,Barras Bravas
2819,2013,Culturas,Barras bravas; Boca Juniors; Fútbol,Boca Juniors
2819,2013,Culturas,Barras bravas; Boca Juniors; Fútbol,Fútbol
2570,2013,Política y Economía,Violencia policial,Violencia Policial
1500,2013,Políticas de géneros,BA,Ba
1716,2014,Política y Economía,24M: Día de la memoria por la verdad y la justicia; Derechos Humanos; Juicios de lesa humanidad; Terrorismo de Estado,24M: Día De La Memoria Por La Verdad Y La Justicia
1716,2014,Política y Economía,24M: Día de la memoria por la verdad y la justicia; Derechos Humanos; Juicios de lesa humanidad; Terrorismo de Estado,Derechos Humanos
1716,2014,Política y Economía,24M: Día de la memoria por la verdad y la justicia; Derechos Humanos; Juicios de lesa humanidad; Terrorismo de Estado,Juicios De Lesa Humanidad
1716,2014,Política y Economía,24M: Día de la memoria por la verdad y la justicia; Derechos Humanos; Juicios de lesa humanidad; Terrorismo de Estado,Terrorismo De Estado
231,2014,Política y Economía,Rossana Reguillo,Rossana Reguillo
244,2014,Política y Economía,Internacional; Rusia,Internacional
244,2014,Política y Economía,Internacional; Rusia,Rusia
255,2014,Política y Economía,24M: Día de la memoria por la verdad y la justicia; Derechos Humanos; Hijos de represores,24M: Día De La Memoria Por La Verdad Y La Justicia
255,2014,Política y Economía,24M: Día de la memoria por la verdad y la justicia; Derechos Humanos; Hijos de represores,Derechos Humanos
255,2014,Política y Economía,24M: Día de la memoria por la verdad y la justicia; Derechos Humanos; Hijos de represores,Hijos De Represores
358,2014,Culturas,Feria del Libro,Feria Del Libro
442,2014,Culturas,Encuentro Anfibio; Feria del Libro,Encuentro Anfibio
442,2014,Culturas,Encuentro Anfibio; Feria del Libro,Feria Del Libro
453,2014,Culturas,Encuentro Anfibio; Feria del Libro,Encuentro Anfibio
453,2014,Culturas,Encuentro Anfibio; Feria del Libro,Feria Del Libro
489,2014,Culturas,Feria del Libro,Feria Del Libro
504,2014,Culturas,Encuentro Anfibio; Feria del Libro; Juan Pablo Meneses,Encuentro Anfibio
504,2014,Culturas,Encuentro Anfibio; Feria del Libro; Juan Pablo Meneses,Feria Del Libro
504,2014,Culturas,Encuentro Anfibio; Feria del Libro; Juan Pablo Meneses,Juan Pablo Meneses
512,2014,Otras,Feria del Libro,Feria Del Libro
500,2014,Política y Economía,Derechos Humanos,Derechos Humanos
539,2014,Culturas,Feria del Libro; Nueva Anfibia,Feria Del Libro
539,2014,Culturas,Feria del Libro; Nueva Anfibia,Nueva Anfibia
607,2014,Culturas,Feria del Libro,Feria Del Libro
686,2014,Culturas,Jorge Volpi; Lectura Mundi,Jorge Volpi
686,2014,Culturas,Jorge Volpi; Lectura Mundi,Lectura Mundi
702,2014,Culturas,Lectura Mundi,Lectura Mundi
725,2014,Otras,Jorge Volpi; Lectura Mundi,Jorge Volpi
725,2014,Otras,Jorge Volpi; Lectura Mundi,Lectura Mundi
1685,2014,Política y Economía,FMI; Fondos buitre,Fmi
1685,2014,Política y Economía,FMI; Fondos buitre,Fondos Buitre
25454,2014,Culturas,Día del Padre,Día Del Padre
1747,2014,Culturas,Alejandro Sabella; Brasil; Internacional; Mundial de fútbol,Alejandro Sabella
1747,2014,Culturas,Alejandro Sabella; Brasil; Internacional; Mundial de fútbol,Brasil
1747,2014,Culturas,Alejandro Sabella; Brasil; Internacional; Mundial de fútbol,Internacional
1747,2014,Culturas,Alejandro Sabella; Brasil; Internacional; Mundial de fútbol,Mundial De Fútbol
2095,2014,Culturas,Brasil; Dilma Rousseff; Internacional; Mundial de fútbol,Brasil
2095,2014,Culturas,Brasil; Dilma Rousseff; Internacional; Mundial de fútbol,Dilma Rousseff
2095,2014,Culturas,Brasil; Dilma Rousseff; Internacional; Mundial de fútbol,Internacional
2095,2014,Culturas,Brasil; Dilma Rousseff; Internacional; Mundial de fútbol,Mundial De Fútbol
2238,2014,Culturas,Brasil; Fútbol; Internacional; Mundial de fútbol,Brasil
2238,2014,Culturas,Brasil; Fútbol; Internacional; Mundial de fútbol,Fútbol
2238,2014,Culturas,Brasil; Fútbol; Internacional; Mundial de fútbol,Internacional
2238,2014,Culturas,Brasil; Fútbol; Internacional; Mundial de fútbol,Mundial De Fútbol
2353,2014,Culturas,Alejandro Sabella; Brasil; Internacional; Mundial de fútbol,Alejandro Sabella
2353,2014,Culturas,Alejandro Sabella; Brasil; Internacional; Mundial de fútbol,Brasil
2353,2014,Culturas,Alejandro Sabella; Brasil; Internacional; Mundial de fútbol,Internacional
2353,2014,Culturas,Alejandro Sabella; Brasil; Internacional; Mundial de fútbol,Mundial De Fútbol
2485,2014,Culturas,Brasil; Fútbol; Internacional; Mundial de fútbol,Brasil
2485,2014,Culturas,Brasil; Fútbol; Internacional; Mundial de fútbol,Fútbol
2485,2014,Culturas,Brasil; Fútbol; Internacional; Mundial de fútbol,Internacional
2485,2014,Culturas,Brasil; Fútbol; Internacional; Mundial de fútbol,Mundial De Fútbol
2497,2014,Culturas,Brasil; Internacional; Mundial de fútbol,Brasil
2497,2014,Culturas,Brasil; Internacional; Mundial de fútbol,Internacional
2497,2014,Culturas,Brasil; Internacional; Mundial de fútbol,Mundial De Fútbol
2878,2014,Salud,VIH,Vih
3081,2014,Política y Economía,24M: Día de la memoria por la verdad y la justicia; Derechos Humanos; Nietos,24M: Día De La Memoria Por La Verdad Y La Justicia
3081,2014,Política y Economía,24M: Día de la memoria por la verdad y la justicia; Derechos Humanos; Nietos,Derechos Humanos
3081,2014,Política y Economía,24M: Día de la memoria por la verdad y la justicia; Derechos Humanos; Nietos,Nietos
3155,2014,Política y Economía,24M: Día de la memoria por la verdad y la justicia; Derechos Humanos; Nietos,24M: Día De La Memoria Por La Verdad Y La Justicia
3155,2014,Política y Economía,24M: Día de la memoria por la verdad y la justicia; Derechos Humanos; Nietos,Derechos Humanos
3155,2014,Política y Economía,24M: Día de la memoria por la verdad y la justicia; Derechos Humanos; Nietos,Nietos
3323,2014,Política y Economía,Internacional; Israel; Palestina,Internacional
3323,2014,Política y Economía,Internacional; Israel; Palestina,Israel
3323,2014,Política y Economía,Internacional; Israel; Palestina,Palestina
2529,2014,Política y Economía,Trabajo,Trabajo
3411,2014,Culturas,Internacional; Israel; Palestina,Internacional
3411,2014,Culturas,Internacional; Israel; Palestina,Israel
3411,2014,Culturas,Internacional; Israel; Palestina,Palestina
3482,2014,Políticas de géneros,#NiUnaMenos; Día internacional de la eliminación de la violencia contra las mujeres,#Niunamenos
3482,2014,Políticas de géneros,#NiUnaMenos; Día internacional de la eliminación de la violencia contra las mujeres,Día Internacional De La Eliminación De La Violencia Contra Las Mujeres
3702,2014,Otras,Comunidad Anfibia; La Casona Iluminada; Teatro Bombón,Comunidad Anfibia
3702,2014,Otras,Comunidad Anfibia; La Casona Iluminada; Teatro Bombón,La Casona Iluminada
3702,2014,Otras,Comunidad Anfibia; La Casona Iluminada; Teatro Bombón,Teatro Bombón
12480,2014,Políticas de géneros,#NiUnaMenos,#Niunamenos
14363,2014,Política y Economía,Nancy Fraser,Nancy Fraser
14485,2014,Culturas,Paco Ignacio Taibo II,Paco Ignacio Taibo Ii
14511,2014,Política y Economía,Brasil; Internacional,Brasil
14511,2014,Política y Economía,Brasil; Internacional,Internacional
14546,2014,Culturas,Kartun; Teatro del Pueblo; Terrenal,Kartun
14546,2014,Culturas,Kartun; Teatro del Pueblo; Terrenal,Teatro Del Pueblo
14546,2014,Culturas,Kartun; Teatro del Pueblo; Terrenal,Terrenal
14670,2014,Culturas,Paco Ignacio Taibo II; Rodolfo Walsh,Paco Ignacio Taibo Ii
14670,2014,Culturas,Paco Ignacio Taibo II; Rodolfo Walsh,Rodolfo Walsh
14576,2014,Educación,Paco Ignacio Taibo II,Paco Ignacio Taibo Ii
14759,2014,Políticas de géneros,Rossana Reguillo,Rossana Reguillo
14770,2014,Culturas,Periodismo narrativo,Periodismo Narrativo
14806,2014,Otras,Brasil; Dilma Rousseff; Elecciones; Internacional,Brasil
14806,2014,Otras,Brasil; Dilma Rousseff; Elecciones; Internacional,Dilma Rousseff
14806,2014,Otras,Brasil; Dilma Rousseff; Elecciones; Internacional,Elecciones
14806,2014,Otras,Brasil; Dilma Rousseff; Elecciones; Internacional,Internacional
14806,2014,Política y Economía,Brasil; Dilma Rousseff; Elecciones; Internacional,Brasil
14806,2014,Política y Economía,Brasil; Dilma Rousseff; Elecciones; Internacional,Dilma Rousseff
14806,2014,Política y Economía,Brasil; Dilma Rousseff; Elecciones; Internacional,Elecciones
14806,2014,Política y Economía,Brasil; Dilma Rousseff; Elecciones; Internacional,Internacional
15000,2014,Culturas,Internacional; Israel; Palestina,Internacional
15000,2014,Culturas,Internacional; Israel; Palestina,Israel
15000,2014,Culturas,Internacional; Israel; Palestina,Palestina
15230,2014,Política y Economía,Papa Francisco,Papa Francisco
15245,2014,Políticas de géneros,Rossana Reguillo,Rossana Reguillo
15330,2014,Culturas,BA,Ba
15352,2014,Política y Economía,Papa Francisco; Rossana Reguillo,Papa Francisco
15352,2014,Política y Economía,Papa Francisco; Rossana Reguillo,Rossana Reguillo
15529,2015,Culturas,Escuela de Política y Gobierno; UNSAM,Escuela De Política Y Gobierno
15529,2015,Culturas,Escuela de Política y Gobierno; UNSAM,Unsam
15564,2015,Culturas,Sistema bancario,Sistema Bancario
15810,2015,Culturas,Chile; Pedro Lemebel,Chile
15810,2015,Culturas,Chile; Pedro Lemebel,Pedro Lemebel
15811,2015,Culturas,Chile; Pedro Lemebel,Chile
15811,2015,Culturas,Chile; Pedro Lemebel,Pedro Lemebel
15825,2015,Culturas,Chile; Pedro Lemebel,Chile
15825,2015,Culturas,Chile; Pedro Lemebel,Pedro Lemebel
15830,2015,Culturas,Chile; Pedro Lemebel,Chile
15830,2015,Culturas,Chile; Pedro Lemebel,Pedro Lemebel
15828,2015,Culturas,Chile; Pedro Lemebel,Chile
15828,2015,Culturas,Chile; Pedro Lemebel,Pedro Lemebel
15851,2015,Culturas,Chile; Pedro Lemebel,Chile
15851,2015,Culturas,Chile; Pedro Lemebel,Pedro Lemebel
15877,2015,Culturas,Chile; Pedro Lemebel,Chile
15877,2015,Culturas,Chile; Pedro Lemebel,Pedro Lemebel
15947,2015,Culturas,Chile; Pedro Lemebel,Chile
15947,2015,Culturas,Chile; Pedro Lemebel,Pedro Lemebel
16522,2015,Política y Economía,Horacio González,Horacio González
16542,2015,Políticas de géneros,#NiUnaMenos,#Niunamenos
17389,2015,Política y Economía,Malvinas,Malvinas
17432,2015,Política y Economía,Malvinas,Malvinas
17462,2015,Política y Economía,Papa Francisco,Papa Francisco
17661,2015,Política y Economía,Internacional; Rusia,Internacional
17661,2015,Política y Economía,Internacional; Rusia,Rusia
23419,2015,Culturas,Barras bravas; Boca Juniors; Fútbol; Violencias,Barras Bravas
23419,2015,Culturas,Barras bravas; Boca Juniors; Fútbol; Violencias,Boca Juniors
23419,2015,Culturas,Barras bravas; Boca Juniors; Fútbol; Violencias,Fútbol
23419,2015,Culturas,Barras bravas; Boca Juniors; Fútbol; Violencias,Violencias
23707,2015,Otras,Escuela de Política y Gobierno; UNSAM,Escuela De Política Y Gobierno
23707,2015,Otras,Escuela de Política y Gobierno; UNSAM,Unsam
23707,2015,Política y Economía,Escuela de Política y Gobierno; UNSAM,Escuela De Política Y Gobierno
23707,2015,Política y Economía,Escuela de Política y Gobierno; UNSAM,Unsam
23972,2015,Políticas de géneros,#NiUnaMenos,#Niunamenos
24054,2015,Política y Economía,Violencia policial,Violencia Policial
24555,2015,Políticas de géneros,#NiUnaMenos,#Niunamenos
25400,2015,Otras,Día del Padre,Día Del Padre
25403,2015,Otras,Día del Padre,Día Del Padre
25405,2015,Otras,Día del Padre,Día Del Padre
25409,2015,Otras,Día del Padre,Día Del Padre
25411,2015,Otras,Día del Padre,Día Del Padre
25413,2015,Otras,Día del Padre,Día Del Padre
25417,2015,Otras,Día del Padre,Día Del Padre
25419,2015,Otras,Día del Padre,Día Del Padre
25421,2015,Otras,Día del Padre,Día Del Padre
25423,2015,Otras,Día del Padre,Día Del Padre
25425,2015,Otras,Día del Padre,Día Del Padre
25427,2015,Otras,Día del Padre,Día Del Padre
25429,2015,Otras,Día del Padre,Día Del Padre
25432,2015,Otras,Día del Padre,Día Del Padre
25434,2015,Otras,Día del Padre,Día Del Padre
25436,2015,Otras,Día del Padre,Día Del Padre
25439,2015,Otras,Día del Padre,Día Del Padre
25441,2015,Otras,Día del Padre,Día Del Padre
25443,2015,Otras,Día del Padre,Día Del Padre
25447,2015,Otras,Día del Padre,Día Del Padre
25449,2015,Otras,Día del Padre,Día Del Padre
25452,2015,Otras,Día del Padre,Día Del Padre
25456,2015,Otras,Día del Padre,Día Del Padre
25645,2015,Política y Economía,Escuela de Política y Gobierno; UNSAM,Escuela De Política Y Gobierno
25645,2015,Política y Economía,Escuela de Política y Gobierno; UNSAM,Unsam
25682,2015,Culturas,24M: Día de la memoria por la verdad y la justicia; Derechos Humanos; Libros; Memoria,24M: Día De La Memoria Por La Verdad Y La Justicia
25682,2015,Culturas,24M: Día de la memoria por la verdad y la justicia; Derechos Humanos; Libros; Memoria,Derechos Humanos
25682,2015,Culturas,24M: Día de la memoria por la verdad y la justicia; Derechos Humanos; Libros; Memoria,Libros
25682,2015,Culturas,24M: Día de la memoria por la verdad y la justicia; Derechos Humanos; Libros; Memoria,Memoria
25903,2015,Políticas de géneros,#NiUnaMenos,#Niunamenos
26600,2015,Política y Economía,Papa Francisco,Papa Francisco
26626,2015,Política y Economía,Papa Francisco,Papa Francisco
26665,2015,Política y Economía,Papa Francisco,Papa Francisco
26788,2015,Culturas,Catolicismo; Papa Francisco; Paraguay; Religión,Catolicismo
26788,2015,Culturas,Catolicismo; Papa Francisco; Paraguay; Religión,Papa Francisco
26788,2015,Culturas,Catolicismo; Papa Francisco; Paraguay; Religión,Paraguay
26788,2015,Culturas,Catolicismo; Papa Francisco; Paraguay; Religión,Religión
26824,2015,Políticas de géneros,Papa Francisco,Papa Francisco
26859,2015,Política y Economía,Papa Francisco,Papa Francisco
26906,2015,Culturas,Catolicismo; Papa Francisco; Paraguay; Religion,Catolicismo
26906,2015,Culturas,Catolicismo; Papa Francisco; Paraguay; Religion,Papa Francisco
26906,2015,Culturas,Catolicismo; Papa Francisco; Paraguay; Religion,Paraguay
26906,2015,Culturas,Catolicismo; Papa Francisco; Paraguay; Religion,Religion
26997,2015,Culturas,Catolicismo; Papa Francisco; Religion,Catolicismo
26997,2015,Culturas,Catolicismo; Papa Francisco; Religion,Papa Francisco
26997,2015,Culturas,Catolicismo; Papa Francisco; Religion,Religion
27044,2015,Política y Economía,Perfil político; Peronismo; Randazzo,Perfil Político
27044,2015,Política y Economía,Perfil político; Peronismo; Randazzo,Peronismo
27044,2015,Política y Economía,Perfil político; Peronismo; Randazzo,Randazzo
27887,2015,Políticas de géneros,Rossana Reguillo,Rossana Reguillo
27984,2015,Culturas,Escuela IDAES; Música; Tango,Escuela Idaes
27984,2015,Culturas,Escuela IDAES; Música; Tango,Música
27984,2015,Culturas,Escuela IDAES; Música; Tango,Tango
31381,2015,Políticas de géneros,LGBTIQ+; Memoria trans; Orgullo,Lgbtiq+
31381,2015,Políticas de géneros,LGBTIQ+; Memoria trans; Orgullo,Memoria Trans
31381,2015,Políticas de géneros,LGBTIQ+; Memoria trans; Orgullo,Orgullo
32161,2015,Ambiente,Rossana Reguillo,Rossana Reguillo
32915,2015,Políticas de géneros,LGBTIQ+; Orgullo,Lgbtiq+
32915,2015,Políticas de géneros,LGBTIQ+; Orgullo,Orgullo
32914,2015,Política y Economía,María Eugenia Vidal; Perfil político,María Eugenia Vidal
32914,2015,Política y Economía,María Eugenia Vidal; Perfil político,Perfil Político
33261,2015,Política y Economía,Escuela de Política y Gobierno; UNSAM,Escuela De Política Y Gobierno
33261,2015,Política y Economía,Escuela de Política y Gobierno; UNSAM,Unsam
34132,2015,Política y Economía,Cordobesismo,Cordobesismo
35681,2015,Política y Economía,24M: Día de la memoria por la verdad y la justicia; Derechos Humanos; Juicios de lesa humanidad; Terrorismo de Estado,24M: Día De La Memoria Por La Verdad Y La Justicia
35681,2015,Política y Economía,24M: Día de la memoria por la verdad y la justicia; Derechos Humanos; Juicios de lesa humanidad; Terrorismo de Estado,Derechos Humanos
35681,2015,Política y Economía,24M: Día de la memoria por la verdad y la justicia; Derechos Humanos; Juicios de lesa humanidad; Terrorismo de Estado,Juicios De Lesa Humanidad
35681,2015,Política y Economía,24M: Día de la memoria por la verdad y la justicia; Derechos Humanos; Juicios de lesa humanidad; Terrorismo de Estado,Terrorismo De Estado
36154,2015,Política y Economía,24M: Día de la memoria por la verdad y la justicia; Derechos Humanos; Nietos,24M: Día De La Memoria Por La Verdad Y La Justicia
36154,2015,Política y Economía,24M: Día de la memoria por la verdad y la justicia; Derechos Humanos; Nietos,Derechos Humanos
36154,2015,Política y Economía,24M: Día de la memoria por la verdad y la justicia; Derechos Humanos; Nietos,Nietos
36273,2015,Política y Economía,24M: Día de la memoria por la verdad y la justicia; Derechos Humanos; Nietos,24M: Día De La Memoria Por La Verdad Y La Justicia
36273,2015,Política y Economía,24M: Día de la memoria por la verdad y la justicia; Derechos Humanos; Nietos,Derechos Humanos
36273,2015,Política y Economía,24M: Día de la memoria por la verdad y la justicia; Derechos Humanos; Nietos,Nietos
36219,2016,Otras,Brasil; Dilma Rousseff; Internacional,Brasil
36219,2016,Otras,Brasil; Dilma Rousseff; Internacional,Dilma Rousseff
36219,2016,Otras,Brasil; Dilma Rousseff; Internacional,Internacional
36219,2016,Política y Economía,Brasil; Dilma Rousseff; Internacional,Brasil
36219,2016,Política y Economía,Brasil; Dilma Rousseff; Internacional,Dilma Rousseff
36219,2016,Política y Economía,Brasil; Dilma Rousseff; Internacional,Internacional
36549,2016,Culturas,Internacional; Periodismo narrativo; Ucrania,Internacional
36549,2016,Culturas,Internacional; Periodismo narrativo; Ucrania,Periodismo Narrativo
36549,2016,Culturas,Internacional; Periodismo narrativo; Ucrania,Ucrania
36684,2016,Política y Economía,Rossana Reguillo,Rossana Reguillo
36765,2016,Política y Economía,Rosario; Rosariocronica,Rosario
36765,2016,Política y Economía,Rosario; Rosariocronica,Rosariocronica
36985,2016,Políticas de géneros,LGBTIQ+; Memoria trans; Orgullo,Lgbtiq+
36985,2016,Políticas de géneros,LGBTIQ+; Memoria trans; Orgullo,Memoria Trans
36985,2016,Políticas de géneros,LGBTIQ+; Memoria trans; Orgullo,Orgullo
37500,2016,Culturas,Rosario; Rosariocronica,Rosario
37500,2016,Culturas,Rosario; Rosariocronica,Rosariocronica
38501,2016,Política y Economía,Internacional; Venezuela,Internacional
38501,2016,Política y Economía,Internacional; Venezuela,Venezuela
38511,2016,Política y Economía,embajada de australia; noel campbell,Embajada De Australia
38511,2016,Política y Economía,embajada de australia; noel campbell,Noel Campbell
38864,2016,Política y Economía,24M: Día de la memoria por la verdad y la justicia; Abuelas de Plaza de Mayo; Derechos Humanos,24M: Día De La Memoria Por La Verdad Y La Justicia
38864,2016,Política y Economía,24M: Día de la memoria por la verdad y la justicia; Abuelas de Plaza de Mayo; Derechos Humanos,Abuelas De Plaza De Mayo
38864,2016,Política y Economía,24M: Día de la memoria por la verdad y la justicia; Abuelas de Plaza de Mayo; Derechos Humanos,Derechos Humanos
39293,2016,Políticas de géneros,#NiUnaMenos; #ViajoSola,#Niunamenos
39293,2016,Políticas de géneros,#NiUnaMenos; #ViajoSola,#Viajosola
39296,2016,Políticas de géneros,#NiUnaMenos; #ViajoSola,#Niunamenos
39296,2016,Políticas de géneros,#NiUnaMenos; #ViajoSola,#Viajosola
39488,2016,Políticas de géneros,#NiUnaMenos; #ViajoSola,#Niunamenos
39488,2016,Políticas de géneros,#NiUnaMenos; #ViajoSola,#Viajosola
39837,2016,Políticas de géneros,#NiUnaMenos; #ViajoSola,#Niunamenos
39837,2016,Políticas de géneros,#NiUnaMenos; #ViajoSola,#Viajosola
39913,2016,Políticas de géneros,#NiUnaMenos; #ViajoSola,#Niunamenos
39913,2016,Políticas de géneros,#NiUnaMenos; #ViajoSola,#Viajosola
40257,2016,Políticas de géneros,#NiUnaMenos; #ViajoSola,#Niunamenos
40257,2016,Políticas de géneros,#NiUnaMenos; #ViajoSola,#Viajosola
40386,2016,Políticas de géneros,#NiUnaMenos; #ViajoSola,#Niunamenos
40386,2016,Políticas de géneros,#NiUnaMenos; #ViajoSola,#Viajosola
40655,2016,Política y Economía,Fondos buitre,Fondos Buitre
40889,2016,Política y Economía,24M: Día de la memoria por la verdad y la justicia; Derechos Humanos; Terrorismo de Estado,24M: Día De La Memoria Por La Verdad Y La Justicia
40889,2016,Política y Economía,24M: Día de la memoria por la verdad y la justicia; Derechos Humanos; Terrorismo de Estado,Derechos Humanos
40889,2016,Política y Economía,24M: Día de la memoria por la verdad y la justicia; Derechos Humanos; Terrorismo de Estado,Terrorismo De Estado
40948,2016,Política y Economía,24M: Día de la memoria por la verdad y la justicia; Derechos Humanos; Memoria,24M: Día De La Memoria Por La Verdad Y La Justicia
40948,2016,Política y Economía,24M: Día de la memoria por la verdad y la justicia; Derechos Humanos; Memoria,Derechos Humanos
40948,2016,Política y Economía,24M: Día de la memoria por la verdad y la justicia; Derechos Humanos; Memoria,Memoria
41029,2016,Política y Economía,24M: Día de la memoria por la verdad y la justicia; Derechos Humanos; Dictadura,24M: Día De La Memoria Por La Verdad Y La Justicia
41029,2016,Política y Economía,24M: Día de la memoria por la verdad y la justicia; Derechos Humanos; Dictadura,Derechos Humanos
41029,2016,Política y Economía,24M: Día de la memoria por la verdad y la justicia; Derechos Humanos; Dictadura,Dictadura
41573,2016,Política y Economía,Panama Papers,Panama Papers
42231,2016,Culturas,Panama Papers,Panama Papers
42433,2016,Política y Economía,Brasil; Dilma Rousseff; Internacional,Brasil
42433,2016,Política y Economía,Brasil; Dilma Rousseff; Internacional,Dilma Rousseff
42433,2016,Política y Economía,Brasil; Dilma Rousseff; Internacional,Internacional
42463,2016,Política y Economía,Migración; Racismo en Argentina,Migración
42463,2016,Política y Economía,Migración; Racismo en Argentina,Racismo En Argentina
42613,2016,Culturas,Costa Salguero; Drogas,Costa Salguero
42613,2016,Culturas,Costa Salguero; Drogas,Drogas
42745,2016,Política y Economía,Panama Papers,Panama Papers
43261,2016,Otras,Moda y medios,Moda Y Medios
43306,2016,Política y Economía,Clase obrera; Trabajo,Clase Obrera
43306,2016,Política y Economía,Clase obrera; Trabajo,Trabajo
43562,2016,Política y Economía,24M: Día de la memoria por la verdad y la justicia; Derechos Humanos; Hijos de represores,24M: Día De La Memoria Por La Verdad Y La Justicia
43562,2016,Política y Economía,24M: Día de la memoria por la verdad y la justicia; Derechos Humanos; Hijos de represores,Derechos Humanos
43562,2016,Política y Economía,24M: Día de la memoria por la verdad y la justicia; Derechos Humanos; Hijos de represores,Hijos De Represores
43702,2016,Política y Economía,Brasil; Dilma Rousseff; Internacional,Brasil
43702,2016,Política y Economía,Brasil; Dilma Rousseff; Internacional,Dilma Rousseff
43702,2016,Política y Economía,Brasil; Dilma Rousseff; Internacional,Internacional
43940,2016,Políticas de géneros,#NiUnaMenos,#Niunamenos
44071,2016,Otras,Periodismo gastronómico,Periodismo Gastronómico
44209,2016,Política y Economía,CGT; Papa Francisco,Cgt
44209,2016,Política y Economía,CGT; Papa Francisco,Papa Francisco
44418,2016,Políticas de géneros,#NiUnaMenos,#Niunamenos
44575,2016,Políticas de géneros,#NiUnaMenos,#Niunamenos
44689,2016,Políticas de géneros,#NiUnaMenos,#Niunamenos
44793,2016,Política y Economía,Internacional; Venezuela,Internacional
44793,2016,Política y Economía,Internacional; Venezuela,Venezuela
44805,2016,Políticas de géneros,#NiUnaMenos,#Niunamenos
45041,2016,Políticas de géneros,LGBTIQ+; Orgullo,Lgbtiq+
45041,2016,Políticas de géneros,LGBTIQ+; Orgullo,Orgullo
45712,2016,Política y Economía,Brexit,Brexit
45936,2016,Culturas,Diego Maradona,Diego Maradona
46921,2016,Otras,marta dillon,Marta Dillon
46963,2016,Culturas,Quiniela,Quiniela
47112,2016,Política y Economía,Francia; Internacional,Francia
47112,2016,Política y Economía,Francia; Internacional,Internacional
47762,2016,Política y Economía,Boca Juniors; Fútbol; Juan Román Riquelme; Juntos por el cambio; Mauricio Macri,Boca Juniors
47762,2016,Política y Economía,Boca Juniors; Fútbol; Juan Román Riquelme; Juntos por el cambio; Mauricio Macri,Fútbol
47762,2016,Política y Economía,Boca Juniors; Fútbol; Juan Román Riquelme; Juntos por el cambio; Mauricio Macri,Juan Román Riquelme
47762,2016,Política y Economía,Boca Juniors; Fútbol; Juan Román Riquelme; Juntos por el cambio; Mauricio Macri,Juntos Por El Cambio
47762,2016,Política y Economía,Boca Juniors; Fútbol; Juan Román Riquelme; Juntos por el cambio; Mauricio Macri,Mauricio Macri
47930,2016,Política y Economía,Internacional; Venezuela,Internacional
47930,2016,Política y Economía,Internacional; Venezuela,Venezuela
48650,2016,Política y Economía,Brasil; Dilma Rousseff; Internacional,Brasil
48650,2016,Política y Economía,Brasil; Dilma Rousseff; Internacional,Dilma Rousseff
48650,2016,Política y Economía,Brasil; Dilma Rousseff; Internacional,Internacional
48600,2016,Culturas,Estados Unidos; Guerra; Periodismo narrativo,Estados Unidos
48600,2016,Culturas,Estados Unidos; Guerra; Periodismo narrativo,Guerra
48600,2016,Culturas,Estados Unidos; Guerra; Periodismo narrativo,Periodismo Narrativo
49927,2016,Culturas,Charly García; Música; Rock Nacional,Charly García
49927,2016,Culturas,Charly García; Música; Rock Nacional,Música
49927,2016,Culturas,Charly García; Música; Rock Nacional,Rock Nacional
50498,2016,Política y Economía,Movimientos sociales,Movimientos Sociales
50772,2016,Políticas de géneros,#NiUnaMenos,#Niunamenos
31308,2016,Política y Economía,Peronismo,Peronismo
52422,2016,Política y Economía,Internacional; Venezuela,Internacional
52422,2016,Política y Economía,Internacional; Venezuela,Venezuela
52819,2016,Política y Economía,Donald Trump; Estados Unidos; Internacional; Partido republicano,Donald Trump
52819,2016,Política y Economía,Donald Trump; Estados Unidos; Internacional; Partido republicano,Estados Unidos
52819,2016,Política y Economía,Donald Trump; Estados Unidos; Internacional; Partido republicano,Internacional
52819,2016,Política y Economía,Donald Trump; Estados Unidos; Internacional; Partido republicano,Partido Republicano
53013,2016,Política y Economía,Rossana Reguillo,Rossana Reguillo
53603,2016,Política y Economía,Perfil político,Perfil Político
54125,2016,Política y Economía,24M: Día de la memoria por la verdad y la justicia; Derechos Humanos; Nietos,24M: Día De La Memoria Por La Verdad Y La Justicia
54125,2016,Política y Economía,24M: Día de la memoria por la verdad y la justicia; Derechos Humanos; Nietos,Derechos Humanos
54125,2016,Política y Economía,24M: Día de la memoria por la verdad y la justicia; Derechos Humanos; Nietos,Nietos
56391,2017,Culturas,Chile,Chile
56974,2017,Amor y sexo,LGBTIQ+; Orgullo,Lgbtiq+
56974,2017,Amor y sexo,LGBTIQ+; Orgullo,Orgullo
56974,2017,Otras,LGBTIQ+; Orgullo,Lgbtiq+
56974,2017,Otras,LGBTIQ+; Orgullo,Orgullo
60529,2017,Políticas de géneros,8M: Paro internacional y plurinacional de mujeres y disidencias,8M: Paro Internacional Y Plurinacional De Mujeres Y Disidencias
60554,2017,Políticas de géneros,8M; 8M: Paro internacional y plurinacional de mujeres y disidencias,8M
60554,2017,Políticas de géneros,8M; 8M: Paro internacional y plurinacional de mujeres y disidencias,8M: Paro Internacional Y Plurinacional De Mujeres Y Disidencias
60639,2017,Políticas de géneros,8M: Paro internacional y plurinacional de mujeres y disidencias,8M: Paro Internacional Y Plurinacional De Mujeres Y Disidencias
60870,2017,Políticas de géneros,Indio Solari,Indio Solari
61237,2017,Culturas,Indio Solari,Indio Solari
62353,2017,Política y Economía,24M: Día de la memoria por la verdad y la justicia; Rodolfo Walsh,24M: Día De La Memoria Por La Verdad Y La Justicia
62353,2017,Política y Economía,24M: Día de la memoria por la verdad y la justicia; Rodolfo Walsh,Rodolfo Walsh
62840,2017,Política y Economía,24M: Día de la memoria por la verdad y la justicia; Derechos Humanos; Dictadura,24M: Día De La Memoria Por La Verdad Y La Justicia
62840,2017,Política y Economía,24M: Día de la memoria por la verdad y la justicia; Derechos Humanos; Dictadura,Derechos Humanos
62840,2017,Política y Economía,24M: Día de la memoria por la verdad y la justicia; Derechos Humanos; Dictadura,Dictadura
63378,2017,Culturas,Escuela de Política y Gobierno; UNSAM,Escuela De Política Y Gobierno
63378,2017,Culturas,Escuela de Política y Gobierno; UNSAM,Unsam
63723,2017,Culturas,Fútbol; Malvinas; Mundial de fútbol,Fútbol
63723,2017,Culturas,Fútbol; Malvinas; Mundial de fútbol,Malvinas
63723,2017,Culturas,Fútbol; Malvinas; Mundial de fútbol,Mundial De Fútbol
63929,2017,Política y Economía,Internacional; Rusia,Internacional
63929,2017,Política y Economía,Internacional; Rusia,Rusia
64016,2017,Política y Economía,24M: Día de la memoria por la verdad y la justicia; Abuelas de Plaza de Mayo; Derechos Humanos,24M: Día De La Memoria Por La Verdad Y La Justicia
64016,2017,Política y Economía,24M: Día de la memoria por la verdad y la justicia; Abuelas de Plaza de Mayo; Derechos Humanos,Abuelas De Plaza De Mayo
64016,2017,Política y Economía,24M: Día de la memoria por la verdad y la justicia; Abuelas de Plaza de Mayo; Derechos Humanos,Derechos Humanos
64402,2017,Políticas de géneros,Higui; LGBTIQ+,Higui
64402,2017,Políticas de géneros,Higui; LGBTIQ+,Lgbtiq+
64461,2017,Otras,#NiUnaMenos; Punitivismo,#Niunamenos
64461,2017,Otras,#NiUnaMenos; Punitivismo,Punitivismo
65375,2017,Políticas de géneros,#NiUnaMenos,#Niunamenos
65769,2017,Política y Economía,24M: Día de la memoria por la verdad y la justicia; 2x1 a genocidas; Derechos Humanos,24M: Día De La Memoria Por La Verdad Y La Justicia
65769,2017,Política y Economía,24M: Día de la memoria por la verdad y la justicia; 2x1 a genocidas; Derechos Humanos,2X1 A Genocidas
65769,2017,Política y Economía,24M: Día de la memoria por la verdad y la justicia; 2x1 a genocidas; Derechos Humanos,Derechos Humanos
66286,2017,Política y Economía,Derechos Humanos; Lesa Humanidad,Derechos Humanos
66286,2017,Política y Economía,Derechos Humanos; Lesa Humanidad,Lesa Humanidad
66316,2017,Política y Economía,24M: Día de la memoria por la verdad y la justicia; 2x1 a genocidas; Derechos Humanos; Lesa Humanidad,24M: Día De La Memoria Por La Verdad Y La Justicia
66316,2017,Política y Economía,24M: Día de la memoria por la verdad y la justicia; 2x1 a genocidas; Derechos Humanos; Lesa Humanidad,2X1 A Genocidas
66316,2017,Política y Economía,24M: Día de la memoria por la verdad y la justicia; 2x1 a genocidas; Derechos Humanos; Lesa Humanidad,Derechos Humanos
66316,2017,Política y Economía,24M: Día de la memoria por la verdad y la justicia; 2x1 a genocidas; Derechos Humanos; Lesa Humanidad,Lesa Humanidad
66329,2017,Política y Economía,24M: Día de la memoria por la verdad y la justicia; 2x1 a genocidas; Derechos Humanos,24M: Día De La Memoria Por La Verdad Y La Justicia
66329,2017,Política y Economía,24M: Día de la memoria por la verdad y la justicia; 2x1 a genocidas; Derechos Humanos,2X1 A Genocidas
66329,2017,Política y Economía,24M: Día de la memoria por la verdad y la justicia; 2x1 a genocidas; Derechos Humanos,Derechos Humanos
66383,2017,Política y Economía,Derechos Humanos; Lesa Humanidad,Derechos Humanos
66383,2017,Política y Economía,Derechos Humanos; Lesa Humanidad,Lesa Humanidad
67731,2017,Políticas de géneros,Rossana Reguillo,Rossana Reguillo
68288,2017,Política y Economía,Brasil; Dilma Rousseff; Internacional,Brasil
68288,2017,Política y Economía,Brasil; Dilma Rousseff; Internacional,Dilma Rousseff
68288,2017,Política y Economía,Brasil; Dilma Rousseff; Internacional,Internacional
68548,2017,Política y Economía,24M: Día de la memoria por la verdad y la justicia; Derechos Humanos; Hijos de represores,24M: Día De La Memoria Por La Verdad Y La Justicia
68548,2017,Política y Economía,24M: Día de la memoria por la verdad y la justicia; Derechos Humanos; Hijos de represores,Derechos Humanos
68548,2017,Política y Economía,24M: Día de la memoria por la verdad y la justicia; Derechos Humanos; Hijos de represores,Hijos De Represores
68836,2017,Política y Economía,Brasil; Internacional,Brasil
68836,2017,Política y Economía,Brasil; Internacional,Internacional
69052,2017,Política y Economía,Brasil; Internacional,Brasil
69052,2017,Política y Economía,Brasil; Internacional,Internacional
70153,2017,Política y Economía,Derechos Humanos; Lesa Humanidad,Derechos Humanos
70153,2017,Política y Economía,Derechos Humanos; Lesa Humanidad,Lesa Humanidad
70171,2017,Políticas de géneros,Higui; LGBTIQ+,Higui
70171,2017,Políticas de géneros,Higui; LGBTIQ+,Lgbtiq+
71819,2017,Política y Economía,24M: Día de la memoria por la verdad y la justicia; Derechos Humanos; Hijos de represores,24M: Día De La Memoria Por La Verdad Y La Justicia
71819,2017,Política y Economía,24M: Día de la memoria por la verdad y la justicia; Derechos Humanos; Hijos de represores,Derechos Humanos
71819,2017,Política y Economía,24M: Día de la memoria por la verdad y la justicia; Derechos Humanos; Hijos de represores,Hijos De Represores
72173,2017,Culturas,#NiUnaMenos,#Niunamenos
72914,2017,Salud,Salud mental,Salud Mental
72693,2017,Culturas,Rodolfo Walsh,Rodolfo Walsh
73760,2017,Política y Economía,24M: Día de la memoria por la verdad y la justicia; Derechos Humanos; Poder Judicial; Terrorismo de Estado,24M: Día De La Memoria Por La Verdad Y La Justicia
73760,2017,Política y Economía,24M: Día de la memoria por la verdad y la justicia; Derechos Humanos; Poder Judicial; Terrorismo de Estado,Derechos Humanos
73760,2017,Política y Economía,24M: Día de la memoria por la verdad y la justicia; Derechos Humanos; Poder Judicial; Terrorismo de Estado,Poder Judicial
73760,2017,Política y Economía,24M: Día de la memoria por la verdad y la justicia; Derechos Humanos; Poder Judicial; Terrorismo de Estado,Terrorismo De Estado
74225,2017,Política y Economía,24M: Día de la memoria por la verdad y la justicia; Derechos Humanos; Memoria,24M: Día De La Memoria Por La Verdad Y La Justicia
74225,2017,Política y Economía,24M: Día de la memoria por la verdad y la justicia; Derechos Humanos; Memoria,Derechos Humanos
74225,2017,Política y Economía,24M: Día de la memoria por la verdad y la justicia; Derechos Humanos; Memoria,Memoria
74819,2017,Política y Economía,Perfil político,Perfil Político
75239,2017,Política y Economía,Elecciones,Elecciones
75435,2017,Culturas,Cordobesismo,Cordobesismo
75851,2017,Políticas de géneros,LGBTIQ+; Orgullo,Lgbtiq+
75851,2017,Políticas de géneros,LGBTIQ+; Orgullo,Orgullo
81382,2017,Salud,Salud mental,Salud Mental
83379,2017,Política y Economía,Internacional; Rusia,Internacional
83379,2017,Política y Economía,Internacional; Rusia,Rusia
86750,2017,Culturas,Internacional; Rusia,Internacional
86750,2017,Culturas,Internacional; Rusia,Rusia
87138,2017,Política y Economía,Panama Papers,Panama Papers
92154,2018,Culturas,Internacional; Venezuela,Internacional
92154,2018,Culturas,Internacional; Venezuela,Venezuela
93428,2018,Tecnologías,Rossana Reguillo,Rossana Reguillo
93740,2018,Culturas,Catolicismo; Papa Francisco; Religion,Catolicismo
93740,2018,Culturas,Catolicismo; Papa Francisco; Religion,Papa Francisco
93740,2018,Culturas,Catolicismo; Papa Francisco; Religion,Religion
93823,2018,Política y Economía,24M: Día de la memoria por la verdad y la justicia; Derechos Humanos; Exilio; Memoria,24M: Día De La Memoria Por La Verdad Y La Justicia
93823,2018,Política y Economía,24M: Día de la memoria por la verdad y la justicia; Derechos Humanos; Exilio; Memoria,Derechos Humanos
93823,2018,Política y Economía,24M: Día de la memoria por la verdad y la justicia; Derechos Humanos; Exilio; Memoria,Exilio
93823,2018,Política y Economía,24M: Día de la memoria por la verdad y la justicia; Derechos Humanos; Exilio; Memoria,Memoria
94252,2018,Política y Economía,Sindicalismo; Trabajo,Sindicalismo
94252,2018,Política y Economía,Sindicalismo; Trabajo,Trabajo
95781,2018,Políticas de géneros,#NiUnaMenos,#Niunamenos
96835,2018,Políticas de géneros,8M: Paro internacional y plurinacional de mujeres y disidencias,8M: Paro Internacional Y Plurinacional De Mujeres Y Disidencias
97599,2018,Políticas de géneros,Aborto Legal; LGBTIQ+; Memoria trans; Orgullo,Aborto Legal
97599,2018,Políticas de géneros,Aborto Legal; LGBTIQ+; Memoria trans; Orgullo,Lgbtiq+
97599,2018,Políticas de géneros,Aborto Legal; LGBTIQ+; Memoria trans; Orgullo,Memoria Trans
97599,2018,Políticas de géneros,Aborto Legal; LGBTIQ+; Memoria trans; Orgullo,Orgullo
98089,2018,Política y Economía,24M: Día de la memoria por la verdad y la justicia; Derechos Humanos; Juicios de lesa humanidad; Terrorismo de Estado,24M: Día De La Memoria Por La Verdad Y La Justicia
98089,2018,Política y Economía,24M: Día de la memoria por la verdad y la justicia; Derechos Humanos; Juicios de lesa humanidad; Terrorismo de Estado,Derechos Humanos
98089,2018,Política y Economía,24M: Día de la memoria por la verdad y la justicia; Derechos Humanos; Juicios de lesa humanidad; Terrorismo de Estado,Juicios De Lesa Humanidad
98089,2018,Política y Economía,24M: Día de la memoria por la verdad y la justicia; Derechos Humanos; Juicios de lesa humanidad; Terrorismo de Estado,Terrorismo De Estado
98514,2018,Política y Economía,24M: Día de la memoria por la verdad y la justicia; Derechos Humanos; Memoria,24M: Día De La Memoria Por La Verdad Y La Justicia
98514,2018,Política y Economía,24M: Día de la memoria por la verdad y la justicia; Derechos Humanos; Memoria,Derechos Humanos
98514,2018,Política y Economía,24M: Día de la memoria por la verdad y la justicia; Derechos Humanos; Memoria,Memoria
98776,2018,Política y Economía,Malvinas,Malvinas
98865,2018,Política y Economía,Brasil; Internacional; Marielle Franco,Brasil
98865,2018,Política y Economía,Brasil; Internacional; Marielle Franco,Internacional
98865,2018,Política y Economía,Brasil; Internacional; Marielle Franco,Marielle Franco
99377,2018,Política y Economía,Brasil; Internacional,Brasil
99377,2018,Política y Economía,Brasil; Internacional,Internacional
99886,2018,Amor y sexo,LGBTIQ+; Orgullo,Lgbtiq+
99886,2018,Amor y sexo,LGBTIQ+; Orgullo,Orgullo
100287,2018,Política y Economía,24M: Día de la memoria por la verdad y la justicia; Derechos Humanos; Juicios de lesa humanidad; Terrorismo de Estado,24M: Día De La Memoria Por La Verdad Y La Justicia
100287,2018,Política y Economía,24M: Día de la memoria por la verdad y la justicia; Derechos Humanos; Juicios de lesa humanidad; Terrorismo de Estado,Derechos Humanos
100287,2018,Política y Economía,24M: Día de la memoria por la verdad y la justicia; Derechos Humanos; Juicios de lesa humanidad; Terrorismo de Estado,Juicios De Lesa Humanidad
100287,2018,Política y Economía,24M: Día de la memoria por la verdad y la justicia; Derechos Humanos; Juicios de lesa humanidad; Terrorismo de Estado,Terrorismo De Estado
102485,2018,Política y Economía,Francia; Internacional; Mayo francés,Francia
102485,2018,Política y Economía,Francia; Internacional; Mayo francés,Internacional
102485,2018,Política y Economía,Francia; Internacional; Mayo francés,Mayo Francés
102628,2018,Culturas,Artes; Clases medias,Artes
102628,2018,Culturas,Artes; Clases medias,Clases Medias
102231,2018,Políticas de géneros,Aborto Legal,Aborto Legal
103330,2018,Políticas de géneros,#NiUnaMenos,#Niunamenos
103555,2018,Política y Economía,Grupo Clarín; Medios de comunicación,Grupo Clarín
103555,2018,Política y Economía,Grupo Clarín; Medios de comunicación,Medios De Comunicación
103871,2018,Política y Economía,Malvinas,Malvinas
104126,2018,Culturas,Barras bravas; Fútbol; Mundial de fútbol; Rusia,Barras Bravas
104126,2018,Culturas,Barras bravas; Fútbol; Mundial de fútbol; Rusia,Fútbol
104126,2018,Culturas,Barras bravas; Fútbol; Mundial de fútbol; Rusia,Mundial De Fútbol
104126,2018,Culturas,Barras bravas; Fútbol; Mundial de fútbol; Rusia,Rusia
104266,2018,Política y Economía,Memoria trans,Memoria Trans
104688,2018,Política y Economía,Clase obrera; Trabajo,Clase Obrera
104688,2018,Política y Economía,Clase obrera; Trabajo,Trabajo
104854,2018,Educación,Escuela IDAES; UNSAM,Escuela Idaes
104854,2018,Educación,Escuela IDAES; UNSAM,Unsam
104990,2018,Culturas,24M: Día de la memoria por la verdad y la justicia; Derechos Humanos; Dictadura; Fútbol; Mundial de fútbol,24M: Día De La Memoria Por La Verdad Y La Justicia
104990,2018,Culturas,24M: Día de la memoria por la verdad y la justicia; Derechos Humanos; Dictadura; Fútbol; Mundial de fútbol,Derechos Humanos
104990,2018,Culturas,24M: Día de la memoria por la verdad y la justicia; Derechos Humanos; Dictadura; Fútbol; Mundial de fútbol,Dictadura
104990,2018,Culturas,24M: Día de la memoria por la verdad y la justicia; Derechos Humanos; Dictadura; Fútbol; Mundial de fútbol,Fútbol
104990,2018,Culturas,24M: Día de la memoria por la verdad y la justicia; Derechos Humanos; Dictadura; Fútbol; Mundial de fútbol,Mundial De Fútbol
105015,2018,Culturas,LGBTIQ+; Orgullo,Lgbtiq+
105015,2018,Culturas,LGBTIQ+; Orgullo,Orgullo
105390,2018,Política y Economía,Trabajo,Trabajo
105702,2018,Políticas de géneros,Aborto Legal,Aborto Legal
106042,2018,Culturas,Luis Miguel; Netflix,Luis Miguel
106042,2018,Culturas,Luis Miguel; Netflix,Netflix
99187,2018,Culturas,Lenguajes; Performance; Periodismo performático,Lenguajes
99187,2018,Culturas,Lenguajes; Performance; Periodismo performático,Performance
99187,2018,Culturas,Lenguajes; Performance; Periodismo performático,Periodismo Performático
107506,2018,Políticas de géneros,Rosario; Rosariocronica,Rosario
107506,2018,Políticas de géneros,Rosario; Rosariocronica,Rosariocronica
108108,2018,Políticas de géneros,Aborto Legal,Aborto Legal
109799,2018,Culturas,Cordobesismo,Cordobesismo
109921,2018,Culturas,Brasil; Cine; Internacional,Brasil
109921,2018,Culturas,Brasil; Cine; Internacional,Cine
109921,2018,Culturas,Brasil; Cine; Internacional,Internacional
110526,2018,Política y Economía,Derechas; Liberalismo,Derechas
110526,2018,Política y Economía,Derechas; Liberalismo,Liberalismo
110747,2018,Política y Economía,Brasil; Internacional; Jair Bolsonaro,Brasil
110747,2018,Política y Economía,Brasil; Internacional; Jair Bolsonaro,Internacional
110747,2018,Política y Economía,Brasil; Internacional; Jair Bolsonaro,Jair Bolsonaro
110846,2018,Políticas de géneros,Brasil; Internacional; Jair Bolsonaro,Brasil
110846,2018,Políticas de géneros,Brasil; Internacional; Jair Bolsonaro,Internacional
110846,2018,Políticas de géneros,Brasil; Internacional; Jair Bolsonaro,Jair Bolsonaro
111244,2018,Política y Economía,Brasil; Internacional; Jair Bolsonaro,Brasil
111244,2018,Política y Economía,Brasil; Internacional; Jair Bolsonaro,Internacional
111244,2018,Política y Economía,Brasil; Internacional; Jair Bolsonaro,Jair Bolsonaro
111253,2018,Culturas,Brasil; Evangélicos; Internacional; Religion,Brasil
111253,2018,Culturas,Brasil; Evangélicos; Internacional; Religion,Evangélicos
111253,2018,Culturas,Brasil; Evangélicos; Internacional; Religion,Internacional
111253,2018,Culturas,Brasil; Evangélicos; Internacional; Religion,Religion
111376,2018,Política y Economía,24M: Día de la memoria por la verdad y la justicia; Derechos Humanos; Israel; Memoria,24M: Día De La Memoria Por La Verdad Y La Justicia
111376,2018,Política y Economía,24M: Día de la memoria por la verdad y la justicia; Derechos Humanos; Israel; Memoria,Derechos Humanos
111376,2018,Política y Economía,24M: Día de la memoria por la verdad y la justicia; Derechos Humanos; Israel; Memoria,Israel
111376,2018,Política y Economía,24M: Día de la memoria por la verdad y la justicia; Derechos Humanos; Israel; Memoria,Memoria
111633,2018,Política y Economía,Brasil; Dilma Rousseff; Internacional; Jair Bolsonaro; Lula da Silva,Brasil
111633,2018,Política y Economía,Brasil; Dilma Rousseff; Internacional; Jair Bolsonaro; Lula da Silva,Dilma Rousseff
111633,2018,Política y Economía,Brasil; Dilma Rousseff; Internacional; Jair Bolsonaro; Lula da Silva,Internacional
111633,2018,Política y Economía,Brasil; Dilma Rousseff; Internacional; Jair Bolsonaro; Lula da Silva,Jair Bolsonaro
111633,2018,Política y Economía,Brasil; Dilma Rousseff; Internacional; Jair Bolsonaro; Lula da Silva,Lula Da Silva
112109,2018,Política y Economía,Migración,Migración
112283,2018,Política y Economía,Brasil; Internacional; Jair Bolsonaro,Brasil
112283,2018,Política y Economía,Brasil; Internacional; Jair Bolsonaro,Internacional
112283,2018,Política y Economía,Brasil; Internacional; Jair Bolsonaro,Jair Bolsonaro
112322,2018,Política y Economía,Brasil; Internacional,Brasil
112322,2018,Política y Economía,Brasil; Internacional,Internacional
112355,2018,Culturas,Roberto Jacoby; Rock Nacional,Roberto Jacoby
112355,2018,Culturas,Roberto Jacoby; Rock Nacional,Rock Nacional
112757,2018,Política y Economía,Internacional; Venezuela,Internacional
112757,2018,Política y Economía,Internacional; Venezuela,Venezuela
113235,2018,Culturas,Fútbol femenino,Fútbol Femenino
113246,2018,Políticas de géneros,LGBTIQ+; Orgullo,Lgbtiq+
113246,2018,Políticas de géneros,LGBTIQ+; Orgullo,Orgullo
113526,2018,Culturas,Brasil; Evangélicos; Internacional; Religion,Brasil
113526,2018,Culturas,Brasil; Evangélicos; Internacional; Religion,Evangélicos
113526,2018,Culturas,Brasil; Evangélicos; Internacional; Religion,Internacional
113526,2018,Culturas,Brasil; Evangélicos; Internacional; Religion,Religion
113707,2018,Culturas,Barras bravas; Boca Juniors; Fútbol; Violencias,Barras Bravas
113707,2018,Culturas,Barras bravas; Boca Juniors; Fútbol; Violencias,Boca Juniors
113707,2018,Culturas,Barras bravas; Boca Juniors; Fútbol; Violencias,Fútbol
113707,2018,Culturas,Barras bravas; Boca Juniors; Fútbol; Violencias,Violencias
113613,2018,Políticas de géneros,#NiUnaMenos,#Niunamenos
114501,2018,Política y Economía,Cárceles,Cárceles
114708,2018,Política y Economía,Escuela IDAES; UNSAM,Escuela Idaes
114708,2018,Política y Economía,Escuela IDAES; UNSAM,Unsam
115201,2018,Amor y sexo,Anfibia Papel,Anfibia Papel
115720,2019,Tecnologías,Brasil; Internacional; Jair Bolsonaro,Brasil
115720,2019,Tecnologías,Brasil; Internacional; Jair Bolsonaro,Internacional
115720,2019,Tecnologías,Brasil; Internacional; Jair Bolsonaro,Jair Bolsonaro
115996,2019,Culturas,Astrología,Astrología
116210,2019,Salud,Rosariocronica,Rosariocronica
116583,2019,Políticas de géneros,#NiUnaMenos; Día internacional de la eliminación de la violencia contra las mujeres,#Niunamenos
116583,2019,Políticas de géneros,#NiUnaMenos; Día internacional de la eliminación de la violencia contra las mujeres,Día Internacional De La Eliminación De La Violencia Contra Las Mujeres
116748,2019,Política y Economía,Internacional; Venezuela,Internacional
116748,2019,Política y Economía,Internacional; Venezuela,Venezuela
116856,2019,Política y Economía,Internacional; Venezuela,Internacional
116856,2019,Política y Economía,Internacional; Venezuela,Venezuela
117210,2019,Política y Economía,Internacional; Venezuela,Internacional
117210,2019,Política y Economía,Internacional; Venezuela,Venezuela
117480,2019,Política y Economía,Perfil político,Perfil Político
118159,2019,Amor y sexo,Punitivismo,Punitivismo
118911,2019,Culturas,Netflix; Zapping cultural,Netflix
118911,2019,Culturas,Netflix; Zapping cultural,Zapping Cultural
119553,2019,Políticas de géneros,8M: Paro internacional y plurinacional de mujeres y disidencias,8M: Paro Internacional Y Plurinacional De Mujeres Y Disidencias
119610,2019,Políticas de géneros,8M: Paro internacional y plurinacional de mujeres y disidencias,8M: Paro Internacional Y Plurinacional De Mujeres Y Disidencias
119615,2019,Políticas de géneros,Punitivismo,Punitivismo
120324,2019,Política y Economía,Elecciones; Lavagna,Elecciones
120324,2019,Política y Economía,Elecciones; Lavagna,Lavagna
120404,2019,Políticas de géneros,24M: Día de la memoria por la verdad y la justicia; Derechos Humanos; Dictadura,24M: Día De La Memoria Por La Verdad Y La Justicia
120404,2019,Políticas de géneros,24M: Día de la memoria por la verdad y la justicia; Derechos Humanos; Dictadura,Derechos Humanos
120404,2019,Políticas de géneros,24M: Día de la memoria por la verdad y la justicia; Derechos Humanos; Dictadura,Dictadura
121082,2019,Política y Economía,Malvinas,Malvinas
121234,2019,Política y Economía,Movimientos sociales,Movimientos Sociales
122373,2019,Política y Economía,Racismo,Racismo
122437,2019,Culturas,Rosario; Rosariocronica,Rosario
122437,2019,Culturas,Rosario; Rosariocronica,Rosariocronica
122889,2019,Política y Economía,Carrouselrosario; Rosario,Carrouselrosario
122889,2019,Política y Economía,Carrouselrosario; Rosario,Rosario
123559,2019,Amor y sexo,Rosariocronica,Rosariocronica
123660,2019,Política y Economía,Cordobesismo,Cordobesismo
124737,2019,Política y Economía,Escuela de Política y Gobierno; UNSAM,Escuela De Política Y Gobierno
124737,2019,Política y Economía,Escuela de Política y Gobierno; UNSAM,Unsam
125086,2019,Política y Economía,Violencia policial,Violencia Policial
125508,2019,Política y Economía,24M: Día de la memoria por la verdad y la justicia; 2x1 a genocidas; Derechos Humanos,24M: Día De La Memoria Por La Verdad Y La Justicia
125508,2019,Política y Economía,24M: Día de la memoria por la verdad y la justicia; 2x1 a genocidas; Derechos Humanos,2X1 A Genocidas
125508,2019,Política y Economía,24M: Día de la memoria por la verdad y la justicia; 2x1 a genocidas; Derechos Humanos,Derechos Humanos
125643,2019,Políticas de géneros,Fútbol femenino,Fútbol Femenino
54111,2019,Políticas de géneros,Día internacional de la eliminación de la violencia contra las mujeres; Memoria trans,Día Internacional De La Eliminación De La Violencia Contra Las Mujeres
54111,2019,Políticas de géneros,Día internacional de la eliminación de la violencia contra las mujeres; Memoria trans,Memoria Trans
126235,2019,Culturas,Inteligencia artificial,Inteligencia Artificial
126738,2019,Política y Economía,Apropiación cultural; Racismo en Argentina,Apropiación Cultural
126738,2019,Política y Economía,Apropiación cultural; Racismo en Argentina,Racismo En Argentina
125798,2019,Culturas,Chile; Pedro Lemebel,Chile
125798,2019,Culturas,Chile; Pedro Lemebel,Pedro Lemebel
15792,2019,Culturas,Chile; Pedro Lemebel,Chile
15792,2019,Culturas,Chile; Pedro Lemebel,Pedro Lemebel
15815,2019,Culturas,Chile; Pedro Lemebel,Chile
15815,2019,Culturas,Chile; Pedro Lemebel,Pedro Lemebel
127679,2019,Políticas de géneros,LGBTIQ+; Memoria trans,Lgbtiq+
127679,2019,Políticas de géneros,LGBTIQ+; Memoria trans,Memoria Trans
128322,2019,Política y Economía,María Eugenia Vidal; Perfil político,María Eugenia Vidal
128322,2019,Política y Economía,María Eugenia Vidal; Perfil político,Perfil Político
128403,2019,Política y Economía,Corrupción; Periodismo; Poder Judicial,Corrupción
128403,2019,Política y Economía,Corrupción; Periodismo; Poder Judicial,Periodismo
128403,2019,Política y Economía,Corrupción; Periodismo; Poder Judicial,Poder Judicial
128986,2019,Ambiente,Brasil; Incendios; Internacional,Brasil
128986,2019,Ambiente,Brasil; Incendios; Internacional,Incendios
128986,2019,Ambiente,Brasil; Incendios; Internacional,Internacional
139785,2019,Culturas,Diego Maradona,Diego Maradona
140290,2019,Política y Economía,24M: Día de la memoria por la verdad y la justicia; Derechos Humanos; Dictadura,24M: Día De La Memoria Por La Verdad Y La Justicia
140290,2019,Política y Economía,24M: Día de la memoria por la verdad y la justicia; Derechos Humanos; Dictadura,Derechos Humanos
140290,2019,Política y Economía,24M: Día de la memoria por la verdad y la justicia; Derechos Humanos; Dictadura,Dictadura
140551,2019,Políticas de géneros,Fuerzas de seguridad; Violencia de género; Violencia policial,Fuerzas De Seguridad
140551,2019,Políticas de géneros,Fuerzas de seguridad; Violencia de género; Violencia policial,Violencia De Género
140551,2019,Políticas de géneros,Fuerzas de seguridad; Violencia de género; Violencia policial,Violencia Policial
140879,2019,Políticas de géneros,#NiUnaMenos; Aborto Legal; Feminismos,#Niunamenos
140879,2019,Políticas de géneros,#NiUnaMenos; Aborto Legal; Feminismos,Aborto Legal
140879,2019,Políticas de géneros,#NiUnaMenos; Aborto Legal; Feminismos,Feminismos
141095,2019,Política y Economía,Chile; Estallido en Chile; Internacional,Chile
141095,2019,Política y Economía,Chile; Estallido en Chile; Internacional,Estallido En Chile
141095,2019,Política y Economía,Chile; Estallido en Chile; Internacional,Internacional
141109,2019,Política y Economía,Chile; Estallido en Chile; Internacional,Chile
141109,2019,Política y Economía,Chile; Estallido en Chile; Internacional,Estallido En Chile
141109,2019,Política y Economía,Chile; Estallido en Chile; Internacional,Internacional
141198,2019,Política y Economía,Chile; Estallido en Chile; Internacional,Chile
141198,2019,Política y Economía,Chile; Estallido en Chile; Internacional,Estallido En Chile
141198,2019,Política y Economía,Chile; Estallido en Chile; Internacional,Internacional
141345,2019,Política y Economía,Chile; Estallido en Chile; Internacional,Chile
141345,2019,Política y Economía,Chile; Estallido en Chile; Internacional,Estallido En Chile
141345,2019,Política y Economía,Chile; Estallido en Chile; Internacional,Internacional
141377,2019,Políticas de géneros,Aborto Legal,Aborto Legal
141780,2019,Culturas,Dibujos animados,Dibujos Animados
141847,2019,Política y Economía,Brasil; Donald Trump; Estados Unidos; Internacional; Jair Bolsonaro,Brasil
141847,2019,Política y Economía,Brasil; Donald Trump; Estados Unidos; Internacional; Jair Bolsonaro,Donald Trump
141847,2019,Política y Economía,Brasil; Donald Trump; Estados Unidos; Internacional; Jair Bolsonaro,Estados Unidos
141847,2019,Política y Economía,Brasil; Donald Trump; Estados Unidos; Internacional; Jair Bolsonaro,Internacional
141847,2019,Política y Economía,Brasil; Donald Trump; Estados Unidos; Internacional; Jair Bolsonaro,Jair Bolsonaro
142373,2019,Política y Economía,Violencia policial,Violencia Policial
142724,2019,Políticas de géneros,UNSAM,Unsam
142756,2019,Política y Economía,Chile; Estallido en Chile; Internacional,Chile
142756,2019,Política y Economía,Chile; Estallido en Chile; Internacional,Estallido En Chile
142756,2019,Política y Economía,Chile; Estallido en Chile; Internacional,Internacional
142988,2019,Política y Economía,Boca Juniors; Fútbol; Juan Román Riquelme; Mauricio Macri,Boca Juniors
142988,2019,Política y Economía,Boca Juniors; Fútbol; Juan Román Riquelme; Mauricio Macri,Fútbol
142988,2019,Política y Economía,Boca Juniors; Fútbol; Juan Román Riquelme; Mauricio Macri,Juan Román Riquelme
142988,2019,Política y Economía,Boca Juniors; Fútbol; Juan Román Riquelme; Mauricio Macri,Mauricio Macri
143287,2019,Amor y sexo,Anfibia Papel; Cuerpos; Libros,Anfibia Papel
143287,2019,Amor y sexo,Anfibia Papel; Cuerpos; Libros,Cuerpos
143287,2019,Amor y sexo,Anfibia Papel; Cuerpos; Libros,Libros
143504,2019,Culturas,Ca7triel y Paco; Música,Ca7Triel Y Paco
143504,2019,Culturas,Ca7triel y Paco; Música,Música
144067,2020,Política y Economía,Poder Judicial,Poder Judicial
144393,2020,Políticas de géneros,Aborto Legal,Aborto Legal
144878,2020,Política y Economía,Internacional; Israel,Internacional
144878,2020,Política y Economía,Internacional; Israel,Israel
145098,2020,Política y Economía,Brasil; Internacional; Venezuela,Brasil
145098,2020,Política y Economía,Brasil; Internacional; Venezuela,Internacional
145098,2020,Política y Economía,Brasil; Internacional; Venezuela,Venezuela
145353,2020,Políticas de géneros,Dibujos animados; Pakapaka,Dibujos Animados
145353,2020,Políticas de géneros,Dibujos animados; Pakapaka,Pakapaka
145373,2020,Políticas de géneros,Aborto Legal,Aborto Legal
145530,2020,Políticas de géneros,LGBTIQ+; Memoria trans; Orgullo,Lgbtiq+
145530,2020,Políticas de géneros,LGBTIQ+; Memoria trans; Orgullo,Memoria Trans
145530,2020,Políticas de géneros,LGBTIQ+; Memoria trans; Orgullo,Orgullo
145561,2020,Políticas de géneros,Higui; LGBTIQ+,Higui
145561,2020,Políticas de géneros,Higui; LGBTIQ+,Lgbtiq+
145598,2020,Políticas de géneros,8M: Paro internacional y plurinacional de mujeres y disidencias,8M: Paro Internacional Y Plurinacional De Mujeres Y Disidencias
145610,2020,Políticas de géneros,Memoria trans,Memoria Trans
145648,2020,Salud,Rosario; Rosariocronica,Rosario
145648,2020,Salud,Rosario; Rosariocronica,Rosariocronica
145868,2020,Política y Economía,24M: Día de la memoria por la verdad y la justicia; Derechos Humanos; Terrorismo de Estado,24M: Día De La Memoria Por La Verdad Y La Justicia
145868,2020,Política y Economía,24M: Día de la memoria por la verdad y la justicia; Derechos Humanos; Terrorismo de Estado,Derechos Humanos
145868,2020,Política y Economía,24M: Día de la memoria por la verdad y la justicia; Derechos Humanos; Terrorismo de Estado,Terrorismo De Estado
145918,2020,Política y Economía,Brasil; Covid-19; Internacional; Jair Bolsonaro,Brasil
145918,2020,Política y Economía,Brasil; Covid-19; Internacional; Jair Bolsonaro,Covid-19
145918,2020,Política y Economía,Brasil; Covid-19; Internacional; Jair Bolsonaro,Internacional
145918,2020,Política y Economía,Brasil; Covid-19; Internacional; Jair Bolsonaro,Jair Bolsonaro
146036,2020,Tecnologías,Teletrabajo,Teletrabajo
146072,2020,Salud,Covid-19,Covid-19
146132,2020,Culturas,Netflix; Zapping cultural,Netflix
146132,2020,Culturas,Netflix; Zapping cultural,Zapping Cultural
145747,2020,Salud,Covid-19,Covid-19
146245,2020,Tecnologías,Covid-19,Covid-19
146300,2020,Salud,Covid-19,Covid-19
146621,2020,Salud,Covid-19,Covid-19
146754,2020,Salud,Covid-19,Covid-19
146884,2020,Salud,Covid-19,Covid-19
146937,2020,Ambiente,COP26; Crisis climática,Cop26
146937,2020,Ambiente,COP26; Crisis climática,Crisis Climática
146945,2020,Salud,Covid-19,Covid-19
146982,2020,Salud,Covid-19,Covid-19
147021,2020,Salud,Covid-19; Escuela de Arte y Patrimonio; UNSAM,Covid-19
147021,2020,Salud,Covid-19; Escuela de Arte y Patrimonio; UNSAM,Escuela De Arte Y Patrimonio
147021,2020,Salud,Covid-19; Escuela de Arte y Patrimonio; UNSAM,Unsam
147099,2020,Salud,Covid-19,Covid-19
147181,2020,Salud,Covid-19,Covid-19
147196,2020,Política y Economía,#BlackLivesMatter; Racismo en Argentina,#Blacklivesmatter
147196,2020,Política y Economía,#BlackLivesMatter; Racismo en Argentina,Racismo En Argentina
147209,2020,Política y Economía,Racismo en Argentina,Racismo En Argentina
147221,2020,Política y Economía,#BlackLivesMatter; Estados Unidos; Racismo en Argentina,#Blacklivesmatter
147221,2020,Política y Economía,#BlackLivesMatter; Estados Unidos; Racismo en Argentina,Estados Unidos
147221,2020,Política y Economía,#BlackLivesMatter; Estados Unidos; Racismo en Argentina,Racismo En Argentina
147239,2020,Salud,Covid-19,Covid-19
147324,2020,Política y Economía,Escuela IDAES; Movimientos sociales; UNSAM,Escuela Idaes
147324,2020,Política y Economía,Escuela IDAES; Movimientos sociales; UNSAM,Movimientos Sociales
147324,2020,Política y Economía,Escuela IDAES; Movimientos sociales; UNSAM,Unsam
147325,2020,Salud,Pedro Lemebel,Pedro Lemebel
147429,2020,Ambiente,COP26; Crisis climática,Cop26
147429,2020,Ambiente,COP26; Crisis climática,Crisis Climática
147554,2020,Salud,Covid-19,Covid-19
147862,2020,Salud,Covid-19,Covid-19
148446,2020,Política y Economía,UNSAM,Unsam
148467,2020,Tecnologías,Escuela IDAES; UNSAM,Escuela Idaes
148467,2020,Tecnologías,Escuela IDAES; UNSAM,Unsam
148481,2020,Tecnologías,Teletrabajo,Teletrabajo
148512,2020,Culturas,Natalia Oreiro; Netflix; Rusia; Zapping cultural,Natalia Oreiro
148512,2020,Culturas,Natalia Oreiro; Netflix; Rusia; Zapping cultural,Netflix
148512,2020,Culturas,Natalia Oreiro; Netflix; Rusia; Zapping cultural,Rusia
148512,2020,Culturas,Natalia Oreiro; Netflix; Rusia; Zapping cultural,Zapping Cultural
148557,2020,Salud,Covid-19,Covid-19
148671,2020,Ambiente,Rosario; Rosariocronica,Rosario
148671,2020,Ambiente,Rosario; Rosariocronica,Rosariocronica
148724,2020,Política y Economía,Punitivismo,Punitivismo
148828,2020,Salud,Covid-19,Covid-19
148910,2020,Salud,Escuela IDAES; UNSAM,Escuela Idaes
148910,2020,Salud,Escuela IDAES; UNSAM,Unsam
148939,2020,Política y Economía,Violencia policial,Violencia Policial
148934,2020,Política y Economía,Racismo en Argentina,Racismo En Argentina
148965,2020,Política y Economía,Violencia policial,Violencia Policial
149024,2020,Salud,Covid-19,Covid-19
149447,2020,Política y Economía,Internacional; Venezuela,Internacional
149447,2020,Política y Economía,Internacional; Venezuela,Venezuela
149557,2020,Salud,Covid-19,Covid-19
149595,2020,Política y Economía,Rosario; Rosariocronica,Rosario
149595,2020,Política y Economía,Rosario; Rosariocronica,Rosariocronica
149656,2020,Política y Economía,Chile; Convención Constituyente; Internacional,Chile
149656,2020,Política y Economía,Chile; Convención Constituyente; Internacional,Convención Constituyente
149656,2020,Política y Economía,Chile; Convención Constituyente; Internacional,Internacional
149705,2020,Política y Economía,Chile; Convención Constituyente; Internacional,Chile
149705,2020,Política y Economía,Chile; Convención Constituyente; Internacional,Convención Constituyente
149705,2020,Política y Economía,Chile; Convención Constituyente; Internacional,Internacional
149857,2020,Política y Economía,Corrupción; Río Tercero,Corrupción
149857,2020,Política y Economía,Corrupción; Río Tercero,Río Tercero
149983,2020,Culturas,Netflix; Zapping cultural,Netflix
149983,2020,Culturas,Netflix; Zapping cultural,Zapping Cultural
150001,2020,Salud,Covid-19,Covid-19
150175,2020,Culturas,Diego Maradona,Diego Maradona
150178,2020,Culturas,Diego Maradona,Diego Maradona
150193,2020,Culturas,Diego Maradona,Diego Maradona
150214,2020,Culturas,Diego Maradona; Día internacional de la eliminación de la violencia contra las mujeres,Diego Maradona
150214,2020,Culturas,Diego Maradona; Día internacional de la eliminación de la violencia contra las mujeres,Día Internacional De La Eliminación De La Violencia Contra Las Mujeres
150191,2020,Culturas,Diego Maradona,Diego Maradona
150240,2020,Culturas,Diego Maradona,Diego Maradona
150317,2020,Política y Economía,Escuela IDAES; UNSAM,Escuela Idaes
150317,2020,Política y Economía,Escuela IDAES; UNSAM,Unsam
2761,2020,Culturas,Alejandro Sabella,Alejandro Sabella
150412,2020,Políticas de géneros,Aborto Legal,Aborto Legal
150408,2020,Políticas de géneros,Aborto Legal,Aborto Legal
150442,2020,Políticas de géneros,Aborto Legal,Aborto Legal
150590,2020,Políticas de géneros,Aborto Legal; LEDA-UNSAM; UNSAM,Aborto Legal
150590,2020,Políticas de géneros,Aborto Legal; LEDA-UNSAM; UNSAM,Leda-Unsam
150590,2020,Políticas de géneros,Aborto Legal; LEDA-UNSAM; UNSAM,Unsam
150622,2020,Política y Economía,LEDA-UNSAM,Leda-Unsam
150658,2020,Culturas,Diego Maradona; Escuela de Arte y Patrimonio; UNSAM,Diego Maradona
150658,2020,Culturas,Diego Maradona; Escuela de Arte y Patrimonio; UNSAM,Escuela De Arte Y Patrimonio
150658,2020,Culturas,Diego Maradona; Escuela de Arte y Patrimonio; UNSAM,Unsam
150659,2020,Política y Economía,LEDA-UNSAM,Leda-Unsam
150782,2020,Políticas de géneros,Aborto Legal,Aborto Legal
150802,2020,Políticas de géneros,Aborto Legal,Aborto Legal
150841,2020,Políticas de géneros,Aborto Legal,Aborto Legal
150881,2021,Políticas de géneros,Aborto Legal; LEDA-UNSAM; UNSAM,Aborto Legal
150881,2021,Políticas de géneros,Aborto Legal; LEDA-UNSAM; UNSAM,Leda-Unsam
150881,2021,Políticas de géneros,Aborto Legal; LEDA-UNSAM; UNSAM,Unsam
150935,2021,Salud,Covid-19,Covid-19
151047,2021,Salud,Covid-19,Covid-19
151109,2021,Política y Economía,Escuela de Política y Gobierno; UNSAM,Escuela De Política Y Gobierno
151109,2021,Política y Economía,Escuela de Política y Gobierno; UNSAM,Unsam
151124,2021,Culturas,Dibujos animados,Dibujos Animados
151189,2021,Ambiente,Rosariocronica,Rosariocronica
151225,2021,Política y Economía,Donald Trump; Estados Unidos; Internacional; Wall Street,Donald Trump
151225,2021,Política y Economía,Donald Trump; Estados Unidos; Internacional; Wall Street,Estados Unidos
151225,2021,Política y Economía,Donald Trump; Estados Unidos; Internacional; Wall Street,Internacional
151225,2021,Política y Economía,Donald Trump; Estados Unidos; Internacional; Wall Street,Wall Street
151253,2021,Salud,Covid-19,Covid-19
151324,2021,Política y Economía,#NiUnaMenos; Violencia policial,#Niunamenos
151324,2021,Política y Economía,#NiUnaMenos; Violencia policial,Violencia Policial
151332,2021,Políticas de géneros,#NiUnaMenos; Día internacional de la eliminación de la violencia contra las mujeres,#Niunamenos
151332,2021,Políticas de géneros,#NiUnaMenos; Día internacional de la eliminación de la violencia contra las mujeres,Día Internacional De La Eliminación De La Violencia Contra Las Mujeres
148839,2021,Salud,Covid-19,Covid-19
151353,2021,Política y Economía,Ecuador; Internacional,Ecuador
151353,2021,Política y Economía,Ecuador; Internacional,Internacional
151412,2021,Política y Economía,Chile; Estallido en Chile; Internacional,Chile
151412,2021,Política y Economía,Chile; Estallido en Chile; Internacional,Estallido En Chile
151412,2021,Política y Economía,Chile; Estallido en Chile; Internacional,Internacional
151490,2021,Salud,Covid-19,Covid-19
151601,2021,Políticas de géneros,8M; 8M: Paro internacional y plurinacional de mujeres y disidencias,8M
151601,2021,Políticas de géneros,8M; 8M: Paro internacional y plurinacional de mujeres y disidencias,8M: Paro Internacional Y Plurinacional De Mujeres Y Disidencias
151634,2021,Políticas de géneros,8M; 8M: Paro internacional y plurinacional de mujeres y disidencias,8M
151634,2021,Políticas de géneros,8M; 8M: Paro internacional y plurinacional de mujeres y disidencias,8M: Paro Internacional Y Plurinacional De Mujeres Y Disidencias
151635,2021,Políticas de géneros,8M: Paro internacional y plurinacional de mujeres y disidencias,8M: Paro Internacional Y Plurinacional De Mujeres Y Disidencias
151794,2021,Salud,Covid-19,Covid-19
151820,2021,Salud,Escuela IDAES; UNSAM,Escuela Idaes
151820,2021,Salud,Escuela IDAES; UNSAM,Unsam
151871,2021,Ambiente,Carrouselrosario; Crónicas; Rosario; Rosariocronica,Carrouselrosario
151871,2021,Ambiente,Carrouselrosario; Crónicas; Rosario; Rosariocronica,Crónicas
151871,2021,Ambiente,Carrouselrosario; Crónicas; Rosario; Rosariocronica,Rosario
151871,2021,Ambiente,Carrouselrosario; Crónicas; Rosario; Rosariocronica,Rosariocronica
151886,2021,Política y Economía,24M: Día de la memoria por la verdad y la justicia; Derechos Humanos; Juicios de lesa humanidad; Terrorismo de Estado,24M: Día De La Memoria Por La Verdad Y La Justicia
151886,2021,Política y Economía,24M: Día de la memoria por la verdad y la justicia; Derechos Humanos; Juicios de lesa humanidad; Terrorismo de Estado,Derechos Humanos
151886,2021,Política y Economía,24M: Día de la memoria por la verdad y la justicia; Derechos Humanos; Juicios de lesa humanidad; Terrorismo de Estado,Juicios De Lesa Humanidad
151886,2021,Política y Economía,24M: Día de la memoria por la verdad y la justicia; Derechos Humanos; Juicios de lesa humanidad; Terrorismo de Estado,Terrorismo De Estado
151969,2021,Política y Economía,Antipolítica; Liberalismo,Antipolítica
151969,2021,Política y Economía,Antipolítica; Liberalismo,Liberalismo
151983,2021,Política y Economía,Chile; Especial Chile; Internacional,Chile
151983,2021,Política y Economía,Chile; Especial Chile; Internacional,Especial Chile
151983,2021,Política y Economía,Chile; Especial Chile; Internacional,Internacional
152115,2021,Política y Economía,Chile; Especial Chile; Internacional; La transición en Chile,Chile
152115,2021,Política y Economía,Chile; Especial Chile; Internacional; La transición en Chile,Especial Chile
152115,2021,Política y Economía,Chile; Especial Chile; Internacional; La transición en Chile,Internacional
152115,2021,Política y Economía,Chile; Especial Chile; Internacional; La transición en Chile,La Transición En Chile
152224,2021,Política y Economía,Ecuador; Internacional,Ecuador
152224,2021,Política y Economía,Ecuador; Internacional,Internacional
152253,2021,Política y Economía,Escuela IDAES; UNSAM,Escuela Idaes
152253,2021,Política y Economía,Escuela IDAES; UNSAM,Unsam
152286,2021,Culturas,24M: Día de la memoria por la verdad y la justicia; Derechos Humanos; Dictadura,24M: Día De La Memoria Por La Verdad Y La Justicia
152286,2021,Culturas,24M: Día de la memoria por la verdad y la justicia; Derechos Humanos; Dictadura,Derechos Humanos
152286,2021,Culturas,24M: Día de la memoria por la verdad y la justicia; Derechos Humanos; Dictadura,Dictadura
152743,2021,Salud,Covid-19,Covid-19
152816,2021,Salud,Covid-19,Covid-19
152874,2021,Tecnologías,Inteligencia artificial,Inteligencia Artificial
152984,2021,Política y Economía,Chile; Convención Constituyente; Internacional,Chile
152984,2021,Política y Economía,Chile; Convención Constituyente; Internacional,Convención Constituyente
152984,2021,Política y Economía,Chile; Convención Constituyente; Internacional,Internacional
153068,2021,Política y Economía,Chile; Convención Constituyente; Internacional,Chile
153068,2021,Política y Economía,Chile; Convención Constituyente; Internacional,Convención Constituyente
153068,2021,Política y Economía,Chile; Convención Constituyente; Internacional,Internacional
153102,2021,Políticas de géneros,Chile; Convención Constituyente; Internacional,Chile
153102,2021,Políticas de géneros,Chile; Convención Constituyente; Internacional,Convención Constituyente
153102,2021,Políticas de géneros,Chile; Convención Constituyente; Internacional,Internacional
153249,2021,Salud,Covid-19,Covid-19
153284,2021,Culturas,Luis Miguel; Netflix,Luis Miguel
153284,2021,Culturas,Luis Miguel; Netflix,Netflix
153310,2021,Tecnologías,Inteligencia artificial,Inteligencia Artificial
153331,2021,Políticas de géneros,#NiUnaMenos; Día internacional de la eliminación de la violencia contra las mujeres,#Niunamenos
153331,2021,Políticas de géneros,#NiUnaMenos; Día internacional de la eliminación de la violencia contra las mujeres,Día Internacional De La Eliminación De La Violencia Contra Las Mujeres
153435,2021,Política y Economía,Escuela IDAES; UNSAM,Escuela Idaes
153435,2021,Política y Economía,Escuela IDAES; UNSAM,Unsam
153440,2021,Política y Economía,Internacional; Perú,Internacional
153440,2021,Política y Economía,Internacional; Perú,Perú
153467,2021,Ambiente,COP26; Crisis climática,Cop26
153467,2021,Ambiente,COP26; Crisis climática,Crisis Climática
153475,2021,Ambiente,COP26; Crisis climática,Cop26
153475,2021,Ambiente,COP26; Crisis climática,Crisis Climática
153577,2021,Política y Economía,Escuela IDAES; UNSAM,Escuela Idaes
153577,2021,Política y Economía,Escuela IDAES; UNSAM,Unsam
153688,2021,Amor y sexo,LGBTIQ+; Orgullo,Lgbtiq+
153688,2021,Amor y sexo,LGBTIQ+; Orgullo,Orgullo
10497,2021,Culturas,Horacio González,Horacio González
153705,2021,Culturas,Horacio González,Horacio González
153719,2021,Culturas,Horacio González,Horacio González
153732,2021,Culturas,Horacio González,Horacio González
153743,2021,Culturas,Horacio González,Horacio González
153796,2021,Amor y sexo,LGBTIQ+; Orgullo,Lgbtiq+
153796,2021,Amor y sexo,LGBTIQ+; Orgullo,Orgullo
153796,2021,Políticas de géneros,LGBTIQ+; Orgullo,Lgbtiq+
153796,2021,Políticas de géneros,LGBTIQ+; Orgullo,Orgullo
153804,2021,Políticas de géneros,LGBTIQ+; Orgullo,Lgbtiq+
153804,2021,Políticas de géneros,LGBTIQ+; Orgullo,Orgullo
153851,2021,Culturas,Horacio González,Horacio González
151744,2021,Ambiente,Rosariocronica,Rosariocronica
153867,2021,Amor y sexo,LGBTIQ+; Orgullo,Lgbtiq+
153867,2021,Amor y sexo,LGBTIQ+; Orgullo,Orgullo
153898,2021,Culturas,Escuela IDAES; UNSAM,Escuela Idaes
153898,2021,Culturas,Escuela IDAES; UNSAM,Unsam
153984,2021,Política y Economía,Después del virus,Después Del Virus
153349,2021,Salud,Covid-19; Después del virus,Covid-19
153349,2021,Salud,Covid-19; Después del virus,Después Del Virus
154158,2021,Salud,Covid-19,Covid-19
154204,2021,Política y Economía,Chile; Convención Constituyente; Internacional,Chile
154204,2021,Política y Economía,Chile; Convención Constituyente; Internacional,Convención Constituyente
154204,2021,Política y Economía,Chile; Convención Constituyente; Internacional,Internacional
154302,2021,Culturas,Dibujos animados,Dibujos Animados
148254,2021,Ambiente,Brasil; Incendios; Internacional,Brasil
148254,2021,Ambiente,Brasil; Incendios; Internacional,Incendios
148254,2021,Ambiente,Brasil; Incendios; Internacional,Internacional
154292,2021,Culturas,2001; Crisis 2001; Series,2001
154292,2021,Culturas,2001; Crisis 2001; Series,Crisis 2001
154292,2021,Culturas,2001; Crisis 2001; Series,Series
154438,2021,Culturas,Catolicismo; Religión,Catolicismo
154438,2021,Culturas,Catolicismo; Religión,Religión
154464,2021,Culturas,Instagram; Libros; YouTube,Instagram
154464,2021,Culturas,Instagram; Libros; YouTube,Libros
154464,2021,Culturas,Instagram; Libros; YouTube,Youtube
154363,2021,Política y Economía,Escuela IDAES; UNSAM,Escuela Idaes
154363,2021,Política y Economía,Escuela IDAES; UNSAM,Unsam
154567,2021,Política y Economía,Movimientos sociales,Movimientos Sociales
154606,2021,Culturas,Juegos olímpicos; Salud mental,Juegos Olímpicos
154606,2021,Culturas,Juegos olímpicos; Salud mental,Salud Mental
3110,2021,Política y Economía,24M: Día de la memoria por la verdad y la justicia; Derechos Humanos; Nietos,24M: Día De La Memoria Por La Verdad Y La Justicia
3110,2021,Política y Economía,24M: Día de la memoria por la verdad y la justicia; Derechos Humanos; Nietos,Derechos Humanos
3110,2021,Política y Economía,24M: Día de la memoria por la verdad y la justicia; Derechos Humanos; Nietos,Nietos
154638,2021,Salud,Covid-19; Después del virus,Covid-19
154638,2021,Salud,Covid-19; Después del virus,Después Del Virus
154690,2021,Política y Economía,Movimientos sociales,Movimientos Sociales
154752,2021,Ambiente,COP26; Crisis climática,Cop26
154752,2021,Ambiente,COP26; Crisis climática,Crisis Climática
154772,2021,Culturas,Influencers; Zapping cultural,Influencers
154772,2021,Culturas,Influencers; Zapping cultural,Zapping Cultural
154868,2021,Política y Economía,Elecciones legislativas 2021; Perfil político,Elecciones Legislativas 2021
154868,2021,Política y Economía,Elecciones legislativas 2021; Perfil político,Perfil Político
154890,2021,Culturas,Zapping cultural,Zapping Cultural
154935,2021,Política y Economía,Derechas; Elecciones legislativas 2021; La Libertad Avanza; Liberalismo; Perfil político,Derechas
154935,2021,Política y Economía,Derechas; Elecciones legislativas 2021; La Libertad Avanza; Liberalismo; Perfil político,Elecciones Legislativas 2021
154935,2021,Política y Economía,Derechas; Elecciones legislativas 2021; La Libertad Avanza; Liberalismo; Perfil político,La Libertad Avanza
154935,2021,Política y Economía,Derechas; Elecciones legislativas 2021; La Libertad Avanza; Liberalismo; Perfil político,Liberalismo
154935,2021,Política y Economía,Derechas; Elecciones legislativas 2021; La Libertad Avanza; Liberalismo; Perfil político,Perfil Político
154964,2021,Culturas,Netflix; Zapping cultural,Netflix
154964,2021,Culturas,Netflix; Zapping cultural,Zapping Cultural
155057,2021,Políticas de géneros,LGBTIQ+; Orgullo,Lgbtiq+
155057,2021,Políticas de géneros,LGBTIQ+; Orgullo,Orgullo
155088,2021,Políticas de géneros,Día internacional de la eliminación de la violencia contra las mujeres,Día Internacional De La Eliminación De La Violencia Contra Las Mujeres
179193,2021,Política y Economía,Atentado a Cristina; Discursos de odio; LEDA-UNSAM; Redes sociales; UNSAM,Atentado A Cristina
179193,2021,Política y Economía,Atentado a Cristina; Discursos de odio; LEDA-UNSAM; Redes sociales; UNSAM,Discursos De Odio
179193,2021,Política y Economía,Atentado a Cristina; Discursos de odio; LEDA-UNSAM; Redes sociales; UNSAM,Leda-Unsam
179193,2021,Política y Economía,Atentado a Cristina; Discursos de odio; LEDA-UNSAM; Redes sociales; UNSAM,Redes Sociales
179193,2021,Política y Economía,Atentado a Cristina; Discursos de odio; LEDA-UNSAM; Redes sociales; UNSAM,Unsam
155269,2021,Política y Economía,Elecciones; Elecciones legislativas 2021,Elecciones
155269,2021,Política y Economía,Elecciones; Elecciones legislativas 2021,Elecciones Legislativas 2021
155272,2021,Política y Economía,Elecciones; Elecciones legislativas 2021,Elecciones
155272,2021,Política y Economía,Elecciones; Elecciones legislativas 2021,Elecciones Legislativas 2021
155284,2021,Política y Economía,Elecciones; Elecciones legislativas 2021; Frente de Todos; Peronismo,Elecciones
155284,2021,Política y Economía,Elecciones; Elecciones legislativas 2021; Frente de Todos; Peronismo,Elecciones Legislativas 2021
155284,2021,Política y Economía,Elecciones; Elecciones legislativas 2021; Frente de Todos; Peronismo,Frente De Todos
155284,2021,Política y Economía,Elecciones; Elecciones legislativas 2021; Frente de Todos; Peronismo,Peronismo
155288,2021,Política y Economía,Elecciones; Elecciones legislativas 2021; Frente de Todos; Peronismo,Elecciones
155288,2021,Política y Economía,Elecciones; Elecciones legislativas 2021; Frente de Todos; Peronismo,Elecciones Legislativas 2021
155288,2021,Política y Economía,Elecciones; Elecciones legislativas 2021; Frente de Todos; Peronismo,Frente De Todos
155288,2021,Política y Economía,Elecciones; Elecciones legislativas 2021; Frente de Todos; Peronismo,Peronismo
155295,2021,Políticas de géneros,Día internacional de la eliminación de la violencia contra las mujeres,Día Internacional De La Eliminación De La Violencia Contra Las Mujeres
155322,2021,Política y Economía,Elecciones; Elecciones legislativas 2021; Frente de Todos; Peronismo,Elecciones
155322,2021,Política y Economía,Elecciones; Elecciones legislativas 2021; Frente de Todos; Peronismo,Elecciones Legislativas 2021
155322,2021,Política y Economía,Elecciones; Elecciones legislativas 2021; Frente de Todos; Peronismo,Frente De Todos
155322,2021,Política y Economía,Elecciones; Elecciones legislativas 2021; Frente de Todos; Peronismo,Peronismo
155314,2021,Política y Economía,Elecciones; Elecciones legislativas 2021; Frente de Todos; Peronismo,Elecciones
155314,2021,Política y Economía,Elecciones; Elecciones legislativas 2021; Frente de Todos; Peronismo,Elecciones Legislativas 2021
155314,2021,Política y Economía,Elecciones; Elecciones legislativas 2021; Frente de Todos; Peronismo,Frente De Todos
155314,2021,Política y Economía,Elecciones; Elecciones legislativas 2021; Frente de Todos; Peronismo,Peronismo
155325,2021,Política y Economía,Elecciones; Elecciones legislativas 2021; Frente de Todos; Peronismo,Elecciones
155325,2021,Política y Economía,Elecciones; Elecciones legislativas 2021; Frente de Todos; Peronismo,Elecciones Legislativas 2021
155325,2021,Política y Economía,Elecciones; Elecciones legislativas 2021; Frente de Todos; Peronismo,Frente De Todos
155325,2021,Política y Economía,Elecciones; Elecciones legislativas 2021; Frente de Todos; Peronismo,Peronismo
155323,2021,Política y Economía,Elecciones; Elecciones legislativas 2021; Frente de Todos; Peronismo,Elecciones
155323,2021,Política y Economía,Elecciones; Elecciones legislativas 2021; Frente de Todos; Peronismo,Elecciones Legislativas 2021
155323,2021,Política y Economía,Elecciones; Elecciones legislativas 2021; Frente de Todos; Peronismo,Frente De Todos
155323,2021,Política y Economía,Elecciones; Elecciones legislativas 2021; Frente de Todos; Peronismo,Peronismo
158543,2021,Culturas,Epistemología; Feminismos; Libros; Literatura,Epistemología
158543,2021,Culturas,Epistemología; Feminismos; Libros; Literatura,Feminismos
158543,2021,Culturas,Epistemología; Feminismos; Libros; Literatura,Libros
158543,2021,Culturas,Epistemología; Feminismos; Libros; Literatura,Literatura
158080,2021,Política y Economía,Elecciones; Elecciones legislativas 2021; Frente de Todos; Peronismo,Elecciones
158080,2021,Política y Economía,Elecciones; Elecciones legislativas 2021; Frente de Todos; Peronismo,Elecciones Legislativas 2021
158080,2021,Política y Economía,Elecciones; Elecciones legislativas 2021; Frente de Todos; Peronismo,Frente De Todos
158080,2021,Política y Economía,Elecciones; Elecciones legislativas 2021; Frente de Todos; Peronismo,Peronismo
158146,2021,Política y Economía,Elecciones; Elecciones legislativas 2021; Frente de Todos; Peronismo,Elecciones
158146,2021,Política y Economía,Elecciones; Elecciones legislativas 2021; Frente de Todos; Peronismo,Elecciones Legislativas 2021
158146,2021,Política y Economía,Elecciones; Elecciones legislativas 2021; Frente de Todos; Peronismo,Frente De Todos
158146,2021,Política y Economía,Elecciones; Elecciones legislativas 2021; Frente de Todos; Peronismo,Peronismo
158164,2021,Política y Economía,Elecciones; Elecciones legislativas 2021; Frente de Todos; Peronismo,Elecciones
158164,2021,Política y Economía,Elecciones; Elecciones legislativas 2021; Frente de Todos; Peronismo,Elecciones Legislativas 2021
158164,2021,Política y Economía,Elecciones; Elecciones legislativas 2021; Frente de Todos; Peronismo,Frente De Todos
158164,2021,Política y Economía,Elecciones; Elecciones legislativas 2021; Frente de Todos; Peronismo,Peronismo
158165,2021,Políticas de géneros,Elecciones; Elecciones legislativas 2021; Feminismos; Frente de Todos; Peronismo,Elecciones
158165,2021,Políticas de géneros,Elecciones; Elecciones legislativas 2021; Feminismos; Frente de Todos; Peronismo,Elecciones Legislativas 2021
158165,2021,Políticas de géneros,Elecciones; Elecciones legislativas 2021; Feminismos; Frente de Todos; Peronismo,Feminismos
158165,2021,Políticas de géneros,Elecciones; Elecciones legislativas 2021; Feminismos; Frente de Todos; Peronismo,Frente De Todos
158165,2021,Políticas de géneros,Elecciones; Elecciones legislativas 2021; Feminismos; Frente de Todos; Peronismo,Peronismo
158314,2021,Ambiente,COP26; Crisis climática,Cop26
158314,2021,Ambiente,COP26; Crisis climática,Crisis Climática
158368,2021,Política y Economía,Alemania; Angela Merkel; Internacional,Alemania
158368,2021,Política y Economía,Alemania; Angela Merkel; Internacional,Angela Merkel
158368,2021,Política y Economía,Alemania; Angela Merkel; Internacional,Internacional
158354,2021,Culturas,Artes,Artes
158542,2021,Culturas,Feminismos; Libros,Feminismos
158542,2021,Culturas,Feminismos; Libros,Libros
158468,2021,Amor y sexo,Juventudes; Testimonios,Juventudes
158468,2021,Amor y sexo,Juventudes; Testimonios,Testimonios
158629,2021,Tecnologías,Teletrabajo; Trabajo,Teletrabajo
158629,2021,Tecnologías,Teletrabajo; Trabajo,Trabajo
158706,2021,Salud,Covid-19; Después del virus,Covid-19
158706,2021,Salud,Covid-19; Después del virus,Después Del Virus
158834,2021,Culturas,Afectos; Literatura; Teatro,Afectos
158834,2021,Culturas,Afectos; Literatura; Teatro,Literatura
158834,2021,Culturas,Afectos; Literatura; Teatro,Teatro
158789,2021,Política y Economía,Espionaje ilegal; Mauricio Macri,Espionaje Ilegal
158789,2021,Política y Economía,Espionaje ilegal; Mauricio Macri,Mauricio Macri
158856,2021,Política y Economía,Filtraciones; Pandora Papers; Periodismo,Filtraciones
158856,2021,Política y Economía,Filtraciones; Pandora Papers; Periodismo,Pandora Papers
158856,2021,Política y Economía,Filtraciones; Pandora Papers; Periodismo,Periodismo
158883,2021,Salud,Covid-19; Influencers; Negacionismo; Terapias alternativas,Covid-19
158883,2021,Salud,Covid-19; Influencers; Negacionismo; Terapias alternativas,Influencers
158883,2021,Salud,Covid-19; Influencers; Negacionismo; Terapias alternativas,Negacionismo
158883,2021,Salud,Covid-19; Influencers; Negacionismo; Terapias alternativas,Terapias Alternativas
158914,2021,Salud,Alimentación; Infancias; Ley de Etiquetado,Alimentación
158914,2021,Salud,Alimentación; Infancias; Ley de Etiquetado,Infancias
158914,2021,Salud,Alimentación; Infancias; Ley de Etiquetado,Ley De Etiquetado
158952,2021,Política y Economía,Fuerzas de seguridad; Mercados ilegales,Fuerzas De Seguridad
158952,2021,Política y Economía,Fuerzas de seguridad; Mercados ilegales,Mercados Ilegales
159013,2021,Culturas,Charly García; Música; Rock Nacional,Charly García
159013,2021,Culturas,Charly García; Música; Rock Nacional,Música
159013,2021,Culturas,Charly García; Música; Rock Nacional,Rock Nacional
159072,2021,Política y Economía,Drogas; Escuela IDAES; Narcotráfico; UNSAM,Drogas
159072,2021,Política y Economía,Drogas; Escuela IDAES; Narcotráfico; UNSAM,Escuela Idaes
159072,2021,Política y Economía,Drogas; Escuela IDAES; Narcotráfico; UNSAM,Narcotráfico
159072,2021,Política y Economía,Drogas; Escuela IDAES; Narcotráfico; UNSAM,Unsam
159143,2021,Política y Economía,Brasil; Internacional; Jair Bolsonaro; Lula da Silva,Brasil
159143,2021,Política y Economía,Brasil; Internacional; Jair Bolsonaro; Lula da Silva,Internacional
159143,2021,Política y Economía,Brasil; Internacional; Jair Bolsonaro; Lula da Silva,Jair Bolsonaro
159143,2021,Política y Economía,Brasil; Internacional; Jair Bolsonaro; Lula da Silva,Lula Da Silva
159191,2021,Política y Economía,Constitución; Estado laico; Religion,Constitución
159191,2021,Política y Economía,Constitución; Estado laico; Religion,Estado Laico
159191,2021,Política y Economía,Constitución; Estado laico; Religion,Religion
159298,2021,Amor y sexo,Redes sociales; Wanda Nara; Zapping cultural,Redes Sociales
159298,2021,Amor y sexo,Redes sociales; Wanda Nara; Zapping cultural,Wanda Nara
159298,2021,Amor y sexo,Redes sociales; Wanda Nara; Zapping cultural,Zapping Cultural
159315,2021,Ambiente,COP26; Crisis climática; Deuda,Cop26
159315,2021,Ambiente,COP26; Crisis climática; Deuda,Crisis Climática
159315,2021,Ambiente,COP26; Crisis climática; Deuda,Deuda
159380,2021,Política y Economía,Conflictos territoriales; Periodismo; Pueblos originarios,Conflictos Territoriales
159380,2021,Política y Economía,Conflictos territoriales; Periodismo; Pueblos originarios,Periodismo
159380,2021,Política y Economía,Conflictos territoriales; Periodismo; Pueblos originarios,Pueblos Originarios
159412,2021,Culturas,Ciencia; Feminismos; Tecnología,Ciencia
159412,2021,Culturas,Ciencia; Feminismos; Tecnología,Feminismos
159412,2021,Culturas,Ciencia; Feminismos; Tecnología,Tecnología
159476,2021,Políticas de géneros,Femicidios; Poder Judicial; Violencia policial; Violencias,Femicidios
159476,2021,Políticas de géneros,Femicidios; Poder Judicial; Violencia policial; Violencias,Poder Judicial
159476,2021,Políticas de géneros,Femicidios; Poder Judicial; Violencia policial; Violencias,Violencia Policial
159476,2021,Políticas de géneros,Femicidios; Poder Judicial; Violencia policial; Violencias,Violencias
159555,2021,Culturas,Artes; Redes sociales,Artes
159555,2021,Culturas,Artes; Redes sociales,Redes Sociales
159687,2021,Política y Economía,Alemania; Angela Merkel,Alemania
159687,2021,Política y Economía,Alemania; Angela Merkel,Angela Merkel
159937,2021,Políticas de géneros,Identidades no binarias; Libros,Identidades No Binarias
159937,2021,Políticas de géneros,Identidades no binarias; Libros,Libros
160124,2021,Culturas,Amazon Prime; Diego Maradona; Gordoodio; Series; Zapping cultural,Amazon Prime
160124,2021,Culturas,Amazon Prime; Diego Maradona; Gordoodio; Series; Zapping cultural,Diego Maradona
160124,2021,Culturas,Amazon Prime; Diego Maradona; Gordoodio; Series; Zapping cultural,Gordoodio
160124,2021,Culturas,Amazon Prime; Diego Maradona; Gordoodio; Series; Zapping cultural,Series
160124,2021,Culturas,Amazon Prime; Diego Maradona; Gordoodio; Series; Zapping cultural,Zapping Cultural
160263,2021,Políticas de géneros,LGBTIQ+; Memoria trans; Orgullo,Lgbtiq+
160263,2021,Políticas de géneros,LGBTIQ+; Memoria trans; Orgullo,Memoria Trans
160263,2021,Políticas de géneros,LGBTIQ+; Memoria trans; Orgullo,Orgullo
160330,2021,Culturas,Basta Chicos; Mediáticos; Redes sociales; Zapping cultural,Basta Chicos
160330,2021,Culturas,Basta Chicos; Mediáticos; Redes sociales; Zapping cultural,Mediáticos
160330,2021,Culturas,Basta Chicos; Mediáticos; Redes sociales; Zapping cultural,Redes Sociales
160330,2021,Culturas,Basta Chicos; Mediáticos; Redes sociales; Zapping cultural,Zapping Cultural
160553,2021,Política y Economía,La Cámpora; Libros; Luis Majul,La Cámpora
160553,2021,Política y Economía,La Cámpora; Libros; Luis Majul,Libros
160553,2021,Política y Economía,La Cámpora; Libros; Luis Majul,Luis Majul
160580,2021,Política y Economía,Elecciones; Elecciones legislativas 2021; Escuela IDAES; Los Anteúltimos; Peronismo; San Martín; UNSAM,Elecciones
160580,2021,Política y Economía,Elecciones; Elecciones legislativas 2021; Escuela IDAES; Los Anteúltimos; Peronismo; San Martín; UNSAM,Elecciones Legislativas 2021
160580,2021,Política y Economía,Elecciones; Elecciones legislativas 2021; Escuela IDAES; Los Anteúltimos; Peronismo; San Martín; UNSAM,Escuela Idaes
160580,2021,Política y Economía,Elecciones; Elecciones legislativas 2021; Escuela IDAES; Los Anteúltimos; Peronismo; San Martín; UNSAM,Los Anteúltimos
160580,2021,Política y Economía,Elecciones; Elecciones legislativas 2021; Escuela IDAES; Los Anteúltimos; Peronismo; San Martín; UNSAM,Peronismo
160580,2021,Política y Economía,Elecciones; Elecciones legislativas 2021; Escuela IDAES; Los Anteúltimos; Peronismo; San Martín; UNSAM,San Martín
160580,2021,Política y Economía,Elecciones; Elecciones legislativas 2021; Escuela IDAES; Los Anteúltimos; Peronismo; San Martín; UNSAM,Unsam
160628,2021,Política y Economía,Elecciones legislativas 2021; La Matanza; Los Anteúltimos; Peronismo,Elecciones Legislativas 2021
160628,2021,Política y Economía,Elecciones legislativas 2021; La Matanza; Los Anteúltimos; Peronismo,La Matanza
160628,2021,Política y Economía,Elecciones legislativas 2021; La Matanza; Los Anteúltimos; Peronismo,Los Anteúltimos
160628,2021,Política y Economía,Elecciones legislativas 2021; La Matanza; Los Anteúltimos; Peronismo,Peronismo
160835,2021,Política y Economía,Elecciones; Elecciones legislativas 2021; Javier Milei; LEDA-UNSAM; La Libertad Avanza; Liberalismo; UNSAM,Elecciones
160835,2021,Política y Economía,Elecciones; Elecciones legislativas 2021; Javier Milei; LEDA-UNSAM; La Libertad Avanza; Liberalismo; UNSAM,Elecciones Legislativas 2021
160835,2021,Política y Economía,Elecciones; Elecciones legislativas 2021; Javier Milei; LEDA-UNSAM; La Libertad Avanza; Liberalismo; UNSAM,Javier Milei
160835,2021,Política y Economía,Elecciones; Elecciones legislativas 2021; Javier Milei; LEDA-UNSAM; La Libertad Avanza; Liberalismo; UNSAM,Leda-Unsam
160835,2021,Política y Economía,Elecciones; Elecciones legislativas 2021; Javier Milei; LEDA-UNSAM; La Libertad Avanza; Liberalismo; UNSAM,La Libertad Avanza
160835,2021,Política y Economía,Elecciones; Elecciones legislativas 2021; Javier Milei; LEDA-UNSAM; La Libertad Avanza; Liberalismo; UNSAM,Liberalismo
160835,2021,Política y Economía,Elecciones; Elecciones legislativas 2021; Javier Milei; LEDA-UNSAM; La Libertad Avanza; Liberalismo; UNSAM,Unsam
160913,2021,Ambiente,COP26; Hidrógeno verde; Transición energética,Cop26
160913,2021,Ambiente,COP26; Hidrógeno verde; Transición energética,Hidrógeno Verde
160913,2021,Ambiente,COP26; Hidrógeno verde; Transición energética,Transición Energética
161195,2021,Política y Economía,Conurbano; Elecciones; Elecciones legislativas 2021; Peronismo,Conurbano
161195,2021,Política y Economía,Conurbano; Elecciones; Elecciones legislativas 2021; Peronismo,Elecciones
161195,2021,Política y Economía,Conurbano; Elecciones; Elecciones legislativas 2021; Peronismo,Elecciones Legislativas 2021
161195,2021,Política y Economía,Conurbano; Elecciones; Elecciones legislativas 2021; Peronismo,Peronismo
161224,2021,Política y Economía,Elecciones; Elecciones legislativas 2021; Frente de Izquierda; Juntos por el cambio; Peronismo,Elecciones
161224,2021,Política y Economía,Elecciones; Elecciones legislativas 2021; Frente de Izquierda; Juntos por el cambio; Peronismo,Elecciones Legislativas 2021
161224,2021,Política y Economía,Elecciones; Elecciones legislativas 2021; Frente de Izquierda; Juntos por el cambio; Peronismo,Frente De Izquierda
161224,2021,Política y Economía,Elecciones; Elecciones legislativas 2021; Frente de Izquierda; Juntos por el cambio; Peronismo,Juntos Por El Cambio
161224,2021,Política y Economía,Elecciones; Elecciones legislativas 2021; Frente de Izquierda; Juntos por el cambio; Peronismo,Peronismo
161292,2021,Política y Economía,Daniel Ortega; Internacional; Nicaragua,Daniel Ortega
161292,2021,Política y Economía,Daniel Ortega; Internacional; Nicaragua,Internacional
161292,2021,Política y Economía,Daniel Ortega; Internacional; Nicaragua,Nicaragua
161307,2021,Política y Economía,Elecciones legislativas 2021; LEDA-UNSAM,Elecciones Legislativas 2021
161307,2021,Política y Economía,Elecciones legislativas 2021; LEDA-UNSAM,Leda-Unsam
161639,2021,Política y Economía,Elecciones; Elecciones legislativas 2021; Frente de Todos; Juntos por el cambio; Peronismo,Elecciones
161639,2021,Política y Economía,Elecciones; Elecciones legislativas 2021; Frente de Todos; Juntos por el cambio; Peronismo,Elecciones Legislativas 2021
161639,2021,Política y Economía,Elecciones; Elecciones legislativas 2021; Frente de Todos; Juntos por el cambio; Peronismo,Frente De Todos
161639,2021,Política y Economía,Elecciones; Elecciones legislativas 2021; Frente de Todos; Juntos por el cambio; Peronismo,Juntos Por El Cambio
161639,2021,Política y Economía,Elecciones; Elecciones legislativas 2021; Frente de Todos; Juntos por el cambio; Peronismo,Peronismo
161957,2021,Amor y sexo,LGBTIQ+; Memoria trans; Noche queer,Lgbtiq+
161957,2021,Amor y sexo,LGBTIQ+; Memoria trans; Noche queer,Memoria Trans
161957,2021,Amor y sexo,LGBTIQ+; Memoria trans; Noche queer,Noche Queer
162016,2021,Política y Economía,Violencia policial,Violencia Policial
162068,2021,Política y Economía,Chile; Elecciones; Internacional; La transición en Chile,Chile
162068,2021,Política y Economía,Chile; Elecciones; Internacional; La transición en Chile,Elecciones
162068,2021,Política y Economía,Chile; Elecciones; Internacional; La transición en Chile,Internacional
162068,2021,Política y Economía,Chile; Elecciones; Internacional; La transición en Chile,La Transición En Chile
162144,2021,Política y Economía,Chile; Elecciones; Internacional; La transición en Chile,Chile
162144,2021,Política y Economía,Chile; Elecciones; Internacional; La transición en Chile,Elecciones
162144,2021,Política y Economía,Chile; Elecciones; Internacional; La transición en Chile,Internacional
162144,2021,Política y Economía,Chile; Elecciones; Internacional; La transición en Chile,La Transición En Chile
162234,2021,Política y Economía,Desigualdad; Elites,Desigualdad
162234,2021,Política y Economía,Desigualdad; Elites,Elites
162358,2021,Política y Economía,Conflictos territoriales; Pueblos originarios,Conflictos Territoriales
162358,2021,Política y Economía,Conflictos territoriales; Pueblos originarios,Pueblos Originarios
162496,2021,Culturas,Corea del Sur; Gastronomía; K-pop; Series,Corea Del Sur
162496,2021,Culturas,Corea del Sur; Gastronomía; K-pop; Series,Gastronomía
162496,2021,Culturas,Corea del Sur; Gastronomía; K-pop; Series,K-Pop
162496,2021,Culturas,Corea del Sur; Gastronomía; K-pop; Series,Series
162590,2021,Culturas,Artes; Vih/Sida,Artes
162590,2021,Culturas,Artes; Vih/Sida,Vih/Sida
162626,2021,Política y Economía,Impuesto a las grandes riquezas; Regresividad impositiva,Impuesto A Las Grandes Riquezas
162626,2021,Política y Economía,Impuesto a las grandes riquezas; Regresividad impositiva,Regresividad Impositiva
162802,2021,Culturas,Libros; Palito Ortega; Zapping cultural,Libros
162802,2021,Culturas,Libros; Palito Ortega; Zapping cultural,Palito Ortega
162802,2021,Culturas,Libros; Palito Ortega; Zapping cultural,Zapping Cultural
162764,2021,Políticas de géneros,2001 | UNSAM; 8M; Crisis 2001; Feminismos,2001 | Unsam
162764,2021,Políticas de géneros,2001 | UNSAM; 8M; Crisis 2001; Feminismos,8M
162764,2021,Políticas de géneros,2001 | UNSAM; 8M; Crisis 2001; Feminismos,Crisis 2001
162764,2021,Políticas de géneros,2001 | UNSAM; 8M; Crisis 2001; Feminismos,Feminismos
163405,2021,Política y Economía,24M: Día de la memoria por la verdad y la justicia; Derechos Humanos; Dictadura; Fotografía; Terrorismo de Estado; Videla,24M: Día De La Memoria Por La Verdad Y La Justicia
163405,2021,Política y Economía,24M: Día de la memoria por la verdad y la justicia; Derechos Humanos; Dictadura; Fotografía; Terrorismo de Estado; Videla,Derechos Humanos
163405,2021,Política y Economía,24M: Día de la memoria por la verdad y la justicia; Derechos Humanos; Dictadura; Fotografía; Terrorismo de Estado; Videla,Dictadura
163405,2021,Política y Economía,24M: Día de la memoria por la verdad y la justicia; Derechos Humanos; Dictadura; Fotografía; Terrorismo de Estado; Videla,Fotografía
163405,2021,Política y Economía,24M: Día de la memoria por la verdad y la justicia; Derechos Humanos; Dictadura; Fotografía; Terrorismo de Estado; Videla,Terrorismo De Estado
163405,2021,Política y Economía,24M: Día de la memoria por la verdad y la justicia; Derechos Humanos; Dictadura; Fotografía; Terrorismo de Estado; Videla,Videla
163386,2021,Culturas,Escuela IDAES; Historia; Literatura; UNSAM,Escuela Idaes
163386,2021,Culturas,Escuela IDAES; Historia; Literatura; UNSAM,Historia
163386,2021,Culturas,Escuela IDAES; Historia; Literatura; UNSAM,Literatura
163386,2021,Culturas,Escuela IDAES; Historia; Literatura; UNSAM,Unsam
162653,2021,Política y Economía,2001; A 20 años del estallido; Crisis 2001; Derechas,2001
162653,2021,Política y Economía,2001; A 20 años del estallido; Crisis 2001; Derechas,A 20 Años Del Estallido
162653,2021,Política y Economía,2001; A 20 años del estallido; Crisis 2001; Derechas,Crisis 2001
162653,2021,Política y Economía,2001; A 20 años del estallido; Crisis 2001; Derechas,Derechas
162760,2021,Política y Economía,2001 | UNSAM; A 20 años del estallido; Crisis 2001; Escuela IDAES,2001 | Unsam
162760,2021,Política y Economía,2001 | UNSAM; A 20 años del estallido; Crisis 2001; Escuela IDAES,A 20 Años Del Estallido
162760,2021,Política y Economía,2001 | UNSAM; A 20 años del estallido; Crisis 2001; Escuela IDAES,Crisis 2001
162760,2021,Política y Economía,2001 | UNSAM; A 20 años del estallido; Crisis 2001; Escuela IDAES,Escuela Idaes
162770,2021,Política y Economía,2001 | UNSAM; A 20 años del estallido; Crisis 2001,2001 | Unsam
162770,2021,Política y Economía,2001 | UNSAM; A 20 años del estallido; Crisis 2001,A 20 Años Del Estallido
162770,2021,Política y Economía,2001 | UNSAM; A 20 años del estallido; Crisis 2001,Crisis 2001
163497,2021,Culturas,Beca Cosecha Anfibia; Futuro Imperfecto; Medios de comunicación; Periodismo,Beca Cosecha Anfibia
163497,2021,Culturas,Beca Cosecha Anfibia; Futuro Imperfecto; Medios de comunicación; Periodismo,Futuro Imperfecto
163497,2021,Culturas,Beca Cosecha Anfibia; Futuro Imperfecto; Medios de comunicación; Periodismo,Medios De Comunicación
163497,2021,Culturas,Beca Cosecha Anfibia; Futuro Imperfecto; Medios de comunicación; Periodismo,Periodismo
162716,2021,Culturas,2001; Archivo; Artes; Crisis 2001; Movimientos sociales,2001
162716,2021,Culturas,2001; Archivo; Artes; Crisis 2001; Movimientos sociales,Archivo
162716,2021,Culturas,2001; Archivo; Artes; Crisis 2001; Movimientos sociales,Artes
162716,2021,Culturas,2001; Archivo; Artes; Crisis 2001; Movimientos sociales,Crisis 2001
162716,2021,Culturas,2001; Archivo; Artes; Crisis 2001; Movimientos sociales,Movimientos Sociales
162664,2021,Política y Economía,2001; Crisis 2001; Protesta social; Violencia policial,2001
162664,2021,Política y Economía,2001; Crisis 2001; Protesta social; Violencia policial,Crisis 2001
162664,2021,Política y Economía,2001; Crisis 2001; Protesta social; Violencia policial,Protesta Social
162664,2021,Política y Economía,2001; Crisis 2001; Protesta social; Violencia policial,Violencia Policial
162685,2021,Política y Economía,2001; A 20 años del estallido; Crisis 2001; Fotoperiodismo; Libertad de expresión; Protesta social,2001
162685,2021,Política y Economía,2001; A 20 años del estallido; Crisis 2001; Fotoperiodismo; Libertad de expresión; Protesta social,A 20 Años Del Estallido
162685,2021,Política y Economía,2001; A 20 años del estallido; Crisis 2001; Fotoperiodismo; Libertad de expresión; Protesta social,Crisis 2001
162685,2021,Política y Economía,2001; A 20 años del estallido; Crisis 2001; Fotoperiodismo; Libertad de expresión; Protesta social,Fotoperiodismo
162685,2021,Política y Economía,2001; A 20 años del estallido; Crisis 2001; Fotoperiodismo; Libertad de expresión; Protesta social,Libertad De Expresión
162685,2021,Política y Economía,2001; A 20 años del estallido; Crisis 2001; Fotoperiodismo; Libertad de expresión; Protesta social,Protesta Social
162779,2021,Culturas,2001 | UNSAM; A 20 años del estallido; Crisis 2001; Cumbia villera; Trap,2001 | Unsam
162779,2021,Culturas,2001 | UNSAM; A 20 años del estallido; Crisis 2001; Cumbia villera; Trap,A 20 Años Del Estallido
162779,2021,Culturas,2001 | UNSAM; A 20 años del estallido; Crisis 2001; Cumbia villera; Trap,Crisis 2001
162779,2021,Culturas,2001 | UNSAM; A 20 años del estallido; Crisis 2001; Cumbia villera; Trap,Cumbia Villera
162779,2021,Culturas,2001 | UNSAM; A 20 años del estallido; Crisis 2001; Cumbia villera; Trap,Trap
163756,2021,Política y Economía,Chile; Elecciones; Gabriel Boric; Internacional; La transición en Chile,Chile
163756,2021,Política y Economía,Chile; Elecciones; Gabriel Boric; Internacional; La transición en Chile,Elecciones
163756,2021,Política y Economía,Chile; Elecciones; Gabriel Boric; Internacional; La transición en Chile,Gabriel Boric
163756,2021,Política y Economía,Chile; Elecciones; Gabriel Boric; Internacional; La transición en Chile,Internacional
163756,2021,Política y Economía,Chile; Elecciones; Gabriel Boric; Internacional; La transición en Chile,La Transición En Chile
162647,2021,Política y Economía,2001; Crisis 2001; Rosario; Rosariocronica; Violencia policial,2001
162647,2021,Política y Economía,2001; Crisis 2001; Rosario; Rosariocronica; Violencia policial,Crisis 2001
162647,2021,Política y Economía,2001; Crisis 2001; Rosario; Rosariocronica; Violencia policial,Rosario
162647,2021,Política y Economía,2001; Crisis 2001; Rosario; Rosariocronica; Violencia policial,Rosariocronica
162647,2021,Política y Economía,2001; Crisis 2001; Rosario; Rosariocronica; Violencia policial,Violencia Policial
169404,2021,Política y Economía,Chile; Estallido; Internacional; La transición en Chile; Piñera; Violencias,Chile
169404,2021,Política y Economía,Chile; Estallido; Internacional; La transición en Chile; Piñera; Violencias,Estallido
169404,2021,Política y Economía,Chile; Estallido; Internacional; La transición en Chile; Piñera; Violencias,Internacional
169404,2021,Política y Economía,Chile; Estallido; Internacional; La transición en Chile; Piñera; Violencias,La Transición En Chile
169404,2021,Política y Economía,Chile; Estallido; Internacional; La transición en Chile; Piñera; Violencias,Piñera
169404,2021,Política y Economía,Chile; Estallido; Internacional; La transición en Chile; Piñera; Violencias,Violencias
162738,2021,Política y Economía,2001; Crisis 2001; Protesta social; Violencia policial,2001
162738,2021,Política y Economía,2001; Crisis 2001; Protesta social; Violencia policial,Crisis 2001
162738,2021,Política y Economía,2001; Crisis 2001; Protesta social; Violencia policial,Protesta Social
162738,2021,Política y Economía,2001; Crisis 2001; Protesta social; Violencia policial,Violencia Policial
163689,2021,Política y Economía,Chile; Elecciones; Gabriel Boric; Internacional; La transición en Chile,Chile
163689,2021,Política y Economía,Chile; Elecciones; Gabriel Boric; Internacional; La transición en Chile,Elecciones
163689,2021,Política y Economía,Chile; Elecciones; Gabriel Boric; Internacional; La transición en Chile,Gabriel Boric
163689,2021,Política y Economía,Chile; Elecciones; Gabriel Boric; Internacional; La transición en Chile,Internacional
163689,2021,Política y Economía,Chile; Elecciones; Gabriel Boric; Internacional; La transición en Chile,La Transición En Chile
163711,2021,Políticas de géneros,Feminismos; Feminismos afro; bell hooks,Feminismos
163711,2021,Políticas de géneros,Feminismos; Feminismos afro; bell hooks,Feminismos Afro
163711,2021,Políticas de géneros,Feminismos; Feminismos afro; bell hooks,Bell Hooks
163722,2021,Política y Economía,Chile; Gabriel Boric; Internacional; La transición en Chile,Chile
163722,2021,Política y Economía,Chile; Gabriel Boric; Internacional; La transición en Chile,Gabriel Boric
163722,2021,Política y Economía,Chile; Gabriel Boric; Internacional; La transición en Chile,Internacional
163722,2021,Política y Economía,Chile; Gabriel Boric; Internacional; La transición en Chile,La Transición En Chile
163723,2021,Políticas de géneros,2001; Aborto Legal; Crisis 2001; Feminismos,2001
163723,2021,Políticas de géneros,2001; Aborto Legal; Crisis 2001; Feminismos,Aborto Legal
163723,2021,Políticas de géneros,2001; Aborto Legal; Crisis 2001; Feminismos,Crisis 2001
163723,2021,Políticas de géneros,2001; Aborto Legal; Crisis 2001; Feminismos,Feminismos
29371,2021,Culturas,Literatura; No ficción,Literatura
29371,2021,Culturas,Literatura; No ficción,No Ficción
163830,2021,Política y Economía,Covid-19; Democracia; Liberalismo; Pandemia,Covid-19
163830,2021,Política y Economía,Covid-19; Democracia; Liberalismo; Pandemia,Democracia
163830,2021,Política y Economía,Covid-19; Democracia; Liberalismo; Pandemia,Liberalismo
163830,2021,Política y Economía,Covid-19; Democracia; Liberalismo; Pandemia,Pandemia
163898,2021,Política y Economía,2001; Vivienda,2001
163898,2021,Política y Economía,2001; Vivienda,Vivienda
163985,2021,Políticas de géneros,Aborto Legal,Aborto Legal
164028,2021,Política y Economía,2001; A 20 años del 2001; Fotoperiodismo; Protesta social,2001
164028,2021,Política y Economía,2001; A 20 años del 2001; Fotoperiodismo; Protesta social,A 20 Años Del 2001
164028,2021,Política y Economía,2001; A 20 años del 2001; Fotoperiodismo; Protesta social,Fotoperiodismo
164028,2021,Política y Economía,2001; A 20 años del 2001; Fotoperiodismo; Protesta social,Protesta Social
164069,2022,Culturas,Mariana Enríquez; Novela gráfica,Mariana Enríquez
164069,2022,Culturas,Mariana Enríquez; Novela gráfica,Novela Gráfica
155216,2022,Política y Economía,Elecciones; Elecciones legislativas 2021; Política; UCR,Elecciones
155216,2022,Política y Economía,Elecciones; Elecciones legislativas 2021; Política; UCR,Elecciones Legislativas 2021
155216,2022,Política y Economía,Elecciones; Elecciones legislativas 2021; Política; UCR,Política
155216,2022,Política y Economía,Elecciones; Elecciones legislativas 2021; Política; UCR,Ucr
164501,2022,Amor y sexo,LGBTIQ+; Onlyfans,Lgbtiq+
164501,2022,Amor y sexo,LGBTIQ+; Onlyfans,Onlyfans
164662,2022,Culturas,Juventudes; Pensamiento crítico; Tecnología,Juventudes
164662,2022,Culturas,Juventudes; Pensamiento crítico; Tecnología,Pensamiento Crítico
164662,2022,Culturas,Juventudes; Pensamiento crítico; Tecnología,Tecnología
105357,2022,Políticas de géneros,Homicidios; Nahir Galarza; Violencias,Homicidios
105357,2022,Políticas de géneros,Homicidios; Nahir Galarza; Violencias,Nahir Galarza
105357,2022,Políticas de géneros,Homicidios; Nahir Galarza; Violencias,Violencias
165002,2022,Salud,Ciencia; Covid-19; Vacunas,Ciencia
165002,2022,Salud,Ciencia; Covid-19; Vacunas,Covid-19
165002,2022,Salud,Ciencia; Covid-19; Vacunas,Vacunas
165289,2022,Políticas de géneros,México; Narcotráfico,México
165289,2022,Políticas de géneros,México; Narcotráfico,Narcotráfico
165467,2022,Culturas,#Anfibia10Años; Botánica; Literatura; Migración; Premio Alfaguara,#Anfibia10Años
165467,2022,Culturas,#Anfibia10Años; Botánica; Literatura; Migración; Premio Alfaguara,Botánica
165467,2022,Culturas,#Anfibia10Años; Botánica; Literatura; Migración; Premio Alfaguara,Literatura
165467,2022,Culturas,#Anfibia10Años; Botánica; Literatura; Migración; Premio Alfaguara,Migración
165467,2022,Culturas,#Anfibia10Años; Botánica; Literatura; Migración; Premio Alfaguara,Premio Alfaguara
165492,2022,Política y Economía,Cortes de luz; Energía eléctrica; Tarifas,Cortes De Luz
165492,2022,Política y Economía,Cortes de luz; Energía eléctrica; Tarifas,Energía Eléctrica
165492,2022,Política y Economía,Cortes de luz; Energía eléctrica; Tarifas,Tarifas
165523,2022,Política y Economía,Alfredo Yabrán; Caso Cabezas; Pinamar,Alfredo Yabrán
165523,2022,Política y Economía,Alfredo Yabrán; Caso Cabezas; Pinamar,Caso Cabezas
165523,2022,Política y Economía,Alfredo Yabrán; Caso Cabezas; Pinamar,Pinamar
164866,2022,Política y Economía,Audiencias; Comunicación política; Derechas; Escuela IDAES; Periodismo; Polarización política; Progresismo; UNSAM,Audiencias
164866,2022,Política y Economía,Audiencias; Comunicación política; Derechas; Escuela IDAES; Periodismo; Polarización política; Progresismo; UNSAM,Comunicación Política
164866,2022,Política y Economía,Audiencias; Comunicación política; Derechas; Escuela IDAES; Periodismo; Polarización política; Progresismo; UNSAM,Derechas
164866,2022,Política y Economía,Audiencias; Comunicación política; Derechas; Escuela IDAES; Periodismo; Polarización política; Progresismo; UNSAM,Escuela Idaes
164866,2022,Política y Economía,Audiencias; Comunicación política; Derechas; Escuela IDAES; Periodismo; Polarización política; Progresismo; UNSAM,Periodismo
164866,2022,Política y Economía,Audiencias; Comunicación política; Derechas; Escuela IDAES; Periodismo; Polarización política; Progresismo; UNSAM,Polarización Política
164866,2022,Política y Economía,Audiencias; Comunicación política; Derechas; Escuela IDAES; Periodismo; Polarización política; Progresismo; UNSAM,Progresismo
164866,2022,Política y Economía,Audiencias; Comunicación política; Derechas; Escuela IDAES; Periodismo; Polarización política; Progresismo; UNSAM,Unsam
165760,2022,Política y Economía,Honduras; Internacional; Izquierdas; Progresismo; Xiomara Castro,Honduras
165760,2022,Política y Economía,Honduras; Internacional; Izquierdas; Progresismo; Xiomara Castro,Internacional
165760,2022,Política y Economía,Honduras; Internacional; Izquierdas; Progresismo; Xiomara Castro,Izquierdas
165760,2022,Política y Economía,Honduras; Internacional; Izquierdas; Progresismo; Xiomara Castro,Progresismo
165760,2022,Política y Economía,Honduras; Internacional; Izquierdas; Progresismo; Xiomara Castro,Xiomara Castro
165722,2022,Culturas,Euphoria; HBO; Series; Zapping cultural; Zendaya,Euphoria
165722,2022,Culturas,Euphoria; HBO; Series; Zapping cultural; Zendaya,Hbo
165722,2022,Culturas,Euphoria; HBO; Series; Zapping cultural; Zendaya,Series
165722,2022,Culturas,Euphoria; HBO; Series; Zapping cultural; Zendaya,Zapping Cultural
165722,2022,Culturas,Euphoria; HBO; Series; Zapping cultural; Zendaya,Zendaya
165852,2022,Política y Economía,FMI,Fmi
165884,2022,Culturas,Archivo; Libros; Moda; Visual,Archivo
165884,2022,Culturas,Archivo; Libros; Moda; Visual,Libros
165884,2022,Culturas,Archivo; Libros; Moda; Visual,Moda
165884,2022,Culturas,Archivo; Libros; Moda; Visual,Visual
166078,2022,Política y Economía,Drogas; Estado; Narcotráfico,Drogas
166078,2022,Política y Economía,Drogas; Estado; Narcotráfico,Estado
166078,2022,Política y Economía,Drogas; Estado; Narcotráfico,Narcotráfico
166105,2022,Amor y sexo,Amistad; Amor; Series; Sex and the City; Zapping cultural,Amistad
166105,2022,Amor y sexo,Amistad; Amor; Series; Sex and the City; Zapping cultural,Amor
166105,2022,Amor y sexo,Amistad; Amor; Series; Sex and the City; Zapping cultural,Series
166105,2022,Amor y sexo,Amistad; Amor; Series; Sex and the City; Zapping cultural,Sex And The City
166105,2022,Amor y sexo,Amistad; Amor; Series; Sex and the City; Zapping cultural,Zapping Cultural
39135,2022,Culturas,Luis Alberto Spinetta,Luis Alberto Spinetta
165746,2022,Culturas,Música; Pandemia; Teatro; Zapping cultural,Música
165746,2022,Culturas,Música; Pandemia; Teatro; Zapping cultural,Pandemia
165746,2022,Culturas,Música; Pandemia; Teatro; Zapping cultural,Teatro
165746,2022,Culturas,Música; Pandemia; Teatro; Zapping cultural,Zapping Cultural
154007,2022,Salud,Plan Qunita,Plan Qunita
167049,2022,Política y Economía,Campo de Mayo; Memoria,Campo De Mayo
167049,2022,Política y Economía,Campo de Mayo; Memoria,Memoria
167164,2022,Culturas,Artes,Artes
167105,2022,Política y Economía,Rusia; Ucrania,Rusia
167105,2022,Política y Economía,Rusia; Ucrania,Ucrania
151938,2022,Política y Economía,Elecciones legislativas 2021; Javier Milei; La Libertad Avanza; Liberalismo; Perfil político,Elecciones Legislativas 2021
151938,2022,Política y Economía,Elecciones legislativas 2021; Javier Milei; La Libertad Avanza; Liberalismo; Perfil político,Javier Milei
151938,2022,Política y Economía,Elecciones legislativas 2021; Javier Milei; La Libertad Avanza; Liberalismo; Perfil político,La Libertad Avanza
151938,2022,Política y Economía,Elecciones legislativas 2021; Javier Milei; La Libertad Avanza; Liberalismo; Perfil político,Liberalismo
151938,2022,Política y Economía,Elecciones legislativas 2021; Javier Milei; La Libertad Avanza; Liberalismo; Perfil político,Perfil Político
154078,2022,Culturas,Influencers; Zapping cultural,Influencers
154078,2022,Culturas,Influencers; Zapping cultural,Zapping Cultural
167818,2022,Política y Economía,China; Hegemonía; Internacional; Nueva Ruta de la Seda,China
167818,2022,Política y Economía,China; Hegemonía; Internacional; Nueva Ruta de la Seda,Hegemonía
167818,2022,Política y Economía,China; Hegemonía; Internacional; Nueva Ruta de la Seda,Internacional
167818,2022,Política y Economía,China; Hegemonía; Internacional; Nueva Ruta de la Seda,Nueva Ruta De La Seda
167998,2022,Culturas,Podcast,Podcast
168124,2022,Política y Economía,Ambiente; Desarrollo; Escuela IDAES; UNSAM,Ambiente
168124,2022,Política y Economía,Ambiente; Desarrollo; Escuela IDAES; UNSAM,Desarrollo
168124,2022,Política y Economía,Ambiente; Desarrollo; Escuela IDAES; UNSAM,Escuela Idaes
168124,2022,Política y Economía,Ambiente; Desarrollo; Escuela IDAES; UNSAM,Unsam
168820,2022,Política y Economía,Alberto Fernández; Congreso; Frente de Todos,Alberto Fernández
168820,2022,Política y Economía,Alberto Fernández; Congreso; Frente de Todos,Congreso
168820,2022,Política y Economía,Alberto Fernández; Congreso; Frente de Todos,Frente De Todos
168909,2022,Políticas de géneros,Cuidados; Maternidades; Pedro Almodóvar; Zapping cultural,Cuidados
168909,2022,Políticas de géneros,Cuidados; Maternidades; Pedro Almodóvar; Zapping cultural,Maternidades
168909,2022,Políticas de géneros,Cuidados; Maternidades; Pedro Almodóvar; Zapping cultural,Pedro Almodóvar
168909,2022,Políticas de géneros,Cuidados; Maternidades; Pedro Almodóvar; Zapping cultural,Zapping Cultural
168992,2022,Política y Economía,Internacional; Putin; Rusia; Ucrania,Internacional
168992,2022,Política y Economía,Internacional; Putin; Rusia; Ucrania,Putin
168992,2022,Política y Economía,Internacional; Putin; Rusia; Ucrania,Rusia
168992,2022,Política y Economía,Internacional; Putin; Rusia; Ucrania,Ucrania
169072,2022,Políticas de géneros,8M: Paro internacional y plurinacional de mujeres y disidencias; Violencia de género,8M: Paro Internacional Y Plurinacional De Mujeres Y Disidencias
169072,2022,Políticas de géneros,8M: Paro internacional y plurinacional de mujeres y disidencias; Violencia de género,Violencia De Género
169135,2022,Política y Economía,Chile; Especial Chile; Internacional,Chile
169135,2022,Política y Economía,Chile; Especial Chile; Internacional,Especial Chile
169135,2022,Política y Economía,Chile; Especial Chile; Internacional,Internacional
169084,2022,Políticas de géneros,8M: Paro internacional y plurinacional de mujeres y disidencias; Afectos; Feminismos,8M: Paro Internacional Y Plurinacional De Mujeres Y Disidencias
169084,2022,Políticas de géneros,8M: Paro internacional y plurinacional de mujeres y disidencias; Afectos; Feminismos,Afectos
169084,2022,Políticas de géneros,8M: Paro internacional y plurinacional de mujeres y disidencias; Afectos; Feminismos,Feminismos
169296,2022,Política y Economía,Chile; Gabriel Boric; Internacional; Perfil político,Chile
169296,2022,Política y Economía,Chile; Gabriel Boric; Internacional; Perfil político,Gabriel Boric
169296,2022,Política y Economía,Chile; Gabriel Boric; Internacional; Perfil político,Internacional
169296,2022,Política y Economía,Chile; Gabriel Boric; Internacional; Perfil político,Perfil Político
169344,2022,Educación,Educación; Escuelas; Inteligencia artificial,Educación
169344,2022,Educación,Educación; Escuelas; Inteligencia artificial,Escuelas
169344,2022,Educación,Educación; Escuelas; Inteligencia artificial,Inteligencia Artificial
152211,2022,Políticas de géneros,Identidad Trans; LGBTIQ+; Memoria trans,Identidad Trans
152211,2022,Políticas de géneros,Identidad Trans; LGBTIQ+; Memoria trans,Lgbtiq+
152211,2022,Políticas de géneros,Identidad Trans; LGBTIQ+; Memoria trans,Memoria Trans
169448,2022,Política y Economía,Chile; Gabriel Boric; Internacional; Perfil político,Chile
169448,2022,Política y Economía,Chile; Gabriel Boric; Internacional; Perfil político,Gabriel Boric
169448,2022,Política y Economía,Chile; Gabriel Boric; Internacional; Perfil político,Internacional
169448,2022,Política y Economía,Chile; Gabriel Boric; Internacional; Perfil político,Perfil Político
169600,2022,Política y Economía,Boric; Chile; Internacional; LGBT; La transición en Chile,Boric
169600,2022,Política y Economía,Boric; Chile; Internacional; LGBT; La transición en Chile,Chile
169600,2022,Política y Economía,Boric; Chile; Internacional; LGBT; La transición en Chile,Internacional
169600,2022,Política y Economía,Boric; Chile; Internacional; LGBT; La transición en Chile,Lgbt
169600,2022,Política y Economía,Boric; Chile; Internacional; LGBT; La transición en Chile,La Transición En Chile
169644,2022,Política y Economía,Boric; Chile; Internacional; La transición en Chile,Boric
169644,2022,Política y Economía,Boric; Chile; Internacional; La transición en Chile,Chile
169644,2022,Política y Economía,Boric; Chile; Internacional; La transición en Chile,Internacional
169644,2022,Política y Economía,Boric; Chile; Internacional; La transición en Chile,La Transición En Chile
169790,2022,Educación,Escuela IDAES; Sociología Política; UNSAM,Escuela Idaes
169790,2022,Educación,Escuela IDAES; Sociología Política; UNSAM,Sociología Política
169790,2022,Educación,Escuela IDAES; Sociología Política; UNSAM,Unsam
169868,2022,Tecnologías,Futuro Anfibio; Medios de comunicación; Pantallas,Futuro Anfibio
169868,2022,Tecnologías,Futuro Anfibio; Medios de comunicación; Pantallas,Medios De Comunicación
169868,2022,Tecnologías,Futuro Anfibio; Medios de comunicación; Pantallas,Pantallas
169849,2022,Políticas de géneros,Higui; LGBTIQ+,Higui
169849,2022,Políticas de géneros,Higui; LGBTIQ+,Lgbtiq+
170095,2022,Política y Economía,Internacional; Rusia; Ucrania,Internacional
170095,2022,Política y Economía,Internacional; Rusia; Ucrania,Rusia
170095,2022,Política y Economía,Internacional; Rusia; Ucrania,Ucrania
170117,2022,Política y Economía,24M: Día de la memoria por la verdad y la justicia; Abuelas de Plaza de Mayo,24M: Día De La Memoria Por La Verdad Y La Justicia
170117,2022,Política y Economía,24M: Día de la memoria por la verdad y la justicia; Abuelas de Plaza de Mayo,Abuelas De Plaza De Mayo
170130,2022,Culturas,Cine; Lady Di; Zapping cultural,Cine
170130,2022,Culturas,Cine; Lady Di; Zapping cultural,Lady Di
170130,2022,Culturas,Cine; Lady Di; Zapping cultural,Zapping Cultural
126102,2022,Culturas,Música; Zapping cultural,Música
126102,2022,Culturas,Música; Zapping cultural,Zapping Cultural
170222,2022,Política y Economía,24M: Día de la memoria por la verdad y la justicia; Rodolfo Walsh,24M: Día De La Memoria Por La Verdad Y La Justicia
170222,2022,Política y Economía,24M: Día de la memoria por la verdad y la justicia; Rodolfo Walsh,Rodolfo Walsh
170313,2022,Culturas,Cine; Humor; Premios Oscar; Roast; Will Smith,Cine
170313,2022,Culturas,Cine; Humor; Premios Oscar; Roast; Will Smith,Humor
170313,2022,Culturas,Cine; Humor; Premios Oscar; Roast; Will Smith,Premios Oscar
170313,2022,Culturas,Cine; Humor; Premios Oscar; Roast; Will Smith,Roast
170313,2022,Culturas,Cine; Humor; Premios Oscar; Roast; Will Smith,Will Smith
170377,2022,Política y Economía,Covid-19; Migración,Covid-19
170377,2022,Política y Economía,Covid-19; Migración,Migración
45563,2022,Políticas de géneros,LGBTIQ+; Memoria trans,Lgbtiq+
45563,2022,Políticas de géneros,LGBTIQ+; Memoria trans,Memoria Trans
170445,2022,Política y Economía,Malvinas,Malvinas
170507,2022,Política y Economía,Malvinas; Submarinos,Malvinas
170507,2022,Política y Economía,Malvinas; Submarinos,Submarinos
170474,2022,Política y Economía,Malvinas,Malvinas
170657,2022,Culturas,Cine; Murakami; Premios Oscar; Zapping cultural,Cine
170657,2022,Culturas,Cine; Murakami; Premios Oscar; Zapping cultural,Murakami
170657,2022,Culturas,Cine; Murakami; Premios Oscar; Zapping cultural,Premios Oscar
170657,2022,Culturas,Cine; Murakami; Premios Oscar; Zapping cultural,Zapping Cultural
170685,2022,Política y Economía,Rusia; Ucrania,Rusia
170685,2022,Política y Economía,Rusia; Ucrania,Ucrania
170741,2022,Culturas,Chile; Especial Chile; Internacional; Literatura; Pandemia,Chile
170741,2022,Culturas,Chile; Especial Chile; Internacional; Literatura; Pandemia,Especial Chile
170741,2022,Culturas,Chile; Especial Chile; Internacional; Literatura; Pandemia,Internacional
170741,2022,Culturas,Chile; Especial Chile; Internacional; Literatura; Pandemia,Literatura
170741,2022,Culturas,Chile; Especial Chile; Internacional; Literatura; Pandemia,Pandemia
170710,2022,Política y Economía,A 20 años del 2001; Eduardo Duhalde; kirchnerismo,A 20 Años Del 2001
170710,2022,Política y Economía,A 20 años del 2001; Eduardo Duhalde; kirchnerismo,Eduardo Duhalde
170710,2022,Política y Economía,A 20 años del 2001; Eduardo Duhalde; kirchnerismo,Kirchnerismo
171114,2022,Salud,Muerte; Tanatopraxia,Muerte
171114,2022,Salud,Muerte; Tanatopraxia,Tanatopraxia
171157,2022,Tecnologías,Discursos de odio; LEDA-UNSAM; Redes sociales; UNSAM,Discursos De Odio
171157,2022,Tecnologías,Discursos de odio; LEDA-UNSAM; Redes sociales; UNSAM,Leda-Unsam
171157,2022,Tecnologías,Discursos de odio; LEDA-UNSAM; Redes sociales; UNSAM,Redes Sociales
171157,2022,Tecnologías,Discursos de odio; LEDA-UNSAM; Redes sociales; UNSAM,Unsam
171183,2022,Salud,Covid-19; UNSAM; Vacunas,Covid-19
171183,2022,Salud,Covid-19; UNSAM; Vacunas,Unsam
171183,2022,Salud,Covid-19; UNSAM; Vacunas,Vacunas
171226,2022,Política y Economía,Buenos Aires; Pandemia,Buenos Aires
171226,2022,Política y Economía,Buenos Aires; Pandemia,Pandemia
166118,2022,Política y Economía,Cocaína adulterada; Prohibicionismo,Cocaína Adulterada
166118,2022,Política y Economía,Cocaína adulterada; Prohibicionismo,Prohibicionismo
171343,2022,Culturas,Batman; Cine; Zapping cultural,Batman
171343,2022,Culturas,Batman; Cine; Zapping cultural,Cine
171343,2022,Culturas,Batman; Cine; Zapping cultural,Zapping Cultural
171362,2022,Política y Economía,Escuela de Política y Gobierno; Francia; Internacional; UNSAM,Escuela De Política Y Gobierno
171362,2022,Política y Economía,Escuela de Política y Gobierno; Francia; Internacional; UNSAM,Francia
171362,2022,Política y Economía,Escuela de Política y Gobierno; Francia; Internacional; UNSAM,Internacional
171362,2022,Política y Economía,Escuela de Política y Gobierno; Francia; Internacional; UNSAM,Unsam
171425,2022,Culturas,Feria del Libro; Juventudes; Libros; TikTok,Feria Del Libro
171425,2022,Culturas,Feria del Libro; Juventudes; Libros; TikTok,Juventudes
171425,2022,Culturas,Feria del Libro; Juventudes; Libros; TikTok,Libros
171425,2022,Culturas,Feria del Libro; Juventudes; Libros; TikTok,Tiktok
171466,2022,Política y Economía,Alfabetismos aumentados; Capitalismo digital; Derecho a la desconexión; Trabajo,Alfabetismos Aumentados
171466,2022,Política y Economía,Alfabetismos aumentados; Capitalismo digital; Derecho a la desconexión; Trabajo,Capitalismo Digital
171466,2022,Política y Economía,Alfabetismos aumentados; Capitalismo digital; Derecho a la desconexión; Trabajo,Derecho A La Desconexión
171466,2022,Política y Economía,Alfabetismos aumentados; Capitalismo digital; Derecho a la desconexión; Trabajo,Trabajo
171527,2022,Salud,Migraña,Migraña
171615,2022,Culturas,#Anfibia10Años; Música,#Anfibia10Años
171615,2022,Culturas,#Anfibia10Años; Música,Música
171774,2022,Política y Economía,Antipolítica; LEDA-UNSAM; Liberalismo; UNSAM,Antipolítica
171774,2022,Política y Economía,Antipolítica; LEDA-UNSAM; Liberalismo; UNSAM,Leda-Unsam
171774,2022,Política y Economía,Antipolítica; LEDA-UNSAM; Liberalismo; UNSAM,Liberalismo
171774,2022,Política y Economía,Antipolítica; LEDA-UNSAM; Liberalismo; UNSAM,Unsam
171799,2022,Tecnologías,Rosariocronica,Rosariocronica
171913,2022,Culturas,#Anfibia10Años; Botánica; Libros,#Anfibia10Años
171913,2022,Culturas,#Anfibia10Años; Botánica; Libros,Botánica
171913,2022,Culturas,#Anfibia10Años; Botánica; Libros,Libros
171831,2022,Culturas,#Anfibia10Años; Artes; Duelos; Perú,#Anfibia10Años
171831,2022,Culturas,#Anfibia10Años; Artes; Duelos; Perú,Artes
171831,2022,Culturas,#Anfibia10Años; Artes; Duelos; Perú,Duelos
171831,2022,Culturas,#Anfibia10Años; Artes; Duelos; Perú,Perú
171853,2022,Políticas de géneros,#Anfibia10Años; LGBTIQ+,#Anfibia10Años
171853,2022,Políticas de géneros,#Anfibia10Años; LGBTIQ+,Lgbtiq+
171491,2022,Política y Economía,Censo; identidad de género,Censo
171491,2022,Política y Economía,Censo; identidad de género,Identidad De Género
172127,2022,Culturas,#Anfibia10Años,#Anfibia10Años
172178,2022,Culturas,#Anfibia10Años,#Anfibia10Años
172213,2022,Políticas de géneros,Boca Juniors; Fútbol; Punitivismo; Violencia de género,Boca Juniors
172213,2022,Políticas de géneros,Boca Juniors; Fútbol; Punitivismo; Violencia de género,Fútbol
172213,2022,Políticas de géneros,Boca Juniors; Fútbol; Punitivismo; Violencia de género,Punitivismo
172213,2022,Políticas de géneros,Boca Juniors; Fútbol; Punitivismo; Violencia de género,Violencia De Género
172245,2022,Política y Economía,Derechas; Feria del Libro; Javier Milei; Liberalismo; Libros,Derechas
172245,2022,Política y Economía,Derechas; Feria del Libro; Javier Milei; Liberalismo; Libros,Feria Del Libro
172245,2022,Política y Economía,Derechas; Feria del Libro; Javier Milei; Liberalismo; Libros,Javier Milei
172245,2022,Política y Economía,Derechas; Feria del Libro; Javier Milei; Liberalismo; Libros,Liberalismo
172245,2022,Política y Economía,Derechas; Feria del Libro; Javier Milei; Liberalismo; Libros,Libros
172318,2022,Política y Economía,Colombia; Elecciones; Gustavo Petro; Internacional,Colombia
172318,2022,Política y Economía,Colombia; Elecciones; Gustavo Petro; Internacional,Elecciones
172318,2022,Política y Economía,Colombia; Elecciones; Gustavo Petro; Internacional,Gustavo Petro
172318,2022,Política y Economía,Colombia; Elecciones; Gustavo Petro; Internacional,Internacional
172359,2022,Política y Economía,Gas; Guerra; Inflación; Oficialismo,Gas
172359,2022,Política y Economía,Gas; Guerra; Inflación; Oficialismo,Guerra
172359,2022,Política y Economía,Gas; Guerra; Inflación; Oficialismo,Inflación
172359,2022,Política y Economía,Gas; Guerra; Inflación; Oficialismo,Oficialismo
172394,2022,Culturas,AMIA; Embajada de Israel; Series; Zapping cultural,Amia
172394,2022,Culturas,AMIA; Embajada de Israel; Series; Zapping cultural,Embajada De Israel
172394,2022,Culturas,AMIA; Embajada de Israel; Series; Zapping cultural,Series
172394,2022,Culturas,AMIA; Embajada de Israel; Series; Zapping cultural,Zapping Cultural
172289,2022,Culturas,Folklore; Rosario; Rosariocronica,Folklore
172289,2022,Culturas,Folklore; Rosario; Rosariocronica,Rosario
172289,2022,Culturas,Folklore; Rosario; Rosariocronica,Rosariocronica
172383,2022,Política y Economía,Chile; Especial Chile; Internacional; Liberalismo; Pandemia; Violencias,Chile
172383,2022,Política y Economía,Chile; Especial Chile; Internacional; Liberalismo; Pandemia; Violencias,Especial Chile
172383,2022,Política y Economía,Chile; Especial Chile; Internacional; Liberalismo; Pandemia; Violencias,Internacional
172383,2022,Política y Economía,Chile; Especial Chile; Internacional; Liberalismo; Pandemia; Violencias,Liberalismo
172383,2022,Política y Economía,Chile; Especial Chile; Internacional; Liberalismo; Pandemia; Violencias,Pandemia
172383,2022,Política y Economía,Chile; Especial Chile; Internacional; Liberalismo; Pandemia; Violencias,Violencias
172684,2022,Política y Economía,Derechas; Estados Unidos; Internacional; Liberalismo; Partido republicano,Derechas
172684,2022,Política y Economía,Derechas; Estados Unidos; Internacional; Liberalismo; Partido republicano,Estados Unidos
172684,2022,Política y Economía,Derechas; Estados Unidos; Internacional; Liberalismo; Partido republicano,Internacional
172684,2022,Política y Economía,Derechas; Estados Unidos; Internacional; Liberalismo; Partido republicano,Liberalismo
172684,2022,Política y Economía,Derechas; Estados Unidos; Internacional; Liberalismo; Partido republicano,Partido Republicano
172759,2022,Política y Economía,Colombia; Elecciones; Internacional,Colombia
172759,2022,Política y Economía,Colombia; Elecciones; Internacional,Elecciones
172759,2022,Política y Economía,Colombia; Elecciones; Internacional,Internacional
172934,2022,Política y Economía,Drogas; Estado; Libros; Narcotráfico,Drogas
172934,2022,Política y Economía,Drogas; Estado; Libros; Narcotráfico,Estado
172934,2022,Política y Economía,Drogas; Estado; Libros; Narcotráfico,Libros
172934,2022,Política y Economía,Drogas; Estado; Libros; Narcotráfico,Narcotráfico
172967,2022,Políticas de géneros,Cine; Libertad de expresión; Violencia de género,Cine
172967,2022,Políticas de géneros,Cine; Libertad de expresión; Violencia de género,Libertad De Expresión
172967,2022,Políticas de géneros,Cine; Libertad de expresión; Violencia de género,Violencia De Género
172985,2022,Política y Economía,Chile; Convención Constituyente; Internacional; La transición en Chile,Chile
172985,2022,Política y Economía,Chile; Convención Constituyente; Internacional; La transición en Chile,Convención Constituyente
172985,2022,Política y Economía,Chile; Convención Constituyente; Internacional; La transición en Chile,Internacional
172985,2022,Política y Economía,Chile; Convención Constituyente; Internacional; La transición en Chile,La Transición En Chile
173077,2022,Culturas,Audiencias; Teatro; Zapping cultural,Audiencias
173077,2022,Culturas,Audiencias; Teatro; Zapping cultural,Teatro
173077,2022,Culturas,Audiencias; Teatro; Zapping cultural,Zapping Cultural
173237,2022,Culturas,Catolicismo; Papa Francisco; Religión,Catolicismo
173237,2022,Culturas,Catolicismo; Papa Francisco; Religión,Papa Francisco
173237,2022,Culturas,Catolicismo; Papa Francisco; Religión,Religión
173502,2022,Política y Economía,Bolivia; Corrupción; Fuerzas de seguridad; G20,Bolivia
173502,2022,Política y Economía,Bolivia; Corrupción; Fuerzas de seguridad; G20,Corrupción
173502,2022,Política y Economía,Bolivia; Corrupción; Fuerzas de seguridad; G20,Fuerzas De Seguridad
173502,2022,Política y Economía,Bolivia; Corrupción; Fuerzas de seguridad; G20,G20
173607,2022,Política y Economía,Bolivia; Corrupción; Fuerzas de seguridad; G20; Mauricio Macri; Patricia Bullrich,Bolivia
173607,2022,Política y Economía,Bolivia; Corrupción; Fuerzas de seguridad; G20; Mauricio Macri; Patricia Bullrich,Corrupción
173607,2022,Política y Economía,Bolivia; Corrupción; Fuerzas de seguridad; G20; Mauricio Macri; Patricia Bullrich,Fuerzas De Seguridad
173607,2022,Política y Economía,Bolivia; Corrupción; Fuerzas de seguridad; G20; Mauricio Macri; Patricia Bullrich,G20
173607,2022,Política y Economía,Bolivia; Corrupción; Fuerzas de seguridad; G20; Mauricio Macri; Patricia Bullrich,Mauricio Macri
173607,2022,Política y Economía,Bolivia; Corrupción; Fuerzas de seguridad; G20; Mauricio Macri; Patricia Bullrich,Patricia Bullrich
172983,2022,Política y Economía,España; Internacional; México; Zapatistas,España
172983,2022,Política y Economía,España; Internacional; México; Zapatistas,Internacional
172983,2022,Política y Economía,España; Internacional; México; Zapatistas,México
172983,2022,Política y Economía,España; Internacional; México; Zapatistas,Zapatistas
173622,2022,Política y Economía,Chile; Convención Constituyente; Feminismos; Internacional; La transición en Chile; Nueva Constitución,Chile
173622,2022,Política y Economía,Chile; Convención Constituyente; Feminismos; Internacional; La transición en Chile; Nueva Constitución,Convención Constituyente
173622,2022,Política y Economía,Chile; Convención Constituyente; Feminismos; Internacional; La transición en Chile; Nueva Constitución,Feminismos
173622,2022,Política y Economía,Chile; Convención Constituyente; Feminismos; Internacional; La transición en Chile; Nueva Constitución,Internacional
173622,2022,Política y Economía,Chile; Convención Constituyente; Feminismos; Internacional; La transición en Chile; Nueva Constitución,La Transición En Chile
173622,2022,Política y Economía,Chile; Convención Constituyente; Feminismos; Internacional; La transición en Chile; Nueva Constitución,Nueva Constitución
115065,2022,Políticas de géneros,Feminismos; Lenguaje inclusivo,Feminismos
115065,2022,Políticas de géneros,Feminismos; Lenguaje inclusivo,Lenguaje Inclusivo
173876,2022,Culturas,Teatro; Zapping cultural,Teatro
173876,2022,Culturas,Teatro; Zapping cultural,Zapping Cultural
174008,2022,Política y Economía,Poder Judicial,Poder Judicial
172293,2022,Tecnologías,Inteligencia artificial; Tecnoceno,Inteligencia Artificial
172293,2022,Tecnologías,Inteligencia artificial; Tecnoceno,Tecnoceno
1829,2022,Culturas,Día del Padre,Día Del Padre
174316,2022,Política y Economía,América Latina; Colombia; Elecciones; Francia Márquez; Gustavo Petro; Internacional; Izquierdas,América Latina
174316,2022,Política y Economía,América Latina; Colombia; Elecciones; Francia Márquez; Gustavo Petro; Internacional; Izquierdas,Colombia
174316,2022,Política y Economía,América Latina; Colombia; Elecciones; Francia Márquez; Gustavo Petro; Internacional; Izquierdas,Elecciones
174316,2022,Política y Economía,América Latina; Colombia; Elecciones; Francia Márquez; Gustavo Petro; Internacional; Izquierdas,Francia Márquez
174316,2022,Política y Economía,América Latina; Colombia; Elecciones; Francia Márquez; Gustavo Petro; Internacional; Izquierdas,Gustavo Petro
174316,2022,Política y Economía,América Latina; Colombia; Elecciones; Francia Márquez; Gustavo Petro; Internacional; Izquierdas,Internacional
174316,2022,Política y Economía,América Latina; Colombia; Elecciones; Francia Márquez; Gustavo Petro; Internacional; Izquierdas,Izquierdas
174431,2022,Ambiente,Calentamiento global; Carbono; Especial Chile; Océanos,Calentamiento Global
174431,2022,Ambiente,Calentamiento global; Carbono; Especial Chile; Océanos,Carbono
174431,2022,Ambiente,Calentamiento global; Carbono; Especial Chile; Océanos,Especial Chile
174431,2022,Ambiente,Calentamiento global; Carbono; Especial Chile; Océanos,Océanos
174588,2022,Política y Economía,Colombia; Feminismo negro; Francia Márquez; Gustavo Petro; Internacional; Interseccionalidad; Racismo,Colombia
174588,2022,Política y Economía,Colombia; Feminismo negro; Francia Márquez; Gustavo Petro; Internacional; Interseccionalidad; Racismo,Feminismo Negro
174588,2022,Política y Economía,Colombia; Feminismo negro; Francia Márquez; Gustavo Petro; Internacional; Interseccionalidad; Racismo,Francia Márquez
174588,2022,Política y Economía,Colombia; Feminismo negro; Francia Márquez; Gustavo Petro; Internacional; Interseccionalidad; Racismo,Gustavo Petro
174588,2022,Política y Economía,Colombia; Feminismo negro; Francia Márquez; Gustavo Petro; Internacional; Interseccionalidad; Racismo,Internacional
174588,2022,Política y Economía,Colombia; Feminismo negro; Francia Márquez; Gustavo Petro; Internacional; Interseccionalidad; Racismo,Interseccionalidad
174588,2022,Política y Economía,Colombia; Feminismo negro; Francia Márquez; Gustavo Petro; Internacional; Interseccionalidad; Racismo,Racismo
174643,2022,Política y Economía,Liberalismo,Liberalismo
106023,2022,Culturas,Homicidios; Rock Nacional; Violencias,Homicidios
106023,2022,Culturas,Homicidios; Rock Nacional; Violencias,Rock Nacional
106023,2022,Culturas,Homicidios; Rock Nacional; Violencias,Violencias
174733,2022,Tecnologías,Libros; Pantallas; Redes sociales; Tecnología,Libros
174733,2022,Tecnologías,Libros; Pantallas; Redes sociales; Tecnología,Pantallas
174733,2022,Tecnologías,Libros; Pantallas; Redes sociales; Tecnología,Redes Sociales
174733,2022,Tecnologías,Libros; Pantallas; Redes sociales; Tecnología,Tecnología
174752,2022,Política y Economía,Estado; Trabajo,Estado
174752,2022,Política y Economía,Estado; Trabajo,Trabajo
174778,2022,Políticas de géneros,8M; Aborto Legal; Derechos Humanos; Feminismos; Lenguaje inclusivo; Poder Judicial,8M
174778,2022,Políticas de géneros,8M; Aborto Legal; Derechos Humanos; Feminismos; Lenguaje inclusivo; Poder Judicial,Aborto Legal
174778,2022,Políticas de géneros,8M; Aborto Legal; Derechos Humanos; Feminismos; Lenguaje inclusivo; Poder Judicial,Derechos Humanos
174778,2022,Políticas de géneros,8M; Aborto Legal; Derechos Humanos; Feminismos; Lenguaje inclusivo; Poder Judicial,Feminismos
174778,2022,Políticas de géneros,8M; Aborto Legal; Derechos Humanos; Feminismos; Lenguaje inclusivo; Poder Judicial,Lenguaje Inclusivo
174778,2022,Políticas de géneros,8M; Aborto Legal; Derechos Humanos; Feminismos; Lenguaje inclusivo; Poder Judicial,Poder Judicial
68459,2022,Política y Economía,24M: Día de la memoria por la verdad y la justicia; Derechos Humanos; Hijos de represores,24M: Día De La Memoria Por La Verdad Y La Justicia
68459,2022,Política y Economía,24M: Día de la memoria por la verdad y la justicia; Derechos Humanos; Hijos de represores,Derechos Humanos
68459,2022,Política y Economía,24M: Día de la memoria por la verdad y la justicia; Derechos Humanos; Hijos de represores,Hijos De Represores
92708,2022,Políticas de géneros,24M: Día de la memoria por la verdad y la justicia; Derechos Humanos; Terrorismo de Estado,24M: Día De La Memoria Por La Verdad Y La Justicia
92708,2022,Políticas de géneros,24M: Día de la memoria por la verdad y la justicia; Derechos Humanos; Terrorismo de Estado,Derechos Humanos
92708,2022,Políticas de géneros,24M: Día de la memoria por la verdad y la justicia; Derechos Humanos; Terrorismo de Estado,Terrorismo De Estado
66481,2022,Política y Economía,24M: Día de la memoria por la verdad y la justicia; Derechos Humanos; Hijos de represores,24M: Día De La Memoria Por La Verdad Y La Justicia
66481,2022,Política y Economía,24M: Día de la memoria por la verdad y la justicia; Derechos Humanos; Hijos de represores,Derechos Humanos
66481,2022,Política y Economía,24M: Día de la memoria por la verdad y la justicia; Derechos Humanos; Hijos de represores,Hijos De Represores
174907,2022,Ambiente,Ambiente; Internacional; Paraguay,Ambiente
174907,2022,Ambiente,Ambiente; Internacional; Paraguay,Internacional
174907,2022,Ambiente,Ambiente; Internacional; Paraguay,Paraguay
174810,2022,Política y Economía,Alberto Fernández; Frente de Todos; Martín Guzmán; Peronismo,Alberto Fernández
174810,2022,Política y Economía,Alberto Fernández; Frente de Todos; Martín Guzmán; Peronismo,Frente De Todos
174810,2022,Política y Economía,Alberto Fernández; Frente de Todos; Martín Guzmán; Peronismo,Martín Guzmán
174810,2022,Política y Economía,Alberto Fernández; Frente de Todos; Martín Guzmán; Peronismo,Peronismo
174859,2022,Política y Economía,Alberto Fernández; FMI; Frente de Todos; Martín Guzmán; Peronismo; Silvina Batakis,Alberto Fernández
174859,2022,Política y Economía,Alberto Fernández; FMI; Frente de Todos; Martín Guzmán; Peronismo; Silvina Batakis,Fmi
174859,2022,Política y Economía,Alberto Fernández; FMI; Frente de Todos; Martín Guzmán; Peronismo; Silvina Batakis,Frente De Todos
174859,2022,Política y Economía,Alberto Fernández; FMI; Frente de Todos; Martín Guzmán; Peronismo; Silvina Batakis,Martín Guzmán
174859,2022,Política y Economía,Alberto Fernández; FMI; Frente de Todos; Martín Guzmán; Peronismo; Silvina Batakis,Peronismo
174859,2022,Política y Economía,Alberto Fernández; FMI; Frente de Todos; Martín Guzmán; Peronismo; Silvina Batakis,Silvina Batakis
175032,2022,Política y Economía,Alberto Fernández; Cristina Fernández de Kirchner; Elecciones 2023; Frente de Todos,Alberto Fernández
175032,2022,Política y Economía,Alberto Fernández; Cristina Fernández de Kirchner; Elecciones 2023; Frente de Todos,Cristina Fernández De Kirchner
175032,2022,Política y Economía,Alberto Fernández; Cristina Fernández de Kirchner; Elecciones 2023; Frente de Todos,Elecciones 2023
175032,2022,Política y Economía,Alberto Fernández; Cristina Fernández de Kirchner; Elecciones 2023; Frente de Todos,Frente De Todos
175058,2022,Política y Economía,Chile; Convención Constituyente; Internacional,Chile
175058,2022,Política y Economía,Chile; Convención Constituyente; Internacional,Convención Constituyente
175058,2022,Política y Economía,Chile; Convención Constituyente; Internacional,Internacional
175100,2022,Política y Economía,Derechas; Feminismos; Liberalismo,Derechas
175100,2022,Política y Economía,Derechas; Feminismos; Liberalismo,Feminismos
175100,2022,Política y Economía,Derechas; Feminismos; Liberalismo,Liberalismo
175147,2022,Política y Economía,Impuesto a las grandes riquezas,Impuesto A Las Grandes Riquezas
175168,2022,Culturas,Cine; Zapping cultural,Cine
175168,2022,Culturas,Cine; Zapping cultural,Zapping Cultural
175262,2022,Política y Economía,Chile; Convención Constituyente; Internacional,Chile
175262,2022,Política y Economía,Chile; Convención Constituyente; Internacional,Convención Constituyente
175262,2022,Política y Economía,Chile; Convención Constituyente; Internacional,Internacional
175482,2022,Política y Economía,Trabajo,Trabajo
175505,2022,Culturas,Barras bravas; Fútbol; Narcotráfico,Barras Bravas
175505,2022,Culturas,Barras bravas; Fútbol; Narcotráfico,Fútbol
175505,2022,Culturas,Barras bravas; Fútbol; Narcotráfico,Narcotráfico
175562,2022,Política y Economía,Chile; Convención Constituyente; Internacional,Chile
175562,2022,Política y Economía,Chile; Convención Constituyente; Internacional,Convención Constituyente
175562,2022,Política y Economía,Chile; Convención Constituyente; Internacional,Internacional
175567,2022,Política y Economía,Peronismo; Series,Peronismo
175567,2022,Política y Economía,Peronismo; Series,Series
175550,2022,Culturas,Colombia; Internacional,Colombia
175550,2022,Culturas,Colombia; Internacional,Internacional
175977,2022,Política y Economía,Economía; Escuela de Política y Gobierno; Frente de Todos; Sergio Massa; UNSAM,Economía
175977,2022,Política y Economía,Economía; Escuela de Política y Gobierno; Frente de Todos; Sergio Massa; UNSAM,Escuela De Política Y Gobierno
175977,2022,Política y Economía,Economía; Escuela de Política y Gobierno; Frente de Todos; Sergio Massa; UNSAM,Frente De Todos
175977,2022,Política y Economía,Economía; Escuela de Política y Gobierno; Frente de Todos; Sergio Massa; UNSAM,Sergio Massa
175977,2022,Política y Economía,Economía; Escuela de Política y Gobierno; Frente de Todos; Sergio Massa; UNSAM,Unsam
176057,2022,Política y Economía,Derechos Humanos; Santiago Maldonado,Derechos Humanos
176057,2022,Política y Economía,Derechos Humanos; Santiago Maldonado,Santiago Maldonado
176027,2022,Política y Economía,Alberto Fernández; Cristina Fernández de Kirchner; Escuela de Política y Gobierno; Frente de Todos; Sergio Massa; UNSAM,Alberto Fernández
176027,2022,Política y Economía,Alberto Fernández; Cristina Fernández de Kirchner; Escuela de Política y Gobierno; Frente de Todos; Sergio Massa; UNSAM,Cristina Fernández De Kirchner
176027,2022,Política y Economía,Alberto Fernández; Cristina Fernández de Kirchner; Escuela de Política y Gobierno; Frente de Todos; Sergio Massa; UNSAM,Escuela De Política Y Gobierno
176027,2022,Política y Economía,Alberto Fernández; Cristina Fernández de Kirchner; Escuela de Política y Gobierno; Frente de Todos; Sergio Massa; UNSAM,Frente De Todos
176027,2022,Política y Economía,Alberto Fernández; Cristina Fernández de Kirchner; Escuela de Política y Gobierno; Frente de Todos; Sergio Massa; UNSAM,Sergio Massa
176027,2022,Política y Economía,Alberto Fernández; Cristina Fernández de Kirchner; Escuela de Política y Gobierno; Frente de Todos; Sergio Massa; UNSAM,Unsam
176041,2022,Política y Economía,Alberto Fernández; Cristina Fernández de Kirchner; Frente de Todos; Perfil político; Sergio Massa,Alberto Fernández
176041,2022,Política y Economía,Alberto Fernández; Cristina Fernández de Kirchner; Frente de Todos; Perfil político; Sergio Massa,Cristina Fernández De Kirchner
176041,2022,Política y Economía,Alberto Fernández; Cristina Fernández de Kirchner; Frente de Todos; Perfil político; Sergio Massa,Frente De Todos
176041,2022,Política y Economía,Alberto Fernández; Cristina Fernández de Kirchner; Frente de Todos; Perfil político; Sergio Massa,Perfil Político
176041,2022,Política y Economía,Alberto Fernández; Cristina Fernández de Kirchner; Frente de Todos; Perfil político; Sergio Massa,Sergio Massa
176487,2022,Política y Economía,Economía; LEDA-UNSAM; Movimientos sociales; Trabajo; UNSAM,Economía
176487,2022,Política y Economía,Economía; LEDA-UNSAM; Movimientos sociales; Trabajo; UNSAM,Leda-Unsam
176487,2022,Política y Economía,Economía; LEDA-UNSAM; Movimientos sociales; Trabajo; UNSAM,Movimientos Sociales
176487,2022,Política y Economía,Economía; LEDA-UNSAM; Movimientos sociales; Trabajo; UNSAM,Trabajo
176487,2022,Política y Economía,Economía; LEDA-UNSAM; Movimientos sociales; Trabajo; UNSAM,Unsam
176611,2022,Política y Economía,Colombia; Francia Márquez; Gustavo Petro; Internacional,Colombia
176611,2022,Política y Economía,Colombia; Francia Márquez; Gustavo Petro; Internacional,Francia Márquez
176611,2022,Política y Economía,Colombia; Francia Márquez; Gustavo Petro; Internacional,Gustavo Petro
176611,2022,Política y Economía,Colombia; Francia Márquez; Gustavo Petro; Internacional,Internacional
176845,2022,Culturas,Narcotráfico; Rosario; Rosariocronica; Violencias,Narcotráfico
176845,2022,Culturas,Narcotráfico; Rosario; Rosariocronica; Violencias,Rosario
176845,2022,Culturas,Narcotráfico; Rosario; Rosariocronica; Violencias,Rosariocronica
176845,2022,Culturas,Narcotráfico; Rosario; Rosariocronica; Violencias,Violencias
176845,2022,Política y Economía,Narcotráfico; Rosario; Rosariocronica; Violencias,Narcotráfico
176845,2022,Política y Economía,Narcotráfico; Rosario; Rosariocronica; Violencias,Rosario
176845,2022,Política y Economía,Narcotráfico; Rosario; Rosariocronica; Violencias,Rosariocronica
176845,2022,Política y Economía,Narcotráfico; Rosario; Rosariocronica; Violencias,Violencias
177387,2022,Política y Economía,Escuela IDAES; Inflación; Precios; UNSAM,Escuela Idaes
177387,2022,Política y Economía,Escuela IDAES; Inflación; Precios; UNSAM,Inflación
177387,2022,Política y Economía,Escuela IDAES; Inflación; Precios; UNSAM,Precios
177387,2022,Política y Economía,Escuela IDAES; Inflación; Precios; UNSAM,Unsam
175450,2022,Ambiente,Recursos naturales,Recursos Naturales
175430,2022,Ambiente,Recursos naturales,Recursos Naturales
175456,2022,Ambiente,Recursos naturales,Recursos Naturales
175441,2022,Ambiente,Recursos naturales,Recursos Naturales
177980,2022,Política y Economía,Derechas; Javier Milei; Liberalismo,Derechas
177980,2022,Política y Economía,Derechas; Javier Milei; Liberalismo,Javier Milei
177980,2022,Política y Economía,Derechas; Javier Milei; Liberalismo,Liberalismo
178285,2022,Culturas,Duelos; Libros,Duelos
178285,2022,Culturas,Duelos; Libros,Libros
178383,2022,Culturas,Chile; Educación; Gabriela Mistral,Chile
178383,2022,Culturas,Chile; Educación; Gabriela Mistral,Educación
178383,2022,Culturas,Chile; Educación; Gabriela Mistral,Gabriela Mistral
178555,2022,Política y Economía,Economía; Libros; Política,Economía
178555,2022,Política y Economía,Economía; Libros; Política,Libros
178555,2022,Política y Economía,Economía; Libros; Política,Política
178537,2022,Políticas de géneros,Chile; Disidencias sexuales; Feminismos; Internacional; Nueva Constitución; Política,Chile
178537,2022,Políticas de géneros,Chile; Disidencias sexuales; Feminismos; Internacional; Nueva Constitución; Política,Disidencias Sexuales
178537,2022,Políticas de géneros,Chile; Disidencias sexuales; Feminismos; Internacional; Nueva Constitución; Política,Feminismos
178537,2022,Políticas de géneros,Chile; Disidencias sexuales; Feminismos; Internacional; Nueva Constitución; Política,Internacional
178537,2022,Políticas de géneros,Chile; Disidencias sexuales; Feminismos; Internacional; Nueva Constitución; Política,Nueva Constitución
178537,2022,Políticas de géneros,Chile; Disidencias sexuales; Feminismos; Internacional; Nueva Constitución; Política,Política
178567,2022,Política y Economía,Escuela IDAES; Seguridad; UNSAM; Violencias,Escuela Idaes
178567,2022,Política y Economía,Escuela IDAES; Seguridad; UNSAM; Violencias,Seguridad
178567,2022,Política y Economía,Escuela IDAES; Seguridad; UNSAM; Violencias,Unsam
178567,2022,Política y Economía,Escuela IDAES; Seguridad; UNSAM; Violencias,Violencias
178697,2022,Culturas,Chile; Internacional; Música,Chile
178697,2022,Culturas,Chile; Internacional; Música,Internacional
178697,2022,Culturas,Chile; Internacional; Música,Música
178530,2022,Política y Economía,Colombia; Internacional; México; Periodismo; Violencias,Colombia
178530,2022,Política y Economía,Colombia; Internacional; México; Periodismo; Violencias,Internacional
178530,2022,Política y Economía,Colombia; Internacional; México; Periodismo; Violencias,México
178530,2022,Política y Economía,Colombia; Internacional; México; Periodismo; Violencias,Periodismo
178530,2022,Política y Economía,Colombia; Internacional; México; Periodismo; Violencias,Violencias
178743,2022,Política y Economía,Cristina Fernández de Kirchner; Frente de Todos; Peronismo; Poder Judicial,Cristina Fernández De Kirchner
178743,2022,Política y Economía,Cristina Fernández de Kirchner; Frente de Todos; Peronismo; Poder Judicial,Frente De Todos
178743,2022,Política y Economía,Cristina Fernández de Kirchner; Frente de Todos; Peronismo; Poder Judicial,Peronismo
178743,2022,Política y Economía,Cristina Fernández de Kirchner; Frente de Todos; Peronismo; Poder Judicial,Poder Judicial
178847,2022,Política y Economía,Cristina Fernández de Kirchner; Lawfare,Cristina Fernández De Kirchner
178847,2022,Política y Economía,Cristina Fernández de Kirchner; Lawfare,Lawfare
178865,2022,Política y Economía,Cristina Fernández de Kirchner; Fotos; Frente de Todos; Juntos por el cambio,Cristina Fernández De Kirchner
178865,2022,Política y Economía,Cristina Fernández de Kirchner; Fotos; Frente de Todos; Juntos por el cambio,Fotos
178865,2022,Política y Economía,Cristina Fernández de Kirchner; Fotos; Frente de Todos; Juntos por el cambio,Frente De Todos
178865,2022,Política y Economía,Cristina Fernández de Kirchner; Fotos; Frente de Todos; Juntos por el cambio,Juntos Por El Cambio
178974,2022,Política y Economía,Atentado a Cristina; Cristina Fernández de Kirchner; Democracia; Discursos de odio; LEDA-UNSAM,Atentado A Cristina
178974,2022,Política y Economía,Atentado a Cristina; Cristina Fernández de Kirchner; Democracia; Discursos de odio; LEDA-UNSAM,Cristina Fernández De Kirchner
178974,2022,Política y Economía,Atentado a Cristina; Cristina Fernández de Kirchner; Democracia; Discursos de odio; LEDA-UNSAM,Democracia
178974,2022,Política y Economía,Atentado a Cristina; Cristina Fernández de Kirchner; Democracia; Discursos de odio; LEDA-UNSAM,Discursos De Odio
178974,2022,Política y Economía,Atentado a Cristina; Cristina Fernández de Kirchner; Democracia; Discursos de odio; LEDA-UNSAM,Leda-Unsam
178920,2022,Política y Economía,Chile Convención Constituyente Internacional; Internacional,Chile Convención Constituyente Internacional
178920,2022,Política y Economía,Chile Convención Constituyente Internacional; Internacional,Internacional
178922,2022,Culturas,Catolicismo; Chile; Internacional; Religión,Catolicismo
178922,2022,Culturas,Catolicismo; Chile; Internacional; Religión,Chile
178922,2022,Culturas,Catolicismo; Chile; Internacional; Religión,Internacional
178922,2022,Culturas,Catolicismo; Chile; Internacional; Religión,Religión
179051,2022,Política y Economía,Atentado a Cristina; Cristina Fernández de Kirchner; Discursos de odio; LEDA-UNSAM; Redes sociales; UNSAM,Atentado A Cristina
179051,2022,Política y Economía,Atentado a Cristina; Cristina Fernández de Kirchner; Discursos de odio; LEDA-UNSAM; Redes sociales; UNSAM,Cristina Fernández De Kirchner
179051,2022,Política y Economía,Atentado a Cristina; Cristina Fernández de Kirchner; Discursos de odio; LEDA-UNSAM; Redes sociales; UNSAM,Discursos De Odio
179051,2022,Política y Economía,Atentado a Cristina; Cristina Fernández de Kirchner; Discursos de odio; LEDA-UNSAM; Redes sociales; UNSAM,Leda-Unsam
179051,2022,Política y Economía,Atentado a Cristina; Cristina Fernández de Kirchner; Discursos de odio; LEDA-UNSAM; Redes sociales; UNSAM,Redes Sociales
179051,2022,Política y Economía,Atentado a Cristina; Cristina Fernández de Kirchner; Discursos de odio; LEDA-UNSAM; Redes sociales; UNSAM,Unsam
179031,2022,Política y Economía,Atentado a Cristina; Cristina; Democracia,Atentado A Cristina
179031,2022,Política y Economía,Atentado a Cristina; Cristina; Democracia,Cristina
179031,2022,Política y Economía,Atentado a Cristina; Cristina; Democracia,Democracia
179072,2022,Política y Economía,Atentado a Cristina; Cristina; Plaza de Mayo,Atentado A Cristina
179072,2022,Política y Economía,Atentado a Cristina; Cristina; Plaza de Mayo,Cristina
179072,2022,Política y Economía,Atentado a Cristina; Cristina; Plaza de Mayo,Plaza De Mayo
179168,2022,Política y Economía,Nueva Constitución; Plebiscito de salida; Rechazo,Nueva Constitución
179168,2022,Política y Economía,Nueva Constitución; Plebiscito de salida; Rechazo,Plebiscito De Salida
179168,2022,Política y Economía,Nueva Constitución; Plebiscito de salida; Rechazo,Rechazo
179181,2022,Política y Economía,Chile Convención Constituyente Internacional; Internacional; Rechazo,Chile Convención Constituyente Internacional
179181,2022,Política y Economía,Chile Convención Constituyente Internacional; Internacional; Rechazo,Internacional
179181,2022,Política y Economía,Chile Convención Constituyente Internacional; Internacional; Rechazo,Rechazo
179219,2022,Política y Economía,Chile Convención Constituyente Internacional; Internacional; Rechazo,Chile Convención Constituyente Internacional
179219,2022,Política y Economía,Chile Convención Constituyente Internacional; Internacional; Rechazo,Internacional
179219,2022,Política y Economía,Chile Convención Constituyente Internacional; Internacional; Rechazo,Rechazo
179264,2022,Política y Economía,Chile; Internacional; Nueva Constitución; Partidos políticos; Rechazo,Chile
179264,2022,Política y Economía,Chile; Internacional; Nueva Constitución; Partidos políticos; Rechazo,Internacional
179264,2022,Política y Economía,Chile; Internacional; Nueva Constitución; Partidos políticos; Rechazo,Nueva Constitución
179264,2022,Política y Economía,Chile; Internacional; Nueva Constitución; Partidos políticos; Rechazo,Partidos Políticos
179264,2022,Política y Economía,Chile; Internacional; Nueva Constitución; Partidos políticos; Rechazo,Rechazo
179340,2022,Política y Economía,Derechas; Escuela IDAES; Javier Milei; Juventudes; Liberalismo; Punitivismo; UNSAM,Derechas
179340,2022,Política y Economía,Derechas; Escuela IDAES; Javier Milei; Juventudes; Liberalismo; Punitivismo; UNSAM,Escuela Idaes
179340,2022,Política y Economía,Derechas; Escuela IDAES; Javier Milei; Juventudes; Liberalismo; Punitivismo; UNSAM,Javier Milei
179340,2022,Política y Economía,Derechas; Escuela IDAES; Javier Milei; Juventudes; Liberalismo; Punitivismo; UNSAM,Juventudes
179340,2022,Política y Economía,Derechas; Escuela IDAES; Javier Milei; Juventudes; Liberalismo; Punitivismo; UNSAM,Liberalismo
179340,2022,Política y Economía,Derechas; Escuela IDAES; Javier Milei; Juventudes; Liberalismo; Punitivismo; UNSAM,Punitivismo
179340,2022,Política y Economía,Derechas; Escuela IDAES; Javier Milei; Juventudes; Liberalismo; Punitivismo; UNSAM,Unsam
179288,2022,Culturas,Teatro,Teatro
179485,2022,Educación,Escuelas,Escuelas
179529,2022,Salud,Salud mental,Salud Mental
179564,2022,Culturas,Better Call Saul; Breaking Bad; Netflix; Series; Zapping cultural,Better Call Saul
179564,2022,Culturas,Better Call Saul; Breaking Bad; Netflix; Series; Zapping cultural,Breaking Bad
179564,2022,Culturas,Better Call Saul; Breaking Bad; Netflix; Series; Zapping cultural,Netflix
179564,2022,Culturas,Better Call Saul; Breaking Bad; Netflix; Series; Zapping cultural,Series
179564,2022,Culturas,Better Call Saul; Breaking Bad; Netflix; Series; Zapping cultural,Zapping Cultural
179595,2022,Política y Economía,Derechas; Elecciones; Internacional; Italia,Derechas
179595,2022,Política y Economía,Derechas; Elecciones; Internacional; Italia,Elecciones
179595,2022,Política y Economía,Derechas; Elecciones; Internacional; Italia,Internacional
179595,2022,Política y Economía,Derechas; Elecciones; Internacional; Italia,Italia
179702,2022,Culturas,Laboratorio de No Ficción Creativa,Laboratorio De No Ficción Creativa
179690,2022,Política y Economía,24M: Día de la memoria por la verdad y la justicia; Cine; Dictadura; Juicios de lesa humanidad; Poder Judicial,24M: Día De La Memoria Por La Verdad Y La Justicia
179690,2022,Política y Economía,24M: Día de la memoria por la verdad y la justicia; Cine; Dictadura; Juicios de lesa humanidad; Poder Judicial,Cine
179690,2022,Política y Economía,24M: Día de la memoria por la verdad y la justicia; Cine; Dictadura; Juicios de lesa humanidad; Poder Judicial,Dictadura
179690,2022,Política y Economía,24M: Día de la memoria por la verdad y la justicia; Cine; Dictadura; Juicios de lesa humanidad; Poder Judicial,Juicios De Lesa Humanidad
179690,2022,Política y Economía,24M: Día de la memoria por la verdad y la justicia; Cine; Dictadura; Juicios de lesa humanidad; Poder Judicial,Poder Judicial
179794,2022,Culturas,Desigualdad,Desigualdad
179788,2022,Salud,Consumo responsable,Consumo Responsable
179748,2022,Ambiente,Crisis climática; Humedales,Crisis Climática
179748,2022,Ambiente,Crisis climática; Humedales,Humedales
179748,2022,Política y Economía,Crisis climática; Humedales,Crisis Climática
179748,2022,Política y Economía,Crisis climática; Humedales,Humedales
179833,2022,Política y Economía,Brasil; Derechas; Internacional; Jair Bolsonaro; Lula da Silva,Brasil
179833,2022,Política y Economía,Brasil; Derechas; Internacional; Jair Bolsonaro; Lula da Silva,Derechas
179833,2022,Política y Economía,Brasil; Derechas; Internacional; Jair Bolsonaro; Lula da Silva,Internacional
179833,2022,Política y Economía,Brasil; Derechas; Internacional; Jair Bolsonaro; Lula da Silva,Jair Bolsonaro
179833,2022,Política y Economía,Brasil; Derechas; Internacional; Jair Bolsonaro; Lula da Silva,Lula Da Silva
179878,2022,Política y Economía,Brasil; Internacional; Jair Bolsonaro; Lula da Silva,Brasil
179878,2022,Política y Economía,Brasil; Internacional; Jair Bolsonaro; Lula da Silva,Internacional
179878,2022,Política y Economía,Brasil; Internacional; Jair Bolsonaro; Lula da Silva,Jair Bolsonaro
179878,2022,Política y Economía,Brasil; Internacional; Jair Bolsonaro; Lula da Silva,Lula Da Silva
179930,2022,Política y Economía,Brasil; Derechas; Internacional,Brasil
179930,2022,Política y Economía,Brasil; Derechas; Internacional,Derechas
179930,2022,Política y Economía,Brasil; Derechas; Internacional,Internacional
179964,2022,Educación,CABA; Horacio Rodríguez Larreta; Soledad Acuña,Caba
179964,2022,Educación,CABA; Horacio Rodríguez Larreta; Soledad Acuña,Horacio Rodríguez Larreta
179964,2022,Educación,CABA; Horacio Rodríguez Larreta; Soledad Acuña,Soledad Acuña
179977,2022,Culturas,Boca Juniors; Fútbol; Fútbol femenino,Boca Juniors
179977,2022,Culturas,Boca Juniors; Fútbol; Fútbol femenino,Fútbol
179977,2022,Culturas,Boca Juniors; Fútbol; Fútbol femenino,Fútbol Femenino
180016,2022,Política y Economía,Chile; Dictadura; Laboratorio de No Ficción Creativa,Chile
180016,2022,Política y Economía,Chile; Dictadura; Laboratorio de No Ficción Creativa,Dictadura
180016,2022,Política y Economía,Chile; Dictadura; Laboratorio de No Ficción Creativa,Laboratorio De No Ficción Creativa
180053,2022,Política y Economía,Boca Juniors; Fútbol; Seguridad; Violencia policial,Boca Juniors
180053,2022,Política y Economía,Boca Juniors; Fútbol; Seguridad; Violencia policial,Fútbol
180053,2022,Política y Economía,Boca Juniors; Fútbol; Seguridad; Violencia policial,Seguridad
180053,2022,Política y Economía,Boca Juniors; Fútbol; Seguridad; Violencia policial,Violencia Policial
180094,2022,Política y Economía,Pueblos originarios,Pueblos Originarios
180121,2022,Política y Economía,Fútbol; Poder Judicial,Fútbol
180121,2022,Política y Economía,Fútbol; Poder Judicial,Poder Judicial
174178,2022,Culturas,Libros; Premio Alfaguara,Libros
174178,2022,Culturas,Libros; Premio Alfaguara,Premio Alfaguara
180117,2022,Política y Economía,Derechas; Giorgia Meloni; Internacional; Italia,Derechas
180117,2022,Política y Economía,Derechas; Giorgia Meloni; Internacional; Italia,Giorgia Meloni
180117,2022,Política y Economía,Derechas; Giorgia Meloni; Internacional; Italia,Internacional
180117,2022,Política y Economía,Derechas; Giorgia Meloni; Internacional; Italia,Italia
180181,2022,Políticas de géneros,Aborto Legal; Cuidados; Feminismos,Aborto Legal
180181,2022,Políticas de géneros,Aborto Legal; Cuidados; Feminismos,Cuidados
180181,2022,Políticas de géneros,Aborto Legal; Cuidados; Feminismos,Feminismos
180229,2022,Culturas,Libros; Memoria,Libros
180229,2022,Culturas,Libros; Memoria,Memoria
180315,2022,Política y Economía,Chile; Estallido en Chile; Internacional,Chile
180315,2022,Política y Economía,Chile; Estallido en Chile; Internacional,Estallido En Chile
180315,2022,Política y Economía,Chile; Estallido en Chile; Internacional,Internacional
180310,2022,Culturas,Escuela de Arte y Patrimonio; Fotografía; UNSAM,Escuela De Arte Y Patrimonio
180310,2022,Culturas,Escuela de Arte y Patrimonio; Fotografía; UNSAM,Fotografía
180310,2022,Culturas,Escuela de Arte y Patrimonio; Fotografía; UNSAM,Unsam
180498,2022,Política y Economía,Horacio Rodríguez Larreta; Juntos por el cambio; Mauricio Macri; Patricia Bullrich,Horacio Rodríguez Larreta
180498,2022,Política y Economía,Horacio Rodríguez Larreta; Juntos por el cambio; Mauricio Macri; Patricia Bullrich,Juntos Por El Cambio
180498,2022,Política y Economía,Horacio Rodríguez Larreta; Juntos por el cambio; Mauricio Macri; Patricia Bullrich,Mauricio Macri
180498,2022,Política y Economía,Horacio Rodríguez Larreta; Juntos por el cambio; Mauricio Macri; Patricia Bullrich,Patricia Bullrich
180545,2022,Ambiente,BA; Instituto LLILAS; Monterrey; Sequía,Ba
180545,2022,Ambiente,BA; Instituto LLILAS; Monterrey; Sequía,Instituto Llilas
180545,2022,Ambiente,BA; Instituto LLILAS; Monterrey; Sequía,Monterrey
180545,2022,Ambiente,BA; Instituto LLILAS; Monterrey; Sequía,Sequía
180545,2022,Política y Economía,BA; Instituto LLILAS; Monterrey; Sequía,Ba
180545,2022,Política y Economía,BA; Instituto LLILAS; Monterrey; Sequía,Instituto Llilas
180545,2022,Política y Economía,BA; Instituto LLILAS; Monterrey; Sequía,Monterrey
180545,2022,Política y Economía,BA; Instituto LLILAS; Monterrey; Sequía,Sequía
180577,2022,Amor y sexo,Anabólicos; Cuerpo; Varones gays,Anabólicos
180577,2022,Amor y sexo,Anabólicos; Cuerpo; Varones gays,Cuerpo
180577,2022,Amor y sexo,Anabólicos; Cuerpo; Varones gays,Varones Gays
180639,2022,Política y Economía,Brasil; Internacional,Brasil
180639,2022,Política y Economía,Brasil; Internacional,Internacional
180688,2022,Política y Economía,Derechas; Géneros,Derechas
180688,2022,Política y Economía,Derechas; Géneros,Géneros
180396,2022,Políticas de géneros,Valerie Solanas,Valerie Solanas
180620,2022,Culturas,Game of Thrones; House of the Dragon; Series; Zapping cultural,Game Of Thrones
180620,2022,Culturas,Game of Thrones; House of the Dragon; Series; Zapping cultural,House Of The Dragon
180620,2022,Culturas,Game of Thrones; House of the Dragon; Series; Zapping cultural,Series
180620,2022,Culturas,Game of Thrones; House of the Dragon; Series; Zapping cultural,Zapping Cultural
180766,2022,Política y Economía,Desigualdad,Desigualdad
181056,2022,Culturas,Artes; Cecilia Vicuña; La columna de Zambra,Artes
181056,2022,Culturas,Artes; Cecilia Vicuña; La columna de Zambra,Cecilia Vicuña
181056,2022,Culturas,Artes; Cecilia Vicuña; La columna de Zambra,La Columna De Zambra
180794,2022,Política y Economía,América Latina,América Latina
180828,2022,Política y Economía,Feminismos; Juventudes; Redes sociales,Feminismos
180828,2022,Política y Economía,Feminismos; Juventudes; Redes sociales,Juventudes
180828,2022,Política y Economía,Feminismos; Juventudes; Redes sociales,Redes Sociales
180864,2022,Culturas,Mundial de fútbol,Mundial De Fútbol
180901,2022,Salud,Salud mental,Salud Mental
180979,2022,Culturas,Cine; Zapping cultural,Cine
180979,2022,Culturas,Cine; Zapping cultural,Zapping Cultural
181067,2022,Políticas de géneros,Discursos de odio; Feminismos; TERF; cancelación; furia travesti,Discursos De Odio
181067,2022,Políticas de géneros,Discursos de odio; Feminismos; TERF; cancelación; furia travesti,Feminismos
181067,2022,Políticas de géneros,Discursos de odio; Feminismos; TERF; cancelación; furia travesti,Terf
181067,2022,Políticas de géneros,Discursos de odio; Feminismos; TERF; cancelación; furia travesti,Cancelación
181067,2022,Políticas de géneros,Discursos de odio; Feminismos; TERF; cancelación; furia travesti,Furia Travesti
180280,2022,Política y Economía,Deuda; FMI; Guerra; Internacional; Rusia; Ucrania,Deuda
180280,2022,Política y Economía,Deuda; FMI; Guerra; Internacional; Rusia; Ucrania,Fmi
180280,2022,Política y Economía,Deuda; FMI; Guerra; Internacional; Rusia; Ucrania,Guerra
180280,2022,Política y Economía,Deuda; FMI; Guerra; Internacional; Rusia; Ucrania,Internacional
180280,2022,Política y Economía,Deuda; FMI; Guerra; Internacional; Rusia; Ucrania,Rusia
180280,2022,Política y Economía,Deuda; FMI; Guerra; Internacional; Rusia; Ucrania,Ucrania
181321,2022,Culturas,Bolaño; La columna de Zambra,Bolaño
181321,2022,Culturas,Bolaño; La columna de Zambra,La Columna De Zambra
181271,2022,Culturas,Feminismos; Series,Feminismos
181271,2022,Culturas,Feminismos; Series,Series
181235,2022,Culturas,Fútbol; Maradona; Messi; Qatar 2022,Fútbol
181235,2022,Culturas,Fútbol; Maradona; Messi; Qatar 2022,Maradona
181235,2022,Culturas,Fútbol; Maradona; Messi; Qatar 2022,Messi
181235,2022,Culturas,Fútbol; Maradona; Messi; Qatar 2022,Qatar 2022
181370,2022,Política y Economía,Democracia; Derechos Humanos; Hebe de Bonafini; Madres de Plaza de Mayo,Democracia
181370,2022,Política y Economía,Democracia; Derechos Humanos; Hebe de Bonafini; Madres de Plaza de Mayo,Derechos Humanos
181370,2022,Política y Economía,Democracia; Derechos Humanos; Hebe de Bonafini; Madres de Plaza de Mayo,Hebe De Bonafini
181370,2022,Política y Economía,Democracia; Derechos Humanos; Hebe de Bonafini; Madres de Plaza de Mayo,Madres De Plaza De Mayo
181388,2022,Culturas,Democracia; Derechos Humanos; Hebe de Bonafini; Madres de Plaza de Mayo,Democracia
181388,2022,Culturas,Democracia; Derechos Humanos; Hebe de Bonafini; Madres de Plaza de Mayo,Derechos Humanos
181388,2022,Culturas,Democracia; Derechos Humanos; Hebe de Bonafini; Madres de Plaza de Mayo,Hebe De Bonafini
181388,2022,Culturas,Democracia; Derechos Humanos; Hebe de Bonafini; Madres de Plaza de Mayo,Madres De Plaza De Mayo
181388,2022,Política y Economía,Democracia; Derechos Humanos; Hebe de Bonafini; Madres de Plaza de Mayo,Democracia
181388,2022,Política y Economía,Democracia; Derechos Humanos; Hebe de Bonafini; Madres de Plaza de Mayo,Derechos Humanos
181388,2022,Política y Economía,Democracia; Derechos Humanos; Hebe de Bonafini; Madres de Plaza de Mayo,Hebe De Bonafini
181388,2022,Política y Economía,Democracia; Derechos Humanos; Hebe de Bonafini; Madres de Plaza de Mayo,Madres De Plaza De Mayo
181469,2022,Tecnologías,Capitalismo digital; Escuela IDAES; Tecnologías; UNSAM,Capitalismo Digital
181469,2022,Tecnologías,Capitalismo digital; Escuela IDAES; Tecnologías; UNSAM,Escuela Idaes
181469,2022,Tecnologías,Capitalismo digital; Escuela IDAES; Tecnologías; UNSAM,Tecnologías
181469,2022,Tecnologías,Capitalismo digital; Escuela IDAES; Tecnologías; UNSAM,Unsam
169085,2022,Políticas de géneros,Masculinidades,Masculinidades
181570,2022,Políticas de géneros,8M; América Latina; Cuidados; Desigualdad; Feminismos,8M
181570,2022,Políticas de géneros,8M; América Latina; Cuidados; Desigualdad; Feminismos,América Latina
181570,2022,Políticas de géneros,8M; América Latina; Cuidados; Desigualdad; Feminismos,Cuidados
181570,2022,Políticas de géneros,8M; América Latina; Cuidados; Desigualdad; Feminismos,Desigualdad
181570,2022,Políticas de géneros,8M; América Latina; Cuidados; Desigualdad; Feminismos,Feminismos
181581,2022,Culturas,24M: Día de la memoria por la verdad y la justicia; Derechos Humanos; Dictadura; Fútbol; Mundial de fútbol,24M: Día De La Memoria Por La Verdad Y La Justicia
181581,2022,Culturas,24M: Día de la memoria por la verdad y la justicia; Derechos Humanos; Dictadura; Fútbol; Mundial de fútbol,Derechos Humanos
181581,2022,Culturas,24M: Día de la memoria por la verdad y la justicia; Derechos Humanos; Dictadura; Fútbol; Mundial de fútbol,Dictadura
181581,2022,Culturas,24M: Día de la memoria por la verdad y la justicia; Derechos Humanos; Dictadura; Fútbol; Mundial de fútbol,Fútbol
181581,2022,Culturas,24M: Día de la memoria por la verdad y la justicia; Derechos Humanos; Dictadura; Fútbol; Mundial de fútbol,Mundial De Fútbol
181690,2022,Culturas,Derechas; Discursos de odio; LEDA-UNSAM; Redes sociales; UNSAM,Derechas
181690,2022,Culturas,Derechas; Discursos de odio; LEDA-UNSAM; Redes sociales; UNSAM,Discursos De Odio
181690,2022,Culturas,Derechas; Discursos de odio; LEDA-UNSAM; Redes sociales; UNSAM,Leda-Unsam
181690,2022,Culturas,Derechas; Discursos de odio; LEDA-UNSAM; Redes sociales; UNSAM,Redes Sociales
181690,2022,Culturas,Derechas; Discursos de odio; LEDA-UNSAM; Redes sociales; UNSAM,Unsam
181690,2022,Política y Economía,Derechas; Discursos de odio; LEDA-UNSAM; Redes sociales; UNSAM,Derechas
181690,2022,Política y Economía,Derechas; Discursos de odio; LEDA-UNSAM; Redes sociales; UNSAM,Discursos De Odio
181690,2022,Política y Economía,Derechas; Discursos de odio; LEDA-UNSAM; Redes sociales; UNSAM,Leda-Unsam
181690,2022,Política y Economía,Derechas; Discursos de odio; LEDA-UNSAM; Redes sociales; UNSAM,Redes Sociales
181690,2022,Política y Economía,Derechas; Discursos de odio; LEDA-UNSAM; Redes sociales; UNSAM,Unsam
181739,2022,Amor y sexo,Pep; PreP; VIH; varones gay,Pep
181739,2022,Amor y sexo,Pep; PreP; VIH; varones gay,Prep
181739,2022,Amor y sexo,Pep; PreP; VIH; varones gay,Vih
181739,2022,Amor y sexo,Pep; PreP; VIH; varones gay,Varones Gay
181748,2022,Culturas,Cuerpos; Discapacidad; Resiliencia,Cuerpos
181748,2022,Culturas,Cuerpos; Discapacidad; Resiliencia,Discapacidad
181748,2022,Culturas,Cuerpos; Discapacidad; Resiliencia,Resiliencia
181801,2022,Culturas,Alejandro Zambra; La columna de Zambra; Memoria; Zambra,Alejandro Zambra
181801,2022,Culturas,Alejandro Zambra; La columna de Zambra; Memoria; Zambra,La Columna De Zambra
181801,2022,Culturas,Alejandro Zambra; La columna de Zambra; Memoria; Zambra,Memoria
181801,2022,Culturas,Alejandro Zambra; La columna de Zambra; Memoria; Zambra,Zambra
181817,2022,Culturas,Poder Judicial; crimen,Poder Judicial
181817,2022,Culturas,Poder Judicial; crimen,Crimen
181873,2022,Culturas,Medios de comunicación; Perfil; Televisión; YouTube,Medios De Comunicación
181873,2022,Culturas,Medios de comunicación; Perfil; Televisión; YouTube,Perfil
181873,2022,Culturas,Medios de comunicación; Perfil; Televisión; YouTube,Televisión
181873,2022,Culturas,Medios de comunicación; Perfil; Televisión; YouTube,Youtube
181914,2022,Política y Economía,Clarín; Lawfare; Poder Judicial,Clarín
181914,2022,Política y Economía,Clarín; Lawfare; Poder Judicial,Lawfare
181914,2022,Política y Economía,Clarín; Lawfare; Poder Judicial,Poder Judicial
181960,2022,Política y Economía,Democracia; Poder Judicial,Democracia
181960,2022,Política y Economía,Democracia; Poder Judicial,Poder Judicial
181977,2022,Culturas,Fútbol; Messi; Mundial de fútbol; Qatar 2022,Fútbol
181977,2022,Culturas,Fútbol; Messi; Mundial de fútbol; Qatar 2022,Messi
181977,2022,Culturas,Fútbol; Messi; Mundial de fútbol; Qatar 2022,Mundial De Fútbol
181977,2022,Culturas,Fútbol; Messi; Mundial de fútbol; Qatar 2022,Qatar 2022
182007,2022,Política y Economía,Cristina Fernández de Kirchner; Lawfare; Poder Judicial,Cristina Fernández De Kirchner
182007,2022,Política y Economía,Cristina Fernández de Kirchner; Lawfare; Poder Judicial,Lawfare
182007,2022,Política y Economía,Cristina Fernández de Kirchner; Lawfare; Poder Judicial,Poder Judicial
182026,2022,Política y Economía,CFK; Vialidad,Cfk
182026,2022,Política y Economía,CFK; Vialidad,Vialidad
182065,2022,Política y Economía,Brasil; Democracia; Derechas; Jair Bolsonaro; Lula da Silva,Brasil
182065,2022,Política y Economía,Brasil; Democracia; Derechas; Jair Bolsonaro; Lula da Silva,Democracia
182065,2022,Política y Economía,Brasil; Democracia; Derechas; Jair Bolsonaro; Lula da Silva,Derechas
182065,2022,Política y Economía,Brasil; Democracia; Derechas; Jair Bolsonaro; Lula da Silva,Jair Bolsonaro
182065,2022,Política y Economía,Brasil; Democracia; Derechas; Jair Bolsonaro; Lula da Silva,Lula Da Silva
182100,2022,Culturas,Messi; Qatar 2022; Scaloneta,Messi
182100,2022,Culturas,Messi; Qatar 2022; Scaloneta,Qatar 2022
182100,2022,Culturas,Messi; Qatar 2022; Scaloneta,Scaloneta
182115,2022,Culturas,Barras bravas; Fútbol; Mundial de fútbol; Qatar 2022,Barras Bravas
182115,2022,Culturas,Barras bravas; Fútbol; Mundial de fútbol; Qatar 2022,Fútbol
182115,2022,Culturas,Barras bravas; Fútbol; Mundial de fútbol; Qatar 2022,Mundial De Fútbol
182115,2022,Culturas,Barras bravas; Fútbol; Mundial de fútbol; Qatar 2022,Qatar 2022
182200,2022,Culturas,Maradona; Messi; Qatar 2022; Scaloneta,Maradona
182200,2022,Culturas,Maradona; Messi; Qatar 2022; Scaloneta,Messi
182200,2022,Culturas,Maradona; Messi; Qatar 2022; Scaloneta,Qatar 2022
182200,2022,Culturas,Maradona; Messi; Qatar 2022; Scaloneta,Scaloneta
182287,2022,Culturas,Messi; Qatar 2022; Scaloneta,Messi
182287,2022,Culturas,Messi; Qatar 2022; Scaloneta,Qatar 2022
182287,2022,Culturas,Messi; Qatar 2022; Scaloneta,Scaloneta
182312,2022,Culturas,Messi; Qatar 2022; Scaloneta,Messi
182312,2022,Culturas,Messi; Qatar 2022; Scaloneta,Qatar 2022
182312,2022,Culturas,Messi; Qatar 2022; Scaloneta,Scaloneta
182338,2022,Política y Economía,Fútbol; Mundial de fútbol; Qatar 2022,Fútbol
182338,2022,Política y Economía,Fútbol; Mundial de fútbol; Qatar 2022,Mundial De Fútbol
182338,2022,Política y Economía,Fútbol; Mundial de fútbol; Qatar 2022,Qatar 2022
182368,2022,Culturas,Mundial de fútbol; Selección Argentina,Mundial De Fútbol
182368,2022,Culturas,Mundial de fútbol; Selección Argentina,Selección Argentina
182402,2022,Culturas,Teletrabajo; Trabajo,Teletrabajo
182402,2022,Culturas,Teletrabajo; Trabajo,Trabajo
182415,2022,Política y Economía,Gobierno Abierto; Participación ciudadana,Gobierno Abierto
182415,2022,Política y Economía,Gobierno Abierto; Participación ciudadana,Participación Ciudadana
182447,2022,Culturas,Fútbol; Messi; Mundial de fútbol; Qatar 2022,Fútbol
182447,2022,Culturas,Fútbol; Messi; Mundial de fútbol; Qatar 2022,Messi
182447,2022,Culturas,Fútbol; Messi; Mundial de fútbol; Qatar 2022,Mundial De Fútbol
182447,2022,Culturas,Fútbol; Messi; Mundial de fútbol; Qatar 2022,Qatar 2022
182534,2022,Culturas,Brasil; Fútbol; Internacional; Pelé,Brasil
182534,2022,Culturas,Brasil; Fútbol; Internacional; Pelé,Fútbol
182534,2022,Culturas,Brasil; Fútbol; Internacional; Pelé,Internacional
182534,2022,Culturas,Brasil; Fútbol; Internacional; Pelé,Pelé
177027,2023,Culturas,Maternidades; Periodismo,Maternidades
177027,2023,Culturas,Maternidades; Periodismo,Periodismo
181156,2023,Culturas,Fútbol; Qatar 2022; Viajes,Fútbol
181156,2023,Culturas,Fútbol; Qatar 2022; Viajes,Qatar 2022
181156,2023,Culturas,Fútbol; Qatar 2022; Viajes,Viajes
144630,2023,Políticas de géneros,Masculinidades; Rugby; Violencias,Masculinidades
144630,2023,Políticas de géneros,Masculinidades; Rugby; Violencias,Rugby
144630,2023,Políticas de géneros,Masculinidades; Rugby; Violencias,Violencias
182604,2023,Culturas,Pandemia; Periodismo,Pandemia
182604,2023,Culturas,Pandemia; Periodismo,Periodismo
182627,2023,Políticas de géneros,Masculinidades; Violencias,Masculinidades
182627,2023,Políticas de géneros,Masculinidades; Violencias,Violencias
146528,2023,Ambiente,Inteligencia artificial; Tecnología y sociedad,Inteligencia Artificial
146528,2023,Ambiente,Inteligencia artificial; Tecnología y sociedad,Tecnología Y Sociedad
182717,2023,Política y Economía,Brasil; Derechas; Jair Bolsonaro; Lula da Silva,Brasil
182717,2023,Política y Economía,Brasil; Derechas; Jair Bolsonaro; Lula da Silva,Derechas
182717,2023,Política y Economía,Brasil; Derechas; Jair Bolsonaro; Lula da Silva,Jair Bolsonaro
182717,2023,Política y Economía,Brasil; Derechas; Jair Bolsonaro; Lula da Silva,Lula Da Silva
182507,2023,Política y Economía,Chile; IrinaKaramanos; La transición en Chile; gabrielboric,Chile
182507,2023,Política y Economía,Chile; IrinaKaramanos; La transición en Chile; gabrielboric,Irinakaramanos
182507,2023,Política y Economía,Chile; IrinaKaramanos; La transición en Chile; gabrielboric,La Transición En Chile
182507,2023,Política y Economía,Chile; IrinaKaramanos; La transición en Chile; gabrielboric,Gabrielboric
182496,2023,Política y Economía,Chile; IrinaKaramanos; gabrielboric,Chile
182496,2023,Política y Economía,Chile; IrinaKaramanos; gabrielboric,Irinakaramanos
182496,2023,Política y Economía,Chile; IrinaKaramanos; gabrielboric,Gabrielboric
182754,2023,Política y Economía,Brasil; Derechas; Internacional,Brasil
182754,2023,Política y Economía,Brasil; Derechas; Internacional,Derechas
182754,2023,Política y Economía,Brasil; Derechas; Internacional,Internacional
154232,2023,Culturas,Zapping cultural,Zapping Cultural
182827,2023,Culturas,Cine; Zapping cultural,Cine
182827,2023,Culturas,Cine; Zapping cultural,Zapping Cultural
182925,2023,Culturas,Fernando Báez Sosa; Racismo; crimen,Fernando Báez Sosa
182925,2023,Culturas,Fernando Báez Sosa; Racismo; crimen,Racismo
182925,2023,Culturas,Fernando Báez Sosa; Racismo; crimen,Crimen
182972,2023,Ambiente,Ambiente; Cristina Dorador; Sacrificadas; Zonas de sacrificio,Ambiente
182972,2023,Ambiente,Ambiente; Cristina Dorador; Sacrificadas; Zonas de sacrificio,Cristina Dorador
182972,2023,Ambiente,Ambiente; Cristina Dorador; Sacrificadas; Zonas de sacrificio,Sacrificadas
182972,2023,Ambiente,Ambiente; Cristina Dorador; Sacrificadas; Zonas de sacrificio,Zonas De Sacrificio
182972,2023,Política y Economía,Ambiente; Cristina Dorador; Sacrificadas; Zonas de sacrificio,Ambiente
182972,2023,Política y Economía,Ambiente; Cristina Dorador; Sacrificadas; Zonas de sacrificio,Cristina Dorador
182972,2023,Política y Economía,Ambiente; Cristina Dorador; Sacrificadas; Zonas de sacrificio,Sacrificadas
182972,2023,Política y Economía,Ambiente; Cristina Dorador; Sacrificadas; Zonas de sacrificio,Zonas De Sacrificio
182947,2023,Culturas,Libros,Libros
182947,2023,Política y Economía,Libros,Libros
182970,2023,Culturas,Fútbol; Qatar 2022; Scaloneta,Fútbol
182970,2023,Culturas,Fútbol; Qatar 2022; Scaloneta,Qatar 2022
182970,2023,Culturas,Fútbol; Qatar 2022; Scaloneta,Scaloneta
180405,2023,Política y Economía,24M: Día de la memoria por la verdad y la justicia; Cine; Juicio a las Juntas; Juicios de lesa humanidad; Nietos,24M: Día De La Memoria Por La Verdad Y La Justicia
180405,2023,Política y Economía,24M: Día de la memoria por la verdad y la justicia; Cine; Juicio a las Juntas; Juicios de lesa humanidad; Nietos,Cine
180405,2023,Política y Economía,24M: Día de la memoria por la verdad y la justicia; Cine; Juicio a las Juntas; Juicios de lesa humanidad; Nietos,Juicio A Las Juntas
180405,2023,Política y Economía,24M: Día de la memoria por la verdad y la justicia; Cine; Juicio a las Juntas; Juicios de lesa humanidad; Nietos,Juicios De Lesa Humanidad
180405,2023,Política y Economía,24M: Día de la memoria por la verdad y la justicia; Cine; Juicio a las Juntas; Juicios de lesa humanidad; Nietos,Nietos
182989,2023,Política y Economía,Brasil; Escuela IDAES; Glosario de la crisis; Internacional; Lula da Silva; UNSAM,Brasil
182989,2023,Política y Economía,Brasil; Escuela IDAES; Glosario de la crisis; Internacional; Lula da Silva; UNSAM,Escuela Idaes
182989,2023,Política y Economía,Brasil; Escuela IDAES; Glosario de la crisis; Internacional; Lula da Silva; UNSAM,Glosario De La Crisis
182989,2023,Política y Economía,Brasil; Escuela IDAES; Glosario de la crisis; Internacional; Lula da Silva; UNSAM,Internacional
182989,2023,Política y Economía,Brasil; Escuela IDAES; Glosario de la crisis; Internacional; Lula da Silva; UNSAM,Lula Da Silva
182989,2023,Política y Economía,Brasil; Escuela IDAES; Glosario de la crisis; Internacional; Lula da Silva; UNSAM,Unsam
183032,2023,Culturas,Adolescencias; Patagonia; Puerto Madryn,Adolescencias
183032,2023,Culturas,Adolescencias; Patagonia; Puerto Madryn,Patagonia
183032,2023,Culturas,Adolescencias; Patagonia; Puerto Madryn,Puerto Madryn
183053,2023,Política y Economía,América Latina; Derechas; Internacional; Nueva Constitución; Perú,América Latina
183053,2023,Política y Economía,América Latina; Derechas; Internacional; Nueva Constitución; Perú,Derechas
183053,2023,Política y Economía,América Latina; Derechas; Internacional; Nueva Constitución; Perú,Internacional
183053,2023,Política y Economía,América Latina; Derechas; Internacional; Nueva Constitución; Perú,Nueva Constitución
183053,2023,Política y Economía,América Latina; Derechas; Internacional; Nueva Constitución; Perú,Perú
183083,2023,Otras,Aníbal Fernández; DEA; Narcotráfico; Patricia Bullrich,Aníbal Fernández
183083,2023,Otras,Aníbal Fernández; DEA; Narcotráfico; Patricia Bullrich,Dea
183083,2023,Otras,Aníbal Fernández; DEA; Narcotráfico; Patricia Bullrich,Narcotráfico
183083,2023,Otras,Aníbal Fernández; DEA; Narcotráfico; Patricia Bullrich,Patricia Bullrich
183097,2023,Culturas,Alimentación,Alimentación
183119,2023,Ambiente,Ambiente; Crónica Patagónica; Patagonia,Ambiente
183119,2023,Ambiente,Ambiente; Crónica Patagónica; Patagonia,Crónica Patagónica
183119,2023,Ambiente,Ambiente; Crónica Patagónica; Patagonia,Patagonia
183262,2023,Culturas,Cine; Premios Oscar; Steven Spielberg; Zapping cultural,Cine
183262,2023,Culturas,Cine; Premios Oscar; Steven Spielberg; Zapping cultural,Premios Oscar
183262,2023,Culturas,Cine; Premios Oscar; Steven Spielberg; Zapping cultural,Steven Spielberg
183262,2023,Culturas,Cine; Premios Oscar; Steven Spielberg; Zapping cultural,Zapping Cultural
183219,2023,Política y Economía,Fernando Báez Sosa; Poder Judicial; Rugbiers,Fernando Báez Sosa
183219,2023,Política y Economía,Fernando Báez Sosa; Poder Judicial; Rugbiers,Poder Judicial
183219,2023,Política y Economía,Fernando Báez Sosa; Poder Judicial; Rugbiers,Rugbiers
183320,2023,Ambiente,Chile; Terremoto; Valdivia,Chile
183320,2023,Ambiente,Chile; Terremoto; Valdivia,Terremoto
183320,2023,Ambiente,Chile; Terremoto; Valdivia,Valdivia
183380,2023,Políticas de géneros,Feminismos; Maternidades,Feminismos
183380,2023,Políticas de géneros,Feminismos; Maternidades,Maternidades
183380,2023,Salud,Feminismos; Maternidades,Feminismos
183380,2023,Salud,Feminismos; Maternidades,Maternidades
183438,2023,Política y Economía,Narcotráfico; Rosario; Violencia,Narcotráfico
183438,2023,Política y Economía,Narcotráfico; Rosario; Violencia,Rosario
183438,2023,Política y Economía,Narcotráfico; Rosario; Violencia,Violencia
183460,2023,Culturas,Fútbol; Messi; Mundial de fútbol; Qatar 2022; Scaloneta,Fútbol
183460,2023,Culturas,Fútbol; Messi; Mundial de fútbol; Qatar 2022; Scaloneta,Messi
183460,2023,Culturas,Fútbol; Messi; Mundial de fútbol; Qatar 2022; Scaloneta,Mundial De Fútbol
183460,2023,Culturas,Fútbol; Messi; Mundial de fútbol; Qatar 2022; Scaloneta,Qatar 2022
183460,2023,Culturas,Fútbol; Messi; Mundial de fútbol; Qatar 2022; Scaloneta,Scaloneta
46041,2023,Culturas,Messi; Selección Argentina,Messi
46041,2023,Culturas,Messi; Selección Argentina,Selección Argentina
178298,2023,Culturas,Identidad Trans,Identidad Trans
183523,2023,Culturas,Artes; Cuerpos; Escuela de Arte y Patrimonio; UNSAM,Artes
183523,2023,Culturas,Artes; Cuerpos; Escuela de Arte y Patrimonio; UNSAM,Cuerpos
183523,2023,Culturas,Artes; Cuerpos; Escuela de Arte y Patrimonio; UNSAM,Escuela De Arte Y Patrimonio
183523,2023,Culturas,Artes; Cuerpos; Escuela de Arte y Patrimonio; UNSAM,Unsam
183688,2023,Tecnologías,Inteligencia artificial; Trabajo,Inteligencia Artificial
183688,2023,Tecnologías,Inteligencia artificial; Trabajo,Trabajo
183762,2023,Política y Economía,Daniel Ortega; Internacional; Nicaragua,Daniel Ortega
183762,2023,Política y Economía,Daniel Ortega; Internacional; Nicaragua,Internacional
183762,2023,Política y Economía,Daniel Ortega; Internacional; Nicaragua,Nicaragua
183797,2023,Culturas,Libros; UNSAM,Libros
183797,2023,Culturas,Libros; UNSAM,Unsam
183790,2023,Culturas,Ciencia; Libros,Ciencia
183790,2023,Culturas,Ciencia; Libros,Libros
183851,2023,Política y Economía,Alberto Fernández; Congreso; Cristina Fernández de Kirchner; Frente de Todos,Alberto Fernández
183851,2023,Política y Economía,Alberto Fernández; Congreso; Cristina Fernández de Kirchner; Frente de Todos,Congreso
183851,2023,Política y Economía,Alberto Fernández; Congreso; Cristina Fernández de Kirchner; Frente de Todos,Cristina Fernández De Kirchner
183851,2023,Política y Economía,Alberto Fernández; Congreso; Cristina Fernández de Kirchner; Frente de Todos,Frente De Todos
183867,2023,Política y Economía,China; Estados Unidos; Guerra; Internacional; Rusia; Ucrania,China
183867,2023,Política y Economía,China; Estados Unidos; Guerra; Internacional; Rusia; Ucrania,Estados Unidos
183867,2023,Política y Economía,China; Estados Unidos; Guerra; Internacional; Rusia; Ucrania,Guerra
183867,2023,Política y Economía,China; Estados Unidos; Guerra; Internacional; Rusia; Ucrania,Internacional
183867,2023,Política y Economía,China; Estados Unidos; Guerra; Internacional; Rusia; Ucrania,Rusia
183867,2023,Política y Economía,China; Estados Unidos; Guerra; Internacional; Rusia; Ucrania,Ucrania
183917,2023,Política y Economía,Alberto Fernández; Corte Suprema; Frente de Todos; Poder Judicial,Alberto Fernández
183917,2023,Política y Economía,Alberto Fernández; Corte Suprema; Frente de Todos; Poder Judicial,Corte Suprema
183917,2023,Política y Economía,Alberto Fernández; Corte Suprema; Frente de Todos; Poder Judicial,Frente De Todos
183917,2023,Política y Economía,Alberto Fernández; Corte Suprema; Frente de Todos; Poder Judicial,Poder Judicial
183959,2023,Culturas,Chilenidad; HBO; Series; Zapping cultural,Chilenidad
183959,2023,Culturas,Chilenidad; HBO; Series; Zapping cultural,Hbo
183959,2023,Culturas,Chilenidad; HBO; Series; Zapping cultural,Series
183959,2023,Culturas,Chilenidad; HBO; Series; Zapping cultural,Zapping Cultural
184005,2023,Política y Economía,8M; 8M: Paro internacional y plurinacional de mujeres y disidencias; Femicidios,8M
184005,2023,Política y Economía,8M; 8M: Paro internacional y plurinacional de mujeres y disidencias; Femicidios,8M: Paro Internacional Y Plurinacional De Mujeres Y Disidencias
184005,2023,Política y Economía,8M; 8M: Paro internacional y plurinacional de mujeres y disidencias; Femicidios,Femicidios
184005,2023,Políticas de géneros,8M; 8M: Paro internacional y plurinacional de mujeres y disidencias; Femicidios,8M
184005,2023,Políticas de géneros,8M; 8M: Paro internacional y plurinacional de mujeres y disidencias; Femicidios,8M: Paro Internacional Y Plurinacional De Mujeres Y Disidencias
184005,2023,Políticas de géneros,8M; 8M: Paro internacional y plurinacional de mujeres y disidencias; Femicidios,Femicidios
184029,2023,Ambiente,Ailton Krenak; Brasil; Internacional,Ailton Krenak
184029,2023,Ambiente,Ailton Krenak; Brasil; Internacional,Brasil
184029,2023,Ambiente,Ailton Krenak; Brasil; Internacional,Internacional
184054,2023,Culturas,Cine; Oscars; Pantallas; Zapping cultural,Cine
184054,2023,Culturas,Cine; Oscars; Pantallas; Zapping cultural,Oscars
184054,2023,Culturas,Cine; Oscars; Pantallas; Zapping cultural,Pantallas
184054,2023,Culturas,Cine; Oscars; Pantallas; Zapping cultural,Zapping Cultural
184113,2023,Culturas,Chile; Medioambiente; Puchuncaví; Sacrificadas,Chile
184113,2023,Culturas,Chile; Medioambiente; Puchuncaví; Sacrificadas,Medioambiente
184113,2023,Culturas,Chile; Medioambiente; Puchuncaví; Sacrificadas,Puchuncaví
184113,2023,Culturas,Chile; Medioambiente; Puchuncaví; Sacrificadas,Sacrificadas
184080,2023,Culturas,Fito Páez; Libros; Música; Rock Nacional; Rosario; Rosariocronica,Fito Páez
184080,2023,Culturas,Fito Páez; Libros; Música; Rock Nacional; Rosario; Rosariocronica,Libros
184080,2023,Culturas,Fito Páez; Libros; Música; Rock Nacional; Rosario; Rosariocronica,Música
184080,2023,Culturas,Fito Páez; Libros; Música; Rock Nacional; Rosario; Rosariocronica,Rock Nacional
184080,2023,Culturas,Fito Páez; Libros; Música; Rock Nacional; Rosario; Rosariocronica,Rosario
184080,2023,Culturas,Fito Páez; Libros; Música; Rock Nacional; Rosario; Rosariocronica,Rosariocronica
183920,2023,Amor y sexo,Cuerpos; Libros,Cuerpos
183920,2023,Amor y sexo,Cuerpos; Libros,Libros
183920,2023,Culturas,Cuerpos; Libros,Cuerpos
183920,2023,Culturas,Cuerpos; Libros,Libros
184228,2023,Culturas,Pedro Pascal; The last of us; Zapping cultural,Pedro Pascal
184228,2023,Culturas,Pedro Pascal; The last of us; Zapping cultural,The Last Of Us
184228,2023,Culturas,Pedro Pascal; The last of us; Zapping cultural,Zapping Cultural
184298,2023,Política y Economía,Corte Suprema; Poder Judicial,Corte Suprema
184298,2023,Política y Economía,Corte Suprema; Poder Judicial,Poder Judicial
184328,2023,Salud,Libros,Libros
184357,2023,Culturas,Cine; Feminismos; Zapping cultural,Cine
184357,2023,Culturas,Cine; Feminismos; Zapping cultural,Feminismos
184357,2023,Culturas,Cine; Feminismos; Zapping cultural,Zapping Cultural
184371,2023,Política y Economía,Dictadura; LGBT; Libros,Dictadura
184371,2023,Política y Economía,Dictadura; LGBT; Libros,Lgbt
184371,2023,Política y Economía,Dictadura; LGBT; Libros,Libros
184371,2023,Políticas de géneros,Dictadura; LGBT; Libros,Dictadura
184371,2023,Políticas de géneros,Dictadura; LGBT; Libros,Lgbt
184371,2023,Políticas de géneros,Dictadura; LGBT; Libros,Libros
184462,2023,Política y Economía,24M: Día de la memoria por la verdad y la justicia; Derechos Humanos; Dictadura,24M: Día De La Memoria Por La Verdad Y La Justicia
184462,2023,Política y Economía,24M: Día de la memoria por la verdad y la justicia; Derechos Humanos; Dictadura,Derechos Humanos
184462,2023,Política y Economía,24M: Día de la memoria por la verdad y la justicia; Derechos Humanos; Dictadura,Dictadura
184484,2023,Política y Economía,Estados Unidos; Internacional; Sistema bancario,Estados Unidos
184484,2023,Política y Economía,Estados Unidos; Internacional; Sistema bancario,Internacional
184484,2023,Política y Economía,Estados Unidos; Internacional; Sistema bancario,Sistema Bancario
184506,2023,Culturas,Escuela IDAES; UNSAM,Escuela Idaes
184506,2023,Culturas,Escuela IDAES; UNSAM,Unsam
184506,2023,Educación,Escuela IDAES; UNSAM,Escuela Idaes
184506,2023,Educación,Escuela IDAES; UNSAM,Unsam
184523,2023,Culturas,Qatar 2022,Qatar 2022
184572,2023,Educación,Feminismos; UNSAM; Universidad pública,Feminismos
184572,2023,Educación,Feminismos; UNSAM; Universidad pública,Unsam
184572,2023,Educación,Feminismos; UNSAM; Universidad pública,Universidad Pública
184572,2023,Políticas de géneros,Feminismos; UNSAM; Universidad pública,Feminismos
184572,2023,Políticas de géneros,Feminismos; UNSAM; Universidad pública,Unsam
184572,2023,Políticas de géneros,Feminismos; UNSAM; Universidad pública,Universidad Pública
184689,2023,Culturas,Literatura; Pizarnik; Zapping cultural,Literatura
184689,2023,Culturas,Literatura; Pizarnik; Zapping cultural,Pizarnik
184689,2023,Culturas,Literatura; Pizarnik; Zapping cultural,Zapping Cultural
184642,2023,Política y Economía,Derechas; Derechos Humanos; El Salvador; Internacional; Liberalismo; Seguridad,Derechas
184642,2023,Política y Economía,Derechas; Derechos Humanos; El Salvador; Internacional; Liberalismo; Seguridad,Derechos Humanos
184642,2023,Política y Economía,Derechas; Derechos Humanos; El Salvador; Internacional; Liberalismo; Seguridad,El Salvador
184642,2023,Política y Economía,Derechas; Derechos Humanos; El Salvador; Internacional; Liberalismo; Seguridad,Internacional
184642,2023,Política y Economía,Derechas; Derechos Humanos; El Salvador; Internacional; Liberalismo; Seguridad,Liberalismo
184642,2023,Política y Economía,Derechas; Derechos Humanos; El Salvador; Internacional; Liberalismo; Seguridad,Seguridad
184704,2023,Tecnologías,Inteligencia artificial,Inteligencia Artificial
184762,2023,Culturas,Cine; Zapping cultural,Cine
184762,2023,Culturas,Cine; Zapping cultural,Zapping Cultural
184848,2023,Culturas,Artes,Artes
184794,2023,Política y Economía,Patricia Bullrich; Seguridad; Sergio Berni,Patricia Bullrich
184794,2023,Política y Economía,Patricia Bullrich; Seguridad; Sergio Berni,Seguridad
184794,2023,Política y Economía,Patricia Bullrich; Seguridad; Sergio Berni,Sergio Berni
184837,2023,Culturas,Femicidios,Femicidios
184837,2023,Políticas de géneros,Femicidios,Femicidios
184892,2023,Política y Economía,Frente de Todos; Javier Milei; Peronismo,Frente De Todos
184892,2023,Política y Economía,Frente de Todos; Javier Milei; Peronismo,Javier Milei
184892,2023,Política y Economía,Frente de Todos; Javier Milei; Peronismo,Peronismo
184905,2023,Política y Economía,Crisis climática; Economía; Escuela IDAES; Glosario de la crisis,Crisis Climática
184905,2023,Política y Economía,Crisis climática; Economía; Escuela IDAES; Glosario de la crisis,Economía
184905,2023,Política y Economía,Crisis climática; Economía; Escuela IDAES; Glosario de la crisis,Escuela Idaes
184905,2023,Política y Economía,Crisis climática; Economía; Escuela IDAES; Glosario de la crisis,Glosario De La Crisis
184951,2023,Política y Economía,Derechas; Elecciones 2023; Escuela IDAES; Juntos por el cambio,Derechas
184951,2023,Política y Economía,Derechas; Elecciones 2023; Escuela IDAES; Juntos por el cambio,Elecciones 2023
184951,2023,Política y Economía,Derechas; Elecciones 2023; Escuela IDAES; Juntos por el cambio,Escuela Idaes
184951,2023,Política y Economía,Derechas; Elecciones 2023; Escuela IDAES; Juntos por el cambio,Juntos Por El Cambio
184992,2023,Culturas,Rosario; Rosariocronica; cultura; violencia narco,Rosario
184992,2023,Culturas,Rosario; Rosariocronica; cultura; violencia narco,Rosariocronica
184992,2023,Culturas,Rosario; Rosariocronica; cultura; violencia narco,Cultura
184992,2023,Culturas,Rosario; Rosariocronica; cultura; violencia narco,Violencia Narco
185038,2023,Política y Economía,Elecciones 2023; Política,Elecciones 2023
185038,2023,Política y Economía,Elecciones 2023; Política,Política
185054,2023,Tecnologías,Inteligencia artificial; Reproducción asistida,Inteligencia Artificial
185054,2023,Tecnologías,Inteligencia artificial; Reproducción asistida,Reproducción Asistida
185189,2023,Política y Economía,Glosario de la crisis,Glosario De La Crisis
185213,2023,Política y Economía,Alquileres; Inquilinxs; Ni Una Menos,Alquileres
185213,2023,Política y Economía,Alquileres; Inquilinxs; Ni Una Menos,Inquilinxs
185213,2023,Política y Economía,Alquileres; Inquilinxs; Ni Una Menos,Ni Una Menos
185357,2023,Culturas,Asociación del Fútbol Argentino; Fútbol; Mundial de fútbol; Qatar 2022; Selección Argentina,Asociación Del Fútbol Argentino
185357,2023,Culturas,Asociación del Fútbol Argentino; Fútbol; Mundial de fútbol; Qatar 2022; Selección Argentina,Fútbol
185357,2023,Culturas,Asociación del Fútbol Argentino; Fútbol; Mundial de fútbol; Qatar 2022; Selección Argentina,Mundial De Fútbol
185357,2023,Culturas,Asociación del Fútbol Argentino; Fútbol; Mundial de fútbol; Qatar 2022; Selección Argentina,Qatar 2022
185357,2023,Culturas,Asociación del Fútbol Argentino; Fútbol; Mundial de fútbol; Qatar 2022; Selección Argentina,Selección Argentina
185357,2023,Política y Economía,Asociación del Fútbol Argentino; Fútbol; Mundial de fútbol; Qatar 2022; Selección Argentina,Asociación Del Fútbol Argentino
185357,2023,Política y Economía,Asociación del Fútbol Argentino; Fútbol; Mundial de fútbol; Qatar 2022; Selección Argentina,Fútbol
185357,2023,Política y Economía,Asociación del Fútbol Argentino; Fútbol; Mundial de fútbol; Qatar 2022; Selección Argentina,Mundial De Fútbol
185357,2023,Política y Economía,Asociación del Fútbol Argentino; Fútbol; Mundial de fútbol; Qatar 2022; Selección Argentina,Qatar 2022
185357,2023,Política y Economía,Asociación del Fútbol Argentino; Fútbol; Mundial de fútbol; Qatar 2022; Selección Argentina,Selección Argentina
185503,2023,Política y Economía,Derechas; Internacional; Liberalismo; Paraguay,Derechas
185503,2023,Política y Economía,Derechas; Internacional; Liberalismo; Paraguay,Internacional
185503,2023,Política y Economía,Derechas; Internacional; Liberalismo; Paraguay,Liberalismo
185503,2023,Política y Economía,Derechas; Internacional; Liberalismo; Paraguay,Paraguay
185514,2023,Política y Economía,Francia; Internacional,Francia
185514,2023,Política y Economía,Francia; Internacional,Internacional
185095,2023,Política y Economía,Los Anteúltimos,Los Anteúltimos
185610,2023,Culturas,Fútbol; Internacional; Italia; Maradona,Fútbol
185610,2023,Culturas,Fútbol; Internacional; Italia; Maradona,Internacional
185610,2023,Culturas,Fútbol; Internacional; Italia; Maradona,Italia
185610,2023,Culturas,Fútbol; Internacional; Italia; Maradona,Maradona
185670,2023,Política y Economía,La Conversa,La Conversa
185696,2023,Política y Economía,7M; Nueva Constitución,7M
185696,2023,Política y Economía,7M; Nueva Constitución,Nueva Constitución
185100,2023,Política y Economía,Los Anteúltimos,Los Anteúltimos
185749,2023,Políticas de géneros,Feminismos; Punitivismo,Feminismos
185749,2023,Políticas de géneros,Feminismos; Punitivismo,Punitivismo
185090,2023,Política y Economía,Los Anteúltimos,Los Anteúltimos
185921,2023,Política y Economía,Feria del Libro; Periodismo; Política,Feria Del Libro
185921,2023,Política y Economía,Feria del Libro; Periodismo; Política,Periodismo
185921,2023,Política y Economía,Feria del Libro; Periodismo; Política,Política
185961,2023,Culturas,Holocausto; Internacional; No ficción; Paco Ignacio Taibo II,Holocausto
185961,2023,Culturas,Holocausto; Internacional; No ficción; Paco Ignacio Taibo II,Internacional
185961,2023,Culturas,Holocausto; Internacional; No ficción; Paco Ignacio Taibo II,No Ficción
185961,2023,Culturas,Holocausto; Internacional; No ficción; Paco Ignacio Taibo II,Paco Ignacio Taibo Ii
122752,2023,Culturas,Fútbol; Uruguay,Fútbol
122752,2023,Culturas,Fútbol; Uruguay,Uruguay
186026,2023,Culturas,Buenos Aires; Fiesta anfibia; Música electrónica,Buenos Aires
186026,2023,Culturas,Buenos Aires; Fiesta anfibia; Música electrónica,Fiesta Anfibia
186026,2023,Culturas,Buenos Aires; Fiesta anfibia; Música electrónica,Música Electrónica
186058,2023,Política y Economía,Espionaje,Espionaje
186118,2023,Políticas de géneros,Cupo laboral trans; Encuesta De qué viven; LGBT,Cupo Laboral Trans
186118,2023,Políticas de géneros,Cupo laboral trans; Encuesta De qué viven; LGBT,Encuesta De Qué Viven
186118,2023,Políticas de géneros,Cupo laboral trans; Encuesta De qué viven; LGBT,Lgbt
185787,2023,Política y Economía,Mitos impuestos,Mitos Impuestos
185781,2023,Política y Economía,Mitos impuestos,Mitos Impuestos
185778,2023,Política y Economía,Mitos impuestos,Mitos Impuestos
186222,2023,Política y Economía,CFK; Elecciones 2023,Cfk
186222,2023,Política y Economía,CFK; Elecciones 2023,Elecciones 2023
185766,2023,Política y Economía,Mitos impuestos,Mitos Impuestos
185763,2023,Política y Economía,Mitos impuestos,Mitos Impuestos
185743,2023,Política y Economía,Mitos impuestos,Mitos Impuestos
185740,2023,Política y Economía,Mitos impuestos,Mitos Impuestos
185737,2023,Política y Economía,Mitos impuestos,Mitos Impuestos
185730,2023,Política y Economía,Mitos impuestos,Mitos Impuestos
185727,2023,Política y Economía,Mitos impuestos,Mitos Impuestos
186277,2023,Política y Economía,Mitos impuestos,Mitos Impuestos
184927,2023,Política y Economía,Los Anteúltimos,Los Anteúltimos
186317,2023,Culturas,Pop; Zapping cultural,Pop
186317,2023,Culturas,Pop; Zapping cultural,Zapping Cultural
153483,2023,Política y Economía,Alberto Fernández; Racismo en Argentina,Alberto Fernández
153483,2023,Política y Economía,Alberto Fernández; Racismo en Argentina,Racismo En Argentina
154713,2023,Política y Economía,LEDA-UNSAM; UNSAM,Leda-Unsam
154713,2023,Política y Economía,LEDA-UNSAM; UNSAM,Unsam
185153,2023,Política y Economía,Escritura,Escritura
186375,2023,Culturas,Globos de Oro; HBO; Medios de comunicación; Series; Zapping cultural,Globos De Oro
186375,2023,Culturas,Globos de Oro; HBO; Medios de comunicación; Series; Zapping cultural,Hbo
186375,2023,Culturas,Globos de Oro; HBO; Medios de comunicación; Series; Zapping cultural,Medios De Comunicación
186375,2023,Culturas,Globos de Oro; HBO; Medios de comunicación; Series; Zapping cultural,Series
186375,2023,Culturas,Globos de Oro; HBO; Medios de comunicación; Series; Zapping cultural,Zapping Cultural
186398,2023,Culturas,España; Fútbol; Internacional,España
186398,2023,Culturas,España; Fútbol; Internacional,Fútbol
186398,2023,Culturas,España; Fútbol; Internacional,Internacional
186442,2023,Política y Economía,Elecciones 2023; UNSAM,Elecciones 2023
186442,2023,Política y Economía,Elecciones 2023; UNSAM,Unsam
186467,2023,Política y Economía,Elecciones 2023; La Cámpora; Política; Wado de Pedro,Elecciones 2023
186467,2023,Política y Economía,Elecciones 2023; La Cámpora; Política; Wado de Pedro,La Cámpora
186467,2023,Política y Economía,Elecciones 2023; La Cámpora; Política; Wado de Pedro,Política
186467,2023,Política y Economía,Elecciones 2023; La Cámpora; Política; Wado de Pedro,Wado De Pedro
186574,2023,Otras,Feminismos; Territorio Educativo,Feminismos
186574,2023,Otras,Feminismos; Territorio Educativo,Territorio Educativo
186553,2023,Otras,Territorio Educativo,Territorio Educativo
186534,2023,Otras,Barrio Carcova; Medioambiente; Territorio Educativo,Barrio Carcova
186534,2023,Otras,Barrio Carcova; Medioambiente; Territorio Educativo,Medioambiente
186534,2023,Otras,Barrio Carcova; Medioambiente; Territorio Educativo,Territorio Educativo
186582,2023,Otras,Territorio Educativo,Territorio Educativo
186548,2023,Otras,Territorio Educativo,Territorio Educativo
186560,2023,Otras,Artes; Barrio Carcova; Territorio Educativo,Artes
186560,2023,Otras,Artes; Barrio Carcova; Territorio Educativo,Barrio Carcova
186560,2023,Otras,Artes; Barrio Carcova; Territorio Educativo,Territorio Educativo
186561,2023,Culturas,Territorio Educativo; UNSAM,Territorio Educativo
186561,2023,Culturas,Territorio Educativo; UNSAM,Unsam
186561,2023,Educación,Territorio Educativo; UNSAM,Territorio Educativo
186561,2023,Educación,Territorio Educativo; UNSAM,Unsam
186561,2023,Política y Economía,Territorio Educativo; UNSAM,Territorio Educativo
186561,2023,Política y Economía,Territorio Educativo; UNSAM,Unsam
186573,2023,Otras,Cárceles; Territorio Educativo,Cárceles
186573,2023,Otras,Cárceles; Territorio Educativo,Territorio Educativo
186832,2023,Ambiente,Derechos Humanos; Recursos naturales,Derechos Humanos
186832,2023,Ambiente,Derechos Humanos; Recursos naturales,Recursos Naturales
186832,2023,Política y Economía,Derechos Humanos; Recursos naturales,Derechos Humanos
186832,2023,Política y Economía,Derechos Humanos; Recursos naturales,Recursos Naturales
187095,2023,Política y Economía,Docentes; Jujuy; Pueblos originarios; Represión,Docentes
187095,2023,Política y Economía,Docentes; Jujuy; Pueblos originarios; Represión,Jujuy
187095,2023,Política y Economía,Docentes; Jujuy; Pueblos originarios; Represión,Pueblos Originarios
187095,2023,Política y Economía,Docentes; Jujuy; Pueblos originarios; Represión,Represión
186791,2023,Culturas,Laboratorio de No Ficción Creativa; Libros; Literatura,Laboratorio De No Ficción Creativa
186791,2023,Culturas,Laboratorio de No Ficción Creativa; Libros; Literatura,Libros
186791,2023,Culturas,Laboratorio de No Ficción Creativa; Libros; Literatura,Literatura
188020,2023,Política y Economía,Cuba; Internacional; Laboratorio de No Ficción Creativa,Cuba
188020,2023,Política y Economía,Cuba; Internacional; Laboratorio de No Ficción Creativa,Internacional
188020,2023,Política y Economía,Cuba; Internacional; Laboratorio de No Ficción Creativa,Laboratorio De No Ficción Creativa
187103,2023,Política y Economía,Cuba; Internacional; Laboratorio de No Ficción Creativa; Maternidades,Cuba
187103,2023,Política y Economía,Cuba; Internacional; Laboratorio de No Ficción Creativa; Maternidades,Internacional
187103,2023,Política y Economía,Cuba; Internacional; Laboratorio de No Ficción Creativa; Maternidades,Laboratorio De No Ficción Creativa
187103,2023,Política y Economía,Cuba; Internacional; Laboratorio de No Ficción Creativa; Maternidades,Maternidades
186725,2023,Culturas,Cuba; España; Exilio; Filosofía; Internacional; Laboratorio de No Ficción Creativa,Cuba
186725,2023,Culturas,Cuba; España; Exilio; Filosofía; Internacional; Laboratorio de No Ficción Creativa,España
186725,2023,Culturas,Cuba; España; Exilio; Filosofía; Internacional; Laboratorio de No Ficción Creativa,Exilio
186725,2023,Culturas,Cuba; España; Exilio; Filosofía; Internacional; Laboratorio de No Ficción Creativa,Filosofía
186725,2023,Culturas,Cuba; España; Exilio; Filosofía; Internacional; Laboratorio de No Ficción Creativa,Internacional
186725,2023,Culturas,Cuba; España; Exilio; Filosofía; Internacional; Laboratorio de No Ficción Creativa,Laboratorio De No Ficción Creativa
187273,2023,Políticas de géneros,Feminismos; Identidades no binarias; Internacional; LGBTIQ+; Laboratorio de No Ficción Creativa; México,Feminismos
187273,2023,Políticas de géneros,Feminismos; Identidades no binarias; Internacional; LGBTIQ+; Laboratorio de No Ficción Creativa; México,Identidades No Binarias
187273,2023,Políticas de géneros,Feminismos; Identidades no binarias; Internacional; LGBTIQ+; Laboratorio de No Ficción Creativa; México,Internacional
187273,2023,Políticas de géneros,Feminismos; Identidades no binarias; Internacional; LGBTIQ+; Laboratorio de No Ficción Creativa; México,Lgbtiq+
187273,2023,Políticas de géneros,Feminismos; Identidades no binarias; Internacional; LGBTIQ+; Laboratorio de No Ficción Creativa; México,Laboratorio De No Ficción Creativa
187273,2023,Políticas de géneros,Feminismos; Identidades no binarias; Internacional; LGBTIQ+; Laboratorio de No Ficción Creativa; México,México
186802,2023,Culturas,Drogas; LSD; Laboratorio de No Ficción Creativa,Drogas
186802,2023,Culturas,Drogas; LSD; Laboratorio de No Ficción Creativa,Lsd
186802,2023,Culturas,Drogas; LSD; Laboratorio de No Ficción Creativa,Laboratorio De No Ficción Creativa
187383,2023,Culturas,Guatemala; Internacional; Justicia; Laboratorio de No Ficción Creativa; crimen,Guatemala
187383,2023,Culturas,Guatemala; Internacional; Justicia; Laboratorio de No Ficción Creativa; crimen,Internacional
187383,2023,Culturas,Guatemala; Internacional; Justicia; Laboratorio de No Ficción Creativa; crimen,Justicia
187383,2023,Culturas,Guatemala; Internacional; Justicia; Laboratorio de No Ficción Creativa; crimen,Laboratorio De No Ficción Creativa
187383,2023,Culturas,Guatemala; Internacional; Justicia; Laboratorio de No Ficción Creativa; crimen,Crimen
186987,2023,Culturas,Cuba; Internacional; Juventudes; Laboratorio de No Ficción Creativa; Música; Trap,Cuba
186987,2023,Culturas,Cuba; Internacional; Juventudes; Laboratorio de No Ficción Creativa; Música; Trap,Internacional
186987,2023,Culturas,Cuba; Internacional; Juventudes; Laboratorio de No Ficción Creativa; Música; Trap,Juventudes
186987,2023,Culturas,Cuba; Internacional; Juventudes; Laboratorio de No Ficción Creativa; Música; Trap,Laboratorio De No Ficción Creativa
186987,2023,Culturas,Cuba; Internacional; Juventudes; Laboratorio de No Ficción Creativa; Música; Trap,Música
186987,2023,Culturas,Cuba; Internacional; Juventudes; Laboratorio de No Ficción Creativa; Música; Trap,Trap
187213,2023,Culturas,Cuba; Internacional; Laboratorio de No Ficción Creativa; Racismo,Cuba
187213,2023,Culturas,Cuba; Internacional; Laboratorio de No Ficción Creativa; Racismo,Internacional
187213,2023,Culturas,Cuba; Internacional; Laboratorio de No Ficción Creativa; Racismo,Laboratorio De No Ficción Creativa
187213,2023,Culturas,Cuba; Internacional; Laboratorio de No Ficción Creativa; Racismo,Racismo
186780,2023,Política y Economía,Internacional; Laboratorio de No Ficción Creativa; México,Internacional
186780,2023,Política y Economía,Internacional; Laboratorio de No Ficción Creativa; México,Laboratorio De No Ficción Creativa
186780,2023,Política y Economía,Internacional; Laboratorio de No Ficción Creativa; México,México
186734,2023,Culturas,Cuba; Internacional; Laboratorio de No Ficción Creativa; Paternidades,Cuba
186734,2023,Culturas,Cuba; Internacional; Laboratorio de No Ficción Creativa; Paternidades,Internacional
186734,2023,Culturas,Cuba; Internacional; Laboratorio de No Ficción Creativa; Paternidades,Laboratorio De No Ficción Creativa
186734,2023,Culturas,Cuba; Internacional; Laboratorio de No Ficción Creativa; Paternidades,Paternidades
186734,2023,Política y Economía,Cuba; Internacional; Laboratorio de No Ficción Creativa; Paternidades,Cuba
186734,2023,Política y Economía,Cuba; Internacional; Laboratorio de No Ficción Creativa; Paternidades,Internacional
186734,2023,Política y Economía,Cuba; Internacional; Laboratorio de No Ficción Creativa; Paternidades,Laboratorio De No Ficción Creativa
186734,2023,Política y Economía,Cuba; Internacional; Laboratorio de No Ficción Creativa; Paternidades,Paternidades
186738,2023,Culturas,Colombia; Internacional; Laboratorio de No Ficción Creativa; Violencias,Colombia
186738,2023,Culturas,Colombia; Internacional; Laboratorio de No Ficción Creativa; Violencias,Internacional
186738,2023,Culturas,Colombia; Internacional; Laboratorio de No Ficción Creativa; Violencias,Laboratorio De No Ficción Creativa
186738,2023,Culturas,Colombia; Internacional; Laboratorio de No Ficción Creativa; Violencias,Violencias
186790,2023,Salud,Depresión; Internacional; Laboratorio de No Ficción Creativa; Suicidios; Uruguay,Depresión
186790,2023,Salud,Depresión; Internacional; Laboratorio de No Ficción Creativa; Suicidios; Uruguay,Internacional
186790,2023,Salud,Depresión; Internacional; Laboratorio de No Ficción Creativa; Suicidios; Uruguay,Laboratorio De No Ficción Creativa
186790,2023,Salud,Depresión; Internacional; Laboratorio de No Ficción Creativa; Suicidios; Uruguay,Suicidios
186790,2023,Salud,Depresión; Internacional; Laboratorio de No Ficción Creativa; Suicidios; Uruguay,Uruguay
186687,2023,Política y Economía,Cuba; Exilio; Internacional; Laboratorio de No Ficción Creativa,Cuba
186687,2023,Política y Economía,Cuba; Exilio; Internacional; Laboratorio de No Ficción Creativa,Exilio
186687,2023,Política y Economía,Cuba; Exilio; Internacional; Laboratorio de No Ficción Creativa,Internacional
186687,2023,Política y Economía,Cuba; Exilio; Internacional; Laboratorio de No Ficción Creativa,Laboratorio De No Ficción Creativa
186766,2023,Política y Economía,Argentina; Internacional; Laboratorio de No Ficción Creativa; Opus Dei,Argentina
186766,2023,Política y Economía,Argentina; Internacional; Laboratorio de No Ficción Creativa; Opus Dei,Internacional
186766,2023,Política y Economía,Argentina; Internacional; Laboratorio de No Ficción Creativa; Opus Dei,Laboratorio De No Ficción Creativa
186766,2023,Política y Economía,Argentina; Internacional; Laboratorio de No Ficción Creativa; Opus Dei,Opus Dei
187516,2023,Política y Economía,Jujuy; Pueblos originarios; Represión,Jujuy
187516,2023,Política y Economía,Jujuy; Pueblos originarios; Represión,Pueblos Originarios
187516,2023,Política y Economía,Jujuy; Pueblos originarios; Represión,Represión
187597,2023,Otras,Cristina Fernández de Kirchner; Elecciones 2023; Peronismo; Sergio Massa,Cristina Fernández De Kirchner
187597,2023,Otras,Cristina Fernández de Kirchner; Elecciones 2023; Peronismo; Sergio Massa,Elecciones 2023
187597,2023,Otras,Cristina Fernández de Kirchner; Elecciones 2023; Peronismo; Sergio Massa,Peronismo
187597,2023,Otras,Cristina Fernández de Kirchner; Elecciones 2023; Peronismo; Sergio Massa,Sergio Massa
187738,2023,Política y Economía,Elecciones 2023; Juan Grabois; Peronismo; Sergio Massa; Unión por la Patria,Elecciones 2023
187738,2023,Política y Economía,Elecciones 2023; Juan Grabois; Peronismo; Sergio Massa; Unión por la Patria,Juan Grabois
187738,2023,Política y Economía,Elecciones 2023; Juan Grabois; Peronismo; Sergio Massa; Unión por la Patria,Peronismo
187738,2023,Política y Economía,Elecciones 2023; Juan Grabois; Peronismo; Sergio Massa; Unión por la Patria,Sergio Massa
187738,2023,Política y Economía,Elecciones 2023; Juan Grabois; Peronismo; Sergio Massa; Unión por la Patria,Unión Por La Patria
187782,2023,Culturas,Netflix; Series; Televisión; Zapping cultural,Netflix
187782,2023,Culturas,Netflix; Series; Televisión; Zapping cultural,Series
187782,2023,Culturas,Netflix; Series; Televisión; Zapping cultural,Televisión
187782,2023,Culturas,Netflix; Series; Televisión; Zapping cultural,Zapping Cultural
187832,2023,Política y Economía,Libros,Libros
187865,2023,Culturas,Artes; Fito Páez; Performance; Zapping cultural,Artes
187865,2023,Culturas,Artes; Fito Páez; Performance; Zapping cultural,Fito Páez
187865,2023,Culturas,Artes; Fito Páez; Performance; Zapping cultural,Performance
187865,2023,Culturas,Artes; Fito Páez; Performance; Zapping cultural,Zapping Cultural
187999,2023,Política y Economía,Derechas; Elecciones 2023; Javier Milei; Juventudes,Derechas
187999,2023,Política y Economía,Derechas; Elecciones 2023; Javier Milei; Juventudes,Elecciones 2023
187999,2023,Política y Economía,Derechas; Elecciones 2023; Javier Milei; Juventudes,Javier Milei
187999,2023,Política y Economía,Derechas; Elecciones 2023; Javier Milei; Juventudes,Juventudes
188051,2023,Políticas de géneros,8M; Feminismos; Ni Una Menos,8M
188051,2023,Políticas de géneros,8M; Feminismos; Ni Una Menos,Feminismos
188051,2023,Políticas de géneros,8M; Feminismos; Ni Una Menos,Ni Una Menos
188080,2023,Políticas de géneros,Feminismos; Violencia de género; Violencias,Feminismos
188080,2023,Políticas de géneros,Feminismos; Violencia de género; Violencias,Violencia De Género
188080,2023,Políticas de géneros,Feminismos; Violencia de género; Violencias,Violencias
188191,2023,Política y Economía,Elecciones 2023; Jujuy; Litio; Pueblos originarios,Elecciones 2023
188191,2023,Política y Economía,Elecciones 2023; Jujuy; Litio; Pueblos originarios,Jujuy
188191,2023,Política y Economía,Elecciones 2023; Jujuy; Litio; Pueblos originarios,Litio
188191,2023,Política y Economía,Elecciones 2023; Jujuy; Litio; Pueblos originarios,Pueblos Originarios
188142,2023,Política y Economía,Elecciones 2023; Juntos por el cambio; Peronismo; Rosario; Rosariocronica; Santa Fe,Elecciones 2023
188142,2023,Política y Economía,Elecciones 2023; Juntos por el cambio; Peronismo; Rosario; Rosariocronica; Santa Fe,Juntos Por El Cambio
188142,2023,Política y Economía,Elecciones 2023; Juntos por el cambio; Peronismo; Rosario; Rosariocronica; Santa Fe,Peronismo
188142,2023,Política y Economía,Elecciones 2023; Juntos por el cambio; Peronismo; Rosario; Rosariocronica; Santa Fe,Rosario
188142,2023,Política y Economía,Elecciones 2023; Juntos por el cambio; Peronismo; Rosario; Rosariocronica; Santa Fe,Rosariocronica
188142,2023,Política y Economía,Elecciones 2023; Juntos por el cambio; Peronismo; Rosario; Rosariocronica; Santa Fe,Santa Fe
188183,2023,Política y Economía,Chile; Derechos Humanos; Internacional,Chile
188183,2023,Política y Economía,Chile; Derechos Humanos; Internacional,Derechos Humanos
188183,2023,Política y Economía,Chile; Derechos Humanos; Internacional,Internacional
188213,2023,Política y Economía,Alquileres; CABA; Elecciones 2023,Alquileres
188213,2023,Política y Economía,Alquileres; CABA; Elecciones 2023,Caba
188213,2023,Política y Economía,Alquileres; CABA; Elecciones 2023,Elecciones 2023
188233,2023,Culturas,Feminismos; Fútbol; Fútbol femenino; Mundial femenino de fútbol,Feminismos
188233,2023,Culturas,Feminismos; Fútbol; Fútbol femenino; Mundial femenino de fútbol,Fútbol
188233,2023,Culturas,Feminismos; Fútbol; Fútbol femenino; Mundial femenino de fútbol,Fútbol Femenino
188233,2023,Culturas,Feminismos; Fútbol; Fútbol femenino; Mundial femenino de fútbol,Mundial Femenino De Fútbol
188267,2023,Culturas,Cine; Globos de Oro; Zapping cultural,Cine
188267,2023,Culturas,Cine; Globos de Oro; Zapping cultural,Globos De Oro
188267,2023,Culturas,Cine; Globos de Oro; Zapping cultural,Zapping Cultural
188286,2023,Política y Economía,Derechas; Elecciones; España; Internacional; Izquierdas,Derechas
188286,2023,Política y Economía,Derechas; Elecciones; España; Internacional; Izquierdas,Elecciones
188286,2023,Política y Economía,Derechas; Elecciones; España; Internacional; Izquierdas,España
188286,2023,Política y Economía,Derechas; Elecciones; España; Internacional; Izquierdas,Internacional
188286,2023,Política y Economía,Derechas; Elecciones; España; Internacional; Izquierdas,Izquierdas
188320,2023,Política y Economía,Derechas; Elecciones 2023; Javier Milei; Liberalismo,Derechas
188320,2023,Política y Economía,Derechas; Elecciones 2023; Javier Milei; Liberalismo,Elecciones 2023
188320,2023,Política y Economía,Derechas; Elecciones 2023; Javier Milei; Liberalismo,Javier Milei
188320,2023,Política y Economía,Derechas; Elecciones 2023; Javier Milei; Liberalismo,Liberalismo
188334,2023,Culturas,Feminismos; Fútbol; Fútbol femenino; Mundial femenino de fútbol,Feminismos
188334,2023,Culturas,Feminismos; Fútbol; Fútbol femenino; Mundial femenino de fútbol,Fútbol
188334,2023,Culturas,Feminismos; Fútbol; Fútbol femenino; Mundial femenino de fútbol,Fútbol Femenino
188334,2023,Culturas,Feminismos; Fútbol; Fútbol femenino; Mundial femenino de fútbol,Mundial Femenino De Fútbol
188377,2023,Culturas,Barbie; Cine; Feminismos; Globos de Oro; Zapping cultural,Barbie
188377,2023,Culturas,Barbie; Cine; Feminismos; Globos de Oro; Zapping cultural,Cine
188377,2023,Culturas,Barbie; Cine; Feminismos; Globos de Oro; Zapping cultural,Feminismos
188377,2023,Culturas,Barbie; Cine; Feminismos; Globos de Oro; Zapping cultural,Globos De Oro
188377,2023,Culturas,Barbie; Cine; Feminismos; Globos de Oro; Zapping cultural,Zapping Cultural
188408,2023,Culturas,Aira; Crónica; Libros,Aira
188408,2023,Culturas,Aira; Crónica; Libros,Crónica
188408,2023,Culturas,Aira; Crónica; Libros,Libros
188401,2023,Culturas,Crónica; Libros,Crónica
188401,2023,Culturas,Crónica; Libros,Libros
188452,2023,Culturas,Feminismos; Fútbol; Fútbol femenino; Mundial femenino de fútbol,Feminismos
188452,2023,Culturas,Feminismos; Fútbol; Fútbol femenino; Mundial femenino de fútbol,Fútbol
188452,2023,Culturas,Feminismos; Fútbol; Fútbol femenino; Mundial femenino de fútbol,Fútbol Femenino
188452,2023,Culturas,Feminismos; Fútbol; Fútbol femenino; Mundial femenino de fútbol,Mundial Femenino De Fútbol
188492,2023,Política y Economía,Gastronomía; Historia; Palermo,Gastronomía
188492,2023,Política y Economía,Gastronomía; Historia; Palermo,Historia
188492,2023,Política y Economía,Gastronomía; Historia; Palermo,Palermo
188525,2023,Política y Economía,Crisis; Economía,Crisis
188525,2023,Política y Economía,Crisis; Economía,Economía
76575,2023,Política y Economía,Izquierdas; Marxismo,Izquierdas
76575,2023,Política y Economía,Izquierdas; Marxismo,Marxismo
188568,2023,Culturas,Artes; Libros,Artes
188568,2023,Culturas,Artes; Libros,Libros
188601,2023,Política y Economía,Lanús; Medios de comunicación; Policiales; Seguridad,Lanús
188601,2023,Política y Economía,Lanús; Medios de comunicación; Policiales; Seguridad,Medios De Comunicación
188601,2023,Política y Economía,Lanús; Medios de comunicación; Policiales; Seguridad,Policiales
188601,2023,Política y Economía,Lanús; Medios de comunicación; Policiales; Seguridad,Seguridad
188621,2023,Política y Economía,Derechas; Elecciones 2023; Juntos por el cambio; Trabajo,Derechas
188621,2023,Política y Economía,Derechas; Elecciones 2023; Juntos por el cambio; Trabajo,Elecciones 2023
188621,2023,Política y Economía,Derechas; Elecciones 2023; Juntos por el cambio; Trabajo,Juntos Por El Cambio
188621,2023,Política y Economía,Derechas; Elecciones 2023; Juntos por el cambio; Trabajo,Trabajo
188663,2023,Política y Economía,Derechas; Elecciones 2023; Javier Milei; Juntos por el cambio; LEDA-UNSAM; Peronismo,Derechas
188663,2023,Política y Economía,Derechas; Elecciones 2023; Javier Milei; Juntos por el cambio; LEDA-UNSAM; Peronismo,Elecciones 2023
188663,2023,Política y Economía,Derechas; Elecciones 2023; Javier Milei; Juntos por el cambio; LEDA-UNSAM; Peronismo,Javier Milei
188663,2023,Política y Economía,Derechas; Elecciones 2023; Javier Milei; Juntos por el cambio; LEDA-UNSAM; Peronismo,Juntos Por El Cambio
188663,2023,Política y Economía,Derechas; Elecciones 2023; Javier Milei; Juntos por el cambio; LEDA-UNSAM; Peronismo,Leda-Unsam
188663,2023,Política y Economía,Derechas; Elecciones 2023; Javier Milei; Juntos por el cambio; LEDA-UNSAM; Peronismo,Peronismo
188709,2023,Política y Economía,Derechas; Elecciones 2023; Horacio Rodríguez Larreta; Juntos por el cambio; Patricia Bullrich,Derechas
188709,2023,Política y Economía,Derechas; Elecciones 2023; Horacio Rodríguez Larreta; Juntos por el cambio; Patricia Bullrich,Elecciones 2023
188709,2023,Política y Economía,Derechas; Elecciones 2023; Horacio Rodríguez Larreta; Juntos por el cambio; Patricia Bullrich,Horacio Rodríguez Larreta
188709,2023,Política y Economía,Derechas; Elecciones 2023; Horacio Rodríguez Larreta; Juntos por el cambio; Patricia Bullrich,Juntos Por El Cambio
188709,2023,Política y Economía,Derechas; Elecciones 2023; Horacio Rodríguez Larreta; Juntos por el cambio; Patricia Bullrich,Patricia Bullrich
188723,2023,Política y Economía,Derechas; Elecciones 2023; Javier Milei; Peronismo; Sergio Massa; Unión por la Patria,Derechas
188723,2023,Política y Economía,Derechas; Elecciones 2023; Javier Milei; Peronismo; Sergio Massa; Unión por la Patria,Elecciones 2023
188723,2023,Política y Economía,Derechas; Elecciones 2023; Javier Milei; Peronismo; Sergio Massa; Unión por la Patria,Javier Milei
188723,2023,Política y Economía,Derechas; Elecciones 2023; Javier Milei; Peronismo; Sergio Massa; Unión por la Patria,Peronismo
188723,2023,Política y Economía,Derechas; Elecciones 2023; Javier Milei; Peronismo; Sergio Massa; Unión por la Patria,Sergio Massa
188723,2023,Política y Economía,Derechas; Elecciones 2023; Javier Milei; Peronismo; Sergio Massa; Unión por la Patria,Unión Por La Patria
188734,2023,Política y Economía,Derechas; Elecciones 2023; Javier Milei; LEDA-UNSAM,Derechas
188734,2023,Política y Economía,Derechas; Elecciones 2023; Javier Milei; LEDA-UNSAM,Elecciones 2023
188734,2023,Política y Economía,Derechas; Elecciones 2023; Javier Milei; LEDA-UNSAM,Javier Milei
188734,2023,Política y Economía,Derechas; Elecciones 2023; Javier Milei; LEDA-UNSAM,Leda-Unsam
188769,2023,Política y Economía,CABA; Elecciones 2023; Escuela IDAES; Peronismo,Caba
188769,2023,Política y Economía,CABA; Elecciones 2023; Escuela IDAES; Peronismo,Elecciones 2023
188769,2023,Política y Economía,CABA; Elecciones 2023; Escuela IDAES; Peronismo,Escuela Idaes
188769,2023,Política y Economía,CABA; Elecciones 2023; Escuela IDAES; Peronismo,Peronismo
188802,2023,Política y Economía,Elecciones 2023; Javier Milei,Elecciones 2023
188802,2023,Política y Economía,Elecciones 2023; Javier Milei,Javier Milei
188851,2023,Política y Economía,Ciencia; Cine; Energía nuclear; Estados Unidos,Ciencia
188851,2023,Política y Economía,Ciencia; Cine; Energía nuclear; Estados Unidos,Cine
188851,2023,Política y Economía,Ciencia; Cine; Energía nuclear; Estados Unidos,Energía Nuclear
188851,2023,Política y Economía,Ciencia; Cine; Energía nuclear; Estados Unidos,Estados Unidos
188897,2023,Culturas,Carrouselrosario; Folclore; Música; Rosario,Carrouselrosario
188897,2023,Culturas,Carrouselrosario; Folclore; Música; Rosario,Folclore
188897,2023,Culturas,Carrouselrosario; Folclore; Música; Rosario,Música
188897,2023,Culturas,Carrouselrosario; Folclore; Música; Rosario,Rosario
188909,2023,Política y Economía,avina; chilemixto,Avina
188909,2023,Política y Economía,avina; chilemixto,Chilemixto
188925,2023,Política y Economía,Brasil; Internacional; UNSAM,Brasil
188925,2023,Política y Economía,Brasil; Internacional; UNSAM,Internacional
188925,2023,Política y Economía,Brasil; Internacional; UNSAM,Unsam
188966,2023,Educación,UNSAM; Universidad pública,Unsam
188966,2023,Educación,UNSAM; Universidad pública,Universidad Pública
189072,2023,Salud,Ley de Etiquetado; Podcast,Ley De Etiquetado
189072,2023,Salud,Ley de Etiquetado; Podcast,Podcast
189161,2023,Culturas,ARTLAB; Arte digital; Tecnologías; arteba,Artlab
189161,2023,Culturas,ARTLAB; Arte digital; Tecnologías; arteba,Arte Digital
189161,2023,Culturas,ARTLAB; Arte digital; Tecnologías; arteba,Tecnologías
189161,2023,Culturas,ARTLAB; Arte digital; Tecnologías; arteba,Arteba
188987,2023,Otras,Derechos Humanos; Dictadura; ESMA; Internacional,Derechos Humanos
188987,2023,Otras,Derechos Humanos; Dictadura; ESMA; Internacional,Dictadura
188987,2023,Otras,Derechos Humanos; Dictadura; ESMA; Internacional,Esma
188987,2023,Otras,Derechos Humanos; Dictadura; ESMA; Internacional,Internacional
181985,2023,Política y Economía,Atentado a Cristina; Cristina Fernández de Kirchner; Poder Judicial,Atentado A Cristina
181985,2023,Política y Economía,Atentado a Cristina; Cristina Fernández de Kirchner; Poder Judicial,Cristina Fernández De Kirchner
181985,2023,Política y Economía,Atentado a Cristina; Cristina Fernández de Kirchner; Poder Judicial,Poder Judicial
179318,2023,Política y Economía,Atentado a Cristina; Peronismo,Atentado A Cristina
179318,2023,Política y Economía,Atentado a Cristina; Peronismo,Peronismo
179394,2023,Política y Economía,Atentado a Cristina; Liberalismo; Revolución Federal,Atentado A Cristina
179394,2023,Política y Economía,Atentado a Cristina; Liberalismo; Revolución Federal,Liberalismo
179394,2023,Política y Economía,Atentado a Cristina; Liberalismo; Revolución Federal,Revolución Federal
189214,2023,Culturas,Racismo,Racismo
174121,2023,Políticas de géneros,Moria Casán; Shakespeare; Teatro; Zapping cultural,Moria Casán
174121,2023,Políticas de géneros,Moria Casán; Shakespeare; Teatro; Zapping cultural,Shakespeare
174121,2023,Políticas de géneros,Moria Casán; Shakespeare; Teatro; Zapping cultural,Teatro
174121,2023,Políticas de géneros,Moria Casán; Shakespeare; Teatro; Zapping cultural,Zapping Cultural
189287,2023,Otras,Moria Casán; Podcast,Moria Casán
189287,2023,Otras,Moria Casán; Podcast,Podcast
189258,2023,Política y Economía,BRICS; China; Estados Unidos; Internacional,Brics
189258,2023,Política y Economía,BRICS; China; Estados Unidos; Internacional,China
189258,2023,Política y Economía,BRICS; China; Estados Unidos; Internacional,Estados Unidos
189258,2023,Política y Economía,BRICS; China; Estados Unidos; Internacional,Internacional
189306,2023,Política y Economía,Derechos Humanos; Libros,Derechos Humanos
189306,2023,Política y Economía,Derechos Humanos; Libros,Libros
189317,2023,Política y Economía,Ciencia; Elecciones 2023; Javier Milei,Ciencia
189317,2023,Política y Economía,Ciencia; Elecciones 2023; Javier Milei,Elecciones 2023
189317,2023,Política y Economía,Ciencia; Elecciones 2023; Javier Milei,Javier Milei
189317,2023,Tecnologías,Ciencia; Elecciones 2023; Javier Milei,Ciencia
189317,2023,Tecnologías,Ciencia; Elecciones 2023; Javier Milei,Elecciones 2023
189317,2023,Tecnologías,Ciencia; Elecciones 2023; Javier Milei,Javier Milei
189351,2023,Culturas,Libros; Zapping cultural,Libros
189351,2023,Culturas,Libros; Zapping cultural,Zapping Cultural
189378,2023,Política y Economía,Chile; Derechos Humanos; Dictadura; Internacional; Negacionismo,Chile
189378,2023,Política y Economía,Chile; Derechos Humanos; Dictadura; Internacional; Negacionismo,Derechos Humanos
189378,2023,Política y Economía,Chile; Derechos Humanos; Dictadura; Internacional; Negacionismo,Dictadura
189378,2023,Política y Economía,Chile; Derechos Humanos; Dictadura; Internacional; Negacionismo,Internacional
189378,2023,Política y Economía,Chile; Derechos Humanos; Dictadura; Internacional; Negacionismo,Negacionismo
189394,2023,Política y Economía,Archivos Puga; Dictadura,Archivos Puga
189394,2023,Política y Economía,Archivos Puga; Dictadura,Dictadura
189421,2023,Otras,Cine; Moria Casán; Zapping cultural,Cine
189421,2023,Otras,Cine; Moria Casán; Zapping cultural,Moria Casán
189421,2023,Otras,Cine; Moria Casán; Zapping cultural,Zapping Cultural
189601,2023,Política y Economía,Agua; Ambientalismo; Democracia; Litio,Agua
189601,2023,Política y Economía,Agua; Ambientalismo; Democracia; Litio,Ambientalismo
189601,2023,Política y Economía,Agua; Ambientalismo; Democracia; Litio,Democracia
189601,2023,Política y Economía,Agua; Ambientalismo; Democracia; Litio,Litio
189813,2023,Tecnologías,Ficción; Inteligencia artificial,Ficción
189813,2023,Tecnologías,Ficción; Inteligencia artificial,Inteligencia Artificial
189917,2023,Política y Economía,Elecciones 2023; Hegemonía; Javier Milei; Juntos por el cambio; Peronismo; Progresismo,Elecciones 2023
189917,2023,Política y Economía,Elecciones 2023; Hegemonía; Javier Milei; Juntos por el cambio; Peronismo; Progresismo,Hegemonía
189917,2023,Política y Economía,Elecciones 2023; Hegemonía; Javier Milei; Juntos por el cambio; Peronismo; Progresismo,Javier Milei
189917,2023,Política y Economía,Elecciones 2023; Hegemonía; Javier Milei; Juntos por el cambio; Peronismo; Progresismo,Juntos Por El Cambio
189917,2023,Política y Economía,Elecciones 2023; Hegemonía; Javier Milei; Juntos por el cambio; Peronismo; Progresismo,Peronismo
189917,2023,Política y Economía,Elecciones 2023; Hegemonía; Javier Milei; Juntos por el cambio; Peronismo; Progresismo,Progresismo
148689,2023,Política y Economía,Estados Unidos; Internacional; Perfil político,Estados Unidos
148689,2023,Política y Economía,Estados Unidos; Internacional; Perfil político,Internacional
148689,2023,Política y Economía,Estados Unidos; Internacional; Perfil político,Perfil Político
190082,2023,Política y Economía,Corrupción; Elecciones 2023; Mitos impuestos,Corrupción
190082,2023,Política y Economía,Corrupción; Elecciones 2023; Mitos impuestos,Elecciones 2023
190082,2023,Política y Economía,Corrupción; Elecciones 2023; Mitos impuestos,Mitos Impuestos
190094,2023,Política y Economía,Elecciones; PASO,Elecciones
190094,2023,Política y Economía,Elecciones; PASO,Paso
186688,2023,Salud,Brasil; Chile; Esquizofrenia; Internacional; Laboratorio de No Ficción Creativa; Maternidades; Narrativas; Salud mental,Brasil
186688,2023,Salud,Brasil; Chile; Esquizofrenia; Internacional; Laboratorio de No Ficción Creativa; Maternidades; Narrativas; Salud mental,Chile
186688,2023,Salud,Brasil; Chile; Esquizofrenia; Internacional; Laboratorio de No Ficción Creativa; Maternidades; Narrativas; Salud mental,Esquizofrenia
186688,2023,Salud,Brasil; Chile; Esquizofrenia; Internacional; Laboratorio de No Ficción Creativa; Maternidades; Narrativas; Salud mental,Internacional
186688,2023,Salud,Brasil; Chile; Esquizofrenia; Internacional; Laboratorio de No Ficción Creativa; Maternidades; Narrativas; Salud mental,Laboratorio De No Ficción Creativa
186688,2023,Salud,Brasil; Chile; Esquizofrenia; Internacional; Laboratorio de No Ficción Creativa; Maternidades; Narrativas; Salud mental,Maternidades
186688,2023,Salud,Brasil; Chile; Esquizofrenia; Internacional; Laboratorio de No Ficción Creativa; Maternidades; Narrativas; Salud mental,Narrativas
186688,2023,Salud,Brasil; Chile; Esquizofrenia; Internacional; Laboratorio de No Ficción Creativa; Maternidades; Narrativas; Salud mental,Salud Mental
190161,2023,Tecnologías,Inteligencia artificial,Inteligencia Artificial
190217,2023,Culturas,Cine; Zapping cultural,Cine
190217,2023,Culturas,Cine; Zapping cultural,Zapping Cultural
2904,2023,Política y Economía,Periodismo,Periodismo
190229,2023,Culturas,Mario Wainfeld; Medios de comunicación; Periodismo,Mario Wainfeld
190229,2023,Culturas,Mario Wainfeld; Medios de comunicación; Periodismo,Medios De Comunicación
190229,2023,Culturas,Mario Wainfeld; Medios de comunicación; Periodismo,Periodismo
190239,2023,Salud,Trasplante de órganos,Trasplante De Órganos
188099,2023,Culturas,Alejandro Zambra; Chile; Literatura; Zapping cultural,Alejandro Zambra
188099,2023,Culturas,Alejandro Zambra; Chile; Literatura; Zapping cultural,Chile
188099,2023,Culturas,Alejandro Zambra; Chile; Literatura; Zapping cultural,Literatura
188099,2023,Culturas,Alejandro Zambra; Chile; Literatura; Zapping cultural,Zapping Cultural
190337,2023,Culturas,FILBA; Ficción; Internacional; Libros; Zapping cultural,Filba
190337,2023,Culturas,FILBA; Ficción; Internacional; Libros; Zapping cultural,Ficción
190337,2023,Culturas,FILBA; Ficción; Internacional; Libros; Zapping cultural,Internacional
190337,2023,Culturas,FILBA; Ficción; Internacional; Libros; Zapping cultural,Libros
190337,2023,Culturas,FILBA; Ficción; Internacional; Libros; Zapping cultural,Zapping Cultural
190375,2023,Culturas,Periodismo performático,Periodismo Performático
190462,2023,Política y Economía,Elecciones 2023; Javier Milei; Patricia Bullrich; Sergio Massa,Elecciones 2023
190462,2023,Política y Economía,Elecciones 2023; Javier Milei; Patricia Bullrich; Sergio Massa,Javier Milei
190462,2023,Política y Economía,Elecciones 2023; Javier Milei; Patricia Bullrich; Sergio Massa,Patricia Bullrich
190462,2023,Política y Economía,Elecciones 2023; Javier Milei; Patricia Bullrich; Sergio Massa,Sergio Massa
190454,2023,Política y Economía,Derechas; Elecciones 2023; Javier Milei,Derechas
190454,2023,Política y Economía,Derechas; Elecciones 2023; Javier Milei,Elecciones 2023
190454,2023,Política y Economía,Derechas; Elecciones 2023; Javier Milei,Javier Milei
190528,2023,Política y Economía,Chile; Internacional,Chile
190528,2023,Política y Economía,Chile; Internacional,Internacional
190519,2023,Política y Economía,Discursos de odio; LEDA-UNSAM,Discursos De Odio
190519,2023,Política y Economía,Discursos de odio; LEDA-UNSAM,Leda-Unsam
190601,2023,Culturas,ARA San Juan,Ara San Juan
190658,2023,Política y Economía,Bolivia; Derechas; Internacional; Progresismo,Bolivia
190658,2023,Política y Economía,Bolivia; Derechas; Internacional; Progresismo,Derechas
190658,2023,Política y Economía,Bolivia; Derechas; Internacional; Progresismo,Internacional
190658,2023,Política y Economía,Bolivia; Derechas; Internacional; Progresismo,Progresismo
190709,2023,Política y Economía,Guerra; Internacional; Israel; Palestina,Guerra
190709,2023,Política y Economía,Guerra; Internacional; Israel; Palestina,Internacional
190709,2023,Política y Economía,Guerra; Internacional; Israel; Palestina,Israel
190709,2023,Política y Economía,Guerra; Internacional; Israel; Palestina,Palestina
190743,2023,Otras,Ambiente; Crisis climática; Libros,Ambiente
190743,2023,Otras,Ambiente; Crisis climática; Libros,Crisis Climática
190743,2023,Otras,Ambiente; Crisis climática; Libros,Libros
190767,2023,Política y Economía,Internacional; Israel; Palestina,Internacional
190767,2023,Política y Economía,Internacional; Israel; Palestina,Israel
190767,2023,Política y Economía,Internacional; Israel; Palestina,Palestina
190800,2023,Política y Economía,Elecciones 2023; Inflación,Elecciones 2023
190800,2023,Política y Economía,Elecciones 2023; Inflación,Inflación
190847,2023,Ambiente,Arte; Naturaleza; Plástico,Arte
190847,2023,Ambiente,Arte; Naturaleza; Plástico,Naturaleza
190847,2023,Ambiente,Arte; Naturaleza; Plástico,Plástico
190832,2023,Política y Economía,Feminismos; Peronismo; Progresismo; Unión por la Patria,Feminismos
190832,2023,Política y Economía,Feminismos; Peronismo; Progresismo; Unión por la Patria,Peronismo
190832,2023,Política y Economía,Feminismos; Peronismo; Progresismo; Unión por la Patria,Progresismo
190832,2023,Política y Economía,Feminismos; Peronismo; Progresismo; Unión por la Patria,Unión Por La Patria
190897,2023,Política y Economía,Elecciones 2023; LGBTTINB+,Elecciones 2023
190897,2023,Política y Economía,Elecciones 2023; LGBTTINB+,Lgbttinb+
190897,2023,Políticas de géneros,Elecciones 2023; LGBTTINB+,Elecciones 2023
190897,2023,Políticas de géneros,Elecciones 2023; LGBTTINB+,Lgbttinb+
190987,2023,Política y Economía,Elecciones 2023; Peronismo; Sergio Massa; Unión por la Patria,Elecciones 2023
190987,2023,Política y Economía,Elecciones 2023; Peronismo; Sergio Massa; Unión por la Patria,Peronismo
190987,2023,Política y Economía,Elecciones 2023; Peronismo; Sergio Massa; Unión por la Patria,Sergio Massa
190987,2023,Política y Economía,Elecciones 2023; Peronismo; Sergio Massa; Unión por la Patria,Unión Por La Patria
191026,2023,Política y Economía,Elecciones 2023; Peronismo; Sergio Massa,Elecciones 2023
191026,2023,Política y Economía,Elecciones 2023; Peronismo; Sergio Massa,Peronismo
191026,2023,Política y Economía,Elecciones 2023; Peronismo; Sergio Massa,Sergio Massa
191038,2023,Política y Economía,Derechas; Elecciones 2023; Javier Milei,Derechas
191038,2023,Política y Economía,Derechas; Elecciones 2023; Javier Milei,Elecciones 2023
191038,2023,Política y Economía,Derechas; Elecciones 2023; Javier Milei,Javier Milei
191049,2023,Política y Economía,Elecciones 2023; Javier Milei,Elecciones 2023
191049,2023,Política y Economía,Elecciones 2023; Javier Milei,Javier Milei
191079,2023,Amor y sexo,Cine; Pedro Almodóvar; Tecnologías de género; Zapping cultural,Cine
191079,2023,Amor y sexo,Cine; Pedro Almodóvar; Tecnologías de género; Zapping cultural,Pedro Almodóvar
191079,2023,Amor y sexo,Cine; Pedro Almodóvar; Tecnologías de género; Zapping cultural,Tecnologías De Género
191079,2023,Amor y sexo,Cine; Pedro Almodóvar; Tecnologías de género; Zapping cultural,Zapping Cultural
191079,2023,Culturas,Cine; Pedro Almodóvar; Tecnologías de género; Zapping cultural,Cine
191079,2023,Culturas,Cine; Pedro Almodóvar; Tecnologías de género; Zapping cultural,Pedro Almodóvar
191079,2023,Culturas,Cine; Pedro Almodóvar; Tecnologías de género; Zapping cultural,Tecnologías De Género
191079,2023,Culturas,Cine; Pedro Almodóvar; Tecnologías de género; Zapping cultural,Zapping Cultural
150223,2023,Culturas,Diego Maradona,Diego Maradona
150187,2023,Culturas,Diego Maradona,Diego Maradona
191114,2023,Política y Economía,Derechas; Elecciones 2023; Javier Milei; Juntos por el cambio,Derechas
191114,2023,Política y Economía,Derechas; Elecciones 2023; Javier Milei; Juntos por el cambio,Elecciones 2023
191114,2023,Política y Economía,Derechas; Elecciones 2023; Javier Milei; Juntos por el cambio,Javier Milei
191114,2023,Política y Economía,Derechas; Elecciones 2023; Javier Milei; Juntos por el cambio,Juntos Por El Cambio
191148,2023,Política y Economía,Elecciones 2023; Javier Milei; Juventudes,Elecciones 2023
191148,2023,Política y Economía,Elecciones 2023; Javier Milei; Juventudes,Javier Milei
191148,2023,Política y Economía,Elecciones 2023; Javier Milei; Juventudes,Juventudes
191176,2023,Política y Economía,Elecciones 2023; Javier Milei; Redes sociales; Sergio Massa,Elecciones 2023
191176,2023,Política y Economía,Elecciones 2023; Javier Milei; Redes sociales; Sergio Massa,Javier Milei
191176,2023,Política y Economía,Elecciones 2023; Javier Milei; Redes sociales; Sergio Massa,Redes Sociales
191176,2023,Política y Economía,Elecciones 2023; Javier Milei; Redes sociales; Sergio Massa,Sergio Massa
191224,2023,Culturas,Charly García; Democracia; Música,Charly García
191224,2023,Culturas,Charly García; Democracia; Música,Democracia
191224,2023,Culturas,Charly García; Democracia; Música,Música
191285,2023,Política y Economía,El País; Javier Milei; Podcast,El País
191285,2023,Política y Economía,El País; Javier Milei; Podcast,Javier Milei
191285,2023,Política y Economía,El País; Javier Milei; Podcast,Podcast
191344,2023,Política y Economía,España; Internacional; Progresismo,España
191344,2023,Política y Economía,España; Internacional; Progresismo,Internacional
191344,2023,Política y Economía,España; Internacional; Progresismo,Progresismo
191369,2023,Culturas,Derechas; Feminismos; Música,Derechas
191369,2023,Culturas,Derechas; Feminismos; Música,Feminismos
191369,2023,Culturas,Derechas; Feminismos; Música,Música
191825,2023,Política y Economía,Elecciones 2023,Elecciones 2023
191920,2023,Política y Economía,Narcotráfico; Rosario; Rosariocronica; Seguridad,Narcotráfico
191920,2023,Política y Economía,Narcotráfico; Rosario; Rosariocronica; Seguridad,Rosario
191920,2023,Política y Economía,Narcotráfico; Rosario; Rosariocronica; Seguridad,Rosariocronica
191920,2023,Política y Economía,Narcotráfico; Rosario; Rosariocronica; Seguridad,Seguridad
192014,2023,Tecnologías,Futuro Imperfecto,Futuro Imperfecto
191997,2023,Educación,Chile; Elecciones 2023; Javier Milei,Chile
191997,2023,Educación,Chile; Elecciones 2023; Javier Milei,Elecciones 2023
191997,2023,Educación,Chile; Elecciones 2023; Javier Milei,Javier Milei
192037,2023,Política y Economía,Elecciones 2023; Javier Milei; Sergio Massa,Elecciones 2023
192037,2023,Política y Economía,Elecciones 2023; Javier Milei; Sergio Massa,Javier Milei
192037,2023,Política y Economía,Elecciones 2023; Javier Milei; Sergio Massa,Sergio Massa
192038,2023,Política y Economía,Elecciones 2023; Javier Milei; Sergio Massa,Elecciones 2023
192038,2023,Política y Economía,Elecciones 2023; Javier Milei; Sergio Massa,Javier Milei
192038,2023,Política y Economía,Elecciones 2023; Javier Milei; Sergio Massa,Sergio Massa
191863,2023,Culturas,Arte; Arte digital; Futuro Imperfecto; Inteligencia artificial,Arte
191863,2023,Culturas,Arte; Arte digital; Futuro Imperfecto; Inteligencia artificial,Arte Digital
191863,2023,Culturas,Arte; Arte digital; Futuro Imperfecto; Inteligencia artificial,Futuro Imperfecto
191863,2023,Culturas,Arte; Arte digital; Futuro Imperfecto; Inteligencia artificial,Inteligencia Artificial
191556,2023,Culturas,Futuro Imperfecto,Futuro Imperfecto
191556,2023,Tecnologías,Futuro Imperfecto,Futuro Imperfecto
190290,2023,Política y Economía,Boca Juniors; Fútbol; Juan Román Riquelme; Mauricio Macri; Medios de comunicación,Boca Juniors
190290,2023,Política y Economía,Boca Juniors; Fútbol; Juan Román Riquelme; Mauricio Macri; Medios de comunicación,Fútbol
190290,2023,Política y Economía,Boca Juniors; Fútbol; Juan Román Riquelme; Mauricio Macri; Medios de comunicación,Juan Román Riquelme
190290,2023,Política y Economía,Boca Juniors; Fútbol; Juan Román Riquelme; Mauricio Macri; Medios de comunicación,Mauricio Macri
190290,2023,Política y Economía,Boca Juniors; Fútbol; Juan Román Riquelme; Mauricio Macri; Medios de comunicación,Medios De Comunicación
192173,2023,Política y Economía,Derechas; Elecciones 2023; Feminismos; Javier Milei,Derechas
192173,2023,Política y Economía,Derechas; Elecciones 2023; Feminismos; Javier Milei,Elecciones 2023
192173,2023,Política y Economía,Derechas; Elecciones 2023; Feminismos; Javier Milei,Feminismos
192173,2023,Política y Economía,Derechas; Elecciones 2023; Feminismos; Javier Milei,Javier Milei
192484,2023,Salud,Autismo,Autismo
192491,2023,Ambiente,Arroyos urbanos; Arte Ciencia y Tecnoceno; Mapas sonoros; Ríos entubados,Arroyos Urbanos
192491,2023,Ambiente,Arroyos urbanos; Arte Ciencia y Tecnoceno; Mapas sonoros; Ríos entubados,Arte Ciencia Y Tecnoceno
192491,2023,Ambiente,Arroyos urbanos; Arte Ciencia y Tecnoceno; Mapas sonoros; Ríos entubados,Mapas Sonoros
192491,2023,Ambiente,Arroyos urbanos; Arte Ciencia y Tecnoceno; Mapas sonoros; Ríos entubados,Ríos Entubados
192632,2023,Política y Economía,Boca Juniors; Fútbol; Juan Román Riquelme; Mauricio Macri,Boca Juniors
192632,2023,Política y Economía,Boca Juniors; Fútbol; Juan Román Riquelme; Mauricio Macri,Fútbol
192632,2023,Política y Economía,Boca Juniors; Fútbol; Juan Román Riquelme; Mauricio Macri,Juan Román Riquelme
192632,2023,Política y Economía,Boca Juniors; Fútbol; Juan Román Riquelme; Mauricio Macri,Mauricio Macri
192678,2023,Política y Economía,Derechas; Elecciones 2023; Javier Milei; LEDA-UNSAM,Derechas
192678,2023,Política y Economía,Derechas; Elecciones 2023; Javier Milei; LEDA-UNSAM,Elecciones 2023
192678,2023,Política y Economía,Derechas; Elecciones 2023; Javier Milei; LEDA-UNSAM,Javier Milei
192678,2023,Política y Economía,Derechas; Elecciones 2023; Javier Milei; LEDA-UNSAM,Leda-Unsam
180726,2023,Culturas,Gran Hermano; Televisión,Gran Hermano
180726,2023,Culturas,Gran Hermano; Televisión,Televisión
192726,2023,Política y Economía,Elecciones 2023; Javier Milei,Elecciones 2023
192726,2023,Política y Economía,Elecciones 2023; Javier Milei,Javier Milei
192846,2023,Políticas de géneros,Democracia; Feminismos; UNSAM,Democracia
192846,2023,Políticas de géneros,Democracia; Feminismos; UNSAM,Feminismos
192846,2023,Políticas de géneros,Democracia; Feminismos; UNSAM,Unsam
192859,2023,Culturas,Chile; Convención Constituyente; Internacional; La Conversa,Chile
192859,2023,Culturas,Chile; Convención Constituyente; Internacional; La Conversa,Convención Constituyente
192859,2023,Culturas,Chile; Convención Constituyente; Internacional; La Conversa,Internacional
192859,2023,Culturas,Chile; Convención Constituyente; Internacional; La Conversa,La Conversa
192865,2023,Política y Economía,Chile; Internacional; La Conversa; Proceso Constituyente,Chile
192865,2023,Política y Economía,Chile; Internacional; La Conversa; Proceso Constituyente,Internacional
192865,2023,Política y Economía,Chile; Internacional; La Conversa; Proceso Constituyente,La Conversa
192865,2023,Política y Economía,Chile; Internacional; La Conversa; Proceso Constituyente,Proceso Constituyente
182143,2023,Culturas,Fútbol; Messi; Mundial de fútbol; Qatar 2022,Fútbol
182143,2023,Culturas,Fútbol; Messi; Mundial de fútbol; Qatar 2022,Messi
182143,2023,Culturas,Fútbol; Messi; Mundial de fútbol; Qatar 2022,Mundial De Fútbol
182143,2023,Culturas,Fútbol; Messi; Mundial de fútbol; Qatar 2022,Qatar 2022
192942,2023,Ambiente,Bahía Blanca; Cambio climático,Bahía Blanca
192942,2023,Ambiente,Bahía Blanca; Cambio climático,Cambio Climático
192978,2023,Política y Economía,Democracia; Fotografía; Fotoperiodismo,Democracia
192978,2023,Política y Economía,Democracia; Fotografía; Fotoperiodismo,Fotografía
192978,2023,Política y Economía,Democracia; Fotografía; Fotoperiodismo,Fotoperiodismo
193008,2023,Política y Economía,2001; Derechas; Javier Milei,2001
193008,2023,Política y Economía,2001; Derechas; Javier Milei,Derechas
193008,2023,Política y Economía,2001; Derechas; Javier Milei,Javier Milei
193045,2023,Política y Economía,Capitalismo; Derechas; Derechos Humanos; Socialismo,Capitalismo
193045,2023,Política y Economía,Capitalismo; Derechas; Derechos Humanos; Socialismo,Derechas
193045,2023,Política y Economía,Capitalismo; Derechas; Derechos Humanos; Socialismo,Derechos Humanos
193045,2023,Política y Economía,Capitalismo; Derechas; Derechos Humanos; Socialismo,Socialismo
193048,2023,Política y Economía,Derechas; Javier Milei,Derechas
193048,2023,Política y Economía,Derechas; Javier Milei,Javier Milei
192980,2023,Culturas,Democracia; Teatro; Zapping cultural,Democracia
192980,2023,Culturas,Democracia; Teatro; Zapping cultural,Teatro
192980,2023,Culturas,Democracia; Teatro; Zapping cultural,Zapping Cultural
193134,2023,Salud,Salud,Salud
193249,2023,Política y Economía,Derechas; Javier Milei; La Libertad Avanza; Liberalismo; Peronismo,Derechas
193249,2023,Política y Economía,Derechas; Javier Milei; La Libertad Avanza; Liberalismo; Peronismo,Javier Milei
193249,2023,Política y Economía,Derechas; Javier Milei; La Libertad Avanza; Liberalismo; Peronismo,La Libertad Avanza
193249,2023,Política y Economía,Derechas; Javier Milei; La Libertad Avanza; Liberalismo; Peronismo,Liberalismo
193249,2023,Política y Economía,Derechas; Javier Milei; La Libertad Avanza; Liberalismo; Peronismo,Peronismo
193372,2024,Culturas,Artes; Rosariocronica; Zapping cultural,Artes
193372,2024,Culturas,Artes; Rosariocronica; Zapping cultural,Rosariocronica
193372,2024,Culturas,Artes; Rosariocronica; Zapping cultural,Zapping Cultural
193422,2024,Salud,Maternidades; Salud,Maternidades
193422,2024,Salud,Maternidades; Salud,Salud
193462,2024,Culturas,Artes; Periodismo performático; Teatro,Artes
193462,2024,Culturas,Artes; Periodismo performático; Teatro,Periodismo Performático
193462,2024,Culturas,Artes; Periodismo performático; Teatro,Teatro
192727,2024,Culturas,Arte; Ilustraciones,Arte
192727,2024,Culturas,Arte; Ilustraciones,Ilustraciones
193613,2024,Culturas,Carrouselrosario; Fe; Religión; Rosario; Rosariocronica,Carrouselrosario
193613,2024,Culturas,Carrouselrosario; Fe; Religión; Rosario; Rosariocronica,Fe
193613,2024,Culturas,Carrouselrosario; Fe; Religión; Rosario; Rosariocronica,Religión
193613,2024,Culturas,Carrouselrosario; Fe; Religión; Rosario; Rosariocronica,Rosario
193613,2024,Culturas,Carrouselrosario; Fe; Religión; Rosario; Rosariocronica,Rosariocronica
193659,2024,Política y Economía,Ecuador; Internacional; Narcotráfico,Ecuador
193659,2024,Política y Economía,Ecuador; Internacional; Narcotráfico,Internacional
193659,2024,Política y Economía,Ecuador; Internacional; Narcotráfico,Narcotráfico
193671,2024,Política y Economía,Economía; Inflación,Economía
193671,2024,Política y Economía,Economía; Inflación,Inflación
193835,2024,Culturas,Cine; Zapping cultural,Cine
193835,2024,Culturas,Cine; Zapping cultural,Zapping Cultural
193869,2024,Ambiente,Laboratorio Periodismo Performàtico; Testosterona,Laboratorio Periodismo Performàtico
193869,2024,Ambiente,Laboratorio Periodismo Performàtico; Testosterona,Testosterona
193831,2024,Política y Economía,Internacional; Periodismo,Internacional
193831,2024,Política y Economía,Internacional; Periodismo,Periodismo
193953,2024,Política y Economía,Historia; Javier Milei,Historia
193953,2024,Política y Economía,Historia; Javier Milei,Javier Milei
193969,2024,Culturas,Bosque; Naturaleza,Bosque
193969,2024,Culturas,Bosque; Naturaleza,Naturaleza
193993,2024,Ambiente,DNU; Incendios forestales,Dnu
193993,2024,Ambiente,DNU; Incendios forestales,Incendios Forestales
194011,2024,Políticas de géneros,Libros; Masculinidades; Rosariocronica; Zapping cultural,Libros
194011,2024,Políticas de géneros,Libros; Masculinidades; Rosariocronica; Zapping cultural,Masculinidades
194011,2024,Políticas de géneros,Libros; Masculinidades; Rosariocronica; Zapping cultural,Rosariocronica
194011,2024,Políticas de géneros,Libros; Masculinidades; Rosariocronica; Zapping cultural,Zapping Cultural
194051,2024,Política y Economía,Javier Milei; Juntos por el cambio; Peronismo; Sindicalismo,Javier Milei
194051,2024,Política y Economía,Javier Milei; Juntos por el cambio; Peronismo; Sindicalismo,Juntos Por El Cambio
194051,2024,Política y Economía,Javier Milei; Juntos por el cambio; Peronismo; Sindicalismo,Peronismo
194051,2024,Política y Economía,Javier Milei; Juntos por el cambio; Peronismo; Sindicalismo,Sindicalismo
194114,2024,Culturas,DNU; Javier Milei; Ley Omnibus,Dnu
194114,2024,Culturas,DNU; Javier Milei; Ley Omnibus,Javier Milei
194114,2024,Culturas,DNU; Javier Milei; Ley Omnibus,Ley Omnibus
194114,2024,Política y Economía,DNU; Javier Milei; Ley Omnibus,Dnu
194114,2024,Política y Economía,DNU; Javier Milei; Ley Omnibus,Javier Milei
194114,2024,Política y Economía,DNU; Javier Milei; Ley Omnibus,Ley Omnibus
194132,2024,Política y Economía,Tecnologías,Tecnologías
194285,2024,Culturas,Cine; Zapping cultural,Cine
194285,2024,Culturas,Cine; Zapping cultural,Zapping Cultural
194152,2024,Política y Economía,Derechas; Javier Milei; Ley Omnibus,Derechas
194152,2024,Política y Economía,Derechas; Javier Milei; Ley Omnibus,Javier Milei
194152,2024,Política y Economía,Derechas; Javier Milei; Ley Omnibus,Ley Omnibus
194187,2024,Política y Economía,Derechas; El Salvador; Internacional,Derechas
194187,2024,Política y Economía,Derechas; El Salvador; Internacional,El Salvador
194187,2024,Política y Economía,Derechas; El Salvador; Internacional,Internacional
194202,2024,Política y Economía,Bukele; El Salvador; Internacional,Bukele
194202,2024,Política y Economía,Bukele; El Salvador; Internacional,El Salvador
194202,2024,Política y Economía,Bukele; El Salvador; Internacional,Internacional
194264,2024,Política y Economía,Chile; Derechas; Internacional; Sebastián Piñera,Chile
194264,2024,Política y Economía,Chile; Derechas; Internacional; Sebastián Piñera,Derechas
194264,2024,Política y Economía,Chile; Derechas; Internacional; Sebastián Piñera,Internacional
194264,2024,Política y Economía,Chile; Derechas; Internacional; Sebastián Piñera,Sebastián Piñera
194225,2024,Política y Economía,Congreso; Javier Milei; Ley Ómnibus,Congreso
194225,2024,Política y Economía,Congreso; Javier Milei; Ley Ómnibus,Javier Milei
194225,2024,Política y Economía,Congreso; Javier Milei; Ley Ómnibus,Ley Ómnibus
194296,2024,Política y Economía,Derechas; Feminismos; Javier Milei,Derechas
194296,2024,Política y Economía,Derechas; Feminismos; Javier Milei,Feminismos
194296,2024,Política y Economía,Derechas; Feminismos; Javier Milei,Javier Milei
194316,2024,Culturas,Escritura; Ficción; Libros; Literatura,Escritura
194316,2024,Culturas,Escritura; Ficción; Libros; Literatura,Ficción
194316,2024,Culturas,Escritura; Ficción; Libros; Literatura,Libros
194316,2024,Culturas,Escritura; Ficción; Libros; Literatura,Literatura
194095,2024,Política y Economía,Derechas; Javier Milei; Redes sociales,Derechas
194095,2024,Política y Economía,Derechas; Javier Milei; Redes sociales,Javier Milei
194095,2024,Política y Economía,Derechas; Javier Milei; Redes sociales,Redes Sociales
194355,2024,Política y Economía,Comunicación política; Derechas; Redes sociales,Comunicación Política
194355,2024,Política y Economía,Comunicación política; Derechas; Redes sociales,Derechas
194355,2024,Política y Economía,Comunicación política; Derechas; Redes sociales,Redes Sociales
194392,2024,Política y Economía,Derechas; Javier Milei; Religión,Derechas
194392,2024,Política y Economía,Derechas; Javier Milei; Religión,Javier Milei
194392,2024,Política y Economía,Derechas; Javier Milei; Religión,Religión
194424,2024,Ambiente,Ambiente; América Latina; Literatura,Ambiente
194424,2024,Ambiente,Ambiente; América Latina; Literatura,América Latina
194424,2024,Ambiente,Ambiente; América Latina; Literatura,Literatura
194424,2024,Culturas,Ambiente; América Latina; Literatura,Ambiente
194424,2024,Culturas,Ambiente; América Latina; Literatura,América Latina
194424,2024,Culturas,Ambiente; América Latina; Literatura,Literatura
194447,2024,Culturas,Ciudad Futura; Derechas; Rosario; Rosariocronica,Ciudad Futura
194447,2024,Culturas,Ciudad Futura; Derechas; Rosario; Rosariocronica,Derechas
194447,2024,Culturas,Ciudad Futura; Derechas; Rosario; Rosariocronica,Rosario
194447,2024,Culturas,Ciudad Futura; Derechas; Rosario; Rosariocronica,Rosariocronica
194447,2024,Política y Economía,Ciudad Futura; Derechas; Rosario; Rosariocronica,Ciudad Futura
194447,2024,Política y Economía,Ciudad Futura; Derechas; Rosario; Rosariocronica,Derechas
194447,2024,Política y Economía,Ciudad Futura; Derechas; Rosario; Rosariocronica,Rosario
194447,2024,Política y Economía,Ciudad Futura; Derechas; Rosario; Rosariocronica,Rosariocronica
194471,2024,Culturas,Cine; Premios Oscar,Cine
194471,2024,Culturas,Cine; Premios Oscar,Premios Oscar
194462,2024,Política y Economía,Pobreza,Pobreza
194484,2024,Culturas,Noche; Rosariocronica; cultura,Noche
194484,2024,Culturas,Noche; Rosariocronica; cultura,Rosariocronica
194484,2024,Culturas,Noche; Rosariocronica; cultura,Cultura
194529,2024,Política y Economía,Javier Milei; Provincias,Javier Milei
194529,2024,Política y Economía,Javier Milei; Provincias,Provincias
194549,2024,Educación,Docentes,Docentes
194606,2024,Política y Economía,Congreso; Derechas; Javier Milei,Congreso
194606,2024,Política y Economía,Congreso; Derechas; Javier Milei,Derechas
194606,2024,Política y Economía,Congreso; Derechas; Javier Milei,Javier Milei
194614,2024,Política y Economía,Incendio,Incendio
194644,2024,Políticas de géneros,8M; Rosariocronica,8M
194644,2024,Políticas de géneros,8M; Rosariocronica,Rosariocronica
194707,2024,Políticas de géneros,8M; 8M: Paro internacional y plurinacional de mujeres y disidencias; Aborto Legal; Derechas; Feminismos; Internacional,8M
194707,2024,Políticas de géneros,8M; 8M: Paro internacional y plurinacional de mujeres y disidencias; Aborto Legal; Derechas; Feminismos; Internacional,8M: Paro Internacional Y Plurinacional De Mujeres Y Disidencias
194707,2024,Políticas de géneros,8M; 8M: Paro internacional y plurinacional de mujeres y disidencias; Aborto Legal; Derechas; Feminismos; Internacional,Aborto Legal
194707,2024,Políticas de géneros,8M; 8M: Paro internacional y plurinacional de mujeres y disidencias; Aborto Legal; Derechas; Feminismos; Internacional,Derechas
194707,2024,Políticas de géneros,8M; 8M: Paro internacional y plurinacional de mujeres y disidencias; Aborto Legal; Derechas; Feminismos; Internacional,Feminismos
194707,2024,Políticas de géneros,8M; 8M: Paro internacional y plurinacional de mujeres y disidencias; Aborto Legal; Derechas; Feminismos; Internacional,Internacional
194744,2024,Culturas,Cine; Premios Oscar; Zapping cultural,Cine
194744,2024,Culturas,Cine; Premios Oscar; Zapping cultural,Premios Oscar
194744,2024,Culturas,Cine; Premios Oscar; Zapping cultural,Zapping Cultural
194772,2024,Política y Economía,Narcotráfico; Rosario; Rosariocronica; Seguridad; Violencia,Narcotráfico
194772,2024,Política y Economía,Narcotráfico; Rosario; Rosariocronica; Seguridad; Violencia,Rosario
194772,2024,Política y Economía,Narcotráfico; Rosario; Rosariocronica; Seguridad; Violencia,Rosariocronica
194772,2024,Política y Economía,Narcotráfico; Rosario; Rosariocronica; Seguridad; Violencia,Seguridad
194772,2024,Política y Economía,Narcotráfico; Rosario; Rosariocronica; Seguridad; Violencia,Violencia
194797,2024,Política y Economía,Narcotráfico; Rosario; Rosariocronica; Violencia,Narcotráfico
194797,2024,Política y Economía,Narcotráfico; Rosario; Rosariocronica; Violencia,Rosario
194797,2024,Política y Economía,Narcotráfico; Rosario; Rosariocronica; Violencia,Rosariocronica
194797,2024,Política y Economía,Narcotráfico; Rosario; Rosariocronica; Violencia,Violencia
194836,2024,Políticas de géneros,8M; Derechas; Feminismos; Javier Milei,8M
194836,2024,Políticas de géneros,8M; Derechas; Feminismos; Javier Milei,Derechas
194836,2024,Políticas de géneros,8M; Derechas; Feminismos; Javier Milei,Feminismos
194836,2024,Políticas de géneros,8M; Derechas; Feminismos; Javier Milei,Javier Milei
194879,2024,Culturas,Masculinidades; Periodismo performático; Teatro; Testosterona,Masculinidades
194879,2024,Culturas,Masculinidades; Periodismo performático; Teatro; Testosterona,Periodismo Performático
194879,2024,Culturas,Masculinidades; Periodismo performático; Teatro; Testosterona,Teatro
194879,2024,Culturas,Masculinidades; Periodismo performático; Teatro; Testosterona,Testosterona
194935,2024,Política y Economía,Derechas; Discursos de odio; Javier Milei; Redes sociales; Un año de Milei,Derechas
194935,2024,Política y Economía,Derechas; Discursos de odio; Javier Milei; Redes sociales; Un año de Milei,Discursos De Odio
194935,2024,Política y Economía,Derechas; Discursos de odio; Javier Milei; Redes sociales; Un año de Milei,Javier Milei
194935,2024,Política y Economía,Derechas; Discursos de odio; Javier Milei; Redes sociales; Un año de Milei,Redes Sociales
194935,2024,Política y Economía,Derechas; Discursos de odio; Javier Milei; Redes sociales; Un año de Milei,Un Año De Milei
194999,2024,Política y Economía,Congreso; Javier Milei,Congreso
194999,2024,Política y Economía,Congreso; Javier Milei,Javier Milei
195097,2024,Política y Economía,24M: Día de la memoria por la verdad y la justicia; Abuelas de Plaza de Mayo; Derechos Humanos; Javier Milei,24M: Día De La Memoria Por La Verdad Y La Justicia
195097,2024,Política y Economía,24M: Día de la memoria por la verdad y la justicia; Abuelas de Plaza de Mayo; Derechos Humanos; Javier Milei,Abuelas De Plaza De Mayo
195097,2024,Política y Economía,24M: Día de la memoria por la verdad y la justicia; Abuelas de Plaza de Mayo; Derechos Humanos; Javier Milei,Derechos Humanos
195097,2024,Política y Economía,24M: Día de la memoria por la verdad y la justicia; Abuelas de Plaza de Mayo; Derechos Humanos; Javier Milei,Javier Milei
195132,2024,Política y Economía,24M: Día de la memoria por la verdad y la justicia; Dictadura; Rodolfo Walsh,24M: Día De La Memoria Por La Verdad Y La Justicia
195132,2024,Política y Economía,24M: Día de la memoria por la verdad y la justicia; Dictadura; Rodolfo Walsh,Dictadura
195132,2024,Política y Economía,24M: Día de la memoria por la verdad y la justicia; Dictadura; Rodolfo Walsh,Rodolfo Walsh
195174,2024,Política y Economía,Nocturnidad; Rosariocronica,Nocturnidad
195174,2024,Política y Economía,Nocturnidad; Rosariocronica,Rosariocronica
195187,2024,Culturas,Rosariocronica,Rosariocronica
195266,2024,Culturas,Gabriel García Márquez; Libros; Patrimonio Cultural,Gabriel García Márquez
195266,2024,Culturas,Gabriel García Márquez; Libros; Patrimonio Cultural,Libros
195266,2024,Culturas,Gabriel García Márquez; Libros; Patrimonio Cultural,Patrimonio Cultural
195119,2024,Política y Economía,Fuerzas de seguridad; Javier Milei; Victoria Villarruel,Fuerzas De Seguridad
195119,2024,Política y Economía,Fuerzas de seguridad; Javier Milei; Victoria Villarruel,Javier Milei
195119,2024,Política y Economía,Fuerzas de seguridad; Javier Milei; Victoria Villarruel,Victoria Villarruel
195310,2024,Política y Economía,Democracia; Derechas; Liberalismo; Libros,Democracia
195310,2024,Política y Economía,Democracia; Derechas; Liberalismo; Libros,Derechas
195310,2024,Política y Economía,Democracia; Derechas; Liberalismo; Libros,Liberalismo
195310,2024,Política y Economía,Democracia; Derechas; Liberalismo; Libros,Libros
194852,2024,Educación,Docentes; Javier Milei,Docentes
194852,2024,Educación,Docentes; Javier Milei,Javier Milei
195330,2024,Culturas,Ciencia,Ciencia
195330,2024,Política y Economía,Ciencia,Ciencia
195343,2024,Políticas de géneros,Feminismos; menopausia,Feminismos
195343,2024,Políticas de géneros,Feminismos; menopausia,Menopausia
195373,2024,Culturas,Gran Hermano; Tucumán; reality,Gran Hermano
195373,2024,Culturas,Gran Hermano; Tucumán; reality,Tucumán
195373,2024,Culturas,Gran Hermano; Tucumán; reality,Reality
195389,2024,Política y Economía,Javier Milei,Javier Milei
195418,2024,Política y Economía,Derechas; UNSAM,Derechas
195418,2024,Política y Economía,Derechas; UNSAM,Unsam
195480,2024,Ambiente,Arte Ciencia y Tecnoceno; Crisiis climática; Narrativas,Arte Ciencia Y Tecnoceno
195480,2024,Ambiente,Arte Ciencia y Tecnoceno; Crisiis climática; Narrativas,Crisiis Climática
195480,2024,Ambiente,Arte Ciencia y Tecnoceno; Crisiis climática; Narrativas,Narrativas
195480,2024,Tecnologías,Arte Ciencia y Tecnoceno; Crisiis climática; Narrativas,Arte Ciencia Y Tecnoceno
195480,2024,Tecnologías,Arte Ciencia y Tecnoceno; Crisiis climática; Narrativas,Crisiis Climática
195480,2024,Tecnologías,Arte Ciencia y Tecnoceno; Crisiis climática; Narrativas,Narrativas
195517,2024,Política y Economía,Discurso; Javier Milei,Discurso
195517,2024,Política y Economía,Discurso; Javier Milei,Javier Milei
108799,2024,Educación,UNSAM; Universidad pública,Unsam
108799,2024,Educación,UNSAM; Universidad pública,Universidad Pública
195556,2024,Amor y sexo,Amor; Cine; Zapping cultural,Amor
195556,2024,Amor y sexo,Amor; Cine; Zapping cultural,Cine
195556,2024,Amor y sexo,Amor; Cine; Zapping cultural,Zapping Cultural
195556,2024,Culturas,Amor; Cine; Zapping cultural,Amor
195556,2024,Culturas,Amor; Cine; Zapping cultural,Cine
195556,2024,Culturas,Amor; Cine; Zapping cultural,Zapping Cultural
190730,2024,Política y Economía,Guerra; Internacional; Israel; Medio Oriente; Palestina,Guerra
190730,2024,Política y Economía,Guerra; Internacional; Israel; Medio Oriente; Palestina,Internacional
190730,2024,Política y Economía,Guerra; Internacional; Israel; Medio Oriente; Palestina,Israel
190730,2024,Política y Economía,Guerra; Internacional; Israel; Medio Oriente; Palestina,Medio Oriente
190730,2024,Política y Economía,Guerra; Internacional; Israel; Medio Oriente; Palestina,Palestina
195622,2024,Política y Economía,Guerra; Internacional; Irán; Israel,Guerra
195622,2024,Política y Economía,Guerra; Internacional; Irán; Israel,Internacional
195622,2024,Política y Economía,Guerra; Internacional; Irán; Israel,Irán
195622,2024,Política y Economía,Guerra; Internacional; Irán; Israel,Israel
195661,2024,Política y Economía,Guerra; Internacional; Iran,Guerra
195661,2024,Política y Economía,Guerra; Internacional; Iran,Internacional
195661,2024,Política y Economía,Guerra; Internacional; Iran,Iran
186543,2024,Educación,Territorio Educativo; Universidad pública,Territorio Educativo
186543,2024,Educación,Territorio Educativo; Universidad pública,Universidad Pública
195705,2024,Política y Economía,Derechas; Javier Milei; Libertad; Libertarios,Derechas
195705,2024,Política y Economía,Derechas; Javier Milei; Libertad; Libertarios,Javier Milei
195705,2024,Política y Economía,Derechas; Javier Milei; Libertad; Libertarios,Libertad
195705,2024,Política y Economía,Derechas; Javier Milei; Libertad; Libertarios,Libertarios
195732,2024,Ambiente,Ambiente; Animales,Ambiente
195732,2024,Ambiente,Ambiente; Animales,Animales
195798,2024,Culturas,Copia; Galpon FACE; Laboratorio de Periodismo Performático,Copia
195798,2024,Culturas,Copia; Galpon FACE; Laboratorio de Periodismo Performático,Galpon Face
195798,2024,Culturas,Copia; Galpon FACE; Laboratorio de Periodismo Performático,Laboratorio De Periodismo Performático
195815,2024,Culturas,Gran Hermano; Zapping cultural,Gran Hermano
195815,2024,Culturas,Gran Hermano; Zapping cultural,Zapping Cultural
191935,2024,Política y Economía,Elecciones 2023; Juntos por el cambio; Marcos Peña; Mauricio Macri,Elecciones 2023
191935,2024,Política y Economía,Elecciones 2023; Juntos por el cambio; Marcos Peña; Mauricio Macri,Juntos Por El Cambio
191935,2024,Política y Economía,Elecciones 2023; Juntos por el cambio; Marcos Peña; Mauricio Macri,Marcos Peña
191935,2024,Política y Economía,Elecciones 2023; Juntos por el cambio; Marcos Peña; Mauricio Macri,Mauricio Macri
195834,2024,Política y Economía,8M; Derechas; Deuda; Feminismos; Javier Milei,8M
195834,2024,Política y Economía,8M; Derechas; Deuda; Feminismos; Javier Milei,Derechas
195834,2024,Política y Economía,8M; Derechas; Deuda; Feminismos; Javier Milei,Deuda
195834,2024,Política y Economía,8M; Derechas; Deuda; Feminismos; Javier Milei,Feminismos
195834,2024,Política y Economía,8M; Derechas; Deuda; Feminismos; Javier Milei,Javier Milei
195847,2024,Educación,Adolescencias; Ciberludopatía,Adolescencias
195847,2024,Educación,Adolescencias; Ciberludopatía,Ciberludopatía
195827,2024,Culturas,Apuestas; Ciberludopatía; Libros,Apuestas
195827,2024,Culturas,Apuestas; Ciberludopatía; Libros,Ciberludopatía
195827,2024,Culturas,Apuestas; Ciberludopatía; Libros,Libros
190568,2024,Culturas,Artes; Periodismo performático; Salud mental,Artes
190568,2024,Culturas,Artes; Periodismo performático; Salud mental,Periodismo Performático
190568,2024,Culturas,Artes; Periodismo performático; Salud mental,Salud Mental
195886,2024,Política y Economía,Derechas; Javier Milei; Salud mental,Derechas
195886,2024,Política y Economía,Derechas; Javier Milei; Salud mental,Javier Milei
195886,2024,Política y Economía,Derechas; Javier Milei; Salud mental,Salud Mental
195886,2024,Salud,Derechas; Javier Milei; Salud mental,Derechas
195886,2024,Salud,Derechas; Javier Milei; Salud mental,Javier Milei
195886,2024,Salud,Derechas; Javier Milei; Salud mental,Salud Mental
195899,2024,Política y Economía,Derechas; Empleo; Javier Milei; Reforma Laboral,Derechas
195899,2024,Política y Economía,Derechas; Empleo; Javier Milei; Reforma Laboral,Empleo
195899,2024,Política y Economía,Derechas; Empleo; Javier Milei; Reforma Laboral,Javier Milei
195899,2024,Política y Economía,Derechas; Empleo; Javier Milei; Reforma Laboral,Reforma Laboral
195917,2024,Política y Economía,Antisemitismo; Javier Milei; Negacionismo; Racismo,Antisemitismo
195917,2024,Política y Economía,Antisemitismo; Javier Milei; Negacionismo; Racismo,Javier Milei
195917,2024,Política y Economía,Antisemitismo; Javier Milei; Negacionismo; Racismo,Negacionismo
195917,2024,Política y Economía,Antisemitismo; Javier Milei; Negacionismo; Racismo,Racismo
195939,2024,Culturas,Ambiente; Capitalismo; Hongos,Ambiente
195939,2024,Culturas,Ambiente; Capitalismo; Hongos,Capitalismo
195939,2024,Culturas,Ambiente; Capitalismo; Hongos,Hongos
195939,2024,Política y Economía,Ambiente; Capitalismo; Hongos,Ambiente
195939,2024,Política y Economía,Ambiente; Capitalismo; Hongos,Capitalismo
195939,2024,Política y Economía,Ambiente; Capitalismo; Hongos,Hongos
196005,2024,Culturas,Diego Maradona; Fútbol; Lionel Messi; Mundial de fútbol; Selección Argentina,Diego Maradona
196005,2024,Culturas,Diego Maradona; Fútbol; Lionel Messi; Mundial de fútbol; Selección Argentina,Fútbol
196005,2024,Culturas,Diego Maradona; Fútbol; Lionel Messi; Mundial de fútbol; Selección Argentina,Lionel Messi
196005,2024,Culturas,Diego Maradona; Fútbol; Lionel Messi; Mundial de fútbol; Selección Argentina,Mundial De Fútbol
196005,2024,Culturas,Diego Maradona; Fútbol; Lionel Messi; Mundial de fútbol; Selección Argentina,Selección Argentina
196021,2024,Política y Economía,America Latina; Brasil; Derechas; Internacional; Javier Milei; UNSAM,America Latina
196021,2024,Política y Economía,America Latina; Brasil; Derechas; Internacional; Javier Milei; UNSAM,Brasil
196021,2024,Política y Economía,America Latina; Brasil; Derechas; Internacional; Javier Milei; UNSAM,Derechas
196021,2024,Política y Economía,America Latina; Brasil; Derechas; Internacional; Javier Milei; UNSAM,Internacional
196021,2024,Política y Economía,America Latina; Brasil; Derechas; Internacional; Javier Milei; UNSAM,Javier Milei
196021,2024,Política y Economía,America Latina; Brasil; Derechas; Internacional; Javier Milei; UNSAM,Unsam
196052,2024,Política y Economía,CGT; Paro General,Cgt
196052,2024,Política y Economía,CGT; Paro General,Paro General
196087,2024,Políticas de géneros,Femicidios; Homofobia; LEDA-UNSAM; Visibilidad lésbica,Femicidios
196087,2024,Políticas de géneros,Femicidios; Homofobia; LEDA-UNSAM; Visibilidad lésbica,Homofobia
196087,2024,Políticas de géneros,Femicidios; Homofobia; LEDA-UNSAM; Visibilidad lésbica,Leda-Unsam
196087,2024,Políticas de géneros,Femicidios; Homofobia; LEDA-UNSAM; Visibilidad lésbica,Visibilidad Lésbica
196128,2024,Culturas,Abuso sexual; Netflix; Series; Zapping cultural,Abuso Sexual
196128,2024,Culturas,Abuso sexual; Netflix; Series; Zapping cultural,Netflix
196128,2024,Culturas,Abuso sexual; Netflix; Series; Zapping cultural,Series
196128,2024,Culturas,Abuso sexual; Netflix; Series; Zapping cultural,Zapping Cultural
196153,2024,Política y Economía,Fuerzas armadas; Serivicio militar,Fuerzas Armadas
196153,2024,Política y Economía,Fuerzas armadas; Serivicio militar,Serivicio Militar
196159,2024,Política y Economía,Congreso; Javier Milei; Ley Ómnibus,Congreso
196159,2024,Política y Economía,Congreso; Javier Milei; Ley Ómnibus,Javier Milei
196159,2024,Política y Economía,Congreso; Javier Milei; Ley Ómnibus,Ley Ómnibus
196082,2024,Culturas,Ciencia; Inteligencia artificial; Libros; Nazismo; Zapping cultural,Ciencia
196082,2024,Culturas,Ciencia; Inteligencia artificial; Libros; Nazismo; Zapping cultural,Inteligencia Artificial
196082,2024,Culturas,Ciencia; Inteligencia artificial; Libros; Nazismo; Zapping cultural,Libros
196082,2024,Culturas,Ciencia; Inteligencia artificial; Libros; Nazismo; Zapping cultural,Nazismo
196082,2024,Culturas,Ciencia; Inteligencia artificial; Libros; Nazismo; Zapping cultural,Zapping Cultural
196174,2024,Política y Economía,ferrocarriles; transporte; trenes; trenes argentinos,Ferrocarriles
196174,2024,Política y Economía,ferrocarriles; transporte; trenes; trenes argentinos,Transporte
196174,2024,Política y Economía,ferrocarriles; transporte; trenes; trenes argentinos,Trenes
196174,2024,Política y Economía,ferrocarriles; transporte; trenes; trenes argentinos,Trenes Argentinos
196227,2024,Política y Economía,Comunicación política; Derechas; España; Internacional; Javier Milei,Comunicación Política
196227,2024,Política y Economía,Comunicación política; Derechas; España; Internacional; Javier Milei,Derechas
196227,2024,Política y Economía,Comunicación política; Derechas; España; Internacional; Javier Milei,España
196227,2024,Política y Economía,Comunicación política; Derechas; España; Internacional; Javier Milei,Internacional
196227,2024,Política y Economía,Comunicación política; Derechas; España; Internacional; Javier Milei,Javier Milei
196263,2024,Política y Economía,Derechas; Javier Milei,Derechas
196263,2024,Política y Economía,Derechas; Javier Milei,Javier Milei
196297,2024,Política y Economía,Javier Milei; Llaryora; Pacto de Mayo,Javier Milei
196297,2024,Política y Economía,Javier Milei; Llaryora; Pacto de Mayo,Llaryora
196297,2024,Política y Economía,Javier Milei; Llaryora; Pacto de Mayo,Pacto De Mayo
196323,2024,Política y Economía,Conflictos territoriales; Docentes; Misiones; Protesta social,Conflictos Territoriales
196323,2024,Política y Economía,Conflictos territoriales; Docentes; Misiones; Protesta social,Docentes
196323,2024,Política y Economía,Conflictos territoriales; Docentes; Misiones; Protesta social,Misiones
196323,2024,Política y Economía,Conflictos territoriales; Docentes; Misiones; Protesta social,Protesta Social
196331,2024,Salud,Salud mental,Salud Mental
196394,2024,Política y Economía,Derechas; Desigualdad; Javier Milei; Ley Bases; Neoliberalismo,Derechas
196394,2024,Política y Economía,Derechas; Desigualdad; Javier Milei; Ley Bases; Neoliberalismo,Desigualdad
196394,2024,Política y Economía,Derechas; Desigualdad; Javier Milei; Ley Bases; Neoliberalismo,Javier Milei
196394,2024,Política y Economía,Derechas; Desigualdad; Javier Milei; Ley Bases; Neoliberalismo,Ley Bases
196394,2024,Política y Economía,Derechas; Desigualdad; Javier Milei; Ley Bases; Neoliberalismo,Neoliberalismo
196441,2024,Culturas,Abuelas de Plaza de Mayo; Madres de Plaza de Mayo,Abuelas De Plaza De Mayo
196441,2024,Culturas,Abuelas de Plaza de Mayo; Madres de Plaza de Mayo,Madres De Plaza De Mayo
196441,2024,Política y Economía,Abuelas de Plaza de Mayo; Madres de Plaza de Mayo,Abuelas De Plaza De Mayo
196441,2024,Política y Economía,Abuelas de Plaza de Mayo; Madres de Plaza de Mayo,Madres De Plaza De Mayo
196471,2024,Culturas,Cine; Zapping cultural,Cine
196471,2024,Culturas,Cine; Zapping cultural,Zapping Cultural
196502,2024,Política y Economía,Alimentación; Comedores comunitarios; Javier Milei; Movimientos sociales; O sea digamos,Alimentación
196502,2024,Política y Economía,Alimentación; Comedores comunitarios; Javier Milei; Movimientos sociales; O sea digamos,Comedores Comunitarios
196502,2024,Política y Economía,Alimentación; Comedores comunitarios; Javier Milei; Movimientos sociales; O sea digamos,Javier Milei
196502,2024,Política y Economía,Alimentación; Comedores comunitarios; Javier Milei; Movimientos sociales; O sea digamos,Movimientos Sociales
196502,2024,Política y Economía,Alimentación; Comedores comunitarios; Javier Milei; Movimientos sociales; O sea digamos,O Sea Digamos
196550,2024,Política y Economía,Claudia Sheinbaum; Donald Trump; Internacional; México,Claudia Sheinbaum
196550,2024,Política y Economía,Claudia Sheinbaum; Donald Trump; Internacional; México,Donald Trump
196550,2024,Política y Economía,Claudia Sheinbaum; Donald Trump; Internacional; México,Internacional
196550,2024,Política y Economía,Claudia Sheinbaum; Donald Trump; Internacional; México,México
196600,2024,Políticas de géneros,Abuso sexual; Feminismos; Ni Una Menos,Abuso Sexual
196600,2024,Políticas de géneros,Abuso sexual; Feminismos; Ni Una Menos,Feminismos
196600,2024,Políticas de géneros,Abuso sexual; Feminismos; Ni Una Menos,Ni Una Menos
196243,2024,Culturas,Abuso sexual; Violencia de género,Abuso Sexual
196243,2024,Culturas,Abuso sexual; Violencia de género,Violencia De Género
196629,2024,Culturas,Tenis,Tenis
196668,2024,Culturas,Javier Milei; Libertarios; Nacionalismo,Javier Milei
196668,2024,Culturas,Javier Milei; Libertarios; Nacionalismo,Libertarios
196668,2024,Culturas,Javier Milei; Libertarios; Nacionalismo,Nacionalismo
196668,2024,Política y Economía,Javier Milei; Libertarios; Nacionalismo,Javier Milei
196668,2024,Política y Economía,Javier Milei; Libertarios; Nacionalismo,Libertarios
196668,2024,Política y Economía,Javier Milei; Libertarios; Nacionalismo,Nacionalismo
196682,2024,Política y Economía,Grupo Clarín; Javier Milei; Medios de comunicación; Un año de Milei,Grupo Clarín
196682,2024,Política y Economía,Grupo Clarín; Javier Milei; Medios de comunicación; Un año de Milei,Javier Milei
196682,2024,Política y Economía,Grupo Clarín; Javier Milei; Medios de comunicación; Un año de Milei,Medios De Comunicación
196682,2024,Política y Economía,Grupo Clarín; Javier Milei; Medios de comunicación; Un año de Milei,Un Año De Milei
196737,2024,Política y Economía,Comedores comunitarios; Javier Milei; Juan Grabois; Movimientos sociales; O sea digamos; Poder Judicial,Comedores Comunitarios
196737,2024,Política y Economía,Comedores comunitarios; Javier Milei; Juan Grabois; Movimientos sociales; O sea digamos; Poder Judicial,Javier Milei
196737,2024,Política y Economía,Comedores comunitarios; Javier Milei; Juan Grabois; Movimientos sociales; O sea digamos; Poder Judicial,Juan Grabois
196737,2024,Política y Economía,Comedores comunitarios; Javier Milei; Juan Grabois; Movimientos sociales; O sea digamos; Poder Judicial,Movimientos Sociales
196737,2024,Política y Economía,Comedores comunitarios; Javier Milei; Juan Grabois; Movimientos sociales; O sea digamos; Poder Judicial,O Sea Digamos
196737,2024,Política y Economía,Comedores comunitarios; Javier Milei; Juan Grabois; Movimientos sociales; O sea digamos; Poder Judicial,Poder Judicial
194570,2024,Política y Economía,Comedores comunitarios; Economía Popular; Escuela IDAES; Feminismos; Javier Milei; Un año de Milei,Comedores Comunitarios
194570,2024,Política y Economía,Comedores comunitarios; Economía Popular; Escuela IDAES; Feminismos; Javier Milei; Un año de Milei,Economía Popular
194570,2024,Política y Economía,Comedores comunitarios; Economía Popular; Escuela IDAES; Feminismos; Javier Milei; Un año de Milei,Escuela Idaes
194570,2024,Política y Economía,Comedores comunitarios; Economía Popular; Escuela IDAES; Feminismos; Javier Milei; Un año de Milei,Feminismos
194570,2024,Política y Economía,Comedores comunitarios; Economía Popular; Escuela IDAES; Feminismos; Javier Milei; Un año de Milei,Javier Milei
194570,2024,Política y Economía,Comedores comunitarios; Economía Popular; Escuela IDAES; Feminismos; Javier Milei; Un año de Milei,Un Año De Milei
196756,2024,Política y Economía,Cuba; Internacional; Mexico,Cuba
196756,2024,Política y Economía,Cuba; Internacional; Mexico,Internacional
196756,2024,Política y Economía,Cuba; Internacional; Mexico,Mexico
196825,2024,Política y Economía,Ambiente; Derechas; Javier Milei; RIGI,Ambiente
196825,2024,Política y Economía,Ambiente; Derechas; Javier Milei; RIGI,Derechas
196825,2024,Política y Economía,Ambiente; Derechas; Javier Milei; RIGI,Javier Milei
196825,2024,Política y Economía,Ambiente; Derechas; Javier Milei; RIGI,Rigi
196882,2024,Otras,Derechas; Javier Milei; Ley Bases,Derechas
196882,2024,Otras,Derechas; Javier Milei; Ley Bases,Javier Milei
196882,2024,Otras,Derechas; Javier Milei; Ley Bases,Ley Bases
196902,2024,Culturas,Cárceles; Teatro; Zapping cultural,Cárceles
196902,2024,Culturas,Cárceles; Teatro; Zapping cultural,Teatro
196902,2024,Culturas,Cárceles; Teatro; Zapping cultural,Zapping Cultural
196932,2024,Política y Economía,Javier Milei; Ley Bases; O sea digamos; PRO; UCR,Javier Milei
196932,2024,Política y Economía,Javier Milei; Ley Bases; O sea digamos; PRO; UCR,Ley Bases
196932,2024,Política y Economía,Javier Milei; Ley Bases; O sea digamos; PRO; UCR,O Sea Digamos
196932,2024,Política y Economía,Javier Milei; Ley Bases; O sea digamos; PRO; UCR,Pro
196932,2024,Política y Economía,Javier Milei; Ley Bases; O sea digamos; PRO; UCR,Ucr
196973,2024,Política y Economía,Congreso; Fuerzas de seguridad; Violencia policial,Congreso
196973,2024,Política y Economía,Congreso; Fuerzas de seguridad; Violencia policial,Fuerzas De Seguridad
196973,2024,Política y Economía,Congreso; Fuerzas de seguridad; Violencia policial,Violencia Policial
196981,2024,Culturas,Asociación del Fútbol Argentino; Fútbol,Asociación Del Fútbol Argentino
196981,2024,Culturas,Asociación del Fútbol Argentino; Fútbol,Fútbol
196935,2024,Política y Economía,CABA; Jorge Macri; Mauricio Macri; PRO,Caba
196935,2024,Política y Economía,CABA; Jorge Macri; Mauricio Macri; PRO,Jorge Macri
196935,2024,Política y Economía,CABA; Jorge Macri; Mauricio Macri; PRO,Mauricio Macri
196935,2024,Política y Economía,CABA; Jorge Macri; Mauricio Macri; PRO,Pro
174546,2024,Política y Economía,Eduardo Duhalde; Masacre de Avellaneda; Movimiento Piquetero; Movimientos sociales; Violencia policial,Eduardo Duhalde
174546,2024,Política y Economía,Eduardo Duhalde; Masacre de Avellaneda; Movimiento Piquetero; Movimientos sociales; Violencia policial,Masacre De Avellaneda
174546,2024,Política y Economía,Eduardo Duhalde; Masacre de Avellaneda; Movimiento Piquetero; Movimientos sociales; Violencia policial,Movimiento Piquetero
174546,2024,Política y Economía,Eduardo Duhalde; Masacre de Avellaneda; Movimiento Piquetero; Movimientos sociales; Violencia policial,Movimientos Sociales
174546,2024,Política y Economía,Eduardo Duhalde; Masacre de Avellaneda; Movimiento Piquetero; Movimientos sociales; Violencia policial,Violencia Policial
197070,2024,Política y Economía,Corrientes; Desapariciones; Justicia; Seguridad,Corrientes
197070,2024,Política y Economía,Corrientes; Desapariciones; Justicia; Seguridad,Desapariciones
197070,2024,Política y Economía,Corrientes; Desapariciones; Justicia; Seguridad,Justicia
197070,2024,Política y Economía,Corrientes; Desapariciones; Justicia; Seguridad,Seguridad
197080,2024,Política y Economía,Bolivia; Evo Morales; Internacional; Seguridad,Bolivia
197080,2024,Política y Economía,Bolivia; Evo Morales; Internacional; Seguridad,Evo Morales
197080,2024,Política y Economía,Bolivia; Evo Morales; Internacional; Seguridad,Internacional
197080,2024,Política y Economía,Bolivia; Evo Morales; Internacional; Seguridad,Seguridad
197040,2024,Política y Economía,Javier Milei; Justicia,Javier Milei
197040,2024,Política y Economía,Javier Milei; Justicia,Justicia
197026,2024,Culturas,Caparros; Javier Milei; Libros; Zapping cultural,Caparros
197026,2024,Culturas,Caparros; Javier Milei; Libros; Zapping cultural,Javier Milei
197026,2024,Culturas,Caparros; Javier Milei; Libros; Zapping cultural,Libros
197026,2024,Culturas,Caparros; Javier Milei; Libros; Zapping cultural,Zapping Cultural
197026,2024,Política y Economía,Caparros; Javier Milei; Libros; Zapping cultural,Caparros
197026,2024,Política y Economía,Caparros; Javier Milei; Libros; Zapping cultural,Javier Milei
197026,2024,Política y Economía,Caparros; Javier Milei; Libros; Zapping cultural,Libros
197026,2024,Política y Economía,Caparros; Javier Milei; Libros; Zapping cultural,Zapping Cultural
197115,2024,Política y Economía,Javier Milei; O sea digamos,Javier Milei
197115,2024,Política y Economía,Javier Milei; O sea digamos,O Sea Digamos
197129,2024,Política y Economía,Peronismo,Peronismo
197204,2024,Política y Economía,Guerra; Internacional; Rusia; Ucrania,Guerra
197204,2024,Política y Economía,Guerra; Internacional; Rusia; Ucrania,Internacional
197204,2024,Política y Economía,Guerra; Internacional; Rusia; Ucrania,Rusia
197204,2024,Política y Economía,Guerra; Internacional; Rusia; Ucrania,Ucrania
197258,2024,Culturas,Música electrónica,Música Electrónica
196351,2024,Política y Economía,Derechas; Javier Milei; Neoliberalismo,Derechas
196351,2024,Política y Economía,Derechas; Javier Milei; Neoliberalismo,Javier Milei
196351,2024,Política y Economía,Derechas; Javier Milei; Neoliberalismo,Neoliberalismo
197272,2024,Política y Economía,Javier Milei; Mercado Libre; O sea digamos,Javier Milei
197272,2024,Política y Economía,Javier Milei; Mercado Libre; O sea digamos,Mercado Libre
197272,2024,Política y Economía,Javier Milei; Mercado Libre; O sea digamos,O Sea Digamos
197281,2024,Política y Economía,Alimentación; Comedores comunitarios; Derechas; Javier Milei; Movimientos sociales,Alimentación
197281,2024,Política y Economía,Alimentación; Comedores comunitarios; Derechas; Javier Milei; Movimientos sociales,Comedores Comunitarios
197281,2024,Política y Economía,Alimentación; Comedores comunitarios; Derechas; Javier Milei; Movimientos sociales,Derechas
197281,2024,Política y Economía,Alimentación; Comedores comunitarios; Derechas; Javier Milei; Movimientos sociales,Javier Milei
197281,2024,Política y Economía,Alimentación; Comedores comunitarios; Derechas; Javier Milei; Movimientos sociales,Movimientos Sociales
197299,2024,Política y Economía,Federalismo; Javier Milei; Provincias; Tucumán,Federalismo
197299,2024,Política y Economía,Federalismo; Javier Milei; Provincias; Tucumán,Javier Milei
197299,2024,Política y Economía,Federalismo; Javier Milei; Provincias; Tucumán,Provincias
197299,2024,Política y Economía,Federalismo; Javier Milei; Provincias; Tucumán,Tucumán
197305,2024,Culturas,Capitalismo; Contracultura; Libros; Redes sociales,Capitalismo
197305,2024,Culturas,Capitalismo; Contracultura; Libros; Redes sociales,Contracultura
197305,2024,Culturas,Capitalismo; Contracultura; Libros; Redes sociales,Libros
197305,2024,Culturas,Capitalismo; Contracultura; Libros; Redes sociales,Redes Sociales
197305,2024,Política y Economía,Capitalismo; Contracultura; Libros; Redes sociales,Capitalismo
197305,2024,Política y Economía,Capitalismo; Contracultura; Libros; Redes sociales,Contracultura
197305,2024,Política y Economía,Capitalismo; Contracultura; Libros; Redes sociales,Libros
197305,2024,Política y Economía,Capitalismo; Contracultura; Libros; Redes sociales,Redes Sociales
197330,2024,Políticas de géneros,Abuso sexual; Feminismos; Laboratorio de Periodismo Performático; Teatro,Abuso Sexual
197330,2024,Políticas de géneros,Abuso sexual; Feminismos; Laboratorio de Periodismo Performático; Teatro,Feminismos
197330,2024,Políticas de géneros,Abuso sexual; Feminismos; Laboratorio de Periodismo Performático; Teatro,Laboratorio De Periodismo Performático
197330,2024,Políticas de géneros,Abuso sexual; Feminismos; Laboratorio de Periodismo Performático; Teatro,Teatro
197346,2024,Política y Economía,Internacional; Javier Milei; O sea digamos,Internacional
197346,2024,Política y Economía,Internacional; Javier Milei; O sea digamos,Javier Milei
197346,2024,Política y Economía,Internacional; Javier Milei; O sea digamos,O Sea Digamos
183736,2024,Culturas,Fútbol; Qatar 2022; Rosario; Rosariocronica; Scaloneta,Fútbol
183736,2024,Culturas,Fútbol; Qatar 2022; Rosario; Rosariocronica; Scaloneta,Qatar 2022
183736,2024,Culturas,Fútbol; Qatar 2022; Rosario; Rosariocronica; Scaloneta,Rosario
183736,2024,Culturas,Fútbol; Qatar 2022; Rosario; Rosariocronica; Scaloneta,Rosariocronica
183736,2024,Culturas,Fútbol; Qatar 2022; Rosario; Rosariocronica; Scaloneta,Scaloneta
197355,2024,Culturas,Di María; Fútbol; Lionel Messi; Selección Argentina,Di María
197355,2024,Culturas,Di María; Fútbol; Lionel Messi; Selección Argentina,Fútbol
197355,2024,Culturas,Di María; Fútbol; Lionel Messi; Selección Argentina,Lionel Messi
197355,2024,Culturas,Di María; Fútbol; Lionel Messi; Selección Argentina,Selección Argentina
197371,2024,Política y Economía,AMIA,Amia
197388,2024,Política y Economía,Javier Milei; La Libertad Avanza,Javier Milei
197388,2024,Política y Economía,Javier Milei; La Libertad Avanza,La Libertad Avanza
197403,2024,Culturas,Danza; Melisa Zulberti; Movimiento; Posguerra,Danza
197403,2024,Culturas,Danza; Melisa Zulberti; Movimiento; Posguerra,Melisa Zulberti
197403,2024,Culturas,Danza; Melisa Zulberti; Movimiento; Posguerra,Movimiento
197403,2024,Culturas,Danza; Melisa Zulberti; Movimiento; Posguerra,Posguerra
197457,2024,Política y Economía,Asociación del Fútbol Argentino; Fútbol; Javier Milei; Mauricio Macri; O sea digamos,Asociación Del Fútbol Argentino
197457,2024,Política y Economía,Asociación del Fútbol Argentino; Fútbol; Javier Milei; Mauricio Macri; O sea digamos,Fútbol
197457,2024,Política y Economía,Asociación del Fútbol Argentino; Fútbol; Javier Milei; Mauricio Macri; O sea digamos,Javier Milei
197457,2024,Política y Economía,Asociación del Fútbol Argentino; Fútbol; Javier Milei; Mauricio Macri; O sea digamos,Mauricio Macri
197457,2024,Política y Economía,Asociación del Fútbol Argentino; Fútbol; Javier Milei; Mauricio Macri; O sea digamos,O Sea Digamos
197469,2024,Culturas,Duelos; Inteligencia artificial; Muerte,Duelos
197469,2024,Culturas,Duelos; Inteligencia artificial; Muerte,Inteligencia Artificial
197469,2024,Culturas,Duelos; Inteligencia artificial; Muerte,Muerte
197469,2024,Tecnologías,Duelos; Inteligencia artificial; Muerte,Duelos
197469,2024,Tecnologías,Duelos; Inteligencia artificial; Muerte,Inteligencia Artificial
197469,2024,Tecnologías,Duelos; Inteligencia artificial; Muerte,Muerte
149400,2024,Política y Economía,Donald Trump; Estados Unidos; Internacional; Kamala Harris; Partido demócrata,Donald Trump
149400,2024,Política y Economía,Donald Trump; Estados Unidos; Internacional; Kamala Harris; Partido demócrata,Estados Unidos
149400,2024,Política y Economía,Donald Trump; Estados Unidos; Internacional; Kamala Harris; Partido demócrata,Internacional
149400,2024,Política y Economía,Donald Trump; Estados Unidos; Internacional; Kamala Harris; Partido demócrata,Kamala Harris
149400,2024,Política y Economía,Donald Trump; Estados Unidos; Internacional; Kamala Harris; Partido demócrata,Partido Demócrata
197485,2024,Culturas,Femicidios; Justicia; Nahir Galarza; Patriarcado,Femicidios
197485,2024,Culturas,Femicidios; Justicia; Nahir Galarza; Patriarcado,Justicia
197485,2024,Culturas,Femicidios; Justicia; Nahir Galarza; Patriarcado,Nahir Galarza
197485,2024,Culturas,Femicidios; Justicia; Nahir Galarza; Patriarcado,Patriarcado
197485,2024,Políticas de géneros,Femicidios; Justicia; Nahir Galarza; Patriarcado,Femicidios
197485,2024,Políticas de géneros,Femicidios; Justicia; Nahir Galarza; Patriarcado,Justicia
197485,2024,Políticas de géneros,Femicidios; Justicia; Nahir Galarza; Patriarcado,Nahir Galarza
197485,2024,Políticas de géneros,Femicidios; Justicia; Nahir Galarza; Patriarcado,Patriarcado
197502,2024,Política y Economía,Donald Trump; Elecciones; Estados Unidos; Internacional; Kamala Harris; Partido demócrata,Donald Trump
197502,2024,Política y Economía,Donald Trump; Elecciones; Estados Unidos; Internacional; Kamala Harris; Partido demócrata,Elecciones
197502,2024,Política y Economía,Donald Trump; Elecciones; Estados Unidos; Internacional; Kamala Harris; Partido demócrata,Estados Unidos
197502,2024,Política y Economía,Donald Trump; Elecciones; Estados Unidos; Internacional; Kamala Harris; Partido demócrata,Internacional
197502,2024,Política y Economía,Donald Trump; Elecciones; Estados Unidos; Internacional; Kamala Harris; Partido demócrata,Kamala Harris
197502,2024,Política y Economía,Donald Trump; Elecciones; Estados Unidos; Internacional; Kamala Harris; Partido demócrata,Partido Demócrata
197526,2024,Política y Economía,Javier Milei; O sea digamos; Sin Control 2,Javier Milei
197526,2024,Política y Economía,Javier Milei; O sea digamos; Sin Control 2,O Sea Digamos
197526,2024,Política y Economía,Javier Milei; O sea digamos; Sin Control 2,Sin Control 2
197557,2024,Política y Economía,Internacional; Venezuela,Internacional
197557,2024,Política y Economía,Internacional; Venezuela,Venezuela
197595,2024,Política y Economía,Agronegocios; Campo; Javier Milei; Retenciones; Sin Control 2,Agronegocios
197595,2024,Política y Economía,Agronegocios; Campo; Javier Milei; Retenciones; Sin Control 2,Campo
197595,2024,Política y Economía,Agronegocios; Campo; Javier Milei; Retenciones; Sin Control 2,Javier Milei
197595,2024,Política y Economía,Agronegocios; Campo; Javier Milei; Retenciones; Sin Control 2,Retenciones
197595,2024,Política y Economía,Agronegocios; Campo; Javier Milei; Retenciones; Sin Control 2,Sin Control 2
197529,2024,Culturas,Roberto Jacoby; Rock Nacional,Roberto Jacoby
197529,2024,Culturas,Roberto Jacoby; Rock Nacional,Rock Nacional
197622,2024,Política y Economía,Cuidados; Feminismos; Movimientos sociales,Cuidados
197622,2024,Política y Economía,Cuidados; Feminismos; Movimientos sociales,Feminismos
197622,2024,Política y Economía,Cuidados; Feminismos; Movimientos sociales,Movimientos Sociales
197626,2024,Política y Economía,Javier Milei; Karina Milei; La Libertad Avanza; Mauricio Macri; O sea digamos; PRO; Sin Control 2,Javier Milei
197626,2024,Política y Economía,Javier Milei; Karina Milei; La Libertad Avanza; Mauricio Macri; O sea digamos; PRO; Sin Control 2,Karina Milei
197626,2024,Política y Economía,Javier Milei; Karina Milei; La Libertad Avanza; Mauricio Macri; O sea digamos; PRO; Sin Control 2,La Libertad Avanza
197626,2024,Política y Economía,Javier Milei; Karina Milei; La Libertad Avanza; Mauricio Macri; O sea digamos; PRO; Sin Control 2,Mauricio Macri
197626,2024,Política y Economía,Javier Milei; Karina Milei; La Libertad Avanza; Mauricio Macri; O sea digamos; PRO; Sin Control 2,O Sea Digamos
197626,2024,Política y Economía,Javier Milei; Karina Milei; La Libertad Avanza; Mauricio Macri; O sea digamos; PRO; Sin Control 2,Pro
197626,2024,Política y Economía,Javier Milei; Karina Milei; La Libertad Avanza; Mauricio Macri; O sea digamos; PRO; Sin Control 2,Sin Control 2
197644,2024,Política y Economía,Javier Milei; Sin Control 2,Javier Milei
197644,2024,Política y Economía,Javier Milei; Sin Control 2,Sin Control 2
197708,2024,Políticas de géneros,Alberto Fernández; Peronismo; Violencia de género,Alberto Fernández
197708,2024,Políticas de géneros,Alberto Fernández; Peronismo; Violencia de género,Peronismo
197708,2024,Políticas de géneros,Alberto Fernández; Peronismo; Violencia de género,Violencia De Género
197728,2024,Culturas,Escrituras autobiográficas; Imprenteros; Zapping cultural,Escrituras Autobiográficas
197728,2024,Culturas,Escrituras autobiográficas; Imprenteros; Zapping cultural,Imprenteros
197728,2024,Culturas,Escrituras autobiográficas; Imprenteros; Zapping cultural,Zapping Cultural
197789,2024,Culturas,Juegos Olímpicos Paris 2024,Juegos Olímpicos Paris 2024
197789,2024,Política y Economía,Juegos Olímpicos Paris 2024,Juegos Olímpicos Paris 2024
197811,2024,Política y Economía,Alberto Fernández; O sea digamos; Peronismo; Unión por la Patria,Alberto Fernández
197811,2024,Política y Economía,Alberto Fernández; O sea digamos; Peronismo; Unión por la Patria,O Sea Digamos
197811,2024,Política y Economía,Alberto Fernández; O sea digamos; Peronismo; Unión por la Patria,Peronismo
197811,2024,Política y Economía,Alberto Fernández; O sea digamos; Peronismo; Unión por la Patria,Unión Por La Patria
197822,2024,Culturas,IA; Juventudes; Redes sociales,Ia
197822,2024,Culturas,IA; Juventudes; Redes sociales,Juventudes
197822,2024,Culturas,IA; Juventudes; Redes sociales,Redes Sociales
197822,2024,Educación,IA; Juventudes; Redes sociales,Ia
197822,2024,Educación,IA; Juventudes; Redes sociales,Juventudes
197822,2024,Educación,IA; Juventudes; Redes sociales,Redes Sociales
197831,2024,Política y Economía,Sindicalismo; Trabajo,Sindicalismo
197831,2024,Política y Economía,Sindicalismo; Trabajo,Trabajo
197836,2024,Política y Economía,Javier Milei; Libros; Sin Control 2,Javier Milei
197836,2024,Política y Economía,Javier Milei; Libros; Sin Control 2,Libros
197836,2024,Política y Economía,Javier Milei; Libros; Sin Control 2,Sin Control 2
197545,2024,Tecnologías,Arte digital; Empleo; Juventudes,Arte Digital
197545,2024,Tecnologías,Arte digital; Empleo; Juventudes,Empleo
197545,2024,Tecnologías,Arte digital; Empleo; Juventudes,Juventudes
197860,2024,Política y Economía,Peronismo,Peronismo
197870,2024,Culturas,Fútbol; Medios de comunicación,Fútbol
197870,2024,Culturas,Fútbol; Medios de comunicación,Medios De Comunicación
197882,2024,Política y Economía,Crueldad; Derechas; Javier Milei; Sin Control 2,Crueldad
197882,2024,Política y Economía,Crueldad; Derechas; Javier Milei; Sin Control 2,Derechas
197882,2024,Política y Economía,Crueldad; Derechas; Javier Milei; Sin Control 2,Javier Milei
197882,2024,Política y Economía,Crueldad; Derechas; Javier Milei; Sin Control 2,Sin Control 2
197929,2024,Política y Economía,Javier Milei; O sea digamos; Redes sociales; Sin Control 2,Javier Milei
197929,2024,Política y Economía,Javier Milei; O sea digamos; Redes sociales; Sin Control 2,O Sea Digamos
197929,2024,Política y Economía,Javier Milei; O sea digamos; Redes sociales; Sin Control 2,Redes Sociales
197929,2024,Política y Economía,Javier Milei; O sea digamos; Redes sociales; Sin Control 2,Sin Control 2
197944,2024,Política y Economía,Rosario; Rosariocronica; Santa Fe; UCR,Rosario
197944,2024,Política y Economía,Rosario; Rosariocronica; Santa Fe; UCR,Rosariocronica
197944,2024,Política y Economía,Rosario; Rosariocronica; Santa Fe; UCR,Santa Fe
197944,2024,Política y Economía,Rosario; Rosariocronica; Santa Fe; UCR,Ucr
197939,2024,Política y Economía,China; Estados Unidos; Internacional,China
197939,2024,Política y Economía,China; Estados Unidos; Internacional,Estados Unidos
197939,2024,Política y Economía,China; Estados Unidos; Internacional,Internacional
197979,2024,Política y Economía,Javier Milei; LGBTIQ+,Javier Milei
197979,2024,Política y Economía,Javier Milei; LGBTIQ+,Lgbtiq+
197979,2024,Políticas de géneros,Javier Milei; LGBTIQ+,Javier Milei
197979,2024,Políticas de géneros,Javier Milei; LGBTIQ+,Lgbtiq+
198024,2024,Política y Economía,Congreso; Derechos Humanos; Javier Milei; Sin Control 2,Congreso
198024,2024,Política y Economía,Congreso; Derechos Humanos; Javier Milei; Sin Control 2,Derechos Humanos
198024,2024,Política y Economía,Congreso; Derechos Humanos; Javier Milei; Sin Control 2,Javier Milei
198024,2024,Política y Economía,Congreso; Derechos Humanos; Javier Milei; Sin Control 2,Sin Control 2
198049,2024,Política y Economía,Abuso sexual; Misiones,Abuso Sexual
198049,2024,Política y Economía,Abuso sexual; Misiones,Misiones
198066,2024,Tecnologías,Inteligencia artificial,Inteligencia Artificial
197987,2024,Amor y sexo,Feminismos; Vínculos,Feminismos
197987,2024,Amor y sexo,Feminismos; Vínculos,Vínculos
197987,2024,Culturas,Feminismos; Vínculos,Feminismos
197987,2024,Culturas,Feminismos; Vínculos,Vínculos
198095,2024,Culturas,Feria del Libro Rosario; Rosariocronica,Feria Del Libro Rosario
198095,2024,Culturas,Feria del Libro Rosario; Rosariocronica,Rosariocronica
198105,2024,Política y Economía,AFJP; Derechas; Javier Milei; Jubilados; Sin Control 2; Un año de Milei,Afjp
198105,2024,Política y Economía,AFJP; Derechas; Javier Milei; Jubilados; Sin Control 2; Un año de Milei,Derechas
198105,2024,Política y Economía,AFJP; Derechas; Javier Milei; Jubilados; Sin Control 2; Un año de Milei,Javier Milei
198105,2024,Política y Economía,AFJP; Derechas; Javier Milei; Jubilados; Sin Control 2; Un año de Milei,Jubilados
198105,2024,Política y Economía,AFJP; Derechas; Javier Milei; Jubilados; Sin Control 2; Un año de Milei,Sin Control 2
198105,2024,Política y Economía,AFJP; Derechas; Javier Milei; Jubilados; Sin Control 2; Un año de Milei,Un Año De Milei
198132,2024,Educación,Javier Milei; Marcha Universitaria; O sea digamos; Sin Control 2; Universidad pública,Javier Milei
198132,2024,Educación,Javier Milei; Marcha Universitaria; O sea digamos; Sin Control 2; Universidad pública,Marcha Universitaria
198132,2024,Educación,Javier Milei; Marcha Universitaria; O sea digamos; Sin Control 2; Universidad pública,O Sea Digamos
198132,2024,Educación,Javier Milei; Marcha Universitaria; O sea digamos; Sin Control 2; Universidad pública,Sin Control 2
198132,2024,Educación,Javier Milei; Marcha Universitaria; O sea digamos; Sin Control 2; Universidad pública,Universidad Pública
198132,2024,Política y Economía,Javier Milei; Marcha Universitaria; O sea digamos; Sin Control 2; Universidad pública,Javier Milei
198132,2024,Política y Economía,Javier Milei; Marcha Universitaria; O sea digamos; Sin Control 2; Universidad pública,Marcha Universitaria
198132,2024,Política y Economía,Javier Milei; Marcha Universitaria; O sea digamos; Sin Control 2; Universidad pública,O Sea Digamos
198132,2024,Política y Economía,Javier Milei; Marcha Universitaria; O sea digamos; Sin Control 2; Universidad pública,Sin Control 2
198132,2024,Política y Economía,Javier Milei; Marcha Universitaria; O sea digamos; Sin Control 2; Universidad pública,Universidad Pública
198152,2024,Política y Economía,Crisis; Movimientos sociales; Sin Control 2,Crisis
198152,2024,Política y Economía,Crisis; Movimientos sociales; Sin Control 2,Movimientos Sociales
198152,2024,Política y Economía,Crisis; Movimientos sociales; Sin Control 2,Sin Control 2
197669,2024,Ambiente,Cambio climático; Crisis climática; Energía nuclear; Transición energética,Cambio Climático
197669,2024,Ambiente,Cambio climático; Crisis climática; Energía nuclear; Transición energética,Crisis Climática
197669,2024,Ambiente,Cambio climático; Crisis climática; Energía nuclear; Transición energética,Energía Nuclear
197669,2024,Ambiente,Cambio climático; Crisis climática; Energía nuclear; Transición energética,Transición Energética
198285,2024,Política y Economía,24M: Día de la memoria por la verdad y la justicia; Derechos Humanos; Dictadura; Sin Control 2; Un año de Milei; Victoria Villarruel,24M: Día De La Memoria Por La Verdad Y La Justicia
198285,2024,Política y Economía,24M: Día de la memoria por la verdad y la justicia; Derechos Humanos; Dictadura; Sin Control 2; Un año de Milei; Victoria Villarruel,Derechos Humanos
198285,2024,Política y Economía,24M: Día de la memoria por la verdad y la justicia; Derechos Humanos; Dictadura; Sin Control 2; Un año de Milei; Victoria Villarruel,Dictadura
198285,2024,Política y Economía,24M: Día de la memoria por la verdad y la justicia; Derechos Humanos; Dictadura; Sin Control 2; Un año de Milei; Victoria Villarruel,Sin Control 2
198285,2024,Política y Economía,24M: Día de la memoria por la verdad y la justicia; Derechos Humanos; Dictadura; Sin Control 2; Un año de Milei; Victoria Villarruel,Un Año De Milei
198285,2024,Política y Economía,24M: Día de la memoria por la verdad y la justicia; Derechos Humanos; Dictadura; Sin Control 2; Un año de Milei; Victoria Villarruel,Victoria Villarruel
198346,2024,Culturas,ARTLAB; Amplify; Mutek; artesdigitales,Artlab
198346,2024,Culturas,ARTLAB; Amplify; Mutek; artesdigitales,Amplify
198346,2024,Culturas,ARTLAB; Amplify; Mutek; artesdigitales,Mutek
198346,2024,Culturas,ARTLAB; Amplify; Mutek; artesdigitales,Artesdigitales
198432,2024,Política y Economía,Congreso; Javier Milei; Populismo; Presupuesto 2025; Sin Control 2,Congreso
198432,2024,Política y Economía,Congreso; Javier Milei; Populismo; Presupuesto 2025; Sin Control 2,Javier Milei
198432,2024,Política y Economía,Congreso; Javier Milei; Populismo; Presupuesto 2025; Sin Control 2,Populismo
198432,2024,Política y Economía,Congreso; Javier Milei; Populismo; Presupuesto 2025; Sin Control 2,Presupuesto 2025
198432,2024,Política y Economía,Congreso; Javier Milei; Populismo; Presupuesto 2025; Sin Control 2,Sin Control 2
198558,2024,Política y Economía,Nicolas Maduro; Venezuela,Nicolas Maduro
198558,2024,Política y Economía,Nicolas Maduro; Venezuela,Venezuela
198637,2024,Política y Economía,Alimentación; Comedores comunitarios; Transgénicos,Alimentación
198637,2024,Política y Economía,Alimentación; Comedores comunitarios; Transgénicos,Comedores Comunitarios
198637,2024,Política y Economía,Alimentación; Comedores comunitarios; Transgénicos,Transgénicos
198735,2024,Culturas,Amplify; BritishCouncil; Mutek; artesdigitales; mujeres y disidencias,Amplify
198735,2024,Culturas,Amplify; BritishCouncil; Mutek; artesdigitales; mujeres y disidencias,Britishcouncil
198735,2024,Culturas,Amplify; BritishCouncil; Mutek; artesdigitales; mujeres y disidencias,Mutek
198735,2024,Culturas,Amplify; BritishCouncil; Mutek; artesdigitales; mujeres y disidencias,Artesdigitales
198735,2024,Culturas,Amplify; BritishCouncil; Mutek; artesdigitales; mujeres y disidencias,Mujeres Y Disidencias
198799,2024,Política y Economía,Reforma Laboral; Trabajo,Reforma Laboral
198799,2024,Política y Economía,Reforma Laboral; Trabajo,Trabajo
198816,2024,Culturas,Iglesia Católica; Opus Dei; Religión,Iglesia Católica
198816,2024,Culturas,Iglesia Católica; Opus Dei; Religión,Opus Dei
198816,2024,Culturas,Iglesia Católica; Opus Dei; Religión,Religión
198833,2024,Política y Economía,Anticomunismo; Derechas; Javier Milei; Sin Control 2,Anticomunismo
198833,2024,Política y Economía,Anticomunismo; Derechas; Javier Milei; Sin Control 2,Derechas
198833,2024,Política y Economía,Anticomunismo; Derechas; Javier Milei; Sin Control 2,Javier Milei
198833,2024,Política y Economía,Anticomunismo; Derechas; Javier Milei; Sin Control 2,Sin Control 2
198934,2024,Ambiente,Córdoba; Incendios; Incendios forestales,Córdoba
198934,2024,Ambiente,Córdoba; Incendios; Incendios forestales,Incendios
198934,2024,Ambiente,Córdoba; Incendios; Incendios forestales,Incendios Forestales
198943,2024,Culturas,Ciencia; FILBA; Ficción; Zapping cultural,Ciencia
198943,2024,Culturas,Ciencia; FILBA; Ficción; Zapping cultural,Filba
198943,2024,Culturas,Ciencia; FILBA; Ficción; Zapping cultural,Ficción
198943,2024,Culturas,Ciencia; FILBA; Ficción; Zapping cultural,Zapping Cultural
199005,2024,Política y Economía,Javier Milei; Karina Milei; O sea digamos; Sin Control 2,Javier Milei
199005,2024,Política y Economía,Javier Milei; Karina Milei; O sea digamos; Sin Control 2,Karina Milei
199005,2024,Política y Economía,Javier Milei; Karina Milei; O sea digamos; Sin Control 2,O Sea Digamos
199005,2024,Política y Economía,Javier Milei; Karina Milei; O sea digamos; Sin Control 2,Sin Control 2
199099,2024,Amor y sexo,Discursos de odio; Javier Milei; Sin Control 2; Un año de Milei; Violencia,Discursos De Odio
199099,2024,Amor y sexo,Discursos de odio; Javier Milei; Sin Control 2; Un año de Milei; Violencia,Javier Milei
199099,2024,Amor y sexo,Discursos de odio; Javier Milei; Sin Control 2; Un año de Milei; Violencia,Sin Control 2
199099,2024,Amor y sexo,Discursos de odio; Javier Milei; Sin Control 2; Un año de Milei; Violencia,Un Año De Milei
199099,2024,Amor y sexo,Discursos de odio; Javier Milei; Sin Control 2; Un año de Milei; Violencia,Violencia
199126,2024,Culturas,Feminismos; Series; Zapping cultural,Feminismos
199126,2024,Culturas,Feminismos; Series; Zapping cultural,Series
199126,2024,Culturas,Feminismos; Series; Zapping cultural,Zapping Cultural
199160,2024,Educación,Marcha Universitaria; Periodismo narrativo; UNSAM; Universidad pública,Marcha Universitaria
199160,2024,Educación,Marcha Universitaria; Periodismo narrativo; UNSAM; Universidad pública,Periodismo Narrativo
199160,2024,Educación,Marcha Universitaria; Periodismo narrativo; UNSAM; Universidad pública,Unsam
199160,2024,Educación,Marcha Universitaria; Periodismo narrativo; UNSAM; Universidad pública,Universidad Pública
199160,2024,Política y Economía,Marcha Universitaria; Periodismo narrativo; UNSAM; Universidad pública,Marcha Universitaria
199160,2024,Política y Economía,Marcha Universitaria; Periodismo narrativo; UNSAM; Universidad pública,Periodismo Narrativo
199160,2024,Política y Economía,Marcha Universitaria; Periodismo narrativo; UNSAM; Universidad pública,Unsam
199160,2024,Política y Economía,Marcha Universitaria; Periodismo narrativo; UNSAM; Universidad pública,Universidad Pública
199179,2024,Política y Economía,Antipolítica; Brasil; Internacional; Jair Bolsonaro; Lula da Silva,Antipolítica
199179,2024,Política y Economía,Antipolítica; Brasil; Internacional; Jair Bolsonaro; Lula da Silva,Brasil
199179,2024,Política y Economía,Antipolítica; Brasil; Internacional; Jair Bolsonaro; Lula da Silva,Internacional
199179,2024,Política y Economía,Antipolítica; Brasil; Internacional; Jair Bolsonaro; Lula da Silva,Jair Bolsonaro
199179,2024,Política y Economía,Antipolítica; Brasil; Internacional; Jair Bolsonaro; Lula da Silva,Lula Da Silva
199174,2024,Culturas,Dictadura; Series; Zapping cultural,Dictadura
199174,2024,Culturas,Dictadura; Series; Zapping cultural,Series
199174,2024,Culturas,Dictadura; Series; Zapping cultural,Zapping Cultural
199174,2024,Política y Economía,Dictadura; Series; Zapping cultural,Dictadura
199174,2024,Política y Economía,Dictadura; Series; Zapping cultural,Series
199174,2024,Política y Economía,Dictadura; Series; Zapping cultural,Zapping Cultural
199313,2024,Política y Economía,Fernanda Miño; Juan Grabois; violencia institucional,Fernanda Miño
199313,2024,Política y Economía,Fernanda Miño; Juan Grabois; violencia institucional,Juan Grabois
199313,2024,Política y Economía,Fernanda Miño; Juan Grabois; violencia institucional,Violencia Institucional
199303,2024,Culturas,Género; Jerarquías sociales; Raza,Género
199303,2024,Culturas,Género; Jerarquías sociales; Raza,Jerarquías Sociales
199303,2024,Culturas,Género; Jerarquías sociales; Raza,Raza
199354,2024,Políticas de géneros,Encuentro Plurinacional de Mujeres; Feminismos; Jujuy,Encuentro Plurinacional De Mujeres
199354,2024,Políticas de géneros,Encuentro Plurinacional de Mujeres; Feminismos; Jujuy,Feminismos
199354,2024,Políticas de géneros,Encuentro Plurinacional de Mujeres; Feminismos; Jujuy,Jujuy
199309,2024,Política y Economía,Anses; Derechas; Estado; Javier Milei; Sin Control 2,Anses
199309,2024,Política y Economía,Anses; Derechas; Estado; Javier Milei; Sin Control 2,Derechas
199309,2024,Política y Economía,Anses; Derechas; Estado; Javier Milei; Sin Control 2,Estado
199309,2024,Política y Economía,Anses; Derechas; Estado; Javier Milei; Sin Control 2,Javier Milei
199309,2024,Política y Economía,Anses; Derechas; Estado; Javier Milei; Sin Control 2,Sin Control 2
199361,2024,Políticas de géneros,Feminismos; Masculinidades,Feminismos
199361,2024,Políticas de géneros,Feminismos; Masculinidades,Masculinidades
199368,2024,Culturas,Cine; Zapping cultural,Cine
199368,2024,Culturas,Cine; Zapping cultural,Zapping Cultural
199470,2024,Educación,Javier Milei; Marcha Universitaria; Sin Control 2; Universidad pública,Javier Milei
199470,2024,Educación,Javier Milei; Marcha Universitaria; Sin Control 2; Universidad pública,Marcha Universitaria
199470,2024,Educación,Javier Milei; Marcha Universitaria; Sin Control 2; Universidad pública,Sin Control 2
199470,2024,Educación,Javier Milei; Marcha Universitaria; Sin Control 2; Universidad pública,Universidad Pública
199470,2024,Política y Economía,Javier Milei; Marcha Universitaria; Sin Control 2; Universidad pública,Javier Milei
199470,2024,Política y Economía,Javier Milei; Marcha Universitaria; Sin Control 2; Universidad pública,Marcha Universitaria
199470,2024,Política y Economía,Javier Milei; Marcha Universitaria; Sin Control 2; Universidad pública,Sin Control 2
199470,2024,Política y Economía,Javier Milei; Marcha Universitaria; Sin Control 2; Universidad pública,Universidad Pública
199516,2024,Política y Economía,Axel Kicillof; Cristina Fernández de Kirchner; O sea digamos; Peronismo,Axel Kicillof
199516,2024,Política y Economía,Axel Kicillof; Cristina Fernández de Kirchner; O sea digamos; Peronismo,Cristina Fernández De Kirchner
199516,2024,Política y Economía,Axel Kicillof; Cristina Fernández de Kirchner; O sea digamos; Peronismo,O Sea Digamos
199516,2024,Política y Economía,Axel Kicillof; Cristina Fernández de Kirchner; O sea digamos; Peronismo,Peronismo
199525,2024,Culturas,Libros,Libros
159010,2024,Culturas,Charly García; Música; Rock Nacional,Charly García
159010,2024,Culturas,Charly García; Música; Rock Nacional,Música
159010,2024,Culturas,Charly García; Música; Rock Nacional,Rock Nacional
199613,2024,Educación,Javier Milei; Pobreza; Universidad pública,Javier Milei
199613,2024,Educación,Javier Milei; Pobreza; Universidad pública,Pobreza
199613,2024,Educación,Javier Milei; Pobreza; Universidad pública,Universidad Pública
199613,2024,Política y Economía,Javier Milei; Pobreza; Universidad pública,Javier Milei
199613,2024,Política y Economía,Javier Milei; Pobreza; Universidad pública,Pobreza
199613,2024,Política y Economía,Javier Milei; Pobreza; Universidad pública,Universidad Pública
199634,2024,Culturas,Música; Trap; Zapping cultural,Música
199634,2024,Culturas,Música; Trap; Zapping cultural,Trap
199634,2024,Culturas,Música; Trap; Zapping cultural,Zapping Cultural
199771,2024,Políticas de géneros,BA,Ba
199787,2024,Política y Economía,Crisis; Inflación; Javier Milei; O sea digamos; Sin Control 2,Crisis
199787,2024,Política y Economía,Crisis; Inflación; Javier Milei; O sea digamos; Sin Control 2,Inflación
199787,2024,Política y Economía,Crisis; Inflación; Javier Milei; O sea digamos; Sin Control 2,Javier Milei
199787,2024,Política y Economía,Crisis; Inflación; Javier Milei; O sea digamos; Sin Control 2,O Sea Digamos
199787,2024,Política y Economía,Crisis; Inflación; Javier Milei; O sea digamos; Sin Control 2,Sin Control 2
199794,2024,Políticas de géneros,LGBT; LGBTIQ+; LGBTTINB+; Orgullo,Lgbt
199794,2024,Políticas de géneros,LGBT; LGBTIQ+; LGBTTINB+; Orgullo,Lgbtiq+
199794,2024,Políticas de géneros,LGBT; LGBTIQ+; LGBTTINB+; Orgullo,Lgbttinb+
199794,2024,Políticas de géneros,LGBT; LGBTIQ+; LGBTTINB+; Orgullo,Orgullo
199816,2024,Política y Economía,Donald Trump; Estados Unidos; Internacional,Donald Trump
199816,2024,Política y Economía,Donald Trump; Estados Unidos; Internacional,Estados Unidos
199816,2024,Política y Economía,Donald Trump; Estados Unidos; Internacional,Internacional
199832,2024,Política y Economía,Democracia; Derechas; Internacional; LEDA-UNSAM; Neoliberalismo,Democracia
199832,2024,Política y Economía,Democracia; Derechas; Internacional; LEDA-UNSAM; Neoliberalismo,Derechas
199832,2024,Política y Economía,Democracia; Derechas; Internacional; LEDA-UNSAM; Neoliberalismo,Internacional
199832,2024,Política y Economía,Democracia; Derechas; Internacional; LEDA-UNSAM; Neoliberalismo,Leda-Unsam
199832,2024,Política y Economía,Democracia; Derechas; Internacional; LEDA-UNSAM; Neoliberalismo,Neoliberalismo
199886,2024,Ambiente,Derechas; España; Internacional,Derechas
199886,2024,Ambiente,Derechas; España; Internacional,España
199886,2024,Ambiente,Derechas; España; Internacional,Internacional
199886,2024,Política y Economía,Derechas; España; Internacional,Derechas
199886,2024,Política y Economía,Derechas; España; Internacional,España
199886,2024,Política y Economía,Derechas; España; Internacional,Internacional
199899,2024,Política y Economía,La Libertad Avanza; Pobreza,La Libertad Avanza
199899,2024,Política y Economía,La Libertad Avanza; Pobreza,Pobreza
199922,2024,Política y Economía,Internacional; Javier Milei; Politica exterior; Sin Control 2; Un año de Milei,Internacional
199922,2024,Política y Economía,Internacional; Javier Milei; Politica exterior; Sin Control 2; Un año de Milei,Javier Milei
199922,2024,Política y Economía,Internacional; Javier Milei; Politica exterior; Sin Control 2; Un año de Milei,Politica Exterior
199922,2024,Política y Economía,Internacional; Javier Milei; Politica exterior; Sin Control 2; Un año de Milei,Sin Control 2
199922,2024,Política y Economía,Internacional; Javier Milei; Politica exterior; Sin Control 2; Un año de Milei,Un Año De Milei
199981,2024,Culturas,Cine; Pedro Almodóvar; Zapping cultural,Cine
199981,2024,Culturas,Cine; Pedro Almodóvar; Zapping cultural,Pedro Almodóvar
199981,2024,Culturas,Cine; Pedro Almodóvar; Zapping cultural,Zapping Cultural
200043,2024,Política y Economía,Barras bravas; Fútbol; Rosario; Violencia,Barras Bravas
200043,2024,Política y Economía,Barras bravas; Fútbol; Rosario; Violencia,Fútbol
200043,2024,Política y Economía,Barras bravas; Fútbol; Rosario; Violencia,Rosario
200043,2024,Política y Economía,Barras bravas; Fútbol; Rosario; Violencia,Violencia
200063,2024,Amor y sexo,Libros; Zapping cultural,Libros
200063,2024,Amor y sexo,Libros; Zapping cultural,Zapping Cultural
200063,2024,Culturas,Libros; Zapping cultural,Libros
200063,2024,Culturas,Libros; Zapping cultural,Zapping Cultural
200192,2024,Política y Economía,Peronismo,Peronismo
200216,2024,Política y Economía,Desigualdad; Impuesto a las grandes riquezas; Javier Milei; Mitos impuestos,Desigualdad
200216,2024,Política y Economía,Desigualdad; Impuesto a las grandes riquezas; Javier Milei; Mitos impuestos,Impuesto A Las Grandes Riquezas
200216,2024,Política y Economía,Desigualdad; Impuesto a las grandes riquezas; Javier Milei; Mitos impuestos,Javier Milei
200216,2024,Política y Economía,Desigualdad; Impuesto a las grandes riquezas; Javier Milei; Mitos impuestos,Mitos Impuestos
200276,2024,Políticas de géneros,Dictadura; Javier Milei; Literatura,Dictadura
200276,2024,Políticas de géneros,Dictadura; Javier Milei; Literatura,Javier Milei
200276,2024,Políticas de géneros,Dictadura; Javier Milei; Literatura,Literatura
200284,2024,Políticas de géneros,8M; 8M: Paro internacional y plurinacional de mujeres y disidencias; Feminismos,8M
200284,2024,Políticas de géneros,8M; 8M: Paro internacional y plurinacional de mujeres y disidencias; Feminismos,8M: Paro Internacional Y Plurinacional De Mujeres Y Disidencias
200284,2024,Políticas de géneros,8M; 8M: Paro internacional y plurinacional de mujeres y disidencias; Feminismos,Feminismos
200288,2024,Política y Economía,Frente Amplio; Internacional; Uruguay,Frente Amplio
200288,2024,Política y Economía,Frente Amplio; Internacional; Uruguay,Internacional
200288,2024,Política y Economía,Frente Amplio; Internacional; Uruguay,Uruguay
200378,2024,Política y Economía,Batalla cultural; Derecha; Desigualdad,Batalla Cultural
200378,2024,Política y Economía,Batalla cultural; Derecha; Desigualdad,Derecha
200378,2024,Política y Economía,Batalla cultural; Derecha; Desigualdad,Desigualdad
200475,2024,Culturas,El último rincón de Sudamérica; Guayana Francesa; Internacional; el ultimo rincon de sudamerica,El Último Rincón De Sudamérica
200475,2024,Culturas,El último rincón de Sudamérica; Guayana Francesa; Internacional; el ultimo rincon de sudamerica,Guayana Francesa
200475,2024,Culturas,El último rincón de Sudamérica; Guayana Francesa; Internacional; el ultimo rincon de sudamerica,Internacional
200475,2024,Culturas,El último rincón de Sudamérica; Guayana Francesa; Internacional; el ultimo rincon de sudamerica,El Ultimo Rincon De Sudamerica
200475,2024,Política y Economía,El último rincón de Sudamérica; Guayana Francesa; Internacional; el ultimo rincon de sudamerica,El Último Rincón De Sudamérica
200475,2024,Política y Economía,El último rincón de Sudamérica; Guayana Francesa; Internacional; el ultimo rincon de sudamerica,Guayana Francesa
200475,2024,Política y Economía,El último rincón de Sudamérica; Guayana Francesa; Internacional; el ultimo rincon de sudamerica,Internacional
200475,2024,Política y Economía,El último rincón de Sudamérica; Guayana Francesa; Internacional; el ultimo rincon de sudamerica,El Ultimo Rincon De Sudamerica
200564,2024,Culturas,Wanda Nara; Zapping cultural,Wanda Nara
200564,2024,Culturas,Wanda Nara; Zapping cultural,Zapping Cultural
200576,2024,Salud,Autismo; Autista; Trastorno del Espectro Autista,Autismo
200576,2024,Salud,Autismo; Autista; Trastorno del Espectro Autista,Autista
200576,2024,Salud,Autismo; Autista; Trastorno del Espectro Autista,Trastorno Del Espectro Autista
200580,2024,Política y Economía,Derechas; La Libertad Avanza; Negacionismo; Nicolás Márquez,Derechas
200580,2024,Política y Economía,Derechas; La Libertad Avanza; Negacionismo; Nicolás Márquez,La Libertad Avanza
200580,2024,Política y Economía,Derechas; La Libertad Avanza; Negacionismo; Nicolás Márquez,Negacionismo
200580,2024,Política y Economía,Derechas; La Libertad Avanza; Negacionismo; Nicolás Márquez,Nicolás Márquez
195563,2024,Política y Economía,Derechas; Javier Milei; Karina Milei; La Libertad Avanza; Un año de Milei,Derechas
195563,2024,Política y Economía,Derechas; Javier Milei; Karina Milei; La Libertad Avanza; Un año de Milei,Javier Milei
195563,2024,Política y Economía,Derechas; Javier Milei; Karina Milei; La Libertad Avanza; Un año de Milei,Karina Milei
195563,2024,Política y Economía,Derechas; Javier Milei; Karina Milei; La Libertad Avanza; Un año de Milei,La Libertad Avanza
195563,2024,Política y Economía,Derechas; Javier Milei; Karina Milei; La Libertad Avanza; Un año de Milei,Un Año De Milei
194411,2024,Política y Economía,Derechas; Donald Trump; Javier Milei; La Libertad Avanza; Un año de Milei,Derechas
194411,2024,Política y Economía,Derechas; Donald Trump; Javier Milei; La Libertad Avanza; Un año de Milei,Donald Trump
194411,2024,Política y Economía,Derechas; Donald Trump; Javier Milei; La Libertad Avanza; Un año de Milei,Javier Milei
194411,2024,Política y Economía,Derechas; Donald Trump; Javier Milei; La Libertad Avanza; Un año de Milei,La Libertad Avanza
194411,2024,Política y Economía,Derechas; Donald Trump; Javier Milei; La Libertad Avanza; Un año de Milei,Un Año De Milei
200605,2024,Culturas,Derechas; Discursos de odio; Javier Milei; LEDA-UNSAM,Derechas
200605,2024,Culturas,Derechas; Discursos de odio; Javier Milei; LEDA-UNSAM,Discursos De Odio
200605,2024,Culturas,Derechas; Discursos de odio; Javier Milei; LEDA-UNSAM,Javier Milei
200605,2024,Culturas,Derechas; Discursos de odio; Javier Milei; LEDA-UNSAM,Leda-Unsam
200605,2024,Política y Economía,Derechas; Discursos de odio; Javier Milei; LEDA-UNSAM,Derechas
200605,2024,Política y Economía,Derechas; Discursos de odio; Javier Milei; LEDA-UNSAM,Discursos De Odio
200605,2024,Política y Economía,Derechas; Discursos de odio; Javier Milei; LEDA-UNSAM,Javier Milei
200605,2024,Política y Economía,Derechas; Discursos de odio; Javier Milei; LEDA-UNSAM,Leda-Unsam
200625,2024,Educación,Cuidados; Discursos de odio; PALANCAS; Territorio Educativo; UNSAM,Cuidados
200625,2024,Educación,Cuidados; Discursos de odio; PALANCAS; Territorio Educativo; UNSAM,Discursos De Odio
200625,2024,Educación,Cuidados; Discursos de odio; PALANCAS; Territorio Educativo; UNSAM,Palancas
200625,2024,Educación,Cuidados; Discursos de odio; PALANCAS; Territorio Educativo; UNSAM,Territorio Educativo
200625,2024,Educación,Cuidados; Discursos de odio; PALANCAS; Territorio Educativo; UNSAM,Unsam
200641,2024,Política y Economía,Cristina Fernández de Kirchner; Javier Milei; O sea digamos; Sin Control 2,Cristina Fernández De Kirchner
200641,2024,Política y Economía,Cristina Fernández de Kirchner; Javier Milei; O sea digamos; Sin Control 2,Javier Milei
200641,2024,Política y Economía,Cristina Fernández de Kirchner; Javier Milei; O sea digamos; Sin Control 2,O Sea Digamos
200641,2024,Política y Economía,Cristina Fernández de Kirchner; Javier Milei; O sea digamos; Sin Control 2,Sin Control 2
200658,2024,Política y Economía,Derechas; Javier Milei; Un año de Milei,Derechas
200658,2024,Política y Economía,Derechas; Javier Milei; Un año de Milei,Javier Milei
200658,2024,Política y Economía,Derechas; Javier Milei; Un año de Milei,Un Año De Milei
200710,2024,Política y Economía,Federalismo; Javier Milei; Misiones,Federalismo
200710,2024,Política y Economía,Federalismo; Javier Milei; Misiones,Javier Milei
200710,2024,Política y Economía,Federalismo; Javier Milei; Misiones,Misiones
200819,2024,Política y Economía,Derechas; Inflación; Javier Milei,Derechas
200819,2024,Política y Economía,Derechas; Inflación; Javier Milei,Inflación
200819,2024,Política y Economía,Derechas; Inflación; Javier Milei,Javier Milei
200963,2024,Culturas,El último rincón de Sudamérica; Guayana Francesa; Surinam,El Último Rincón De Sudamérica
200963,2024,Culturas,El último rincón de Sudamérica; Guayana Francesa; Surinam,Guayana Francesa
200963,2024,Culturas,El último rincón de Sudamérica; Guayana Francesa; Surinam,Surinam
201125,2024,Culturas,Libros,Libros
201125,2024,Política y Economía,Libros,Libros
201170,2024,Culturas,Literatura,Literatura
201170,2024,Política y Economía,Literatura,Literatura
201296,2024,Políticas de géneros,Femicidios,Femicidios
201288,2024,Otras,#ComunidadAnfibia,#Comunidadanfibia
201435,2024,Culturas,Zapping cultural,Zapping Cultural
201462,2024,Salud,Azúcar,Azúcar
201479,2024,Política y Economía,El último rincón de Sudamérica; Guyana,El Último Rincón De Sudamérica
201479,2024,Política y Economía,El último rincón de Sudamérica; Guyana,Guyana
201532,2024,Culturas,Corrupción; Rock Nacional,Corrupción
201532,2024,Culturas,Corrupción; Rock Nacional,Rock Nacional
201603,2025,Culturas,Cine; Plataformas; Zapping cultural,Cine
201603,2025,Culturas,Cine; Plataformas; Zapping cultural,Plataformas
201603,2025,Culturas,Cine; Plataformas; Zapping cultural,Zapping Cultural
201661,2025,Culturas,Derechos Humanos; LGBT; LGBTIQ+; LGBTTINB+; cultura,Derechos Humanos
201661,2025,Culturas,Derechos Humanos; LGBT; LGBTIQ+; LGBTTINB+; cultura,Lgbt
201661,2025,Culturas,Derechos Humanos; LGBT; LGBTIQ+; LGBTTINB+; cultura,Lgbtiq+
201661,2025,Culturas,Derechos Humanos; LGBT; LGBTIQ+; LGBTTINB+; cultura,Lgbttinb+
201661,2025,Culturas,Derechos Humanos; LGBT; LGBTIQ+; LGBTTINB+; cultura,Cultura
201679,2025,Política y Economía,Internacional; Javier Milei; Nicolas Maduro; Patricia Bullrich; Venezuela,Internacional
201679,2025,Política y Economía,Internacional; Javier Milei; Nicolas Maduro; Patricia Bullrich; Venezuela,Javier Milei
201679,2025,Política y Economía,Internacional; Javier Milei; Nicolas Maduro; Patricia Bullrich; Venezuela,Nicolas Maduro
201679,2025,Política y Economía,Internacional; Javier Milei; Nicolas Maduro; Patricia Bullrich; Venezuela,Patricia Bullrich
201679,2025,Política y Economía,Internacional; Javier Milei; Nicolas Maduro; Patricia Bullrich; Venezuela,Venezuela
201696,2025,Política y Economía,Futuridades; Imaginarios,Futuridades
201696,2025,Política y Economía,Futuridades; Imaginarios,Imaginarios
201719,2025,Tecnologías,Elon Musk; Redes sociales; ahoraen,Elon Musk
201719,2025,Tecnologías,Elon Musk; Redes sociales; ahoraen,Redes Sociales
201719,2025,Tecnologías,Elon Musk; Redes sociales; ahoraen,Ahoraen
201750,2025,Política y Economía,Cambio climático; Javier Milei; energía atómica,Cambio Climático
201750,2025,Política y Economía,Cambio climático; Javier Milei; energía atómica,Javier Milei
201750,2025,Política y Economía,Cambio climático; Javier Milei; energía atómica,Energía Atómica
201812,2025,Culturas,Javier Milei; mascotas; natalidad; tendencias,Javier Milei
201812,2025,Culturas,Javier Milei; mascotas; natalidad; tendencias,Mascotas
201812,2025,Culturas,Javier Milei; mascotas; natalidad; tendencias,Natalidad
201812,2025,Culturas,Javier Milei; mascotas; natalidad; tendencias,Tendencias
201841,2025,Culturas,Cine,Cine
199853,2025,Política y Economía,Democracia; Derechas; Donald Trump; Internacional,Democracia
199853,2025,Política y Economía,Democracia; Derechas; Donald Trump; Internacional,Derechas
199853,2025,Política y Economía,Democracia; Derechas; Donald Trump; Internacional,Donald Trump
199853,2025,Política y Economía,Democracia; Derechas; Donald Trump; Internacional,Internacional
202006,2025,Política y Economía,Donald Trump; Elon Musk; Estados Unidos; Internacional; Partido republicano; Ucrania,Donald Trump
202006,2025,Política y Economía,Donald Trump; Elon Musk; Estados Unidos; Internacional; Partido republicano; Ucrania,Elon Musk
202006,2025,Política y Economía,Donald Trump; Elon Musk; Estados Unidos; Internacional; Partido republicano; Ucrania,Estados Unidos
202006,2025,Política y Economía,Donald Trump; Elon Musk; Estados Unidos; Internacional; Partido republicano; Ucrania,Internacional
202006,2025,Política y Economía,Donald Trump; Elon Musk; Estados Unidos; Internacional; Partido republicano; Ucrania,Partido Republicano
202006,2025,Política y Economía,Donald Trump; Elon Musk; Estados Unidos; Internacional; Partido republicano; Ucrania,Ucrania
202025,2025,Salud,Violencias; violencia institucional,Violencias
202025,2025,Salud,Violencias; violencia institucional,Violencia Institucional
202072,2025,Políticas de géneros,Derechas; Derechos Humanos; Feminismos; Javier Milei; LGBTTINB+,Derechas
202072,2025,Políticas de géneros,Derechas; Derechos Humanos; Feminismos; Javier Milei; LGBTTINB+,Derechos Humanos
202072,2025,Políticas de géneros,Derechas; Derechos Humanos; Feminismos; Javier Milei; LGBTTINB+,Feminismos
202072,2025,Políticas de géneros,Derechas; Derechos Humanos; Feminismos; Javier Milei; LGBTTINB+,Javier Milei
202072,2025,Políticas de géneros,Derechas; Derechos Humanos; Feminismos; Javier Milei; LGBTTINB+,Lgbttinb+
202077,2025,Políticas de géneros,Derechos Humanos; Feminismos; Javier Milei; LGBTTINB+,Derechos Humanos
202077,2025,Políticas de géneros,Derechos Humanos; Feminismos; Javier Milei; LGBTTINB+,Feminismos
202077,2025,Políticas de géneros,Derechos Humanos; Feminismos; Javier Milei; LGBTTINB+,Javier Milei
202077,2025,Políticas de géneros,Derechos Humanos; Feminismos; Javier Milei; LGBTTINB+,Lgbttinb+
202091,2025,Política y Economía,Discursos de odio; Javier Milei; La Libertad Avanza; violencia institucional,Discursos De Odio
202091,2025,Política y Economía,Discursos de odio; Javier Milei; La Libertad Avanza; violencia institucional,Javier Milei
202091,2025,Política y Economía,Discursos de odio; Javier Milei; La Libertad Avanza; violencia institucional,La Libertad Avanza
202091,2025,Política y Economía,Discursos de odio; Javier Milei; La Libertad Avanza; violencia institucional,Violencia Institucional
202115,2025,Política y Economía,Derechas; Derechos Humanos; Javier Milei; LGBTTINB+,Derechas
202115,2025,Política y Economía,Derechas; Derechos Humanos; Javier Milei; LGBTTINB+,Derechos Humanos
202115,2025,Política y Economía,Derechas; Derechos Humanos; Javier Milei; LGBTTINB+,Javier Milei
202115,2025,Política y Economía,Derechas; Derechos Humanos; Javier Milei; LGBTTINB+,Lgbttinb+
202115,2025,Políticas de géneros,Derechas; Derechos Humanos; Javier Milei; LGBTTINB+,Derechas
202115,2025,Políticas de géneros,Derechas; Derechos Humanos; Javier Milei; LGBTTINB+,Derechos Humanos
202115,2025,Políticas de géneros,Derechas; Derechos Humanos; Javier Milei; LGBTTINB+,Javier Milei
202115,2025,Políticas de géneros,Derechas; Derechos Humanos; Javier Milei; LGBTTINB+,Lgbttinb+
202125,2025,Culturas,Asociación del Fútbol Argentino; Fútbol; Javier Milei,Asociación Del Fútbol Argentino
202125,2025,Culturas,Asociación del Fútbol Argentino; Fútbol; Javier Milei,Fútbol
202125,2025,Culturas,Asociación del Fútbol Argentino; Fútbol; Javier Milei,Javier Milei
202125,2025,Política y Economía,Asociación del Fútbol Argentino; Fútbol; Javier Milei,Asociación Del Fútbol Argentino
202125,2025,Política y Economía,Asociación del Fútbol Argentino; Fútbol; Javier Milei,Fútbol
202125,2025,Política y Economía,Asociación del Fútbol Argentino; Fútbol; Javier Milei,Javier Milei
202137,2025,Política y Economía,Derechas; Elon Musk; Javier Milei; Redes sociales,Derechas
202137,2025,Política y Economía,Derechas; Elon Musk; Javier Milei; Redes sociales,Elon Musk
202137,2025,Política y Economía,Derechas; Elon Musk; Javier Milei; Redes sociales,Javier Milei
202137,2025,Política y Economía,Derechas; Elon Musk; Javier Milei; Redes sociales,Redes Sociales
202137,2025,Tecnologías,Derechas; Elon Musk; Javier Milei; Redes sociales,Derechas
202137,2025,Tecnologías,Derechas; Elon Musk; Javier Milei; Redes sociales,Elon Musk
202137,2025,Tecnologías,Derechas; Elon Musk; Javier Milei; Redes sociales,Javier Milei
202137,2025,Tecnologías,Derechas; Elon Musk; Javier Milei; Redes sociales,Redes Sociales
202146,2025,Ambiente,Ambiente; Cambio climático; Incendios forestales,Ambiente
202146,2025,Ambiente,Ambiente; Cambio climático; Incendios forestales,Cambio Climático
202146,2025,Ambiente,Ambiente; Cambio climático; Incendios forestales,Incendios Forestales
202146,2025,Política y Economía,Ambiente; Cambio climático; Incendios forestales,Ambiente
202146,2025,Política y Economía,Ambiente; Cambio climático; Incendios forestales,Cambio Climático
202146,2025,Política y Economía,Ambiente; Cambio climático; Incendios forestales,Incendios Forestales
202168,2025,Culturas,80's; Libros; Periodismo; Periodismo narrativo,80'S
202168,2025,Culturas,80's; Libros; Periodismo; Periodismo narrativo,Libros
202168,2025,Culturas,80's; Libros; Periodismo; Periodismo narrativo,Periodismo
202168,2025,Culturas,80's; Libros; Periodismo; Periodismo narrativo,Periodismo Narrativo
202223,2025,Políticas de géneros,Derechas; Discursos de odio; Javier Milei,Derechas
202223,2025,Políticas de géneros,Derechas; Discursos de odio; Javier Milei,Discursos De Odio
202223,2025,Políticas de géneros,Derechas; Discursos de odio; Javier Milei,Javier Milei
202297,2025,Política y Economía,Fuerzas de seguridad; Seguridad,Fuerzas De Seguridad
202297,2025,Política y Economía,Fuerzas de seguridad; Seguridad,Seguridad
202352,2025,Política y Economía,Criptogate; Javier Milei,Criptogate
202352,2025,Política y Economía,Criptogate; Javier Milei,Javier Milei
202408,2025,Política y Economía,Guerra; Internacional; Siria,Guerra
202408,2025,Política y Economía,Guerra; Internacional; Siria,Internacional
202408,2025,Política y Economía,Guerra; Internacional; Siria,Siria
202424,2025,Política y Economía,$LIBRA; CulturaHype; Hipersticion; Milei,$Libra
202424,2025,Política y Economía,$LIBRA; CulturaHype; Hipersticion; Milei,Culturahype
202424,2025,Política y Economía,$LIBRA; CulturaHype; Hipersticion; Milei,Hipersticion
202424,2025,Política y Economía,$LIBRA; CulturaHype; Hipersticion; Milei,Milei
202494,2025,Política y Economía,$LIBRA; Criptogate; Javier Milei,$Libra
202494,2025,Política y Economía,$LIBRA; Criptogate; Javier Milei,Criptogate
202494,2025,Política y Economía,$LIBRA; Criptogate; Javier Milei,Javier Milei
202569,2025,Educación,Derechas; Escuelas,Derechas
202569,2025,Educación,Derechas; Escuelas,Escuelas
197899,2025,Política y Economía,Corte Suprema; Javier Milei; Justicia,Corte Suprema
197899,2025,Política y Economía,Corte Suprema; Javier Milei; Justicia,Javier Milei
197899,2025,Política y Economía,Corte Suprema; Javier Milei; Justicia,Justicia
202634,2025,Política y Economía,$LIBRA; Criptogate; Derechas; Javier Milei,$Libra
202634,2025,Política y Economía,$LIBRA; Criptogate; Derechas; Javier Milei,Criptogate
202634,2025,Política y Economía,$LIBRA; Criptogate; Derechas; Javier Milei,Derechas
202634,2025,Política y Economía,$LIBRA; Criptogate; Derechas; Javier Milei,Javier Milei
197214,2025,Culturas,Edad de punibilidad; Sistema Penal,Edad De Punibilidad
197214,2025,Culturas,Edad de punibilidad; Sistema Penal,Sistema Penal
197214,2025,Política y Economía,Edad de punibilidad; Sistema Penal,Edad De Punibilidad
197214,2025,Política y Economía,Edad de punibilidad; Sistema Penal,Sistema Penal
202918,2025,Política y Economía,Alemania; Internacional; Migración,Alemania
202918,2025,Política y Economía,Alemania; Internacional; Migración,Internacional
202918,2025,Política y Economía,Alemania; Internacional; Migración,Migración
202968,2025,Política y Economía,Congreso; Javier Milei; La Libertad Avanza,Congreso
202968,2025,Política y Economía,Congreso; Javier Milei; La Libertad Avanza,Javier Milei
202968,2025,Política y Economía,Congreso; Javier Milei; La Libertad Avanza,La Libertad Avanza
202936,2025,Política y Economía,Futuros; Hidrovía,Futuros
202936,2025,Política y Economía,Futuros; Hidrovía,Hidrovía
203040,2025,Culturas,Derechas; Futuro Imperfecto; Teatro,Derechas
203040,2025,Culturas,Derechas; Futuro Imperfecto; Teatro,Futuro Imperfecto
203040,2025,Culturas,Derechas; Futuro Imperfecto; Teatro,Teatro
203040,2025,Política y Economía,Derechas; Futuro Imperfecto; Teatro,Derechas
203040,2025,Política y Economía,Derechas; Futuro Imperfecto; Teatro,Futuro Imperfecto
203040,2025,Política y Economía,Derechas; Futuro Imperfecto; Teatro,Teatro
203075,2025,Política y Economía,8M,8M
203075,2025,Políticas de géneros,8M,8M
203127,2025,Ambiente,Agua; Bahía Blanca; Inundación,Agua
203127,2025,Ambiente,Agua; Bahía Blanca; Inundación,Bahía Blanca
203127,2025,Ambiente,Agua; Bahía Blanca; Inundación,Inundación
203200,2025,Política y Economía,Jubilados; Patricia Bullrich; Represión; Violencia policial,Jubilados
203200,2025,Política y Economía,Jubilados; Patricia Bullrich; Represión; Violencia policial,Patricia Bullrich
203200,2025,Política y Economía,Jubilados; Patricia Bullrich; Represión; Violencia policial,Represión
203200,2025,Política y Economía,Jubilados; Patricia Bullrich; Represión; Violencia policial,Violencia Policial
203283,2025,Política y Economía,Derechas; Dólar; FMI; Javier Milei,Derechas
203283,2025,Política y Economía,Derechas; Dólar; FMI; Javier Milei,Dólar
203283,2025,Política y Economía,Derechas; Dólar; FMI; Javier Milei,Fmi
203283,2025,Política y Economía,Derechas; Dólar; FMI; Javier Milei,Javier Milei
203325,2025,Política y Economía,24M: Día de la memoria por la verdad y la justicia; Derechas; Dictadura; Javier Milei,24M: Día De La Memoria Por La Verdad Y La Justicia
203325,2025,Política y Economía,24M: Día de la memoria por la verdad y la justicia; Derechas; Dictadura; Javier Milei,Derechas
203325,2025,Política y Economía,24M: Día de la memoria por la verdad y la justicia; Derechas; Dictadura; Javier Milei,Dictadura
203325,2025,Política y Economía,24M: Día de la memoria por la verdad y la justicia; Derechas; Dictadura; Javier Milei,Javier Milei
203391,2025,Amor y sexo,Crisis; Feminismos; Juventudes,Crisis
203391,2025,Amor y sexo,Crisis; Feminismos; Juventudes,Feminismos
203391,2025,Amor y sexo,Crisis; Feminismos; Juventudes,Juventudes
203418,2025,Políticas de géneros,Feminismos; Géneros; Masculinidades; Netflix,Feminismos
203418,2025,Políticas de géneros,Feminismos; Géneros; Masculinidades; Netflix,Géneros
203418,2025,Políticas de géneros,Feminismos; Géneros; Masculinidades; Netflix,Masculinidades
203418,2025,Políticas de géneros,Feminismos; Géneros; Masculinidades; Netflix,Netflix
203442,2025,Política y Economía,CABA; Elecciones; Jorge Macri; Karina Milei; Leandro Santoro,Caba
203442,2025,Política y Economía,CABA; Elecciones; Jorge Macri; Karina Milei; Leandro Santoro,Elecciones
203442,2025,Política y Economía,CABA; Elecciones; Jorge Macri; Karina Milei; Leandro Santoro,Jorge Macri
203442,2025,Política y Economía,CABA; Elecciones; Jorge Macri; Karina Milei; Leandro Santoro,Karina Milei
203442,2025,Política y Economía,CABA; Elecciones; Jorge Macri; Karina Milei; Leandro Santoro,Leandro Santoro
203453,2025,Política y Economía,Malvinas,Malvinas
203487,2025,Política y Economía,Cine; Dictadura; Zapping cultural,Cine
203487,2025,Política y Economía,Cine; Dictadura; Zapping cultural,Dictadura
203487,2025,Política y Economía,Cine; Dictadura; Zapping cultural,Zapping Cultural
203525,2025,Ambiente,Minería; Muerte; Policiales,Minería
203525,2025,Ambiente,Minería; Muerte; Policiales,Muerte
203525,2025,Ambiente,Minería; Muerte; Policiales,Policiales
203545,2025,Política y Economía,Donald Trump; Estados Unidos; Internacional,Donald Trump
203545,2025,Política y Economía,Donald Trump; Estados Unidos; Internacional,Estados Unidos
203545,2025,Política y Economía,Donald Trump; Estados Unidos; Internacional,Internacional
203565,2025,Política y Economía,Derechas; Guerra de aranceles; Internacional; Javier Milei; Lunes negro,Derechas
203565,2025,Política y Economía,Derechas; Guerra de aranceles; Internacional; Javier Milei; Lunes negro,Guerra De Aranceles
203565,2025,Política y Economía,Derechas; Guerra de aranceles; Internacional; Javier Milei; Lunes negro,Internacional
203565,2025,Política y Economía,Derechas; Guerra de aranceles; Internacional; Javier Milei; Lunes negro,Javier Milei
203565,2025,Política y Economía,Derechas; Guerra de aranceles; Internacional; Javier Milei; Lunes negro,Lunes Negro
203581,2025,Política y Economía,China; Crisis; Estados Unidos; Guerra de aranceles; Internacional,China
203581,2025,Política y Economía,China; Crisis; Estados Unidos; Guerra de aranceles; Internacional,Crisis
203581,2025,Política y Economía,China; Crisis; Estados Unidos; Guerra de aranceles; Internacional,Estados Unidos
203581,2025,Política y Economía,China; Crisis; Estados Unidos; Guerra de aranceles; Internacional,Guerra De Aranceles
203581,2025,Política y Economía,China; Crisis; Estados Unidos; Guerra de aranceles; Internacional,Internacional
203600,2025,Política y Economía,Dólar; FMI,Dólar
203600,2025,Política y Economía,Dólar; FMI,Fmi
203618,2025,Política y Economía,Cepo; Industria textil,Cepo
203618,2025,Política y Economía,Cepo; Industria textil,Industria Textil
203607,2025,Política y Economía,Derechas; España; Internacional; Javier Milei,Derechas
203607,2025,Política y Economía,Derechas; España; Internacional; Javier Milei,España
203607,2025,Política y Economía,Derechas; España; Internacional; Javier Milei,Internacional
203607,2025,Política y Economía,Derechas; España; Internacional; Javier Milei,Javier Milei
203695,2025,Política y Economía,Papa Francisco,Papa Francisco
203710,2025,Política y Economía,Derechas; Internacional; Papa Francisco,Derechas
203710,2025,Política y Economía,Derechas; Internacional; Papa Francisco,Internacional
203710,2025,Política y Economía,Derechas; Internacional; Papa Francisco,Papa Francisco
203729,2025,Política y Economía,Papa Francisco,Papa Francisco
203140,2025,Política y Economía,Derechas; Papa Francisco,Derechas
203140,2025,Política y Economía,Derechas; Papa Francisco,Papa Francisco
203740,2025,Política y Economía,Derecha; Internacional; Papa Francisco; Rossana Reguillo,Derecha
203740,2025,Política y Economía,Derecha; Internacional; Papa Francisco; Rossana Reguillo,Internacional
203740,2025,Política y Economía,Derecha; Internacional; Papa Francisco; Rossana Reguillo,Papa Francisco
203740,2025,Política y Economía,Derecha; Internacional; Papa Francisco; Rossana Reguillo,Rossana Reguillo
203757,2025,Políticas de géneros,LGBT; LGBTIQ+; Papa Francisco,Lgbt
203757,2025,Políticas de géneros,LGBT; LGBTIQ+; Papa Francisco,Lgbtiq+
203757,2025,Políticas de géneros,LGBT; LGBTIQ+; Papa Francisco,Papa Francisco
203764,2025,Educación,PALANCAS; Territorio Educativo; UNSAM,Palancas
203764,2025,Educación,PALANCAS; Territorio Educativo; UNSAM,Territorio Educativo
203764,2025,Educación,PALANCAS; Territorio Educativo; UNSAM,Unsam
203764,2025,Política y Economía,PALANCAS; Territorio Educativo; UNSAM,Palancas
203764,2025,Política y Economía,PALANCAS; Territorio Educativo; UNSAM,Territorio Educativo
203764,2025,Política y Economía,PALANCAS; Territorio Educativo; UNSAM,Unsam
203783,2025,Culturas,Iglesia Católica; Papa Francisco; Plaza de Mayo,Iglesia Católica
203783,2025,Culturas,Iglesia Católica; Papa Francisco; Plaza de Mayo,Papa Francisco
203783,2025,Culturas,Iglesia Católica; Papa Francisco; Plaza de Mayo,Plaza De Mayo
203853,2025,Ambiente,ApagónEspaña; Ceroabsoluto; Colapsoenergetico,Apagónespaña
203853,2025,Ambiente,ApagónEspaña; Ceroabsoluto; Colapsoenergetico,Ceroabsoluto
203853,2025,Ambiente,ApagónEspaña; Ceroabsoluto; Colapsoenergetico,Colapsoenergetico
203847,2025,Culturas,Inteligencia artificial; PALANCAS; Territorio Educativo; UNSAM,Inteligencia Artificial
203847,2025,Culturas,Inteligencia artificial; PALANCAS; Territorio Educativo; UNSAM,Palancas
203847,2025,Culturas,Inteligencia artificial; PALANCAS; Territorio Educativo; UNSAM,Territorio Educativo
203847,2025,Culturas,Inteligencia artificial; PALANCAS; Territorio Educativo; UNSAM,Unsam
203847,2025,Política y Economía,Inteligencia artificial; PALANCAS; Territorio Educativo; UNSAM,Inteligencia Artificial
203847,2025,Política y Economía,Inteligencia artificial; PALANCAS; Territorio Educativo; UNSAM,Palancas
203847,2025,Política y Economía,Inteligencia artificial; PALANCAS; Territorio Educativo; UNSAM,Territorio Educativo
203847,2025,Política y Economía,Inteligencia artificial; PALANCAS; Territorio Educativo; UNSAM,Unsam
197676,2025,Política y Economía,Javier Milei; La Libertad Avanza; Perfil político; Sin Control 2; Un año de Milei,Javier Milei
197676,2025,Política y Economía,Javier Milei; La Libertad Avanza; Perfil político; Sin Control 2; Un año de Milei,La Libertad Avanza
197676,2025,Política y Economía,Javier Milei; La Libertad Avanza; Perfil político; Sin Control 2; Un año de Milei,Perfil Político
197676,2025,Política y Economía,Javier Milei; La Libertad Avanza; Perfil político; Sin Control 2; Un año de Milei,Sin Control 2
197676,2025,Política y Economía,Javier Milei; La Libertad Avanza; Perfil político; Sin Control 2; Un año de Milei,Un Año De Milei
203893,2025,Política y Economía,Plataformas; Trabajo,Plataformas
203893,2025,Política y Economía,Plataformas; Trabajo,Trabajo
203915,2025,Culturas,Bruno Stagnaro; Cine; Cine argentino; El Eternauta; Netflix,Bruno Stagnaro
203915,2025,Culturas,Bruno Stagnaro; Cine; Cine argentino; El Eternauta; Netflix,Cine
203915,2025,Culturas,Bruno Stagnaro; Cine; Cine argentino; El Eternauta; Netflix,Cine Argentino
203915,2025,Culturas,Bruno Stagnaro; Cine; Cine argentino; El Eternauta; Netflix,El Eternauta
203915,2025,Culturas,Bruno Stagnaro; Cine; Cine argentino; El Eternauta; Netflix,Netflix
204017,2025,Política y Economía,No ficción; Papa Francisco,No Ficción
204017,2025,Política y Economía,No ficción; Papa Francisco,Papa Francisco
204054,2025,Política y Economía,Iglesia Católica; Papa Francisco; Papa León XIV,Iglesia Católica
204054,2025,Política y Economía,Iglesia Católica; Papa Francisco; Papa León XIV,Papa Francisco
204054,2025,Política y Economía,Iglesia Católica; Papa Francisco; Papa León XIV,Papa León Xiv
204048,2025,Culturas,Cine; Cine argentino; LGBT; LGBTIQ+; LGBTTINB+,Cine
204048,2025,Culturas,Cine; Cine argentino; LGBT; LGBTIQ+; LGBTTINB+,Cine Argentino
204048,2025,Culturas,Cine; Cine argentino; LGBT; LGBTIQ+; LGBTTINB+,Lgbt
204048,2025,Culturas,Cine; Cine argentino; LGBT; LGBTIQ+; LGBTTINB+,Lgbtiq+
204048,2025,Culturas,Cine; Cine argentino; LGBT; LGBTIQ+; LGBTTINB+,Lgbttinb+
199547,2025,Política y Economía,Internacional; Perfil político; Uruguay,Internacional
199547,2025,Política y Economía,Internacional; Perfil político; Uruguay,Perfil Político
199547,2025,Política y Economía,Internacional; Perfil político; Uruguay,Uruguay
204090,2025,Culturas,Medios de comunicación; TV; Zapping cultural,Medios De Comunicación
204090,2025,Culturas,Medios de comunicación; TV; Zapping cultural,Tv
204090,2025,Culturas,Medios de comunicación; TV; Zapping cultural,Zapping Cultural
204090,2025,Política y Economía,Medios de comunicación; TV; Zapping cultural,Medios De Comunicación
204090,2025,Política y Economía,Medios de comunicación; TV; Zapping cultural,Tv
204090,2025,Política y Economía,Medios de comunicación; TV; Zapping cultural,Zapping Cultural
204117,2025,Política y Economía,CABA; Elecciones; Javier Milei; PRO; Peronismo,Caba
204117,2025,Política y Economía,CABA; Elecciones; Javier Milei; PRO; Peronismo,Elecciones
204117,2025,Política y Economía,CABA; Elecciones; Javier Milei; PRO; Peronismo,Javier Milei
204117,2025,Política y Economía,CABA; Elecciones; Javier Milei; PRO; Peronismo,Pro
204117,2025,Política y Economía,CABA; Elecciones; Javier Milei; PRO; Peronismo,Peronismo
204133,2025,Política y Economía,Derechas; Inteligencia artificial; Javier Milei; Redes sociales,Derechas
204133,2025,Política y Economía,Derechas; Inteligencia artificial; Javier Milei; Redes sociales,Inteligencia Artificial
204133,2025,Política y Economía,Derechas; Inteligencia artificial; Javier Milei; Redes sociales,Javier Milei
204133,2025,Política y Economía,Derechas; Inteligencia artificial; Javier Milei; Redes sociales,Redes Sociales
204143,2025,Culturas,Libros; Radio; TV; Zapping cultural,Libros
204143,2025,Culturas,Libros; Radio; TV; Zapping cultural,Radio
204143,2025,Culturas,Libros; Radio; TV; Zapping cultural,Tv
204143,2025,Culturas,Libros; Radio; TV; Zapping cultural,Zapping Cultural
204198,2025,Ambiente,Calentamiento global; Inundaciones; Océano; Servicio Meteorológico Nacional,Calentamiento Global
204198,2025,Ambiente,Calentamiento global; Inundaciones; Océano; Servicio Meteorológico Nacional,Inundaciones
204198,2025,Ambiente,Calentamiento global; Inundaciones; Océano; Servicio Meteorológico Nacional,Océano
204198,2025,Ambiente,Calentamiento global; Inundaciones; Océano; Servicio Meteorológico Nacional,Servicio Meteorológico Nacional
204299,2025,Política y Economía,Javier Milei; Karina Milei; Libros,Javier Milei
204299,2025,Política y Economía,Javier Milei; Karina Milei; Libros,Karina Milei
204299,2025,Política y Economía,Javier Milei; Karina Milei; Libros,Libros
179377,2025,Culturas,Cine; Leonardo Favio; Música; Zapping cultural,Cine
179377,2025,Culturas,Cine; Leonardo Favio; Música; Zapping cultural,Leonardo Favio
179377,2025,Culturas,Cine; Leonardo Favio; Música; Zapping cultural,Música
179377,2025,Culturas,Cine; Leonardo Favio; Música; Zapping cultural,Zapping Cultural
204311,2025,Política y Economía,Derechas,Derechas
204329,2025,Políticas de géneros,3J; Democracia; Feminismos; Ni Una Menos,3J
204329,2025,Políticas de géneros,3J; Democracia; Feminismos; Ni Una Menos,Democracia
204329,2025,Políticas de géneros,3J; Democracia; Feminismos; Ni Una Menos,Feminismos
204329,2025,Políticas de géneros,3J; Democracia; Feminismos; Ni Una Menos,Ni Una Menos
204179,2025,Políticas de géneros,Adolescencia; Anticoncepción; Cuidados; Maternidad Temprana; Salud sexual y reproductiva,Adolescencia
204179,2025,Políticas de géneros,Adolescencia; Anticoncepción; Cuidados; Maternidad Temprana; Salud sexual y reproductiva,Anticoncepción
204179,2025,Políticas de géneros,Adolescencia; Anticoncepción; Cuidados; Maternidad Temprana; Salud sexual y reproductiva,Cuidados
204179,2025,Políticas de géneros,Adolescencia; Anticoncepción; Cuidados; Maternidad Temprana; Salud sexual y reproductiva,Maternidad Temprana
204179,2025,Políticas de géneros,Adolescencia; Anticoncepción; Cuidados; Maternidad Temprana; Salud sexual y reproductiva,Salud Sexual Y Reproductiva
204459,2025,Política y Economía,Derechas; Fuerzas de seguridad; Javier Milei; Patricia Bullrich,Derechas
204459,2025,Política y Economía,Derechas; Fuerzas de seguridad; Javier Milei; Patricia Bullrich,Fuerzas De Seguridad
204459,2025,Política y Economía,Derechas; Fuerzas de seguridad; Javier Milei; Patricia Bullrich,Javier Milei
204459,2025,Política y Economía,Derechas; Fuerzas de seguridad; Javier Milei; Patricia Bullrich,Patricia Bullrich
204506,2025,Ambiente,Ecología; Incendios; Tecnología; Transición energética,Ecología
204506,2025,Ambiente,Ecología; Incendios; Tecnología; Transición energética,Incendios
204506,2025,Ambiente,Ecología; Incendios; Tecnología; Transición energética,Tecnología
204506,2025,Ambiente,Ecología; Incendios; Tecnología; Transición energética,Transición Energética
204291,2025,Políticas de géneros,Adolescencia; Anticoncepción; Cuidados; Maternidad Temprana; Salud sexual y reproductiva,Adolescencia
204291,2025,Políticas de géneros,Adolescencia; Anticoncepción; Cuidados; Maternidad Temprana; Salud sexual y reproductiva,Anticoncepción
204291,2025,Políticas de géneros,Adolescencia; Anticoncepción; Cuidados; Maternidad Temprana; Salud sexual y reproductiva,Cuidados
204291,2025,Políticas de géneros,Adolescencia; Anticoncepción; Cuidados; Maternidad Temprana; Salud sexual y reproductiva,Maternidad Temprana
204291,2025,Políticas de géneros,Adolescencia; Anticoncepción; Cuidados; Maternidad Temprana; Salud sexual y reproductiva,Salud Sexual Y Reproductiva
204520,2025,Política y Economía,Corte Suprema; Cristina Fernández de Kirchner; Peronismo; kirchnerismo,Corte Suprema
204520,2025,Política y Economía,Corte Suprema; Cristina Fernández de Kirchner; Peronismo; kirchnerismo,Cristina Fernández De Kirchner
204520,2025,Política y Economía,Corte Suprema; Cristina Fernández de Kirchner; Peronismo; kirchnerismo,Peronismo
204520,2025,Política y Economía,Corte Suprema; Cristina Fernández de Kirchner; Peronismo; kirchnerismo,Kirchnerismo
204530,2025,Política y Economía,Corte Suprema; Cristina Fernández de Kirchner; Peronismo,Corte Suprema
204530,2025,Política y Economía,Corte Suprema; Cristina Fernández de Kirchner; Peronismo,Cristina Fernández De Kirchner
204530,2025,Política y Economía,Corte Suprema; Cristina Fernández de Kirchner; Peronismo,Peronismo
204546,2025,Política y Economía,Corte Suprema; Cristina Fernández de Kirchner; Justicia; Medios de comunicación; Peronismo; kirchnerismo,Corte Suprema
204546,2025,Política y Economía,Corte Suprema; Cristina Fernández de Kirchner; Justicia; Medios de comunicación; Peronismo; kirchnerismo,Cristina Fernández De Kirchner
204546,2025,Política y Economía,Corte Suprema; Cristina Fernández de Kirchner; Justicia; Medios de comunicación; Peronismo; kirchnerismo,Justicia
204546,2025,Política y Economía,Corte Suprema; Cristina Fernández de Kirchner; Justicia; Medios de comunicación; Peronismo; kirchnerismo,Medios De Comunicación
204546,2025,Política y Economía,Corte Suprema; Cristina Fernández de Kirchner; Justicia; Medios de comunicación; Peronismo; kirchnerismo,Peronismo
204546,2025,Política y Economía,Corte Suprema; Cristina Fernández de Kirchner; Justicia; Medios de comunicación; Peronismo; kirchnerismo,Kirchnerismo
204557,2025,Política y Economía,Internacional; Javier Milei; Política exterior,Internacional
204557,2025,Política y Economía,Internacional; Javier Milei; Política exterior,Javier Milei
204557,2025,Política y Economía,Internacional; Javier Milei; Política exterior,Política Exterior
204572,2025,Política y Economía,CFK; Corte Suprema; Peronismo; Vialidad,Cfk
204572,2025,Política y Economía,CFK; Corte Suprema; Peronismo; Vialidad,Corte Suprema
204572,2025,Política y Economía,CFK; Corte Suprema; Peronismo; Vialidad,Peronismo
204572,2025,Política y Economía,CFK; Corte Suprema; Peronismo; Vialidad,Vialidad
204559,2025,Políticas de géneros,Adolescencia; Anticoncepción; Cuidados; Maternidad Temprana; Salud sexual y reproductiva,Adolescencia
204559,2025,Políticas de géneros,Adolescencia; Anticoncepción; Cuidados; Maternidad Temprana; Salud sexual y reproductiva,Anticoncepción
204559,2025,Políticas de géneros,Adolescencia; Anticoncepción; Cuidados; Maternidad Temprana; Salud sexual y reproductiva,Cuidados
204559,2025,Políticas de géneros,Adolescencia; Anticoncepción; Cuidados; Maternidad Temprana; Salud sexual y reproductiva,Maternidad Temprana
204559,2025,Políticas de géneros,Adolescencia; Anticoncepción; Cuidados; Maternidad Temprana; Salud sexual y reproductiva,Salud Sexual Y Reproductiva
204591,2025,Política y Economía,Peronismo; Plaza de Mayo,Peronismo
204591,2025,Política y Economía,Peronismo; Plaza de Mayo,Plaza De Mayo
204589,2025,Política y Economía,Peronismo; Plaza de Mayo,Peronismo
204589,2025,Política y Economía,Peronismo; Plaza de Mayo,Plaza De Mayo
204587,2025,Política y Economía,Peronismo; Plaza de Mayo,Peronismo
204587,2025,Política y Economía,Peronismo; Plaza de Mayo,Plaza De Mayo
204671,2025,Política y Economía,Cristina Fernández de Kirchner; Elecciones; Javier Milei; Peronismo; Poder Judicial; kirchnerismo,Cristina Fernández De Kirchner
204671,2025,Política y Economía,Cristina Fernández de Kirchner; Elecciones; Javier Milei; Peronismo; Poder Judicial; kirchnerismo,Elecciones
204671,2025,Política y Economía,Cristina Fernández de Kirchner; Elecciones; Javier Milei; Peronismo; Poder Judicial; kirchnerismo,Javier Milei
204671,2025,Política y Economía,Cristina Fernández de Kirchner; Elecciones; Javier Milei; Peronismo; Poder Judicial; kirchnerismo,Peronismo
204671,2025,Política y Economía,Cristina Fernández de Kirchner; Elecciones; Javier Milei; Peronismo; Poder Judicial; kirchnerismo,Poder Judicial
204671,2025,Política y Economía,Cristina Fernández de Kirchner; Elecciones; Javier Milei; Peronismo; Poder Judicial; kirchnerismo,Kirchnerismo
204677,2025,Política y Economía,Fallo contra CFK; Movilización; Peronismo,Fallo Contra Cfk
204677,2025,Política y Economía,Fallo contra CFK; Movilización; Peronismo,Movilización
204677,2025,Política y Economía,Fallo contra CFK; Movilización; Peronismo,Peronismo
204736,2025,Política y Economía,Derechas; Fuerzas de seguridad; Javier Milei; Patricia Bullrich; Represión; Seguridad,Derechas
204736,2025,Política y Economía,Derechas; Fuerzas de seguridad; Javier Milei; Patricia Bullrich; Represión; Seguridad,Fuerzas De Seguridad
204736,2025,Política y Economía,Derechas; Fuerzas de seguridad; Javier Milei; Patricia Bullrich; Represión; Seguridad,Javier Milei
204736,2025,Política y Economía,Derechas; Fuerzas de seguridad; Javier Milei; Patricia Bullrich; Represión; Seguridad,Patricia Bullrich
204736,2025,Política y Economía,Derechas; Fuerzas de seguridad; Javier Milei; Patricia Bullrich; Represión; Seguridad,Represión
204736,2025,Política y Economía,Derechas; Fuerzas de seguridad; Javier Milei; Patricia Bullrich; Represión; Seguridad,Seguridad
204742,2025,Política y Economía,Donald Trump; Estados Unidos; Guerra; Internacional; Irán; Israel,Donald Trump
204742,2025,Política y Economía,Donald Trump; Estados Unidos; Guerra; Internacional; Irán; Israel,Estados Unidos
204742,2025,Política y Economía,Donald Trump; Estados Unidos; Guerra; Internacional; Irán; Israel,Guerra
204742,2025,Política y Economía,Donald Trump; Estados Unidos; Guerra; Internacional; Irán; Israel,Internacional
204742,2025,Política y Economía,Donald Trump; Estados Unidos; Guerra; Internacional; Irán; Israel,Irán
204742,2025,Política y Economía,Donald Trump; Estados Unidos; Guerra; Internacional; Irán; Israel,Israel
204756,2025,Política y Economía,Fallo contra CFK; Javier Milei; Peronismo,Fallo Contra Cfk
204756,2025,Política y Economía,Fallo contra CFK; Javier Milei; Peronismo,Javier Milei
204756,2025,Política y Economía,Fallo contra CFK; Javier Milei; Peronismo,Peronismo
204775,2025,Políticas de géneros,Femicidio; Justicia; Nora Dalmasso,Femicidio
204775,2025,Políticas de géneros,Femicidio; Justicia; Nora Dalmasso,Justicia
204775,2025,Políticas de géneros,Femicidio; Justicia; Nora Dalmasso,Nora Dalmasso
204789,2025,Culturas,Crónica,Crónica
204849,2025,Política y Economía,YPF; energía; ola polar,Ypf
204849,2025,Política y Economía,YPF; energía; ola polar,Energía
204849,2025,Política y Economía,YPF; energía; ola polar,Ola Polar
204868,2025,Tecnologías,Inteligencia artificial,Inteligencia Artificial
204902,2025,Política y Economía,Deuda; Dólar; FMI,Deuda
204902,2025,Política y Economía,Deuda; Dólar; FMI,Dólar
204902,2025,Política y Economía,Deuda; Dólar; FMI,Fmi
204939,2025,Culturas,Teatro,Teatro
205058,2025,Salud,Javier Milei; Salud,Javier Milei
205058,2025,Salud,Javier Milei; Salud,Salud
205204,2025,Culturas,Amazon Prime; Carlos Saúl Menem; Liberalismo; Neoliberalismo; Series; Zapping cultural,Amazon Prime
205204,2025,Culturas,Amazon Prime; Carlos Saúl Menem; Liberalismo; Neoliberalismo; Series; Zapping cultural,Carlos Saúl Menem
205204,2025,Culturas,Amazon Prime; Carlos Saúl Menem; Liberalismo; Neoliberalismo; Series; Zapping cultural,Liberalismo
205204,2025,Culturas,Amazon Prime; Carlos Saúl Menem; Liberalismo; Neoliberalismo; Series; Zapping cultural,Neoliberalismo
205204,2025,Culturas,Amazon Prime; Carlos Saúl Menem; Liberalismo; Neoliberalismo; Series; Zapping cultural,Series
205204,2025,Culturas,Amazon Prime; Carlos Saúl Menem; Liberalismo; Neoliberalismo; Series; Zapping cultural,Zapping Cultural
205248,2025,Política y Economía,AMIA; Justicia; Memoria,Amia
205248,2025,Política y Economía,AMIA; Justicia; Memoria,Justicia
205248,2025,Política y Economía,AMIA; Justicia; Memoria,Memoria
205265,2025,Culturas,Evangélicos; Peronismo,Evangélicos
205265,2025,Culturas,Evangélicos; Peronismo,Peronismo
199263,2025,Política y Economía,Derechas; Javier Milei; Libertarios; Sin Control 2; Un año de Milei,Derechas
199263,2025,Política y Economía,Derechas; Javier Milei; Libertarios; Sin Control 2; Un año de Milei,Javier Milei
199263,2025,Política y Economía,Derechas; Javier Milei; Libertarios; Sin Control 2; Un año de Milei,Libertarios
199263,2025,Política y Economía,Derechas; Javier Milei; Libertarios; Sin Control 2; Un año de Milei,Sin Control 2
199263,2025,Política y Economía,Derechas; Javier Milei; Libertarios; Sin Control 2; Un año de Milei,Un Año De Milei
205285,2025,Culturas,Dibujos animados; Pakapaka; Zapping cultural,Dibujos Animados
205285,2025,Culturas,Dibujos animados; Pakapaka; Zapping cultural,Pakapaka
205285,2025,Culturas,Dibujos animados; Pakapaka; Zapping cultural,Zapping Cultural
205296,2025,Culturas,Menemismo; Puente Rosario Victoria; obra pública,Menemismo
205296,2025,Culturas,Menemismo; Puente Rosario Victoria; obra pública,Puente Rosario Victoria
205296,2025,Culturas,Menemismo; Puente Rosario Victoria; obra pública,Obra Pública
205309,2025,Políticas de géneros,Discursos de odio; Performance; Testosterona,Discursos De Odio
205309,2025,Políticas de géneros,Discursos de odio; Performance; Testosterona,Performance
205309,2025,Políticas de géneros,Discursos de odio; Performance; Testosterona,Testosterona
205338,2025,Política y Economía,Guerra; Internacional; Israel; Palestina,Guerra
205338,2025,Política y Economía,Guerra; Internacional; Israel; Palestina,Internacional
205338,2025,Política y Economía,Guerra; Internacional; Israel; Palestina,Israel
205338,2025,Política y Economía,Guerra; Internacional; Israel; Palestina,Palestina
205356,2025,Política y Economía,Javier Milei; Jubilados,Javier Milei
205356,2025,Política y Economía,Javier Milei; Jubilados,Jubilados
196281,2025,Política y Economía,Deuda; Deuda externa,Deuda
196281,2025,Política y Economía,Deuda; Deuda externa,Deuda Externa
205413,2025,Política y Economía,Congreso; Discapacidad; Javier Milei,Congreso
205413,2025,Política y Economía,Congreso; Discapacidad; Javier Milei,Discapacidad
205413,2025,Política y Economía,Congreso; Discapacidad; Javier Milei,Javier Milei
205430,2025,Políticas de géneros,Derechas; Feminismos; Javier Milei; Rossana Reguillo,Derechas
205430,2025,Políticas de géneros,Derechas; Feminismos; Javier Milei; Rossana Reguillo,Feminismos
205430,2025,Políticas de géneros,Derechas; Feminismos; Javier Milei; Rossana Reguillo,Javier Milei
205430,2025,Políticas de géneros,Derechas; Feminismos; Javier Milei; Rossana Reguillo,Rossana Reguillo
205489,2025,Ambiente,Océanos,Océanos
205478,2025,Otras,Cosas que funcionan,Cosas Que Funcionan
205488,2025,Otras,Cosas que funcionan,Cosas Que Funcionan
205491,2025,Otras,Cosas que funcionan,Cosas Que Funcionan
205495,2025,Otras,Cosas que funcionan,Cosas Que Funcionan
205498,2025,Política y Economía,CQF; Cosas que funcionan,Cqf
205498,2025,Política y Economía,CQF; Cosas que funcionan,Cosas Que Funcionan
205579,2025,Otras,Cosas que funcionan,Cosas Que Funcionan
205603,2025,Otras,Cosas que funcionan,Cosas Que Funcionan
205619,2025,Políticas de géneros,Abuso sexual; Feminismos; Justicia; Ni Una Menos,Abuso Sexual
205619,2025,Políticas de géneros,Abuso sexual; Feminismos; Justicia; Ni Una Menos,Feminismos
205619,2025,Políticas de géneros,Abuso sexual; Feminismos; Justicia; Ni Una Menos,Justicia
205619,2025,Políticas de géneros,Abuso sexual; Feminismos; Justicia; Ni Una Menos,Ni Una Menos
205643,2025,Política y Economía,Desaparecidos; EAAF,Desaparecidos
205643,2025,Política y Economía,Desaparecidos; EAAF,Eaaf
205710,2025,Salud,Derechos Humanos; Salud; fentanilo,Derechos Humanos
205710,2025,Salud,Derechos Humanos; Salud; fentanilo,Salud
205710,2025,Salud,Derechos Humanos; Salud; fentanilo,Fentanilo
205718,2025,Ambiente,Cosas que funcionan,Cosas Que Funcionan
205731,2025,Política y Economía,Congreso; Elecciones; Federalismo; Javier Milei; gobernadores,Congreso
205731,2025,Política y Economía,Congreso; Elecciones; Federalismo; Javier Milei; gobernadores,Elecciones
205731,2025,Política y Economía,Congreso; Elecciones; Federalismo; Javier Milei; gobernadores,Federalismo
205731,2025,Política y Economía,Congreso; Elecciones; Federalismo; Javier Milei; gobernadores,Javier Milei
205731,2025,Política y Economía,Congreso; Elecciones; Federalismo; Javier Milei; gobernadores,Gobernadores
205751,2025,Política y Economía,Corrupción; Milei; discapacitados; policiriss,Corrupción
205751,2025,Política y Economía,Corrupción; Milei; discapacitados; policiriss,Milei
205751,2025,Política y Economía,Corrupción; Milei; discapacitados; policiriss,Discapacitados
205751,2025,Política y Economía,Corrupción; Milei; discapacitados; policiriss,Policiriss
195042,2025,Política y Economía,Carlos Saúl Menem; Congreso; Javier Milei; La Libertad Avanza,Carlos Saúl Menem
195042,2025,Política y Economía,Carlos Saúl Menem; Congreso; Javier Milei; La Libertad Avanza,Congreso
195042,2025,Política y Economía,Carlos Saúl Menem; Congreso; Javier Milei; La Libertad Avanza,Javier Milei
195042,2025,Política y Economía,Carlos Saúl Menem; Congreso; Javier Milei; La Libertad Avanza,La Libertad Avanza
205775,2025,Política y Economía,Corrupción; Javier Milei; Karina Milei; La Libertad Avanza,Corrupción
205775,2025,Política y Economía,Corrupción; Javier Milei; Karina Milei; La Libertad Avanza,Javier Milei
205775,2025,Política y Economía,Corrupción; Javier Milei; Karina Milei; La Libertad Avanza,Karina Milei
205775,2025,Política y Economía,Corrupción; Javier Milei; Karina Milei; La Libertad Avanza,La Libertad Avanza
178266,2025,Culturas,Di María; Fútbol; Messi; Rosario; Rosariocronica; Selección Argentina,Di María
178266,2025,Culturas,Di María; Fútbol; Messi; Rosario; Rosariocronica; Selección Argentina,Fútbol
178266,2025,Culturas,Di María; Fútbol; Messi; Rosario; Rosariocronica; Selección Argentina,Messi
178266,2025,Culturas,Di María; Fútbol; Messi; Rosario; Rosariocronica; Selección Argentina,Rosario
178266,2025,Culturas,Di María; Fútbol; Messi; Rosario; Rosariocronica; Selección Argentina,Rosariocronica
178266,2025,Culturas,Di María; Fútbol; Messi; Rosario; Rosariocronica; Selección Argentina,Selección Argentina
205800,2025,Política y Economía,China; Donald Trump; Estados Unidos; Guerra de aranceles; Internacional,China
205800,2025,Política y Economía,China; Donald Trump; Estados Unidos; Guerra de aranceles; Internacional,Donald Trump
205800,2025,Política y Economía,China; Donald Trump; Estados Unidos; Guerra de aranceles; Internacional,Estados Unidos
205800,2025,Política y Economía,China; Donald Trump; Estados Unidos; Guerra de aranceles; Internacional,Guerra De Aranceles
205800,2025,Política y Economía,China; Donald Trump; Estados Unidos; Guerra de aranceles; Internacional,Internacional
205809,2025,Política y Economía,Derechas; Donald Trump; Estados Unidos; Internacional; Javier Milei; La Libertad Avanza,Derechas
205809,2025,Política y Economía,Derechas; Donald Trump; Estados Unidos; Internacional; Javier Milei; La Libertad Avanza,Donald Trump
205809,2025,Política y Economía,Derechas; Donald Trump; Estados Unidos; Internacional; Javier Milei; La Libertad Avanza,Estados Unidos
205809,2025,Política y Economía,Derechas; Donald Trump; Estados Unidos; Internacional; Javier Milei; La Libertad Avanza,Internacional
205809,2025,Política y Economía,Derechas; Donald Trump; Estados Unidos; Internacional; Javier Milei; La Libertad Avanza,Javier Milei
205809,2025,Política y Economía,Derechas; Donald Trump; Estados Unidos; Internacional; Javier Milei; La Libertad Avanza,La Libertad Avanza
205825,2025,Política y Economía,Democracia; Espionaje; Periodismo,Democracia
205825,2025,Política y Economía,Democracia; Espionaje; Periodismo,Espionaje
205825,2025,Política y Economía,Democracia; Espionaje; Periodismo,Periodismo
200295,2025,Política y Economía,Dólar; Libros,Dólar
200295,2025,Política y Economía,Dólar; Libros,Libros
128683,2025,Política y Economía,24M: Día de la memoria por la verdad y la justicia; Abuelas de Plaza de Mayo; Derechos Humanos,24M: Día De La Memoria Por La Verdad Y La Justicia
128683,2025,Política y Economía,24M: Día de la memoria por la verdad y la justicia; Abuelas de Plaza de Mayo; Derechos Humanos,Abuelas De Plaza De Mayo
128683,2025,Política y Economía,24M: Día de la memoria por la verdad y la justicia; Abuelas de Plaza de Mayo; Derechos Humanos,Derechos Humanos
205892,2025,Política y Economía,Axel Kicillof; Elecciones; Peronismo,Axel Kicillof
205892,2025,Política y Economía,Axel Kicillof; Elecciones; Peronismo,Elecciones
205892,2025,Política y Economía,Axel Kicillof; Elecciones; Peronismo,Peronismo
205902,2025,Política y Economía,La Libertad Avanza,La Libertad Avanza
205910,2025,Culturas,Fútbol; Mundial de fútbol; Scaloneta,Fútbol
205910,2025,Culturas,Fútbol; Mundial de fútbol; Scaloneta,Mundial De Fútbol
205910,2025,Culturas,Fútbol; Mundial de fútbol; Scaloneta,Scaloneta
205937,2025,Política y Economía,Axel Kicillof; Democracia; Derechas; Derechos Humanos; Elecciones; Javier Milei; La Libertad Avanza; Peronismo; fascismo,Axel Kicillof
205937,2025,Política y Economía,Axel Kicillof; Democracia; Derechas; Derechos Humanos; Elecciones; Javier Milei; La Libertad Avanza; Peronismo; fascismo,Democracia
205937,2025,Política y Economía,Axel Kicillof; Democracia; Derechas; Derechos Humanos; Elecciones; Javier Milei; La Libertad Avanza; Peronismo; fascismo,Derechas
205937,2025,Política y Economía,Axel Kicillof; Democracia; Derechas; Derechos Humanos; Elecciones; Javier Milei; La Libertad Avanza; Peronismo; fascismo,Derechos Humanos
205937,2025,Política y Economía,Axel Kicillof; Democracia; Derechas; Derechos Humanos; Elecciones; Javier Milei; La Libertad Avanza; Peronismo; fascismo,Elecciones
205937,2025,Política y Economía,Axel Kicillof; Democracia; Derechas; Derechos Humanos; Elecciones; Javier Milei; La Libertad Avanza; Peronismo; fascismo,Javier Milei
205937,2025,Política y Economía,Axel Kicillof; Democracia; Derechas; Derechos Humanos; Elecciones; Javier Milei; La Libertad Avanza; Peronismo; fascismo,La Libertad Avanza
205937,2025,Política y Economía,Axel Kicillof; Democracia; Derechas; Derechos Humanos; Elecciones; Javier Milei; La Libertad Avanza; Peronismo; fascismo,Peronismo
205937,2025,Política y Economía,Axel Kicillof; Democracia; Derechas; Derechos Humanos; Elecciones; Javier Milei; La Libertad Avanza; Peronismo; fascismo,Fascismo
195767,2025,Educación,Derechas; LEDA-UNSAM; Marcha Universitaria; Un año de Milei,Derechas
195767,2025,Educación,Derechas; LEDA-UNSAM; Marcha Universitaria; Un año de Milei,Leda-Unsam
195767,2025,Educación,Derechas; LEDA-UNSAM; Marcha Universitaria; Un año de Milei,Marcha Universitaria
195767,2025,Educación,Derechas; LEDA-UNSAM; Marcha Universitaria; Un año de Milei,Un Año De Milei
195767,2025,Política y Economía,Derechas; LEDA-UNSAM; Marcha Universitaria; Un año de Milei,Derechas
195767,2025,Política y Economía,Derechas; LEDA-UNSAM; Marcha Universitaria; Un año de Milei,Leda-Unsam
195767,2025,Política y Economía,Derechas; LEDA-UNSAM; Marcha Universitaria; Un año de Milei,Marcha Universitaria
195767,2025,Política y Economía,Derechas; LEDA-UNSAM; Marcha Universitaria; Un año de Milei,Un Año De Milei
205948,2025,Educación,Chat GPT; Inteligencia artificial; Universidad pública,Chat Gpt
205948,2025,Educación,Chat GPT; Inteligencia artificial; Universidad pública,Inteligencia Artificial
205948,2025,Educación,Chat GPT; Inteligencia artificial; Universidad pública,Universidad Pública
205981,2025,Política y Economía,Estallido; Internacional; Nepal,Estallido
205981,2025,Política y Economía,Estallido; Internacional; Nepal,Internacional
205981,2025,Política y Economía,Estallido; Internacional; Nepal,Nepal
206008,2025,Política y Economía,Buenos Aires; Elecciones; Federalismo; Peronismo,Buenos Aires
206008,2025,Política y Economía,Buenos Aires; Elecciones; Federalismo; Peronismo,Elecciones
206008,2025,Política y Economía,Buenos Aires; Elecciones; Federalismo; Peronismo,Federalismo
206008,2025,Política y Economía,Buenos Aires; Elecciones; Federalismo; Peronismo,Peronismo
206043,2025,Política y Economía,Inteligencia artificial,Inteligencia Artificial
206081,2025,Salud,Adicciones; Embarazos; Lo Real Real,Adicciones
206081,2025,Salud,Adicciones; Embarazos; Lo Real Real,Embarazos
206081,2025,Salud,Adicciones; Embarazos; Lo Real Real,Lo Real Real
206115,2025,Política y Economía,La Libertad Avanza,La Libertad Avanza
206117,2025,Culturas,Aborto; Cine; Cine argentino; Feminismos; Justicia; Zapping cultural,Aborto
206117,2025,Culturas,Aborto; Cine; Cine argentino; Feminismos; Justicia; Zapping cultural,Cine
206117,2025,Culturas,Aborto; Cine; Cine argentino; Feminismos; Justicia; Zapping cultural,Cine Argentino
206117,2025,Culturas,Aborto; Cine; Cine argentino; Feminismos; Justicia; Zapping cultural,Feminismos
206117,2025,Culturas,Aborto; Cine; Cine argentino; Feminismos; Justicia; Zapping cultural,Justicia
206117,2025,Culturas,Aborto; Cine; Cine argentino; Feminismos; Justicia; Zapping cultural,Zapping Cultural
206117,2025,Políticas de géneros,Aborto; Cine; Cine argentino; Feminismos; Justicia; Zapping cultural,Aborto
206117,2025,Políticas de géneros,Aborto; Cine; Cine argentino; Feminismos; Justicia; Zapping cultural,Cine
206117,2025,Políticas de géneros,Aborto; Cine; Cine argentino; Feminismos; Justicia; Zapping cultural,Cine Argentino
206117,2025,Políticas de géneros,Aborto; Cine; Cine argentino; Feminismos; Justicia; Zapping cultural,Feminismos
206117,2025,Políticas de géneros,Aborto; Cine; Cine argentino; Feminismos; Justicia; Zapping cultural,Justicia
206117,2025,Políticas de géneros,Aborto; Cine; Cine argentino; Feminismos; Justicia; Zapping cultural,Zapping Cultural
206142,2025,Política y Economía,Cosas que funcionan,Cosas Que Funcionan
206171,2025,Políticas de géneros,Triple femicidio,Triple Femicidio
206151,2025,Política y Economía,Derechas; La Libertad Avanza; Neoliberalismo; Protesta social,Derechas
206151,2025,Política y Economía,Derechas; La Libertad Avanza; Neoliberalismo; Protesta social,La Libertad Avanza
206151,2025,Política y Economía,Derechas; La Libertad Avanza; Neoliberalismo; Protesta social,Neoliberalismo
206151,2025,Política y Economía,Derechas; La Libertad Avanza; Neoliberalismo; Protesta social,Protesta Social
206222,2025,Culturas,ARTLAB; Lentitud; Música,Artlab
206222,2025,Culturas,ARTLAB; Lentitud; Música,Lentitud
206222,2025,Culturas,ARTLAB; Lentitud; Música,Música
206254,2025,Política y Economía,Carry trade; La Libertad Avanza; Liberalismo,Carry Trade
206254,2025,Política y Economía,Carry trade; La Libertad Avanza; Liberalismo,La Libertad Avanza
206254,2025,Política y Economía,Carry trade; La Libertad Avanza; Liberalismo,Liberalismo
206260,2025,Política y Economía,Derechos Humanos; Desaparecidos; Dictadura; ESMA; La Libertad Avanza; Salud,Derechos Humanos
206260,2025,Política y Economía,Derechos Humanos; Desaparecidos; Dictadura; ESMA; La Libertad Avanza; Salud,Desaparecidos
206260,2025,Política y Economía,Derechos Humanos; Desaparecidos; Dictadura; ESMA; La Libertad Avanza; Salud,Dictadura
206260,2025,Política y Economía,Derechos Humanos; Desaparecidos; Dictadura; ESMA; La Libertad Avanza; Salud,Esma
206260,2025,Política y Economía,Derechos Humanos; Desaparecidos; Dictadura; ESMA; La Libertad Avanza; Salud,La Libertad Avanza
206260,2025,Política y Economía,Derechos Humanos; Desaparecidos; Dictadura; ESMA; La Libertad Avanza; Salud,Salud
206260,2025,Salud,Derechos Humanos; Desaparecidos; Dictadura; ESMA; La Libertad Avanza; Salud,Derechos Humanos
206260,2025,Salud,Derechos Humanos; Desaparecidos; Dictadura; ESMA; La Libertad Avanza; Salud,Desaparecidos
206260,2025,Salud,Derechos Humanos; Desaparecidos; Dictadura; ESMA; La Libertad Avanza; Salud,Dictadura
206260,2025,Salud,Derechos Humanos; Desaparecidos; Dictadura; ESMA; La Libertad Avanza; Salud,Esma
206260,2025,Salud,Derechos Humanos; Desaparecidos; Dictadura; ESMA; La Libertad Avanza; Salud,La Libertad Avanza
206260,2025,Salud,Derechos Humanos; Desaparecidos; Dictadura; ESMA; La Libertad Avanza; Salud,Salud
206290,2025,Culturas,Honoris Causa; La Merma,Honoris Causa
206290,2025,Culturas,Honoris Causa; La Merma,La Merma
206323,2025,Políticas de géneros,Femicidio; Narco; Pobreza; Violencias,Femicidio
206323,2025,Políticas de géneros,Femicidio; Narco; Pobreza; Violencias,Narco
206323,2025,Políticas de géneros,Femicidio; Narco; Pobreza; Violencias,Pobreza
206323,2025,Políticas de géneros,Femicidio; Narco; Pobreza; Violencias,Violencias
206372,2025,Culturas,Derechas; Derechos Humanos; Internacional; Israel; Javier Milei; Palestina,Derechas
206372,2025,Culturas,Derechas; Derechos Humanos; Internacional; Israel; Javier Milei; Palestina,Derechos Humanos
206372,2025,Culturas,Derechas; Derechos Humanos; Internacional; Israel; Javier Milei; Palestina,Internacional
206372,2025,Culturas,Derechas; Derechos Humanos; Internacional; Israel; Javier Milei; Palestina,Israel
206372,2025,Culturas,Derechas; Derechos Humanos; Internacional; Israel; Javier Milei; Palestina,Javier Milei
206372,2025,Culturas,Derechas; Derechos Humanos; Internacional; Israel; Javier Milei; Palestina,Palestina
206385,2025,Política y Economía,Javier Milei; Libros,Javier Milei
206385,2025,Política y Economía,Javier Milei; Libros,Libros
206393,2025,Política y Economía,Corrupción; La Libertad Avanza; Narcotráfico,Corrupción
206393,2025,Política y Economía,Corrupción; La Libertad Avanza; Narcotráfico,La Libertad Avanza
206393,2025,Política y Economía,Corrupción; La Libertad Avanza; Narcotráfico,Narcotráfico
206411,2025,Política y Economía,Ajuste; Bloquons tout; Derechas; Derechos sociales; Politicas económicas,Ajuste
206411,2025,Política y Economía,Ajuste; Bloquons tout; Derechas; Derechos sociales; Politicas económicas,Bloquons Tout
206411,2025,Política y Economía,Ajuste; Bloquons tout; Derechas; Derechos sociales; Politicas económicas,Derechas
206411,2025,Política y Economía,Ajuste; Bloquons tout; Derechas; Derechos sociales; Politicas económicas,Derechos Sociales
206411,2025,Política y Economía,Ajuste; Bloquons tout; Derechas; Derechos sociales; Politicas económicas,Politicas Económicas
206451,2025,Tecnologías,Chat GPT; Inteligencia artificial; Internacional; Javier Milei; Patagonia; Tecnología,Chat Gpt
206451,2025,Tecnologías,Chat GPT; Inteligencia artificial; Internacional; Javier Milei; Patagonia; Tecnología,Inteligencia Artificial
206451,2025,Tecnologías,Chat GPT; Inteligencia artificial; Internacional; Javier Milei; Patagonia; Tecnología,Internacional
206451,2025,Tecnologías,Chat GPT; Inteligencia artificial; Internacional; Javier Milei; Patagonia; Tecnología,Javier Milei
206451,2025,Tecnologías,Chat GPT; Inteligencia artificial; Internacional; Javier Milei; Patagonia; Tecnología,Patagonia
206451,2025,Tecnologías,Chat GPT; Inteligencia artificial; Internacional; Javier Milei; Patagonia; Tecnología,Tecnología
206437,2025,Culturas,Internacional; Israel; Libros,Internacional
206437,2025,Culturas,Internacional; Israel; Libros,Israel
206437,2025,Culturas,Internacional; Israel; Libros,Libros
206490,2025,Políticas de géneros,Denuncias; Doble femicidio; Falsas denuncias; Pablo Lautra; Varones unidos,Denuncias
206490,2025,Políticas de géneros,Denuncias; Doble femicidio; Falsas denuncias; Pablo Lautra; Varones unidos,Doble Femicidio
206490,2025,Políticas de géneros,Denuncias; Doble femicidio; Falsas denuncias; Pablo Lautra; Varones unidos,Falsas Denuncias
206490,2025,Políticas de géneros,Denuncias; Doble femicidio; Falsas denuncias; Pablo Lautra; Varones unidos,Pablo Lautra
206490,2025,Políticas de géneros,Denuncias; Doble femicidio; Falsas denuncias; Pablo Lautra; Varones unidos,Varones Unidos
206516,2025,Tecnologías,Apuestas; Juventudes; Tecnología; criptomonedas,Apuestas
206516,2025,Tecnologías,Apuestas; Juventudes; Tecnología; criptomonedas,Juventudes
206516,2025,Tecnologías,Apuestas; Juventudes; Tecnología; criptomonedas,Tecnología
206516,2025,Tecnologías,Apuestas; Juventudes; Tecnología; criptomonedas,Criptomonedas
206530,2025,Culturas,YouTube; Zapping cultural,Youtube
206530,2025,Culturas,YouTube; Zapping cultural,Zapping Cultural
206584,2025,Política y Economía,Plataformas; Redes sociales,Plataformas
206584,2025,Política y Economía,Plataformas; Redes sociales,Redes Sociales
206584,2025,Tecnologías,Plataformas; Redes sociales,Plataformas
206584,2025,Tecnologías,Plataformas; Redes sociales,Redes Sociales
206602,2025,Política y Economía,America Latina; Bolivia; Internacional,America Latina
206602,2025,Política y Economía,America Latina; Bolivia; Internacional,Bolivia
206602,2025,Política y Economía,America Latina; Bolivia; Internacional,Internacional
206636,2025,Política y Economía,Elecciones; Encuestas; Inteligencia artificial,Elecciones
206636,2025,Política y Economía,Elecciones; Encuestas; Inteligencia artificial,Encuestas
206636,2025,Política y Economía,Elecciones; Encuestas; Inteligencia artificial,Inteligencia Artificial
206636,2025,Tecnologías,Elecciones; Encuestas; Inteligencia artificial,Elecciones
206636,2025,Tecnologías,Elecciones; Encuestas; Inteligencia artificial,Encuestas
206636,2025,Tecnologías,Elecciones; Encuestas; Inteligencia artificial,Inteligencia Artificial
206645,2025,Política y Economía,Ambiente; BA; Beca crónica; Canal de Panamá; Desplazados; Resistencia,Ambiente
206645,2025,Política y Economía,Ambiente; BA; Beca crónica; Canal de Panamá; Desplazados; Resistencia,Ba
206645,2025,Política y Economía,Ambiente; BA; Beca crónica; Canal de Panamá; Desplazados; Resistencia,Beca Crónica
206645,2025,Política y Economía,Ambiente; BA; Beca crónica; Canal de Panamá; Desplazados; Resistencia,Canal De Panamá
206645,2025,Política y Economía,Ambiente; BA; Beca crónica; Canal de Panamá; Desplazados; Resistencia,Desplazados
206645,2025,Política y Economía,Ambiente; BA; Beca crónica; Canal de Panamá; Desplazados; Resistencia,Resistencia
206766,2025,Política y Economía,Derechas; Elecciones; Javier Milei; Peronismo; gobernadores,Derechas
206766,2025,Política y Economía,Derechas; Elecciones; Javier Milei; Peronismo; gobernadores,Elecciones
206766,2025,Política y Economía,Derechas; Elecciones; Javier Milei; Peronismo; gobernadores,Javier Milei
206766,2025,Política y Economía,Derechas; Elecciones; Javier Milei; Peronismo; gobernadores,Peronismo
206766,2025,Política y Economía,Derechas; Elecciones; Javier Milei; Peronismo; gobernadores,Gobernadores
206792,2025,Culturas,Duelos; Periodismo narrativo,Duelos
206792,2025,Culturas,Duelos; Periodismo narrativo,Periodismo Narrativo
206809,2025,Política y Economía,Brasil; Internacional; Narcotráfico,Brasil
206809,2025,Política y Economía,Brasil; Internacional; Narcotráfico,Internacional
206809,2025,Política y Economía,Brasil; Internacional; Narcotráfico,Narcotráfico
206826,2025,Política y Economía,Axel Kicillof; Cristina Fernández de Kirchner; Elecciones; Peronismo,Axel Kicillof
206826,2025,Política y Economía,Axel Kicillof; Cristina Fernández de Kirchner; Elecciones; Peronismo,Cristina Fernández De Kirchner
206826,2025,Política y Economía,Axel Kicillof; Cristina Fernández de Kirchner; Elecciones; Peronismo,Elecciones
206826,2025,Política y Economía,Axel Kicillof; Cristina Fernández de Kirchner; Elecciones; Peronismo,Peronismo
206833,2025,Política y Economía,Brasil; Internacional; Narcotráfico; violencia institucional,Brasil
206833,2025,Política y Economía,Brasil; Internacional; Narcotráfico; violencia institucional,Internacional
206833,2025,Política y Economía,Brasil; Internacional; Narcotráfico; violencia institucional,Narcotráfico
206833,2025,Política y Economía,Brasil; Internacional; Narcotráfico; violencia institucional,Violencia Institucional
206851,2025,Culturas,Cárceles; Democracia; Estados Unidos; Migrantes; Periodismo; Tesla; Universidad de Texas; Universidad pública,Cárceles
206851,2025,Culturas,Cárceles; Democracia; Estados Unidos; Migrantes; Periodismo; Tesla; Universidad de Texas; Universidad pública,Democracia
206851,2025,Culturas,Cárceles; Democracia; Estados Unidos; Migrantes; Periodismo; Tesla; Universidad de Texas; Universidad pública,Estados Unidos
206851,2025,Culturas,Cárceles; Democracia; Estados Unidos; Migrantes; Periodismo; Tesla; Universidad de Texas; Universidad pública,Migrantes
206851,2025,Culturas,Cárceles; Democracia; Estados Unidos; Migrantes; Periodismo; Tesla; Universidad de Texas; Universidad pública,Periodismo
206851,2025,Culturas,Cárceles; Democracia; Estados Unidos; Migrantes; Periodismo; Tesla; Universidad de Texas; Universidad pública,Tesla
206851,2025,Culturas,Cárceles; Democracia; Estados Unidos; Migrantes; Periodismo; Tesla; Universidad de Texas; Universidad pública,Universidad De Texas
206851,2025,Culturas,Cárceles; Democracia; Estados Unidos; Migrantes; Periodismo; Tesla; Universidad de Texas; Universidad pública,Universidad Pública
206880,2025,Culturas,Música; Pop; Rosalía; Zapping cultural,Música
206880,2025,Culturas,Música; Pop; Rosalía; Zapping cultural,Pop
206880,2025,Culturas,Música; Pop; Rosalía; Zapping cultural,Rosalía
206880,2025,Culturas,Música; Pop; Rosalía; Zapping cultural,Zapping Cultural
206919,2025,Política y Economía,Evangélicos; Javier Milei; La Libertad Avanza,Evangélicos
206919,2025,Política y Economía,Evangélicos; Javier Milei; La Libertad Avanza,Javier Milei
206919,2025,Política y Economía,Evangélicos; Javier Milei; La Libertad Avanza,La Libertad Avanza
206950,2025,Tecnologías,Capitalismo; Inteligencia artificial; Libros; Plataformas,Capitalismo
206950,2025,Tecnologías,Capitalismo; Inteligencia artificial; Libros; Plataformas,Inteligencia Artificial
206950,2025,Tecnologías,Capitalismo; Inteligencia artificial; Libros; Plataformas,Libros
206950,2025,Tecnologías,Capitalismo; Inteligencia artificial; Libros; Plataformas,Plataformas
206984,2025,Culturas,Derechos Humanos; Libros; Peronismo,Derechos Humanos
206984,2025,Culturas,Derechos Humanos; Libros; Peronismo,Libros
206984,2025,Culturas,Derechos Humanos; Libros; Peronismo,Peronismo
207030,2025,Otras,Cosas que funcionan,Cosas Que Funcionan
207052,2025,Política y Economía,Chile; Derechas; Internacional,Chile
207052,2025,Política y Economía,Chile; Derechas; Internacional,Derechas
207052,2025,Política y Economía,Chile; Derechas; Internacional,Internacional
207059,2025,Culturas,Crónica; Libros; Maternidades; Periodismo narrativo,Crónica
207059,2025,Culturas,Crónica; Libros; Maternidades; Periodismo narrativo,Libros
207059,2025,Culturas,Crónica; Libros; Maternidades; Periodismo narrativo,Maternidades
207059,2025,Culturas,Crónica; Libros; Maternidades; Periodismo narrativo,Periodismo Narrativo
207088,2025,Política y Economía,$LIBRA; Causa Andis; Corrupción; Milei; financiamiento narco,$Libra
207088,2025,Política y Economía,$LIBRA; Causa Andis; Corrupción; Milei; financiamiento narco,Causa Andis
207088,2025,Política y Economía,$LIBRA; Causa Andis; Corrupción; Milei; financiamiento narco,Corrupción
207088,2025,Política y Economía,$LIBRA; Causa Andis; Corrupción; Milei; financiamiento narco,Milei
207088,2025,Política y Economía,$LIBRA; Causa Andis; Corrupción; Milei; financiamiento narco,Financiamiento Narco
207104,2025,Ambiente,Ambiente; Política,Ambiente
207104,2025,Ambiente,Ambiente; Política,Política
207104,2025,Política y Economía,Ambiente; Política,Ambiente
207104,2025,Política y Economía,Ambiente; Política,Política
207144,2025,Políticas de géneros,Cuidados; Derechos Humanos; Feminismos,Cuidados
207144,2025,Políticas de géneros,Cuidados; Derechos Humanos; Feminismos,Derechos Humanos
207144,2025,Políticas de géneros,Cuidados; Derechos Humanos; Feminismos,Feminismos
126317,2025,Políticas de géneros,Pedro Lemebel,Pedro Lemebel
215933,2025,Educación,Escuelas; Violencia,Escuelas
215933,2025,Educación,Escuelas; Violencia,Violencia
199585,2025,Política y Economía,Asociación del Fútbol Argentino; Claudio Tapia; Javier Milei; Lionel Messi; Mauricio Macri,Asociación Del Fútbol Argentino
199585,2025,Política y Economía,Asociación del Fútbol Argentino; Claudio Tapia; Javier Milei; Lionel Messi; Mauricio Macri,Claudio Tapia
199585,2025,Política y Economía,Asociación del Fútbol Argentino; Claudio Tapia; Javier Milei; Lionel Messi; Mauricio Macri,Javier Milei
199585,2025,Política y Economía,Asociación del Fútbol Argentino; Claudio Tapia; Javier Milei; Lionel Messi; Mauricio Macri,Lionel Messi
199585,2025,Política y Economía,Asociación del Fútbol Argentino; Claudio Tapia; Javier Milei; Lionel Messi; Mauricio Macri,Mauricio Macri
217047,2025,Salud,Hostigamiento digital; Salud mental; Suicidios,Hostigamiento Digital
217047,2025,Salud,Hostigamiento digital; Salud mental; Suicidios,Salud Mental
217047,2025,Salud,Hostigamiento digital; Salud mental; Suicidios,Suicidios
217106,2025,Política y Economía,Economía; UNSAM,Economía
217106,2025,Política y Economía,Economía; UNSAM,Unsam
217118,2025,Culturas,Zapping cultural,Zapping Cultural
205373,2025,Ambiente,Conicet,Conicet
217197,2025,Culturas,Dillom; Horrorcore; Trap,Dillom
217197,2025,Culturas,Dillom; Horrorcore; Trap,Horrorcore
217197,2025,Culturas,Dillom; Horrorcore; Trap,Trap
217215,2025,Políticas de géneros,Crimen de odio; LGBT; Violencia policial; Violencias,Crimen De Odio
217215,2025,Políticas de géneros,Crimen de odio; LGBT; Violencia policial; Violencias,Lgbt
217215,2025,Políticas de géneros,Crimen de odio; LGBT; Violencia policial; Violencias,Violencia Policial
217215,2025,Políticas de géneros,Crimen de odio; LGBT; Violencia policial; Violencias,Violencias
217234,2025,Tecnologías,IAG; Inteligencia artificial,Iag
217234,2025,Tecnologías,IAG; Inteligencia artificial,Inteligencia Artificial
217303,2026,Política y Economía,Donald Trump; Estados Unidos; Internacional; Nicolas Maduro; Venezuela,Donald Trump
217303,2026,Política y Economía,Donald Trump; Estados Unidos; Internacional; Nicolas Maduro; Venezuela,Estados Unidos
217303,2026,Política y Economía,Donald Trump; Estados Unidos; Internacional; Nicolas Maduro; Venezuela,Internacional
217303,2026,Política y Economía,Donald Trump; Estados Unidos; Internacional; Nicolas Maduro; Venezuela,Nicolas Maduro
217303,2026,Política y Economía,Donald Trump; Estados Unidos; Internacional; Nicolas Maduro; Venezuela,Venezuela
217318,2026,Política y Economía,Donald Trump; Estados Unidos; Internacional; Nicolás Maduro; Venezuela,Donald Trump
217318,2026,Política y Economía,Donald Trump; Estados Unidos; Internacional; Nicolás Maduro; Venezuela,Estados Unidos
217318,2026,Política y Economía,Donald Trump; Estados Unidos; Internacional; Nicolás Maduro; Venezuela,Internacional
217318,2026,Política y Economía,Donald Trump; Estados Unidos; Internacional; Nicolás Maduro; Venezuela,Nicolás Maduro
217318,2026,Política y Economía,Donald Trump; Estados Unidos; Internacional; Nicolás Maduro; Venezuela,Venezuela
217344,2026,Política y Economía,Inteligencia; Javier Milei; La Libertad Avanza; SIDE; Santiago Caputo,Inteligencia
217344,2026,Política y Economía,Inteligencia; Javier Milei; La Libertad Avanza; SIDE; Santiago Caputo,Javier Milei
217344,2026,Política y Economía,Inteligencia; Javier Milei; La Libertad Avanza; SIDE; Santiago Caputo,La Libertad Avanza
217344,2026,Política y Economía,Inteligencia; Javier Milei; La Libertad Avanza; SIDE; Santiago Caputo,Side
217344,2026,Política y Economía,Inteligencia; Javier Milei; La Libertad Avanza; SIDE; Santiago Caputo,Santiago Caputo
217367,2026,Política y Economía,Venezuela,Venezuela
217372,2026,Política y Economía,Brasil; Dólar; Internacional; Turismo,Brasil
217372,2026,Política y Economía,Brasil; Dólar; Internacional; Turismo,Dólar
217372,2026,Política y Economía,Brasil; Dólar; Internacional; Turismo,Internacional
217372,2026,Política y Economía,Brasil; Dólar; Internacional; Turismo,Turismo
202203,2026,Ambiente,Ambiente; Desigualdad; Incendios,Ambiente
202203,2026,Ambiente,Ambiente; Desigualdad; Incendios,Desigualdad
202203,2026,Ambiente,Ambiente; Desigualdad; Incendios,Incendios
202203,2026,Política y Economía,Ambiente; Desigualdad; Incendios,Ambiente
202203,2026,Política y Economía,Ambiente; Desigualdad; Incendios,Desigualdad
202203,2026,Política y Economía,Ambiente; Desigualdad; Incendios,Incendios
217406,2026,Política y Economía,Iglesia Católica; Papa Francisco; Papa León XIV,Iglesia Católica
217406,2026,Política y Economía,Iglesia Católica; Papa Francisco; Papa León XIV,Papa Francisco
217406,2026,Política y Economía,Iglesia Católica; Papa Francisco; Papa León XIV,Papa León Xiv
217412,2026,Política y Economía,Gaza; Judaismo; Spinoza,Gaza
217412,2026,Política y Economía,Gaza; Judaismo; Spinoza,Judaismo
217412,2026,Política y Economía,Gaza; Judaismo; Spinoza,Spinoza
217432,2026,Política y Economía,Trump; Violencia cívica; fascismo,Trump
217432,2026,Política y Economía,Trump; Violencia cívica; fascismo,Violencia Cívica
217432,2026,Política y Economía,Trump; Violencia cívica; fascismo,Fascismo
217468,2026,Políticas de géneros,Derechos Humanos; Ecuador; LGBT; LGBTIQ+; Onlyfans,Derechos Humanos
217468,2026,Políticas de géneros,Derechos Humanos; Ecuador; LGBT; LGBTIQ+; Onlyfans,Ecuador
217468,2026,Políticas de géneros,Derechos Humanos; Ecuador; LGBT; LGBTIQ+; Onlyfans,Lgbt
217468,2026,Políticas de géneros,Derechos Humanos; Ecuador; LGBT; LGBTIQ+; Onlyfans,Lgbtiq+
217468,2026,Políticas de géneros,Derechos Humanos; Ecuador; LGBT; LGBTIQ+; Onlyfans,Onlyfans
217585,2026,Culturas,La Virgen de la Tosquera; Laura Casabé; Mariana Enríquez; Terror,La Virgen De La Tosquera
217585,2026,Culturas,La Virgen de la Tosquera; Laura Casabé; Mariana Enríquez; Terror,Laura Casabé
217585,2026,Culturas,La Virgen de la Tosquera; Laura Casabé; Mariana Enríquez; Terror,Mariana Enríquez
217585,2026,Culturas,La Virgen de la Tosquera; Laura Casabé; Mariana Enríquez; Terror,Terror
217607,2026,Política y Economía,China; Donald Trump; Estados Unidos; Groenlandia; Internacional; Rusia; Ucrania; Unión Europea; Venezuela; Vladímir Putin,China
217607,2026,Política y Economía,China; Donald Trump; Estados Unidos; Groenlandia; Internacional; Rusia; Ucrania; Unión Europea; Venezuela; Vladímir Putin,Donald Trump
217607,2026,Política y Economía,China; Donald Trump; Estados Unidos; Groenlandia; Internacional; Rusia; Ucrania; Unión Europea; Venezuela; Vladímir Putin,Estados Unidos
217607,2026,Política y Economía,China; Donald Trump; Estados Unidos; Groenlandia; Internacional; Rusia; Ucrania; Unión Europea; Venezuela; Vladímir Putin,Groenlandia
217607,2026,Política y Economía,China; Donald Trump; Estados Unidos; Groenlandia; Internacional; Rusia; Ucrania; Unión Europea; Venezuela; Vladímir Putin,Internacional
217607,2026,Política y Economía,China; Donald Trump; Estados Unidos; Groenlandia; Internacional; Rusia; Ucrania; Unión Europea; Venezuela; Vladímir Putin,Rusia
217607,2026,Política y Economía,China; Donald Trump; Estados Unidos; Groenlandia; Internacional; Rusia; Ucrania; Unión Europea; Venezuela; Vladímir Putin,Ucrania
217607,2026,Política y Economía,China; Donald Trump; Estados Unidos; Groenlandia; Internacional; Rusia; Ucrania; Unión Europea; Venezuela; Vladímir Putin,Unión Europea
217607,2026,Política y Economía,China; Donald Trump; Estados Unidos; Groenlandia; Internacional; Rusia; Ucrania; Unión Europea; Venezuela; Vladímir Putin,Venezuela
217607,2026,Política y Economía,China; Donald Trump; Estados Unidos; Groenlandia; Internacional; Rusia; Ucrania; Unión Europea; Venezuela; Vladímir Putin,Vladímir Putin
217655,2026,Amor y sexo,Amor; Citas; Tinder,Amor
217655,2026,Amor y sexo,Amor; Citas; Tinder,Citas
217655,2026,Amor y sexo,Amor; Citas; Tinder,Tinder
217634,2026,Culturas,Cazzu; Cosquín; FAlklore; Folklore; Julián Kartun; Liliana Herrero; Lito Vitale; Mex Urtizberea; Milo J; Soledad Pastorutti,Cazzu
217634,2026,Culturas,Cazzu; Cosquín; FAlklore; Folklore; Julián Kartun; Liliana Herrero; Lito Vitale; Mex Urtizberea; Milo J; Soledad Pastorutti,Cosquín
217634,2026,Culturas,Cazzu; Cosquín; FAlklore; Folklore; Julián Kartun; Liliana Herrero; Lito Vitale; Mex Urtizberea; Milo J; Soledad Pastorutti,Falklore
217634,2026,Culturas,Cazzu; Cosquín; FAlklore; Folklore; Julián Kartun; Liliana Herrero; Lito Vitale; Mex Urtizberea; Milo J; Soledad Pastorutti,Folklore
217634,2026,Culturas,Cazzu; Cosquín; FAlklore; Folklore; Julián Kartun; Liliana Herrero; Lito Vitale; Mex Urtizberea; Milo J; Soledad Pastorutti,Julián Kartun
217634,2026,Culturas,Cazzu; Cosquín; FAlklore; Folklore; Julián Kartun; Liliana Herrero; Lito Vitale; Mex Urtizberea; Milo J; Soledad Pastorutti,Liliana Herrero
217634,2026,Culturas,Cazzu; Cosquín; FAlklore; Folklore; Julián Kartun; Liliana Herrero; Lito Vitale; Mex Urtizberea; Milo J; Soledad Pastorutti,Lito Vitale
217634,2026,Culturas,Cazzu; Cosquín; FAlklore; Folklore; Julián Kartun; Liliana Herrero; Lito Vitale; Mex Urtizberea; Milo J; Soledad Pastorutti,Mex Urtizberea
217634,2026,Culturas,Cazzu; Cosquín; FAlklore; Folklore; Julián Kartun; Liliana Herrero; Lito Vitale; Mex Urtizberea; Milo J; Soledad Pastorutti,Milo J
217634,2026,Culturas,Cazzu; Cosquín; FAlklore; Folklore; Julián Kartun; Liliana Herrero; Lito Vitale; Mex Urtizberea; Milo J; Soledad Pastorutti,Soledad Pastorutti
217726,2026,Culturas,Brasil; Internacional; Racismo; Racismo en Argentina,Brasil
217726,2026,Culturas,Brasil; Internacional; Racismo; Racismo en Argentina,Internacional
217726,2026,Culturas,Brasil; Internacional; Racismo; Racismo en Argentina,Racismo
217726,2026,Culturas,Brasil; Internacional; Racismo; Racismo en Argentina,Racismo En Argentina
217776,2026,Política y Economía,Estados Unidos; Internacional; Javier Milei,Estados Unidos
217776,2026,Política y Economía,Estados Unidos; Internacional; Javier Milei,Internacional
217776,2026,Política y Economía,Estados Unidos; Internacional; Javier Milei,Javier Milei
201801,2026,Culturas,Música,Música
217836,2026,Otras,Historia; Política,Historia
217836,2026,Otras,Historia; Política,Política
217883,2026,Política y Economía,Estados Unidos; ICE; Internacional; Migración,Estados Unidos
217883,2026,Política y Economía,Estados Unidos; ICE; Internacional; Migración,Ice
217883,2026,Política y Economía,Estados Unidos; ICE; Internacional; Migración,Internacional
217883,2026,Política y Economía,Estados Unidos; ICE; Internacional; Migración,Migración
162725,2026,Políticas de géneros,2001; A 20 años del estallido; Crisis 2001; Identidad travesti; LGBTIQ+,2001
162725,2026,Políticas de géneros,2001; A 20 años del estallido; Crisis 2001; Identidad travesti; LGBTIQ+,A 20 Años Del Estallido
162725,2026,Políticas de géneros,2001; A 20 años del estallido; Crisis 2001; Identidad travesti; LGBTIQ+,Crisis 2001
162725,2026,Políticas de géneros,2001; A 20 años del estallido; Crisis 2001; Identidad travesti; LGBTIQ+,Identidad Travesti
162725,2026,Políticas de géneros,2001; A 20 años del estallido; Crisis 2001; Identidad travesti; LGBTIQ+,Lgbtiq+
217966,2026,Política y Economía,Migración; Misiones; Trabajo,Migración
217966,2026,Política y Economía,Migración; Misiones; Trabajo,Misiones
217966,2026,Política y Economía,Migración; Misiones; Trabajo,Trabajo
218040,2026,Política y Economía,Plataformas; Violencia; Violencia policial; violencia institucional,Plataformas
218040,2026,Política y Economía,Plataformas; Violencia; Violencia policial; violencia institucional,Violencia
218040,2026,Política y Economía,Plataformas; Violencia; Violencia policial; violencia institucional,Violencia Policial
218040,2026,Política y Economía,Plataformas; Violencia; Violencia policial; violencia institucional,Violencia Institucional
218040,2026,Tecnologías,Plataformas; Violencia; Violencia policial; violencia institucional,Plataformas
218040,2026,Tecnologías,Plataformas; Violencia; Violencia policial; violencia institucional,Violencia
218040,2026,Tecnologías,Plataformas; Violencia; Violencia policial; violencia institucional,Violencia Policial
218040,2026,Tecnologías,Plataformas; Violencia; Violencia policial; violencia institucional,Violencia Institucional
218052,2026,Política y Economía,$LIBRA; Criptogate; Javier Milei; Masculinidades; criptomonedas,$Libra
218052,2026,Política y Economía,$LIBRA; Criptogate; Javier Milei; Masculinidades; criptomonedas,Criptogate
218052,2026,Política y Economía,$LIBRA; Criptogate; Javier Milei; Masculinidades; criptomonedas,Javier Milei
218052,2026,Política y Economía,$LIBRA; Criptogate; Javier Milei; Masculinidades; criptomonedas,Masculinidades
218052,2026,Política y Economía,$LIBRA; Criptogate; Javier Milei; Masculinidades; criptomonedas,Criptomonedas
218052,2026,Políticas de géneros,$LIBRA; Criptogate; Javier Milei; Masculinidades; criptomonedas,$Libra
218052,2026,Políticas de géneros,$LIBRA; Criptogate; Javier Milei; Masculinidades; criptomonedas,Criptogate
218052,2026,Políticas de géneros,$LIBRA; Criptogate; Javier Milei; Masculinidades; criptomonedas,Javier Milei
218052,2026,Políticas de géneros,$LIBRA; Criptogate; Javier Milei; Masculinidades; criptomonedas,Masculinidades
218052,2026,Políticas de géneros,$LIBRA; Criptogate; Javier Milei; Masculinidades; criptomonedas,Criptomonedas
218001,2026,Culturas,CABA; Carnaval; Murgas,Caba
218001,2026,Culturas,CABA; Carnaval; Murgas,Carnaval
218001,2026,Culturas,CABA; Carnaval; Murgas,Murgas
218078,2026,Culturas,Cine; Libros; Literatura; Zapping cultural,Cine
218078,2026,Culturas,Cine; Libros; Literatura; Zapping cultural,Libros
218078,2026,Culturas,Cine; Libros; Literatura; Zapping cultural,Literatura
218078,2026,Culturas,Cine; Libros; Literatura; Zapping cultural,Zapping Cultural
217176,2026,Política y Economía,Derechos; Reforma Laboral; Trabajo,Derechos
217176,2026,Política y Economía,Derechos; Reforma Laboral; Trabajo,Reforma Laboral
217176,2026,Política y Economía,Derechos; Reforma Laboral; Trabajo,Trabajo
218115,2026,Política y Economía,Congreso; Javier Milei; Reforma Laboral; Trabajo,Congreso
218115,2026,Política y Economía,Congreso; Javier Milei; Reforma Laboral; Trabajo,Javier Milei
218115,2026,Política y Economía,Congreso; Javier Milei; Reforma Laboral; Trabajo,Reforma Laboral
218115,2026,Política y Economía,Congreso; Javier Milei; Reforma Laboral; Trabajo,Trabajo
218152,2026,Política y Economía,Ley de Glaciares,Ley De Glaciares
218180,2026,Política y Economía,Despidos; Reforma Laboral; Trabajo,Despidos
218180,2026,Política y Economía,Despidos; Reforma Laboral; Trabajo,Reforma Laboral
218180,2026,Política y Economía,Despidos; Reforma Laboral; Trabajo,Trabajo
218227,2026,Política y Economía,Edad de imputabilidad; Infancias; Régimen Penal Juvenil,Edad De Imputabilidad
218227,2026,Política y Economía,Edad de imputabilidad; Infancias; Régimen Penal Juvenil,Infancias
218227,2026,Política y Economía,Edad de imputabilidad; Infancias; Régimen Penal Juvenil,Régimen Penal Juvenil
218257,2026,Política y Economía,Congreso; Javier Milei; La Libertad Avanza,Congreso
218257,2026,Política y Economía,Congreso; Javier Milei; La Libertad Avanza,Javier Milei
218257,2026,Política y Economía,Congreso; Javier Milei; La Libertad Avanza,La Libertad Avanza
218283,2026,Otras,cultura,Cultura
218303,2026,Política y Economía,Estados Unidos; Guerra; Internacional; Irán; Israel; Medio Oriente,Estados Unidos
218303,2026,Política y Economía,Estados Unidos; Guerra; Internacional; Irán; Israel; Medio Oriente,Guerra
218303,2026,Política y Economía,Estados Unidos; Guerra; Internacional; Irán; Israel; Medio Oriente,Internacional
218303,2026,Política y Economía,Estados Unidos; Guerra; Internacional; Irán; Israel; Medio Oriente,Irán
218303,2026,Política y Economía,Estados Unidos; Guerra; Internacional; Irán; Israel; Medio Oriente,Israel
218303,2026,Política y Economía,Estados Unidos; Guerra; Internacional; Irán; Israel; Medio Oriente,Medio Oriente
218341,2026,Otras,Internacional,Internacional
218358,2026,Política y Economía,Litio; Minería,Litio
218358,2026,Política y Economía,Litio; Minería,Minería
218394,2026,Política y Economía,Derechos Humanos; Patricia Bullrich; Represión; gendarmería,Derechos Humanos
218394,2026,Política y Economía,Derechos Humanos; Patricia Bullrich; Represión; gendarmería,Patricia Bullrich
218394,2026,Política y Economía,Derechos Humanos; Patricia Bullrich; Represión; gendarmería,Represión
218394,2026,Política y Economía,Derechos Humanos; Patricia Bullrich; Represión; gendarmería,Gendarmería
204162,2026,Política y Economía,Derechas; Elecciones; Javier Milei; La Libertad Avanza; Manuel Adorni,Derechas
204162,2026,Política y Economía,Derechas; Elecciones; Javier Milei; La Libertad Avanza; Manuel Adorni,Elecciones
204162,2026,Política y Economía,Derechas; Elecciones; Javier Milei; La Libertad Avanza; Manuel Adorni,Javier Milei
204162,2026,Política y Economía,Derechas; Elecciones; Javier Milei; La Libertad Avanza; Manuel Adorni,La Libertad Avanza
204162,2026,Política y Economía,Derechas; Elecciones; Javier Milei; La Libertad Avanza; Manuel Adorni,Manuel Adorni
218438,2026,Política y Economía,$LIBRA; Corrupción; Criptogate; Javier Milei,$Libra
218438,2026,Política y Economía,$LIBRA; Corrupción; Criptogate; Javier Milei,Corrupción
218438,2026,Política y Economía,$LIBRA; Corrupción; Criptogate; Javier Milei,Criptogate
218438,2026,Política y Economía,$LIBRA; Corrupción; Criptogate; Javier Milei,Javier Milei
218486,2026,Culturas,Ca7triel y Paco; Música; Pop; Trap,Ca7Triel Y Paco
218486,2026,Culturas,Ca7triel y Paco; Música; Pop; Trap,Música
218486,2026,Culturas,Ca7triel y Paco; Música; Pop; Trap,Pop
218486,2026,Culturas,Ca7triel y Paco; Música; Pop; Trap,Trap
218516,2026,Política y Economía,50 años del golpe,50 Años Del Golpe
218546,2026,Política y Economía,50 años del golpe; Política,50 Años Del Golpe
218546,2026,Política y Economía,50 años del golpe; Política,Política
218564,2026,Política y Economía,50 años del golpe; Política,50 Años Del Golpe
218564,2026,Política y Economía,50 años del golpe; Política,Política
218484,2026,Educación,50 años del golpe; Escuelas,50 Años Del Golpe
218484,2026,Educación,50 años del golpe; Escuelas,Escuelas
218484,2026,Política y Economía,50 años del golpe; Escuelas,50 Años Del Golpe
218484,2026,Política y Economía,50 años del golpe; Escuelas,Escuelas
218518,2026,Política y Economía,#EAAF; 50 años del golpe; Desaparecidos; Familiares; La Perla,#Eaaf
218518,2026,Política y Economía,#EAAF; 50 años del golpe; Desaparecidos; Familiares; La Perla,50 Años Del Golpe
218518,2026,Política y Economía,#EAAF; 50 años del golpe; Desaparecidos; Familiares; La Perla,Desaparecidos
218518,2026,Política y Economía,#EAAF; 50 años del golpe; Desaparecidos; Familiares; La Perla,Familiares
218518,2026,Política y Economía,#EAAF; 50 años del golpe; Desaparecidos; Familiares; La Perla,La Perla
218651,2026,Política y Economía,50 años del golpe,50 Años Del Golpe
218691,2026,Política y Economía,Arte; Narrativas; Vaca Muerta,Arte
218691,2026,Política y Economía,Arte; Narrativas; Vaca Muerta,Narrativas
218691,2026,Política y Economía,Arte; Narrativas; Vaca Muerta,Vaca Muerta
218893,2026,Educación,Educación; Escuelas; Salud mental,Educación
218893,2026,Educación,Educación; Escuelas; Salud mental,Escuelas
218893,2026,Educación,Educación; Escuelas; Salud mental,Salud Mental
218932,2026,Educación,Educación; violencia escolar,Educación
218932,2026,Educación,Educación; violencia escolar,Violencia Escolar
218787,2026,Políticas de géneros,LGBT; LGBTTINB+; Libros; Peronismo,Lgbt
218787,2026,Políticas de géneros,LGBT; LGBTTINB+; Libros; Peronismo,Lgbttinb+
218787,2026,Políticas de géneros,LGBT; LGBTTINB+; Libros; Peronismo,Libros
218787,2026,Políticas de géneros,LGBT; LGBTTINB+; Libros; Peronismo,Peronismo
218966,2026,Política y Economía,Internacional,Internacional
218996,2026,Políticas de géneros,Fútbol; LGBT; Masculinidades,Fútbol
218996,2026,Políticas de géneros,Fútbol; LGBT; Masculinidades,Lgbt
218996,2026,Políticas de géneros,Fútbol; LGBT; Masculinidades,Masculinidades
120343,2026,Culturas,Ficción; Libros; Literatura; Perfil,Ficción
120343,2026,Culturas,Ficción; Libros; Literatura; Perfil,Libros
120343,2026,Culturas,Ficción; Libros; Literatura; Perfil,Literatura
120343,2026,Culturas,Ficción; Libros; Literatura; Perfil,Perfil
219021,2026,Culturas,Adicciones; Salud,Adicciones
219021,2026,Culturas,Adicciones; Salud,Salud
219021,2026,Salud,Adicciones; Salud,Adicciones
219021,2026,Salud,Adicciones; Salud,Salud
219027,2026,Política y Economía,China; Ciencia; Estados Unidos; Internacional; NASA,China
219027,2026,Política y Economía,China; Ciencia; Estados Unidos; Internacional; NASA,Ciencia
219027,2026,Política y Economía,China; Ciencia; Estados Unidos; Internacional; NASA,Estados Unidos
219027,2026,Política y Economía,China; Ciencia; Estados Unidos; Internacional; NASA,Internacional
219027,2026,Política y Economía,China; Ciencia; Estados Unidos; Internacional; NASA,Nasa
219084,2026,Política y Economía,Casa Rosada; Derechas; Periodismo,Casa Rosada
219084,2026,Política y Economía,Casa Rosada; Derechas; Periodismo,Derechas
219084,2026,Política y Economía,Casa Rosada; Derechas; Periodismo,Periodismo
219096,2026,Política y Economía,Cuba; Invasión; Seguridad; Trump,Cuba
219096,2026,Política y Economía,Cuba; Invasión; Seguridad; Trump,Invasión
219096,2026,Política y Economía,Cuba; Invasión; Seguridad; Trump,Seguridad
219096,2026,Política y Economía,Cuba; Invasión; Seguridad; Trump,Trump
219190,2026,Política y Economía,Corrupción; adorni; gobierno,Corrupción
219190,2026,Política y Economía,Corrupción; adorni; gobierno,Adorni
219190,2026,Política y Economía,Corrupción; adorni; gobierno,Gobierno
219265,2026,Política y Economía,Feminismos; Futuro; Futuro Imperfecto Vol 3; Imaginación política; Militancia,Feminismos
219265,2026,Política y Economía,Feminismos; Futuro; Futuro Imperfecto Vol 3; Imaginación política; Militancia,Futuro
219265,2026,Política y Economía,Feminismos; Futuro; Futuro Imperfecto Vol 3; Imaginación política; Militancia,Futuro Imperfecto Vol 3
219265,2026,Política y Economía,Feminismos; Futuro; Futuro Imperfecto Vol 3; Imaginación política; Militancia,Imaginación Política
219265,2026,Política y Economía,Feminismos; Futuro; Futuro Imperfecto Vol 3; Imaginación política; Militancia,Militancia
219482,2026,Culturas,Cultura popular; Religión,Cultura Popular
219482,2026,Culturas,Cultura popular; Religión,Religión
219664,2026,Política y Economía,Derechas; Derechos Humanos; Internacional; UNSAM,Derechas
219664,2026,Política y Economía,Derechas; Derechos Humanos; Internacional; UNSAM,Derechos Humanos
219664,2026,Política y Economía,Derechas; Derechos Humanos; Internacional; UNSAM,Internacional
219664,2026,Política y Economía,Derechas; Derechos Humanos; Internacional; UNSAM,Unsam
217164,2026,Política y Economía,Casa Rosada; Donald Trump; Estados Unidos; Internacional,Casa Rosada
217164,2026,Política y Economía,Casa Rosada; Donald Trump; Estados Unidos; Internacional,Donald Trump
217164,2026,Política y Economía,Casa Rosada; Donald Trump; Estados Unidos; Internacional,Estados Unidos
217164,2026,Política y Economía,Casa Rosada; Donald Trump; Estados Unidos; Internacional,Internacional
219682,2026,Política y Economía,CABA; Conurbano; Javier Milei; transporte,Caba
219682,2026,Política y Economía,CABA; Conurbano; Javier Milei; transporte,Conurbano
219682,2026,Política y Economía,CABA; Conurbano; Javier Milei; transporte,Javier Milei
219682,2026,Política y Economía,CABA; Conurbano; Javier Milei; transporte,Transporte
219711,2026,Políticas de géneros,Aborto; Aborto Legal; Derechos Humanos; Feminismos; Violencia de género,Aborto
219711,2026,Políticas de géneros,Aborto; Aborto Legal; Derechos Humanos; Feminismos; Violencia de género,Aborto Legal
219711,2026,Políticas de géneros,Aborto; Aborto Legal; Derechos Humanos; Feminismos; Violencia de género,Derechos Humanos
219711,2026,Políticas de géneros,Aborto; Aborto Legal; Derechos Humanos; Feminismos; Violencia de género,Feminismos
219711,2026,Políticas de géneros,Aborto; Aborto Legal; Derechos Humanos; Feminismos; Violencia de género,Violencia De Género
218855,2026,Política y Economía,Derechas; Donald Trump; Javier Milei; Malvinas,Derechas
218855,2026,Política y Economía,Derechas; Donald Trump; Javier Milei; Malvinas,Donald Trump
218855,2026,Política y Economía,Derechas; Donald Trump; Javier Milei; Malvinas,Javier Milei
218855,2026,Política y Economía,Derechas; Donald Trump; Javier Milei; Malvinas,Malvinas
219796,2026,Culturas,México; No ficción,México
219796,2026,Culturas,México; No ficción,No Ficción
219855,2026,Política y Economía,Deuda; Economía; Política; Salud mental,Deuda
219855,2026,Política y Economía,Deuda; Economía; Política; Salud mental,Economía
219855,2026,Política y Economía,Deuda; Economía; Política; Salud mental,Política
219855,2026,Política y Economía,Deuda; Economía; Política; Salud mental,Salud Mental
219887,2026,Política y Economía,Apuestas; Feminismos; Teletrabajo; Trabajo,Apuestas
219887,2026,Política y Economía,Apuestas; Feminismos; Teletrabajo; Trabajo,Feminismos
219887,2026,Política y Economía,Apuestas; Feminismos; Teletrabajo; Trabajo,Teletrabajo
219887,2026,Política y Economía,Apuestas; Feminismos; Teletrabajo; Trabajo,Trabajo
219887,2026,Políticas de géneros,Apuestas; Feminismos; Teletrabajo; Trabajo,Apuestas
219887,2026,Políticas de géneros,Apuestas; Feminismos; Teletrabajo; Trabajo,Feminismos
219887,2026,Políticas de géneros,Apuestas; Feminismos; Teletrabajo; Trabajo,Teletrabajo
219887,2026,Políticas de géneros,Apuestas; Feminismos; Teletrabajo; Trabajo,Trabajo
219903,2026,Culturas,Internacional; culturas,Internacional
219903,2026,Culturas,Internacional; culturas,Culturas
219917,2026,Política y Economía,Iglesia Católica; Papa Francisco,Iglesia Católica
219917,2026,Política y Economía,Iglesia Católica; Papa Francisco,Papa Francisco
219937,2026,Ambiente,Vaca Muerta; energía; gobierno; petróleo,Vaca Muerta
219937,2026,Ambiente,Vaca Muerta; energía; gobierno; petróleo,Energía
219937,2026,Ambiente,Vaca Muerta; energía; gobierno; petróleo,Gobierno
219937,2026,Ambiente,Vaca Muerta; energía; gobierno; petróleo,Petróleo
219937,2026,Política y Economía,Vaca Muerta; energía; gobierno; petróleo,Vaca Muerta
219937,2026,Política y Economía,Vaca Muerta; energía; gobierno; petróleo,Energía
219937,2026,Política y Economía,Vaca Muerta; energía; gobierno; petróleo,Gobierno
219937,2026,Política y Economía,Vaca Muerta; energía; gobierno; petróleo,Petróleo
219984,2026,Otras,Feria del Libro; Libros; Plataformas; Redes sociales; Reforma Laboral; Teletrabajo; Trabajo,Feria Del Libro
219984,2026,Otras,Feria del Libro; Libros; Plataformas; Redes sociales; Reforma Laboral; Teletrabajo; Trabajo,Libros
219984,2026,Otras,Feria del Libro; Libros; Plataformas; Redes sociales; Reforma Laboral; Teletrabajo; Trabajo,Plataformas
219984,2026,Otras,Feria del Libro; Libros; Plataformas; Redes sociales; Reforma Laboral; Teletrabajo; Trabajo,Redes Sociales
219984,2026,Otras,Feria del Libro; Libros; Plataformas; Redes sociales; Reforma Laboral; Teletrabajo; Trabajo,Reforma Laboral
219984,2026,Otras,Feria del Libro; Libros; Plataformas; Redes sociales; Reforma Laboral; Teletrabajo; Trabajo,Teletrabajo
219984,2026,Otras,Feria del Libro; Libros; Plataformas; Redes sociales; Reforma Laboral; Teletrabajo; Trabajo,Trabajo
219969,2026,Ambiente,Festival Anfibio,Festival Anfibio
219969,2026,Amor y sexo,Festival Anfibio,Festival Anfibio
219969,2026,Culturas,Festival Anfibio,Festival Anfibio
219969,2026,Educación,Festival Anfibio,Festival Anfibio
219969,2026,Política y Economía,Festival Anfibio,Festival Anfibio
219969,2026,Políticas de géneros,Festival Anfibio,Festival Anfibio
219969,2026,Salud,Festival Anfibio,Festival Anfibio
219969,2026,Tecnologías,Festival Anfibio,Festival Anfibio
220090,2026,Culturas,Arte; Discursos de odio; Teatro; perfo,Arte
220090,2026,Culturas,Arte; Discursos de odio; Teatro; perfo,Discursos De Odio
220090,2026,Culturas,Arte; Discursos de odio; Teatro; perfo,Teatro
220090,2026,Culturas,Arte; Discursos de odio; Teatro; perfo,Perfo
220110,2026,Educación,Educación; Univerdisad,Educación
220110,2026,Educación,Educación; Univerdisad,Univerdisad
220110,2026,Política y Economía,Educación; Univerdisad,Educación
220110,2026,Política y Economía,Educación; Univerdisad,Univerdisad
220127,2026,Otras,Crimen de odio; Discursos de odio; LGBT; Violencias,Crimen De Odio
220127,2026,Otras,Crimen de odio; Discursos de odio; LGBT; Violencias,Discursos De Odio
220127,2026,Otras,Crimen de odio; Discursos de odio; LGBT; Violencias,Lgbt
220127,2026,Otras,Crimen de odio; Discursos de odio; LGBT; Violencias,Violencias
220142,2026,Culturas,Futuro Imperfecto Vol 3,Futuro Imperfecto Vol 3
220142,2026,Política y Economía,Futuro Imperfecto Vol 3,Futuro Imperfecto Vol 3
220133,2026,Culturas,Ciudades; Urbanismo,Ciudades
220133,2026,Culturas,Ciudades; Urbanismo,Urbanismo
220190,2026,Política y Economía,Internacional,Internacional
204375,2026,Política y Economía,Javier Milei,Javier Milei
204375,2026,Salud,Javier Milei,Javier Milei
220246,2026,Política y Economía,Derechas; Inteligencia artificial; Javier Milei,Derechas
220246,2026,Política y Economía,Derechas; Inteligencia artificial; Javier Milei,Inteligencia Artificial
220246,2026,Política y Economía,Derechas; Inteligencia artificial; Javier Milei,Javier Milei
220246,2026,Tecnologías,Derechas; Inteligencia artificial; Javier Milei,Derechas
220246,2026,Tecnologías,Derechas; Inteligencia artificial; Javier Milei,Inteligencia Artificial
220246,2026,Tecnologías,Derechas; Inteligencia artificial; Javier Milei,Javier Milei
220264,2026,Educación,Univerdisad; Universidad pública,Univerdisad
220264,2026,Educación,Univerdisad; Universidad pública,Universidad Pública
220264,2026,Política y Economía,Univerdisad; Universidad pública,Univerdisad
220264,2026,Política y Economía,Univerdisad; Universidad pública,Universidad Pública
220366,2026,Culturas,Salud; longevidades; tendencias,Salud
220366,2026,Culturas,Salud; longevidades; tendencias,Longevidades
220366,2026,Culturas,Salud; longevidades; tendencias,Tendencias
220366,2026,Salud,Salud; longevidades; tendencias,Salud
220366,2026,Salud,Salud; longevidades; tendencias,Longevidades
220366,2026,Salud,Salud; longevidades; tendencias,Tendencias
204809,2026,Política y Economía,Discursos odio; Fake news; Julia Mengolini,Discursos Odio
204809,2026,Política y Economía,Discursos odio; Fake news; Julia Mengolini,Fake News
204809,2026,Política y Economía,Discursos odio; Fake news; Julia Mengolini,Julia Mengolini
220461,2026,Políticas de géneros,#NiUnaMenos; Derechos Humanos; Femicidios; Feminismos; Ni Una Menos; Violencia de género,#Niunamenos
220461,2026,Políticas de géneros,#NiUnaMenos; Derechos Humanos; Femicidios; Feminismos; Ni Una Menos; Violencia de género,Derechos Humanos
220461,2026,Políticas de géneros,#NiUnaMenos; Derechos Humanos; Femicidios; Feminismos; Ni Una Menos; Violencia de género,Femicidios
220461,2026,Políticas de géneros,#NiUnaMenos; Derechos Humanos; Femicidios; Feminismos; Ni Una Menos; Violencia de género,Feminismos
220461,2026,Políticas de géneros,#NiUnaMenos; Derechos Humanos; Femicidios; Feminismos; Ni Una Menos; Violencia de género,Ni Una Menos
220461,2026,Políticas de géneros,#NiUnaMenos; Derechos Humanos; Femicidios; Feminismos; Ni Una Menos; Violencia de género,Violencia De Género
220508,2026,Política y Economía,Derechas; Internacional,Derechas
220508,2026,Política y Economía,Derechas; Internacional,Internacional
220331,2026,Política y Economía,Deudas,Deudas
61533,2026,Políticas de géneros,Indio Solari,Indio Solari
163530,2026,Culturas,2001; Crisis 2001; Fundamentalistas del Aire Acondicionado; Indio Solari; Música; Redonditos de Ricota; Rock Nacional,2001
163530,2026,Culturas,2001; Crisis 2001; Fundamentalistas del Aire Acondicionado; Indio Solari; Música; Redonditos de Ricota; Rock Nacional,Crisis 2001
163530,2026,Culturas,2001; Crisis 2001; Fundamentalistas del Aire Acondicionado; Indio Solari; Música; Redonditos de Ricota; Rock Nacional,Fundamentalistas Del Aire Acondicionado
163530,2026,Culturas,2001; Crisis 2001; Fundamentalistas del Aire Acondicionado; Indio Solari; Música; Redonditos de Ricota; Rock Nacional,Indio Solari
163530,2026,Culturas,2001; Crisis 2001; Fundamentalistas del Aire Acondicionado; Indio Solari; Música; Redonditos de Ricota; Rock Nacional,Música
163530,2026,Culturas,2001; Crisis 2001; Fundamentalistas del Aire Acondicionado; Indio Solari; Música; Redonditos de Ricota; Rock Nacional,Redonditos De Ricota
163530,2026,Culturas,2001; Crisis 2001; Fundamentalistas del Aire Acondicionado; Indio Solari; Música; Redonditos de Ricota; Rock Nacional,Rock Nacional
220558,2026,Ambiente,Incendios forestales,Incendios Forestales
2932,2026,Culturas,Indio Solari,Indio Solari
220641,2026,Culturas,Indio Solari; Música; cultura,Indio Solari
220641,2026,Culturas,Indio Solari; Música; cultura,Música
220641,2026,Culturas,Indio Solari; Música; cultura,Cultura
220723,2026,Culturas,Arte y política; Indio Solari; Parakultural,Arte Y Política
220723,2026,Culturas,Arte y política; Indio Solari; Parakultural,Indio Solari
220723,2026,Culturas,Arte y política; Indio Solari; Parakultural,Parakultural
220723,2026,Política y Economía,Arte y política; Indio Solari; Parakultural,Arte Y Política
220723,2026,Política y Economía,Arte y política; Indio Solari; Parakultural,Indio Solari
220723,2026,Política y Economía,Arte y política; Indio Solari; Parakultural,Parakultural
220747,2026,Culturas,Indio Solari,Indio Solari
220747,2026,Política y Economía,Indio Solari,Indio Solari
220763,2026,Culturas,Indio Solari; Menemismo; Neoliberalismo,Indio Solari
220763,2026,Culturas,Indio Solari; Menemismo; Neoliberalismo,Menemismo
220763,2026,Culturas,Indio Solari; Menemismo; Neoliberalismo,Neoliberalismo
220774,2026,Política y Economía,Derechos Humanos; Peronismo,Derechos Humanos
220774,2026,Política y Economía,Derechos Humanos; Peronismo,Peronismo
220810,2026,Culturas,Canadá; Estados Unidos; Fútbol; Internacional; Mundial 2026; Mundial de fútbol; México,Canadá
220810,2026,Culturas,Canadá; Estados Unidos; Fútbol; Internacional; Mundial 2026; Mundial de fútbol; México,Estados Unidos
220810,2026,Culturas,Canadá; Estados Unidos; Fútbol; Internacional; Mundial 2026; Mundial de fútbol; México,Fútbol
220810,2026,Culturas,Canadá; Estados Unidos; Fútbol; Internacional; Mundial 2026; Mundial de fútbol; México,Internacional
220810,2026,Culturas,Canadá; Estados Unidos; Fútbol; Internacional; Mundial 2026; Mundial de fútbol; México,Mundial 2026
220810,2026,Culturas,Canadá; Estados Unidos; Fútbol; Internacional; Mundial 2026; Mundial de fútbol; México,Mundial De Fútbol
220810,2026,Culturas,Canadá; Estados Unidos; Fútbol; Internacional; Mundial 2026; Mundial de fútbol; México,México
220810,2026,Política y Economía,Canadá; Estados Unidos; Fútbol; Internacional; Mundial 2026; Mundial de fútbol; México,Canadá
220810,2026,Política y Economía,Canadá; Estados Unidos; Fútbol; Internacional; Mundial 2026; Mundial de fútbol; México,Estados Unidos
220810,2026,Política y Economía,Canadá; Estados Unidos; Fútbol; Internacional; Mundial 2026; Mundial de fútbol; México,Fútbol
220810,2026,Política y Economía,Canadá; Estados Unidos; Fútbol; Internacional; Mundial 2026; Mundial de fútbol; México,Internacional
220810,2026,Política y Economía,Canadá; Estados Unidos; Fútbol; Internacional; Mundial 2026; Mundial de fútbol; México,Mundial 2026
220810,2026,Política y Economía,Canadá; Estados Unidos; Fútbol; Internacional; Mundial 2026; Mundial de fútbol; México,Mundial De Fútbol
220810,2026,Política y Economía,Canadá; Estados Unidos; Fútbol; Internacional; Mundial 2026; Mundial de fútbol; México,México
220848,2026,Política y Economía,Corrupción; Derechas,Corrupción
220848,2026,Política y Economía,Corrupción; Derechas,Derechas
220819,2026,Culturas,Artes; Democracia; Festival Anfibio; IA; Pensamiento contemporáneo; Periodismo,Artes
220819,2026,Culturas,Artes; Democracia; Festival Anfibio; IA; Pensamiento contemporáneo; Periodismo,Democracia
220819,2026,Culturas,Artes; Democracia; Festival Anfibio; IA; Pensamiento contemporáneo; Periodismo,Festival Anfibio
220819,2026,Culturas,Artes; Democracia; Festival Anfibio; IA; Pensamiento contemporáneo; Periodismo,Ia
220819,2026,Culturas,Artes; Democracia; Festival Anfibio; IA; Pensamiento contemporáneo; Periodismo,Pensamiento Contemporáneo
220819,2026,Culturas,Artes; Democracia; Festival Anfibio; IA; Pensamiento contemporáneo; Periodismo,Periodismo
220819,2026,Política y Economía,Artes; Democracia; Festival Anfibio; IA; Pensamiento contemporáneo; Periodismo,Artes
220819,2026,Política y Economía,Artes; Democracia; Festival Anfibio; IA; Pensamiento contemporáneo; Periodismo,Democracia
220819,2026,Política y Economía,Artes; Democracia; Festival Anfibio; IA; Pensamiento contemporáneo; Periodismo,Festival Anfibio
220819,2026,Política y Economía,Artes; Democracia; Festival Anfibio; IA; Pensamiento contemporáneo; Periodismo,Ia
220819,2026,Política y Economía,Artes; Democracia; Festival Anfibio; IA; Pensamiento contemporáneo; Periodismo,Pensamiento Contemporáneo
220819,2026,Política y Economía,Artes; Democracia; Festival Anfibio; IA; Pensamiento contemporáneo; Periodismo,Periodismo
220860,2026,Culturas,Fútbol; Mundial 2026; Mundial de fútbol,Fútbol
220860,2026,Culturas,Fútbol; Mundial 2026; Mundial de fútbol,Mundial 2026
220860,2026,Culturas,Fútbol; Mundial 2026; Mundial de fútbol,Mundial De Fútbol
