ID,title_text,source_url
15668,La China invisible,https://www.revistaanfibia.com/la-china-invisible/
15706,El rico que se cree Steve Jobs,https://www.revistaanfibia.com/grobocopatel-el-rico-que-se-cree-steve-jobs/
15743,La vaca sagrada,https://www.revistaanfibia.com/la-vaca-sagrada/
15695,Los arruinados del Paraná,https://www.revistaanfibia.com/los-arruinados-del-parana/
15687,De Chile a Tacna: una historia de carniceros y cirujanos,https://www.revistaanfibia.com/de-chile-tacna-una-historia-de-carniceros-y-cirujanos/
14466,Bolivia en llamas,https://www.revistaanfibia.com/bolivia-en-llamas/
14454,Los líderes de la primavera mexicana (I),https://www.revistaanfibia.com/los-lideres-de-la-primavera-mexicana/
3650,Nunca te metas con las mariscadoras de Vigo,https://www.revistaanfibia.com/nunca-te-metas-con-las-mariscadoras-de-vigo/
3669,"Lucía, la remadora olímpica de las manos imposibles",https://www.revistaanfibia.com/lucia-la-remadora-olimpica-de-las-manos-imposibles/
3639,El fisicoculturista que no puede mirarse en el espejo,https://www.revistaanfibia.com/el-fisicoculturista-que-no-puede-mirarse-en-el-espejo/
15943,Lo revolucionario de la naturaleza,https://www.revistaanfibia.com/tizon-lo-revolucionario-de-la-naturaleza/
6593,I love Pablo Escobar,https://www.revistaanfibia.com/love-pablo-escobar/
3534,Uruguay: lapidados por la TV,https://www.revistaanfibia.com/uruguay-lapidados-por-la-tv/
23101,La derecha respira,https://www.revistaanfibia.com/la-derecha-respira/
15656,Cacerolas: rebelión y felicidad,https://www.revistaanfibia.com/cacerolas-rebelion-y-felicidad/
3551,El debut político de los nativos digitales,https://www.revistaanfibia.com/el-debut-politico-de-los-nativos-digitales/
3508,La reforma agraria de las mujeres guaraníes,https://www.revistaanfibia.com/la-reforma-agraria-de-las-mujeres-guaranies/
3493,Fluidos trans: arte y performance queer,https://www.revistaanfibia.com/fluidos-trans-arte-y-performance-queer/
3432,Jóvenes de San Judas: el México desesperado,https://www.revistaanfibia.com/jovenes-de-san-judas-el-mexico-desesperado/
3414,Sufrir por amor,https://www.revistaanfibia.com/sufrir-por-amor/
3239,Estalló el verano,https://www.revistaanfibia.com/estallo-el-verano/
3284,Histórico: se votó en Clarín,https://www.revistaanfibia.com/historico-se-voto-en-clarin/
3214,Más allá del padre,https://www.revistaanfibia.com/mas-alla-del-padre/
3205,"Ludmer, una máquina de lectura",https://www.revistaanfibia.com/ludmer-una-maquina-de-lectura/
3191,Limpiar la muerte,https://www.revistaanfibia.com/limpiar-la-muerte/
3111,EL REGRESO A LA TIERRA PROMETIDA,https://www.revistaanfibia.com/el-regreso-a-la-tierra-prometida/
3093,Algo más que humo,https://www.revistaanfibia.com/algo-mas-que-humo/
3134,La desahuciada que narra,https://www.revistaanfibia.com/la-desahuciada-que-narra/
2745,¿Qué tan lejos llegan en 15 segundos?,https://www.revistaanfibia.com/que-tan-lejos-llegan-en-15-segundos/
2724,Nos llevará la corriente,https://www.revistaanfibia.com/nos-llevara-la-corriente/
15642,"Tortas, putos y cumbieros",https://www.revistaanfibia.com/tortas-putos-y-cumbieros/
2714,Sonata para tres,https://www.revistaanfibia.com/sonata-para-tres/
2697,Una guerra de sangre y fuego en el paraíso mapuche,https://www.revistaanfibia.com/una-guerra-de-sangre-y-fuego-en-el-paraiso-mapuche/
15634,El sol de tu bravura,https://www.revistaanfibia.com/el-sol-de-tu-bravura/
15617,Subido al caballo,https://www.revistaanfibia.com/subido-al-caballo/
15372,Filipinas: un viaje al otro lado del mundo,https://www.revistaanfibia.com/filipinas-un-viaje-al-otro-lado-del-mundo/
3043,La balada del perro y la muerte,https://www.revistaanfibia.com/la-balada-del-perro-y-la-muerte/
1860,"Mi tío, un desaparecido",https://www.revistaanfibia.com/mi-tio-un-desaparecido/
3055,Somos menos,https://www.revistaanfibia.com/somos-menos/
2611,Los muertos negados,https://www.revistaanfibia.com/los-muertos-negados/
2819,La 12: historia de una traición,https://www.revistaanfibia.com/la-12-historia-de-una-traicion/
2585,La belleza del cuerpo femenino,https://www.revistaanfibia.com/forzudas-la-belleza-del-cuerpo-femenino/
3021,TRIBILÍN: MI MAMÁ ME MIMA,https://www.revistaanfibia.com/tribilin-mi-mama-me-mima/
3003,Aguantar no es chamuyar,https://www.revistaanfibia.com/aguantar-no-es-chamuyar/
14703,Campo de Mayo: cómo quebrar a un rugbier,https://www.revistaanfibia.com/campo-de-mayo-como-quebrar-un-rugbier/
2570,Policías en acción,https://www.revistaanfibia.com/policias-en-accion/
2439,La TV hardcore,https://www.revistaanfibia.com/la-tv-hardcore/
2559,Morir como perros,https://www.revistaanfibia.com/morir-como-perros/
2158,Dejarlo todo,https://www.revistaanfibia.com/dejarlo-todo/
2143,Imaginate este lugar todo lleno de armas,https://www.revistaanfibia.com/imaginate-este-lugar-todo-lleno-de-armas/
2916,Los fantasmas del Facebook,https://www.revistaanfibia.com/los-fantasmas-del-facebook/
15994,¿Quién le teme a Félix Díaz?,https://www.revistaanfibia.com/quien-le-teme-felix-diaz/
3170,El principio de la noche interminable,https://www.revistaanfibia.com/el-principio-de-la-noche-interminable/
2996,A esta nena la mataron,https://www.revistaanfibia.com/a-esta-nena-la-mataron/
2990,OVNIS: TE JURO QUE LOS VI,https://www.revistaanfibia.com/ovnis-te-juro-que-los-vi/
2170,Mickey Mouse es un jubilado con hambre,https://www.revistaanfibia.com/mickey-mouse-es-un-jubilado-con-hambre/
2418,Cómo escapar de la picadora de carne,https://www.revistaanfibia.com/mondongo-o-como-escapar-de-la-picadora-de-carne/
1241,El olvido de los cangrejos,https://www.revistaanfibia.com/el-olvido-de-los-cangrejos/
2387,"Justicia, aunque sea lo último que haga",https://www.revistaanfibia.com/justicia-aunque-sea-lo-ultimo-que-haga/
16004,Sentirse boliviano en Buenos Aires,https://www.revistaanfibia.com/sentirse-boliviano-en-buenos-aires/
2056,El candidato esponja: de liberal a conservador popular,https://www.revistaanfibia.com/el-candidato-esponja-de-liberal-a-conservador-popular/
2037,El equilibrista: del relato ideológico a la historia mínima,https://www.revistaanfibia.com/el-equilibrista-del-relato-ideologico-a-la-historia-minima/
1954,Llevame al casting,https://www.revistaanfibia.com/llevame-al-casting/
1946,Sangrar por dentro,https://www.revistaanfibia.com/sangrar-por-dentro/
1500,Bolivia: Los linchados de El Alto,https://www.revistaanfibia.com/bolivia-los-linchados-de-el-alto/
14896,¿Qué tenés ahí?,https://www.revistaanfibia.com/que-tenes-ahi/
15862,Verte entre la multitud,https://www.revistaanfibia.com/verte-entre-la-multitud/
1888,La vieja felicidad del éxtasis,https://www.revistaanfibia.com/la-vieja-felicidad-del-extasis/
1933,Un remedio cada 20 años,https://www.revistaanfibia.com/un-remedio-cada-20-anos/
2832,EL REGRESO DE LA MATRIA GRANDE,https://www.revistaanfibia.com/el-regreso-de-la-matria-grande/
992,El estilo en la mirada,https://www.revistaanfibia.com/el-estilo-en-la-mirada/
2908,"Vení conmigo, no te voy a traicionar",https://www.revistaanfibia.com/veni-conmigo-no-te-voy-a-traicionar/
16008,Serena Williams: la nueva Venus negra,https://www.revistaanfibia.com/serena-nueva-venus-negra/
1882,Mis días con Giselle Rímolo en la cárcel,https://www.revistaanfibia.com/mis-dias-con-giselle-rimolo-en-la-carcel-2/
1869,Venancio y Gregorio vuelven del exilio,https://www.revistaanfibia.com/venancio-y-gregorio-vuelven-del-exilio/
2770,"Soy cuartetero, ¿y qué?",https://www.revistaanfibia.com/soy-cuartetero-y-que/
1540,Tomás y las escrituras sagradas,https://www.revistaanfibia.com/tomas-y-las-escrituras-sagradas/
1184,El soldado de Cristina,https://www.revistaanfibia.com/el-soldado-de-cristina/
1727,El periodismo según Monsanto,https://www.revistaanfibia.com/el-periodismo-segun-monsanto/
1196,"El dólar, los cerdos y los peces",https://www.revistaanfibia.com/el-dolar-los-cerdos-y-los-peces/
1647,El héroe ferpecto de Álex de la Iglesia,https://www.revistaanfibia.com/el-heroe-ferpecto-de-alex-de-la-iglesia/
1672,Las mil formas de dañarnos,https://www.revistaanfibia.com/mil-formas-de-danarnos/
1704,El videojuego de Dios,https://www.revistaanfibia.com/el-videojuego-de-dios-2/
1716,Enfrentar la muerte,https://www.revistaanfibia.com/enfrentar-la-muerte/
2645,"Es feo matarse entre chilenos, diputado",https://www.revistaanfibia.com/es-feo-matarse-entre-chilenos-diputado/
1142,Ruido de animales salvajes,https://www.revistaanfibia.com/ruido-de-animales-salvajes/
1541,Mucho más que comer placenta,https://www.revistaanfibia.com/mucho-mas-que-comer-placenta/
209,EL DOLOR NO EXISTE,https://www.revistaanfibia.com/el-dolor-no-existe/
258,UN AMOR ETERNO DE SEIS DÍAS,https://www.revistaanfibia.com/un-amor-eterno-de-seis-dias/
200,EL POPULISTA INCÓMODO,https://www.revistaanfibia.com/el-populista-incomodo/
231,La narcomáquina ya no necesita Chapos,https://www.revistaanfibia.com/la-narco-maquina-ya-no-necesita-chapos/
184,La piel que nos encierra,https://www.revistaanfibia.com/la-piel-que-nos-encierra/
244,"Crimea: allí donde haya rusos, hay Rusia",https://www.revistaanfibia.com/crimea/
188,El último desnudo de Effy,https://www.revistaanfibia.com/el-ultimo-desnudo-de-effy/
255,Hijos de represores: 30 mil quilombos,https://www.revistaanfibia.com/hijos-de-represores-30-mil-quilombos/
216,ARDIÓ LA POBREZA,https://www.revistaanfibia.com/ardio-la-pobreza/
226,TE PREFERÍAMOS MUERTO DE AMOR,https://www.revistaanfibia.com/te-preferiamos-muerto-de-amor/
321,Orgullo y silencio,https://www.revistaanfibia.com/me-encantaria-escucharlos/
175,LA INVENCIÓN DE NUEVA YORK,https://www.revistaanfibia.com/la-invencion-de-nueva-york/
358,Relatos de muerte y cementerios,https://www.revistaanfibia.com/negocio-hora-fatal/
407,Fiesta Anfibia en el campus de la UNSAM,https://www.revistaanfibia.com/fiesta-anfibia-en-el-campus-de-la-unsam/
424,El espía de la Walsh,https://www.revistaanfibia.com/espia-de-la-walsh/
442,30 mil quilombos: del encuentro anfibio al debate picante,https://www.revistaanfibia.com/30-mil-quilombos-debate-picante/
453,"Violetta, Chino Maidana, Wilkis y Hacher: todo tiene que ver con todo",https://www.revistaanfibia.com/violetta-chino-maidana-wilkis-y-hacher-todo-tiene-que-ver-con-todo/
464,El hombre que nada,https://www.revistaanfibia.com/el-hombre-que-nada/
342,El chino matrero,https://www.revistaanfibia.com/cien-pinas-por-round/
489,Almada por el camino de la no ficción,https://www.revistaanfibia.com/almada-por-el-camino-de-la-no-ficcion/
504,Presentaron el Premio de Crónicas Inéditas Las Nuevas Plumas,https://www.revistaanfibia.com/presentaron-el-premio-de-cronicas-ineditas-las-nuevas-plumas/
512,La Nueva Anfibia en la Feria del Libro,https://www.revistaanfibia.com/la-nueva-anfibia-en-la-feria-del-libro/
500,Narrar la memoria,https://www.revistaanfibia.com/narrar-la-memoria/
526,Un simulacro verdadero,https://www.revistaanfibia.com/un-simulacro-verdadero/
539,Cambio de piel a sala llena,https://www.revistaanfibia.com/cambio-de-piel-a-sala-llena/
555,¿Dónde está Mugica hoy?,https://www.revistaanfibia.com/donde-esta-mugica-hoy/
586,"""En gráfica no se te pide que seas un carnicero""",https://www.revistaanfibia.com/en-grafica-no-se-te-pide-que-seas-un-carnicero/
591,Un cambio de ideas y semillas,https://www.revistaanfibia.com/un-cambio-de-ideas-y-semillas/
596,Mercado central,https://www.revistaanfibia.com/mercado-central/
607,“Una idea consistente vuelve y vuelve hasta que la escribís”,https://www.revistaanfibia.com/claudia-pineiro-cuando-una-idea-es-consistente-vuelve-aparecer-hasta-que-la-escribis/
620,Saraus: poesía y periferia,https://www.revistaanfibia.com/saraus-de-las-periferias/
642,"Desde ese entonces, sigo viva",https://www.revistaanfibia.com/desde-ese-entonces-sigo-viva/
647,Una insuperable fiesta de música arrogante,https://www.revistaanfibia.com/una-insuperable-fiesta-de-musica-arrogante/
676,Oraciones íntimas,https://www.revistaanfibia.com/oraciones-intimas/
686,El lobo argentino de JP Morgan,https://www.revistaanfibia.com/el-lobo-argentino-de-jp-morgan/
702,El libro gordo de Manolo,https://www.revistaanfibia.com/el-libro-gordo-de-manolo/
725,La cadena de engaños de J. Volpi,https://www.revistaanfibia.com/la-cadena-de-enganos-de-j-volpi/
743,"Dudú, la baronesa de Arte BA",https://www.revistaanfibia.com/dudu-la-baronesa-de-arte-ba/
752,Cris Morena es feminista,https://www.revistaanfibia.com/cris-morena-es-feminista/
765,Sobre las Nuevas Plumas,https://www.revistaanfibia.com/sobre-las-nuevas-plumas/
809,Putos hubo siempre,https://www.revistaanfibia.com/putos_hubo_siempre/
879,Tensiones sobre el mapa,https://www.revistaanfibia.com/tensiones-sobre-el-mapa/
918,Cómo es ganar las Nuevas Plumas,https://www.revistaanfibia.com/como-es-ganar-las-nuevas-plumas/
915,"Los elefantes no olvidan, los exiliados tampoco",https://www.revistaanfibia.com/los-elefantes-no-olvidan-los-exiliados-tampoco/
946,Los diarios íntimos son una farsa,https://www.revistaanfibia.com/los-diarios-intimos-son-una-farsa/
1047,"Borges, ¿Qué piensa usted de Sartre?",https://www.revistaanfibia.com/borges-que-piensa-de-sartre/
1075,¡Feliz día del periodista anfibio!,https://www.revistaanfibia.com/feliz-dia-del-periodista-anfibio/
1130,Zamba para un padre solo,https://www.revistaanfibia.com/zamba-para-un-padre-solo/
1173,"Marcos, el Subcomandante innecesario",https://www.revistaanfibia.com/marcos-el-subcomandante-innecesario/
1222,Operación Messi: así se hizo argentino,https://www.revistaanfibia.com/operacion-messi-asi-se-hizo-argentino/
1292,La venganza del arquero chingón,https://www.revistaanfibia.com/la-venganza-del-arquero-chingon/
1317,La caída del Mosquetón,https://www.revistaanfibia.com/la-caida-del-mosqueton/
1479,¿Con Holanda pondríamos ocho defensores?,https://www.revistaanfibia.com/con-holanda-pondriamos-ocho-defensores/
1498,Colarse en El Maracaná: Misión imposible,https://www.revistaanfibia.com/colarse-en-el-maracana-mision-imposible/
1553,Obscenos hoy,https://www.revistaanfibia.com/obscenos-hoy/
1596,"""Vos no hablés que sos mujer""",https://www.revistaanfibia.com/vos-no-hables-que-sos-mujer/
1616,Manu for export,https://www.revistaanfibia.com/manu-for-export/
1650,El mundial es ficción,https://www.revistaanfibia.com/el-mundial-es-ficcion/
1685,Todo sobre los buitres,https://www.revistaanfibia.com/todo-sobre-los-buitres/
25454,Sueños anfibios,https://www.revistaanfibia.com/suenos-anfibios/
1747,Los mandamientos de Sabella,https://www.revistaanfibia.com/los-mandamientos-de-sabella/
1965,Al gauchito le dio vergüenza,https://www.revistaanfibia.com/al-gauchito-le-dio-verguenza/
1971,Hacer justicia en un segundo,https://www.revistaanfibia.com/hacer-justicia-en-un-segundo/
1979,Messi vació las calles,https://www.revistaanfibia.com/messi-vacio-las-calles/
1984,El secreto del poder estatal,https://www.revistaanfibia.com/el-secreto-del-poder-estatal/
1993,Piquetes en la prehistoria de las redes sociales,https://www.revistaanfibia.com/piquetes-en-la-prehistoria-de-las-redes-sociales/
2006,El aparato analítico de los Foucaults,https://www.revistaanfibia.com/el-aparato-analitico-de-los-foucaults/
2032,Sacate la camiseta,https://www.revistaanfibia.com/sacate-la-camiseta/
2081,El mundial empieza en octavos,https://www.revistaanfibia.com/el-mundial-empieza-en-octavos/
2025,¿Qué le dieron a Diego?,https://www.revistaanfibia.com/que-le-dieron-a-diego/
2095,Dilma es una mujer de suerte,https://www.revistaanfibia.com/dilma-es-una-mujer-de-suerte/
2120,"Brasil, te digo qué se siente",https://www.revistaanfibia.com/brasil-te-digo-que-se-siente/
2133,Un melodrama uruguayo,https://www.revistaanfibia.com/un-melodrama-uruguayo/
2187,$ 12.000 por una entrada trucha,https://www.revistaanfibia.com/12-000-por-una-entrada-trucha/
2196,"El Pocho me calienta, Di María me enamora",https://www.revistaanfibia.com/el-pocho-me-calienta-di-maria-me-enamora/
2223,No podemos sufrir siempre,https://www.revistaanfibia.com/no-podemos-sufrir-siempre/
2238,Mundial para quién,https://www.revistaanfibia.com/mundial-para-quien/
2274,Pánico a la derrota,https://www.revistaanfibia.com/panico-a-la-derrota/
2271,Brasilero en Fortaleza te despides del Mundial,https://www.revistaanfibia.com/brasilero-en-fortaleza-te-despides-del-mundial/
2308,De cómo el mago Forlizzi pudo colarse en el Mundial,https://www.revistaanfibia.com/de-como-el-mago-forlizzi-pudo-colarse-en-el-mundial/
2329,¿Qué hace un turco en mi equipo?,https://www.revistaanfibia.com/que-hace-un-turco-en-mi-equipo/
2343,"Cuidado, se vienen los ticos",https://www.revistaanfibia.com/cuidado-que-vienen-los-ticos/
2353,Cruzamos el Rubicón,https://www.revistaanfibia.com/cruzamos-el-rubicon/
2377,Vos no sos un belga,https://www.revistaanfibia.com/vos-no-sos-un-belga/
14962,"Noche de mandolina, música clásica y luces",https://www.revistaanfibia.com/noche-de-mandolinas-y-luces/
2400,Tengo un problema en el Sur,https://www.revistaanfibia.com/tengo-un-problema-en-el-sur/
2300,Una mujer puerca y un Dios personal,https://www.revistaanfibia.com/una-mujer-puerca-y-un-dios-personal-2/
2417,Brasilia era el futuro,https://www.revistaanfibia.com/brasilia-era-el-futuro/
2464,La crónica social: cómo escapar de los lugares comunes,https://www.revistaanfibia.com/la-cronica-social-como-escapar-de-los-lugares-comunes/
2485,Todos morirán,https://www.revistaanfibia.com/todos-moriran/
2497,Historias mínimas de una gran desilusión,https://www.revistaanfibia.com/historias-minimas/
2513,El paradigma del crack,https://www.revistaanfibia.com/el-paradigma-del-crack/
2528,"Una calle para Romero, una estatua para Mascherano",https://www.revistaanfibia.com/una-calle-para-romero-una-estatua-para-mascherano/
2586,¡Meu Deus!,https://www.revistaanfibia.com/meu-deus/
2634,Es un deporte estúpido,https://www.revistaanfibia.com/es-un-deporte-estupido/
2651,El difícil camino de la soberanía espacial,https://www.revistaanfibia.com/el-dificil-camino-de-la-soberania-espacial/
2656,"""Argentina nao tem chance""",https://www.revistaanfibia.com/argentina-nao-tem-chance/
2663,Se terminó la ficción,https://www.revistaanfibia.com/se-termino-la-ficcion/
2678,El equipo es el otro,https://www.revistaanfibia.com/el-equipo-es-el-otro/
2824,Las huellas de la AMIA,https://www.revistaanfibia.com/las-huellas-de-la-amia/
2854,"No son buitres, son los nuevos lobos",https://www.revistaanfibia.com/no-son-buitres-son-los-nuevos-lobos/
2865,"Nosotros, los cobayos de Facebook",https://www.revistaanfibia.com/nosotros-los-cobayos-de-facebook/
2878,¿Por qué no me lo dijiste antes?,https://www.revistaanfibia.com/por-que-no-me-lo-dijiste-antes/
2887,La cara bonita de la nueva derecha,https://www.revistaanfibia.com/la-cara-bonita-de-la-nueva-derecha/
14376,Con tener rutas no alcanza,https://www.revistaanfibia.com/miopes/
2963,El vicepresidente del mundo,https://www.revistaanfibia.com/el-vicepresidente-del-mundo/
2953,"VIH, más allá de la polémica",https://www.revistaanfibia.com/aun-falta-mucha-informacion/
2975,Seis razones para entender a Grondona,https://www.revistaanfibia.com/seis-razones-para-entender-a-grondona/
2981,"No fui yo, fue mamá",https://www.revistaanfibia.com/no-fui-yo-fue-mama-2/
3081,Aparecidos,https://www.revistaanfibia.com/aparecidos/
3139,Yo también leí a Gombrowicz,https://www.revistaanfibia.com/yo-tambien-lei-a-gombrowicz/
3155,No se han cerrado las puertas ni las heridas de antaño,https://www.revistaanfibia.com/no-se-han-cerrado-las-puertas-ni-las-heridas-de-antano/
3174,Actitud María Laura,https://www.revistaanfibia.com/actitud-maria-laura/
3228,Sonriéndole a la cámara,https://www.revistaanfibia.com/sonriendole-a-la-camara/
3308,La caída de la súper mujer,https://www.revistaanfibia.com/la-caida-de-la-super-mujer/
3323,Anfibia en Gaza: la intimidad de la guerra,https://www.revistaanfibia.com/anfibia-en-gaza-la-intimidad-de-la-guerra/
3360,Las nuevas políticas de los pobres,https://www.revistaanfibia.com/las-nuevas-politicas-de-los-pobres/
3357,SEMINARIO INTENSIVO: LAS CRÓNICAS DE GABRIEL GARCÍA MÁRQUEZ,https://www.revistaanfibia.com/seminario-intensivo-las-cronicas-de-gabriel-garcia-marquez/
2529,El costo de las relaciones domésticas,https://www.revistaanfibia.com/el-costo-de-las-relaciones-domesticas/
3381,Fuerzas vivas,https://www.revistaanfibia.com/fuerzas-vivas/
3395,"La crónica, una zona del desborde",https://www.revistaanfibia.com/la-cronica-una-zona-del-desborde/
3402,La fatal limitación de la conspiranoia,https://www.revistaanfibia.com/la-fatal-limitacion-de-la-conspiranoia/
3411,"No parecés judía, para nada",https://www.revistaanfibia.com/no-pareces-judia-para-nada/
3482,Femicidio: del dolor a la acción,https://www.revistaanfibia.com/femicidio-del-dolor-a-la-accion/
3494,Monólogo de un sicario,https://www.revistaanfibia.com/monologo-de-un-sicario/
3520,¿Cuánta igualdad somos capaces de soportar?,https://www.revistaanfibia.com/cuanta-igualdad-somos-capaces-de-soportar/
3528,El peligroso cuento de la “supermamá”,https://www.revistaanfibia.com/el-peligroso-cuento-de-la-supermama/
3582,El primer lector de la crónica modernista,https://www.revistaanfibia.com/el-primer-lector-de-la-cronica-modernista/
3586,Judía: ni antisemita ni proisraelí,https://www.revistaanfibia.com/judia-ni-antisemita-ni-proisraeli/
3596,Bombones para todas,https://www.revistaanfibia.com/bombones-para-todas/
3604,No están dormidos,https://www.revistaanfibia.com/no-estan-dormidos/
3611,Un sueño erótico de guitarra eléctrica,https://www.revistaanfibia.com/sueno-erotico-de-guitarra-electrica/
3621,¿Dónde está el logo?,https://www.revistaanfibia.com/donde-esta-el-logo/
3635,La pobreza le parecía divina,https://www.revistaanfibia.com/la-pobreza-le-parecia-divina/
3676,Lo difícil que es armar una jirafa,https://www.revistaanfibia.com/lo-dificil-que-es-armar-una-jirafa/
3688,Los límites del baldazo,https://www.revistaanfibia.com/los-limites-del-baldazo/
3714,Todavía desiguales,https://www.revistaanfibia.com/todavia-desiguales/
3738,Allende y el socialismo “con sabor a empanada y vino tinto”,https://www.revistaanfibia.com/allende-socialismo-empanada-vino-tinto/
3702,Bombones de domingo,https://www.revistaanfibia.com/bombones-de-domingo/
3784,Justo el 11 de septiembre,https://www.revistaanfibia.com/justo-el-11-de-septiembre/
4097,"Alasitas: mito, tradición y modernidad",https://www.revistaanfibia.com/alasitas-mito-tradicion-y-modernidad/
5636,"Piña y sangre, a ver quién tiene razón",https://www.revistaanfibia.com/pina-y-sangre-a-ver-quien-tiene-razon/
7222,¿Y esa cajita con botones?,https://www.revistaanfibia.com/y-esa-cajita-con-botones/
8521,El miedo a la libertad,https://www.revistaanfibia.com/el-miedo-a-la-libertad/
8450,Muertos de hambre,https://www.revistaanfibia.com/muertos-de-hambre/
11808,Otro viaje filosófico al sur de Estados Unidos,https://www.revistaanfibia.com/otro-viaje-filosofico-al-sur-de-estados-unidos/
12480,La mala víctima,https://www.revistaanfibia.com/la-mala-victima/
14363,“Obama agravó muchas de las políticas de Bush”,https://www.revistaanfibia.com/obama-agravo-muchas-de-las-politicas-de-bush/
14389,La realidad imita al arte,https://www.revistaanfibia.com/la-realidad-imita-al-arte/
14391,Propuestas para esta navidad,https://www.revistaanfibia.com/propuestas-para-esta-navidad/
14393,"Chorizos, anthrax y muerte",https://www.revistaanfibia.com/chorizos-anthrax-y-muerte/
14395,Ser veggie,https://www.revistaanfibia.com/ser-veggie/
14397,Aprendamos del salmón,https://www.revistaanfibia.com/aprendamos-del-salmon/
14399,María no puede engordar,https://www.revistaanfibia.com/maria-puede-engordar/
14401,La revolución de la policía,https://www.revistaanfibia.com/la-revolucion-de-la-policia/
14403,¿Qué hacemos sin navidad?,https://www.revistaanfibia.com/que-hacemos-sin-navidad/
14405,El peligro de vivir en un auto,https://www.revistaanfibia.com/el-peligro-de-vivir-en-un-auto/
14438,Condenados,https://www.revistaanfibia.com/condenados/
14485,Según su madre no fue un alumno normal,https://www.revistaanfibia.com/segun-su-madre-fue-un-alumno-normal/
14502,Las garras de un burócrata caribeño,https://www.revistaanfibia.com/las-garras-de-un-burocrata-caribeno/
14511,El ballotage de la clase media,https://www.revistaanfibia.com/el-ballotage-de-la-clase-media/
14522,"Sandía, kiwi y caras serias",https://www.revistaanfibia.com/sandia-kiwi-y-caras-serias/
14531,El macho y la violencia sin víctimas,https://www.revistaanfibia.com/el-macho-y-la-violencia-sin-victimas/
14539,Discutamos la desigualdad,https://www.revistaanfibia.com/discutamos-la-desigualdad/
14546,Conurbano espiritual,https://www.revistaanfibia.com/conurbano-espiritual/
14553,La deuda de las Panteras Negras,https://www.revistaanfibia.com/la-deuda-de-las-panteras-negras/
14579,Tiro al negro,https://www.revistaanfibia.com/tiro-al-negro/
14609,Generación Hip-Hop: Loop de un nacimiento constante,https://www.revistaanfibia.com/generacion-hip-hop-loop-de-un-nacimiento-constante/
14614,¿Desde cuándo sos peronista?,https://www.revistaanfibia.com/desde-cuando-sos-peronista/
14625,El aymara no se va,https://www.revistaanfibia.com/el-aymara-no-se-va/
14648,Los 39 africanos,https://www.revistaanfibia.com/los-39-africanos/
14670,Rodolfo Walsh y la Coca Cola,https://www.revistaanfibia.com/rodolfo-walsh-y-la-coca-cola/
14576,El método Paco Taibo II,https://www.revistaanfibia.com/el-metodo-paco-taibo/
14694,El falso embajador,https://www.revistaanfibia.com/el-falso-embajador/
14715,Contrapunto,https://www.revistaanfibia.com/contrapunto/
14723,"Sebreli, vos andá al arco",https://www.revistaanfibia.com/sebreli-vos-anda-al-arco/
14732,"Política, ideales y verdades a medias: la lealtad peronista",https://www.revistaanfibia.com/politica-ideales-y-verdades-medias-la-lealtad-peronista/
14739,El exterminio latente,https://www.revistaanfibia.com/el-exterminio-latente/
14759,"Ayotzinapa, el nombre del horror",https://www.revistaanfibia.com/ayotzinapa-el-nombre-del-horror/
14770,Epecuén jamás se inundaría,https://www.revistaanfibia.com/epecuen-jamas-se-inundaria/
14782,Ébola: ¿A cuánto estamos de la infección mundial?,https://www.revistaanfibia.com/ebola-cuanto-estamos-de-la-infeccion-mundial/
14792,Contar la ciencia,https://www.revistaanfibia.com/contar-la-ciencia/
14806,Brasil o el poder repartido,https://www.revistaanfibia.com/brasil-o-el-poder-repartido/
14813,"""Habrá que leer como culiaos""",https://www.revistaanfibia.com/habra-que-leer-como-culiados/
14828,Sumergidos en el voto Buquebus,https://www.revistaanfibia.com/sumergidos-en-el-voto-buquebus/
14863,El supremo anfibio,https://www.revistaanfibia.com/el-supremo-anfibio/
14860,"No le dicen Camorra, ahora lo llaman Sistema",https://www.revistaanfibia.com/le-dicen-camorra-ahora-lo-llaman-sistema/
14904,Morir por la ciencia,https://www.revistaanfibia.com/morir-por-la-ciencia/
14908,"Música clásica: pasado, presente y futuro",https://www.revistaanfibia.com/musica-clasica-en-pasado-presente-y-futuro/
14948,Ilegales,https://www.revistaanfibia.com/ilegales/
14971,El día de la independencia,https://www.revistaanfibia.com/el-dia-de-la-independencia/
14987,Los nuevos mitos de los viejos vinagres,https://www.revistaanfibia.com/los-nuevos-mitos-de-los-viejos-vinagres/
15000,Un conflicto contemporáneo y ancestral,https://www.revistaanfibia.com/un-conflicto-contemporaneo-y-ancestral/
15010,DÓLAR BLUE: LA CORRIDA QUE NO FUE,https://www.revistaanfibia.com/dolar-blue-la-corrida-que-fue/
15016,Cuerpos cargados,https://www.revistaanfibia.com/cuerpos-cargados/
15020,Crónicas interiores: los seis finalistas,https://www.revistaanfibia.com/cronicas-interiores-los-seis-finalistas/
15024,"Cuando la policía miente, los medios duermen la siesta",https://www.revistaanfibia.com/cuando-la-policia-miente-los-medios-duermen-la-siesta/
15046,"Doctor, dígame qué enfermedad tengo",https://www.revistaanfibia.com/doctor-digame-que-enfermedad-tengo/
15066,Pobres varones: los 4 mitos de “Borrando a papá”,https://www.revistaanfibia.com/pobres-varones-los-4-mitos-de-borrando-papa/
15157,"Internet, la tumba de la utopía posmoderna",https://www.revistaanfibia.com/internet-una-tumba/
15083,Copiapó: si la luz fuera líquida,https://www.revistaanfibia.com/copiapo-si-la-luz-fuera-liquida/
15113,El bicho académico ante los cambios sociales,https://www.revistaanfibia.com/el-bicho-academico-ante-los-cambios-sociales/
15116,Cátedra de teatro,https://www.revistaanfibia.com/catedra-de-teatro/
15145,La cruzada de la leche,https://www.revistaanfibia.com/la-cruzada-de-la-leche/
15132,"Un karateca, una hiena y cuatro mujeres muertas",https://www.revistaanfibia.com/un-karateca-una-hiena-y-cuatro-mujeres-muertas/
15155,Borrando a papá: dos lectores responden,https://www.revistaanfibia.com/15155/
15180,Roller Derby: Sentirte poderosa,https://www.revistaanfibia.com/roller-derby-sentirte-poderosa-2/
15207,El superyó radical,https://www.revistaanfibia.com/el-superyo-radical/
15230,Del barrio a la cima del mundo,https://www.revistaanfibia.com/papa-francisco-del-barrio-la-cima-del-mundo/
15245,Cuidar a los pibes,https://www.revistaanfibia.com/cuidar-los-pibes/
15254,El derecho a la ciudad,https://www.revistaanfibia.com/el-derecho-la-ciudad/
15203,Tráfico de escarabajos,https://www.revistaanfibia.com/trafico-de-escarabajos/
15300,La construcción de uno mismo,https://www.revistaanfibia.com/construyete-ti-mismo/
15320,De la sonrisa perfecta al tuit viral,https://www.revistaanfibia.com/el-declive-del-hombre-mediatico/
15330,La era de las bicimáquinas,https://www.revistaanfibia.com/la-era-de-las-bicimaquinas/
15352,El símbolo es argentino,https://www.revistaanfibia.com/papa-francisco-el-simbolo-es-argentino/
15360,Reality monja,https://www.revistaanfibia.com/reality-monja/
15389,Que se callen las armas,https://www.revistaanfibia.com/que-se-callen-las-armas/
15408,“Ya no solo los antropólogos estudiamos las culturas”,https://www.revistaanfibia.com/ya-no-solo-los-antropologos-estudiamos-las-culturas/
15436,La densa alquimia de las alianzas,https://www.revistaanfibia.com/la-densa-alquimia-de-las-alianzas/
15455,Escuchar la Antártida,https://www.revistaanfibia.com/escuchar-la-antartida/
15486,La libertad es un campo minado,https://www.revistaanfibia.com/la-libertad-es-un-campo-minado/
15498,"Cromañón: ""¡Qué mierda no va a ser político!""",https://www.revistaanfibia.com/cromanon-que-mierda-va-ser-politico/
15508,Seis cajones para publicar,https://www.revistaanfibia.com/seis-cajones-para-publicar/
15516,A las diosas también se les corta la luz,https://www.revistaanfibia.com/las-diosas-tambien-se-les-corta-la-luz/
15529,El horror de la amenaza cumplida,https://www.revistaanfibia.com/el-horror-de-la-amenaza-cumplida/
15538,Mar del Plata: cuando la ciudad se vuelve ajena,https://www.revistaanfibia.com/mar-del-plata-cuando-la-ciudad-se-vuelve-ajena/
15542,"""¿Rico? No, para nada""",https://www.revistaanfibia.com/rico-para-nada/
15556,¿Quién representa a los musulmanes de Francia?,https://www.revistaanfibia.com/quien-representa-los-musulmanes-de-francia/
15564,Es más fácil robar un banco que guardar un secreto,https://www.revistaanfibia.com/es-mas-facil-robar-un-banco-que-guardar-un-secreto/
15574,Fuiste mi primavera,https://www.revistaanfibia.com/fuiste-mi-primavera/
15589,"Bienvenido a Texas, Gabo",https://www.revistaanfibia.com/bienvenido-texas-gabo/
15598,El vecino musulmán,https://www.revistaanfibia.com/el-vecino-musulman/
15612,Azúcar amarga,https://www.revistaanfibia.com/azucar-amarga/
15720,Fotografiar una ola que estalla,https://www.revistaanfibia.com/la-magia-de-una-ola-que-estalla/
15770,La conspiración,https://www.revistaanfibia.com/la-conspiracion/
15779,¿Para qué sirve un espía?,https://www.revistaanfibia.com/para-que-sirve-un-espia/
15810,"Entre vírgenes, santos y ángeles regalados",https://www.revistaanfibia.com/entre-virgenes-santos-y-angeles-regalados/
15811,Lo lloraremos como a los héroes muertos,https://www.revistaanfibia.com/como-los-heroes-muertos/
15822,Lo sacro y lo blasfemo en una noche limeña,https://www.revistaanfibia.com/lo-sacro-y-lo-blasfemo-en-una-noche-limena/
15825,El anti cronista chileno,https://www.revistaanfibia.com/el-anti-cronista-chileno/
15830,Cuando Pedro aún no era Lemebel,https://www.revistaanfibia.com/cuando-pedro-aun-era-lemebel/
15828,"Madre excéntrica, abuela tierna",https://www.revistaanfibia.com/madre-excentrica-abuela-tierna/
15848,"Tu recuerdo, fresco como ramita de albahaca",https://www.revistaanfibia.com/tu-recuerdo-fresco-como-ramita-de-albahaca/
15851,Pedro nuestro que estás en los espejos,https://www.revistaanfibia.com/pedro-nuestro-que-estas-en-los-espejos/
15860,Horizonte desquiciado,https://www.revistaanfibia.com/cuando-el-horizonte-se-desquicia/
15877,Santuario Lemebel,https://www.revistaanfibia.com/homenaje-santuario-lemebel/
15881,La inutilidad de una canilla sin agua,https://www.revistaanfibia.com/la-inutilidad-de-una-canilla-sin-agua/
15947,La Pedra de Chile,https://www.revistaanfibia.com/la-pedra-de-chile/
15955,"Quítate las gafas, James",https://www.revistaanfibia.com/son-necesarios-los-agentes-secretos/
15981,Puta nao es infidelidade,https://www.revistaanfibia.com/puta-nao-es-infidelidade/
16030,Evitar viejos errores,https://www.revistaanfibia.com/evitar-viejos-errores/
16075,Nisman: la política del cuerpo muerto,https://www.revistaanfibia.com/nisman-la-politica-del-cuerpo-muerto/
16081,Pruebas y sospechas,https://www.revistaanfibia.com/pruebas-y-sospechas/
16092,La crisis de la interpretación,https://www.revistaanfibia.com/nisman-y-la-crisis-de-interpretacion/
16122,LA GLORIA DEL SILENCIO,https://www.revistaanfibia.com/la-gloria-del-silencio/
16137,Lo difícil de leer en la playa,https://www.revistaanfibia.com/lo-dificil-de-leer-en-la-playa/
16143,Salir del letargo,https://www.revistaanfibia.com/salir-del-letargo/
16157,"Nisman es todos, Nisman no era nadie",https://www.revistaanfibia.com/nisman-es-todos-porque-nisman-era-nadie/
16175,Multitudes del miedo y la ficción,https://www.revistaanfibia.com/multitudes-del-miedo-y-la-ficcion/
16193,La mecánica de una rutina insoportable,https://www.revistaanfibia.com/los-dias-despues-y-la-mecanica-de-una-rutina-insoportable/
16207,El núcleo duro,https://www.revistaanfibia.com/el-nucleo-duro/
16222,El miedo a las mariposas nocturnas,https://www.revistaanfibia.com/el-miedo-a-las-mariposas-nocturnas/
16228,Faltarle el respeto al agua,https://www.revistaanfibia.com/faltarle-el-respeto-al-agua/
16251,El hombre que perseguía sonidos,https://www.revistaanfibia.com/sven-helbig-el-hombre-que-perseguia-sonidos/
16274,La ciencia no es una lata de conserva,https://www.revistaanfibia.com/la-ciencia-no-es-una-lata-de-conserva/
16286,Las políticas de los nombres,https://www.revistaanfibia.com/las-politicas-de-los-nombres/
16308,El verano fue una carpa sin gemidos,https://www.revistaanfibia.com/el-verano-fue-una-carpa-sin-gemidos/
16330,"Blues, pobreza y vudú y la tierra de Elvis",https://www.revistaanfibia.com/blues-pobreza-y-vudu-y-la-tierra-de-elvis/
16318,Viaje espeluznante al sur del río Ohio,https://www.revistaanfibia.com/viaje-espeluznante-al-sur-del-rio-ohio/
16364,Platón para todos,https://www.revistaanfibia.com/platon-para-todos/
16376,La fiesta del saber Kolla,https://www.revistaanfibia.com/la-fiesta-del-saber-kolla/
16393,El baile prohibido de las favelas,https://www.revistaanfibia.com/el-baile-prohibido-de-las-favelas/
16414,El lado B del policial,https://www.revistaanfibia.com/el-lado-b-del-policial/
16422,El millonario y los anfibios,https://www.revistaanfibia.com/el-millonario-y-los-anfibios/
16425,Se astilla a la derecha,https://www.revistaanfibia.com/se-astilla-a-la-derecha/
16442,Dólares para el ego,https://www.revistaanfibia.com/dolares-para-el-ego/
16343,Los hijos del mercado,https://www.revistaanfibia.com/los-hjijos-del-mercado/
16458,Mientras el Diego Duerme,https://www.revistaanfibia.com/mientras-el-diego-duerme/
16476,Gritos desde el pozo,https://www.revistaanfibia.com/gritos-desde-el-pozo/
16496,Desborde de amor,https://www.revistaanfibia.com/desborde-de-amor/
16522,La cultura del peritaje,https://www.revistaanfibia.com/la-cultura-del-peritaje/
16542,Basura,https://www.revistaanfibia.com/basura/
16541,ACTIVISMO JUDICIAL: DEL PALACIO A LA CALLE,https://www.revistaanfibia.com/activismo-judicial-del-palacio-a-la-calle/
16833,Mitos y verdades de Pablo Escobar Gaviria,https://www.revistaanfibia.com/mitos-y-verdades-de-pablo-escobar-gaviria/
17135,"Effy, biología y lenguaje",https://www.revistaanfibia.com/effy-biologia-y-lenguaje/
17163,¿Qué hizo Nisman en la causa AMIA?,https://www.revistaanfibia.com/que-hizo-nisman-en-la-causa-amia/
17185,Abramovic: el cuerpo al límite,https://www.revistaanfibia.com/abramovic-el-cuerpo-al-limite/
17287,Acariciar el cuerpo,https://www.revistaanfibia.com/acariciar-el-cuerpo/
17320,J. M. Coetzee dirigirá la Cátedra Literaturas del Sur de la UNSAM,https://www.revistaanfibia.com/j-m-coetzee-dirigira-la-catedra-literaturas-del-sur-de-la-unsam/
17350,La voz de la guerra,https://www.revistaanfibia.com/el-escritor-de-la-guerra/
17341,"Rosada y boca arriba, como salmón muerto",https://www.revistaanfibia.com/rosada-y-boca-arriba-como-salmon-muerto/
17389,Las Islas amputadas,https://www.revistaanfibia.com/malvinas-islas-amputadas/
17432,La verdad estaqueada,https://www.revistaanfibia.com/malvinas-la-verdad-estaqueada/
17462,El efecto Francisco: simple is beautiful,https://www.revistaanfibia.com/el-efecto-papfrancisco-simple-is-beautiful/
17526,La centralidad literaria del sur,https://www.revistaanfibia.com/la-centralidad-literaria-del-sur/
17535,Héroes: los que escribieron y ganaron,https://www.revistaanfibia.com/17535/
17565,"Nisman, el caso conmocionante",https://www.revistaanfibia.com/nisman-el-caso-conmocionante/
17600,Globos y buena onda,https://www.revistaanfibia.com/globos-y-buena-onda/
17633,El profano ritual del pavoneo,https://www.revistaanfibia.com/el-profano-ritual-del-pavoneo/
17661,El gran domador,https://www.revistaanfibia.com/el-gran-domador/
22130,La Salada es para siempre,https://www.revistaanfibia.com/la-salada-es-para-siempre/
22174,¿Todos podemos ser Rubius?,https://www.revistaanfibia.com/todos-podemos-ser-rubius/
22252,Todo arte es político,https://www.revistaanfibia.com/todo-arte-es-politico/
22309,Crecer con Serrat,https://www.revistaanfibia.com/crecer-con-serrat/
22397,Pero sin sangre,https://www.revistaanfibia.com/pero-sin-sangre/
22437,El precipicio y las ganas de llorar,https://www.revistaanfibia.com/el-precipicio-y-las-ganas-de-llorar/
22459,Amorales,https://www.revistaanfibia.com/amorales/
22470,Explotó el Calbuco,https://www.revistaanfibia.com/exploto-el-calbuco/
22488,Xóchitl: la diosa de la fiesta gay mexicana,https://www.revistaanfibia.com/xochitl-la-diosa-de-la-fiesta-gay-mexicana/
22552,De Evita a Mauricio: el PRO villero,https://www.revistaanfibia.com/de-evita-a-mauricio-el-pro-villero/
22628,50 sombras del postporno,https://www.revistaanfibia.com/cincuenta-sombras-del-postporno/
22688,No fui testigo,https://www.revistaanfibia.com/no-fui-testigo/
22767,8 horas 17 minutos,https://www.revistaanfibia.com/8-horas-17-minutos/
22904,Progreso clandestino,https://www.revistaanfibia.com/progreso-clandestino/
22966,Narrar el Sur desde el Sur,https://www.revistaanfibia.com/narrar-el-sur-desde-el-sur/
23012,Nepal: lo sagrado es precario,https://www.revistaanfibia.com/nepal-lo-sagrado-es-precario/
23116,Mapas de la política y del cuerpo,https://www.revistaanfibia.com/mapas-de-la-politica-y-del-cuerpo/
23205,Buenas historias,https://www.revistaanfibia.com/buenas-historias/
23219,"""Los escritores de ficción preferimos no chequear""",https://www.revistaanfibia.com/los-escritores-de-ficcion-preferimos-no-chequear/
23260,Te mato,https://www.revistaanfibia.com/te-mato/
23373,Soy un provocador de la sociedad,https://www.revistaanfibia.com/soy-un-provocador-de-la-sociedad/
23419,"Gas pimienta, drone, misiles",https://www.revistaanfibia.com/gas-pimienta-drone-misiles/
23476,Seminario de Periodismo Político,https://www.revistaanfibia.com/seminario-de-periodismo-politico-2/
23625,La muerte imposible de Marcelo Diez,https://www.revistaanfibia.com/la-muerte-imposible-de-marcelo-diez/
23707,"Laclau, sin fin de ciclo",https://www.revistaanfibia.com/laclau-sin-fin-de-ciclo/
23775,Ultraviolento,https://www.revistaanfibia.com/ultraviolentos/
23854,Los machos me dicen feminazi,https://www.revistaanfibia.com/los-machos-me-dicen-feminazi/
23972,Rumor y castigo,https://www.revistaanfibia.com/rumor-y-castigo/
24054,Policía Bonaerense: juegos de seducción,https://www.revistaanfibia.com/policia-bonaerense-juegos-de-seduccion/
24080,"Vos, tu amiga, tu hija, tu madre",https://www.revistaanfibia.com/vos-tu-amiga-tu-hija-tu-madre/
24089,"Narrar la diferencia. Periodismo, teoría y ficción",https://www.revistaanfibia.com/narrar-la-diferencia/
24104,El género de una década,https://www.revistaanfibia.com/el-genero-de-una-decada/
24555,Nada será igual,https://www.revistaanfibia.com/nada-sera-igual/
24752,Te juro que no te pego más,https://www.revistaanfibia.com/te-juro-que-no-te-pego-mas/
24935,El héroe del río,https://www.revistaanfibia.com/el-heroe-del-rio/
25059,El pesimismo de un escritor exitoso,https://www.revistaanfibia.com/padura-el-pesimismo-de-un-escritor-exitoso/
25074,La FIFA era el paraíso,https://www.revistaanfibia.com/la-fifa-era-el-paraiso/
25107,Todos anfibios,https://www.revistaanfibia.com/todos-anfibios/
25214,La dificultad de ser mejor que los otros,https://www.revistaanfibia.com/la-dificultad-de-ser/
25364,¿De qué hablamos cuando hablamos de populismo?,https://www.revistaanfibia.com/de-que-hablamos-cuando-hablamos-de-populismo-2/
25400,La siembra,https://www.revistaanfibia.com/la-siembra/
25403,La habitación 125 es una nave espacial,https://www.revistaanfibia.com/la-habitacion-125-es-una-nave-espacial/
25405,De patria y de hermanos,https://www.revistaanfibia.com/de-patria-y-de-hermanos/
25409,Un monstruoso colibrí,https://www.revistaanfibia.com/un-monstruoso-colibri/
25411,Susurros en el agua,https://www.revistaanfibia.com/susurros-en-el-agua/
25413,Coseno,https://www.revistaanfibia.com/coseno/
25415,Clase de guitarra,https://www.revistaanfibia.com/clase-de-guitarra/
25417,Un genio de la filosofía,https://www.revistaanfibia.com/un-genio-de-la-filosofia/
25419,Hoy fue un día hermoso en las Malvinas,https://www.revistaanfibia.com/hoy-fue-un-dia-hermoso-en-las-malvinas/
25421,Con vos en el fitito azul,https://www.revistaanfibia.com/con-vos-en-el-fitito-azul/
25423,El rastro,https://www.revistaanfibia.com/el-rastro/
25425,Innecesario y afortunado,https://www.revistaanfibia.com/innecesario-y-afortunado/
25427,Palmas invisibles,https://www.revistaanfibia.com/palmas-invisibles/
25429,No saber eso,https://www.revistaanfibia.com/no-saber-eso/
25432,Papá siempre fue un barrilete,https://www.revistaanfibia.com/papa-siempre-fue-un-barrilete/
25434,El golpe de Papá,https://www.revistaanfibia.com/el-golpe-de-papa/
25436,A pescar tiburones,https://www.revistaanfibia.com/a-pescar-tiburones/
25439,El cajón equivocado,https://www.revistaanfibia.com/el-cajon-equivocado/
25441,Apostar al sol,https://www.revistaanfibia.com/apostar-al-sol/
25443,Mi papá se levanta de noche,https://www.revistaanfibia.com/mi-papa-se-levanta-de-noche/
25447,Viaje a Rosario de la Frontera,https://www.revistaanfibia.com/viaje-a-rosario-de-la-frontera/
25449,La supremacía humana,https://www.revistaanfibia.com/la-supremacia-humana/
25452,Los cinco,https://www.revistaanfibia.com/los-cinco/
25456,Las revistas soviéticas,https://www.revistaanfibia.com/las-revistas-sovieticas/
25496,Abzurdah: el amor vende más,https://www.revistaanfibia.com/abzurdah-el-amor-vende-mas/
25584,La Copa de la coima,https://www.revistaanfibia.com/la-copa-de-la-coima/
25618,La nueva derecha andina,https://www.revistaanfibia.com/la-nueva-derecha-andina/
25645,En la tele con tribuna,https://www.revistaanfibia.com/en-la-tele-con-tribuna/
25682,¿Me quería mi mamá?,https://www.revistaanfibia.com/me-queria-mi-mama/
25839,Los restos de la Corte,https://www.revistaanfibia.com/los-restos-de-la-corte/
25903,“Un nuevo Nunca más”,https://www.revistaanfibia.com/un-nuevo-nunca-mas/
25972,"Academia, libido y vergüenza",https://www.revistaanfibia.com/academia-libido-y-verguenza/
26056,#Injusticiapoética,https://www.revistaanfibia.com/injusticiapoetica/
26067,¡Feminismo! (pero prolijo y ordenado),https://www.revistaanfibia.com/feminismo-pero-prolijo-y-ordenado/
26335,No hay manual para la fiesta,https://www.revistaanfibia.com/no-hay-manual-para-la-fiesta/
26410,Celebramos,https://www.revistaanfibia.com/celebramos/
26492,Syriza: golpear y negociar,https://www.revistaanfibia.com/syriza-golpear-y-negociar/
26532,El posporno no es para que te excites,https://www.revistaanfibia.com/el-posporno-no-es-para-que-te-excites/
26600,40 vírgenes para Francisco,https://www.revistaanfibia.com/40-virgenes-para-el-papa-francisco/
26626,Jallalla Santo Padre,https://www.revistaanfibia.com/jallalla-santo-padre-papa-francisco/
26637,¿Tanto puede un nombre (de varón)?,https://www.revistaanfibia.com/tanto-puede-un-nombre-de-varon/
26665,40 vírgenes para Francisco (Parte II),https://www.revistaanfibia.com/40-virgenes-para-francisco-parte-ii/
26788,Los dramas del capitalismo y el destino de los gestos,https://www.revistaanfibia.com/papa-francisco-los-dramas-del-capitalismo-y-destino-de-los-gestos/
26787,Un héroe para Caacupé,https://www.revistaanfibia.com/un-heroe-para-caacupe/
26824,El país de los crucificados,https://www.revistaanfibia.com/papa-francisco-el-pais-de-los-crucificados/
26859,Diez segundos de Francisco,https://www.revistaanfibia.com/diez-segundos-de-papa-francisco/
26906,Besando la tierra de los líos,https://www.revistaanfibia.com/besando-la-tierra-de-los-lios-papa-francisco/
26997,Francisco y los límites de una iglesia estancada,https://www.revistaanfibia.com/papafrancisco-y-los-limites-de-una-iglesia-estancada/
27015,“Hasta que un día nos organizamos”,https://www.revistaanfibia.com/hasta-que-un-dia-nos-organizamos/
27044,En la vía,https://www.revistaanfibia.com/en-la-via/
27132,"El miedo es de nosotros, las llaves son ajenas",https://www.revistaanfibia.com/las-llaves-ajenas/
27223,Más allá de octubre,https://www.revistaanfibia.com/mas-alla-de-octubre/
3314,"Seminario de periodismo, género y sociedad",https://www.revistaanfibia.com/seminario-de-periodismo-genero-y-sociedad/
27293,Lurigancho: te acostumbrarás a lo que sea,https://www.revistaanfibia.com/lurigancho-te-acostumbraras-a-lo-que-sea/
27387,La generación herbívora sólo se ama a sí misma,https://www.revistaanfibia.com/la-generacion-herbivora-solo-se-ama-a-si-misma/
27482,Seminario de Periodismo Deportivo y Ciencias Sociales,https://www.revistaanfibia.com/seminario-de-periodismo-deportivo-y-ciencias-sociales/
27487,Machismo y literatura: el mercado de la sensibilidad,https://www.revistaanfibia.com/machismo-y-literatura-el-mercado-de-la-sensibilidad/
27554,El arte de domar al dólar,https://www.revistaanfibia.com/el-arte-de-domar-al-dolar/
27589,Primera cosecha,https://www.revistaanfibia.com/primera-cosecha/
27699,Magnetto y el último día de Clarín,https://www.revistaanfibia.com/magnetto-y-el-ultimo-dia-de-clarin/
27815,Las penas del patrón,https://www.revistaanfibia.com/las-penas-del-patron/
27887,El páramo frío de la ausencia,https://www.revistaanfibia.com/el-paramo-frio-de-la-ausencia/
27934,Nadie lo hace por amor,https://www.revistaanfibia.com/nadie-lo-hace-por-amor/
27984,Aflojarse y dejarse llevar (por el varón),https://www.revistaanfibia.com/aflojarse-y-dejarse-llevar-por-el-varon/
27616,Carnicero de escritorio,https://www.revistaanfibia.com/carnicero-de-escritorio/
28058,Perfume de naranjo en flor,https://www.revistaanfibia.com/perfume-de-naranjo-en-flor/
28103,El pibe trosko,https://www.revistaanfibia.com/el-pibe-trosko/
28113,"Dussel, el filósofo transmoderno",https://www.revistaanfibia.com/dussel-el-filosofo-transmoderno/
28222,Corresponsales en peligro,https://www.revistaanfibia.com/corresponsales-en-peligro/
28274,El agua ya no penetra,https://www.revistaanfibia.com/el-agua-ya-no-penetra/
28303,Contra el colonialismo interno,https://www.revistaanfibia.com/contra-el-colonialismo-interno/
28489,Sin santuario,https://www.revistaanfibia.com/sin-santuario/
28555,Ni autocrítica ni perdón,https://www.revistaanfibia.com/ni-autocritica-ni-perdon/
28584,93 pantalones blancos,https://www.revistaanfibia.com/93-pantalones-blancos/
28667,¿Puede un violento dejar de serlo?,https://www.revistaanfibia.com/puede-un-violento-dejar-de-serlo/
28725,La grieta es un algoritmo,https://www.revistaanfibia.com/la-grieta-es-un-algoritmo/
28815,Los chinos juegan en la bolsa y el mundo tiembla,https://www.revistaanfibia.com/los-chinos-juegan-en-la-bolsa-y-el-mundo-tiembla/
28855,La peste invisible,https://www.revistaanfibia.com/la-peste-invisible/
28945,Los cuadernos de Piglia,https://www.revistaanfibia.com/los-cuadernos-de-piglia/
28999,“Hablar de mí es hablar de ese diario”,https://www.revistaanfibia.com/hablar-de-mi-es-hablar-de-ese-diario/
29037,"Moretti, el programador de la literatura universal",https://www.revistaanfibia.com/moretti-el-programador-de-la-literatura-universal/
29072,¿Cómo lo habría hecho Piglia?,https://www.revistaanfibia.com/como-lo-habria-hecho-piglia/
29127,Quince horas de Pejota explícito,https://www.revistaanfibia.com/quince-horas-pejota-explicito/
29155,“Podría ser el hijo de cualquier europeo”,https://www.revistaanfibia.com/podria-ser-el-hijo-de-cualquier-europeo/
29190,Maestro del complot,https://www.revistaanfibia.com/maestro-del-complot-2/
29208,Morir en el Mediterráneo,https://www.revistaanfibia.com/morir-en-el-mediterraneo/
29268,La vida de los otros,https://www.revistaanfibia.com/la-vida-de-los-otros/
29358,Sombras chinas,https://www.revistaanfibia.com/sombras-chinas/
29434,La tiranía del click,https://www.revistaanfibia.com/la-tirania-del-click/
29477,Soy lo que doy,https://www.revistaanfibia.com/soy-lo-que-doy/
29518,Manifiesto antiNiembro,https://www.revistaanfibia.com/manifiesto-antiniembro/
29613,Palermo villa,https://www.revistaanfibia.com/palermo-villa/
29637,"Balcells, la ferocidad del boom",https://www.revistaanfibia.com/balcells-la-ferocidad-del-boom/
29651,PERIODISMO DIARIO: DEL OFF THE RECORD A LA EDICIÓN,https://www.revistaanfibia.com/periodismo-diario-del-off-the-record-a-la-edicion/
29703,Afuera,https://www.revistaanfibia.com/afuera/
29720,Millones de bocas que alimentar,https://www.revistaanfibia.com/millones-de-bocas-que-alimentar/
29759,Lo que yo hago es leer,https://www.revistaanfibia.com/lo-que-yo-hago-es-leer/
29782,La biblioteca de Waldemar,https://www.revistaanfibia.com/la-biblioteca-de-waldemar/
29826,COMUNICACIÓN Y MODA: LOS LENGUAJES DEL VESTIR,https://www.revistaanfibia.com/comunicacion-y-moda-los-lenguajes-del-vestir/
29838,¿Los escritores nacen o se hacen?,https://www.revistaanfibia.com/los-escritores-nacen-o-se-hacen/
29926,La libertad de la imaginación,https://www.revistaanfibia.com/la-libertad-de-la-imaginacion/
29907,"Si el miedo se contagia, el coraje también",https://www.revistaanfibia.com/si-el-miedo-se-contagia-el-coraje-tambien/
30005,CRONISTAS FUNDAMENTALES. UNA EXPLORACIÓN POR LOS GRANDES AUTORES DE 1830 A 1930,https://www.revistaanfibia.com/cronistas-fundamentales-una-exploracion-por-los-grandes-autores-de-1830-a-1930/
30013,SCIOLISMO LGBT: DE LA LEY A LA CALLE,https://www.revistaanfibia.com/sciolismo-lgbt-de-la-ley-a-la-calle/
29994,El voto progre,https://www.revistaanfibia.com/el-voto-progre/
30083,"Para los refugiados, ciudadanía europea",https://www.revistaanfibia.com/para-los-refugiados-ciudadania-europea/
30173,Los hombres del fuego,https://www.revistaanfibia.com/los-hombres-del-fuego/
30183,¿Por qué finjo conversar conmigo?,https://www.revistaanfibia.com/por-que-finjo-conversar-conmigo/
30234,Cholitas Marinas,https://www.revistaanfibia.com/cholitas-marinas-3/
30320,Falsas impresiones,https://www.revistaanfibia.com/falsas-impresiones/
30312,"Evo, el Estado y la Revolución",https://www.revistaanfibia.com/evo-el-estado-y-la-revolucion/
30389,"""Apurate a ser madre""",https://www.revistaanfibia.com/apurate-a-ser-madre/
30503,"El obrero, desaparecido de la memoria",https://www.revistaanfibia.com/el-obrero-desaparecido-de-la-memoria/
30392,Declaración de Medellín,https://www.revistaanfibia.com/declaracion-de-medellin/
30539,"Raab, el caníbal cultural",https://www.revistaanfibia.com/raab-el-canibal-cultural/
30639,"Un poeta peronista, el asfalto en Lavallol",https://www.revistaanfibia.com/un-poeta-peronista-el-asfalto-en-lavallol/
30785,Podemos: la academia al poder,https://www.revistaanfibia.com/podemos-la-academia-al-poder/
31227,El traductor wichí,https://www.revistaanfibia.com/el-traductor-wichi/
31381,"Por ser puto, torta o trans",https://www.revistaanfibia.com/puto-torta-o-trans/
31410,La prosa plebeya,https://www.revistaanfibia.com/la-prosa-antiplebeya/
31479,"Limonov: ""es una ama de casa inofensiva""",https://www.revistaanfibia.com/limonov-es-una-ama-de-casa-inofensiva/
31495,Alto antiperonismo,https://www.revistaanfibia.com/alto-antiperonismo/
31548,3259 gremios,https://www.revistaanfibia.com/3259-gremios/
31574,Maternidad a toda costa,https://www.revistaanfibia.com/maternidad-a-toda-costa/
31691,Wicomb y Vladislavic: ficciones sudafricanas,https://www.revistaanfibia.com/wicomb-y-vladislavic-ficciones-sudafricanas/
31745,La forma de lo imposible,https://www.revistaanfibia.com/la-forma-de-lo-imposible/
31777,"Si el Ejército tira, mata",https://www.revistaanfibia.com/si-ejercito-tira-mata/
31792,La búsqueda de Mariú Carrera,https://www.revistaanfibia.com/la-busqueda-de-mariu-carrera/
31809,Hermanos Iaccarino: los patrones sin privilegios,https://www.revistaanfibia.com/hermanos-iaccarino-los-patrones-sin-privilegios-2/
31868,El termómetro del Conurbano,https://www.revistaanfibia.com/el-termometro-del-conurbano/
31951,El pecado de subestimar,https://www.revistaanfibia.com/el-peligro-de-subestimar/
31956,No fue magia,https://www.revistaanfibia.com/nofuemagia/
31984,No fue Montaner,https://www.revistaanfibia.com/no-fue-montaner/
32160,Con las mejores intenciones,https://www.revistaanfibia.com/con-las-mejores-intenciones/
32155,Jornada: Argentina después de las elecciones,https://www.revistaanfibia.com/argentina-despues-de-las-elecciones-2/
32161,Patricia: el objeto espantable,https://www.revistaanfibia.com/patricia-el-objeto-espantable/
32289,Ser víctima y verdugo,https://www.revistaanfibia.com/ser-victima-y-verdugo/
32387,¿Qué pasó en las elecciones?,https://www.revistaanfibia.com/que-paso-en-las-elecciones/
32430,Hacia una singularidad desnuda,https://www.revistaanfibia.com/hacia-una-singularidad-desnuda/
32431,Estrategia electoral,https://www.revistaanfibia.com/estrategia-electoral/
32437,Lo que más quería en la vida,https://www.revistaanfibia.com/lo-que-mas-queria-en-la-vida/
32445,San Justo Blues,https://www.revistaanfibia.com/san-justo-blues/
32663,Mundo tuerca,https://www.revistaanfibia.com/mundo-tuerca/
32694,Jornadas Luisa Valenzuela “El vértigo de la escritura”,https://www.revistaanfibia.com/jornadas-luisa-valenzuela-el-vertigo-de-la-escritura/
32716,Personas no humanas,https://www.revistaanfibia.com/personas-no-humanas/
32735,Detrás de las encuestas: el perfil de los votantes,https://www.revistaanfibia.com/detras-de-las-encuestas-el-perfil-de-los-votantes/
32763,Respuestas científicas a preguntas increíbles,https://www.revistaanfibia.com/respuestas-cientificas-a-preguntas-increibles/
32786,GOBERNAR NO ES GANAR,https://www.revistaanfibia.com/gobernar-no-es-ganar/
32820,"Microbios, bichos y bacterias",https://www.revistaanfibia.com/microbios-bichos-y-bacterias/
32834,Bajo el mismo cielo,https://www.revistaanfibia.com/bajo-el-mismo-cielo/
32844,Ahora soy la doctora Carolina,https://www.revistaanfibia.com/ahora-soy-la-doctora-carolina/
32915,"No es miedo, es determinación",https://www.revistaanfibia.com/no-es-miedo-es-determinacion/
32914,Mucho más que Heidi contra Los Soprano,https://www.revistaanfibia.com/mucho-mas-que-heidi-contra-los-soprano/
32969,Entre la moderación de Obama y el ataque de Frank Underwood,https://www.revistaanfibia.com/la-moderacion-de-obama-o-el-ataque-de-frank-underwood/
32981,Cuidame,https://www.revistaanfibia.com/cuidame/
33104,La pregunta por los 5 millones,https://www.revistaanfibia.com/la-pregunta-por-los-5-millones/
33163,Los encantos del poder,https://www.revistaanfibia.com/los-encantos-del-poder/
33096,La grieta en tu celular,https://www.revistaanfibia.com/la-grieta-en-tu-celular/
33224,El temor a las réplicas,https://www.revistaanfibia.com/domingo-15-de-noviembre/
33261,Fondo contra forma,https://www.revistaanfibia.com/fondo-contra-forma/
33274,Son como nosotros,https://www.revistaanfibia.com/son-como-nosotros/
33322,Del discurso a los números,https://www.revistaanfibia.com/del-discurso-a-los-numeros/
33365,El erudito del porno,https://www.revistaanfibia.com/el-erudito-del-porno/
33395,La bandera nacional no te saluda,https://www.revistaanfibia.com/la-bandera-nacional-no-te-saluda/
33402,Transversales,https://www.revistaanfibia.com/transversales/
33455,Los temas que importan,https://www.revistaanfibia.com/los-temas-que-importan/
33478,Ni karma ni casualidad: política excluyente,https://www.revistaanfibia.com/ni-karma-ni-casualidad-politica-excluyente/
33560,Hacer posible lo imposible,https://www.revistaanfibia.com/hacer-posible-lo-imposible/
33578,De la esperanza a la resistencia,https://www.revistaanfibia.com/de-la-esperanza-a-la-resistencia/
33599,La pregunta por la derrota cultural,https://www.revistaanfibia.com/la-pregunta-por-la-derrota-cultural/
33715,Dictamen finalistas Premio Crónicas Interiores 2015,https://www.revistaanfibia.com/dictamen-finalistas-premio-cronicas-interiores-2015/
33788,El aparecido,https://www.revistaanfibia.com/el-aparecido/
33875,Otra vez en la calle,https://www.revistaanfibia.com/otra-vez-en-la-calle/
33893,Fin de ciclo para las encuestas,https://www.revistaanfibia.com/fin-de-ciclo-para-las-encuestas/
34043,El dolor: idioma del cuerpo,https://www.revistaanfibia.com/el-dolor-idioma-del-cuerpo/
34075,Muy politizados,https://www.revistaanfibia.com/muy-politizados/
34086,Al mejor postor,https://www.revistaanfibia.com/al-mejor-postor/
34132,Cordobesismo,https://www.revistaanfibia.com/cordobesismo/
34146,Mercado y pragmatismo,https://www.revistaanfibia.com/mercado-y-pragmatismo/
34320,El candidato no es el proyecto,https://www.revistaanfibia.com/el-candidato-no-es-el-proyecto/
34369,La comida como campo de batalla,https://www.revistaanfibia.com/la-comida-como-campo-de-batalla/
34311,Planta permanente,https://www.revistaanfibia.com/planta-permanente/
34754,Fuiste un lujo,https://www.revistaanfibia.com/fuiste-un-lujo/
34864,Historias de la inclusión digital,https://www.revistaanfibia.com/historias-de-la-inclusion-digital/
35161,De las entrañas del pueblo,https://www.revistaanfibia.com/de-las-entranas-del-pueblo/
35298,"Tocala de nuevo, Mauricio",https://www.revistaanfibia.com/tocala-de-nuevo-mauricio/
35525,¿Qué es el periodismo literario?,https://www.revistaanfibia.com/que-es-el-periodismo-literario/
35585,"Para porno, la vida",https://www.revistaanfibia.com/porno-la-vida/
35640,Ojalá estuvieras aquí,https://www.revistaanfibia.com/ojala-estuvieras-aqui/
35681,Los abogados del diablo,https://www.revistaanfibia.com/los-abogados-del-diablo/
35613,Que todo empiece de nuevo,https://www.revistaanfibia.com/que-todo-empiece-de-nuevo/
35742,Una solución europea para el fútbol argentino,https://www.revistaanfibia.com/una-solucion-europea-para-el-futbol-argentino/
35759,Vivir sin aire,https://www.revistaanfibia.com/vivir-sin-aire/
35859,Poder mirar a los ojos,https://www.revistaanfibia.com/poder-mirar-a-los-ojos/
36154,La encontraremos o nos encontrará,https://www.revistaanfibia.com/la-encontraremos-o-nos-encontrara/
36165,¿Qué tiene que saber un padre hoy?,https://www.revistaanfibia.com/que-tiene-que-saber-un-padre-hoy/
36150,La moneda contra el Estado,https://www.revistaanfibia.com/la-moneda-contra-el-estado-2/
36239,Red internacional de periodismo narrativo,https://www.revistaanfibia.com/red-internacional-de-periodismo-narrativo/
36273,"Quién soy, dónde estoy",https://www.revistaanfibia.com/quien-soy-donde-estoy/
36219,Terra em Transe,https://www.revistaanfibia.com/terra-em-transe/
35986,"¡Hasta la victoria, siembren!",https://www.revistaanfibia.com/hasta-la-victoria-siembren/
36486,La vaquita de los All Blacks por un rugbier argentino,https://www.revistaanfibia.com/la-vaquita-de-los-all-blacks-por-un-rugbier-argentino/
36549,Yo he visto la radiación,https://www.revistaanfibia.com/yo-he-visto-la-radiacion-voces-de-chernobil/
3268,El lado VH de la vida,https://www.revistaanfibia.com/el-lado-vh-de-la-vida/
36684,El Armagedón mexicano,https://www.revistaanfibia.com/el-armagedon-mexicano/
36647,Saer: disciplina de la extrañeza,https://www.revistaanfibia.com/saer-disciplina-de-la-extraneza/
36765,Una road movie narco de cabotaje,https://www.revistaanfibia.com/una-road-movie-narco-de-cabotaje/
36818,Quita tus sucias manos de esos huesos,https://www.revistaanfibia.com/quita-tus-sucias-manos-de-esos-huesos/
16048,El rompecabezas Nisman,https://www.revistaanfibia.com/el-rompecabezas-nisman/
36833,"Su voz, un atardecer en el río",https://www.revistaanfibia.com/su-voz-un-atardecer-en-el-rio/
36950,A llorar a la Iglesia,https://www.revistaanfibia.com/a-llorar-a-la-iglesia/
36985,“Nunca es el cuerpo equivocado”,https://www.revistaanfibia.com/nunca-es-el-cuerpo-equivocado/
37038,Woody Allen o la neurosis de un genio,https://www.revistaanfibia.com/woody-allen-o-la-neurosis-de-un-genio/
37130,Nunca disparó un tiro,https://www.revistaanfibia.com/nunca-disparo-un-tiro/
37184,"Menos Estado, más clientelismo",https://www.revistaanfibia.com/menos-estado-mas-clientelismo/
37230,Diario de los pibes en Roma,https://www.revistaanfibia.com/diario-de-los-pibes-en-roma/
37297,El silencio de los heridos graves,https://www.revistaanfibia.com/el-silencio-de-los-heridos-graves/
37353,"Los Monos, historia de un clan",https://www.revistaanfibia.com/los-monos-historia-de-un-clan/
37376,Te quedás con los pingüinos,https://www.revistaanfibia.com/te-quedas-con-los-pinguinos/
37412,"""Morales me va a meter presa""",https://www.revistaanfibia.com/morales-me-va-a-meter-presa/
37500,Las viejas narrativas del presente,https://www.revistaanfibia.com/las-viejas-narrativas-del-presente/
37533,Los sindicatos en el país de los CEO,https://www.revistaanfibia.com/los-sindicatos-en-el-pais-de-los-ceo/
37592,"Baja mortalidad, alta desigualdad",https://www.revistaanfibia.com/baja-mortalidad-alta-desigualdad/
37707,Fuiste reina de metáforas,https://www.revistaanfibia.com/fuiste-reina-de-metaforas/
37684,Estado de shock,https://www.revistaanfibia.com/estado-de-shock/
37927,La mirada también envejece,https://www.revistaanfibia.com/la-mirada-tambien-envejece/
37973,La organización permanente,https://www.revistaanfibia.com/la-organizacion-permanente/
38035,Demasiada soledad,https://www.revistaanfibia.com/demasiada-soledad/
38182,La fama arruinó al pirata,https://www.revistaanfibia.com/la-fama-arruino-al-pirata/
38264,Listas negras,https://www.revistaanfibia.com/listas-negras/
38362,"Literatura y crónica, gato por liebre",https://www.revistaanfibia.com/literatura-y-cronica-gato-por-liebre/
38424,Mar de las Pampas no es ni será slow,https://www.revistaanfibia.com/mar-de-las-pampas-no-es-ni-sera-slow/
38501,Disparo programado,https://www.revistaanfibia.com/disparo-programado/
38511,Una anfibia entre canguros y koalas,https://www.revistaanfibia.com/una-anfibia-entre-canguros-y-koalas/
38619,Vomitar es un acto con sentido,https://www.revistaanfibia.com/vomitar-es-un-acto-con-sentido/
38681,El capitalismo cambia la piel,https://www.revistaanfibia.com/el-capitalismo-cambia-la-piel/
38731,Un paraguas político a la represión,https://www.revistaanfibia.com/un-paraguas-politico-a-la-represion/
38782,La República en uso,https://www.revistaanfibia.com/la-republica-en-uso/
38706,Cruce de los andes,https://www.revistaanfibia.com/cruzar-las-montanas/
38864,No hay alternativas: junto a ellas,https://www.revistaanfibia.com/no-hay-alternativas-junto-a-ellas/
39087,El carácter social,https://www.revistaanfibia.com/el-caracter-social/
39187,Nace el relato macrista,https://www.revistaanfibia.com/nace-el-relato-macrista/
39293,#Viajosola: Todo lo que no podrán ser,https://www.revistaanfibia.com/viajosola-todo-lo-que-no-podran-ser/
39296,#Viajosola: A mí me mata el asesino,https://www.revistaanfibia.com/viajosola-a-mi-me-mata-el-asesino/
39488,#Viajosola: Qué habrás hecho,https://www.revistaanfibia.com/viajosola-que-habras-hecho/
39837,#ViajoSola: los que esperan el colectivo,https://www.revistaanfibia.com/viajosola-los-que-esperan-el-colectivo/
39838,"Republicanismo, kirchnerismo y “derecha”",https://www.revistaanfibia.com/republicanismo-kirchnerismo-y-derecha/
39913,#ViajoSola: Mil millones de veces muertas,https://www.revistaanfibia.com/viajosola-mil-millones-de-veces-muertas/
39948,"Mujeres, sexo, trabajo y tevé",https://www.revistaanfibia.com/mujeres-sexo-trabajo-y-teve/
40122,Contra el público,https://www.revistaanfibia.com/contra-el-publico/
39945,Turismo de simulación,https://www.revistaanfibia.com/turismo-de-simulacion/
40166,"Por qué Jujuy, por qué Milagro",https://www.revistaanfibia.com/porque-jujuy-porque-milagro/
40233,Caños de odio y cemento,https://www.revistaanfibia.com/canos-de-odio-y-cemento/
40257,#Viajosola: Golpes contra la pared,https://www.revistaanfibia.com/viajosola-golpes-contra-la-pared/
40389,La memoria del acontecimiento,https://www.revistaanfibia.com/la-memoria-del-acontecimiento/
40386,#ViajoSola: Asustar para que se acobarden,https://www.revistaanfibia.com/asustar-para-que-se-acobarden/
40409,Pagar o caos,https://www.revistaanfibia.com/pagar-o-caos/
40525,"Macri no inventó la pólvora, pero la sabe usar",https://www.revistaanfibia.com/patria-intereses-y-buitres-en-diputados/
40568,El circo de las primarias,https://www.revistaanfibia.com/el-circo-de-las-primarias/
40635,Dar vuelta el mapa,https://www.revistaanfibia.com/dar-vuelta-el-mapa/
40655,"Buitres, come home!",https://www.revistaanfibia.com/buitres-come-home/
40693,En nombre de la justicia,https://www.revistaanfibia.com/en-nombre-de-la-justicia/
40550,Hablar de la luz,https://www.revistaanfibia.com/hablar-de-la-luz/
40882,La fotografía como militancia,https://www.revistaanfibia.com/la-fotografia-como-militancia/
40889,“La juventud es y será una preocupación prioritaria del Ejército”,https://www.revistaanfibia.com/la-juventud-es-y-sera-una-preocupacion-prioritaria-del-ejercito/
40948,Paciencia de tenedores y cucharas,https://www.revistaanfibia.com/paciencia-tenedores-y-cucharas/
40957,¿Cómo escribir un best seller?,https://www.revistaanfibia.com/como-escribir-un-best-seller/
40982,Atacar donde se pueda,https://www.revistaanfibia.com/atacar-donde-se-pueda/
41005,Europa ante su espejo y cubierta de cenizas,https://www.revistaanfibia.com/europa-ante-espejo-cubierta-cenizas/
41029,Meter las patas en el charco,https://www.revistaanfibia.com/meter-las-patas-charco/
41050,La máquina de exiliar,https://www.revistaanfibia.com/la-maquina-de-exiliar-2/
41081,Fascinados,https://www.revistaanfibia.com/fascinados/
41108,Archivos: desclasificar el silencio,https://www.revistaanfibia.com/archivos-desclasificar-silencio/
41165,El amigo americano,https://www.revistaanfibia.com/el-amigo-americano/
41279,Bailar es requisito,https://www.revistaanfibia.com/bailar-es-requisito/
41298,La resignación,https://www.revistaanfibia.com/la-resignacion/
41322,Un ornitorrinco y cien monedas,https://www.revistaanfibia.com/un-ornitorrinco-y-cien-monedas/
41342,El hombre del lago,https://www.revistaanfibia.com/hombre-del-lago/
41380,Proust también publicó en Anfibia,https://www.revistaanfibia.com/proust-tambien-publico-en-anfibia/
41410,Relato y contradicciones,https://www.revistaanfibia.com/relato-y-contradicciones/
41464,Cinco mil gerentes chinos,https://www.revistaanfibia.com/cinco-mil-gerentes-chinos/
41556,Panama papers: que pague la gilada,https://www.revistaanfibia.com/panama-papers-que-pague-la-gilada/
41573,Qué barato es lavar en Panamá,https://www.revistaanfibia.com/barato-lavar-panama/
41627,Clicks modernos,https://www.revistaanfibia.com/clicks-modernos/
41648,Panama papers ya tiene quien lo escriba,https://www.revistaanfibia.com/panama-papers-ya-tiene-quien-lo-escriba/
41697,Ubermanía o uberfobia,https://www.revistaanfibia.com/ubermania-o-uberfobia/
41694,"Falta cine, sobra moda",https://www.revistaanfibia.com/falta-cine-sobra-moda/
41773,Que se vayan tous,https://www.revistaanfibia.com/que-se-vayan-tous/
41857,Consecuencias mediáticas,https://www.revistaanfibia.com/consecuencias-mediaticas/
41953,"Vinos finos, almirantes agrios",https://www.revistaanfibia.com/vinos-finos-almirantes-agrios/
41987,Malhumor,https://www.revistaanfibia.com/malhumor/
42004,Juzgar el futuro,https://www.revistaanfibia.com/juzgar-el-futuro/
41998,Con la mano dura de papá,https://www.revistaanfibia.com/la-mano-dura-papa/
42063,¿Alguien habrá visto algo?,https://www.revistaanfibia.com/alguien-habra-visto-algo/
42067,Frente ciudadano,https://www.revistaanfibia.com/frente-ciudadano/
42128,Un paso al frente,https://www.revistaanfibia.com/paso-al-frente/
42190,Cuando ya no estemos aquí,https://www.revistaanfibia.com/cuando-ya-no-estemos-aqui/
42203,Violetta: ganancias sin apuestas,https://www.revistaanfibia.com/violetta-ganancias-sin-apuestas-2/
42231,Filtraciones con filtro,https://www.revistaanfibia.com/filtraciones-con-filtro/
42273,Mi abuelo no hablaba de la guerra,https://www.revistaanfibia.com/mi-abuelo-no-hablaba-de-la-guerra/
42433,En nombre de Deus,https://www.revistaanfibia.com/en-nombre-de-deus/
42441,Cómo sufrimos los periodistas,https://www.revistaanfibia.com/sufrimos-los-periodistas/
42503,Que el repelente nos ayude,https://www.revistaanfibia.com/repelente-nos-ayude/
42463,Nuestras manos también son blancas,https://www.revistaanfibia.com/nuestras-manos-tambien-son-blancas/
42581,Bajo la luz turbia de puteríos infectos,https://www.revistaanfibia.com/bajo-la-luz-turbia-de-puterios-infectos/
42613,La tragedia de la opinión,https://www.revistaanfibia.com/vino-porro-drogas-sinteticas/
42634,Manuel Rivas en Anfibia,https://www.revistaanfibia.com/manuel-rivas-anfibia/
42637,El túnel del tiempo,https://www.revistaanfibia.com/el-tunel-del-tiempo/
42671,Comodoro en llamas,https://www.revistaanfibia.com/comodoro-llamas/
42715,La palabra no muestra,https://www.revistaanfibia.com/la-palabra-no-muestra/
42745,¿A quién le importa Panama Papers?,https://www.revistaanfibia.com/a-quien-le-importa-los-panama-papers/
42867,Jazz de cielo nocturno,https://www.revistaanfibia.com/jazz-de-cielo-nocturno/
42913,"¡Rock and roll, neneeeeee!",https://www.revistaanfibia.com/rock-and-roll-neneeeeee/
42948,Mamushkas kirchneristas,https://www.revistaanfibia.com/mamushkas-kirchneristas/
42975,Nunca nos miraron,https://www.revistaanfibia.com/nunca-nos-miraron/
43010,Cerrado por obra,https://www.revistaanfibia.com/cerrado-por-obra/
43106,La advertencia,https://www.revistaanfibia.com/la-advertencia/
43039,El hombre que teje,https://www.revistaanfibia.com/el-hombre-que-teje/
43246,"Frankfurt, hablame de mí",https://www.revistaanfibia.com/frankfurt-hablame-de-mi/
43261,Moda y medios: Comunicar el diseño,https://www.revistaanfibia.com/moda-medios-comunicar-diseno/
43020,Flores para dos tumbas pequeñas,https://www.revistaanfibia.com/flores-para-dos-tumbas-pequenas/
43306,Las formas políticas del trabajo,https://www.revistaanfibia.com/las-formas-politicas-del-trabajo/
43327,Crónica: Del archivo a la calle,https://www.revistaanfibia.com/cronica-del-archivo-a-la-calle/
43359,Manteros go home,https://www.revistaanfibia.com/manteros-go-home/
43490,"Germán, un manual de autoayuda contemporáneo",https://www.revistaanfibia.com/german-manual-autoayuda-contemporaneo/
43562,La nena que jugaba en la esma,https://www.revistaanfibia.com/la-nena-jugaba-la-esma/
43702,La caída,https://www.revistaanfibia.com/la-caida/
43807,Pando y los límites del honor,https://www.revistaanfibia.com/pando-y-los-limites-del-honor/
43938,"Abren el plano, me tapan con música",https://www.revistaanfibia.com/abren-plano-me-tapan-musica/
43940,Mujeres asesinadas,https://www.revistaanfibia.com/mujeres-asesinadas/
44014,Mujeres militares: la batalla por la igualdad,https://www.revistaanfibia.com/la-batalla-por-la-igualdad/
44059,Lo que nos queda de París,https://www.revistaanfibia.com/lo-nos-queda-paris/
44071,Periodismo y cultura gastronómica,https://www.revistaanfibia.com/periodismo-cultura-gastronomica/
44084,El arte de capar monos,https://www.revistaanfibia.com/arte-capar-monos/
43822,Conocer todos los mundos,https://www.revistaanfibia.com/conocer-todos-los-mundos/
44217,"Canon, olvidos y mitos de la crónica",https://www.revistaanfibia.com/canon-olvidos-y-mitos-de-la-cronica/
44209,La pastoral sindical,https://www.revistaanfibia.com/la-pastoral-sindical-papa-francisco/
44242,El misterio de la creatividad,https://www.revistaanfibia.com/el-misterio-de-la-creatividad/
44263,Romper con una continuidad que agobia,https://www.revistaanfibia.com/romper-con-una-continuidad-que-agobia/
44418,"Culpa de Facebook, de la madre y de la nena",https://www.revistaanfibia.com/culpa-facebook-la-madre-la-nena/
44473,Pretensiones literarias,https://www.revistaanfibia.com/pretensiones-literarias/
44507,Homo antipatriarcal,https://www.revistaanfibia.com/homo-antipatriarcal/
44532,Ciento veinte millones que no se chocan nunca,https://www.revistaanfibia.com/ciento-veinte-millones-no-se-chocan-nunca/
44575,Cuerpo a cuerpo contra la violencia,https://www.revistaanfibia.com/cuerpo-a-cuerpo-contra-la-violencia/
44650,La belleza de la liberación,https://www.revistaanfibia.com/la-belleza-de-la-liberacion/
44689,Un movimiento sin dueñas,https://www.revistaanfibia.com/movimiento-sin-duenas/
44759,Los hechos no alcanzan,https://www.revistaanfibia.com/los-hechos-no-alcanzan/
44793,Venezuela: cada persona es una crisis,https://www.revistaanfibia.com/venezuela-cada-persona-es-una-crisis/
44805,¿Cuál será el nombre de la próxima víctima?,https://www.revistaanfibia.com/sera-nombre-la-proxima-victima/
44842,Una investigadora bajo la piel,https://www.revistaanfibia.com/una-investigadora-la-piel/
44860,"Australia, la reina plebeya",https://www.revistaanfibia.com/australia-la-reina-plebeya/
44922,El género caníbal,https://www.revistaanfibia.com/el-genero-canibal/
44936,La resistencia de la semilla,https://www.revistaanfibia.com/la-resistencia-la-semilla/
45000,Violencia americana,https://www.revistaanfibia.com/violencia-americana/
45007,Lo peor de varios mundos,https://www.revistaanfibia.com/lo-peor-de-varios-mundos/
45026,"Un beso, cincuenta muertos",https://www.revistaanfibia.com/beso-cincuenta-muertos/
45041,"Travestis, negras, boricuas, maricas",https://www.revistaanfibia.com/travestis-negras-boricuas-maricas/
45127,Como un ladrillo en la cara,https://www.revistaanfibia.com/ladrillo-la-cara/
45152,Un asesino de molde,https://www.revistaanfibia.com/un-asesino-de-molde/
45172,"Quién vive, quién muere, quién cuenta tu historia",https://www.revistaanfibia.com/quien-vive-quien-muere-quien-cuenta-tu-historia/
45180,Crímenes de odio,https://www.revistaanfibia.com/crimenes-de-odio/
45173,Más allá de la sangre,https://www.revistaanfibia.com/mas-alla-de-la-sangre/
45216,¿Qué puedo hacer hoy?,https://www.revistaanfibia.com/que-puedo-hacer-hoy/
45234,Toda la verdad,https://www.revistaanfibia.com/toda-la-verdad/
45124,Cultivar atenta contra el negocio narco,https://www.revistaanfibia.com/cultivar-atenta-contra-el-negocio-narco/
45315,La América profunda,https://www.revistaanfibia.com/la-america-profunda/
45508,En la zona salvaje de la poesía,https://www.revistaanfibia.com/en-la-zona-salvaje-de-la-poesia/
45536,Sombra de la corrupción,https://www.revistaanfibia.com/sombra-terrible-la-corrupcion/
45149,Lo que Doña Petrona nos legó,https://www.revistaanfibia.com/lo-que-dona-petrona-nos-lego/
45678,Menos que humanos,https://www.revistaanfibia.com/menos-que-humanos/
45691,Desde Plaza Italia no se ve,https://www.revistaanfibia.com/desde-plaza-italia-no-se-ve/
45712,La ola,https://www.revistaanfibia.com/la-ola/
45807,La capital y los otros,https://www.revistaanfibia.com/la-capital-y-los-otros/
45820,"Te quiero así, sin mundiales ni copas",https://www.revistaanfibia.com/te-quiero-asi-sin-mundiales-ni-copas/
45877,La importancia de lo mínimo,https://www.revistaanfibia.com/la-importancia-de-lo-minimo/
45936,Regó de gloria este suelo,https://www.revistaanfibia.com/rego-de-gloria-este-suelo/
45986,La vida después de Jihad,https://www.revistaanfibia.com/la-vida-despues-de-jihad/
46013,La vida después de Guantánamo,https://www.revistaanfibia.com/la-vida-despues-guantanamo/
46086,Hacerse cargo de la escena,https://www.revistaanfibia.com/hacerse-cargo-la-escena/
46247,El arte de narrar,https://www.revistaanfibia.com/el-arte-de-narrar/
46277,"Arroz, fideos y muñeca política",https://www.revistaanfibia.com/arroz-fideos-y-muneca-politica/
46320,La ciencia es una adicción,https://www.revistaanfibia.com/la-ciencia-es-una-adiccion/
46359,Sangre azul,https://www.revistaanfibia.com/sangre-azul/
46376,200 años. Una palabra,https://www.revistaanfibia.com/200-anos-una-palabra/
46482,Marcha atrás,https://www.revistaanfibia.com/marcha-atras/
46520,Susana contra los millenials,https://www.revistaanfibia.com/susana-los-millenials/
46571,"Bicentenario, afecto y política",https://www.revistaanfibia.com/bicentenario-afecto-politica/
46615,La política es algo más que una inmensa masa verde,https://www.revistaanfibia.com/la-politica-es-algo-mas-que-una-inmensa-masa-verde/
46657,El largo adiós de Moyano,https://www.revistaanfibia.com/el-largo-adios-de-moyano/
46671,"Hablale claro, corto y conciso",https://www.revistaanfibia.com/hablale-claro-corto-y-conciso/
46716,En la calle para desmentir las tinieblas,https://www.revistaanfibia.com/la-calle-desmentir-las-tinieblas/
46783,Cacerolas inorgánicas,https://www.revistaanfibia.com/cacerolas-inorganicas/
46630,Kafka tocó a mi puerta,https://www.revistaanfibia.com/kafka-toco-puerta/
46743,Corazones de odio y frío,https://www.revistaanfibia.com/corazones-odio-frio/
46830,Pura física,https://www.revistaanfibia.com/pura-fisica/
46870,"Manuel Puig, la fascinación popular",https://www.revistaanfibia.com/manuel-puig/
46893,Rumbo al Pacífico,https://www.revistaanfibia.com/rumbo-al-pacifico/
46921,"Escrituras del yo, de lo personal a lo colectivo",https://www.revistaanfibia.com/escrituras-del-yo-de-lo-personal-a-lo-colectivo-2/
46963,Tengo un pálpito,https://www.revistaanfibia.com/tengo-un-palpito/
46997,Sin mandatos,https://www.revistaanfibia.com/sin-mandatos/
46453,"Un embrujo, de Corrientes a la Matanza",https://www.revistaanfibia.com/un-embrujo-de-corrientes-a-la-matanza/
47077,"Desde La Habana, te escribo",https://www.revistaanfibia.com/desde-la-habana-te-escribo/
47112,Contra la revolución francesa,https://www.revistaanfibia.com/rock-la-satira-la-revolucion-francesa/
47147,Las chicas It,https://www.revistaanfibia.com/las-chicas-it/
47136,"Una tragedia, siempre",https://www.revistaanfibia.com/una-tragedia-siempre/
47222,El medio ya no es medio ni mensaje,https://www.revistaanfibia.com/medio-ya-no-mensaje/
47318,Bien paridas,https://www.revistaanfibia.com/bien-paridas/
47338,The Villa Cañás affaire,https://www.revistaanfibia.com/the-villa-canas-affaire/
47457,De las respuestas evasivas al discurso del poder,https://www.revistaanfibia.com/las-respuestas-evasivas-al-discurso-del-poder/
47461,"Río, violencia for export",https://www.revistaanfibia.com/violencia-for-export/
47554,Los malos de antes usaban bigotes,https://www.revistaanfibia.com/los-malos-usaban-bigotes/
47643,Somos los que faltan,https://www.revistaanfibia.com/somos-los-faltan/
47674,Eterna emergencia,https://www.revistaanfibia.com/eterna-emergencia/
47714,El detector de partículas,https://www.revistaanfibia.com/el-detector-de-particulas/
47735,El ocaso de una mujer marcada,https://www.revistaanfibia.com/ocaso-una-mujer-marcada/
47762,El viejo truco de andar por las sombras,https://www.revistaanfibia.com/el-viejo-truco-de-andar-por-las-sombras/
47786,El consumismo de izquierda,https://www.revistaanfibia.com/el-consumismo-de-izquierda/
47897,"Diálogo, continuidad y ambulancia",https://www.revistaanfibia.com/dialogo-continuidad-ambulancia/
47930,Caracas se apaga a las siete,https://www.revistaanfibia.com/caracas-se-apaga-a-las-siete/
47981,Miranda July: en el centro más hipster de lo contemporáneo,https://www.revistaanfibia.com/miranda-july-centro-mas-hipster-lo-contemporaneo/
48027,"Lo gradual, lo razonable y lo confiscatorio",https://www.revistaanfibia.com/lo-gradual-lo-razonable-y-lo-confiscatorio/
48045,Raúl Zurita: El humilde más ambicioso,https://www.revistaanfibia.com/raul-zurita-humilde-mas-ambicioso/
48072,"Rápido, herido y furioso",https://www.revistaanfibia.com/rapido-herido-y-furioso/
48144,Hay para todos,https://www.revistaanfibia.com/hay-para-todos/
48176,"Oscar Araiz: La frase justa, la indicación precisa",https://www.revistaanfibia.com/oscar-araiz-la-frase-justa-la-indicacion-precisa/
48194,Narraciones de género: La intimidad es periodística,https://www.revistaanfibia.com/narraciones-genero-la-intimidad-periodistica/
48196,"Nos, los representantes",https://www.revistaanfibia.com/nos-los-representantes/
48233,Libre,https://www.revistaanfibia.com/libre/
48277,El aula global y el maestro moderador,https://www.revistaanfibia.com/aula-global-maestro-moderador/
48333,Mujeres de Dios,https://www.revistaanfibia.com/mujeres-de-dios/
48471,El núcleo duro de Pokemon Go,https://www.revistaanfibia.com/el-nucleo-duro-de-pokemon-go/
48536,"Sado sí, sacrificio no",https://www.revistaanfibia.com/sado-sacrificio-no/
48650,La lógica del desorden,https://www.revistaanfibia.com/la-logica-del-desorden/
48638,Confesiones de un Morgan Boy,https://www.revistaanfibia.com/confesiones-de-un-morgan-boy/
48671,A Rusia con amor,https://www.revistaanfibia.com/a-rusia-con-amor/
48600,La mentira atómica,https://www.revistaanfibia.com/la-mentira-atomica-hiroshima-john-hersey/
48624,40 días de extinción a fuego lento,https://www.revistaanfibia.com/40-dias-extincion-fuego-lento/
48760,Te hacés sufí y el mundo se te vuelve en contra,https://www.revistaanfibia.com/te-haces-sufi-y-el-mundo-se-te-vuelve-en-contra/
48808,Cartografía de la selva,https://www.revistaanfibia.com/cartografia-de-la-selva-silvina/
48853,"Andrés Rivera, del obrero al prócer",https://www.revistaanfibia.com/andres-rivera-del-obrero-al-procer/
48889,Un misil para Pinocho,https://www.revistaanfibia.com/un-misil-para-pinocho/
48882,No podrás faltarme,https://www.revistaanfibia.com/no-podras-faltarme/
48951,Antjie Krog: Imaginar un mundo diferente,https://www.revistaanfibia.com/antjie-krog-imaginar-un-mundo-diferente/
48976,Técnicas para convencer a Al Pacino,https://www.revistaanfibia.com/tecnicas-convencer-al-pacino/
48992,"¿Para qué volviste, Mantovani?",https://www.revistaanfibia.com/para-que-volviste-mantovani/
49071,El ambientalista dueño de una papelera,https://www.revistaanfibia.com/el-ambientalista-dueno-de-una-papelera/
49098,Caja de Herramientas para Nuevos Periodistas,https://www.revistaanfibia.com/caja-de-herramientas-para-nuevos-periodistas-2/
49107,Los círculos de reconocimiento de un artista,https://www.revistaanfibia.com/los-circulos-de-reconocimiento-de-un-artista/
49142,Los CEO en el freezer,https://www.revistaanfibia.com/los-ceo-freezer/
49169,Yo era uno de ustedes,https://www.revistaanfibia.com/yo-era-uno-de-ustedes/
49190,La imaginación tiránica del maestro zen,https://www.revistaanfibia.com/la-imaginacion-tiranica-del-maestro-zen/
49202,"La pelea de clase, la lucha de género",https://www.revistaanfibia.com/la-pelea-clase-la-lucha-genero/
49249,Chiruzas,https://www.revistaanfibia.com/chiruzas/
49431,"Gilda, la conquistadora",https://www.revistaanfibia.com/gilda-la-conquistadora/
49669,Usina del gas,https://www.revistaanfibia.com/usina-del-gas/
49697,El diablo en el cuerpo,https://www.revistaanfibia.com/el-diablo-en-el-cuerpo/
49756,La música del país de la selva,https://www.revistaanfibia.com/la-musica-del-pais-de-la-selva/
49796,"Calais, una frontera en Europa",https://www.revistaanfibia.com/calais-una-frontera-en-europa/
49783,Ciudadanos de baja intensidad,https://www.revistaanfibia.com/ciudadanos-baja-intensidad/
49836,Mia Couto: Relatos para después de la guerra,https://www.revistaanfibia.com/mia-couto-relatos-para-despues-de-la-guerra/
49848,Bordar con la soga de los muertos,https://www.revistaanfibia.com/bordar-con-la-soga-de-los-muertos/
49927,Qué tiene Charly García en la cabeza,https://www.revistaanfibia.com/charly-garcia-la-cabeza/
50012,El sapo de la princesa,https://www.revistaanfibia.com/sapo-la-princesa/
50065,La startup americana,https://www.revistaanfibia.com/la-startup-americana/
50095,Un pasado que borrar,https://www.revistaanfibia.com/un-pasado-que-borrar/
50169,Cuerpo argentino,https://www.revistaanfibia.com/cuerpo-argentino/
50102,Retrato de un fotógrafo,https://www.revistaanfibia.com/retrato-de-un-fotografo/
50288,Sumidos en la horrible noche,https://www.revistaanfibia.com/sumidos-en-la-horrible-noche/
50339,Tibios,https://www.revistaanfibia.com/tibios/
50346,Paz y circo,https://www.revistaanfibia.com/paz-y-circo/
50403,Mi realidad es aumentada,https://www.revistaanfibia.com/mi-realidad-es-aumentada/
50461,El límite es la olla,https://www.revistaanfibia.com/el-limite-es-la-olla/
50498,Del piquete a la economía popular,https://www.revistaanfibia.com/del-piquete-a-la-economia-popular/
50530,Cuando el kirchnerismo no existía,https://www.revistaanfibia.com/cuando-kirchnerismo-no-existia/
50291,Derechos y hormonas,https://www.revistaanfibia.com/derechos-hormonas/
50644,Uribelombia,https://www.revistaanfibia.com/uribelombia/
50707,Sin mano dura ni mano propia,https://www.revistaanfibia.com/sin-mano-dura-ni-mano-propia/
50772,No son monstruos,https://www.revistaanfibia.com/no-son-monstruos/
50768,"Vallejo, el poeta cronista",https://www.revistaanfibia.com/vallejo-el-poeta-cronista/
51365,Madres y desmadres,https://www.revistaanfibia.com/madres-y-desmadres/
31308,Versiones del 17,https://www.revistaanfibia.com/dia-de-la-lealtad-versiones-del-17/
51551,El desencanto del referendo,https://www.revistaanfibia.com/desencanto-del-referendo/
51629,Un programa de miércoles,https://www.revistaanfibia.com/un-programa-de-miercoles/
24210,Cómo convertirte en feminista,https://www.revistaanfibia.com/como-convertirte-en-feminista/
51710,Duelo colectivo y templanza de los cuerpos,https://www.revistaanfibia.com/duelo-colectivo-y-templanza-de-los-cuerpos/
51810,La voz de la poesía contemporánea,https://www.revistaanfibia.com/la-voz-la-poesia-contemporanea/
51945,Vidal y la fórmula Duhalde,https://www.revistaanfibia.com/vidal-la-formula-duhalde/
51956,El asesinato de un policía,https://www.revistaanfibia.com/el-asesinato-de-un-policia/
52015,Narrativas digitales: Cómo contar en redes sociales,https://www.revistaanfibia.com/narrativas-digitales-contar-redes-sociales/
52059,Subir al olimpo,https://www.revistaanfibia.com/subir-al-olimpo/
52117,Las últimas horas de Calais,https://www.revistaanfibia.com/las-ultimas-horas-calais/
52159,Por la boca de mi padre,https://www.revistaanfibia.com/por-la-boca-de-mi-padre/
52290,El cielo las hará libres,https://www.revistaanfibia.com/el-cielo-las-hara-libres/
52302,Hackear la política,https://www.revistaanfibia.com/hackear-la-politica/
52422,Ellos nunca lo entenderán,https://www.revistaanfibia.com/ellos-nunca-lo-entenderan/
52423,"Abstinencia, una historia de amor",https://www.revistaanfibia.com/abstinencia-una-historia-de-amor/
52543,"Choris, punteros y votos",https://www.revistaanfibia.com/choris-punteros-votos/
52574,La visita de las cinco,https://www.revistaanfibia.com/la-visita-de-las-cinco/
52681,"Diferentes, pero no tanto",https://www.revistaanfibia.com/diferentes-pero-no-tanto/
52705,"Los diarios con Hillary, los fans con Trump",https://www.revistaanfibia.com/los-diarios-hillary-los-fans-trump/
52765,"No es la fuerza, es la cultura",https://www.revistaanfibia.com/no-la-fuerza-la-cultura/
52819,El voto antisistema,https://www.revistaanfibia.com/el-voto-antisistema/
52841,Una,https://www.revistaanfibia.com/una/
52889,El tiro de gracia a la globalización,https://www.revistaanfibia.com/tiro-gracia-la-globalizacion/
52953,Cinco estrategias para frenar al monstruo,https://www.revistaanfibia.com/cinco-estrategias-para-frenar-al-monstruo/
53013,La gestión del miedo y la esperanza,https://www.revistaanfibia.com/la-gestion-del-miedo-la-esperanza/
53034,The Trumpman Show,https://www.revistaanfibia.com/the-trumpman-show/
53027,La ficción de Houellebecq,https://www.revistaanfibia.com/la-ficcion-houellebcq/
53246,"Gringo, deja ya de odiarnos",https://www.revistaanfibia.com/gringo-deja-ya-de-odiarnos/
53309,La elegida,https://www.revistaanfibia.com/la-elegida/
53411,Periodismo mutante,https://www.revistaanfibia.com/periodismo-mutante/
53336,El buen vecino del norte,https://www.revistaanfibia.com/el-buen-vecino-del-norte/
53513,Pasión galguera,https://www.revistaanfibia.com/pasion-galguera/
53603,"La Rusa, historia de una troska",https://www.revistaanfibia.com/la-rusa-historia-de-una-troska/
53860,Garúa en el Sahara,https://www.revistaanfibia.com/garua-en-el-sahara/
53897,Pepo de película,https://www.revistaanfibia.com/pepo-de-pelicula/
53537,El desastre republicano,https://www.revistaanfibia.com/el-desastre-republicano/
53953,Los Estados Unidos de Vladimir Trump,https://www.revistaanfibia.com/los-estados-unidos-vladimir-trump/
54017,"Denunciar al maestro, enjuiciar a la escuela",https://www.revistaanfibia.com/denunciar-al-maestro-enjuiciar-a-la-escuela/
54033,Fotolibros para salvar el lenguaje,https://www.revistaanfibia.com/fotolibros-para-salvar-el-lenguaje/
54125,Todos los fuegos de un tiempo,https://www.revistaanfibia.com/todos-los-fuegos-de-un-tiempo/
54204,La hija imperfecta,https://www.revistaanfibia.com/la-hija-imperfecta/
54187,"La lucha es en el campus, el claustro y el pasillo",https://www.revistaanfibia.com/la-lucha-es-en-el-campus-el-claustro-y-el-pasillo/
54237,Galeano amaba reír,https://www.revistaanfibia.com/galeano-amaba-reir/
54409,No hay nada más solitario que un tenista,https://www.revistaanfibia.com/no-hay-nada-mas-solitario-que-un-tenista/
54473,Escenas de transversalidad política,https://www.revistaanfibia.com/escenas-de-transversalidad-politica/
54490,Romper el pacto de silencio,https://www.revistaanfibia.com/romper-el-silencio/
54520,La posibilidad de una isla,https://www.revistaanfibia.com/la-posibilidad-de-una-isla/
54586,Hacete preñar,https://www.revistaanfibia.com/hacete-prenar/
54589,Todo sobre tus células madre,https://www.revistaanfibia.com/todo-sobre-tus-celulas-madre/
54784,Auriculares para pensar,https://www.revistaanfibia.com/auriculares-para-pensar/
54847,Calamaro: una playlist de mil horas,https://www.revistaanfibia.com/calamaro-una-playlist-de-mil-horas/
54883,Campusano: el cineasta bruto,https://www.revistaanfibia.com/campusano-el-cineasta-bruto/
54938,"Macri-Carrió, condenados a un destino común",https://www.revistaanfibia.com/macri-carrio-condenados-destino-comun/
54787,"Detrás de toda gran mujer, hay otra gran mujer",https://www.revistaanfibia.com/detras-de-cada-gran-mujer-hay-una-gran-mujer/
55150,La postverdad,https://www.revistaanfibia.com/la-postverdad/
55366,El asado no se come,https://www.revistaanfibia.com/el-asado-es-una-situacion/
55325,"Carne argentina, carne podrida",https://www.revistaanfibia.com/carne-argentina-carne-podrida/
55402,Es difícil ser mujer en Tatooine,https://www.revistaanfibia.com/es-dificil-ser-mujer-en-tatooine/
55582,Detrás de la barba roja,https://www.revistaanfibia.com/detras-de-la-barba-roja/
55627,Congreso: el año de la rosca,https://www.revistaanfibia.com/congreso-ano-la-rosca/
55669,Diario de un bordador,https://www.revistaanfibia.com/diario-de-un-bordador/
55715,En busca del Apache,https://www.revistaanfibia.com/busca-del-apache/
55753,Ganancias: lo técnico es político,https://www.revistaanfibia.com/ganancias-lo-tecnico-es-politico/
55787,Ciencia para qué,https://www.revistaanfibia.com/ciencia-para-que/
55919,Escrachados,https://www.revistaanfibia.com/escrachados/
55991,Se apagó como el segundo semestre,https://www.revistaanfibia.com/se-apago-segundo-semestre/
56054,Líbranos del mal,https://www.revistaanfibia.com/libranos-del-mal/
56109,Tecno optimismo,https://www.revistaanfibia.com/tecno-optimismo/
56124,"Turismo Carretera, la última trinchera del machismo",https://www.revistaanfibia.com/turismo-carretera-la-ultima-trinchera-del-machismo/
56316,Desayuno en Flandres,https://www.revistaanfibia.com/desayuno-en-flandres/
56391,Viajera anti beat,https://www.revistaanfibia.com/viajera-anti-beat/
56461,Universo Lestido,https://www.revistaanfibia.com/universo-lestido/
56509,La educación sexual,https://www.revistaanfibia.com/la-educacion-sexual/
56748,El día que Piglia llegó a los lectores chinos,https://www.revistaanfibia.com/dia-piglia-llego-los-lectores-chinos/
56813,Esa india,https://www.revistaanfibia.com/esa-india/
56824,Intelectuales de los suburbios,https://www.revistaanfibia.com/intelectuales-de-los-suburbios/
56974,Cien torsos desnudos y ningún amor,https://www.revistaanfibia.com/cien-torsos-desnudos-ningun-amor/
57052,Cuando la derecha empezó a volver,https://www.revistaanfibia.com/cuando-la-derecha-empezo-volver/
57262,La cárcel como depósito,https://www.revistaanfibia.com/la-carcel-como-deposito/
57383,Los dilemas del periodismo de trinchera,https://www.revistaanfibia.com/los-dilemas-del-periodismo-de-trinchera/
57451,Yo quiero que me entierren allá,https://www.revistaanfibia.com/quiero-me-entierren-alla/
57479,Bienvenidos a la era de la conflictividad,https://www.revistaanfibia.com/bienvenidos-a-la-era-de-la-conflictividad/
57661,China: el plan Tevez,https://www.revistaanfibia.com/china-plan-tevez/
56553,Ovillar,https://www.revistaanfibia.com/ovillar/
56407,Sigo sin entender cuándo es violación,https://www.revistaanfibia.com/sigo-sin-entender-cuando-es-violacion/
57885,Nos equivocamos en todo,https://www.revistaanfibia.com/nos-equivocamos-en-todo/
57964,"Nena, yo te llevo a probar",https://www.revistaanfibia.com/nena-te-llevo-probar/
58058,¿Por qué mataba Robledo Puch?,https://www.revistaanfibia.com/porque-mataba-robledo-puch/
58120,El absurdo de la extranjería,https://www.revistaanfibia.com/el-absurdo-de-la-extranjeria/
58175,"Para empezar, el muro",https://www.revistaanfibia.com/para-empezar-el-muro/
58259,Más que sensiblería y motivación,https://www.revistaanfibia.com/mas-sensibleria-motivacion/
58340,Los chinos no tienen honor,https://www.revistaanfibia.com/los-chinos-no-tienen-honor/
58502,Los desaparecidos del Paraná,https://www.revistaanfibia.com/los-desaparecidos-del-parana/
58587,Víctimas de segunda,https://www.revistaanfibia.com/victimas-de-segunda/
58662,Contra las reglas del género,https://www.revistaanfibia.com/las-reglas-del-genero/
58730,Dime de dónde vienes,https://www.revistaanfibia.com/dime-donde-vienes/
58787,Cómo ganar premios,https://www.revistaanfibia.com/como-ganar-premios/
58908,Taller de crónica de viaje: Entrenar la mirada,https://www.revistaanfibia.com/taller-de-cronica-de-viaje-entrenar-la-mirada/
58916,El juez infiltrado,https://www.revistaanfibia.com/el-juez-infiltrado/
58965,"La La Land, oda al amor descartable",https://www.revistaanfibia.com/la-la-land-oda-al-amor-descartable/
59049,El macho progre y su educación sentimental,https://www.revistaanfibia.com/macho-progre-educacion-sentimental/
59174,Hacete amigo del Big Data,https://www.revistaanfibia.com/hacete-amigo-del-big-data/
59184,Narrativas de Género,https://www.revistaanfibia.com/narrativas-de-genero/
59276,Nunca tuvimos lo que el inmigrante nos robó,https://www.revistaanfibia.com/nunca-tuvimos-lo-inmigrante-nos-robo/
59304,Los elegidos,https://www.revistaanfibia.com/los-elegidos/
59519,Tiempo muerto,https://www.revistaanfibia.com/tiempo-muerto/
59608,Historia y periodismo: técnicas de no ficción para narrar el pasado,https://www.revistaanfibia.com/historia-periodismo-tecnicas-no-ficcion-narrar-pasado/
59649,Me clavó el visto,https://www.revistaanfibia.com/me-clavo-visto/
59774,Correogate y antipolítica,https://www.revistaanfibia.com/correogate-y-antipolitica/
60099,"Qué leés, qué mirás, qué clickeas",https://www.revistaanfibia.com/lees-miras-clickeas/
60116,Populistas fuimos todos,https://www.revistaanfibia.com/populistas-fuimos-todos/
60186,La ideología del voluntariado,https://www.revistaanfibia.com/la-ideologia-del-voluntariado-2/
60383,Elvira y la vanguardia prudente del feminismo,https://www.revistaanfibia.com/elvira-vanguardia-prudente-feminismo/
60447,Parto respetado: aguantate sola,https://www.revistaanfibia.com/parto-respetado-aguantate-sola/
60492,Fecha de vencimiento,https://www.revistaanfibia.com/fecha-de-vencimiento/
60529,Yo marcho,https://www.revistaanfibia.com/yo-marcho/
60554,Hartas,https://www.revistaanfibia.com/hartas/
60639,Felicidad y cacería,https://www.revistaanfibia.com/felicidad-y-caceria/
60666,Con lo que cuesta armar un full,https://www.revistaanfibia.com/con-lo-que-cuesta-armar-un-full/
60716,Las incapaces,https://www.revistaanfibia.com/las-incapaces/
60736,El comentario desubicado en el aula,https://www.revistaanfibia.com/el-comentario-desubicado-en-el-aula/
60870,La sanata condenatoria,https://www.revistaanfibia.com/la-sanata-condenatoria/
61237,La maldición del pogo más grande del mundo,https://www.revistaanfibia.com/la-maldicion-del-pogo-mas-grande-del-mundo/
60923,Bien adentro,https://www.revistaanfibia.com/bien-adentro-2/
61470,Red social,https://www.revistaanfibia.com/red-social/
61769,Lenin está vivo,https://www.revistaanfibia.com/lenin-esta-vivo/
61898,"Milani, el obediente",https://www.revistaanfibia.com/milani-el-obediente/
62014,Bad hombres,https://www.revistaanfibia.com/bad-hombres/
62065,"""Ya es tarde""",https://www.revistaanfibia.com/ya-es-tarde/
62219,Cuerpos del delito,https://www.revistaanfibia.com/cuerpos-del-delito/
62353,Todos los misterios de la Carta de Walsh,https://www.revistaanfibia.com/todos-los-misterios-la-carta-walsh/
62377,La Carta de Walsh: fuentes consultadas,https://www.revistaanfibia.com/la-carta-de-walsh-fuentes-consultadas/
62453,Caer en la pública,https://www.revistaanfibia.com/caer-publica/
62537,Derecho al piquete,https://www.revistaanfibia.com/derecho-al-piquete/
62648,La unión,https://www.revistaanfibia.com/la-union/
62794,"Soñar con Thatcher, despertar con Galtieri",https://www.revistaanfibia.com/sonar-con-thatcher-despertar-con-galtieri/
62840,El cazador oculto,https://www.revistaanfibia.com/el-cazador-oculto/
62764,Memorias del papel,https://www.revistaanfibia.com/memorias-del-papel/
63276,Abrir la ciencia,https://www.revistaanfibia.com/abrir-la-ciencia/
63292,Cómo derrotar a la ultraderecha,https://www.revistaanfibia.com/como-derrotar-a-la-ultraderecha/
63378,Medio enemigo,https://www.revistaanfibia.com/medio-enemigo/
63454,Tenemos histeria porque no tenemos fútbol,https://www.revistaanfibia.com/tenemos-histeria-porque-no-tenemos-futbol/
63463,El buen migrante,https://www.revistaanfibia.com/el-buen-migrante/
63507,Spregelburd y una nueva ética de la ficción,https://www.revistaanfibia.com/spregelburd/
63519,"Dos tumbas, un cuerpo",https://www.revistaanfibia.com/dos-tumbas-cuerpo/
63706,El sueño de la plaza propia,https://www.revistaanfibia.com/el-sueno-de-la-plaza-propia/
63723,"Botín en bolso, fusil al hombro",https://www.revistaanfibia.com/malvinas-botin-bolso-fusil-al-hombro/
63810,El desencanto de Caracas,https://www.revistaanfibia.com/el-desencanto-de-caracas/
63870,Desde arriba no se ve,https://www.revistaanfibia.com/desde-arriba-no-se-ve/
63929,Lejos de la revolución,https://www.revistaanfibia.com/cien-anos-revolucion-rusa/
64016,Siempre iremos a la plaza,https://www.revistaanfibia.com/siempre-iremos-a-la-plaza/
64221,Narrativas Digitales,https://www.revistaanfibia.com/narrativas-digitales-2/
64269,Ajuste político y batalla cultural,https://www.revistaanfibia.com/ajuste-politico-y-batalla-cultural/
64298,La cautiva,https://www.revistaanfibia.com/la-cautiva/
64402,"""Que los cazadores de violencia no hablen por nosotras""",https://www.revistaanfibia.com/que-los-cazadores-de-violencia-no-hablen-por-nosotras/
64461,"Ni machos, ni fachos",https://www.revistaanfibia.com/ni-machos-ni-fachos/
64736,La humanidad paralela,https://www.revistaanfibia.com/la-humanidad-paralela/
64750,"Cuerpos, amor, intimidad",https://www.revistaanfibia.com/cuerpo-amor-intimidad/
64765,"Narrar el deporte: historias, pasión y negocios",https://www.revistaanfibia.com/narrar-el-deporte-historias-pasion-y-negocios/
64821,Ponele emoji a todo,https://www.revistaanfibia.com/ponele-emoji-a-todo/
64920,"Oscar Bony, la traición del estilo",https://www.revistaanfibia.com/oscar-bony-la-traicion-del-estilo/
64893,¿A quién le importa el cine argentino?,https://www.revistaanfibia.com/a-quien-le-importa-el-cine-argentino/
64020,Bajo el asfalto,https://www.revistaanfibia.com/bajo-el-asfalto-2/
65048,Periodismo y Cultura Gastronómica,https://www.revistaanfibia.com/periodismo-y-cultura-gastronomica-2/
65040,El feminismo pesimista,https://www.revistaanfibia.com/el-feminismo-pesimista/
65175,"Una foto, una época",https://www.revistaanfibia.com/una-foto-una-epoca/
65234,La utopía tecno de salvarse solo,https://www.revistaanfibia.com/la-utopia-tecno-de-salvarse-solo/
65285,Los obreros de Trump,https://www.revistaanfibia.com/los-obreros-de-trump/
65333,Las cien vidas de Amaranta,https://www.revistaanfibia.com/las-cien-vidas-amaranta/
65375,No la buscaron,https://www.revistaanfibia.com/no-la-buscaron/
65398,Anfibia en la Feria del Libro 2017,https://www.revistaanfibia.com/65398/
65650,"El narcopatriarcado y ""las pibas""",https://www.revistaanfibia.com/el-narcopatriarcado-y-las-pibas/
65720,Los fracasados,https://www.revistaanfibia.com/los-fracasados/
65769,Los cruzarás en la calle,https://www.revistaanfibia.com/los-cruzaras-en-la-calle/
65838,Como si fuera uno más,https://www.revistaanfibia.com/como-si-fuera-uno-mas/
65902,"El periodista, el militante y el presidente",https://www.revistaanfibia.com/periodista-militante-presidente/
65912,Madres en la trampa del amor romántico,https://www.revistaanfibia.com/madres-la-trampa-del-amor-romantico/
66106,"Sexo, robotas y machismo",https://www.revistaanfibia.com/sexo-robotas-machismo/
66190,La Corte no lo hizo,https://www.revistaanfibia.com/la-corte-no-lo-hizo/
66197,La testigo desprotegida,https://www.revistaanfibia.com/la-testigo-desprotegida/
66286,Los temerarios,https://www.revistaanfibia.com/los-temerarios/
66316,Querido 2x1,https://www.revistaanfibia.com/querido-2x1/
66329,"Compensen el terror, los años perdidos",https://www.revistaanfibia.com/compensen-terror-los-anos-perdidos/
66383,Los tenaces,https://www.revistaanfibia.com/los-tenaces/
67612,Los dueños de la ciencia,https://www.revistaanfibia.com/los-duenos-de-la-ciencia/
67731,"Chingo de amor, no al pinche silencio",https://www.revistaanfibia.com/chingo-amor-no-al-pinche-silencio/
67844,La fábula del vago y el emprendedor,https://www.revistaanfibia.com/la-fabula-del-vago-emprendedor/
68043,13 razones no alcanzan,https://www.revistaanfibia.com/13-razones-no-alcanzan/
68058,No al silencio,https://www.revistaanfibia.com/no-al-silencio/
68093,"Brasil, tan latinoamericano como siempre",https://www.revistaanfibia.com/brasil-tan-latinoamericano-siempre/
68288,"Temer, el poeta de la conspiración",https://www.revistaanfibia.com/temer-poeta-de-la-conspiracion/
68376,Toda la rabia en la palabra concha,https://www.revistaanfibia.com/toda-la-rabia-en-la-palabra-concha/
68509,ADN,https://www.revistaanfibia.com/adn/
68548,Las otras infancias clandestinas,https://www.revistaanfibia.com/las-otras-infancias-clandestinas/
68836,Pelea entre blancos,https://www.revistaanfibia.com/pelea-entre-blancos/
69028,Nuestra religión civil laica,https://www.revistaanfibia.com/derechos-humanos-nuestra-religion-civil-laica/
69052,Brasil y la amenaza kafkiana,https://www.revistaanfibia.com/brasil-y-la-amenaza-kafkiana/
69065,Desde la cárcel te escribo,https://www.revistaanfibia.com/desde-carcel-escribo/
69206,No hay refugio,https://www.revistaanfibia.com/no-hay-refugio/
69312,Beyoncé y el feminismo espiritual,https://www.revistaanfibia.com/beyonce-feminismo-espiritual/
69343,La mujer nuclear: 60 años de ciencia y política,https://www.revistaanfibia.com/la-mujer-nuclear-60-anos-de-ciencia-y-politica/
69330,Una ética del cuidado popular,https://www.revistaanfibia.com/una-etica-del-cuidado-popular/
69620,"Memoria, verdad y justicia para las pibas",https://www.revistaanfibia.com/memoria-verdad-y-justicia-para-las-pibas/
69718,"Barras, policías y dirigentes: enemigos íntimos",https://www.revistaanfibia.com/barras-policias-dirigentes-enemigos-intimos/
69782,Espectadores del lujo ajeno,https://www.revistaanfibia.com/espectadores-del-lujo-ajeno/
69813,El periodismo y el arte burgués,https://www.revistaanfibia.com/el-periodismo-y-el-arte-burgues/
69883,La aventura intelectual de publicar un libro,https://www.revistaanfibia.com/la-aventura-intelectual-de-publicar-un-libro/
69922,La inspiración es un cuarto de hotel,https://www.revistaanfibia.com/la-inspiracion-es-un-cuarto-de-hotel/
70087,Los nuevos futuros del periodismo,https://www.revistaanfibia.com/los-nuevos-futuros-del-periodismo/
70153,La sentencia de la ira,https://www.revistaanfibia.com/la-sentencia-la-ira/
70171,"Por lesbiana, pobre y masculina",https://www.revistaanfibia.com/lesbiana-pobre-masculina/
70202,La bruja del post boom,https://www.revistaanfibia.com/la-bruja-del-post-boom/
70285,"Doctora, mi hijo se tajea",https://www.revistaanfibia.com/doctora-hijo-tajea/
70339,Tras el camino de mi padre,https://www.revistaanfibia.com/tras-camino-padre/
70646,Soy leyenda,https://www.revistaanfibia.com/zamora-soy-leyenda/
70784,"Ustedes, ellos y yo",https://www.revistaanfibia.com/ustedes-ellos-y-yo/
70802,El tercio de los sueños,https://www.revistaanfibia.com/el-tercio-de-los-suenos/
70877,"Sin renovación, no hay nada",https://www.revistaanfibia.com/sin-renovacion-no-hay-nada/
70631,El porno sigue dividiendo a las feministas,https://www.revistaanfibia.com/porno-y-virtud-segun-sontag/
71122,Ganar por el voto joven,https://www.revistaanfibia.com/ganar-por-el-voto-joven/
71149,Las listas y la muerte de la certeza,https://www.revistaanfibia.com/las-listas-la-muerte-la-certeza/
71206,La consagración de la patria,https://www.revistaanfibia.com/la-consagracion-de-la-patria/
70900,Entre Sábato y Startrek,https://www.revistaanfibia.com/entre-sabato-y-startrek/
71309,¿En qué país dio resultado el ajuste laboral?,https://www.revistaanfibia.com/en-que-pais-dio-resultado-ajuste-laboral/
71362,La cura no es cuestión de fe,https://www.revistaanfibia.com/la-cura-no-cuestion-fe/
71368,Narrativas de Género: la intimidad es periodística,https://www.revistaanfibia.com/narrativas-de-genero-la-intimidad-es-periodistica/
71491,Elogio de la pantufla,https://www.revistaanfibia.com/elogio-de-la-pantufla/
71567,Códigos de la calle,https://www.revistaanfibia.com/codigos-de-la-calle/
71594,Seminario de Periodismo Cultural: Escribir sobre arte y literatura,https://www.revistaanfibia.com/taller-de-periodismo-cultural-escribir-sobre-arte-y-literatura-2/
71631,"No son mulas, son víctimas de trata",https://www.revistaanfibia.com/no-son-mulas-son-victimas-de-trata/
71702,"""Si no resistimos, morimos""",https://www.revistaanfibia.com/si-no-resistimos-morimos/
71817,Un cartelito de cinco renglones,https://www.revistaanfibia.com/cartelito-cinco-renglones/
71837,Quiero tus lágrimas,https://www.revistaanfibia.com/quiero-tus-lagrimas/
71819,Que tu viejo rompa el silencio,https://www.revistaanfibia.com/que-tu-viejo-rompa-el-silencio/
72040,Alta tensión en el paraíso,https://www.revistaanfibia.com/alta-tension-en-el-paraiso/
72105,No seré feliz pero tengo marido,https://www.revistaanfibia.com/no-sere-feliz-pero-tengo-marido/
72173,Del #NiUnaMenos a Malvinas,https://www.revistaanfibia.com/del-niunamenos-malvinas/
72399,"Los viernes, Forn",https://www.revistaanfibia.com/los-viernes-forn/
72739,"El despertar personal, el cambio colectivo",https://www.revistaanfibia.com/despertar-personal-cambio-colectivo/
72690,Dejen llegar a las mujeres,https://www.revistaanfibia.com/dejen-llegar-las-mujeres/
72883,"Copi, Evita y el alma herida del peronismo",https://www.revistaanfibia.com/copi-evita-alma-herida-del-peronismo/
72914,"Manicomios, decálogo de la denigración",https://www.revistaanfibia.com/manicomios-decalogo-de-la-denigracion/
73017,El machismo de izquierda,https://www.revistaanfibia.com/el-machismo-de-izquierda/
73026,Jaque a la guerra contra las drogas,https://www.revistaanfibia.com/jaque-a-la-guerra-contra-las-drogas/
72693,Discípulas de Walsh,https://www.revistaanfibia.com/discipulas-de-walsh/
73544,Con medicar a los polaquitos no alcanza,https://www.revistaanfibia.com/medicar-los-polaquitos-no-alcanza/
73574,El canciller del pueblo,https://www.revistaanfibia.com/canciller-del-pueblo/
73616,Noticias fusión,https://www.revistaanfibia.com/noticias-fusion/
73631,Apalear al populismo,https://www.revistaanfibia.com/apalear-al-populismo/
73695,Tomar hasta caer,https://www.revistaanfibia.com/tomar-hasta-caer/
73760,"¿Usted también, doctor?",https://www.revistaanfibia.com/usted-tambien-doctor/
73893,El maestro quemado,https://www.revistaanfibia.com/el-maestro-quemado/
74023,Educando al candidato,https://www.revistaanfibia.com/educando-al-candidato/
74041,Envases del patriarcado,https://www.revistaanfibia.com/envases-del-patriarcado/
73985,Hermano vota a hermano,https://www.revistaanfibia.com/hermano-vota-hermano/
74225,Las luchas por la legitimidad de la palabra,https://www.revistaanfibia.com/las-luchas-la-legitimidad-la-palabra/
74269,La vergüenza,https://www.revistaanfibia.com/la-verguenza/
74323,El desconcierto,https://www.revistaanfibia.com/el-desconcierto/
74500,La piratería o el boicot,https://www.revistaanfibia.com/la-pirateria-boicot/
74520,Molestar al poder: los nuevos desafíos del periodismo en América Latina,https://www.revistaanfibia.com/molestar-al-poder-los-nuevos-desafios-del-periodismo-america-latina/
74508,El show del yo,https://www.revistaanfibia.com/el-show-del-yo/
74583,Dice mi padre que llegará,https://www.revistaanfibia.com/dice-mi-padre-que-llegara/
74655,El nuevo enemigo público,https://www.revistaanfibia.com/nuevo-enemigo-publico/
74762,¿Qué votamos cuando votamos?,https://www.revistaanfibia.com/que-votamos-cuando-votamos/
74819,Clase media y lengua popular,https://www.revistaanfibia.com/grabois-clase-media-lengua-popular/
74781,Los desaparecidos de Mosul,https://www.revistaanfibia.com/los-desaparecidos-de-mosul/
75117,La ideología del partido,https://www.revistaanfibia.com/ideologia-del-partido/
75149,Un tercio con poder,https://www.revistaanfibia.com/un-tercio-con-poder/
75196,¿Qué dijeron las urnas?,https://www.revistaanfibia.com/dijeron-las-urnas/
75239,"La Matanza, sin lugar para arrepentidos",https://www.revistaanfibia.com/la-matanza-sin-lugar-arrepentidos/
75348,Tengo miedo de que me hackeen,https://www.revistaanfibia.com/tengo-miedo-de-que-me-hackeen/
75435,"Cordobesismo, el regreso",https://www.revistaanfibia.com/cordobesismo-regreso/
75492,De la indiferencia al miedo,https://www.revistaanfibia.com/la-indiferencia-al-miedo/
75757,Bordar el genocidio mapuche,https://www.revistaanfibia.com/bordar-el-genocidio-de-los-mapuche/
75778,Que voten los trolls,https://www.revistaanfibia.com/que-voten-los-trolls/
75851,Arte queer: en los límites de la percepción,https://www.revistaanfibia.com/arte-queer-los-limites-de-la-percepcion/
75880,Lujos y caprichos de un dictador,https://www.revistaanfibia.com/lujosy-caprichos-dictador/
75949,¿De qué trabaja Durán Barba?,https://www.revistaanfibia.com/de-que-trabaja-duran-barba/
75990,Un voto para controlar al presidente,https://www.revistaanfibia.com/un-voto-para-controlar-al-presidente/
76043,"Fuera, indio",https://www.revistaanfibia.com/fuera-indio/
76214,Simpatía por la desigualdad,https://www.revistaanfibia.com/simpatia-la-desigualdad/
76223,Una voz imposible de callar: ¿Dónde está Santiago Maldonado?,https://www.revistaanfibia.com/una-voz-imposible-callar-donde-esta-santiago-maldonado/
76307,El verso del indio trucho,https://www.revistaanfibia.com/verso-del-indio-trucho-2/
76445,¿Hay gobierno sin relato?,https://www.revistaanfibia.com/hay-gobierno-sin-relato/
76483,"Con la Biblia, con la pluma y la palabra",https://www.revistaanfibia.com/la-biblia-la-pluma-la-palabra/
76570,Milanesas con hashtag,https://www.revistaanfibia.com/milanesas-con-hashtag/
76684,"Profe, tengo una pregunta",https://www.revistaanfibia.com/profe-tengo-una-pregunta/
76708,"Negacionistas del pasado, responsables del presente",https://www.revistaanfibia.com/negacionistas-pasado-responsables-presente/
76945,Vivir en las redes,https://www.revistaanfibia.com/vivir-en-las-redes/
77062,Mandá a la Gendarmería,https://www.revistaanfibia.com/manda-a-la-gendarmeria/
77131,El lenguaje privado del autismo,https://www.revistaanfibia.com/el-lenguaje-privado-del-autismo/
77147,La fórmula de la serie perfecta,https://www.revistaanfibia.com/la-formula-de-la-serie-perfecta/
77216,El lado budista de la Fuerza,https://www.revistaanfibia.com/lado-budista-la-fuerza/
77312,"Mostrarse, la nueva intimidad",https://www.revistaanfibia.com/mostrarse-la-nueva-intimidad/
77328,¿Qué piden los trabajadores?,https://www.revistaanfibia.com/que-piden-los-trabajadores/
77358,Gente que sí,https://www.revistaanfibia.com/gente-que-si/
77339,La mujer que nos hizo feministas,https://www.revistaanfibia.com/la-mujer-que-nos-hizo-feministas/
77665,La vida por los colores,https://www.revistaanfibia.com/la-vida-los-colores/
77806,No somos un país de mierda,https://www.revistaanfibia.com/no-somos-pais-de-mierda/
77870,¿Qué hacer con el microfascismo?,https://www.revistaanfibia.com/que-hacer-con-microfascismo/
78021,"El Herald, cierre y escarmiento",https://www.revistaanfibia.com/herald-cierre-escarmiento/
78258,¿Se puede construir un candidato?,https://www.revistaanfibia.com/se-puede-construir-un-candidato/
78365,¿Un nuevo escenario político? Jornada 1,https://www.revistaanfibia.com/nuevo-escenario-politico-jornada-1/
78512,"Smartphone, el aire que respiro",https://www.revistaanfibia.com/smartphone-aire-respiro/
78802,Los pibes se plantan,https://www.revistaanfibia.com/los-pibes-se-plantan/
78942,"México, esa tragedia permanente",https://www.revistaanfibia.com/mexico-esa-tragedia-permanente/
78984,Un día menos para el nuevo sismo,https://www.revistaanfibia.com/un-dia-menos-para-el-nuevo-sismo/
79011,El like cerebral,https://www.revistaanfibia.com/el-like-cerebral/
79150,El zapping de los huérfanos,https://www.revistaanfibia.com/zapping-los-huerfanos/
78752,La nueva guerra por la Patagonia,https://www.revistaanfibia.com/la-nueva-guerra-por-la-patagonia/
79422,¿Un nuevo escenario político? Jornada 2,https://www.revistaanfibia.com/un-nuevo-escenario-politico-jornada-2/
79617,Las autoridades no están,https://www.revistaanfibia.com/las-autoridades-no-estan/
78741,Un arquitecto japonés en un basural del conurbano,https://www.revistaanfibia.com/un-arquitecto-japones-en-un-basural-del-conurbano/
79891,Tierras indígenas: la deuda interna,https://www.revistaanfibia.com/tierras-indigenas-la-deuda-interna/
79963,Entrenar algoritmos para el bien,https://www.revistaanfibia.com/entrenar-algoritmos-para-el-bien/
80002,"Con armas, no",https://www.revistaanfibia.com/con-armas-no/
80017,La Patagonia y la eterna conspiración,https://www.revistaanfibia.com/la-patagonia-y-la-eterna-conspiracion/
80123,¿La política es cada día más emocional?,https://www.revistaanfibia.com/la-politica-es-cada-dia-mas-emocional/
80204,¿Por qué Batman no mata al Guasón?,https://www.revistaanfibia.com/batman-no-mata-al-guason/
80254,¿Un nuevo escenario político? Jornada 3,https://www.revistaanfibia.com/un-nuevo-escenario-politico-jornada-3/
80582,Sin lugar para la muerte,https://www.revistaanfibia.com/sin-lugar-para-muerte/
80666,Faltan adultos para los hijos de la democracia,https://www.revistaanfibia.com/faltan-adultos-los-hijos-la-democracia/
80696,12 lecciones para el ensayista contemporáneo,https://www.revistaanfibia.com/lecciones-ensayista-contemporaneo/
80691,"Censura retro, mutilación pop",https://www.revistaanfibia.com/censura-retro-mutilacion-pop/
80928,La fórmula Sampaoli,https://www.revistaanfibia.com/la-formula-sampaoli-2/
80992,La armada norteamericana,https://www.revistaanfibia.com/armada-norteamericana/
81079,¿Un nuevo escenario político? Jornada 4,https://www.revistaanfibia.com/un-nuevo-escenario-politico-jornada-4/
81027,¿Somos todos clase media?,https://www.revistaanfibia.com/somos-todos-clase-media/
80858,"No es vanidad, es poder",https://www.revistaanfibia.com/es-poder-no-vanidad/
81343,Buscándole sentido al fracaso,https://www.revistaanfibia.com/buscandole-sentido-al-fracaso/
81382,La vida después de la locura,https://www.revistaanfibia.com/la-vida-despues-de-locura/
81471,El sexo virtual también es sexo,https://www.revistaanfibia.com/el-sexo-virtual-tambien-es-sexo/
81557,"Acá estoy yo, para salvarlos",https://www.revistaanfibia.com/aca-estoy-yo-para-salavarlos/
81580,"Adiós, querido Rey",https://www.revistaanfibia.com/adios-querido-rey/
81678,"Tamo activo, tamo en vivo",https://www.revistaanfibia.com/tamo-activo-tamo-en-vivo-2/
81836,¿Qué hay de nuevo en el timbreo?,https://www.revistaanfibia.com/que-hay-de-nuevo-en-timbreo/
81867,¿Cómo será la política del futuro?,https://www.revistaanfibia.com/como-sera-la-politica-del-futuro/
81810,"Mi mamá, una niña de la guerra",https://www.revistaanfibia.com/mama-una-nina-guerra/
81835,El invierno no pudo con la revolución,https://www.revistaanfibia.com/invierno-no-pudo-la-revolucion/
82265,¿Un nuevo escenario político? Jornada 5,https://www.revistaanfibia.com/un-nuevo-escenario-politico-jornada-5/
81792,"Escuchá, Santiago",https://www.revistaanfibia.com/escucha-santiago-2/
82342,Ojalá,https://www.revistaanfibia.com/ojala/
82402,En el pantano,https://www.revistaanfibia.com/en-el-pantano/
82468,"Si hay cuerpo, no hay posverdad",https://www.revistaanfibia.com/cuerpo-no-posverdad/
83109,"¿Qué suma más votos, el timbreo o la big data?",https://www.revistaanfibia.com/que-suma-mas-votos-el-timbreo-o-la-big-data/
83037,Sean humanos,https://www.revistaanfibia.com/humanos-sean/
82227,A punto de explotar,https://www.revistaanfibia.com/a-punto-de-explotar/
83379,La revolución en la era Putin,https://www.revistaanfibia.com/la-revolucion-en-la-era-putin/
83540,Un altar para Santiago,https://www.revistaanfibia.com/un-altar-para-santiago/
83916,Por qué arrasó,https://www.revistaanfibia.com/arraso/
84020,Hegemonía y hegemoína,https://www.revistaanfibia.com/hegemonia-hegemoina/
84267,Crónicas en el Viejo Hotel Ostende,https://www.revistaanfibia.com/cronicas-viejo-hotel-ostende-2/
83419,¿Cómo ser influencer?,https://www.revistaanfibia.com/como-ser-un-influencer/
84439,La oposición imposible,https://www.revistaanfibia.com/la-oposicion-imposible/
84676,Del pánico a la revancha,https://www.revistaanfibia.com/del-panico-a-la-revancha/
84773,Cuando estalló la forma de amar,https://www.revistaanfibia.com/cuando-estallo-la-forma-amar/
84885,Los brotes rojos,https://www.revistaanfibia.com/brotes-rojos/
84923,El lector emocional,https://www.revistaanfibia.com/el-lector-emocional-2/
85079,03-11-19,https://www.revistaanfibia.com/03-11-19/
85123,¿Cómo leer el nuevo mapa político?,https://www.revistaanfibia.com/como-leer-el-nuevo-mapa-politico/
85527,La causa de mi vida,https://www.revistaanfibia.com/la-causa-vida/
85551,Ocho preguntas al 42%,https://www.revistaanfibia.com/ocho-preguntas-al-42/
85648,La renuncia,https://www.revistaanfibia.com/renuncia/
85674,La patria es el otro,https://www.revistaanfibia.com/la-patria-es-el-otro/
85767,Un rato a solas con Google,https://www.revistaanfibia.com/rato-solas-google/
85909,Lestido en el fin del mundo,https://www.revistaanfibia.com/lestido-fin-del-mundo/
85926,Todo es trucho,https://www.revistaanfibia.com/todo-es-trucho-3/
86095,Debatir la corrupción en serio,https://www.revistaanfibia.com/debatir-la-corrupcion-en-serio/
86146,El gif del Chango Cárdenas,https://www.revistaanfibia.com/gif-chango-cardenas/
86406,“Lechuga not dead”,https://www.revistaanfibia.com/lechuga-not-dead-2/
86689,"Te amo, te odio, dame más",https://www.revistaanfibia.com/te-amo-te-odio-dame-mas/
86750,"Qué tragedia la revolución, qué feliz la vida soviética",https://www.revistaanfibia.com/que-tragedia-la-revolucion-pero-que-feliz-la-vida-sovietica/
86934,Gente que sí: Myriam Bregman,https://www.revistaanfibia.com/gente-que-si-myriam-bregman/
86155,"Heker, la sabia de la tribu",https://www.revistaanfibia.com/heker-sabia-de-la-tribu/
86122,"La guerra del billete, el Plan Conejo y otras batallas",https://www.revistaanfibia.com/la-guerra-del-billete-el-plan-conejo-y-otras-batallas/
87127,Barthes y los mediáticos,https://www.revistaanfibia.com/barthes-y-los-mediaticos/
87138,"Periodistas, medios y filtraciones",https://www.revistaanfibia.com/periodistas-medios-y-filtraciones/
87473,Multas por acoso verbal: no sirve,https://www.revistaanfibia.com/multa-acoso-verbal-no-sirve/
87513,Cuerpo menstrual,https://www.revistaanfibia.com/cuerpo-menstrual/
87668,Nueva derecha y autoritarismo social,https://www.revistaanfibia.com/nueva-derecha-autoritarismo-social/
87693,Gente que sí: Mariana Enríquez,https://www.revistaanfibia.com/gente-que-si-mariana-enriquez/
87767,Los visitantes volvieron al bar,https://www.revistaanfibia.com/los-visitantes-volvieron-al-bar/
87819,Gauchitas,https://www.revistaanfibia.com/gauchitas/
88227,Cuando todo comenzó,https://www.revistaanfibia.com/cuando-todo-comenzo/
88245,Gente que sí: Juan Palomino,https://www.revistaanfibia.com/gente-que-si-juan-palomino/
88317,El silencio temible de un submarino,https://www.revistaanfibia.com/el-silencio-temible-de-un-submarino/
88306,Los jefes pueden dormir tranquilos,https://www.revistaanfibia.com/los-jefes-pueden-dormir-tranquilos/
88422,Fifagate: Un thriller de Lanús a Qatar,https://www.revistaanfibia.com/fifagate-thriller-lanus-qatar/
88650,El patrullaje anónimo,https://www.revistaanfibia.com/el-patrullaje-anonimo/
88734,"Ser pobre, joven y mapuche",https://www.revistaanfibia.com/ser-joven-pobre-mapuche/
88778,Guerra fría en el fondo del mar,https://www.revistaanfibia.com/guerra-fria-en-el-fondo-del-mar/
88993,Conexión total,https://www.revistaanfibia.com/conexion-total/
89022,"¿Alguien se anima a hacer un ""Test Tyson"" hoy?",https://www.revistaanfibia.com/alguien-se-anima-test-tyson-hoy/
89039,Anfibia en Basado en Hechos Reales,https://www.revistaanfibia.com/anfibia-en-basado-en-hechos-reales/
89041,La hermana de Astiz escucha la sentencia,https://www.revistaanfibia.com/la-hermana-de-astiz/
89141,Los Albatros tiran con plomo,https://www.revistaanfibia.com/los-albatros-tiran-plomo/
88129,“NN Johana”,https://www.revistaanfibia.com/nn-johana/
89518,Apología de la ternura,https://www.revistaanfibia.com/apologia-de-la-ternura/
89585,Apagá tu teléfono,https://www.revistaanfibia.com/apaga-tu-telefono/
89701,Gente que sí: Charo Bogarín,https://www.revistaanfibia.com/gente-que-si-charo-bogarin/
89821,Vivir y morir en la ciudad del glifosato,https://www.revistaanfibia.com/vivir-y-morir-glifosato/
89759,El algoritmo capitalista,https://www.revistaanfibia.com/el-algoritmo-capitalista/
90177,La luz mala,https://www.revistaanfibia.com/la-luz-mala/
90117,Sin evasión no hay paraíso,https://www.revistaanfibia.com/sin-evasion-no-hay-paraiso/
90301,Gente que sí: Erika Halvorsen,https://www.revistaanfibia.com/gente-que-si-erika-halvorsen/
90304,"Director Técnico, el peor oficio del mundo",https://www.revistaanfibia.com/director-tecnico-el-peor-oficio-del-mundo/
90311,Dark web: ¿un refugio o un supermercado de violencia?,https://www.revistaanfibia.com/dark-web/
90441,"""¿No les da vergüenza?""",https://www.revistaanfibia.com/no-les-da-verguenza-2/
90433,Todo triunfo se evapora en diciembre,https://www.revistaanfibia.com/todo-triunfo-evapora-en-diciembre/
90790,"Es el gradualismo acelerado, abuela",https://www.revistaanfibia.com/es-el-gradualismo-acelerado-abuela-2/
90884,¿Derrota?,https://www.revistaanfibia.com/derrota/
90940,La calle es de la multitud,https://www.revistaanfibia.com/la-calle-es-de-la-multitud-2/
91116,Los peligros de la posmilitancia,https://www.revistaanfibia.com/los-peligros-de-la-posmilitancia-2/
91088,Criar contra la corriente,https://www.revistaanfibia.com/criar-contra-la-corriente/
91613,Mentira la verdad,https://www.revistaanfibia.com/mentira-la-verdad/
91751,"Sufrir, servir, gasear, cazar",https://www.revistaanfibia.com/sufrir-servir-gasear-cazar/
91892,¿Un nuevo escenario político? Jornada final,https://www.revistaanfibia.com/un-nuevo-escenario-politico-jornada-final/
91771,Nieve mortal sobre Argentina,https://www.revistaanfibia.com/nieve-mortal-sobre-argentina-2/
92154,"“¿Qué es lo revolucionario de la revolución?""",https://www.revistaanfibia.com/lo-revolucionario-la-revolucion/
92165,"Benesdra, el más oculto de los escritores malditos",https://www.revistaanfibia.com/benesdra-el-mas-oculto-de-los-escritores-malditos/
92224,El derecho (de todos) a la protesta,https://www.revistaanfibia.com/el-derecho-de-todos-a-la-protesta/
92349,Corea del Centro no existe,https://www.revistaanfibia.com/corea-del-centro-no-existe-2/
92357,Gente que sí: Dolores Fonzi,https://www.revistaanfibia.com/gente-que-si-dolores-fonzi/
92457,Machowood,https://www.revistaanfibia.com/machowood/
92817,No te comas el verso,https://www.revistaanfibia.com/no-te-comas-el-verso/
92834,El día que nacieron los Derechos Humanos,https://www.revistaanfibia.com/el-dia-que-nacieron-los-derechos-humanos-2/
92948,"No es la tele, es su contenido",https://www.revistaanfibia.com/no-es-la-tele-es-su-contenido-2/
93050,¿Quién toma tus decisiones?,https://www.revistaanfibia.com/quien-toma-tus-decisiones/
93062,Mujeres de fuego,https://www.revistaanfibia.com/mujeres-de-fuego/
93093,Sexto sentido,https://www.revistaanfibia.com/sexto-sentido/
93406,"1, 2, ultravioleta!",https://www.revistaanfibia.com/1-2-ultravioleta/
93179,Gente que sí: Luis Ziembrowski,https://www.revistaanfibia.com/gente-luis-ziembrowski/
93493,PARAR LA MANO,https://www.revistaanfibia.com/parar-la-mano-2/
93428,Cuatro estrategias para un reclamo viral,https://www.revistaanfibia.com/reguillo/
93591,El ídolo de los mundanos,https://www.revistaanfibia.com/el-idolo-de-los-mundanos/
93713,Elogio del escepticismo,https://www.revistaanfibia.com/elogio-del-escepticismo/
93740,Menos papistas que el papa,https://www.revistaanfibia.com/menos-papistas-papa-francisco/
93633,Doce datos para entender a Trump,https://www.revistaanfibia.com/12-datos-para-entender-a-trump/
94043,Cuando la falla se vuelve gloria,https://www.revistaanfibia.com/cuando-la-falla-se-vuelve-gloria/
93823,"""Que tengan buen viaje""",https://www.revistaanfibia.com/que-tengan-buen-viaje/
93827,El carnaval hecho ceniza,https://www.revistaanfibia.com/carnaval-hecho-ceniza/
94252,Sandrita,https://www.revistaanfibia.com/sandrita-2/
94458,Donde mueren los ciervos,https://www.revistaanfibia.com/donde-mueren-los-ciervos/
94743,Campañeros,https://www.revistaanfibia.com/campaneros/
94780,La nueva clase cultural,https://www.revistaanfibia.com/una-nueva-clase-cultural/
94774,Gente que sí: Martín Sivak,https://www.revistaanfibia.com/gente-martin-sivak/
94944,Se ahogó y punto,https://www.revistaanfibia.com/se-ahogo-punto/
95006,El rating es feminista,https://www.revistaanfibia.com/el-rating-es-feminista/
95047,Talleres y Seminarios Anfibia 2018,https://www.revistaanfibia.com/talleres-y-seminarios-anfibia-2018/
94962,¿Cuántos grupos de WhatsApp tenés?,https://www.revistaanfibia.com/cuantos-grupos-whatsapp-tenes/
95283,Con el corazón en La Boca,https://www.revistaanfibia.com/corazon-la-boca/
95385,"Ganar o perder, paradojas del aborto",https://www.revistaanfibia.com/paradojas-del-aborto/
95438,La policía también va al muere,https://www.revistaanfibia.com/la-policia-tambien-va-al-muere/
95531,Vamos todas a abortar,https://www.revistaanfibia.com/vamos-todas-a-abortar/
95517,Ningún fuego se prende solo,https://www.revistaanfibia.com/ningun-fuego-se-prende-solo/
95611,Ni Roma ni justicia,https://www.revistaanfibia.com/ni-roma-ni-justicia/
95781,Tu ídolo es un femicida,https://www.revistaanfibia.com/tu-idolo-es-un-femicida/
95367,Las pantallas salvajes,https://www.revistaanfibia.com/las-pantallas-salvajes/
95853,El samurai del hip hop,https://www.revistaanfibia.com/el-samurai-del-hip-hop/
95380,El hada de las putas,https://www.revistaanfibia.com/hada-las-putas/
95977,Una presidenta indígena,https://www.revistaanfibia.com/una-presidenta-indigena/
96149,Evita no usa pañuelo,https://www.revistaanfibia.com/evita-no-usa-panuelo/
96182,Lo que el genocidio quiso borrar,https://www.revistaanfibia.com/lo-que-el-genocidio-quiso-borrar/
96252,¿Adónde va Moyano?,https://www.revistaanfibia.com/adonde-va-moyano/
96362,Un “nosotros” resistente e inestable,https://www.revistaanfibia.com/un-nosotros-resistente-e-inestable/
96443,Unidas triunfaremos,https://www.revistaanfibia.com/unidas-triunfaremos/
96461,Judith Butler fue a la marcha,https://www.revistaanfibia.com/judith-butler-fue-a-la-marcha/
96599,Punto Querandí,https://www.revistaanfibia.com/punto-querandi/
96614,El bebito hace lobby en el Congreso,https://www.revistaanfibia.com/bebito-aborto-congreso/
96667,¿A qué van los cubanos al Malecón?,https://www.revistaanfibia.com/cubanos-malecon/
96735,El aborto es radical,https://www.revistaanfibia.com/el-aborto-es-radical/
96759,Entrelazadas para buscar a las pibas,https://www.revistaanfibia.com/entrelazadas-para-buscar-a-las-pibas/
96277,Calaveras y diablitos,https://www.revistaanfibia.com/a-llorar-a-disney/
96835,La juventud feminista,https://www.revistaanfibia.com/juventud-feminista/
96906,El macrismo frente a su espejo,https://www.revistaanfibia.com/el-macrismo-frente-a-su-espejo/
97012,"¿Qué es el aborto, mamá?",https://www.revistaanfibia.com/que-es-el-aborto-mama/
97021,No es obligatorio abortar,https://www.revistaanfibia.com/no-es-obligatorio-abortar/
97071,Tu conflicto es un bajón,https://www.revistaanfibia.com/tu-conflicto-es-un-bajon/
97144,Yo elijo,https://www.revistaanfibia.com/yo-elijo/
97248,Test Feminista,https://www.revistaanfibia.com/test-feminista-2/
97261,Juntas,https://www.revistaanfibia.com/juntas-2/
97334,"Queremos decidir, queremos conducir",https://www.revistaanfibia.com/queremos-decidir-queremos-conducir-2/
97391,Guerreras,https://www.revistaanfibia.com/guerreras/
97559,Pescadores de estrellas,https://www.revistaanfibia.com/pescadores-estrellas/
97599,"""Aborto legal para tipos trans!""",https://www.revistaanfibia.com/aborto-legal-para-tipos-trans/
97642,La vida precaria de Facundo Ferreira,https://www.revistaanfibia.com/la-vida-precaria-facundo-ferreira/
97665,Esquivando cascotazos,https://www.revistaanfibia.com/esquivando-cascotazos/
97742,Lo aprendí en un tutorial,https://www.revistaanfibia.com/lo-aprendi-en-un-tutorial/
97801,"Marielle, la desobediente",https://www.revistaanfibia.com/marielle-la-desobediente/
97852,"Lo que duele, lo que quiebra, lo que espanta",https://www.revistaanfibia.com/lo-que-duele-lo-que-quiebra-lo-que-espanta/
98040,El feminismo nos salvó,https://www.revistaanfibia.com/el-feminismo-nos-salvo/
98089,"""No tuvimos miedo antes, menos ahora""",https://www.revistaanfibia.com/no-tuvimos-miedo-menos-ahora/
98137,Lobby en la mesa familiar,https://www.revistaanfibia.com/lobby-en-la-mesa-familiar/
98163,Muchacha Punk,https://www.revistaanfibia.com/muchacha-punk/
98309,Polaroids de locura ordinaria,https://www.revistaanfibia.com/polaroids-de-locura-ordinaria/
98359,¿Nos tenemos que ir de Facebook?,https://www.revistaanfibia.com/nos-tenemos-ir-facebook/
98301,El sueño equivocado,https://www.revistaanfibia.com/el-sueno-equivocado/
98514,El abrazo justo,https://www.revistaanfibia.com/el-abrazo-justo/
98720,Somos 500 mil,https://www.revistaanfibia.com/somos-500-mil/
98776,Trasumanto,https://www.revistaanfibia.com/malvinas-trasumanto/
98715,Desaparecida,https://www.revistaanfibia.com/desaparecida/
98864,¿Podrán entender los adultos?,https://www.revistaanfibia.com/podran-entender-los-adultos/
98865,Luto y lucha,https://www.revistaanfibia.com/luto-y-lucha/
99170,Inundación no es lo mismo que tragedia,https://www.revistaanfibia.com/inundacion-no-lo-tragedia/
99216,El grito más silenciado,https://www.revistaanfibia.com/grito-mas-silenciado/
99269,El origen de la tristeza,https://www.revistaanfibia.com/origen-la-tristeza/
99355,Nancy Fraser y el feminismo no funcional,https://www.revistaanfibia.com/nancy-fraser-feminismo-no-funcional/
99377,La autodestrucción de Brasil,https://www.revistaanfibia.com/la-autodestruccion-de-brasil/
99360,Miedo ambiente,https://www.revistaanfibia.com/miedoambiente/
99508,Cinco horas diarias mirando el teléfono,https://www.revistaanfibia.com/cinco-horas-diarias-mirando-telefono/
99700,Los tres errores del juez Moro,https://www.revistaanfibia.com/los-tres-errores-del-juez-moro/
99753,La maternidad será deseada o no será,https://www.revistaanfibia.com/la-maternidad-sera-deseada-o-no-sera/
99772,Lula cumple,https://www.revistaanfibia.com/lula-cumple/
99819,Pobres somos todos,https://www.revistaanfibia.com/pobres-somos-todos/
99829,"Lula no es Perón, Brasil no es Argentina",https://www.revistaanfibia.com/lula-no-es-peron-brasil-no-es-argentina/
95393,Morir en bici,https://www.revistaanfibia.com/morir-en-bici/
99891,Medios: cómo recuperar lo que teníamos,https://www.revistaanfibia.com/medios-recuperar-lo-teniamos/
99952,“Que pase todo y volver a jugar al fútbol”,https://www.revistaanfibia.com/que-pase-todo-volver-a-jugar-al-futbol/
100081,Qué pensamos sobre la agenda feminista,https://www.revistaanfibia.com/que-pensamos-sobre-agenda-feminista/
99981,"No es arte, es dinamita",https://www.revistaanfibia.com/no-es-arte-es-dinamita-2/
99886,Los viejos putos,https://www.revistaanfibia.com/los-viejos-putos/
100162,Las muertas que vos matás,https://www.revistaanfibia.com/las-muertas-que-vos-matas/
100182,La vida breve del colectivero,https://www.revistaanfibia.com/vida-breve-del-colectivero/
100297,Te tiro un audio,https://www.revistaanfibia.com/te-tiro-un-audio/
100287,El lado romántico de los juicios,https://www.revistaanfibia.com/lado-romantico-los-juicios/
100336,El día después de los Castro,https://www.revistaanfibia.com/dia-despues-los-castro/
100369,Ser padres en la era feminista,https://www.revistaanfibia.com/padres-en-la-era-feminista/
100403,PERIODISMO PERFORMATICO,https://www.revistaanfibia.com/periodismo-performatico-preguntas-frecuentes/
100519,"Likeame, seguime, quereme",https://www.revistaanfibia.com/likeame-seguime-quereme/
100541,La memoria de la ciudad,https://www.revistaanfibia.com/memoria-de-la-ciudad/
100618,El relato detrás del bebito,https://www.revistaanfibia.com/relato-detras-del-bebito/
100629,Por el derecho al goce,https://www.revistaanfibia.com/por-el-derecho-al-goce/
100632,La doble moral médica,https://www.revistaanfibia.com/doble-moral-medica/
100750,"""Mostramos lo que queremos, y que se jodan""",https://www.revistaanfibia.com/mostramos-lo-que-queremos/
100772,¿No vamos a poder ver a ninguna banda más?,https://www.revistaanfibia.com/no-vamos-a-poder-ver-a-ninguna-banda-mas/
100827,Pará de consumir,https://www.revistaanfibia.com/para-consumir/
100849,Pateá como una chica,https://www.revistaanfibia.com/patea-como-una-chica/
100875,La disidencia como estado de alerta,https://www.revistaanfibia.com/la-disidencia-estado-alerta/
100907,Historia incompleta de las canciones de cancha,https://www.revistaanfibia.com/historia-canciones-de-cancha/
100930,No te olvides nunca que eres poderosa,https://www.revistaanfibia.com/no-te-olvides-nunca-poderosa/
101220,Poner ovarios,https://www.revistaanfibia.com/poner-ovarios/
101230,"No son cuernos, es amor libre",https://www.revistaanfibia.com/no-son-cuernos-es-amor-libre/
101287,Mi vecino es antivacunas,https://www.revistaanfibia.com/mi-vecino-es-antivacunas/
101307,"La Argentina, con uno de los calendarios de vacunas más amplios",https://www.revistaanfibia.com/la-argentina-con-uno-de-los-calendarios-de-vacunas-mas-amplios/
101320,Los ganadores son...,https://www.revistaanfibia.com/los-ganadores-son/
101400,Pasar la tormenta,https://www.revistaanfibia.com/pasar-la-tormenta-2/
101360,Memorias del 68,https://www.revistaanfibia.com/memorias-del-68/
101545,¿Sarmiento hubiera usado una netbook del Estado?,https://www.revistaanfibia.com/sarmiento-hubiera-usado-netbook/
101298,Tarifazo: del derecho a la mercancía,https://www.revistaanfibia.com/tarifazo-derecho-mercancia/
101669,"Yaguareté, la moneda imposible",https://www.revistaanfibia.com/yaguarete-moneda-imposible/
101682,La hegemonía era un blef,https://www.revistaanfibia.com/la-hegemonia-era-un-blef/
101733,"Stand by me, argentinians",https://www.revistaanfibia.com/stand-by-me-argentinians/
101759,Los límites éticos del ajuste,https://www.revistaanfibia.com/los-limites-eticos-del-ajuste-2/
101783,¿La liberación masculina para cuándo?,https://www.revistaanfibia.com/liberacion-masculina-para-cuando/
101858,De cacería con Inakayal,https://www.revistaanfibia.com/de-caceria-con-inakayal/
102012,Indie: del vinilo a Spotify,https://www.revistaanfibia.com/indie-del-vinilo-spotify/
102039,El parto es un hecho político,https://www.revistaanfibia.com/el-parto-es-un-hecho-politico/
102091,Pánico y fortuna en la City,https://www.revistaanfibia.com/panico-y-fortuna-en-la-city/
102109,La rebelión de las obradoras,https://www.revistaanfibia.com/la-rebelion-de-las-obradoras/
102168,El nuevo negro,https://www.revistaanfibia.com/el-nuevo-negro/
102177,Prender fuego sin quemar nada,https://www.revistaanfibia.com/prender-fuego-sin-quemar-nada/
102259,La muerte como problema público,https://www.revistaanfibia.com/la-muerte-problema-publico/
102313,No culpes a la big data,https://www.revistaanfibia.com/no-culpes-la-big-data/
102320,Los besos disidentes,https://www.revistaanfibia.com/los-besos-disidentes/
102469,Como un pelícano que se tira al mar,https://www.revistaanfibia.com/pelicano-que-se-tira-al-mar/
102485,El sello argentino en el Mayo francés,https://www.revistaanfibia.com/sello-argentino-mayo-frances/
102517,Los tres dones de Tom Wolfe,https://www.revistaanfibia.com/los-tres-dones-de-tom-wolfe/
102567,El creyente,https://www.revistaanfibia.com/creyente/
102532,"No es el salario, son los derechos",https://www.revistaanfibia.com/no-salario-los-derechos/
102628,"Bajar los cuadros, subir los plasmas",https://www.revistaanfibia.com/bajar-los-cuadros-subir-los-plasmas/
102656,El gran camaleón,https://www.revistaanfibia.com/el-gran-camaleon/
102663,Optimistas sin excesos,https://www.revistaanfibia.com/optimistas-sin-excesos-2/
102809,Los días que fuimos felices,https://www.revistaanfibia.com/los-dias-que-fuimos-felices/
102231,Pioneras del aborto legal,https://www.revistaanfibia.com/pioneras-del-aborto-legal/
102829,Sacar la menstruación del closet,https://www.revistaanfibia.com/sacar-la-menstruacion-del-closet/
102836,La patria boba,https://www.revistaanfibia.com/la-patria-boba-3/
102917,Típico de machirulo,https://www.revistaanfibia.com/tipico-de-machirulo/
103041,Todo lo que dejaste de hacer para pagar las tarifas,https://www.revistaanfibia.com/lo-dejaste-pagar-las-tarifas/
103107,No hay romance sin finanzas,https://www.revistaanfibia.com/no-romance-sin-finanzas/
103132,¡Canten putos!,https://www.revistaanfibia.com/canten-putos/
103194,Las insolentes,https://www.revistaanfibia.com/las-insolentes/
103330,¿Ahora sí nos ven?,https://www.revistaanfibia.com/ahora-si-nos-ven/
103343,"España, una Italia sin italianos",https://www.revistaanfibia.com/una-italia-sin-italianos/
103431,Somos tantas que calentamos el otoño,https://www.revistaanfibia.com/somos-tantas-calentamos-otono/
103447,Guardianas,https://www.revistaanfibia.com/guardianas/
103375,Una ciudad inconclusa,https://www.revistaanfibia.com/barcelona-inconclusa/
103499,Por qué votar a favor del aborto legal,https://www.revistaanfibia.com/votar-favor-del-aborto-legal/
103555,Más dueños que nunca,https://www.revistaanfibia.com/mas-duenos-nunca/
103584,Un gol en contra antes del Mundial,https://www.revistaanfibia.com/un-gol-en-contra-antes-del-mundial/
103569,¿Dónde están los números que faltan de la Revista Humor?,https://www.revistaanfibia.com/donde-estan-los-numeros-de-humor/
103635,Quién recuerda a Pablo Kukoc,https://www.revistaanfibia.com/quien-recuerda-a-pablo-kukoc-2/
103829,“Nunca me criticaron tanto y nunca me importó menos”,https://www.revistaanfibia.com/nunca-me-criticaron-tanto-y-nunca-me-importo-menos/
103871,Un pequeño país aparte,https://www.revistaanfibia.com/malvinas-un-pequeno-pais-aparte/
103927,Lo personal nunca antes de lo político,https://www.revistaanfibia.com/lo-personal-nunca-lo-politico/
103940,La Argentina anti-punitivista que supimos construir,https://www.revistaanfibia.com/argentina-anti-punitivista/
103966,"Seguime, no te voy a defraudar",https://www.revistaanfibia.com/seguime-no-te-voy-defraudar/
104073,Crónica de L@s Soror@s,https://www.revistaanfibia.com/cronica-de-ls-sorors-2/
104071,La política respira,https://www.revistaanfibia.com/la-politica-respira/
104101,Ganamos,https://www.revistaanfibia.com/ganamos-2/
104100,Perdieron,https://www.revistaanfibia.com/perdieron-2/
104126,Hacerse los malos en Rusia,https://www.revistaanfibia.com/hacerse-los-malos-en-rusia/
104150,¿Quiénes son los mosqueteros pampeanos?,https://www.revistaanfibia.com/los-mosqueteros-pampeanos-3/
104295,Aborto legal para las heroínas de tv,https://www.revistaanfibia.com/aborto-legal-para-las-heroinas-de-tv/
104320,El país del Duque,https://www.revistaanfibia.com/pais-duque/
104266,Diana Sacayán vive,https://www.revistaanfibia.com/diana-sacayan-vive/
104385,¿Cuán progre puede ser el macrismo?,https://www.revistaanfibia.com/cuan-progre-puede-macrismo-2/
104402,Nunca nos van a quitar la ilusión,https://www.revistaanfibia.com/nunca-nos-van-a-quitar-la-ilusion/
104395,Las niñas madres,https://www.revistaanfibia.com/ninas-madres/
104480,La intimidad del mar,https://www.revistaanfibia.com/la-intimidad-mar/
104522,Rebobinar la marcha de la muerte,https://www.revistaanfibia.com/rebobinar-la-marcha-de-la-muerte/
103454,"""No quiero ser mamá""",https://www.revistaanfibia.com/no-quiero-ser-mama/
104541,La maldición de depender del milagro,https://www.revistaanfibia.com/la-maldicion-de-depender-del-milagro/
104675,"Lo mismo que hacemos todas las noches, tratar de conquistar el mundo",https://www.revistaanfibia.com/lo-hacemos-todas-las-noches-tratar-conquistar-mundo/
104688,"Una huelga obrera, intelectual y feminista",https://www.revistaanfibia.com/una-huelga-obrera-intelectual-y-feminista/
104745,El riesgo de la destrucción,https://www.revistaanfibia.com/el-riesgo-de-la-destruccion/
104810,"""Vicepresidenta usted puede cambiar la historia de las mujeres""",https://www.revistaanfibia.com/vicepresidenta-usted-puede-cambiar-la-historia/
104854,Pensar las universidades,https://www.revistaanfibia.com/pensar-las-universidades/
104905,La menesunda del feminismo,https://www.revistaanfibia.com/la-menesunda-del-feminismo/
104990,El esclavo que gritó los goles de Kempes,https://www.revistaanfibia.com/esclavo-grito-goles-de-kempes/
105004,El gen Rojo,https://www.revistaanfibia.com/el-gen-rojo/
105015,Las ideas se bailan,https://www.revistaanfibia.com/las-ideas-se-bailan/
105025,Requiem para una leyenda del Lezama,https://www.revistaanfibia.com/requiem-para-una-leyenda-del-lezama/
105154,¿Qué hará la izquierda con tanto poder?,https://www.revistaanfibia.com/que-hara-la-izquierda-con-tanto-poder/
105163,No me importa en qué meme se meta Maradona,https://www.revistaanfibia.com/no-me-importa-meme-se-meta-maradona/
105211,"Don Andrés, lo difícil de jugar simple",https://www.revistaanfibia.com/don-andres-lo-dificil-jugar-simple/
105220,"""En Mendoza somos miles""",https://www.revistaanfibia.com/mendoza-somos-miles/
105297,¿Puede una hinchada putear a sus propios jugadores?,https://www.revistaanfibia.com/puede-una-hinchada-putear-propios-jugadores/
105390,El círculo virtuoso de las changas y las propinas,https://www.revistaanfibia.com/el-circulo-virtuoso-de-las-changas-y-las-propinas/
105396,Salir de la caverna,https://www.revistaanfibia.com/salir-de-la-caverna/
105637,Cuevas virtuales,https://www.revistaanfibia.com/cuevas-virtuales/
105664,El sol de los Mapuche,https://www.revistaanfibia.com/el-sol-de-los-mapuche/
105702,"Y usted, profe, ¿qué opina del aborto?",https://www.revistaanfibia.com/y-usted-profe-que-opina-del-aborto/
103576,La generación Marielle Franco,https://www.revistaanfibia.com/la-generacion-marielle-franco/
105787,Esto no es una foto,https://www.revistaanfibia.com/no-una-foto/
105815,Sin filtro,https://www.revistaanfibia.com/sin-filtro-2/
105866,Yo me creía Luis Miguel,https://www.revistaanfibia.com/yo-me-creia-luis-miguel/
105959,El gobierno elige: la opinión pública o su minoría intensa,https://www.revistaanfibia.com/el-gobierno-elige-la-opinion-publica-o-su-minoria-intensa/
106032,Silicolonizados,https://www.revistaanfibia.com/silicolonizados/
106042,Culpable o no,https://www.revistaanfibia.com/culpable-o-no/
106127,Así espiaron a los familiares,https://www.revistaanfibia.com/asi-espiaron-a-familiares/
106190,El dinero y la política,https://www.revistaanfibia.com/dinero-la-politica/
106235,"Tasa, tasa, ¿cómo compro mi casa?",https://www.revistaanfibia.com/tasa-tasa-como-compro-mi-casa/
106282,La mar no está serena,https://www.revistaanfibia.com/la-mar-no-esta-serena/
106287,"""Yo soy Juan""",https://www.revistaanfibia.com/yo-soy-juan/
106418,Un país llamado Peronia,https://www.revistaanfibia.com/pais-llamado-peronia/
106511,¿Quién merece y quién no la política social?,https://www.revistaanfibia.com/quien-merece-quien-no-la-politica-social/
106522,La educación sentimental en tiempos de Netflix,https://www.revistaanfibia.com/la-educacion-sentimental-en-tiempos-netflix/
106580,El equilibrista de la corbata verde,https://www.revistaanfibia.com/equilibrista-corbata-verde/
106712,Dejá de stalkear,https://www.revistaanfibia.com/deja-de-stalkear/
106655,Wonder gorda,https://www.revistaanfibia.com/wonder-gorda-2/
106855,Siete minutos,https://www.revistaanfibia.com/siete-minutos-santiago-maldonado/
107126,Espiral de violencia nica,https://www.revistaanfibia.com/espiral-violencia-nica/
106744,Carta a los varones desorientados,https://www.revistaanfibia.com/carta-a-los-varones-desorientados/
106934,Quiénes llevan los pañuelos celestes,https://www.revistaanfibia.com/quienes-llevan-los-panuelos-celestes/
124140,Exposiciones en el Senado,https://www.revistaanfibia.com/exposiciones-en-el-senado/
107053,"Soy feminista, hago política",https://www.revistaanfibia.com/soy-feminista-hago-politica/
107189,¿Con qué dinero hacen política los partidos?,https://www.revistaanfibia.com/con-que-dinero-hacen-politica/
107182,No hay lugar para la abstención,https://www.revistaanfibia.com/no-lugar-la-abstencion/
107329,Lo que no explican los cuadernos Gloria,https://www.revistaanfibia.com/lo-que-no-explican-los-cuadernos-gloria/
124095,La revolución de las hijas,https://www.revistaanfibia.com/la-revolucion-de-las-hijas/
107355,La escuela y la muerte,https://www.revistaanfibia.com/la-escuela-y-la-muerte/
107369,No hay mística al votar en contra,https://www.revistaanfibia.com/no-hay-mistica-al-votar-en-contra/
99187,Periodismo performático: hacer lo real,https://www.revistaanfibia.com/periodismo-performatico-hacer-lo-real/
107426,Vasectomizate,https://www.revistaanfibia.com/vasectomizate/
123747,¿Por qué legalizar el aborto?,https://www.revistaanfibia.com/anfibia-linea-peluda/
107506,Misoprostol industria nacional,https://www.revistaanfibia.com/misoprostol-industria-nacional/
122400,¿Qué dijeron lxs senadorxs?,https://www.revistaanfibia.com/que-dijeron-lxs-senadorxs/
107579,La hoguera de la ley,https://www.revistaanfibia.com/la-hoguera-de-la-ley2/
124119,Vasectomizate,https://www.revistaanfibia.com/vasectomizate-senado/
107572,Los pañuelos no se guardan,https://www.revistaanfibia.com/los-panuelos-no-se-guardan/
107676,Nos tienen miedo,https://www.revistaanfibia.com/nos-tienen-miedo/
107882,La Nelly Minyersky club band,https://www.revistaanfibia.com/la-nelly-minyersky-club-band/
107913,Un senador como vos y como yo,https://www.revistaanfibia.com/un-senador-como-vos-y-como-yo/
107944,La biblia del aborto,https://www.revistaanfibia.com/la-biblia-del-aborto/
107973,La Argentina en su laberinto,https://www.revistaanfibia.com/la-argentina-en-su-laberinto/
107997,Pornografía de la violencia,https://www.revistaanfibia.com/pornografia-de-violencia/
107198,¿Qué hace la escuela ante el reclamo de las pibas?,https://www.revistaanfibia.com/escuela-ante-el-reclamo-de-las-pibas/
108108,Aborto es lengua popular,https://www.revistaanfibia.com/aborto-es-lengua-popular/
108118,Tan verosímil y tan difícil de creer,https://www.revistaanfibia.com/tan-verosimil-y-tan-dificil-de-creer/
108313,Una justificación del “arrepentido”,https://www.revistaanfibia.com/una-justificacion-del-arrepentido/
108453,¿De qué te arrepentís?,https://www.revistaanfibia.com/de-que-te-arrepentis/
108463,El Tea Party argentino,https://www.revistaanfibia.com/el-tea-party-argentino/
108475,La innovación reducida a la franquicia,https://www.revistaanfibia.com/la-innovacion-reducida-a-la-franquicia/
108655,Matar con onda,https://www.revistaanfibia.com/matar-con-onda/
108702,Belleza y vandalismo,https://www.revistaanfibia.com/belleza-y-vandalismo/
108719,"Cuadernos, ejércitos y guerrilleros",https://www.revistaanfibia.com/cuadernos-ejercitos-guerrilleros/
108760,"Un futuro de reinas, aliens y música",https://www.revistaanfibia.com/futuro-reyes-aliens-hip-hop/
108868,Sin país no hay universidad,https://www.revistaanfibia.com/sin-pais-no-hay-universidad/
108888,"Vocación, autonomía y deseo",https://www.revistaanfibia.com/vocacion-autonomia-deseo/
108955,¿Cuánto vale pasar un día en una facultad?,https://www.revistaanfibia.com/cuanto-vale-pasar-dia-una-facultad2/
109016,El cementerio de los economistas,https://www.revistaanfibia.com/el-cementerio-de-los-economistas/
109025,El presidente está triste,https://www.revistaanfibia.com/presidente-esta-triste/
109100,¿Queremos saber de verdad lo que puede pasar?,https://www.revistaanfibia.com/queremos-saber-de-verdad-lo-que-puede-pasar/
109146,Un brunch en el galpón,https://www.revistaanfibia.com/un-brunch-en-el-galpon/
109183,"Libertad, igualdad y 2001",https://www.revistaanfibia.com/libertad-igualdad-y-2001/
109219,Lola Arias y la guerra de guerrillas,https://www.revistaanfibia.com/lola-arias-la-guerra-guerrilas/
109234,Diez días que conmovieron a Macri,https://www.revistaanfibia.com/diez-dias-que-conmovieron-a-macri/
109344,“En Clarín se angostó como nunca la posibilidad de pensar distinto”,https://www.revistaanfibia.com/en-clarin-se-angosto-la-posibilidad-pensar-distinto/
109430,La Osa Poderosa de Eloísa Cartonera,https://www.revistaanfibia.com/la-osa-poderosa-eloisa-cartonera/
109475,La paradoja del intelectual comunista,https://www.revistaanfibia.com/la-paradoja-intelectual-comunista/
109446,El esqueleto de la historia,https://www.revistaanfibia.com/esqueleto-la-historia/
109567,La culpa no es del jurado,https://www.revistaanfibia.com/la-culpa-no-es-del-jurado/
109700,"""Tenés que estar despojado de todo para ser considerado pobre""",https://www.revistaanfibia.com/tenes-que-estar-despojado-para-ser-considerado-pobre/
109715,"Perdón Baby, pero el mundo ya no te pertenece",https://www.revistaanfibia.com/perdon-baby-mundo-ya-no-te-pertenece/
109770,¿Cuándo se jodió el progresismo?,https://www.revistaanfibia.com/cuando-se-jodio-el-progresismo/
109799,Adiós al padre del Cordobesismo,https://www.revistaanfibia.com/adios-padre-del-cordobesismo/
109850,La eternidad no dura demasiado,https://www.revistaanfibia.com/la-eternidad-no-dura-demasiado/
109880,Me llegó una carne de primera,https://www.revistaanfibia.com/me-llego-una-carne-primera/
109921,Re-editar la historia oficial,https://www.revistaanfibia.com/re-editar-la-historia-oficial/
109767,La pueblada feminista,https://www.revistaanfibia.com/la-pueblada-feminista/
109979,El Diego de Sinaloa,https://www.revistaanfibia.com/el-diego-de-sinaloa/
110097,Un pañuelo que diga poliamor,https://www.revistaanfibia.com/panuelo-diga-poliamor/
110103,La larga marcha de un lonko para volver a su tierra,https://www.revistaanfibia.com/la-larga-marcha-de-un-lonko-para-volver-a-su-tierra/
110198,Respuestas para confrontar a los antiderechos,https://www.revistaanfibia.com/respuestas-confrontar-los-antiderechos/
110279,A lo lejos se escucha venir,https://www.revistaanfibia.com/a-lo-lejos-se-escucha-venir/
110330,El arquitecto,https://www.revistaanfibia.com/el-arquitecto/
110486,Del football al fulbito,https://www.revistaanfibia.com/del-football-al-fulbito/
110526,¿Quién le teme a Agustín Laje?,https://www.revistaanfibia.com/quien-le-teme-a-agustin-laje-2/
110614,Rapeá con Cazzu,https://www.revistaanfibia.com/rapea-con-cazzu/
110635,No dormirás tranquilo en Villa Crespo,https://www.revistaanfibia.com/no-dormiras-tranquilo-en-villa-crespo/
110681,La escuela del pasado no fue brillante ni gloriosa,https://www.revistaanfibia.com/la-escuela-del-pasado-no-fue-brillante-ni-gloriosa/
110693,Matar al príncipe azul,https://www.revistaanfibia.com/matar-principe-azul/
110658,Samba do paravalancha,https://www.revistaanfibia.com/samba-do-paravalancha/
110747,El profesor que puede frenar a Bolsonaro,https://www.revistaanfibia.com/profesor-puede-frenar-bolsonaro/
110846,"Con B de Bolsonaro: bala, biblia, buey",https://www.revistaanfibia.com/con-b-de-bolsonaro-bala-biblia-buey2/
110939,Capitalismo con tracción a sangre,https://www.revistaanfibia.com/capitalismo-traccion-sangre/
111244,Por qué Bolsonaro,https://www.revistaanfibia.com/por-que-bolsonaro/
111071,Tenés que ser delegada,https://www.revistaanfibia.com/tenes-que-ser-delegada/
111253,El poder real del voto confesional,https://www.revistaanfibia.com/poder-real-del-voto-confesional/
111376,Los que luchan y los que lloran,https://www.revistaanfibia.com/los-luchan-los-lloran/
111633,¿Dónde quedó el hombre amable brasileño?,https://www.revistaanfibia.com/donde-quedo-hombre-amable-brasileno/
111776,Colectivizar el cuerpo feminista,https://www.revistaanfibia.com/colectivizar-el-cuerpo-feminista/
111828,¿Qué era la corrección política?,https://www.revistaanfibia.com/la-correccion-politica/
112109,Desafiar las fronteras,https://www.revistaanfibia.com/desafiar-las-fronteras/
112283,¿Queda lugar para el optimismo?,https://www.revistaanfibia.com/queda-lugar-optimismo/
112322,El día que la derecha comenzó a ganar en Brasil,https://www.revistaanfibia.com/el-dia-que-la-derecha-comenzo-a-ganar-en-brasil/
112355,"Roberto Jacoby, el anticipador",https://www.revistaanfibia.com/roberto-jacoby-el-anticipador/
112345,La chatarra de la comida chatarra,https://www.revistaanfibia.com/la-chatarra-de-la-comida-chatarra/
112543,"Nerd, libre y feminista",https://www.revistaanfibia.com/nerd-libre-feminista/
112689,No sé cómo seré en el futuro,https://www.revistaanfibia.com/no-se-como-sere-en-el-futuro/
112757,Un año venezolano parecen tres de otro país,https://www.revistaanfibia.com/un-ano-venezolano-parecen-tres-de-otro-pais/
112839,"Pobreza cero, unir a los argentinos, vuelven los visitantes",https://www.revistaanfibia.com/pobreza-cero-unir-a-los-argentinos-vuelven-los-visitantes-2/
112860,El 17 de octubre de las putas,https://www.revistaanfibia.com/el-17-de-octubre-de-las-putas/
112941,La memoria viva del cine argentino,https://www.revistaanfibia.com/la-memoria-viva-del-cine-argentino/
112913,Hasta que sea ley,https://www.revistaanfibia.com/hasta-que-sea-ley-2/
112719,Trump y los medios: el debate,https://www.revistaanfibia.com/trump-los-medios-debate/
113063,Marxismo y melancolía,https://www.revistaanfibia.com/marxismo-y-melancolia/
113107,"Gestionamos, no hacemos política",https://www.revistaanfibia.com/gestionamos-no-hacemos-politica/
113133,Un mundo sin sexo legal,https://www.revistaanfibia.com/mundo-sin-sexo-legal/
113174,Tu ruta es mi ruta,https://www.revistaanfibia.com/tu-ruta-es-mi-ruta/
113235,Ese juego que las hace felices,https://www.revistaanfibia.com/juego-que-las-hace-felices/
113246,No nos dejen afuera,https://www.revistaanfibia.com/no-nos-dejen-afuera/
113280,Lara Croft en el ring de Karadagián,https://www.revistaanfibia.com/lara-croft-ring-karadagian/
113441,El ajuste es machista,https://www.revistaanfibia.com/el-ajuste-es-machista/
113460,Toda desigualdad es política,https://www.revistaanfibia.com/toda-desigualdad-politica2/
113490,"Vivir y morir con el ""espíritu de buque""",https://www.revistaanfibia.com/vivir-y-morir-con-el-espiritu-de-buque/
113502,De la ira a la acción colectiva,https://www.revistaanfibia.com/ira-a-la-accion-colectiva2/
113526,Todo lo que usted quiere saber sobre los evangélicos y le contaron mal,https://www.revistaanfibia.com/todo-lo-que-quiere-saber-de-los-evangelicos-le-contaron-mal/
113543,"""Debemos demostrar la eficacia de las viejas ideas de Marx""",https://www.revistaanfibia.com/demostrar-eficacia-viejas-ideas-marx/
113556,Anfibia está en línea,https://www.revistaanfibia.com/anfibia-en-whatsapp/
113615,Mil varones piensan la deconstrucción,https://www.revistaanfibia.com/mil-varones-piensan-la-deconstruccion/
113707,La violencia es un mandato,https://www.revistaanfibia.com/la-violencia-es-un-mandato-2/
113613,La mala víctima versión 1955,https://www.revistaanfibia.com/la-mala-victima-version-1955/
113914,La coolture,https://www.revistaanfibia.com/la-coolture/
113979,Una tribu de salvajes sin futuro,https://www.revistaanfibia.com/una-tribu-de-salvajes-sin-futuro/
113880,Neoliberalismo versión empeorada,https://www.revistaanfibia.com/neoliberalismo-version-empeorada/
114118,La internacional republicana,https://www.revistaanfibia.com/la-internacional-republicana/
114208,Imposible violar a una mujer tan viciosa,https://www.revistaanfibia.com/imposible-violar-a-una-mujer-tan-viociosa/
114260,"Se va el G20, quedan las balas",https://www.revistaanfibia.com/se-va-g20-quedan-las-balas/
114303,De Washington a Pekín,https://www.revistaanfibia.com/de-washington-a-pekin/
114183,El tema capital que le faltó a El Capital,https://www.revistaanfibia.com/tema-capital-le-falto-capital/
114407,¿Qué debe hacer la escuela con las familias anti ESI?,https://www.revistaanfibia.com/que-debe-hacer-la-escuela-con-anti-esi/
114461,La Corte Suprema dividida en tres,https://www.revistaanfibia.com/la-corte-suprema-dividida-tres/
114501,Diez años sin berretines,https://www.revistaanfibia.com/diez-anos-sin-berretines-cusam/
114543,¿Te jubilarías a los 30?,https://www.revistaanfibia.com/te-jubilarias-los-30/
114652,¿A dónde van los chalecos amarillos?,https://www.revistaanfibia.com/a-donde-van-los-chalecos-amarillos/
114708,"Grabois, el renovador",https://www.revistaanfibia.com/grabois-el-renovador/
114844,¡CORTEN!,https://www.revistaanfibia.com/corten/
114907,Heridos sin habernos tocado,https://www.revistaanfibia.com/heridos-sin-habernos-tocado-poliamor/
114872,Los nuevos dueños de la democracia,https://www.revistaanfibia.com/los-duenos-de-la-democracia-2/
115134,Peligros y placeres del consumo irónico,https://www.revistaanfibia.com/peligros-y-placeres-del-consumo-ironicos/
115190,Un bondi al gueto Nordelta,https://www.revistaanfibia.com/un-bondi-al-gueto-nordelta/
115242,El malestar de la política,https://www.revistaanfibia.com/el-malestar-de-la-politica/
115201,Amor en 360 grados,https://www.revistaanfibia.com/amor-en-360-grados2/
115363,Contra la astrología,https://www.revistaanfibia.com/contra-la-astrologia/
115384,Las izquierdas y el camino del populismo,https://www.revistaanfibia.com/las-izquierdas-y-el-camino-del-populismo/
115446,La era de las sensibilidades autoritarias,https://www.revistaanfibia.com/la-era-de-las-sensibilidades-autoritarias/
115611,¿Cuál es la clave?,https://www.revistaanfibia.com/cual-es-la-clave/
115675,La inmensa minoría,https://www.revistaanfibia.com/la-inmensa-minoria/
115720,Los influencers de Bolsonaro,https://www.revistaanfibia.com/los-influencers-bolsonaro/
115838,La tentación de la Macrisis,https://www.revistaanfibia.com/la-tentacion-de-la-macrisis/
115886,La marca de la equis,https://www.revistaanfibia.com/la-marca-de-la-equis/
115925,¿Cómo pega el peyote?,https://www.revistaanfibia.com/como-pega-el-peyote/
115996,A favor de la astrología,https://www.revistaanfibia.com/favor-la-astrologia/
116046,Un porteño en el otro Tercer Mundo,https://www.revistaanfibia.com/porteno-tercer-mundo2/
116158,Borges y los libros del sótano,https://www.revistaanfibia.com/borges-y-los-libros-del-sotano/
116210,Es fácil culpar al ratón,https://www.revistaanfibia.com/es-facil-culpar-al-raton/
116319,Cada cual en su círculo sin molestar,https://www.revistaanfibia.com/circulo-sin-molestar/
116360,Rapsodia bohemia tropical,https://www.revistaanfibia.com/rapsodia-bohemia-tropical/
116583,Femicidios de Estado,https://www.revistaanfibia.com/femicidios-de-estado/
116634,¿Podrá AMLO apagar tanto fuego?,https://www.revistaanfibia.com/podra-amlo-apagar-tanto-fuego/
116748,"Venezuela, esa herida absurda",https://www.revistaanfibia.com/venezuela-esa-herida-absurda/
116776,Mujeres: adentro y afuera de la caja de cristal,https://www.revistaanfibia.com/mujeres-adentro-afuera-la-caja-cristal/
116856,Venezuela y las brújulas ideológicas,https://www.revistaanfibia.com/venezuela-y-las-brujulas-ideologicas/
116920,"Argumentos progres, fallos neoliberales",https://www.revistaanfibia.com/argumentos-progres-fallos-neoliberales/
116949,Violencia térmica,https://www.revistaanfibia.com/violencia-termica/
116991,Es hora de hablar de pitos,https://www.revistaanfibia.com/es-hora-hablar-pitos/
117021,El teatro de la posverdad,https://www.revistaanfibia.com/teatro-la-posverdad/
117166,Porno y amor,https://www.revistaanfibia.com/porno-y-amor/
117210,Guaidó y los caimanes,https://www.revistaanfibia.com/guaido-y-los-caimanes/
117218,Aquí no se hace más el amor,https://www.revistaanfibia.com/aqui-no-se-hace-mas-el-amor-wiener/
117323,La nueva diva es millennial,https://www.revistaanfibia.com/la-nueva-diva-millennial/
117372,"Manu Lozano, por encima y por abajo del Estado",https://www.revistaanfibia.com/manu-lozano-por-encima-y-por-abajo-del-estado/
117480,La conversión de la piba,https://www.revistaanfibia.com/la-conversion-de-la-piba/
117524,Científicas y mágicas,https://www.revistaanfibia.com/cientificas-y-magicas/
117580,"Diego, Leo, Trinche",https://www.revistaanfibia.com/diego-leo-trinche-carlovich/
117614,Concurso de Microensayos,https://www.revistaanfibia.com/concurso-de-microensayos/
117838,"Informar, ocultar, operar",https://www.revistaanfibia.com/informar-ocultar-operar/
118159,Del escrache a la pedagogía del deseo,https://www.revistaanfibia.com/del-escrache-la-pedagogia-del-deseo/
118311,Todo por diez pesos,https://www.revistaanfibia.com/todo-por-diez-pesos2/
118414,"Por un fútbol feminista, disidente y profesional",https://www.revistaanfibia.com/por-un-futbol-feminista-disidente-y-profesional/
118527,El reflejo de resistir,https://www.revistaanfibia.com/el-reflejo-de-resistir/
118911,Respuestas para la página en blanco,https://www.revistaanfibia.com/respuestas-la-pagina-blanco/
119131,70 años de hegemonía y emociones,https://www.revistaanfibia.com/70-anos-de-hegemonia-y-emociones/
119188,Debajo de la alfombra,https://www.revistaanfibia.com/debajo-la-alfombra/
119502,Todos los colores que forman el verde,https://www.revistaanfibia.com/todos-los-colores-forman-verde/
119553,¿Hacia dónde vamos?,https://www.revistaanfibia.com/hacia-donde-vamos/
119591,"“No se nace mujer, llega una a serlo”",https://www.revistaanfibia.com/no-se-nace-mujer-llega-una-a-serlo/
119610,Por qué volvías cada 8 de marzo,https://www.revistaanfibia.com/volvias-8-marzo/
119615,La antropóloga que incomoda,https://www.revistaanfibia.com/la-antropologa-que-incomoda/
119657,Nosotres paramos,https://www.revistaanfibia.com/nosotres-paramos/
119781,Hay secretos que no vuelven al armario,https://www.revistaanfibia.com/hay-secretos-que-no-vuelven-al-armario/
119884,Víctima de la espontaneidad,https://www.revistaanfibia.com/victima-de-la-espontaneidad/
119938,Por qué no somos Finlandia,https://www.revistaanfibia.com/por-que-no-somos-finlandia/
120085,Un click y no trabajás más,https://www.revistaanfibia.com/un-click-y-no-trabajas-mas/
120179,Game over o la política del sinceramiento,https://www.revistaanfibia.com/game-over-la-politica-del-sinceramiento/
120252,¿Dónde están las gordas?,https://www.revistaanfibia.com/donde-estan-las-gordas/
120324,El deseo y la ciénaga,https://www.revistaanfibia.com/el-deseo-y-la-cienaga/
120351,¿Con mucho esfuerzo lo consigo?,https://www.revistaanfibia.com/mucho-esfuerzo-lo-consigo/
120404,“¿Qué capacidad de consentir tenías?”,https://www.revistaanfibia.com/capacidad-consentir-tenias/
120660,"Orden, escucha y gobernanza",https://www.revistaanfibia.com/orden-escucha-gobernanza/
120732,Todes emprendedores,https://www.revistaanfibia.com/todes-emprendedores/
120915,No era un niño más,https://www.revistaanfibia.com/no-nino-mas/
121082,¿Qué vamos a hacer cuando recuperemos las Malvinas?,https://www.revistaanfibia.com/que-vamos-a-hacer-cuando-recuperemos-las-malvinas/
121188,Las dos aplicaciones que transforman ciudades,https://www.revistaanfibia.com/las-dos-aplicaciones-que-transforman-ciudades/
121234,¿Por qué no estalla?,https://www.revistaanfibia.com/por-que-no-estalla/
121347,El deseo de revancha social,https://www.revistaanfibia.com/el-deseo-de-revancha-social/
121400,¿Felices de qué?,https://www.revistaanfibia.com/felices-de-que/
121553,Cambiemos y el sacrificio del futuro,https://www.revistaanfibia.com/cambiemos-sacrificio-del-futuro/
121617,“¿Quién soy yo para juzgar?”,https://www.revistaanfibia.com/quien-soy-yo-para-juzgar/
121708,La arqueóloga de la historia feminista,https://www.revistaanfibia.com/la-arqueologa-de-la-historia-feminista/
121863,El barón de la carne,https://www.revistaanfibia.com/el-baron-de-la-carne/
122096,Mi voz estrangulada,https://www.revistaanfibia.com/mi-voz-estrangulada/
122151,El amor en la cama de un hotel,https://www.revistaanfibia.com/amor-la-cama-hotel/
122327,Panóptico a cielo abierto,https://www.revistaanfibia.com/panoptico-cielo-abierto/
122373,Los colores de la ciudadanía,https://www.revistaanfibia.com/los-colores-la-ciudadania/
122437,Una noche en los zapatos del rey,https://www.revistaanfibia.com/una-noche-los-zapatos-del-rey/
122481,"No sos vos, es el mercado del deseo",https://www.revistaanfibia.com/no-sos-vos-mercado-del-deseo/
122530,Las virtudes de la desobediencia,https://www.revistaanfibia.com/virtudes-de-la-desobediencia/
122613,Las batallas maricas,https://www.revistaanfibia.com/las-batallas-maricas/
122736,Seis mil millones en la caja de un camión,https://www.revistaanfibia.com/seis-mil-millones-la-caja-camion/
122792,Amor blindado,https://www.revistaanfibia.com/amor-blindado/
122895,¿Los derechos humanos importan en las decisiones económicas?,https://www.revistaanfibia.com/los-derechos-humanos-importan-las-decisiones-economicas/
122913,Los algoritmos no están deconstruidos,https://www.revistaanfibia.com/los-algoritmos-no-estan-deconstruidos/
122948,Siento ganas de sacarte del silencio,https://www.revistaanfibia.com/siento-ganas-de-sacarte-del-silencio/
122889,"Soja, cumbia y periodismo",https://www.revistaanfibia.com/soja-cumbia-periodismo/
123105,El fantasma de Instagram recorre América,https://www.revistaanfibia.com/fantasma-instagram-recorre-america/
123161,"Bienvenido, Doctor, al verdadero subsuelo de la patria",https://www.revistaanfibia.com/bienvenido-doctor-al-verdadero-subsuelo-de-la-patria/
123224,“Tengo un problema: cada día soy más peronista”,https://www.revistaanfibia.com/problema-dia-mas-peronista/
123272,Elige tu propia Evita,https://www.revistaanfibia.com/elige-tu-propia-evita/
123281,El modelo voraz de una empresa unicornio,https://www.revistaanfibia.com/el-modelo-voraz-de-una-empresa-unicornio/
123331,La dama del populismo,https://www.revistaanfibia.com/la-dama-del-populismo/
123492,"Mi hijo gobernador, mi sobrina diputada, mi tío intendente",https://www.revistaanfibia.com/hijo-gobernador-sobrina-diputada-tio-intendente/
123494,Plataformas: una serie documental,https://www.revistaanfibia.com/plataformas-una-serie-documental/
123540,¿Qué dijeron lxs senadorxs? Copia,https://www.revistaanfibia.com/que-dijeron-lxs-senadorxs-copy-2/
123536,Siempre serás un deportado,https://www.revistaanfibia.com/siempre-seras-un-deportado/
123559,Topacio Fresh: la Venus de las mil pieles,https://www.revistaanfibia.com/topacio-fresh-la-venus-las-mil-pieles/
123660,"Cordobesismo III, el peronismo contraataca",https://www.revistaanfibia.com/cordobesismo-iii-el-peronismo-contraataca/
123740,Se viene el invierno,https://www.revistaanfibia.com/se-viene-el-invierno/
123818,Arremangarse,https://www.revistaanfibia.com/arremangarse/
124005,La economía después de la grieta,https://www.revistaanfibia.com/la-economia-despues-la-grieta/
124164,Romper el alambrado,https://www.revistaanfibia.com/romper-el-alambrado/
124376,"Ni netbooks, ni asado, ni nada",https://www.revistaanfibia.com/ni-netbooks-ni-asado-ni-nada/
124394,La épica de la unidad,https://www.revistaanfibia.com/la-epica-la-unidad/
124508,Cortá con tanta dulzura,https://www.revistaanfibia.com/corta-con-tanta-dulzura-3/
124737,La política por otros medios,https://www.revistaanfibia.com/politica-por-otros-medios/
124797,Sin aborto legal no hay parto respetado,https://www.revistaanfibia.com/sin-aborto-legal-no-hay-parto-respetado/
124989,Pedofilia de alta complejidad,https://www.revistaanfibia.com/pedofilia-alta-complejidad/
125066,Alternativa Showmatch,https://www.revistaanfibia.com/alternativa-showmatch/
125086,Llenar los pueblos de policías,https://www.revistaanfibia.com/llenar-los-pueblos-de-policias/
125260,Por un feminismo del 99 por ciento,https://www.revistaanfibia.com/por-un-feminismo-del-99-por-ciento/
125085,El cisne negro de la democracia,https://www.revistaanfibia.com/cisne-negro-la-democracia/
125356,Exterminar a todos los brutos,https://www.revistaanfibia.com/exterminar-a-los-brutos/
125454,Ritual algorítmico,https://www.revistaanfibia.com/ritual-algoritmico-big-data/
125508,Las memorias de derecha,https://www.revistaanfibia.com/las-memorias-de-derecha/
125643,Otro fútbol es posible,https://www.revistaanfibia.com/otro-futbol-es-posible/
125697,Tengo una misión con Dios y el barrio,https://www.revistaanfibia.com/tengo-una-mision-con-dios-y-el-barrio/
125741,"Salvar la República, matar al algoritmo",https://www.revistaanfibia.com/salvar-la-republica-matar-al-algoritmo/
125751,"El mismo amor, la nueva Cristina",https://www.revistaanfibia.com/amor-la-nueva-cristina/
125853,Callen esos bombos,https://www.revistaanfibia.com/pichetto-callen-esos-bombos/
125895,Tres señores cautos,https://www.revistaanfibia.com/tres-senores-cautos/
54111,Un crimen de odio en la ciudad del poder,https://www.revistaanfibia.com/crimen-odio-la-ciudad-del-poder/
125990,La red amorosa y harta que jaqueó a la justicia patriarcal,https://www.revistaanfibia.com/la-red-amorosa-harta-jaqueo-la-justicia-patriarcal/
126007,Las bases del freelanzariado,https://www.revistaanfibia.com/las-bases-del-freelanzariado/
126052,¿Bueno para comer o bueno para pensar?,https://www.revistaanfibia.com/bueno-comer-bueno-pensar/
126201,Antiderechos en la provincia del aborto,https://www.revistaanfibia.com/antiderechos-la-provincia-del-aborto/
126238,¿Cuántos dólares necesitará el próximo gobierno?,https://www.revistaanfibia.com/cuantos-dolares-necesitara-proximo-gobierno/
126235,La inteligencia artificial como ansiolítico,https://www.revistaanfibia.com/la-inteligencia-artificial-ansiolitico/
126350,¿Cuáles son los nuevos odios sociales?,https://www.revistaanfibia.com/cuales-son-los-nuevos-odios-sociales/
126403,Los aportes que me faltan los tiene el patriarcado,https://www.revistaanfibia.com/los-aportes-me-faltan-los-patriarcado/
126738,Argentina siempre fue afro,https://www.revistaanfibia.com/argentina-siempre-fue-afro/
125798,Contigo me voy mi santo,https://www.revistaanfibia.com/contigo-me-voy-mi-santo/
15792,Llanto de perlas y cicatrices,https://www.revistaanfibia.com/llanto-de-perlas-y-cicatrices/
15815,La palabra como herramienta subversiva,https://www.revistaanfibia.com/la-palabra-como-herramienta-subversiva/
126817,We Work: la fiesta del trabajo,https://www.revistaanfibia.com/we-work-la-fiesta-del-trabajo/
126903,Dar el alma a los buitres,https://www.revistaanfibia.com/dar-el-alma-a-los-buitres/
126935,"En la calle y con ""certificado de pobreza""",https://www.revistaanfibia.com/la-calle-certificado-pobreza-2/
127275,"""La calle es una mierda también cuando no hace frío""",https://www.revistaanfibia.com/la-calle-una-mierda-tambien-cuando-no-frio/
126869,Cumbia sorora,https://www.revistaanfibia.com/cumbia-sorora/
127345,"Dejame tus datos, después te llamamos",https://www.revistaanfibia.com/dejame-tus-datos-despues-te-llamamos/
127432,Terraplanismo en el aula,https://www.revistaanfibia.com/terraplanismo-en-el-aula/
127514,La memoria anual de lo que supimos soportar,https://www.revistaanfibia.com/la-memoria-anual-lo-que-supimos-soportar/
127570,La política donde más importa,https://www.revistaanfibia.com/la-politica-donde-mas-importa/
127577,Leandro Erlich: La suspensión voluntaria de la incredulidad,https://www.revistaanfibia.com/la-suspension-voluntaria-la-incredulidad/
127473,La piel morena del gaucho subalterno,https://www.revistaanfibia.com/la-piel-morena-del-gaucho-subalterno/
127711,El reguetón al frente de la revolución,https://www.revistaanfibia.com/regueton-frente-la-revolucion/
127676,¿La izquierda encontró su techo?,https://www.revistaanfibia.com/la-izquierda-encontro-techo/
127787,Dormir como un bebé,https://www.revistaanfibia.com/dormir-como-un-bebe/
127776,Somos las nietas de todas las brujas que nunca pudieron quemar,https://www.revistaanfibia.com/somos-las-nietas-todas-las-brujas-nunca-pudieron-quemar/
127679,¿Qué es el tokenismo cisexista?,https://www.revistaanfibia.com/que-es-tokenismo-cisexista/
128014,La argentina podcastera,https://www.revistaanfibia.com/la-argentina-podcastera/
128069,"Especismo, racismo, boludismo",https://www.revistaanfibia.com/especismo-racismo-boludismo/
128104,Los conflictos que la literatura no ama,https://www.revistaanfibia.com/los-conflictos-que-la-literatura-no-ama/
128115,"Nuevas izquierdas, viejas fórmulas",https://www.revistaanfibia.com/nuevas-izquierdas-viejas-formulas/
128192,Micropoder y vanidades en la Corte Suprema,https://www.revistaanfibia.com/micropoder-y-vanidades-en-la-corte-suprema/
128263,Ampliación del campo de batalla,https://www.revistaanfibia.com/lorena-vega-ampliacion-del-campo-batalla/
128293,El gaming no es jugar a la play hasta la madrugada,https://www.revistaanfibia.com/gaming-no-jugar-la-play-la-madrugada/
128322,Aunque me cueste el corazón,https://www.revistaanfibia.com/aunque-me-cueste-corazon/
128345,Un ángel para tu soledad,https://www.revistaanfibia.com/un-angel-para-tu-soledad/
128369,¿Qué está en juego en la Ciudad?,https://www.revistaanfibia.com/esta-juego-la-ciudad/
128403,De la voracidad al delito,https://www.revistaanfibia.com/de-la-voracidad-al-delito/
128523,"Una noche feliz, setenta días complicados",https://www.revistaanfibia.com/una-noche-feliz-setenta-dias-complicados/
128543,"Psicodólar, corazón y bolsillo",https://www.revistaanfibia.com/psicodolar-corazon-bolsillo/
128606,Democracia: el hecho bendito del país intimidado,https://www.revistaanfibia.com/democracia-el-hecho-bendito/
128672,El tercer justicialismo,https://www.revistaanfibia.com/el-tercer-justicialismo/
128619,La batalla de los imaginarios,https://www.revistaanfibia.com/la-batalla-los-imaginarios/
128944,Autopsia de la nueva política,https://www.revistaanfibia.com/autopsia-de-la-nueva-politica/
128986,Amazonas: el presente arde,https://www.revistaanfibia.com/amazonas-presente-arde/
129030,Clase media: resistiendo con aguante,https://www.revistaanfibia.com/resistiendo-con-aguante/
130139,¿Es posible desengrietar?,https://www.revistaanfibia.com/es-posible-desengrietar/
131423,Prender las máquinas (otra vez),https://www.revistaanfibia.com/prender-las-maquinas-otra-vez/
134356,La peor pedagogía posible: adornar la nada,https://www.revistaanfibia.com/la-peor-pedagogia-posible-adornar-la-nada/
135955,Cortísimo plazo,https://www.revistaanfibia.com/cortisimo-plazo/
137555,¿Qué va a quedar cuando se apague el fuego?,https://www.revistaanfibia.com/va-quedar-cuando-se-apague-fuego/
139257,Esa manía de salir corriendo al banco,https://www.revistaanfibia.com/esa-mania-salir-corriendo-al-banco/
139300,Esta (no) es otra nota sobre Chernóbil,https://www.revistaanfibia.com/esta-no-es-otra-nota-sobre-chernobil/
139365,#SiVosQuerés: focus groupie,https://www.revistaanfibia.com/si-vos-queres-focus-groupie/
139464,El futuro pasado de rosca,https://www.revistaanfibia.com/futuro-pasado-rosca/
139524,La unidad básica de Twitter,https://www.revistaanfibia.com/la-unidad-basica-de-twitter/
139572,La crisis no estalla: implosiona,https://www.revistaanfibia.com/la-crisis-no-estalla-implosiona/
139639,La soledad de las mujeres indóciles,https://www.revistaanfibia.com/la-soledad-las-mujeres-indociles/
139733,¿Estamos viendo arder el mundo?,https://www.revistaanfibia.com/estamos-viendo-arder-mundo/
139785,Maradona es nuestra confusión,https://www.revistaanfibia.com/maradona-es-nuestra-confusion/
139813,Por qué (casi) nadie la vio venir,https://www.revistaanfibia.com/por-que-casi-nadie-la-vio-venir/
139835,"Piqueteras, carajo",https://www.revistaanfibia.com/piqueteras-carajo/
139874,El aula está demasiado vacía,https://www.revistaanfibia.com/aula-esta-demasiado-vacia/
139583,Una jedi en la cocina,https://www.revistaanfibia.com/narda-lepes-una-jedi-la-cocina/
139996,"Carrió, la narradora del posmacrismo",https://www.revistaanfibia.com/carrio-la-narradora-del-posmacrismo/
140036,Pequeña Victoria: una nueva ética de los afectos,https://www.revistaanfibia.com/pequena-victoria-una-nueva-etica-de-los-afectos/
140079,Una temporada en el Estado,https://www.revistaanfibia.com/ong-una-temporada-estado/
140185,¿Qué puede hacer Argentina frente al Cambio Climático?,https://www.revistaanfibia.com/puede-argentina-frente-al-cambio-climatico/
140290,La Dictadura argentina contada por los documentos de Estados Unidos,https://www.revistaanfibia.com/la-dictadura-argentina-contada-por-los-documentos-de-estados-unidos/
140350,Los villanos según Netflix,https://www.revistaanfibia.com/los-villanos-segun-netflix/
140420,"Ipa, emojis y gluten free",https://www.revistaanfibia.com/ipa-emojis-gluten-free/
140500,Las reinas del hogar,https://www.revistaanfibia.com/las-reinas-del-hogar/
140551,"Loca, loca, loca",https://www.revistaanfibia.com/loca-loca-loca/
140634,No hay política sin rosca,https://www.revistaanfibia.com/la-rosca-politica/
140692,Corrupción circunstancial y corrupción sistémica: ¿Cuál impide el desarrollo?,https://www.revistaanfibia.com/corrupcion-circunstancial-corrupcion-sistemica-impide-desarrollo/
140703,Protesta indígena: Para negociar no basta con tener razón,https://www.revistaanfibia.com/protesta-indigena-para-negociar-no-basta-con-tener-razon/
140812,Un debate presidencial no es una góndola de candidatos,https://www.revistaanfibia.com/un-debate-presidencial-gondola-de-candidatos/
140879,"El feminismo, ese lugar incómodo",https://www.revistaanfibia.com/feminismo-ese-lugar-incomodo/
140951,Lo que Cambiemos nos legó,https://www.revistaanfibia.com/lo-que-cambiemos-nos-lego/
141095,Chile: El saqueo comenzó hace ya tiempo,https://www.revistaanfibia.com/chile-saqueo-comenzo-hace-ya-tiempo/
141109,"No es una guerra, es el fin de un ciclo",https://www.revistaanfibia.com/chile-no-es-guerra-es-el-fin-de-ciclo/
141121,Operación Triunfo,https://www.revistaanfibia.com/operacion-triunfo/
141198,La dignidad de los que vienen,https://www.revistaanfibia.com/la-dignidad-de-los-que-vienen/
141258,El neoliberalismo en su encrucijada,https://www.revistaanfibia.com/el-neoliberalismo-en-su-encrucijada/
141336,¿Por qué hay que invertir en ciencias (también) sociales?,https://www.revistaanfibia.com/invertir-en-ciencias-sociales/
142617,Abortar en América Latina y el Caribe: acceso y obstáculos,https://www.revistaanfibia.com/abortar-en-america-latina-y-el-caribe-acceso-y-obstaculos/
141345,Chile: la revolución de los cabros,https://www.revistaanfibia.com/chile-la-revolucion-de-los-cabros/
141377,Nuestro lugar en la rosca,https://www.revistaanfibia.com/nuestro-lugar-en-la-rosca/
141409,Evo y el dilema de las clases medias,https://www.revistaanfibia.com/evo-morales-y-el-dilema-de-las-clases-medias/
141441,Mejores,https://www.revistaanfibia.com/mejores/
141501,¿Hasta cuándo habitaremos este limbo?,https://www.revistaanfibia.com/cuando-habitaremos-este-limbo/
141535,El desafío de gobernar una sociedad rota,https://www.revistaanfibia.com/el-desafio-de-gobernar-una-sociedad-rota/
141569,La escuela no enseña a odiar,https://www.revistaanfibia.com/la-escuela-no-ensena-odiar/
141607,El primer peronista porteño,https://www.revistaanfibia.com/primer-peronista-porteno/
141710,No será magia,https://www.revistaanfibia.com/no-sera-magia/
141738,No podemos retroceder 30 años,https://www.revistaanfibia.com/no-podemos-retroceder-30-anos/
141771,"Enseñar historia, construir la esperanza",https://www.revistaanfibia.com/ensenar-historia-construir-la-esperanza/
141780,Fantasías animadas de ayer y hoy,https://www.revistaanfibia.com/fantasias-bugs-bunny/
141847,"El neofascismo, fase dura del neoliberalismo",https://www.revistaanfibia.com/lula-bolsonaro-neofascismo/
141938,¿Cómo derrocaron a Evo?,https://www.revistaanfibia.com/como-derrocaron-a-evo/
142016,¿Quién solucionará el problema de la vivienda digna?,https://www.revistaanfibia.com/quien-problema-la-vivienda-digna/
142107,¿Qué hacer frente a la derecha radical?,https://www.revistaanfibia.com/que-hacer-derecha-radical/
142183,Pensar Bolivia con el corazón en la boca,https://www.revistaanfibia.com/pensar-bolivia-con-el-corazon-en-la-boca/
142095,Una jaula del confort con barrotes de algoritmos,https://www.revistaanfibia.com/jaula-del-confort/
142226,El patio trasero a fuerza de golpes,https://www.revistaanfibia.com/golpes-de-estado-en-america-latina/
142281,FMI: el cómplice del ajuste,https://www.revistaanfibia.com/la-complicidad-del-fmi-con-el-ajuste/
142373,"Más o menos policías, ¿esa es la cuestión?",https://www.revistaanfibia.com/sabina-frederic-mas-o-menos-policias-esa-es-la-cuestion/
142418,El empate latinoamericano,https://www.revistaanfibia.com/el-empate-latinoamericano/
142584,#25N Hitos de la Justicia Feminista en Latinoamérica y el Caribe,https://www.revistaanfibia.com/25n-hitos-de-la-justicia-feminista-en-latinoamerica-y-el-caribe/
142657,Colombia dejó de tener miedo,https://www.revistaanfibia.com/colombia-dejo-de-tener-miedo/
142678,Treinta gramos de comida por día,https://www.revistaanfibia.com/treinta-gramos-comida-dia/
142724,¿Cómo deberían ser hoy las políticas de género?,https://www.revistaanfibia.com/como-deberian-ser-hoy-las-politicas-de-genero/
142756,¿Cuál es el costo de la dignidad?,https://www.revistaanfibia.com/cual-es-el-costo-de-la-dignidad/
142858,"¿Así estamos viviendo nosotros, loco?",https://www.revistaanfibia.com/asi-estamos-viviendo-loco/
142912,¿Qué daño les podemos hacer las travestis?,https://www.revistaanfibia.com/santiago-artemis-travestis/
142903,Prometieron emprendedores y dejaron endeudados,https://www.revistaanfibia.com/endeudados/
142944,"Hace 30 horas que no duermo, ¿atiendo a tu hijo?",https://www.revistaanfibia.com/residentes/
142988,Riquelme: la última gambeta a la usina macrista,https://www.revistaanfibia.com/riquelme-la-ultima-gambeta/
143102,Por qué fallaron la economía y los economistas de Macri,https://www.revistaanfibia.com/cepo-economistas-de-macri/
143111,Una respuesta feminista para frenar la crisis,https://www.revistaanfibia.com/respuesta-feminista-crisis/
143137,Comenzar por los últimos para llegar a todes,https://www.revistaanfibia.com/alberto-fernandez-comenzar-por-los-ultimos-para-llegar-a-todes/
143165,Sobredosis de TV,https://www.revistaanfibia.com/sobredosis-de-tv/
143166,"Acá estoy de vuelta, mi amor",https://www.revistaanfibia.com/aca-estoy-vuelta-amor/
143185,La más maravillosa música,https://www.revistaanfibia.com/la-mas-maravillosa-musica/
143210,Caer en el monotributo,https://www.revistaanfibia.com/caer-en-el-monotributo/
143229,Cómo desarmar la máquina de extorsionar,https://www.revistaanfibia.com/desarmar-la-maquina-extorsionar/
143246,El Alfonsín de Alberto Fernández,https://www.revistaanfibia.com/el-alfonsin-de-alberto-fernandez/
143251,¿70 años de peronismo o 111 años de liberalismo?,https://www.revistaanfibia.com/70-anos-de-peronismo/
143287,El día que descubrís que tenés un solo cuerpo,https://www.revistaanfibia.com/dia-descubris-tenes-solo-cuerpo/
143413,"No es mafia, es cuidado",https://www.revistaanfibia.com/economia-popular-no-es-mafia/
143459,"Se fue Pato, quedan los polis y las pastis",https://www.revistaanfibia.com/patricia-bullrich-polis-pastis/
143504,Trap de conservatorio,https://www.revistaanfibia.com/ca7riel-y-paco-amoroso/
143551,Diez razones para discutir sobre retenciones en la mesa familiar,https://www.revistaanfibia.com/retenciones-en-la-mesa-familiar/
143623,¿Hay lugar para el disenso?,https://www.revistaanfibia.com/hay-lugar-para-el-disenso/
143699,"La panza llena, los nutrientes justos",https://www.revistaanfibia.com/la-panza-llena-los-nutrientes-justos/
143772,De la cerveza al gin tonic: sobrevivir a una dieta low carb,https://www.revistaanfibia.com/de-la-cerveza-al-gin-tonic-sobrevivir-a-una-dieta-low-carb/
143774,¿Comer carne es de derecha?,https://www.revistaanfibia.com/comer-carne-derecha/
143841,Diez días en silencio,https://www.revistaanfibia.com/diez-dias-en-silencio/
143912,"Perfomance: menos obras, más prácticas",https://www.revistaanfibia.com/perfomance-menos-obras-mas-practicas/
143300,El artista que va con su serpiente a los museos,https://www.revistaanfibia.com/artista-va-serpiente-los-museos/
144033,El padre de los Youtubers,https://www.revistaanfibia.com/padre-los-youtubers/
144067,Lo único que repara es la justicia,https://www.revistaanfibia.com/lo-unico-repara-la-justicia/
144107,Dioses de vidas ajenas,https://www.revistaanfibia.com/dioses-vidas-ajenas/
144117,Australia: todo lo que el dinero no puede controlar,https://www.revistaanfibia.com/australia-lo-dinero-no-puede-controlar/
144149,Irán es un país real,https://www.revistaanfibia.com/iran-es-un-pais-real/
144214,¿Alguna vez encontraré a mi mamá?,https://www.revistaanfibia.com/alguna-vez-encontrare-a-mi-mama/
144425,"Travas, putos y tortas en el reino de la soja",https://www.revistaanfibia.com/travas-putos-y-tortas-en-el-reino-de-la-soja/
144393,Conflictos y desafíos en el feminismo,https://www.revistaanfibia.com/conflictos-y-desafios-en-el-feminismo/
144474,Nisman: la trampa de las dos campanas,https://www.revistaanfibia.com/nisman-la-trampa-de-las-dos-campanas/
144672,No son manada,https://www.revistaanfibia.com/no-son-manada/
144724,"Cuidadora no se nace, se hace",https://www.revistaanfibia.com/cuidadora-no-se-nace-se/
144771,La masacre imperdonable de la Rusia de Putin,https://www.revistaanfibia.com/la-masacre-de-la-rusia-putin/
144845,"Descansar, un lujo para pocos",https://www.revistaanfibia.com/descansar-un-lujo-para-pocos/
144878,La memoria del Holocausto en la política argentina,https://www.revistaanfibia.com/la-memoria-del-holocausto-en-la-politica-argentina/
145090,¿De qué trabaja tu mamá?,https://www.revistaanfibia.com/de-que-trabaja-tu-mama/
145098,Sobrevivir en la frontera,https://www.revistaanfibia.com/sobrevivir-en-la-frontera/
145110,Las huellas de un hospital sensible,https://www.revistaanfibia.com/hospital-posadas/
144855,Nunca volví a usar el vestidito de flores,https://www.revistaanfibia.com/nunca-volvi-usar-vestidito-flores/
145140,Yo pago lo mío (no te necesito),https://www.revistaanfibia.com/yo-pago-lo-mio-no-te-necesito/
145164,La polarización después de la grieta,https://www.revistaanfibia.com/la-polarizacion-despues-la-grieta/
145210,Brumadinho: ¿qué hay después del lodo?,https://www.revistaanfibia.com/brumadinho-que-hay-despues-del-lodo/
145228,Gordo amor,https://www.revistaanfibia.com/gordo-amor-marginalidad-politica-conurbano/
145234,Interrupción voluntaria de la deuda,https://www.revistaanfibia.com/interrupcion-voluntaria-de-la-deuda/
145252,¿Quiénes están detrás de los papelitos?,https://www.revistaanfibia.com/quienes-estan-detras-de-los-papelitos/
145263,Pueblos originarios: la deuda pendiente,https://www.revistaanfibia.com/pueblos-indigenas-la-deuda-pendiente/
145278,Once desafíos para el futuro del Conectar Igualdad,https://www.revistaanfibia.com/once-desafios-para-el-futuro-del-conectar-igualdad/
145298,Alarmas reales y alarmas mediáticas,https://www.revistaanfibia.com/alarmas-reales-alarmas-mediaticas/
144869,"Lejano sur, lejano oeste",https://www.revistaanfibia.com/lejano-sur-lejano-oeste/
145353,La asombrosa excursión de Zamba al feminismo,https://www.revistaanfibia.com/la-asombrosa-excursion-de-zamba-al-feminismo/
145373,La ley de la calle,https://www.revistaanfibia.com/la-ley-la-calle/
145361,La carne más barata,https://www.revistaanfibia.com/la-carne-mas-barata/
145411,Periodistas contra el periodismo,https://www.revistaanfibia.com/periodistas-contra-el-periodismo/
145456,La odisea de pensar juntes en un aula,https://www.revistaanfibia.com/la-odisea-pensar-juntes-aula/
145481,Las nuevas pandemias del planeta devastado,https://www.revistaanfibia.com/las-nuevas-pandemias-del-planeta-devastado/
145502,Sinfonía para un nuevo equilibrio,https://www.revistaanfibia.com/sinfonia-para-un-nuevo-equilibrio/
145522,El default en casa,https://www.revistaanfibia.com/el-default-en-casa/
145530,No pasar por esta vida como un fantasma,https://www.revistaanfibia.com/no-pasar-por-esta-vida-como-un-fantasma/
145547,Olor a diablo,https://www.revistaanfibia.com/olor-a-diablo/
145561,Cuadernos de existencia lesbiana,https://www.revistaanfibia.com/cuadernos-existencia-lesbiana/
145598,#8M ¿Por qué paramos en América Latina?,https://www.revistaanfibia.com/8m-por-que-paramos-en-america-latina/
145610,El paro y la furia desde el acorazado travesti trans,https://www.revistaanfibia.com/el-paro-y-la-furia-desde-el-acorazado-travesti-trans/
145634,"Ni feminazis ni femilasies: cultura, política y feminismo",https://www.revistaanfibia.com/feminazis-femilasies-cultura-politica-feminismo/
145644,El virus fue a la escuela,https://www.revistaanfibia.com/virus-fue-la-escuela/
145648,Rosario: 14 días para aislar el virus,https://www.revistaanfibia.com/rosario-14-dias-aislar-virus/
145670,Coronavirus: la OMS lo anunció en septiembre,https://www.revistaanfibia.com/coronavirus-la-oms-lo-anuncio-septiembre/
145716,La intemperie puertas adentro,https://www.revistaanfibia.com/la-intemperie-puertas-adentro/
145718,"Vejez, humor y aguante",https://www.revistaanfibia.com/vejez-humor-aguante/
145741,Coronavirus mata petróleo,https://www.revistaanfibia.com/coronavirus-mata-petroleo/
145761,La última cena antes del home office,https://www.revistaanfibia.com/la-ultima-cena-del-home-office/
145785,"Voceros del virus: pseudoprogres, tibios y extremistas",https://www.revistaanfibia.com/voceros-del-virus-pseudoprogres-tibios-extremistas/
145796,"Controlar la pandemia, gobernar el miedo",https://www.revistaanfibia.com/controlar-la-pandemia-gobernar-miedo/
145812,Atrapada en el país de Trump,https://www.revistaanfibia.com/atrapada-pais-tump/
145842,No son vacaciones,https://www.revistaanfibia.com/no-son-vacaciones-pandemia/
145868,"Justificar, silenciar, encubrir",https://www.revistaanfibia.com/justificar-silenciar-encubrir/
145859,El oráculo de las palabras,https://www.revistaanfibia.com/el-oraculo-de-las-palabras/
145891,El virus que corona a Alberto,https://www.revistaanfibia.com/virus-corona-alberto/
145918,Bolsonavirus,https://www.revistaanfibia.com/bolsonavirus/
145954,La cuarentena de lxs sin techo,https://www.revistaanfibia.com/la-cuarentena-lxs-sin-techo/
145932,La globalización se declara en quiebra,https://www.revistaanfibia.com/la-globalizacion-se-declara-en-quiebra/
145974,Nunca estuvimos más cerca,https://www.revistaanfibia.com/nunca-estuvimos-mas-cerca/
146004,Con el aplauso no alcanza,https://www.revistaanfibia.com/aplauso-no-alcanza/
146014,Parar la olla durante la pandemia,https://www.revistaanfibia.com/parar-la-olla-durante-la-pandemia/
146036,Los nuevos hámsters de las plataformas,https://www.revistaanfibia.com/hamsters-plataformas-teletrabajo/
146058,El virus nos está desnudando,https://www.revistaanfibia.com/virus-nos-esta-desnudando/
146072,La sobremesa con un papá nerd,https://www.revistaanfibia.com/la-sobremesa-papa-nerd/
146098,La ilusión de vivir como siempre,https://www.revistaanfibia.com/la-ilusion-vivir-siempre/
145672,Diario del aislamiento en Italia,https://www.revistaanfibia.com/coronavirus-diario-aislamiento-italia/
146112,Escapados sin salida,https://www.revistaanfibia.com/escapados-sin-salida/
146117,El dragón que dejó de ser un mito,https://www.revistaanfibia.com/dragon-dejo-mito/
146132,"""Dios espera demasiado de mí""",https://www.revistaanfibia.com/dios-espera-demasiado/
146148,"Deuda, vivienda y trabajo: una agenda feminista para la pospandemia",https://www.revistaanfibia.com/deuda-vivienda-trabajo-una-agenda-feminista-la-pospandemia/
146165,Reinventar el teatro,https://www.revistaanfibia.com/reinventar-el-teatro/
146192,Los falsos profetas de la pospandemia,https://www.revistaanfibia.com/los-falsos-profetas-la-pospandemia/
145747,Muy en una: Edición Corona Virus,https://www.revistaanfibia.com/muy-en-una-edicion-corona-virus/
146224,La economía en cinco postales,https://www.revistaanfibia.com/la-economia-en-cinco-postales/
146245,Te prefiero fuera de foco,https://www.revistaanfibia.com/te-prefiero-fuera-de-foco-intimidad/
146161,Vigilar y castigar (en democracia),https://www.revistaanfibia.com/vigilar-y-castigar-en-democracia/
146278,China: cómo se ordena la población más grande del mundo,https://www.revistaanfibia.com/china-se-ordena-la-poblacion-mas-grande-del-mundo/
146300,No tener olfato,https://www.revistaanfibia.com/no-tener-olfato/
146453,"Una salida con forma de ""V""",https://www.revistaanfibia.com/una-salida-forma-v/
146508,Lógica policial o ética del cuidado,https://www.revistaanfibia.com/logica-policial-etica-del-cuidado/
146539,Extraño a gente que no conozco,https://www.revistaanfibia.com/fiestas-virtuales-extrano-a-gente-que-no-conozco/
146585,¿Qué hacer con los varones que agreden?,https://www.revistaanfibia.com/los-varones-agreden/
146595,Una lucha silenciosa y silenciada,https://www.revistaanfibia.com/una-lucha-silenciosa-silenciada/
146641,Nuestro Green New Deal,https://www.revistaanfibia.com/green-new-deal/
146621,La hermandad de mi cuadra,https://www.revistaanfibia.com/la-hermandad-de-mi-cuadra/
146685,Migrantes: la cuarentena imposible,https://www.revistaanfibia.com/migrantes-la-cuarentena-imposible/
146729,Por qué no abrimos antes Google Classroom,https://www.revistaanfibia.com/no-abrimos-google-classroom/
146753,Nuggets y murciélagos: cómo cocinamos las pandemias de hoy,https://www.revistaanfibia.com/nuggets-murcielagos-cocinamos-las-pandemias-hoy/
146754,Somos más frágiles de lo que pensábamos,https://www.revistaanfibia.com/somos-mas-fragiles-lo-pensabamos/
146774,El planeta en el Titanic,https://www.revistaanfibia.com/el-planeta-en-el-titanic/
146801,La rebelión contra la evidencia,https://www.revistaanfibia.com/la-rebelion-la-evidencia/
146807,El virus no se detiene en la entrada del penal,https://www.revistaanfibia.com/carceles-y-covid/
146794,Nuestro futuro,https://www.revistaanfibia.com/nuestro-futuro/
146855,El daño de las pandemias,https://www.revistaanfibia.com/dano-las-pandemias/
146870,Una nueva economía moral,https://www.revistaanfibia.com/una-nueva-economia-moral/
146884,Hacerle honor a la tragedia,https://www.revistaanfibia.com/hacerle-honor-la-tragedia/
146904,Puedo decirte quién no soy,https://www.revistaanfibia.com/puedo-decirte-quien-no/
146873,Cuerpo por cuerpo,https://www.revistaanfibia.com/cuerpo-por-cuerpo/
146937,Las crónicas del mundo que viene,https://www.revistaanfibia.com/las-cronicas-del-mundo-viene/
146945,Imposible sobrevivir a una pandemia sin agua,https://www.revistaanfibia.com/imposible-sobrevivir-a-una-pandemia-sin-agua/
146989,Sabía que ibas a reaccionar así,https://www.revistaanfibia.com/sabia-ibas-reaccionar-asi/
146982,Navegar contra el viento en los tiempos del virus,https://www.revistaanfibia.com/navegar-contra-el-viento-en-los-tiempos-del-virus/
147021,El desorden de los sentidos,https://www.revistaanfibia.com/desorden-los-sentidos/
147058,¿Cuántos puentes hacen falta para frenar el virus?,https://www.revistaanfibia.com/cuantos-puentes-hacen-falta-frenar-virus/
147099,Una respuesta (religiosa) a la fragilidad del mundo,https://www.revistaanfibia.com/una-respuesta-religiosa/
147116,Instrucciones para desactivar la función muerte,https://www.revistaanfibia.com/instrucciones-desactivar-la-funcion-muerte/
147043,Un senegalés en Bahía Blanca,https://www.revistaanfibia.com/senegales-en-bahia-blanca/
147139,Cómo no dejar escapar una vida entera,https://www.revistaanfibia.com/libertad-incondicional-en-las-fronteras-del-capitalismo/
147181,Planificar la salud para curar la desigualdad,https://www.revistaanfibia.com/planificar-la-salud-curar-la-desigualdad/
147196,No podemos respirar,https://www.revistaanfibia.com/no-podemos-respirar/
147209,Así es el racismo criollo,https://www.revistaanfibia.com/asi-es-el-racismo-criollo/
147221,Cómo es la opresión racial,https://www.revistaanfibia.com/como-es-la-opresion-racial/
147242,La rebelión empieza en el Río Misisipi,https://www.revistaanfibia.com/la-rebelion-empieza-rio-misisipi/
147252,La nueva normalidad de la participación ciudadana,https://www.revistaanfibia.com/la-nueva-normalidad-de-la-participacion-ciudadana/
147267,Nos tienen en la mira,https://www.revistaanfibia.com/nos-tienen-en-la-mira/
147239,La mala muerte,https://www.revistaanfibia.com/la-mala-muerte/
147305,El hashtag que no polariza,https://www.revistaanfibia.com/hashtag-no-polariza/
147324,Las 5 vidas de las políticas sociales,https://www.revistaanfibia.com/las-5-vidas-las-politicas-sociales/
147351,Las oportunidades y alarmas que enciende el caso Vicentín,https://www.revistaanfibia.com/lasoportunidades-y-alarmas-enciende-caso-vicentin/
147363,Testigos de la caída,https://www.revistaanfibia.com/testigos-la-caida/
147325,Me olvido de todo menos de mi cuerpo,https://www.revistaanfibia.com/me-olvido-de-todo-menos-de-mi-cuerpo/
147429,Disputar el modelo de producción,https://www.revistaanfibia.com/disputar-el-modelo-de-produccion/
147447,Ensuciar al enemigo,https://www.revistaanfibia.com/ensuciar-al-enemigo/
147461,¿Qué aprendemos los varones padres?,https://www.revistaanfibia.com/aprendemos-los-varones-padres/
147492,Cien días que sacudieron al Estado,https://www.revistaanfibia.com/cien-dias-que-sacudieron-al-estado/
147516,Imaginarios para salir del desastre,https://www.revistaanfibia.com/imaginarios-salir-del-desastre/
147541,El problema no es el escote,https://www.revistaanfibia.com/problema-no-escote/
147554,¿A qué le tenemos miedo?,https://www.revistaanfibia.com/le-tenemos-miedo/
147601,Los desmontes sin cuarentena,https://www.revistaanfibia.com/los-desmontes-sin-cuarentena/
147633,¿Una globalización distinta cada mes?,https://www.revistaanfibia.com/una-globalizacion-distinta-cada-mes/
147703,¿Qué es una vida digna?,https://www.revistaanfibia.com/vida-digna/
147767,"Después de la pandemia, el tsunami tecnológico",https://www.revistaanfibia.com/despues-la-pandemia-tsunami-tecnologico/
147812,"Hornear, tuitear y castigar",https://www.revistaanfibia.com/hornear-tuitear-castigar/
147820,Un diccionario para hablar de “naturaleza”,https://www.revistaanfibia.com/diccionario-hablar-naturaleza/
147846,La batalla por la propiedad en clave feminista,https://www.revistaanfibia.com/la-batalla-la-propiedad-clave-feminista/
147851,Un lugar para los besos que no damos,https://www.revistaanfibia.com/un-lugar-pars-los-besos-no-damos/
147862,Son días de silencio inusual en la favela,https://www.revistaanfibia.com/son-dias-de-silencio-inusual-en-la-favela/
147899,Pensar un mundo mejor o explotar al humano como nunca antes,https://www.revistaanfibia.com/dilema-la-filosofia-tech-pensar-mundo-mejor-explotar-al-humano-nunca/
147954,Agustín Alezzo: el hombre amurallado,https://www.revistaanfibia.com/agustin-alezzo-hombre-amurallado/
147989,El patch-work legal sobre la prostitución,https://www.revistaanfibia.com/el-patch-work-legal-sobre-la-prostitucion/
148023,¿De qué hablamos cuando hablamos de pobreza?,https://www.revistaanfibia.com/hablamos-cuando-hablamos-pobreza/
148076,Un nuevo mapa global: la única salida de esta crisis,https://www.revistaanfibia.com/un-nuevo-mapa-global/
148086,Volver al aula para reconstruir una sociedad,https://www.revistaanfibia.com/volver-al-aula-para-reconstruir-una-sociedad/
148132,El último baile,https://www.revistaanfibia.com/el-ultimo-baile/
148175,Cuando las derechas toman las calles,https://www.revistaanfibia.com/derechas-calles-infectadura/
148193,Los feminismos están repensando el mundo,https://www.revistaanfibia.com/los-feminismos-estan-repensando-mundo/
148214,El único cable hacia el mundo,https://www.revistaanfibia.com/unico-cable-hacia-mundo/
148315,Un concurso fantástico,https://www.revistaanfibia.com/un-concurso-fantastico/
148346,"Biblias, botas y votos",https://www.revistaanfibia.com/biblias-botas-votos-anez/
148367,Tus zonas erróneas,https://www.revistaanfibia.com/tus-zonas-erroneas/
148412,Intensidades peligrosas,https://www.revistaanfibia.com/intensidades-peligrosas/
148432,"Deuda externa, no eterna",https://www.revistaanfibia.com/deuda-externa-no-eterna/
148446,Cómo adaptar un sistema científico a una pandemia,https://www.revistaanfibia.com/adaptar-sistema-cientifico-una-pandemia/
148467,La cultura independiente después del apagón,https://www.revistaanfibia.com/la-cultura-independiente-despues-del-apagon/
148481,Derecho a la desconexión,https://www.revistaanfibia.com/derecho-la-desconexion/
148485,El Punto G de mi fragilidad,https://www.revistaanfibia.com/punto-g-fragilidad/
148512,Por qué los rusos aman a Natalia Oreiro,https://www.revistaanfibia.com/los-rusos-aman-natalia-oreiro/
148539,El virus de la cancelación,https://www.revistaanfibia.com/virus-la-cancelacion/
148557,El nuevo enemigo público no es humano,https://www.revistaanfibia.com/enemigo-publico-no-es-humano/
148614,TikTok: el baile por la dominación digital global,https://www.revistaanfibia.com/tiktok-baile-la-dominacion-digital-global/
148637,Belleza para momentos disruptivos,https://www.revistaanfibia.com/belleza-momentos-disruptivos/
148671,Distintas chimeneas de un mismo fuego,https://www.revistaanfibia.com/distintas-chimeneas-mismo-fuego/
148702,Cómo desarmar la infodemia,https://www.revistaanfibia.com/desarmar-la-infodemia/
148724,El derecho penal en la mira,https://www.revistaanfibia.com/derecho-penal-en-la-mira/
148750,Consejos políticos para el sexo virtual,https://www.revistaanfibia.com/consejos-politicos-sexo-virtual/
148795,La ciencia argentina está en órbita,https://www.revistaanfibia.com/la-ciencia-argentina-esta-en-orbita/
148823,Desconfío,https://www.revistaanfibia.com/negacionismo-cientifico-desconfio/
148828,Los cuerpos de la pandemia y sus calles domesticadas,https://www.revistaanfibia.com/los-cuerpos-la-pandemia-calles-domesticadas/
148861,Internet se rompió,https://www.revistaanfibia.com/internet-se-rompio/
148902,Los cuerpos aparecen por casualidad,https://www.revistaanfibia.com/facundo-castro-cuerpos-aparecen-casualidad/
148910,¿Quién nos va a cuidar de viejes?,https://www.revistaanfibia.com/quien-nos-va-a-cuidar-de-viejes/
148922,El péndulo y el tobogán,https://www.revistaanfibia.com/el-pendulo-y-el-tobogan/
148939,Comer delante de los pobres,https://www.revistaanfibia.com/policia-bonaerense-comer-delante-de-los-pobres/
148934,Hablar de racismo hasta que ya no exista,https://www.revistaanfibia.com/hablar-de-racismo-hasta-que-ya-no-exista/
148953,Mejor que arengar es escuchar,https://www.revistaanfibia.com/policia-bonaerense-mejor-que-arengar-es-escuchar/
148965,"Armados, uniformados y movilizados",https://www.revistaanfibia.com/policia-bonaerense-armados-uniformados-y-movilizados/
149011,La guerra tibia a un click,https://www.revistaanfibia.com/la-guerra-tibia-a-un-click/
149024,Cuidados para atravesar la pandemia,https://www.revistaanfibia.com/cuidados-atravesar-la-pandemia/
149052,Narco y necro: la estética del capitalismo,https://www.revistaanfibia.com/narco-y-necro-la-estetica-del-capitalismo/
149084,Las injusticias sociales detrás del cambio climático,https://www.revistaanfibia.com/las-injusticias-sociales-detras-del-cambio-climatico/
149099,Cuevas: el problema es legal no moral,https://www.revistaanfibia.com/cuevas-problema-legal-no-moral/
149121,El nuevo prime time,https://www.revistaanfibia.com/vivos-de-instagram-el-nuevo-prime-time/
149131,El odio como lenguaje,https://www.revistaanfibia.com/el-odio-como-lenguaje/
149182,¿A dónde quieren que nos vayamos?,https://www.revistaanfibia.com/toma-guernica-a-donde-quieren-que-nos-vayamos/
149200,"Coscu, el Señor Twitch",https://www.revistaanfibia.com/coscu-el-senor-twitch/
149259,Hate news,https://www.revistaanfibia.com/hate-news/
149276,Todo lo que pasa cuando se derrite un glaciar,https://www.revistaanfibia.com/lo-pasa-cuando-se-derrite-glaciar/
149296,"Twitter, el laboratorio político",https://www.revistaanfibia.com/twitter-el-laboratorio-politico/
149326,La libertad que convive con la muerte,https://www.revistaanfibia.com/la-libertad-convive-la-muerte/
149349,¿Se puede politizar la experiencia anoréxica?,https://www.revistaanfibia.com/se-puede-politizar-la-experiencia-anorexica/
149366,Más ciencia para navegar el caos,https://www.revistaanfibia.com/mas-ciencia-navegar-caos/
149384,La responsabilidad del 1%,https://www.revistaanfibia.com/la-responsabilidad-del-1/
149421,Nuestro Chernóbil criollo,https://www.revistaanfibia.com/glifosato-nuestro-chernobil-criollo/
149420,Clase media somos (casi) todos,https://www.revistaanfibia.com/clase-media-somos-casi-todos/
149447,Incómoda Venezuela,https://www.revistaanfibia.com/incomoda-venezuela/
149460,Cómo parar el fuego,https://www.revistaanfibia.com/como-parar-el-fuego/
149485,La trampa del mapuchómetro,https://www.revistaanfibia.com/la-trampa-del-mapuchometro/
149510,El día que los chinos dejaron de comer solo arroz,https://www.revistaanfibia.com/dia-los-chinos-dejaron-comer-arroz/
149535,Argentina y la fábrica de tecnología global,https://www.revistaanfibia.com/ley-economia-conocimiento-argentina-y-la-fabrica-de-tecnologia-global/
149557,¿Cómo están les viejes?,https://www.revistaanfibia.com/estan-les-viejes/
149595,Es como la soja: está en todos lados,https://www.revistaanfibia.com/la-soja-esta-todos-lados/
149620,Del golpe a la victoria,https://www.revistaanfibia.com/del-golpe-la-victoria/
149637,¿Qué significa gobernar hoy?,https://www.revistaanfibia.com/que-significa-gobernar-hoy/
149656,Apruebo,https://www.revistaanfibia.com/plebiscito-chile-si-apruebo/
149705,Nuestros octubres,https://www.revistaanfibia.com/plebiscito-chile-nuestros-octubres/
149747,La pesada herencia,https://www.revistaanfibia.com/dolores-etchevere-la-pesada-herencia/
149436,Las habitaciones de siempre,https://www.revistaanfibia.com/las-habitaciones-siempre/
149801,Los sueños que no caben en las urnas,https://www.revistaanfibia.com/intipuca-suenos-urnas/
149782,Cómo no temblar frente al colapso,https://www.revistaanfibia.com/no-temblar-frente-al-colapso/
149844,Cualquiera puede cocinar (en TV),https://www.revistaanfibia.com/masterchef-cualquiera-puede-cocinar-en-tv/
149857,Abrazos partidos,https://www.revistaanfibia.com/abrazos-partidos/
149765,¿Si pierde Trump gana el planeta?,https://www.revistaanfibia.com/si-pierde-trump-gana-el-planeta/
149894,Crónica de un escándalo anunciado,https://www.revistaanfibia.com/cronica-escandalo-trump-biden/
149907,Heredar o diferir: los hijos díscolos de la oligarquía,https://www.revistaanfibia.com/heredar-o-diferir-los-hijos-discolos-de-la-oligarquia/
105880,Nicolás Pachelo: el apostador,https://www.revistaanfibia.com/nicolas-pachelo-el-apostador/
149946,Heredero,https://www.revistaanfibia.com/opus-dei-heredero/
149964,Bolivia y las lecciones sobre el poder,https://www.revistaanfibia.com/bolivia-las-lecciones-poder/
149983,Ni puta ni santa: ajedrecista,https://www.revistaanfibia.com/gambito-de-dama-ni-puta-ni-santa-ajedrecista/
150001,La peor vacuna es la que no se aplica,https://www.revistaanfibia.com/la-peor-vacuna-la-no-se-aplica/
150023,Tecnodiversidad contra el apocalipsis,https://www.revistaanfibia.com/tecnodiversidad-contra-el-apocalipsis/
150051,¿Goodbye normalidad?,https://www.revistaanfibia.com/goodbye-normalidad/
150062,Ninguna semilla crece sola,https://www.revistaanfibia.com/ninguna-semilla-crece-sola/
150080,La autoridad pedagógica en jaque,https://www.revistaanfibia.com/la-autoridad-pedagogica-jaque/
150089,Del antropoceno al antro obsceno,https://www.revistaanfibia.com/del-antropoceno-al-antro-obsceno/
150114,Perú: desactivar la vieja política,https://www.revistaanfibia.com/peru-desactivar-la-vieja-politica/
150161,El progresismo en el laberinto del desarrollo,https://www.revistaanfibia.com/progresismo-laberinto-del-desarrollo/
150175,Réquiem para un río imposible,https://www.revistaanfibia.com/requiem-rio-imposible/
150178,"Salí, dejame llorar",https://www.revistaanfibia.com/sali-dejame-llorar/
150193,"Toda la gracia, todas las gracias",https://www.revistaanfibia.com/toda-la-gracia-todas-las-gracias/
150214,"Género, raza y clase para llorar a Maradona",https://www.revistaanfibia.com/genero-raza-clase-llorar-maradona/
150191,"Napoli juega al lotto, pero llorando",https://www.revistaanfibia.com/siempre-de-lado-sur-de-la-vida/
150240,Por quien merece amor,https://www.revistaanfibia.com/quien-merece-amor/
150281,Enseñar es intervenir en los mundos personales,https://www.revistaanfibia.com/ensenar-intervenir-los-mundos-personales/
150317,Endeudarse hasta para pagar el alquiler,https://www.revistaanfibia.com/endeudarse-pagar-alquiler/
150346,Activismo también es pasarla bien,https://www.revistaanfibia.com/activismo-tambien-es-pasarla-bien/
150335,Cierto que afuera había sol,https://www.revistaanfibia.com/cierto-afuera-habia-sol/
2761,"A tus pies, Pachorra",https://www.revistaanfibia.com/a-tus-pies-pachorra/
150386,La intervención no es divina,https://www.revistaanfibia.com/la-intervencion-no-divina/
150412,La rosca que garantiza nuestros derechos,https://www.revistaanfibia.com/aborto-rosca-derechos2/
150408,Cuando la política oye a las feministas,https://www.revistaanfibia.com/aborto-politica-feministas/
150442,"""Yo salí para que salga""",https://www.revistaanfibia.com/yo-sali-para-que-salga/
150467,Memorias de una joven promesa,https://www.revistaanfibia.com/memorias-de-una-joven-promesa/
150533,El jardín de las delicias inquietantes,https://www.revistaanfibia.com/taxiboys-miserere/
150590,¿Qué dicen los que sí y qué dicen los que no?,https://www.revistaanfibia.com/que-dicen-los-que-si-y-que-dicen-los-que-no/
150613,La Justicia contra las mujeres,https://www.revistaanfibia.com/la-justicia-las-mujeres/
150622,Mitológicas del derrumbe,https://www.revistaanfibia.com/mitologicas-del-derrumbe/
150658,"Maradona, el David de Fiorito",https://www.revistaanfibia.com/maradona-el-david-fiorito/
150659,Todo lo que viene detrás de un muro,https://www.revistaanfibia.com/todo-lo-que-viene-detras-de-un-muro/
150718,Te colgás y te afanan,https://www.revistaanfibia.com/te-colgas-te-afanan/
150745,Qué lindo es volver a casa,https://www.revistaanfibia.com/lindo-volver-casa/
150756,Rompan todo: las marcas del negocio,https://www.revistaanfibia.com/rompan-todo-las-marcas-del-negocio/
150782,Nuestro derecho es ley,https://www.revistaanfibia.com/nuestro-derecho-es-ley/
150802,Derechos sexuales: los diálogos pendientes,https://www.revistaanfibia.com/derechos-sexuales-los-dialogos-pendientes/
150841,La ley del deseo,https://www.revistaanfibia.com/la-ley-del-deseo/
150873,La nueva era de la sinrazón,https://www.revistaanfibia.com/la-nueva-la-sinrazon/
150881,¿Se puede ser racista y xenófobx y apoyar el aborto legal?,https://www.revistaanfibia.com/se-puede-ser-racista-y-xenofobx-y-apoyar-el-aborto-legal/
150908,Nunca fuimos monógamos,https://www.revistaanfibia.com/nunca-fuimos-monogamos/
150921,El Congreso por asalto,https://www.revistaanfibia.com/el-congreso-por-asalto/
150935,¿Vos también soñaste algo raro anoche?,https://www.revistaanfibia.com/vos-tambien-sonaste-algo-raro-anoche/
150977,¿Quién no quiere vivir en Varadero?,https://www.revistaanfibia.com/quien-no-quiere-vivir-en-varadero/
151047,Los anti vacunas de la primera hora,https://www.revistaanfibia.com/los-anti-vacunas-de-la-primera-hora/
151069,La herida inestable del supremacismo,https://www.revistaanfibia.com/wendy-brown-supremacismo/
151087,¿Hay contagios que molestan más que otros?,https://www.revistaanfibia.com/contagios-juventudes-covid/
151109,"Medios, redes y polarización",https://www.revistaanfibia.com/medios-redes-y-polarizacion/
151124,Conociendo Rusia con dibujos animados,https://www.revistaanfibia.com/conociendo-rusia-con-dibujos-animados/
151131,En nombre de Dios: la historia detrás del Pare de Sufrir,https://www.revistaanfibia.com/nombre-dios-la-historia-detras-del-pare-sufrir/
151168,"Volver a clases, repensar la escuela",https://www.revistaanfibia.com/volver-a-clases-repensar-la-escuela/
151189,Una deriva existencial en el río,https://www.revistaanfibia.com/una-deriva-existencial-rio/
151208,Cómo volver a la presencialidad,https://www.revistaanfibia.com/como-volver-a-la-presencialidad/
151225,La multitud llega a Wall Street,https://www.revistaanfibia.com/la-multitud-llega-wall-street/
151253,Sputnik V: Una grieta entre el hombro y la jeringa,https://www.revistaanfibia.com/sputnik-v-una-grieta-entre-el-hombro-y-la-jeringa/
151243,Feministas gobernando: más allá de la foto,https://www.revistaanfibia.com/feministas-gobernando-mas-alla-de-la-foto/
151279,Tan convencidos de no haber hecho nada malo,https://www.revistaanfibia.com/tan-convencidos-no-haber-hecho-nada-malo/
151324,Justicia y policía: por qué no pueden protegernos,https://www.revistaanfibia.com/justicia-policia-no-pueden-protegernos/
146691,El peligro de un cuarto propio,https://www.revistaanfibia.com/el-peligro-de-un-cuarto-propio/
151332,El día que la vimos muerta,https://www.revistaanfibia.com/ursula-la-vimos-muerta/
148839,Soy el código 5674,https://www.revistaanfibia.com/vacuna-covid-diario-de-un-voluntario/
151353,El movimiento indígena vuelve a pararse,https://www.revistaanfibia.com/ecuador-el-movimiento-indigena-vuelve-a-pararse/
151362,Leer salteado,https://www.revistaanfibia.com/leer-salteado/
151375,La muerte del entregador,https://www.revistaanfibia.com/la-muerte-del-entregador/
151396,La tenemos adentro,https://www.revistaanfibia.com/la-tenemos-adentro/
151412,Chile: la interminable lista de casos aislados,https://www.revistaanfibia.com/chile-la-interminable-lista-casos-aislados2/
151418,Hamburguesas sin carne: ¿salvamos el mundo?,https://www.revistaanfibia.com/hamburguesas-sin-carne-salvamos-mundo/
151458,El derrumbe de Ginés,https://www.revistaanfibia.com/el-derrumbe-de-gines/
151472,Lo último que el peronismo puede ser,https://www.revistaanfibia.com/lo-ultimo-peronismo-puede/
151490,La dosis justa para la indignación,https://www.revistaanfibia.com/la-dosis-justa-la-indignacion/
151506,En busca de un eje progresista,https://www.revistaanfibia.com/alberto-amlo-eje-progresista/
151534,Como si fuera la primera vez,https://www.revistaanfibia.com/alberto-congreso-primera-vez/
151549,La delicada tarea de vivir en una burbuja,https://www.revistaanfibia.com/la-delicada-tarea-vivir-una-burbuja/
151572,El lobby minero muerde la tierra,https://www.revistaanfibia.com/oximoron-la-megamineria-sustentable/
151582,Wandavision: un aleph de referencias pop,https://www.revistaanfibia.com/wandavision-un-aleph-de-referencias-pop/
151601,La repolitización del 8M,https://www.revistaanfibia.com/la-repolitizacion-del-8m/
151615,Feminismo Futuro,https://www.revistaanfibia.com/feminismo-futuro/
151634,La invención política del paro feminista,https://www.revistaanfibia.com/la-invencion-politica-del-paro-feminista/
151635,"#8M, con M de migranta",https://www.revistaanfibia.com/8m-m-migranta/
151667,¿Seguiremos en el cuarto propio?,https://www.revistaanfibia.com/seguiremos-cuarto-propio/
151656,Coronavirus: la tramitación de lo inédito,https://www.revistaanfibia.com/coronavirus-la-tramitacion-lo-inedito/
151683,Reforma judicial: guía para perplejos,https://www.revistaanfibia.com/reforma-judicial-guia-para-perplejos/
151694,La química del odio,https://www.revistaanfibia.com/la-quimica-del-odio/
151696,Una reforma judicial para Noruega,https://www.revistaanfibia.com/una-reforma-judicial-noruega/
151714,El ocio del pueblo,https://www.revistaanfibia.com/evangelismo-pentecostal-ocio-del-pueblo/
151699,"Orgasmo: un grito hermoso, divino y agudo",https://www.revistaanfibia.com/orgasmo-grito-hermoso-divino-agudo/
151757,Los peligros de levantar el dedito,https://www.revistaanfibia.com/los-peligros-levantar-dedito/
151783,Las indias cantoras en el Reino del Revés,https://www.revistaanfibia.com/las-indias-cantoras-en-el-reino-del-reves/
151794,"La curva no es una infografía, es una cicatriz",https://www.revistaanfibia.com/la-curva-no-una-infografia-una-cicatriz/
151820,Divididos por la pandemia,https://www.revistaanfibia.com/divididos-por-la-pandemia/
151833,¿Cómo volver sostenibles las infancias rotas?,https://www.revistaanfibia.com/volver-sostenibles-las-infancias-rotas/
151871,Loor al humedal litoral,https://www.revistaanfibia.com/loor-al-humedal-litoral/
151886,Qué hace una dibujante en los juicios de lesa humanidad,https://www.revistaanfibia.com/una-dibujante-los-juicios-lesa-humanidad/
151910,Olvídalos y volverán por más,https://www.revistaanfibia.com/olvidalos-volveran-mas/
151915,Las palabras y el miedo al hambre,https://www.revistaanfibia.com/las-palabras-tambien-tienen-fronteras2/
151946,Colombia: a los disparos se responde con activismo y música,https://www.revistaanfibia.com/colombia-a-los-disparos-se-responde-con-activismo-y-musica/
151958,El PBI ha muerto,https://www.revistaanfibia.com/pbi-ha-muerto/
151969,"La antipolítica, un fantasma que recorre Argentina",https://www.revistaanfibia.com/la-antipolitica-un-fantasma-que-recorre-argentina/
151983,Muerte al creador de la Constitución de Pinochet,https://www.revistaanfibia.com/muerte-al-creador-la-constitucion-pinochet/
152038,Quisiera no decir adiós,https://www.revistaanfibia.com/quisiera-no-decir-adios/
152064,Andalgalá: no confiamos ni en el agua de lluvia,https://www.revistaanfibia.com/mineria-catamarca-andalgala-no-confiamos-agua-lluvia/
152115,Chile: ¿una nación o varias naciones en un Estado?,https://www.revistaanfibia.com/chile-una-nacion-varias-naciones-estado/
152170,Los cazadores de la nueva memoria,https://www.revistaanfibia.com/implosion-se-repara-la-violencia-buscando-al-agresor/
152171,Una pista virtual para bailarines encerrados,https://www.revistaanfibia.com/una-pista-virtual-para-bailarines-encerrados/
152224,Por qué gobernará un banquero,https://www.revistaanfibia.com/ecuador-guillermo-lasso-por-que-gobernara-un-banquero/
152223,El señor rating soñaba con hacer literatura,https://www.revistaanfibia.com/mauro-viale-sonaba-con-hacer-literatura/
152253,La batalla por las violencias,https://www.revistaanfibia.com/san-martin-la-batalla-por-las-violencias/
152286,Consejos desobedientes para mujeres en dictadura,https://www.revistaanfibia.com/consejos-desobedientes-mujeres-dictadura/
152324,Cómo evitar lugares comunes,https://www.revistaanfibia.com/evitar-lugares-comunes/
152359,"Juventud, ¿divino tesoro?",https://www.revistaanfibia.com/juventud-divino-tesoro/
152370,Cien días para no enamorarse,https://www.revistaanfibia.com/cien-dias-no-enamorarse/
152389,El uso privado de la justicia,https://www.revistaanfibia.com/clases-presenciales-uso-privado-la-justicia/
152535,Como de la familia,https://www.revistaanfibia.com/como-de-la-familia/
152608,Semiocapitalismo: las emociones como la moneda viva,https://www.revistaanfibia.com/semiocapitalismo/
152628,El karma de los Samurais,https://www.revistaanfibia.com/netflix-karma-los-samurais/
152640,El nuevo souvenir pandémico (después del papel higiénico),https://www.revistaanfibia.com/nuevos-souvenirs-pandemicos-despues-del-papel-higienico/
152664,¿Las familias pueden definir las políticas educativas?,https://www.revistaanfibia.com/las-familias-pueden-definir-las-politicas-educativas/
152688,Las contradicciones del progresismo naif,https://www.revistaanfibia.com/las-contradicciones-del-progresismo-naif/
152702,Cómo domesticar a los gigantes de la tecnología,https://www.revistaanfibia.com/domesticar-los-gigantes-la-tecnologia/
152697,Final del juego,https://www.revistaanfibia.com/clases-presenciales-larreta-alberto-final-del-juego/
152719,"Torpes, trastes, testarudos",https://www.revistaanfibia.com/colombia-torpes-trastes-testarudos/
152737,Economía y ambiente: ¿hay diálogo posible?,https://www.revistaanfibia.com/economia-ambiente-dialogo-posible/
152743,Alguien te está cuidando,https://www.revistaanfibia.com/alguien-te-esta-cuidando/
152816,"¿Liberar las patentes? Sí, ponele",https://www.revistaanfibia.com/liberar-las-patentes-ponele/
152874,¿Hacia dónde nos lleva la inteligencia artificial?,https://www.revistaanfibia.com/hacia-donde-nos-lleva-la-inteligencia-artificial/
152914,Disparen a los indios: un diario del odio en Cali,https://www.revistaanfibia.com/disparen-los-indios-diario-del-odio-cali/
152927,¿Cómo preservar lo que se extingue?,https://www.revistaanfibia.com/como-preservar-lo-que-se-extingue/
152924,Anfibia cumple 9,https://www.revistaanfibia.com/anfibia-9-anos/
152984,La cábala de los dinosaurios,https://www.revistaanfibia.com/la-cabala-de-los-dinosaurios/
153068,Una nueva liga de la justicia escribe la constitución,https://www.revistaanfibia.com/chile-una-nueva-liga-de-la-justicia-escribe-la-constitucion/
153102,Desarmar la arquitectura neoliberal,https://www.revistaanfibia.com/megaelecciones-chile-desarmar-la-arquitectura-neoliberal/
153088,Criptoarte: ¿cuánto vale el arte digital?,https://www.revistaanfibia.com/criptoarte-cuanto-vale-arte-digital/
153079,Qué tienen que ver las clases con las retenciones,https://www.revistaanfibia.com/tienen-ver-las-clases-las-retenciones/
153153,El big bang de la economía heterodoxa,https://www.revistaanfibia.com/big-bang-la-economia-heterodoxa/
153172,¿Son clases las clases virtuales?,https://www.revistaanfibia.com/son-clases-las-clases-virtuales/
153225,Antenas 5G y otras fantasías para evadir el covid,https://www.revistaanfibia.com/antenas-5g-fantasias-evadir-covid/
153244,"Minería: ¿Qué entendemos por ""sustentable""?",https://www.revistaanfibia.com/mineria-entendemos-sustentable/
153249,El cuerpo que teníamos,https://www.revistaanfibia.com/el-cuerpo-que-teniamos/
153253,Último café en el Central Perk,https://www.revistaanfibia.com/friends-ultimo-cafe-en-el-central-perk/
153284,El desamor según Luis Miguel,https://www.revistaanfibia.com/desamor-segun-luis-miguel/
153301,El arma que esconde la política,https://www.revistaanfibia.com/fake-news-el-arma-que-esconde-la-politica/
153310,¿Quién controla los sistemas de Inteligencia Artificial?,https://www.revistaanfibia.com/quien-controla-los-sistemas-inteligencia-artificial/
153327,Una nueva geopolítica del clima,https://www.revistaanfibia.com/una-nueva-geopolitica-del-clima/
153331,Los femicidios no son una novela,https://www.revistaanfibia.com/ni-una-menos-femicidios-no-son-novela/
153340,"El Petiso Orejudo: criminal, hermoso y maldito",https://www.revistaanfibia.com/el-petiso-orejudo-criminal-hermoso-y-maldito/
153342,Ética para tiempos oscuros,https://www.revistaanfibia.com/markus-gabriel-etica-tiempos-oscuros/
153406,"Pulga Rodríguez, patrimonio nacional",https://www.revistaanfibia.com/pulga-rodriguez-patrimonio-nacional/
153435,La ansiedad de una relación sin compromiso,https://www.revistaanfibia.com/la-ansiedad-de-una-relacion-sin-compromiso/
153440,Un trabajo de alto riesgo,https://www.revistaanfibia.com/presidente-en-peru-un-trabajo-de-alto-riesgo/
153467,Aprender a vivir en un planeta herido,https://www.revistaanfibia.com/donna-haraway-aprender-a-vivir-en-un-planeta-herido/
153475,Estrés hídrico: por qué el agua es el nuevo petróleo,https://www.revistaanfibia.com/estres-hidrico-agua-nuevo-petroleo/
153506,Hay algo que no te deja dormir,https://www.revistaanfibia.com/insomnio-hay-algo-que-no-te-deja-dormir/
153558,Un déjà vu de viejas desigualdades,https://www.revistaanfibia.com/clases-virtuales-un-deja-vu-de-viejas-desigualdades/
153577,El secreto mejor guardado: el ingreso de los argentinos,https://www.revistaanfibia.com/el-ingreso-de-los-argentinos/
153587,Semblanza para el maestro,https://www.revistaanfibia.com/jesus-martin-barbero-semblanza-para-el-maestro/
153600,El Jesús,https://www.revistaanfibia.com/el-jesus-martin-barbero/
153613,¿Alcanza con redistribuir?,https://www.revistaanfibia.com/alcanza-con-redistribuir/
153662,Piedras en el camino,https://www.revistaanfibia.com/juan-forn/
153688,Modos diversos de ser responsables,https://www.revistaanfibia.com/levante-gay-modos-diversos-de-ser-responsables/
10497,No voy a hacer declaraciones de amor,https://www.revistaanfibia.com/no-voy-a-hacer-declaraciones-de-amor/
153708,"Definir el concepto, controlar el debate",https://www.revistaanfibia.com/ambiente-desarrollo-definir-concepto-controlar-debate/
153705,El Diego de la palabra,https://www.revistaanfibia.com/horacio-gonzalez-el-diego-de-la-palabra/
148585,Britney Spears: locura o rebelión,https://www.revistaanfibia.com/britney-spears-locura-o-rebelion/
153719,Incómodo,https://www.revistaanfibia.com/incomodo-horacio-gonzalez/
153732,Adentro pero en contra: el saber popular,https://www.revistaanfibia.com/horacio-gonzalez-el-saber-popular/
153743,El arte de mostrar lo que brota,https://www.revistaanfibia.com/arte-mostrar-lo-brota/
153752,Las madres sin cuota salen del closet,https://www.revistaanfibia.com/cuota-alimentaria-las-madres-salen-del-closet/
153796,La promesa del orgullo,https://www.revistaanfibia.com/la-promesa-del-orgullo-lgbtiq/
153804,Enorgullecer la política,https://www.revistaanfibia.com/cupo-laboral-travesti-trans-enorgullecer-la-politica/
153823,Auge y caída del operador de Macri,https://www.revistaanfibia.com/pepin-rodriguez-simon-auge-y-caida-del-operador-de-macri/
153843,Entre narcos y policías,https://www.revistaanfibia.com/entre-narcos-y-policias/
153851,Esto hay que seguir pensándolo,https://www.revistaanfibia.com/despedida-horacio-gonzalez/
151744,Navegar se hace preciso,https://www.revistaanfibia.com/navegar-hidrovia-paraguay-parana/
153867,¿El mundo se volvió gay?,https://www.revistaanfibia.com/el-mundo-se-volvio-gay/
153872,Fuimos felices en un lugar que ya no existe,https://www.revistaanfibia.com/fuimos-felices-lugar-ya-no-existe/
153898,Narrar lo social: abrir la caja negra,https://www.revistaanfibia.com/narrar-lo-social-abrir-la-caja-negra/
153935,Andalgalá puede confiar en el agua y en la ciencia,https://www.revistaanfibia.com/andalgala-puede-confiar-agua-la-ciencia/
153943,La vida no entra en un meme,https://www.revistaanfibia.com/l-gante-la-vida-no-entra-en-un-meme/
153984,La diplomacia de las vacunas,https://www.revistaanfibia.com/la-diplomacia-de-las-vacunas/
154141,El poder de la camiseta,https://www.revistaanfibia.com/el-poder-de-la-camiseta/
154173,El día que volvimos a ser felices,https://www.revistaanfibia.com/messi-el-dia-que-volvimos-a-ser-felices/
153349,Covid: Kit de supervivencia,https://www.revistaanfibia.com/covid-kit-de-supervivencia/
154195,Un eterno retorno a la gloria,https://www.revistaanfibia.com/un-eterno-retorno-a-la-gloria/
154158,Las muertes que compartimos,https://www.revistaanfibia.com/duelos-covid-las-muertes-que-compartimos/
154204,Quién escribe la historia,https://www.revistaanfibia.com/chile-constitucion-quien-escribe-la-historia/
154279,"Una sociedad no se rompe con un estallido, es al revés",https://www.revistaanfibia.com/una-sociedad-no-se-rompe-estallido-al-reves/
154302,Todxs soñamos con ser astronautas,https://www.revistaanfibia.com/todxs-sonamos-con-ser-astronautas/
154315,Salir del clóset periodístico,https://www.revistaanfibia.com/diversidad-en-el-periodismo/
148254,Amazonas: quieren secar nuestra lluvia de invierno,https://www.revistaanfibia.com/amazonas-nos-quieren-sacar-nuestras-lluvias-de-invierno/
154292,La amistad en un paisaje en ruinas,https://www.revistaanfibia.com/okupas-la-amistad-en-un-paisaje-en-ruinas/
154334,Radiografía de un grito polifónico,https://www.revistaanfibia.com/cuba-11j/
154338,¿Qué puede un cuerpo?,https://www.revistaanfibia.com/juegos-olimpicos-que-puede-un-cuerpo/
154417,¿Usted quiere un préstamo?,https://www.revistaanfibia.com/fintech-usted-quiere-un-prestamo/
154438,"Jesús es re-loco, el mundo es careta",https://www.revistaanfibia.com/vivir-la-fe-religiosidad-popular/
154464,La lectura no termina en un libro,https://www.revistaanfibia.com/la-lectura-no-termina-en-un-libro/
154363,Dilemas de la experiencia pandémica,https://www.revistaanfibia.com/dilemas-la-experiencia-pandemica/
154492,¿Cómo llegamos a 100 mil muertes?,https://www.revistaanfibia.com/100mil-muertes-covid/
154502,Nadie lo hace como el Kun,https://www.revistaanfibia.com/nadie-lo-hace-como-el-kun-aguero/
154538,Una X: un paso para una sociedad de iguales,https://www.revistaanfibia.com/dni-no-binario/
154558,¿Alguna vez pateaste un hormiguero?,https://www.revistaanfibia.com/alguna-vez-pateaste-hormiguero/
154567,Movimientos sociales todoterreno,https://www.revistaanfibia.com/movimientos-sociales-todoterreno/
154606,Soy más que mis medallas,https://www.revistaanfibia.com/soy-mas-que-mis-medallas/
3110,La nobleza de una emoción colectiva,https://www.revistaanfibia.com/la-nobleza-de-una-emocion-colectiva/
154627,¡Ay amor!,https://www.revistaanfibia.com/leo-mattioli/
154649,La continuidad es un legado,https://www.revistaanfibia.com/hugo-y-facundo-conte-la-continuidad-es-un-legado/
154638,"El virus se fue, el cuerpo pide tiempo",https://www.revistaanfibia.com/virus-se-fue-cuerpo-pide-tiempo/
154690,Un grito en un mar de dolor,https://www.revistaanfibia.com/un-grito-en-un-mar-de-dolor/
154705,Diario de un cuerpo en guerra,https://www.revistaanfibia.com/diario-de-un-cuerpo-en-guerra/
154748,El hotel es un cuerpo,https://www.revistaanfibia.com/el-hotel-es-un-cuerpo/
154752,Cómo evitar la ecoansiedad,https://www.revistaanfibia.com/como-evitar-la-ecoansiedad/
154772,No todos somos Ibai,https://www.revistaanfibia.com/ibai-llanos/
154817,Un nuevo contrato social,https://www.revistaanfibia.com/un-nuevo-contrato-social/
154777,Noy hay nada automático en la automatización,https://www.revistaanfibia.com/noy-nada-automatico-la-automatizacion/
154833,Las fugas del peronismo,https://www.revistaanfibia.com/las-fugas-del-peronismo/
154874,¿Tenemos que salvar a las afganas?,https://www.revistaanfibia.com/afganistan-mujeres/
154868,El arquitecto zen,https://www.revistaanfibia.com/maximo-kirchner/
154890,Anatomía de una fascinación,https://www.revistaanfibia.com/ricardo-fort-anatomia-una-fascinacion/
154935,100 por ciento barrani,https://www.revistaanfibia.com/carlos-maslaton-100-por-ciento-barrani/
154964,Evangélicos: romper el espejo,https://www.revistaanfibia.com/el-reino-evangelicos-romper-espejo/
154990,Caminante no hay camino,https://www.revistaanfibia.com/lugones-peregrinajes/
154978,Narrar lo imperdonable,https://www.revistaanfibia.com/narrar-lo-imperdonable/
155012,El diablo es la política,https://www.revistaanfibia.com/el-reino-serie/
155039,La escuela está rota,https://www.revistaanfibia.com/la-escuela-esta-rota/
155057,Mapas de Sexo y Revolución,https://www.revistaanfibia.com/aniversario50-flh/
155067,Casi una experiencia religiosa,https://www.revistaanfibia.com/grindr-sacro/
155084,El corazón no es sólo un tema de varones,https://www.revistaanfibia.com/corazon-no-solo-tema-varones/
155088,Ese vital desacuerdo,https://www.revistaanfibia.com/ese-vital-desacuerdo/
179193,De qué está hecha una bala,https://www.revistaanfibia.com/de-que-esta-hecha-una-bala/
48508,Que se joda el espectador no comprometido,https://www.revistaanfibia.com/que-se-joda-el-espectador-no-comprometido/
155269,"Mucho tikTok, poca calle",https://www.revistaanfibia.com/mucho-tiktok-poca-calle/
155272,Autoayuda para analizar las PASO,https://www.revistaanfibia.com/autoayuda-para-analizar-las-paso/
155284,Pérdida y desorden,https://www.revistaanfibia.com/perdida-y-desorden/
155288,"Lo lamentable, lo doloroso",https://www.revistaanfibia.com/lo-lamentable-lo-doloroso/
155298,"Una vacuna/un voto, ¿que falló?",https://www.revistaanfibia.com/una-vacuna-un-voto-que-fallo/
155295,Hoy vuelvo a buscarte,https://www.revistaanfibia.com/hoy-vuelvo-a-buscarte/
155322,Postales de una catástrofe,https://www.revistaanfibia.com/postales-de-una-catastrofe/
155314,La unidad que supimos conseguir,https://www.revistaanfibia.com/la-unidad-que-supimos-conseguir/
155325,La sangre política corre en tiempo real,https://www.revistaanfibia.com/la-sangre-politica-corre-en-tiempo-real/
155323,Quién no teme perder,https://www.revistaanfibia.com/quien-no-teme-perder/
158543,"Gestos del cuerpo, escribiendo para idear",https://www.revistaanfibia.com/escribir-para-lidiar-con-la-bestia-sombra/
158080,La unidad se logra con memoria,https://www.revistaanfibia.com/la-unidad-se-logra-con-memoria/
158146,La salida del laberinto,https://www.revistaanfibia.com/la-salida-del-laberinto-los-tres-desafios-del-nuevo-gabinete/
158164,No solo es la economía,https://www.revistaanfibia.com/no-solo-es-la-economia/
158165,"""No estamos en la vereda de enfrente""",https://www.revistaanfibia.com/no-estamos-en-la-vereda-de-enfrente/
158314,Sobrevivir al siglo XXI,https://www.revistaanfibia.com/crisis-climatica-sobrevivir-al-siglo-xxi/
158368,Cómo será vivir sin ella,https://www.revistaanfibia.com/angela-merkel-como-sera-vivir-sin-ella/
158354,El píxel del trauma,https://www.revistaanfibia.com/arte-covid-pixel-trauma/
158542,Se toma entre sus manos,https://www.revistaanfibia.com/se-toma-entre-sus-manos/
158468,La patria de la deconstrucción total,https://www.revistaanfibia.com/la-patria-de-la-deconstruccion-total/
158629,¿Cuánto vale tu tiempo?,https://www.revistaanfibia.com/capitalismo-digital-cuanto-vale-tu-tiempo/
158706,Un país que pone el brazo,https://www.revistaanfibia.com/vacuna-covid-un-pais-que-pone-el-brazo/
158834,Amores cautivos,https://www.revistaanfibia.com/amores-cautivos/
158789,ARA San Juan: vigilar para gobernar,https://www.revistaanfibia.com/ara-san-juan-vigilar-y-gobernar/
158856,¿A quién le importa?,https://www.revistaanfibia.com/de-panama-a-pandora-papers-a-quien-le-importa/
158883,Es más que vibrar alto,https://www.revistaanfibia.com/es-mas-que-vibrar-alto/
158914,Salud versus ositos,https://www.revistaanfibia.com/ley-de-etiquetado-salud-versus-ositos/
158952,"""Me chorearon el auto""",https://www.revistaanfibia.com/me-chorearon-el-auto/
159013,Un músico para el siglo 39,https://www.revistaanfibia.com/charly-garcia-un-musico-para-el-siglo-39/
159072,El narco en la Argentina: ¿algo está cambiando?,https://www.revistaanfibia.com/el-narco-en-la-argentina-algo-esta-cambiando/
159143,Lula vuelve,https://www.revistaanfibia.com/lula-vuelve/
159191,Sacar a dios de la Constitución,https://www.revistaanfibia.com/sacar-a-dios-de-la-constitucion/
159298,Los ricos también suben stories,https://www.revistaanfibia.com/los-ricos-tambien-suben-stories/
159315,El riesgo de mercantilizar la naturaleza,https://www.revistaanfibia.com/riesgo-mercantilizar-naturaleza/
159380,"Marcar, reprimir, privatizar",https://www.revistaanfibia.com/marcar-reprimir-privatizar/
159412,Romance con (onco)ratas y (hombres)hembras,https://www.revistaanfibia.com/romance-con-oncoratas-y-hombreshembras/
159476,Los errores del sistema,https://www.revistaanfibia.com/policias-femicidios-errores-sistema/
159555,El odio al arte,https://www.revistaanfibia.com/el-odio-al-arte/
159687,El voto joven reinventa Alemania,https://www.revistaanfibia.com/el-voto-joven-reinventa-alemania/
159937,Identidades fuera del margen,https://www.revistaanfibia.com/identidades-fuera-del-margen-no-binarias/
160124,La metamorfosis: así engordé para ser Maradona,https://www.revistaanfibia.com/la-metamorfosis-asi-engorde-para-ser-maradona/
160263,Fuera de margen,https://www.revistaanfibia.com/fuera-de-margen/
160330,Larga vida al rey,https://www.revistaanfibia.com/larga-vida-al-rey/
160553,Inflar la rueda,https://www.revistaanfibia.com/inflar-la-rueda/
160580,Trabajar para comer no es vida,https://www.revistaanfibia.com/san-martin-trabajar-para-comer-no-es-vida/
160628,El voto del negrito patasucia,https://www.revistaanfibia.com/la-matanza-el-voto-del-negrito-patasucia/
160835,Tiempos despedazados,https://www.revistaanfibia.com/tiempos-despedazados-libertario-milei/
160913,Hidrógeno verde: el combustible del futuro,https://www.revistaanfibia.com/hidrogeno-verde-el-combustible-del-futuro/
161195,Acercar distancias,https://www.revistaanfibia.com/acercar-distancias-conurbano/
161224,Divididos y polarizados,https://www.revistaanfibia.com/divididos-polarizados-desafio-izquierda/
161292,Daniel Ortega: el último guerrillero,https://www.revistaanfibia.com/daniel-ortega-el-ultimo-guerrillero-nicaragua/
161307,La ideología de la crisis,https://www.revistaanfibia.com/la-ideologia-de-la-crisis-argentina/
161639,Lecciones de las elecciones,https://www.revistaanfibia.com/lecciones-de-las-elecciones-legislativas/
161957,Militantes de la nocturnidad,https://www.revistaanfibia.com/noche-queer-militantes-de-la-nocturnidad/
162016,¿Por qué disparan? Porque pueden,https://www.revistaanfibia.com/crimen-de-lucas-gonzalez/
162068,La disputa por la transición,https://www.revistaanfibia.com/la-disputa-por-la-transicion/
162144,Chile no es cualquier otro lugar de este planeta,https://www.revistaanfibia.com/chile-no-es-cualquier-otro-lugar-de-este-planeta/
162234,¿Qué quieren las élites de la Argentina?,https://www.revistaanfibia.com/que-quieren-las-elites-de-la-argentina/
162358,Vivir bajo sospecha,https://www.revistaanfibia.com/vivir-bajo-sospecha/
162496,Seúl no es un K-drama,https://www.revistaanfibia.com/seul-no-es-un-k-drama/
162590,Experiencias seropositivas,https://www.revistaanfibia.com/experiencias-seropositivas/
162626,La desigualdad de género es económica y también fiscal,https://www.revistaanfibia.com/la-desigualdad-de-genero-es-economica-y-tambien-fiscal/
162802,El ídolo olvidado,https://www.revistaanfibia.com/el-idolo-olvidado/
162764,La posibilidad de un feminismo más diverso,https://www.revistaanfibia.com/la-posibilidad-de-un-feminismo-mas-diverso/
163405,Las sobrevivientes,https://www.revistaanfibia.com/las-sobrevivientes/
163386,"Sujetos, herederos o deudores",https://www.revistaanfibia.com/sujetos-herederos-o-deudores/
162653,¿Estamos peor que en 2001?,https://www.revistaanfibia.com/estamos-peor-que-en-2001/
162760,"Subvertir el orden, compartir las calles",https://www.revistaanfibia.com/subvertir-el-orden-compartir-las-calles/
162770,Lo sólido se desvanece en la realidad barrosa de Argentina,https://www.revistaanfibia.com/lo-solido-se-desvanece-en-argentina/
163497,El negocio de las noticias dejó de existir,https://www.revistaanfibia.com/el-negocio-de-las-noticias-dejo-de-existir/
162716,Poética y política para romper con lo binario,https://www.revistaanfibia.com/poetica-y-politica-para-romper-con-lo-binario/
162664,El 2001 no empezó ni terminó en diciembre,https://www.revistaanfibia.com/el-2001-no-empezo-ni-termino-en-diciembre/
162685,Las fotos que hoy llenan tu Instagram,https://www.revistaanfibia.com/las-fotos-que-hoy-llenan-tu-instagram/
162779,"Vagos, putas y villerxs con voz propia",https://www.revistaanfibia.com/vagos-putas-y-villerxs-con-voz-propia/
163756,Que nadie gobierne a Boric,https://www.revistaanfibia.com/que-nadie-gobierne-a-boric/
162647,Justo en la garganta,https://www.revistaanfibia.com/justo-en-la-garganta/
169404,The end,https://www.revistaanfibia.com/the-end-gobierno-pinera/
162738,La batalla de Plaza de Mayo,https://www.revistaanfibia.com/la-batalla-de-plaza-de-mayo/
163689,Muerto el miedo se acabó la pena,https://www.revistaanfibia.com/muerto-el-miedo-se-acabo-la-pena/
163711,Feminismo para todo el mundo,https://www.revistaanfibia.com/feminismo-para-todo-el-mundo/
163722,Tu sí sabes lo que han sido estos años,https://www.revistaanfibia.com/chile-generacion-boric/
163723,"Aborto, el gran piquete feminista",https://www.revistaanfibia.com/aborto-el-gran-piquete-feminista/
29371,La vida cambia en un instante,https://www.revistaanfibia.com/la-vida-cambia-en-un-instante/
163830,La pasión libertaria durante la pandemia,https://www.revistaanfibia.com/la-pasion-libertaria-durante-la-pandemia/
163898,¿Es imposible mudarse a un lugar mejor?,https://www.revistaanfibia.com/es-imposible-mudarse-a-un-lugar-mejor/
163985,Quién garantiza el aborto legal,https://www.revistaanfibia.com/quien-garantiza-el-aborto-legal/
164028,Los pibes de la Plaza,https://www.revistaanfibia.com/los-pibes-de-la-plaza/
164069,"Tierra, el planeta que nunca aburre",https://www.revistaanfibia.com/mariana-enriquez-tierra-el-planeta-que-nunca-aburre/
155216,"Afuera, el desierto",https://www.revistaanfibia.com/afuera-el-desierto/
164501,"Luces, cámara, ¡dólares!",https://www.revistaanfibia.com/onlyfans-luces-camara-dolares/
164662,Mi no entender: ¿qué sienten lxs jóvenes?,https://www.revistaanfibia.com/mi-no-entender-que-sienten-lxs-jovenes/
105357,Relato salvaje,https://www.revistaanfibia.com/relato-salvaje/
165002,"No somos un país antivacunas, pero...",https://www.revistaanfibia.com/no-somos-un-pais-antivacunas-pero/
165289,“Somos el trofeo de la guerra contra las drogas”,https://www.revistaanfibia.com/las-mujeres-somos-el-trofeo-de-la-guerra-contra-las-drogas/
165467,La celebración de lo anfibio,https://www.revistaanfibia.com/la-celebracion-de-lo-anfibio/
165492,¿Cómo descongelar tarifas en pleno incendio?,https://www.revistaanfibia.com/el-laberinto-de-las-tarifas/
165523,No me excita el fantasma Yabrán,https://www.revistaanfibia.com/no-me-excita-el-fantasma-yabran/
164866,Polarización política: ¿fenómeno de nicho o de masas?,https://www.revistaanfibia.com/polarizacion-politica-fenomeno-de-nicho-o-de-masas/
165760,Cómo gobernar un país cruel,https://www.revistaanfibia.com/como-gobernar-un-pais-cruel/
165722,El amor nunca está sobrio,https://www.revistaanfibia.com/euphoria-el-amor-nunca-esta-sobrio/
165852,La historia no está escrita en una piedra,https://www.revistaanfibia.com/la-historia-no-esta-escrita-en-una-piedra/
165884,Moda: disciplinamiento y rebelión,https://www.revistaanfibia.com/moda-disciplinamiento-y-rebelion/
166078,No alcanza con derribar bunkers,https://www.revistaanfibia.com/no-alcanza-con-derribar-bunkers/
166105,"Gucci, Prada y binariedad",https://www.revistaanfibia.com/gucci-prada-y-binariedad/
39135,El disco maldito de Spinetta,https://www.revistaanfibia.com/el-disco-maldito-de-spinetta/
165746,Meter los pies en el agua otra vez,https://www.revistaanfibia.com/meter-los-pies-en-el-agua-otra-vez/
114758,¿Cuántas veces nos quedamos calladas?,https://www.revistaanfibia.com/cuantas-veces-nos-quedamos-calladas/
154007,El que afloja pierde,https://www.revistaanfibia.com/plan-qunita-el-que-afloja-pierde/
167049,Campo de Mayo: ¿qué harías vos acá?,https://www.revistaanfibia.com/campo-de-mayo-que-harias-vos-aca/
167164,Tantos pequeños rituales que nos inventamos,https://www.revistaanfibia.com/tantos-pequenos-rituales-que-nos-inventamos/
167105,El desvelo ruso por Ucrania,https://www.revistaanfibia.com/el-desvelo-ruso-por-ucrania/
151938,Peinado por el mercado,https://www.revistaanfibia.com/javier-milei-el-libertario-peinado-por-el-mercado/
154078,Un pibe y su teléfono,https://www.revistaanfibia.com/santi-maratea-un-pibe-y-su-telefono/
167818,"Digital, verde y sanitaria: promesas de una invitación",https://www.revistaanfibia.com/digital-verde-y-sanitaria-promesas-de-una-invitacion/
167998,Todxs necesitamos héroes,https://www.revistaanfibia.com/todxs-necesitamos-heroes/
168124,El desarrollo ambientalista como punto de fuga,https://www.revistaanfibia.com/el-desarrollo-ambientalista-como-punto-de-fuga/
168820,El discurso de la encrucijada,https://www.revistaanfibia.com/el-discurso-de-la-encrucijada/
168909,¿De dónde sacar tiempo para cuidar?,https://www.revistaanfibia.com/madres-paralelas-de-donde-sacar-tiempo-para-cuidar/
168992,Westfalia murió en Ucrania,https://www.revistaanfibia.com/westfalia-murio-en-ucrania/
169072,Después de la rabia,https://www.revistaanfibia.com/violacion-grupal-palermo-despues-de-la-rabia/
169135,El futuro está a unos días de nosotros,https://www.revistaanfibia.com/chile-el-futuro-esta-a-unos-dias-de-nosotros/
169084,Revulsiones afectivas,https://www.revistaanfibia.com/revulsiones-afectivas/
169296,Chile: ¿Alcanzarán los sueños?,https://www.revistaanfibia.com/boric-chile-punta-arenas/
169344,La fantasía de enseñar el futuro,https://www.revistaanfibia.com/la-fantasia-de-ensenar-el-futuro-inteligencia-artificial/
152211,En este mundo nos falta Tehuel,https://www.revistaanfibia.com/en-este-mundo-nos-falta-tehuel/
169448,El rockero que manda,https://www.revistaanfibia.com/el-rockero-que-manda-gabriel-boric/
169600,La comunidad LGBT+ en la política chilena,https://www.revistaanfibia.com/la-comunidad-lgbt-en-la-politica-chilena/
169644,Qué esperan los Boric Lovers a cambio de tanto amor,https://www.revistaanfibia.com/que-esperan-los-boric-lovers-a-cambio-de-tanto-amor/
169790,Cinco razones para hacer Sociología Política,https://www.revistaanfibia.com/cinco-razones-para-hacer-sociologia-politica/
169868,¿Cuánto tiempo aguantás fuera de línea?,https://www.revistaanfibia.com/pantallas-cuanto-tiempo-aguantas-fuera-de-linea/
169849,Higui es la mejor de nosotras,https://www.revistaanfibia.com/higui-es-la-mejor-de-nosotras/
170095,¿Cómo parar la guerra?,https://www.revistaanfibia.com/como-parar-la-guerra/
170117,El último cumpleaños,https://www.revistaanfibia.com/chicha-mariani-el-ultimo-cumpleanos/
170130,Retrato de una princesa en llamas,https://www.revistaanfibia.com/spencer-lady-di-retrato-princesa-llamas/
126102,Casi ángel,https://www.revistaanfibia.com/casi-angel/
170222,Mi abuelo Rodolfo,https://www.revistaanfibia.com/mi-abuelo-rodolfo/
170313,Cómo evitarse una cachetada,https://www.revistaanfibia.com/oscar-will-smith-como-evitarse-una-cachetada/
170377,La paciencia migrante,https://www.revistaanfibia.com/atravesar-el-tiempo-sin-documentos/
45563,"Ésta se fue, ésta murió, ésta ya no está",https://www.revistaanfibia.com/esta-se-fue-esta-murio-esta-ya-no-esta/
170445,"Malvinas, nuestro cubo Rubik",https://www.revistaanfibia.com/malvinas-nuestro-cubo-rubik/
170507,“Tráiganme el sombrero del comandante”,https://www.revistaanfibia.com/malvinas-traiganme-el-sombrero-del-comandante/
170474,El ADN del Soldado Folch,https://www.revistaanfibia.com/malvinas-el-adn-del-soldado-folch/
170657,El silencio tiene acción,https://www.revistaanfibia.com/drive-my-car-el-silencio-tiene-accion/
170685,Una oportunidad de ponerle freno a la muerte,https://www.revistaanfibia.com/guerra-rusia-ucrania-oportunidad-ponerle-freno-muerte/
170741,Des-esperar: atardecer en un mundo que se pierde,https://www.revistaanfibia.com/hacer-la-noche/
170710,El año del desierto,https://www.revistaanfibia.com/duhalde-el-ano-del-desierto/
171114,Un cuerpo dormido no es un cuerpo muerto,https://www.revistaanfibia.com/tanatopraxia-un-cuerpo-dormido-no-es-un-cuerpo-muerto/
171157,Intoxicados: ¿Qué hacer ante los discursos de odio?,https://www.revistaanfibia.com/intoxicados-que-hacer-ante-los-discursos-de-odio/
171183,Juliana científica,https://www.revistaanfibia.com/juliana-cassataro-arvac-cecilia-grierson-unsam/
171226,Fernet y desazón,https://www.revistaanfibia.com/fernet-desazon-buenos-aires/
166118,Lo que mata es el prohibicionismo,https://www.revistaanfibia.com/lo-que-mata-es-el-prohibicionismo/
171290,Alardear de nuestra flora,https://www.revistaanfibia.com/botanica-arte-alardear-nuestra-flora/
171343,El superhéroe del uno por ciento,https://www.revistaanfibia.com/batman-el-superheroe-del-uno-por-ciento/
171362,Ganó Macron: ¿quién gobernará Francia?,https://www.revistaanfibia.com/gano-macron-quien-gobernara-francia/
171425,"TikTok, el salvavidas de la industria editorial",https://www.revistaanfibia.com/tiktok-libros-salvavidas-industria-editorial/
171466,Alfabetismos aumentados para convivir con robots,https://www.revistaanfibia.com/alfabetismos-aumentados-para-convivir-con-robots/
171527,Un taladro en mi cabeza,https://www.revistaanfibia.com/vivir-con-migrana-un-taladro-en-mi-cabeza/
171592,La vida empetrolada,https://www.revistaanfibia.com/la-vida-empetrolada/
171615,"Muevo piernita, no perreo",https://www.revistaanfibia.com/muevo-piernita-no-perreo/
171774,El asalto a la razón democrática,https://www.revistaanfibia.com/antipolitica-el-asalto-a-la-razon-democratica/
171799,Desmintiendo al Indio: el futuro no llegó,https://www.revistaanfibia.com/desmintiendo-al-indio-el-futuro-no-llego/
171913,La huida de un niño floripondio,https://www.revistaanfibia.com/jardin-y-laberinto-o-la-huida-de-un-nino-floripondio/
171831,Mi tatarabuelo saqueó para el imperio,https://www.revistaanfibia.com/gabriela-wiener-mi-tatarabuelo-saqueo-para-la-corona/
171853,Lo que viene después de decir basta,https://www.revistaanfibia.com/flor-de-la-v-lo-que-viene-despues-de-decir-basta/
171491,¿Quiénes somos?,https://www.revistaanfibia.com/censo-2022-quienes-somos/
172127,Nuestra banda de garaje pituca y futurista,https://www.revistaanfibia.com/nuestra-banda-de-garaje-pituca-y-futurista/
172178,Bailar como si el mundo aún valiera la pena,https://www.revistaanfibia.com/bailar-como-si-el-mundo-aun-valiera-la-pena/
172213,Ni lobos ni caperucitas: otras formas de hacerse cargo,https://www.revistaanfibia.com/boca-juniors-sebastian-villa-ni-lobos-ni-caperucitas-otras-formas-de-hacerse-cargo/
172245,"La batalla cultural de las ""nuevas derechas""",https://www.revistaanfibia.com/javier-milei-la-batalla-cultural-de-las-nuevas-derechas/
172318,Una apuesta por vivir bonito,https://www.revistaanfibia.com/elecciones-en-colombia-petro-una-apuesta-por-vivir-bonito/
172359,Desconectarse o sufrir,https://www.revistaanfibia.com/desconectarse-o-sufrir/
172394,"Terrorismo, espías y amores frustrados",https://www.revistaanfibia.com/terrorismo-espias-y-amores-frustrados/
172289,El oráculo del canto nativo,https://www.revistaanfibia.com/el-oraculo-del-canto-nativo/
172383,Cómo enseñar a enamorarse de la libertad,https://www.revistaanfibia.com/violencia-en-chile-como-ensenar-a-enamorarse-de-la-libertad/
172684,Los fundamentalistas del mercado asedian la democracia,https://www.revistaanfibia.com/buffalo-texas-partido-republicano-los-fundamentalistas-del-mercado-asedian-la-democracia/
172759,Entre dar cringe y hacer las cosas bien,https://www.revistaanfibia.com/rodolfo-hernandez-entre-dar-cringe-y-hacer-las-cosas-bien/
172934,"DEA, Drogas y poder local",https://www.revistaanfibia.com/dea-drogas-y-poder-local/
172967,No hay justicia para las malas víctimas,https://www.revistaanfibia.com/johnny-depp-amber-heard-no-hay-justicia-para-las-malas-victimas/
172985,Futuro kitsch,https://www.revistaanfibia.com/futuro-kitsch/
173077,"Miro, luego existo",https://www.revistaanfibia.com/el-publicole-public-the-audience-miro-luego-existo/
173237,El otoño de la Iglesia Católica,https://www.revistaanfibia.com/papa-francisco-el-otono-de-la-iglesia-catolica/
173502,"Exguerrilleros, torturadores y gendarmes farsantes",https://www.revistaanfibia.com/exguerrilleros-torturadores-y-gendarmes-farsantes/
173607,La ruta de las armas a Bolivia,https://www.revistaanfibia.com/la-ruta-de-las-armas-a-bolivia/
172983,Una poesía surrealista para la esperanza,https://www.revistaanfibia.com/zapatistas-en-europa/
173622,Chile: todo lo que puede un librito azul,https://www.revistaanfibia.com/constitucion-chile-todo-lo-que-puede-un-librito-azul/
115065,Manual de instrucciones para hablar con E,https://www.revistaanfibia.com/manual-de-instrucciones-para-hablar-con-e/
173876,"Zapatos para pensar, libros para adornar. Y viceversa",https://www.revistaanfibia.com/zapatos-para-pensar-libros-para-adornar-y-viceversa/
174008,El detrás de escena de la Justicia,https://www.revistaanfibia.com/poder-judicial-el-detras-de-escena-de-la-justicia/
172293,Propuestas para no perder el control,https://www.revistaanfibia.com/tecnoceno-propuestas-para-no-perder-el-control/
1829,Escribir un padre,https://www.revistaanfibia.com/escribir-un-padre/
174316,Los desafíos de prometer una nueva historia,https://www.revistaanfibia.com/los-desafios-de-prometer-una-nueva-historia/
174431,El océano y la atmósfera son contacto estrecho,https://www.revistaanfibia.com/calentamiento-global-el-oceano-y-la-atmosfera-son-contacto-estrecho/
174588,La igualada que se cree con derecho a gobernar,https://www.revistaanfibia.com/francia-marquez-la-igualada-que-se-cree-con-derecho-a-gobernar/
174643,Fragmentos de un discurso político,https://www.revistaanfibia.com/fragmentos-de-un-discurso-politico/
106023,Noqueado,https://www.revistaanfibia.com/noqueado/
174733,"La vida, eso que pasa entre pantallas y algoritmos",https://www.revistaanfibia.com/entorno-digital-la-vida-eso-que-pasa-entre-pantallas-y-algoritmos/
174752,Estado y trabajo ¿Asunto separado?,https://www.revistaanfibia.com/estado-y-trabajo-asunto-separado/
174778,Las causas feministas y los derechos sociales,https://www.revistaanfibia.com/las-causas-feministas-y-los-derechos-sociales/
68459,Hijos de represores: del dolor a la acción,https://www.revistaanfibia.com/hijos-represores-del-dolor-la-accion/
92708,"El lobo, en el bosque",https://www.revistaanfibia.com/el-lobo-en-el-bosque/
66481,Marché contra mi padre genocida,https://www.revistaanfibia.com/marche-contra-mi-padre-genocida/
174907,La sed del arroz en Paraguay,https://www.revistaanfibia.com/la-sed-del-arroz-en-paraguay/
174810,Vía crucis en el coliseo peronista,https://www.revistaanfibia.com/via-crucis-en-el-coliseo-peronista/
174859,Un horizonte para recuperar capital político,https://www.revistaanfibia.com/un-horizonte-para-recuperar-capital-politico/
175032,¿Qué quiere Cristina?,https://www.revistaanfibia.com/que-quiere-cristina/
175058,Los ignorados de siempre ahora son protagonistas,https://www.revistaanfibia.com/los-ignorados-de-siempre-ahora-son-protagonistas/
175100,El viejo truco de quemar el banco central,https://www.revistaanfibia.com/el-viejo-truco-de-quemar-el-banco-central/
175147,Con la plata de mis impuestos,https://www.revistaanfibia.com/con-la-plata-de-mis-impuestos/
175168,¿A quién mira Mamma Roma?,https://www.revistaanfibia.com/a-quien-mira-mamma-roma-pier-paolo-pasolini/
175262,"La Constitución, un best seller para la historia",https://www.revistaanfibia.com/chile-la-constitucion-un-best-seller-para-la-historia/
175482,Una red para evitar la intemperie,https://www.revistaanfibia.com/una-red-para-evitar-la-intemperie/
175505,Basta de poner huevo,https://www.revistaanfibia.com/basta-de-poner-huevo/
175562,Entre el cambio y la indignación por la desigualdad,https://www.revistaanfibia.com/entre-el-cambio-y-la-indignacion-por-la-desigualdad/
175567,Evita vuelve,https://www.revistaanfibia.com/evita-vuelve/
175702,Hacer bolsa la economía,https://www.revistaanfibia.com/silobolsas-hacer-bolsa-la-economia/
175550,Mil formas de ser Colombia,https://www.revistaanfibia.com/mil-formas-de-ser-colombia/
175977,Cómo frenar la calesita,https://www.revistaanfibia.com/como-frenar-la-calesita/
176057,Falta el Brujo,https://www.revistaanfibia.com/santiago-maldonado-falta-el-brujo/
176027,Una reacción contra la ingobernabilidad,https://www.revistaanfibia.com/una-reaccion-contra-la-ingobernabilidad/
176041,La construcción de Sergio Massa,https://www.revistaanfibia.com/la-construccion-de-sergio-massa/
176487,Derechos para la sociedad poslaboral,https://www.revistaanfibia.com/salario-basico-universal-derechos-para-la-sociedad-poslaboral/
176611,Las dos oportunidades,https://www.revistaanfibia.com/colombia-petro-las-dos-oportunidades/
148555,Nada personal,https://www.revistaanfibia.com/nada-personal/
176845,De salvajes y buscas,https://www.revistaanfibia.com/de-ladrones-a-narcos/
176681,Toda muerte es un pollo crudo,https://www.revistaanfibia.com/toda-muerte-es-un-pollo-crudo/
177387,Política y humor social cuando los precios vuelan,https://www.revistaanfibia.com/inflacion-record-politica-y-humor-social-cuando-los-precios-vuelan/
175450,"Bioeconomía: biología, innovación y ambiente",https://www.revistaanfibia.com/bioeconomia-biologia-innovacion-y-ambiente/
175430,Propuestas para recalcular la actividad minera,https://www.revistaanfibia.com/propuestas-para-recalcular-la-actividad-minera/
175456,Mucho más que soja: imaginar el campo del futuro,https://www.revistaanfibia.com/mucho-mas-que-soja-imaginar-el-campo-del-futuro/
175441,Transición energética para ver y tocar,https://www.revistaanfibia.com/transicion-energetica-para-ver-y-tocar/
177980,El canibalismo libertario,https://www.revistaanfibia.com/el-canibalismo-libertario/
178285,Hablar es perder siempre,https://www.revistaanfibia.com/hablar-es-perder-siempre/
178383,Gabriela Mistral: un amor que no calla,https://www.revistaanfibia.com/gabriela-mistral-un-amor-que-no-calla/
178555,Salir del empate hegemónico,https://www.revistaanfibia.com/salir-del-empate-hegemonico/
178537,Ellas van por todo,https://www.revistaanfibia.com/ellas-van-por-todo/
178567,El incómodo debate de la pena de muerte,https://www.revistaanfibia.com/el-incomodo-debate-de-la-pena-de-muerte/
178697,"Adiós, Zalo",https://www.revistaanfibia.com/adios-zalo-reyes/
178530,Investigar y documentar para que no se repita,https://www.revistaanfibia.com/investigar-y-documentar-para-que-no-se-repita/
178743,Volver a unir lo que estaba desunido,https://www.revistaanfibia.com/volver-a-unir-lo-que-estaba-desunido/
178847,Trasladar la defensa a la arena pública,https://www.revistaanfibia.com/trasladar-la-defensa-a-la-arena-publica/
178865,Toda imagen representa un guión,https://www.revistaanfibia.com/toda-imagen-representa-un-guion/
178974,Fue el odio,https://www.revistaanfibia.com/atentado-a-cristina-fernandez-de-kirchner-fue-el-odio/
178920,Ofertas para superar la incertidumbre social,https://www.revistaanfibia.com/ofertas-para-superar-la-incertidumbre-social/
178922,Un grito en medio del silencio de la iglesia,https://www.revistaanfibia.com/chile-constitucion-un-grito-en-medio-del-silencio-de-la-iglesia/
179051,Al odio no se lo lleva el viento,https://www.revistaanfibia.com/atentado-a-cristina-al-odio-no-se-lo-lleva-el-viento/
179031,Sin balas en la recámara,https://www.revistaanfibia.com/atentado-cristina-fernandez-kirchner-sin-balas-en-la-recamara/
179072,Un canto de cuidado,https://www.revistaanfibia.com/atentado-a-cristina-un-canto-de-cuidado/
179168,Hoy día yo llego hasta aquí,https://www.revistaanfibia.com/chile-hoy-dia-yo-llego-hasta-aqui/
179181,Estamos en shock,https://www.revistaanfibia.com/chile-estamos-en-shock/
179219,La amenaza indígena,https://www.revistaanfibia.com/la-amenaza-indigena/
179264,Cuidado con las hidropónicas,https://www.revistaanfibia.com/chile-cuidado-con-las-hidroponicas/
179340,Rebeldes punitivos,https://www.revistaanfibia.com/rebeldes-punitivos/
179288,Amigos y fantasmas en la imprenta de papá,https://www.revistaanfibia.com/imprenteros-amigos-y-fantasmas-en-la-imprenta-de-papa/
179485,¿Cómo enseñar a leer y escribir?,https://www.revistaanfibia.com/como-ensenar-a-leer-y-escribir/
179529,La realidad puede ser una rata,https://www.revistaanfibia.com/la-realidad-puede-ser-una-rata/
179564,Un mundo para ellos dos,https://www.revistaanfibia.com/better-call-saul-un-mundo-para-ellos-dos/
179595,"El pesimismo de la razón, 100 años después",https://www.revistaanfibia.com/italia-meloni-el-pesimismo-de-la-razon-100-anos-despues/
179702,Instrucciones para salvar la poesía,https://www.revistaanfibia.com/instrucciones-para-salvar-la-poesia/
179690,El Estado no puede torturar,https://www.revistaanfibia.com/argentina-1985-el-estado-no-puede-torturar/
179794,La empleada bajo sospecha,https://www.revistaanfibia.com/la-empleada-bajo-sospecha/
179788,La revolución de bajar un cambio,https://www.revistaanfibia.com/la-revolucion-de-bajar-un-cambio/
179748,Desde los humedales,https://www.revistaanfibia.com/desde-los-humedales/
179833,Que no haya segunda vuelta,https://www.revistaanfibia.com/que-no-haya-segunda-vuelta/
179878,Furia roja y resistencia negra,https://www.revistaanfibia.com/furia-roja-y-resistencia-negra/
179930,El bolsonarismo echa raíces,https://www.revistaanfibia.com/el-bolsonarismo-echa-raices/
179964,La política educativa de la mano dura,https://www.revistaanfibia.com/soledad-acuna-la-politica-educativa-de-la-mano-dura/
179977,¿Cuántos asados vale un campeonato de las pibas?,https://www.revistaanfibia.com/futbol-femenino-cuantos-asados-vale-un-campeonato-de-las-pibas/
180016,El apagón y un puñado de estrellas,https://www.revistaanfibia.com/el-apagon-y-un-punado-de-estrellas/
180053,"Sin salida, entre gases y balas de goma",https://www.revistaanfibia.com/boca-gimnasia-la-plata-sin-salida-entre-gases-y-balas-de-goma/
180094,Imágenes para conversar con la comunidad mapuche,https://www.revistaanfibia.com/imagenes-para-conversar-con-la-comunidad-mapuche/
180121,Mi amigo el juez,https://www.revistaanfibia.com/mi-amigo-el-juez/
174178,Con el pudor de los sobrevivientes,https://www.revistaanfibia.com/cristian-alarcon-el-tercer-paraiso-con-el-pudor-de-los-sobrevivientes/
180117,¿Peor que el fascismo?,https://www.revistaanfibia.com/giorgia-meloni-derecha-radical-italia-peor-que-el-fascismo/
180181,Cuidar es amor y trabajo,https://www.revistaanfibia.com/cuidar-es-amor-y-trabajo/
180229,El perfume de la memoria,https://www.revistaanfibia.com/annie-ernaux-el-perfume-de-la-memoria/
180315,Las mayorías eran otras,https://www.revistaanfibia.com/las-mayorias-eran-otras/
180310,Hoy tu cara está en todas las remeras,https://www.revistaanfibia.com/hoy-tu-cara-esta-en-todas-las-remeras/
180498,¿Para qué?: el PRO en su disyuntiva,https://www.revistaanfibia.com/interna-para-que-el-pro-en-su-disyuntiva/
180545,Monterrey: cuando las Ríos se quedan sin agua,https://www.revistaanfibia.com/que-pasa-cuando-las-rios-se-quedan-sin-agua/
180577,"Chongos, cyborgs y papota",https://www.revistaanfibia.com/chongos-cyborgs-y-papota/
180639,El espejo de las izquierdas latinoamericanas,https://www.revistaanfibia.com/el-espejo-de-las-izquierdas-latinoamericanas/
180688,"Nosotras, ellas y las otras",https://www.revistaanfibia.com/mujeres-derechas-latinoamericanas-nosotras-ellas-y-las-otras/
180396,Con tanta furia como anticipación,https://www.revistaanfibia.com/con-tanta-furia-como-anticipacion/
180620,Rhaenyra la del barrio,https://www.revistaanfibia.com/house-of-the-dragon-rhaenyra-la-del-barrio/
180766,Los magnates de los nueve ceros,https://www.revistaanfibia.com/los-magnates-de-los-nueve-ceros-99-contra-el-1/
181056,La verdadera vanguardia,https://www.revistaanfibia.com/la-verdadera-vanguardia/
180794,Cómo volver a mirar un mapa,https://www.revistaanfibia.com/como-volver-a-mirar-un-mapa/
180828,Otoño Persa,https://www.revistaanfibia.com/otono-persa/
180864,"Late, late, nola",https://www.revistaanfibia.com/late-late-nola/
180901,¿Quién quiere ser normal?,https://www.revistaanfibia.com/quien-quiere-ser-normal/
180979,Las cinéfilas,https://www.revistaanfibia.com/las-cinefilas-festival-cine-mar-del-plata/
181067,¿Qué hacemos con las TERFs?,https://www.revistaanfibia.com/que-hacemos-con-las-terfs/
180280,La paz y la guerra se han vuelto sinónimos,https://www.revistaanfibia.com/la-paz-y-la-guerra-se-han-vuelto-sinonimos/
181321,Quedémonos hablando toda la noche,https://www.revistaanfibia.com/quedemonos-hablando-toda-la-noche/
181271,"Ñoña, intensa, encantadora",https://www.revistaanfibia.com/nona-intensa-encantadora/
181235,El abrazo más hermoso del mundo,https://www.revistaanfibia.com/el-abrazo-mas-hermoso-del-mundo/
181370,La incomodidad de su herencia,https://www.revistaanfibia.com/la-incomodidad-de-su-herencia-hebe-de-bonafini/
181388,“¡No se conviertan en burócratas!”,https://www.revistaanfibia.com/no-se-conviertan-en-burocratas/
181469,Tecno-utopías para más capitalismo,https://www.revistaanfibia.com/tecno-utopias-para-mas-capitalismo/
169085,Incomodar la masculinidad,https://www.revistaanfibia.com/violacion-grupal-palermo-incomodar-la-masculinidad/
181570,La Sociedad del Cuidado: un horizonte feminista,https://www.revistaanfibia.com/la-sociedad-del-cuidado-un-horizonte-feminista/
181581,¿Siempre es buena una alegría para un pueblo triste?,https://www.revistaanfibia.com/mundial-78-siempre-es-buena-una-alegria-para-un-pueblo-triste/
181690,Los nudos de odio de nuestras democracias,https://www.revistaanfibia.com/los-nudos-de-odio-de-nuestras-democracias/
181739,A coger que el mundo ya se acabó,https://www.revistaanfibia.com/a-coger-que-el-mundo-ya-se-acabo/
181748,Contra el imperativo de superarlo todo,https://www.revistaanfibia.com/contra-el-imperativo-de-superarlo-todo/
181801,La amnesia infantil,https://www.revistaanfibia.com/la-amnesia-infantil/
181817,La única certeza es la existencia de un cadáver,https://www.revistaanfibia.com/la-unica-certeza-es-la-existencia-de-un-cadaver/
181873,Podemos hablar,https://www.revistaanfibia.com/tomas-rebord-podemos-hablar/
181914,Se cubren entre ellos,https://www.revistaanfibia.com/se-cubren-entre-ellos/
181960,La impunidad y la inmunidad del poder,https://www.revistaanfibia.com/la-impunidad-y-la-inmunidad-del-poder/
181977,El jugador que nos habíamos perdido está acá,https://www.revistaanfibia.com/messi-el-jugador-que-nos-habiamos-perdido-esta-aca/
182007,"No es lawfare, es conspiración",https://www.revistaanfibia.com/no-es-lawfare-es-conspiracion/
182026,"No es hartazgo, es peronismo",https://www.revistaanfibia.com/cristina-fernandez-de-kirchner-no-es-hartazgo-es-peronismo/
182065,Brasil en trance,https://www.revistaanfibia.com/brasil-en-trance/
182100,La belleza eterna,https://www.revistaanfibia.com/messi-la-belleza-eterna/
182115,La Bombonera en Qatar,https://www.revistaanfibia.com/la-bombonera-en-qatar/
182200,El fútbol se lo debía a su Dios,https://www.revistaanfibia.com/el-futbol-se-lo-debia-a-su-dios/
182287,Un potrero tomado por las masas,https://www.revistaanfibia.com/un-potrero-tomado-por-las-masas/
182312,Cuánto dura la felicidad,https://www.revistaanfibia.com/cuanto-dura-la-felicidad/
182338,La copa no se mancha,https://www.revistaanfibia.com/la-copa-no-se-mancha/
182368,Argentina es una fiesta,https://www.revistaanfibia.com/argentina-es-una-fiesta/
182402,Te vi en línea y te escribí,https://www.revistaanfibia.com/renuncia-silenciosa-te-vi-en-linea-y-te-escribi/
182415,Cuando la participación no es un mito,https://www.revistaanfibia.com/cuando-la-participacion-no-es-un-mito/
182447,Esa obstinación por ser argentinos,https://www.revistaanfibia.com/seleccion-pueblo-esa-obstinacion-por-ser-argentinos/
182534,El rey de un mundo perdido,https://www.revistaanfibia.com/el-rey-de-un-mundo-perdido/
177027,Un vínculo es un work in progress,https://www.revistaanfibia.com/periodismo-performatico-todo-vinculo-es-un-work-in-progress/
181156,Ya ganamos la tercera,https://www.revistaanfibia.com/diario-del-mundial/
144630,Rugbiers: matar para ser macho,https://www.revistaanfibia.com/rugbiers-matar-para-ser-macho/
182604,¿Noticias? ¡No quiero saber más nada!,https://www.revistaanfibia.com/noticias-no-quiero-saber-mas-nada/
182627,Vivir al filo de la muerte,https://www.revistaanfibia.com/vivir-al-filo-de-la-muerte/
146528,"Aceleración técnica y accidentes ""normales""",https://www.revistaanfibia.com/la-pandemia-accidente-normal/
182717,Las señales estaban ahí,https://www.revistaanfibia.com/brasil-democracia-bolsonaro-lula-las-senales-estaban-ahi/
182507,"""Con Gabriel no hemos terminado ni vamos a terminar""",https://www.revistaanfibia.com/con-gabriel-no-hemos-terminado-ni-vamos-a-terminar/
182496,La última primera dama,https://www.revistaanfibia.com/la-ultima-primera-dama/
182754,Los últimos días de la Bestia,https://www.revistaanfibia.com/brasil-los-ultimos-dias-de-la-bestia/
182786,No somos objetos del folclore,https://www.revistaanfibia.com/no-somos-objetos-del-folclore/
154232,Todo lo que toca supera el millón,https://www.revistaanfibia.com/bizarrap-todo-lo-que-toca-supera-el-millon/
182827,Ojos de video tape,https://www.revistaanfibia.com/aftersun-ojos-de-video-tape/
182925,La raza no existe,https://www.revistaanfibia.com/la-raza-no-existe/
182972,Verde memoria mineral,https://www.revistaanfibia.com/verde-memoria-mineral/
182947,"Cuando menos se la espera, la revolución",https://www.revistaanfibia.com/cuando-menos-se-la-espera-la-revolucion/
182970,"Asado, fernet y cumbia en el desierto",https://www.revistaanfibia.com/asado-fernet-y-cumbia-en-el-desierto/
180405,"Teresa, la que nació presa",https://www.revistaanfibia.com/teresa-la-que-nacio-presa/
182989,¿Quién quiere una moneda común?,https://www.revistaanfibia.com/quien-quiere-una-moneda-comun/
183032,Aguas turbias,https://www.revistaanfibia.com/aguas-turbias/
183053,La toma de Lima,https://www.revistaanfibia.com/la-toma-de-lima/
183083,El zorro en el gallinero,https://www.revistaanfibia.com/el-zorro-en-el-gallinero/
183097,Comer y coger,https://www.revistaanfibia.com/comer-y-coger/
183119,Un hombre que sigue pájaros,https://www.revistaanfibia.com/un-hombre-que-sigue-pajaros/
183262,Una terapia de 40 millones de dólares,https://www.revistaanfibia.com/una-terapia-de-40-millones-de-dolares/
183219,"""Hasta el día que les den perpetua""",https://www.revistaanfibia.com/fernando-baez-sosa/
183320,El día más triste del puerto de Corral,https://www.revistaanfibia.com/el-dia-mas-triste-del-puerto-de-corral/
183380,400 ilusiones y un millón de preguntas,https://www.revistaanfibia.com/reproduccion-asistida-400-ilusiones-y-un-millon-de-preguntas/
183438,Olor a pólvora en el barrio,https://www.revistaanfibia.com/olor-a-polvora-en-el-barrio/
183460,La batalla de Lusail,https://www.revistaanfibia.com/argentina-paises-bajos-batalla-de-lusail/
46041,"Messi, Maradona y la argentinidad",https://www.revistaanfibia.com/inventos-confusiones-disparates/
178298,Llámame por mi nombre,https://www.revistaanfibia.com/llamame-por-mi-nombre-periodismo-performatico/
183523,"La incomodidad, ese fuego de ciertas preguntas",https://www.revistaanfibia.com/la-incomodidad-ese-fuego-de-ciertas-pregunta/
183688,Cambios en el mundo feliz de Silicon Valley,https://www.revistaanfibia.com/cambios-en-el-mundo-feliz-de-silicon-valley/
183762,Estar sin nacionalidad es como estar en un limbo,https://www.revistaanfibia.com/daniel-ortega-deportados-estar-sin-nacionalidad-estar-en-un-limbo/
183797,Un nuevo realismo,https://www.revistaanfibia.com/ficciones/
183790,Ficciones contra la postverdad,https://www.revistaanfibia.com/ficciones-contra-la-postverdad/
183851,Los dos Albertos,https://www.revistaanfibia.com/apertura-de-sesiones-los-dos-albertos/
183867,La paz es un sueño eterno,https://www.revistaanfibia.com/rusia-ucrania-la-paz-es-un-sueno-eterno/
183917,La última batalla,https://www.revistaanfibia.com/juicio-politico-a-la-corte-la-ultima-batalla/
183959,Pedro Popstar,https://www.revistaanfibia.com/pedro-pascal-popstar/
184005,"No estamos desorientadas, estamos recalculando",https://www.revistaanfibia.com/no-estamos-desorientadas-estamos-recalculando/
184029,Todo debería ser maravilloso,https://www.revistaanfibia.com/ailton-krenak-todo-deberia-ser-maravilloso/
184054,¿Quién puede ver una peli de un tirón?,https://www.revistaanfibia.com/quien-puede-ver-una-peli-de-un-tiron/
184113,Una vida con puertas y ventanas cerradas,https://www.revistaanfibia.com/una-vida-con-puertas-y-ventanas-cerradas/
184080,Algo de vos llega hasta mí,https://www.revistaanfibia.com/infancia-y-juventud-fito-paez-algo-de-vos-llega-hasta-mi/
183920,"El cuerpo, ese instrumento animado",https://www.revistaanfibia.com/el-cuerpo-ese-instrumento-animado/
184140,¿Quién quiere ser docente?,https://www.revistaanfibia.com/quien-quiere-ser-docente/
46919,Under para siempre,https://www.revistaanfibia.com/enrique-symns-under-para-siempre/
184228,Nunca me abandones,https://www.revistaanfibia.com/the-last-of-us-nunca-me-abandones/
184298,Todo fallo es político,https://www.revistaanfibia.com/todo-fallo-es-politico/
184328,Merezco quedarme en este mundo,https://www.revistaanfibia.com/cancer-de-mama-merezco-quedarme-en-este-mundo/
184357,"Ella baila sobre el mar, ella se va",https://www.revistaanfibia.com/trenque-lauquen-ella-baila-sobre-el-mar-ella-se-va/
184371,El deseo y la liberación sexual como resistencia,https://www.revistaanfibia.com/el-deseo-y-la-liberacion-sexual-como-resistencia/
184462,"Los míos, los tuyos, los nuestros: todos desaparecidos",https://www.revistaanfibia.com/los-mios-los-tuyos-los-nuestros-todos-desaparecidos/
184484,Todo en todas partes al mismo tiempo,https://www.revistaanfibia.com/silicon-valley-bank-todo-en-todas-partes-al-mismo-tiempo/
184506,El sociólogo en busca del escritor,https://www.revistaanfibia.com/el-sociologo-en-busca-del-escritor/
184523,El fútbol como un juego,https://www.revistaanfibia.com/pablo-aimar-el-futbol-como-un-juego/
184572,Compañeras en la gran casa-matria,https://www.revistaanfibia.com/dora-barrancos-companeras-en-la-gran-casa-matria/
184689,Ella creía que nadie amaba sus poemas,https://www.revistaanfibia.com/ella-creia-que-nadie-amaba-sus-poemas/
184607,Las personas hablan cuando pueden,https://www.revistaanfibia.com/abuso-infantil-las-personas-hablan-cuando-pueden/
184642,El camino de las soluciones iliberales,https://www.revistaanfibia.com/nayib-bukele-el-camino-de-las-soluciones-iliberales/
184704,Niñxs jugando con una bomba,https://www.revistaanfibia.com/inteligencia-artificial/
184762,El niño cinéfilo,https://www.revistaanfibia.com/damian-szifron-el-nino-cinefilo/
184848,La mirada que desaparece entre píxeles,https://www.revistaanfibia.com/la-mirada-que-desaparece-entre-pixeles/
184794,Pensar la seguridad desde el miedo,https://www.revistaanfibia.com/pensar-la-seguridad-desde-el-miedo/
184837,A la intemperie,https://www.revistaanfibia.com/femicidio-maria-isabel-aquino-a-la-intemperie/
184892,La naturaleza política de la desilusión,https://www.revistaanfibia.com/frente-de-todos-la-naturaleza-politica-de-la-desilusion/
184905,Sequía de dólares,https://www.revistaanfibia.com/crisis-climatica-sequia-de-dolares/
184951,Juntos por la revancha,https://www.revistaanfibia.com/derechas-juntos-por-la-revancha/
184992,"Rosario, ciudad bastarda",https://www.revistaanfibia.com/rosario-ciudad-bastarda/
185038,Eso que suena es la sociedad implosionando,https://www.revistaanfibia.com/eso-que-suena-es-la-sociedad-implosionando/
185054,Etiquetado frontal para lxs bebés del futuro,https://www.revistaanfibia.com/etiquetado-frontal-para-lxs-bebes-del-futuro/
185189,"Unificar o desdoblar, esa es la cuestión",https://www.revistaanfibia.com/unificar-o-desdoblar-esa-es-la-cuestion/
185213,"Alquilar: sótano siempre, nunca terraza",https://www.revistaanfibia.com/alquilar-sotano-siempre-nunca-terraza/
185357,El multiverso Tapia,https://www.revistaanfibia.com/el-multiverso-chiqui-tapia/
185503,"De Cartes a Payo, la transformación del tablero electoral",https://www.revistaanfibia.com/elecciones-paraguay-cartes-payo-partido-colorado/
185514,Sindicalismo y política: el futuro del cambio social,https://www.revistaanfibia.com/sindicalismo-y-politica-el-futuro-del-cambio-social/
185095,Antes era otra cosa,https://www.revistaanfibia.com/anteultimos-antes-era-otra-cosa/
185610,"“Buonasera, napoletani”",https://www.revistaanfibia.com/napoli-campeon-maradona-osimhen-buonasera-napoletani/
185670,La culpa no es nuestra,https://www.revistaanfibia.com/la-culpa-no-es-nuestra/
185696,Siga participando,https://www.revistaanfibia.com/siga-participando/
185100,"No falta trabajo, falta guita",https://www.revistaanfibia.com/no-falta-trabajo-falta-guita/
185749,"Punitivismo, ese paradigma invisible",https://www.revistaanfibia.com/punitivismo-ese-paradigma-invisible-el-conflicto-no-es-abuso/
185846,Un dandi soberano,https://www.revistaanfibia.com/martin-caparros-un-dandi-soberano/
185090,Me cuidan mis vecinos,https://www.revistaanfibia.com/anteultimos-me-cuidan-mis-vecinos/
185921,El método Pagni,https://www.revistaanfibia.com/el-metodo-pagni/
185961,Sabemos cómo vamos a morir,https://www.revistaanfibia.com/paco-ignacio-taibo-sabemos-como-vamos-a-morir/
122752,Retratos de una obsesión,https://www.revistaanfibia.com/retratos-de-una-obsesion/
186026,"El pueblo raver, en expansión",https://www.revistaanfibia.com/el-pueblo-raver-en-expansion/
186058,El Estado secreto,https://www.revistaanfibia.com/el-estado-secreto/
186118,¡Se agrandó la familia! Las diversidades y lxs Ingalls,https://www.revistaanfibia.com/se-agrando-la-familia-las-diversidades-y-lxs-ingalls/
185787,"""La corrupción causa la falta de recursos""",https://www.revistaanfibia.com/la-corrupcion-causa-la-falta-de-recursos/
185781,"""Las inversiones llegarán cuando bajen los impuestos""",https://www.revistaanfibia.com/las-inversiones-llegaran-cuando-bajen-los-impuestos/
185778,"""El secreto fiscal es intocable""",https://www.revistaanfibia.com/el-secreto-fiscal-es-intocable/
186222,El kirchnerismo siempre está volviendo,https://www.revistaanfibia.com/el-kirchnerismo-siempre-esta-volviendo/
185766,"""Las grandes empresas son las que más aportan a la recaudación de impuestos""",https://www.revistaanfibia.com/las-grandes-empresas-son-las-que-mas-aportan-a-la-recaudacion-de-impuestos/
185763,"""Para crecer hay que bajar los impuestos""",https://www.revistaanfibia.com/para-crecer-hay-que-bajar-los-impuestos/
185743,"""Los impuestos no influyen en las desigualdades de género""",https://www.revistaanfibia.com/los-impuestos-no-influyen-en-las-desigualdades-de-genero/
185740,"""La presión fiscal nos está asfixiando""",https://www.revistaanfibia.com/la-presion-fiscal-nos-esta-asfixiando/
185737,"""Hay que pagar la deuda, cueste lo que cueste""",https://www.revistaanfibia.com/hay-que-pagar-la-deuda-cueste-lo-que-cueste/
185730,"""La maquinita de imprimir billetes es la única responsable de la inflación""",https://www.revistaanfibia.com/la-maquinita-de-imprimir-billetes-es-la-unica-responsable-de-la-inflacion/
185727,"""Para que el país crezca hay que achicar el Estado""",https://www.revistaanfibia.com/para-que-el-pais-crezca-hay-que-achicar-el-estado/
186277,"Guía para leer el Manual de ""Mitos Impuestos""",https://www.revistaanfibia.com/guia-para-leer-el-manual-de-mitos-impuestos/
184927,"Armar, desarmar y resistir",https://www.revistaanfibia.com/anteultimos-armar-desarmar-y-resistir/
186317,El poliamor después del amor,https://www.revistaanfibia.com/lali-el-poliamor-despues-del-amor/
153483,La agonía de la Argentina blanca,https://www.revistaanfibia.com/migracion-racismo-poder-la-agonia-de-la-argentina-blanca/
154713,Los bordes de la xenofobia,https://www.revistaanfibia.com/bordes-xenofobia/
185153,Una apuesta por el riesgo,https://www.revistaanfibia.com/una-apuesta-por-el-riesgo-las-claves-de-la-escritura-anfibia/
186375,"Papi, mirame",https://www.revistaanfibia.com/succession-papi-mirame/
186398,El entrenador que busca enemigos,https://www.revistaanfibia.com/que-tiene-pep-guardiola-en-la-cabeza/
186442,La hegemonía peronista se dobla pero no se rompe,https://www.revistaanfibia.com/la-hegemonia-peronista-se-dobla-pero-no-se-rompe/
186467,"Wado, el del campo (popular)",https://www.revistaanfibia.com/wado-de-pedro-el-del-campo-popular/
186574,Sororidad en el cruce de saberes populares y académicos,https://www.revistaanfibia.com/escuela-popular-genero-unsam-sororidad-saberes-populares-y-academicos/
186553,Un futuro mejor posible,https://www.revistaanfibia.com/formacion-profesional-un-futuro-mejor-posible/
186534,Esa necesidad de vivir bien,https://www.revistaanfibia.com/observatorio-ambiental-carcova-esa-necesidad-de-vivir-bien/
186582,Una ecología de saberes,https://www.revistaanfibia.com/una-ecologia-de-saberes/
186548,"La UNSAM no está en San Martín, es San Martín",https://www.revistaanfibia.com/la-unsam-no-esta-en-san-martin-es-san-martin/
186560,Sin pan y sin trabajo,https://www.revistaanfibia.com/ernesto-de-la-carcova-sin-pan-y-sin-trabajo/
186561,Montaje discontinuo de una gesta educativa,https://www.revistaanfibia.com/montaje-discontinuo-de-una-gesta-educativa/
186573,Apuntes transuniversitarios,https://www.revistaanfibia.com/apuntes-transuniversitarios/
186832,"Territorios indígenas, reforma y represión",https://www.revistaanfibia.com/jujuy-territorios-indigenas-reforma-y-represion/
187095,"No son lágrimas, son los gases",https://www.revistaanfibia.com/jujuy-no-son-lagrimas-son-los-gases/
186791,Nadie escribe en soledad,https://www.revistaanfibia.com/cristina-rivera-garza-no-ficcion-nadie-escribe-en-soledad/
188020,Aunque fui un niño bueno nunca conocí a los reyes magos,https://www.revistaanfibia.com/aunque-fui-un-nino-bueno-nunca-conoci-a-los-reyes-magos/
187103,"Madres cubanas, la vida cotidiana detrás de la Revolución",https://www.revistaanfibia.com/madres-cubanas-la-vida-cotidiana-detras-de-la-revolucion/
186725,Mi cuerpo es teoría y práctica,https://www.revistaanfibia.com/juan-ferrate-mi-cuerpo-es-teoria-y-practica/
187273,Aprendiendo a decirte hijo,https://www.revistaanfibia.com/aprendiendo-a-decirte-hijo/
186802,Tomar LSD y escribir un paper,https://www.revistaanfibia.com/tomar-lsd-escribir-un-paper/
187383,Los que escuchan el horror,https://www.revistaanfibia.com/los-que-escuchan-el-horror/
186987,En el malecón solo bailamos este son,https://www.revistaanfibia.com/reparto-cubano-en-el-malecon-solo-bailamos-este-son/
187213,No agradeceré que no me mates,https://www.revistaanfibia.com/racismo-no-agradecere-que-no-me-mates/
186780,Los vuelos de Alicia,https://www.revistaanfibia.com/los-vuelos-de-alicia/
186734,Leves gestos de la muerte,https://www.revistaanfibia.com/hector-cordero-gonzalez-leves-gestos-de-la-muerte/
186738,El río de mi memoria,https://www.revistaanfibia.com/sinu-el-rio-de-mi-memoria/
186790,El suicidio se detiene en comunidad,https://www.revistaanfibia.com/el-suicidio-se-detiene-en-comunidad/
186687,El mar corre por mis venas,https://www.revistaanfibia.com/el-mar-corre-por-mis-venas/
186766,La escuela de mucamas del Opus Dei,https://www.revistaanfibia.com/la-escuela-de-mucamas-del-opus-dei/
187516,La conquistualidad permanente,https://www.revistaanfibia.com/jujuy-de-vilcas-y-duenos/
187597,"""Para ganar hay que apostar""",https://www.revistaanfibia.com/para-ganar-hay-que-apostar/
187738,Donde no llega el peronismo llega Grabois,https://www.revistaanfibia.com/donde-no-llega-el-peronismo-llega-grabois/
187782,Cuando la realidad supera a Black Mirror,https://www.revistaanfibia.com/cuando-la-realidad-supera-a-black-mirror/
187832,La utopía de llegar a fin de mes,https://www.revistaanfibia.com/la-utopia-de-llegar-a-fin-de-mes/
187865,"Teatro, arte, capillas, libertad, balbuceos y frenesí",https://www.revistaanfibia.com/fito-paez-teatro-arte-capillas-libertad-balbuceos-y-frenesi/
187999,Los Rappi de Milei,https://www.revistaanfibia.com/los-rappi-de-milei/
188051,¿Podrán los feminismos escapar a la sociedad de control?,https://www.revistaanfibia.com/podran-los-feminismos-escapar-a-la-sociedad-de-control/
188080,Un cuarto propio digital,https://www.revistaanfibia.com/ley-olimpia-un-cuarto-propio-digital/
188191,"Jujuy, postal de la Argentina frágil y en peligro",https://www.revistaanfibia.com/jujuy-postal-argentina-fragil-y-en-peligro-maristella-svampa/
188142,"Nuevas fuerzas, nuevas caras",https://www.revistaanfibia.com/elecciones-paso-santa-fe-nuevas-fuerzas-nuevas-caras/
188183,Manifiesto contra la duda,https://www.revistaanfibia.com/manifiesto-contra-la-duda/
188213,"Alquilar, odisea argentina",https://www.revistaanfibia.com/alquilar-caba-odisea-argentina/
188233,"Muchachas, ahora nos volvimos a ilusionar",https://www.revistaanfibia.com/muchachas-ahora-nos-volvimos-a-ilusionar-mundial-femenino-de-futbol/
188267,La bomba de tiempo de Nolan,https://www.revistaanfibia.com/la-bomba-de-tiempo-de-nolan/
188286,"Pedro Sánchez, el sobreviviente",https://www.revistaanfibia.com/pedro-sanchez-el-sobreviviente-elecciones-espana/
188320,Los padres de la criatura,https://www.revistaanfibia.com/los-padres-de-la-criatura-los-mentores-de-milei/
188334,"Ir al frente, poner el cuerpo, tener aguante",https://www.revistaanfibia.com/ir-al-frente-poner-el-cuerpo-tener-aguante-mundial-femenino-de-futbol/
188377,No hay nada mejor que una nena de goma,https://www.revistaanfibia.com/barbie-no-hay-nada-mejor-que-una-nena-de-goma/
188408,De tal palo: César Aira y su madre escritora,https://www.revistaanfibia.com/de-tal-palo-cesar-aira-y-su-madre-escritora/
188401,Una destreza cosmopolita,https://www.revistaanfibia.com/sonia-budassi-una-destreza-cosmopolita/
188452,"Democratizar el fútbol, trabajar de futbolistas",https://www.revistaanfibia.com/democratizar-el-futbol-trabajar-de-futbolistas-mundial-femenino/
188492,San Benito no es Bad Bunny,https://www.revistaanfibia.com/san-benito-no-es-bad-bunny/
188525,Cómo funciona la economía barrani,https://www.revistaanfibia.com/como-funciona-la-economia-barrani/
76575,Un pensamiento extremo y una acción prudente,https://www.revistaanfibia.com/pensar-a-largo-plazo-y-actuar-en-el-corto/
188568,¿Para qué sirve el arte?,https://www.revistaanfibia.com/persistencia-de-la-pregunta-por-el-arte-para-que-sirve-hernan-borisonik/
188601,"Más bronca, más apatía",https://www.revistaanfibia.com/mas-bronca-mas-apatia/
188621,A la derecha no le alcanza una reforma laboral,https://www.revistaanfibia.com/a-la-derecha-no-le-alcanza-una-reforma-laboral/
188650,El desembarco de la violencia,https://www.revistaanfibia.com/el-desembarco-de-la-violencia/
188663,Ruge la leonera,https://www.revistaanfibia.com/ruge-la-leonera/
188709,Corridos por derecha,https://www.revistaanfibia.com/juntos-por-el-cambio-corridos-por-derecha/
188723,¿Puede Massa frenar la revolución Milei?,https://www.revistaanfibia.com/puede-massa-frenar-la-revolucion-milei/
188734,Lo que cruje es la democracia,https://www.revistaanfibia.com/milei-lo-que-cruje-es-la-democracia/
188769,Un compañero para la Ciudad,https://www.revistaanfibia.com/peronismo-porteno-un-companero-para-la-ciudad/
188802,11 tesis sobre Milei,https://www.revistaanfibia.com/11-tesis-sobre-milei/
188851,Instantáneas del mundo atómico,https://www.revistaanfibia.com/oppenheimer-instantaneas-del-mundo-atomico/
188897,El folclore soy yo,https://www.revistaanfibia.com/soledad-pastorutti-el-folclore-soy-yo/
188909,Hacia una valoración de la diversidad,https://www.revistaanfibia.com/hacia-una-valoracion-de-la-diversidad-2/
188925,Una alternativa desde el Sur Global,https://www.revistaanfibia.com/brics-una-alternativa-desde-el-sur-global/
188966,"Marrón, rural, arquitecto",https://www.revistaanfibia.com/alejandro-montero-marron-rural-arquitecto-unsam/
189072,Objeto comestible no identificado,https://www.revistaanfibia.com/etiquetado-frontal-objeto-comestible-no-identificado/
189161,Postales random para un paisaje audiovisual electrónico,https://www.revistaanfibia.com/postales-random-para-un-paisaje-audiovisual-electronico/
188987,Los días más felices de los represores,https://www.revistaanfibia.com/esma-los-dias-mas-felices-de-los-represores/
181985,"Cristina, el cero y el infinito",https://www.revistaanfibia.com/cristina-el-cero-y-el-infinito/
179318,Tocar lo sagrado,https://www.revistaanfibia.com/tocar-lo-sagrado/
179394,Que tengan miedo de ser kirchneristas,https://www.revistaanfibia.com/revolucion-federal-que-tengan-miedo-de-ser-kirchneristas/
189233,La mordida más feroz de Pablo Larraín,https://www.revistaanfibia.com/la-mordida-mas-feroz-de-pablo-larrain/
189214,El mal negro,https://www.revistaanfibia.com/l-gante-el-mal-negro/
174121,Cómo mantener el deseo en un mundo efímero,https://www.revistaanfibia.com/moria-casan-como-mantener-el-deseo-en-un-mundo-efimero/
189287,Una mamushka inagotable,https://www.revistaanfibia.com/una-mamushka-inagotable/
189258,"Desdolarizar, la madre de todas las batallas",https://www.revistaanfibia.com/geopolitica-internacional-desdolarizar-la-madre-de-todas-las-batallas/
189306,Cartografías del abandono,https://www.revistaanfibia.com/cartografias-del-abandono/
189317,Más ciencia para más desarrollo,https://www.revistaanfibia.com/mas-ciencia-para-mas-desarrollo/
189351,La drag que habito,https://www.revistaanfibia.com/la-drag-que-habito/
189378,¿La dictadura fue un invento?,https://www.revistaanfibia.com/dictadura-chile-a-50-anos/
189394,Documentos que todo lo saben,https://www.revistaanfibia.com/alvaro-puga-documentos-que-todo-lo-saben/
189421,El tetón patrio de la cultura popular,https://www.revistaanfibia.com/el-teton-patrio-de-la-cultura-popular/
189601,No es tan sencillo marginar a las disidencias,https://www.revistaanfibia.com/no-es-tan-sencillo-marginar-a-las-disidencias/
189813,Las máquinas lectoras,https://www.revistaanfibia.com/ficcion-distopica-las-maquinas-lectora/
189917,Cuándo nos robaron la primavera progresista,https://www.revistaanfibia.com/cuando-nos-robaron-la-primavera-progresista/
148689,La heredera de Sanders,https://www.revistaanfibia.com/la-heredera-sanders/
190082,"Corrupción, un asunto de derechos",https://www.revistaanfibia.com/corrupcion-un-asunto-de-derechos/
190094,Qué hacemos con las PASO,https://www.revistaanfibia.com/que-hacemos-con-las-paso/
186688,Mi madre es otra,https://www.revistaanfibia.com/esquizofrenia-mi-madre-es-otra/
190161,"Inteligencia artificial, pero a qué costo",https://www.revistaanfibia.com/inteligencia-artificial-pero-a-que-costo/
190217,Un elogio del inconveniente,https://www.revistaanfibia.com/petzold-un-elogio-del-inconveniente/
2904,Decálogo Wainfeld,https://www.revistaanfibia.com/decalogo-wainfeld/
190229,Salute,https://www.revistaanfibia.com/salute-despedida-mario-wainfeld/
190273,Retrato de una fan incondicional,https://www.revistaanfibia.com/mariana-enriquez-suede-retrato-de-una-fan-incondicional/
190239,Soy trasplantada,https://www.revistaanfibia.com/donacion-de-organos-soy-trasplantada/
188099,"Zambra, el escritor que habla en puntas de pie",https://www.revistaanfibia.com/zambra-el-escritor-que-habla-en-puntas-de-pie/
190337,La ficción es una pista de despegue,https://www.revistaanfibia.com/franzen-la-ficcion-es-una-pista-de-despegue/
190375,Un animal salvaje y cautivo,https://www.revistaanfibia.com/periodismo-performatico-un-animal-salvaje-cautivo/
190462,¿Cómo se construye un candidato?,https://www.revistaanfibia.com/como-se-construye-un-candidato/
190454,La casta es el otro,https://www.revistaanfibia.com/milei-la-casta-es-el-otro/
113375,El punto ciego del progresismo,https://www.revistaanfibia.com/ara-san-juan-el-punto-ciego-del-progresismo/
190528,"Enemigo de Allende, opositor a Pinochet, frenteamplista y peronista",https://www.revistaanfibia.com/thieme-enemigo-de-allende-opositor-a-pinochet-frenteamplista-y-peronista-4/
190519,Volver a la sociología,https://www.revistaanfibia.com/discursos-de-odio-volver-a-la-sociologia/
190556,Ciudad de ecos electrónicos,https://www.revistaanfibia.com/mutek-musica-para-bailar-y-para-contemplar/
190601,Leer en la espuma de las olas,https://www.revistaanfibia.com/leer-en-la-espuma-de-las-olas/
190658,La derecha no perdona,https://www.revistaanfibia.com/alvaro-garcia-linera-la-derecha-no-perdona/
190709,La trampa del mal mayor,https://www.revistaanfibia.com/israel-hamas-la-trampa-del-mal-mayor/
190743,Una nación llamada Basura,https://www.revistaanfibia.com/eduardo-galeano-una-nacion-llamada-basura/
190767,"Sí, pero",https://www.revistaanfibia.com/si-pero/
190800,Un techo para mi inflación,https://www.revistaanfibia.com/un-techo-para-mi-inflacion/
190847,Sin plásticos no hay ecología,https://www.revistaanfibia.com/sin-plasticos-no-hay-ecologia/
190832,La generación saturada,https://www.revistaanfibia.com/ofelia-fernandez-la-generacion-saturada/
190897,Mamushka de democracias,https://www.revistaanfibia.com/mamushka-de-democracias/
190987,El ADN sobreviviente,https://www.revistaanfibia.com/peronismo-el-adn-sobreviviente/
191026,Una festejadita y a seguir,https://www.revistaanfibia.com/peronismo-una-festejadita-y-a-seguir/
191038,Trampa y trampolín,https://www.revistaanfibia.com/dolarizacion-trampa-y-trampolin/
191049,Dios atiende en Buenos Aires,https://www.revistaanfibia.com/dios-atiende-en-buenos-aires/
191079,"Acabo de llegar, no soy un extraño",https://www.revistaanfibia.com/almodovar-acabo-de-llegar-no-soy-un-extrano/
150223,Un peronista de Fiorito,https://www.revistaanfibia.com/un-peronista-de-fiorito/
150187,La muerte de nuestro dios plebeyo,https://www.revistaanfibia.com/la-muerte-dios-plebeyo/
191114,"A la derecha, la pared",https://www.revistaanfibia.com/a-la-derecha-la-pared/
191148,"Muy hablados, poco escuchados",https://www.revistaanfibia.com/muy-hablados-poco-escuchados/
191176,Los likes no son votos,https://www.revistaanfibia.com/los-likes-no-son-votos/
191224,"“Estamos en democracia, ¿qué más quieren?”",https://www.revistaanfibia.com/clics-modernos-charly-garcia-estamos-en-democracia-que-mas-quieren/
191285,Sin control: el universo de Javier Milei,https://www.revistaanfibia.com/sin-control-el-universo-de-javier-milei/
191344,La libertad desesperada,https://www.revistaanfibia.com/inigo-errejon-la-libertad-desesperada/
191369,Mi éxito es todo mío,https://www.revistaanfibia.com/mi-exito-es-todo-mio/
191825,Equilibrios inestables,https://www.revistaanfibia.com/equilibrios-inestables/
191920,Tony Montana flota en el Paraná,https://www.revistaanfibia.com/rosario-tony-montana-flota-en-el-parana/
192014,El apocalipsis ya pasó,https://www.revistaanfibia.com/el-apocalipsis-ya-paso/
191997,Mercado libre educativo,https://www.revistaanfibia.com/mercado-libre-educativo/
192037,"El que se queda quieto, pierde",https://www.revistaanfibia.com/el-triunfo-de-milei-el-que-se-queda-quieto-pierde/
192038,Nada fue suficiente,https://www.revistaanfibia.com/el-triunfo-de-milei-nada-fue-suficiente/
191863,Tecnologías en el arte contemporáneo,https://www.revistaanfibia.com/tecnologias-en-el-arte-contemporaneo/
191556,Un tutorial para entender el mundo,https://www.revistaanfibia.com/un-tutorial-para-entender-el-mundo/
190290,El sofista,https://www.revistaanfibia.com/juan-roman-riquelme-el-sofista/
192173,El sueño de la república alberdiana,https://www.revistaanfibia.com/el-sueno-de-la-republica-alberdiana/
192459,En el rincón de mis tetas,https://www.revistaanfibia.com/en-el-rincon-de-mis-tetas/
192484,Ser el raro,https://www.revistaanfibia.com/autismo-ser-el-raro/
192491,¿Cómo suena un río pavimentado?,https://www.revistaanfibia.com/ecologia-como-suena-un-rio-pavimentado/
192632,El 17 de octubre de Riquelme,https://www.revistaanfibia.com/el-17-de-octubre-de-riquelme-boca-juniors/
192678,Una catástrofe anunciada,https://www.revistaanfibia.com/una-catastrofe-anunciada/
180726,El monstruo de lo real,https://www.revistaanfibia.com/gran-hermano-el-monstruo-de-lo-real/
192726,El pueblo mileísta,https://www.revistaanfibia.com/el-pueblo-mileista/
192846,"Con la democracia se lucha, con la red se cuida",https://www.revistaanfibia.com/con-la-democracia-se-lucha-con-la-red-se-cuida/
192859,Nunca votaría por alguien que te hace daño,https://www.revistaanfibia.com/nunca-votaria-por-alguien-que-te-hace-dano-gran-hermano-chile/
192865,Chile y el fracaso constituyente,https://www.revistaanfibia.com/chile-el-fracaso-constituyente-plebiscito/
182143,Un mes para toda la vida,https://www.revistaanfibia.com/mundial-qatar-un-mes-para-toda-la-vida/
192942,Arrasados por el viento,https://www.revistaanfibia.com/arrasados-por-el-viento-bahia-blanca/
192978,Sin imágenes no hay memoria,https://www.revistaanfibia.com/instantes-fotografias-de-nuestra-historia-sin-imagenes-no-hay-memorias/
193008,El regreso de las cacerolas,https://www.revistaanfibia.com/el-regreso-de-las-cacerolas/
193045,Hay más,https://www.revistaanfibia.com/hay-mas/
193048,Lo dijo y lo hizo,https://www.revistaanfibia.com/dnu-milei-lo-dijo-y-lo-hizo/
192980,Toda herencia es pesada,https://www.revistaanfibia.com/toda-herencia-es-pesada/
193134,"Estoy cansado, jefe",https://www.revistaanfibia.com/burn-out-estoy-cansado-jefe/
193249,"Más rápido, más furioso",https://www.revistaanfibia.com/mas-rapido-mas-furioso/
193372,Domar la vista,https://www.revistaanfibia.com/mariana-telleria-domar-la-vista/
193422,¿Qué hago con mis embriones guardados?,https://www.revistaanfibia.com/que-hago-con-mis-embriones-guardados/
193462,Versiones del fin del mundo,https://www.revistaanfibia.com/testosterona-cristian-alarcon-versiones-del-fin-del-mundo/
192727,La mirada anfibia,https://www.revistaanfibia.com/la-mirada-anfibia-el-2023-ilustrado/
193613,El regreso de los dioses desterrados,https://www.revistaanfibia.com/leda-bergonzi-el-regreso-de-los-dioses-desterrados/
193659,El Estado se desvanece,https://www.revistaanfibia.com/ecuador-el-estado-se-desvanece/
193671,El péndulo inflacionario,https://www.revistaanfibia.com/el-pendulo-inflacionario/
193835,La conquista de lo inútil,https://www.revistaanfibia.com/la-sociedad-de-la-nieve-a-la-conquista-de-lo-inutil/
193869,"El jardín mental, ese terreno fértil",https://www.revistaanfibia.com/testosterona-el-jardin-mental-ese-terreno-fertil/
193831,"Periodismo en urgencia, democracia en crisis",https://www.revistaanfibia.com/periodismo-en-urgencia-democracia-en-crisis/
193953,Hacer de esta nación un desierto,https://www.revistaanfibia.com/milei-hacer-de-esta-nacion-un-desierto/
193969,Nostalgia por un reino sin memoria ni lenguaje,https://www.revistaanfibia.com/nostalgia-por-un-reino-sin-conciencia-memoria-ni-lenguaje/
193993,El manejo del fuego,https://www.revistaanfibia.com/el-manejo-del-fuego/
194011,Nunca se llega a ser varón,https://www.revistaanfibia.com/nunca-se-llega-a-ser-varon/
194051,Las fuerzas del suelo,https://www.revistaanfibia.com/oposicion-fragmentada-las-fuerzas-del-suelo/
194114,La cultura en la contienda,https://www.revistaanfibia.com/la-cultura-en-la-contienda/
194132,No volvamos a ser Potosí,https://www.revistaanfibia.com/no-volvamos-a-ser-potosi/
194285,Mangamorfosis latinoamericana,https://www.revistaanfibia.com/mangamorfosis-latinoamericana/
194152,A toda rosca,https://www.revistaanfibia.com/a-toda-rosca/
194187,Un voto contra la violencia,https://www.revistaanfibia.com/un-voto-contra-la-violencia/
194202,La falsa eficacia del modelo Bukele,https://www.revistaanfibia.com/la-falsa-eficacia-del-modelo-bukele/
194264,Un derechista atípico,https://www.revistaanfibia.com/un-derechista-atipico/
194225,Sin política y sin ley,https://www.revistaanfibia.com/sin-politica-y-sin-ley-omnibus/
194296,No los une el espanto,https://www.revistaanfibia.com/no-los-une-el-espanto/
194316,Escribir hasta desaparecer,https://www.revistaanfibia.com/ghostwriting-escribir-hasta-desaparecer/
194095,El presidente Troll,https://www.revistaanfibia.com/milei-el-presidente-troll/
194355,¡Decime que es fake!,https://www.revistaanfibia.com/decime-que-es-fake/
194392,Espiritualmente judío,https://www.revistaanfibia.com/milei-espiritualmente-judio/
194424,"Corre, corre, inúndalos a todos",https://www.revistaanfibia.com/corre-corre-inundalos-a-todos/
194447,Gramsci vuelve,https://www.revistaanfibia.com/gramsci-vuelve/
194471,Fuera del tiempo,https://www.revistaanfibia.com/the-holdovers-fuera-del-tiempo/
194462,Doce fibras y unos lápices de colores,https://www.revistaanfibia.com/doce-fibras-y-unos-lapices-de-colores-nena-la-pampa/
194484,"Rosario, aquella noche que ya fue",https://www.revistaanfibia.com/rosario-aquella-noche-que-ya-fue/
194529,El fuego y el combustible,https://www.revistaanfibia.com/milei-gobernadores-el-fuego-y-el-combustible/
194549,¿Quién les va a pagar a los docentes?,https://www.revistaanfibia.com/quien-les-va-a-pagar-a-los-docentes/
194606,Un pacto para sobrevivir,https://www.revistaanfibia.com/milei-congreso-un-pacto-para-sobrevivir/
194614,Dame el fuego de tu amor,https://www.revistaanfibia.com/dame-el-fuego-de-tu-amor-anfibia/
194644,Cómo afrontar la crueldad organizada,https://www.revistaanfibia.com/como-afrontar-la-crueldad-organizada/
194707,La vieja moda de explicar todo,https://www.revistaanfibia.com/8-m-la-vieja-moda-de-explicarlo-todo/
194744,Fragmentos de un discurso amoroso,https://www.revistaanfibia.com/past-lives-fragmentos-de-un-discurso-amoroso/
194772,"Un rosario de balaceras, miedo y falopa",https://www.revistaanfibia.com/un-rosario-de-balaceras-miedo-y-falopa/
194797,Zona de sacrificio,https://www.revistaanfibia.com/rosario-zona-de-sacrificio/
194836,Las hermanas bastardas,https://www.revistaanfibia.com/las-hermanas-bastardas-se-puede-ser-feminista-y-mileista/
194879,La masculinidad dañada,https://www.revistaanfibia.com/testosterona-la-masculinidad-danada/
194935,El brutalismo comunicativo de Milei,https://www.revistaanfibia.com/el-brutalismo-comunicativo-de-milei/
194999,100 días y 8 noches,https://www.revistaanfibia.com/milei-100-dias-y-8-noches/
195097,“Me van a tener que sacar muerta”,https://www.revistaanfibia.com/estela-de-carlotto-me-van-a-tener-que-sacar-muerta/
195132,El cuento desaparecido,https://www.revistaanfibia.com/el-cuento-desaparecido-de-rodolfo-walsh/
195160,Pasar la memoria por el cuerpo,https://www.revistaanfibia.com/pasar-la-memoria-por-el-cuerpo-24-de-marzo/
195174,Salir a bailar para recuperar la autoestima,https://www.revistaanfibia.com/rosario-salir-a-bailar-para-recuperar-la-autoestima/
195187,El museo es noticia,https://www.revistaanfibia.com/el-museo-es-noticia/
195266,El libro que no debía ser publicado,https://www.revistaanfibia.com/en-agosto-nos-vemos-el-libro-que-no-debia-ser-publicado/
195119,La mujer que está sola y espera,https://www.revistaanfibia.com/victoria-villarruel-la-mujer-que-esta-sola-y-espera/
195310,¿Es posible una democracia liberal en la Argentina?,https://www.revistaanfibia.com/es-posible-una-democracia-liberal-en-la-argentina/
194852,Dar clases en la era Milei,https://www.revistaanfibia.com/dar-clases-en-la-era-milei-cruzada-cultural-en-el-aula/
195330,"Science, bitch!",https://www.revistaanfibia.com/la-ciencia-al-borde-del-abismo-conicet/
195343,La letra chica del chip sexual,https://www.revistaanfibia.com/menopausia-la-letra-chica-del-chip-sexual/
195373,La movilidad social por otros medios,https://www.revistaanfibia.com/gran-hermano-tucumano-la-movilidad-social-por-otros-medios/
195389,Durmiendo con la generala,https://www.revistaanfibia.com/durmiendo-con-la-generala/
195418,La otra cara de la moneda,https://www.revistaanfibia.com/la-otra-cara-de-la-moneda/
195480,"Acercarnos a la vida, alejarnos de los miedos",https://www.revistaanfibia.com/acercarnos-a-la-vida-alejarnos-de-los-miedos/
195517,Auténticos decadentes,https://www.revistaanfibia.com/autenticos-decadentes-lenguaje-politico-milei-decadencia/
195537,Un dios salvaje,https://www.revistaanfibia.com/glory-hole-un-dios-salvaje/
108799,Tomar en serio la universidad,https://www.revistaanfibia.com/tomar-en-serio-la-universidad/
195556,Creo que aún tal vez piensas en mí,https://www.revistaanfibia.com/creo-que-aun-tal-vez-piensas-en-mi/
190730,La vida imposible,https://www.revistaanfibia.com/la-vida-imposible-medio-oriente/
195622,Enemigos íntimos,https://www.revistaanfibia.com/iran-israel-enemigos-intimos/
195661,Vivir en guerra,https://www.revistaanfibia.com/medio-oriente-vivir-en-guerra/
186543,El lugar donde todo comienza,https://www.revistaanfibia.com/primeras-generaciones-universitarias/
195705,Bajo liberalismo en sangre,https://www.revistaanfibia.com/bajo-liberalismo-en-sangre/
195732,Dinosaurios vivos,https://www.revistaanfibia.com/dinosaurios-vivos-aguilas-coronadas/
195798,Las ideas crecen mejor al pisarlas,https://www.revistaanfibia.com/las-ideas-crecen-mejor-al-pisarlas/
195815,La Furia de Artemisa,https://www.revistaanfibia.com/la-furia-de-artemisa-juliana-scaglione/
191935,Sin Peña ni olvido,https://www.revistaanfibia.com/macri-pena-sin-pena-ni-olvido/
195834,Feminismos vs. casta financiera,https://www.revistaanfibia.com/feminismos-vs-casta-financiera/
195847,Una más y no jugamos más,https://www.revistaanfibia.com/apuestas-online-aulas-una-mas-y-no-jugamos-mas/
195827,Jugale diez lucas al Liverpool,https://www.revistaanfibia.com/ludopatia-jugale-diez-lucas-al-liverpool/
190568,En busca de la memoria perdida,https://www.revistaanfibia.com/periodismo-performatico-en-busca-de-la-memoria-perdida/
195886,Fingir demencia,https://www.revistaanfibia.com/fingir-demencia/
195899,"Empleo privado, ¡afuera!",https://www.revistaanfibia.com/empleo-privado-afuera/
395,"Riman las personas, los objetos y los hechos",https://www.revistaanfibia.com/paul-auster-riman-las-personas-los-objetos-y-los-hechos/
195917,¿Este es tu ídolo?,https://www.revistaanfibia.com/murray-rothbard-este-es-tu-idolo/
195939,Vida en las ruinas capitalistas,https://www.revistaanfibia.com/vida-en-las-ruinas-capitalistas/
196005,El éxito es un abismo,https://www.revistaanfibia.com/cesar-luis-menotti/
196021,La Patria Grande se devora a sí misma,https://www.revistaanfibia.com/la-patria-grande-se-devora-a-si-misma/
196052,"¡Combativos y dialoguistas, uníos!",https://www.revistaanfibia.com/paro-general-combativos-y-dialoguistas-unios/
149565,Las chivas expiatorias de los males del mundo,https://www.revistaanfibia.com/las-chivas-expiatorias-los-males-mundo/
196087,Hay un país (pero no el nuestro),https://www.revistaanfibia.com/lesbicidio-barracas-hay-un-pais-pero-no-el-nuestro/
196113,El Forrest Gump de la política argentina,https://www.revistaanfibia.com/luis-barrionuevo-el-forrest-gump-de-la-politica-argentina/
196128,Contar lo siniestro,https://www.revistaanfibia.com/bebe-reno-contar-lo-siniestro/
196153,Formas de hacerse hombre,https://www.revistaanfibia.com/formas-de-hacerse-hombre/
196159,Cómo conseguir leyes,https://www.revistaanfibia.com/ley-bases-como-conseguir-leyes/
196082,Todo está por terminar,https://www.revistaanfibia.com/todo-esta-por-terminar/
196174,Todos tenemos que llegar a algún lugar,https://www.revistaanfibia.com/viajar-en-tren-todos-tenemos-que-llegar-a-algun-lugar/
196227,Amistades peligrosas,https://www.revistaanfibia.com/amistades-peligrosas-vox-la-libertad-avanza/
196263,La sociedad en punto muerto,https://www.revistaanfibia.com/la-sociedad-en-punto-muerto/
196297,"Un 25 entre cordobesistas, pitucos, culiadazos y gente de bien",https://www.revistaanfibia.com/un-25-entre-cordobesistas-pitucos-culiadazos-y-gente-de-bien/
196323,Tiza y cachiporra,https://www.revistaanfibia.com/tiza-y-cachiporra-protestas-en-misiones/
196331,La amabilidad más allá de lo semántico,https://www.revistaanfibia.com/la-amabilidad-mas-alla-de-lo-semantico/
196394,"Regalos para los grandes, crisis para el resto",https://www.revistaanfibia.com/rigi-ley-bases-regalos-para-los-grandes-crisis-para-el-resto/
196441,"Venceremos, Norita",https://www.revistaanfibia.com/venceremos-norita/
196471,Directo a los ojos,https://www.revistaanfibia.com/directo-a-los-ojos/
196502,La pena del morfi,https://www.revistaanfibia.com/la-pena-del-morfi-o-sea-digamos-diego-iglesias/
196550,La hija de Tlatelolco,https://www.revistaanfibia.com/claudia-sheinbaum-la-hija-de-tlatelolco/
196600,¿Dónde están los varones?,https://www.revistaanfibia.com/donde-estan-los-varones/
196243,¿Cómo se construye una victima?,https://www.revistaanfibia.com/como-se-construye-una-victima/
196629,Psicoanálisis a cielo abierto,https://www.revistaanfibia.com/gaudio-coria-psicoanalisis-a-cielo-abierto/
196668,La literatura sí la vio,https://www.revistaanfibia.com/la-literatura-si-la-vio/
196682,El mapa de medios en la era Milei,https://www.revistaanfibia.com/el-mapa-de-medios-en-la-era-milei/
196737,El topo en su laberinto,https://www.revistaanfibia.com/el-topo-en-su-laberinto-o-sea-digamos-diego-iglesias/
194570,El estado del hambre,https://www.revistaanfibia.com/el-estado-del-hambre/
196758,¿Alcanza el lenguaje para hacer justicias?,https://www.revistaanfibia.com/alcanza-el-lenguaje-ambiental-para-hacer-justicias/
196756,Escrituras de la rabia,https://www.revistaanfibia.com/escrituras-de-la-rabia/
196825,Crímenes del futuro,https://www.revistaanfibia.com/rigi-crimenes-del-futuro/
196882,Palo y a la bolsa,https://www.revistaanfibia.com/ley-bases-palo-y-a-la-bolsa/
196902,Lo que fuimos ya no importa,https://www.revistaanfibia.com/los-dias-afuera-lo-que-fuimos-ya-no-importa/
196932,La casta está de rosca,https://www.revistaanfibia.com/la-casta-esta-de-rosca/
196973,Seis días en cana,https://www.revistaanfibia.com/seis-dias-en-cana-detenidos-ley-bases/
196981,Tu hijo no va a llegar a Primera,https://www.revistaanfibia.com/tu-hijo-no-va-a-llegar-a-primera/
196935,¿Dónde está Jorge Macri?,https://www.revistaanfibia.com/donde-esta-jorge-macri/
174546,La eterna insistencia de Darío y Maxi,https://www.revistaanfibia.com/la-eterna-insistencia-de-dario-y-maxi/
197070,El país de los niños perdidos,https://www.revistaanfibia.com/el-pais-de-los-ninos-perdidos/
197080,Golpe de efecto,https://www.revistaanfibia.com/bolivia-golpe-de-efecto/
197040,Del territorio a los bots,https://www.revistaanfibia.com/del-territorio-a-los-bots/
197026,Una novela que delira con Milei,https://www.revistaanfibia.com/una-novela-que-delira-con-milei/
197115,Estocolmo siempre estuvo lejos,https://www.revistaanfibia.com/estocolmo-siempre-estuvo-lejos/
197129,¿Qué queda de Perón?,https://www.revistaanfibia.com/que-queda-de-peron/
197204,En esta guerra hacen falta gamers,https://www.revistaanfibia.com/en-esta-guerra-hacen-falta-gamers-ucrania/
197235,Una vida tan simulada como Matrix,https://www.revistaanfibia.com/una-vida-tan-simulada-como-matrix/
197258,La pista tiene sus reglas,https://www.revistaanfibia.com/la-pista-tiene-sus-reglas/
196351,El regreso del quetejedi,https://www.revistaanfibia.com/el-regreso-del-quetejedi-federico-sturzenegger/
197272,El niño mimado del Estado,https://www.revistaanfibia.com/marcos-galperin-el-nino-mimado-del-estado/
197281,Sin lugar para los débiles,https://www.revistaanfibia.com/sin-lugar-para-los-debiles/
197299,Domados y organizados,https://www.revistaanfibia.com/domados-y-organizados-pacto-de-mayo/
197305,Todo es plata y ansiedad,https://www.revistaanfibia.com/mark-fisher-todo-es-plata-y-ansiedad/
197330,¿Pero vos le dijiste que no?,https://www.revistaanfibia.com/prima-facie-violencia-contra-las-mujeres/
197346,El extraño mundo de Javo el viajero,https://www.revistaanfibia.com/o-sea-digamos-el-extrano-mundo-de-javo-el-viajero/
183736,El pibe que leía El Gráfico como si fuera la Biblia,https://www.revistaanfibia.com/matias-manna-el-pibe-que-leia-el-grafico-como-si-fuera-la-biblia/
197355,Nos habíamos negado a la belleza,https://www.revistaanfibia.com/messi-di-maria-nos-habiamos-negado-a-la-belleza/
197371,El caso infinito,https://www.revistaanfibia.com/atentado-amia-el-caso-infinito/
197388,El traductor,https://www.revistaanfibia.com/guillermo-francos-el-traductor-de-milei/
197403,"Moverse igual, mientras todo aplasta",https://www.revistaanfibia.com/posguerra-moverse-igual-mientras-todo-aplasta/
197457,Fútbol SAD: sin alma deportiva,https://www.revistaanfibia.com/futbol-sad-sin-alma-deportiva-diego-iglesias-o-sea-digamos/
197469,Revivir a los muertos,https://www.revistaanfibia.com/revivir-a-los-muertos/
149400,La jugada para recuperar la casa blanca,https://www.revistaanfibia.com/kamala-harris-la-jugada-para-recuperar-la-casa-blanca/
197485,La presa infinita,https://www.revistaanfibia.com/nahir-galarza-la-presa-infinita/
197502,Pastillas de coco para enfrentar a Trump,https://www.revistaanfibia.com/kamala-harris-pastillas-de-coco-para-enfrentar-a-trump/
197526,La fiesta de los espías,https://www.revistaanfibia.com/side-la-fiesta-de-los-espias-o-sea-digamos-diego-iglesias/
197557,No te la puedo creer,https://www.revistaanfibia.com/venezuela-no-te-la-puedo-creer/
197595,A llorar al campito,https://www.revistaanfibia.com/a-llorar-al-campito/
197529,El hombre invisible,https://www.revistaanfibia.com/roberto-jacoby-el-hombre-invisible-virus/
197622,Mujeres trabajando,https://www.revistaanfibia.com/mujeres-trabajando-politizar-la-casa/
197626,Atrapado en libertad,https://www.revistaanfibia.com/mauricio-macri-atrapado-en-libertad-o-sea-digamos-diego-iglesias/
197644,El candidato y el presidente,https://www.revistaanfibia.com/milei-el-candidato-y-el-presidente-ernesto-tenembaum/
197708,"No te insulto, te describo",https://www.revistaanfibia.com/alberto-fernandez-violencia-de-genero/
197728,¿Qué es una familia?,https://www.revistaanfibia.com/imprenteros-que-es-una-familia/
197789,"Olímpicos, virales y tiktokeros",https://www.revistaanfibia.com/juegos-olimpicos-virales-y-tiktokeros/
197811,A naufragar,https://www.revistaanfibia.com/a-naufragar-alberto-fernandez-o-sea-digamos-diego-iglesias/
197822,Algoritmo mata pizarrón,https://www.revistaanfibia.com/celular-en-el-aula-algoritmo-mata-pizarron/
197831,La patria metalúrgica,https://www.revistaanfibia.com/la-patria-metalurgica/
197836,Todos los hombres (y mujeres) del presidente,https://www.revistaanfibia.com/el-arca-de-milei-valeria-di-croce/
197545,Nerds digitales,https://www.revistaanfibia.com/los-oficios-del-arte-digital/
197860,Peronismo y confusión: pensar la debacle,https://www.revistaanfibia.com/peronismo-y-confusion-pensar-la-debacle/
197870,Somos los piratas,https://www.revistaanfibia.com/somos-los-piratas-futbol-libre-industria-audiovisual/
197882,La democracia cruel,https://www.revistaanfibia.com/la-democracia-cruel-desquiciados-siglo-xxi/
197929,"¡Viva la libertad de excreción, carajo!",https://www.revistaanfibia.com/viva-la-libertad-de-excrecion-carajo-o-sea-digamos-diego-iglesias/
197944,Mano dura y radical,https://www.revistaanfibia.com/pullaro-mano-dura-y-radical/
197939,Billetera mata ideología,https://www.revistaanfibia.com/billetera-mata-ideologia-consejos-no-solicitados-sobre-politica-internacional/
197979,"¿De qué familia habla, señor ministro?",https://www.revistaanfibia.com/de-que-familia-habla-senor-ministro/
198024,Sin los patitos en fila,https://www.revistaanfibia.com/sin-los-patitos-en-fila/
198049,"Nazis, pedofilia y negocios turbios en la ciudad de las flores",https://www.revistaanfibia.com/german-kiczka-nazis-pedofilia-y-negocios-turbios-en-la-ciudad-de-las-flores/
198066,Es lo que AI,https://www.revistaanfibia.com/inteligencia-artificial-es-lo-que-ai/
197987,Promesas sobre la cama,https://www.revistaanfibia.com/promesas-sobre-la-cama/
198095,"La ciudad, personaje violento y bello",https://www.revistaanfibia.com/la-ciudad-personaje-violento-y-bello/
198105,"¡Pasivos, las pelotas!",https://www.revistaanfibia.com/pasivos-las-pelotas/
198132,Desmantelamiento en cuotas,https://www.revistaanfibia.com/universidades-desmantelamiento-en-cuotas-o-sea-digamos-diego-iglesias/
198152,¿Para quién aguanto yo entonces?,https://www.revistaanfibia.com/para-quien-aguanto-yo-entonces/
197669,El día que apagaron la luz,https://www.revistaanfibia.com/reactor-nuclear-carem-el-dia-que-apagaron-la-luz/
198285,El amor por la familia militar,https://www.revistaanfibia.com/el-amor-por-la-familia-militar/
198346,El arte de la reciprocidad,https://www.revistaanfibia.com/amplifyd-a-i-el-arte-de-la-reciprocidad/
198432,El otro populismo,https://www.revistaanfibia.com/el-otro-populismo/
198558,La pesadilla del sueño bolivariano,https://www.revistaanfibia.com/venezuela-la-pesadilla-del-sueno-bolivariano/
198637,¿Con la democracia se come?,https://www.revistaanfibia.com/con-la-democracia-se-come/
198735,Las artes digitales después del feminismo,https://www.revistaanfibia.com/amplify-artes-digitales-y-feminismos/
198799,¿Y si sale mal?,https://www.revistaanfibia.com/y-si-sale-mal-datos-empleo-indec/
198816,Santificados sean tus bienes,https://www.revistaanfibia.com/opus-dei-santificados-sean-tus-bienes/
198833,El fantasma rojo que acecha a Milei,https://www.revistaanfibia.com/el-fantasma-rojo-que-acecha-a-milei/
198934,Los venidos al fuego,https://www.revistaanfibia.com/los-venidos-al-fuego-incendios-en-cordoba/
198943,"Si la defino, la limito",https://www.revistaanfibia.com/literatura-extrana-latinoamericana-si-la-defino-la-limito/
199005,Pobres criaturas,https://www.revistaanfibia.com/pobres-criaturas-universidades-desmantelamiento-en-cuotas-o-sea-digamos-diego-iglesias/
199099,Abrir el culo,https://www.revistaanfibia.com/javier-milei-obsesionado-con-el-culo/
199126,"Envidia, mon amour",https://www.revistaanfibia.com/envidia-mon-amour-diez-apuntes-sobre-envidiosa-netflix/
199160,El lugar donde se proyectan los sueños,https://www.revistaanfibia.com/marcha-universitaria-el-lugar-donde-se-proyectan-los-suenos/
199179,El termómetro brasileño,https://www.revistaanfibia.com/el-termometro-brasileno-lula-marcal-elecciones-san-pablo/
199174,La realidad o la realeza de una serie,https://www.revistaanfibia.com/maxima-la-realidad-o-la-realeza-de-una-serie/
199313,¿Quién le teme a Fernanda Miño?,https://www.revistaanfibia.com/quien-le-teme-a-fernanda-mino/
199303,Carnaval toda la vida,https://www.revistaanfibia.com/carnaval-toda-la-vida-la-fiesta-de-los-negros/
199354,Una ilusión en el país de la crueldad,https://www.revistaanfibia.com/una-ilusion-en-el-pais-de-la-crueldad/
199309,La billetera y el cerebro del Estado,https://www.revistaanfibia.com/anses-la-billetera-y-el-cerebro-del-estado/
199361,Es de hombre,https://www.revistaanfibia.com/masculinidades-es-de-hombre/
199368,Viva la libertad,https://www.revistaanfibia.com/el-jockey-viva-la-libertad/
199425,"Pueblo chico, estafa grande",https://www.revistaanfibia.com/rainbowex-san-pedro-pueblo-chico-estafa-grande/
199470,¿Hasta dónde llega esta manga de zurdos?,https://www.revistaanfibia.com/movimiento-estudiantil-hasta-donde-llega-esta-manga-de-zurdos/
199516,Jefa o aliada,https://www.revistaanfibia.com/jefa-o-aliada-interna-peronista-o-sea-digamos-diego-iglesias/
199525,Tu cara me suena,https://www.revistaanfibia.com/iconos-argentinos-tu-cara-me-suena/
159010,Algunas huellas ya son la piel,https://www.revistaanfibia.com/charly-garcia-algunas-huellas-ya-son-la-piel/
199623,Qué piensa el DJ mientras bailás,https://www.revistaanfibia.com/villa-diamante-dj-que-piensa-el-dj-de-mi-baile/
199613,Pobres estudiantes,https://www.revistaanfibia.com/pobres-estudiantes-universidad-publica/
199729,Mi vida diagnosticada por otros,https://www.revistaanfibia.com/mi-vida-diagnosticada-por-otros/
199634,Un modelo ricotero para el siglo XXI,https://www.revistaanfibia.com/bohemian-groove-modelo-ricotero-siglo-xxi/
199771,El sostén de las redes feministas,https://www.revistaanfibia.com/beca-cronica-el-sosten-de-las-redes-feministas/
199787,Sin lugar para mandriles,https://www.revistaanfibia.com/el-paraiso-de-milei-sin-lugar-para-mandriles/
199794,La marcha de las luciérnagas,https://www.revistaanfibia.com/marcha-del-orgullo-la-marcha-de-las-luciernagas/
199816,El sueño americano ya no existe,https://www.revistaanfibia.com/el-sueno-americano-ya-no-existe/
199832,¿Cómo pudimos creer que ganaría Kamala?,https://www.revistaanfibia.com/como-pudimos-creer-que-ganaria-kamala-posdemocracia-prejuicio-y-politica/
199886,Las aguas bajan turbias,https://www.revistaanfibia.com/las-aguas-bajan-turbias-dana-inundaciones-espana-batalla-cultural/
199899,Este es el aguante,https://www.revistaanfibia.com/este-es-el-aguante/
199922,¿Una sombra ya pronto serás?,https://www.revistaanfibia.com/politica-exterior-argentina-y-el-mundo-una-sombra-ya-pronto-seras/
199981,Estar dispuesto a morir es extraordinario,https://www.revistaanfibia.com/la-habitacion-de-al-lado-estar-dispuesto-a-morir-es-extraordinario/
200043,La caída del gigante de Arroyito,https://www.revistaanfibia.com/asesinato-pillin-bracamonte-la-caida-del-gigante-de-arroyito/
200063,"Chape, chupón, besos y piquitos",https://www.revistaanfibia.com/museo-del-beso-chape-chupon-besos-y-piquitos/
200192,Salir de la melancolía,https://www.revistaanfibia.com/salir-de-la-melancolia-la-reorganizacion-del-peronismo/
200216,Poniendo estaba la casta,https://www.revistaanfibia.com/impuesto-a-los-ricos-poniendo-estaba-la-casta/
200276,La pija molesta,https://www.revistaanfibia.com/cometierra-la-pija-molesta/
200284,Una república de fueguitos,https://www.revistaanfibia.com/una-republica-de-fueguitos/
200288,Viajando por un sueño,https://www.revistaanfibia.com/elecciones-uruguay-viajando-por-un-sueno/
200378,Rayo polarizador,https://www.revistaanfibia.com/rayo-polarizador/
200475,Cohetes en la selva,https://www.revistaanfibia.com/cohetes-en-la-selva/
200564,"Wanda, la que no necesita Nara",https://www.revistaanfibia.com/wanda-la-que-no-necesita-nara/
200576,Cómo me vinculo con mi sobrino,https://www.revistaanfibia.com/autismo-como-me-vinculo-con-mi-sobrino/
200580,El profeta del odio,https://www.revistaanfibia.com/el-profeta-del-odio-nicolas-marquez/
195563,Killer Karina,https://www.revistaanfibia.com/killer-karina-milei/
194411,Una sociedad estresada,https://www.revistaanfibia.com/milei-una-sociedad-estresada/
200605,La táctica del bait,https://www.revistaanfibia.com/la-tactica-del-bait/
200625,La revolución de las pequeñas cosas,https://www.revistaanfibia.com/reimaginar-lo-comun/
200641,La estrategia de la serpiente,https://www.revistaanfibia.com/milei-cristina-la-estrategia-de-la-serpiente-o-sea-digamos-diego-iglesias/
200658,Qué tienen los leones en el corazón,https://www.revistaanfibia.com/aniversario-milei-que-tienen-los-leones-en-el-corazon/
200710,Ruido de mate,https://www.revistaanfibia.com/ruido-de-mate-paro-de-productores-de-yerba/
200819,¿Qué se puede hacer salvo hablar de plata?,https://www.revistaanfibia.com/que-se-puede-hacer-salvo-hablar-de-plata/
200963,Oro en el barro,https://www.revistaanfibia.com/surinam-oro-en-el-barro/
201125,Instrucciones para atravesar un campo minado,https://www.revistaanfibia.com/instrucciones-para-atravesar-un-campo-minado/
201150,La mujer que nos enseñó a leer el siglo veinte,https://www.revistaanfibia.com/beatriz-sarlo-la-mujer-que-nos-enseno-a-leer-el-siglo-veinte/
201170,Amar odiarla,https://www.revistaanfibia.com/beatriz-sarlo-amar-odiarla/
201296,A la invencible memoria de Otoño Uriarte,https://www.revistaanfibia.com/otono-uriarte-femicidio-dolores-reyes-cometierra/
201288,Tenemos fe en vos,https://www.revistaanfibia.com/tenemos-fe-en-vos-comunidad-anfibia/
201435,La imaginación al poder,https://www.revistaanfibia.com/cien-anos-de-soledad-la-imaginacion-al-poder/
201462,"Ratones, azúcar y pasta base",https://www.revistaanfibia.com/mala-leche-soledad-barruti-ratones-azucar-y-pasta-base/
201479,Petróleo en los corazones,https://www.revistaanfibia.com/guyana-petroleo-en-los-corazones/
201532,La segunda vida de Cromañón,https://www.revistaanfibia.com/la-segunda-vida-de-cromanon/
201603,Viejos irreverentes,https://www.revistaanfibia.com/coppola-scorsese-moretti-viejos-irreverentes/
201661,No merecemos el espanto,https://www.revistaanfibia.com/cierre-del-conti-no-merecemos-el-espanto/
201679,Un prisionero útil,https://www.revistaanfibia.com/nahuel-gallo-venezuela-un-prisionero-util/
201696,De la desmaterialización a la desimaginación,https://www.revistaanfibia.com/futuros-de-la-desmaterializacion-a-la-desimaginacion/
201719,Zuckermusk: la privatización del discurso público,https://www.revistaanfibia.com/mark-zuckerberg-elon-musk-la-privatizacion-del-discurso-publico/
201750,¡A darle átomos!,https://www.revistaanfibia.com/plan-nuclear-argentino-a-darle-atomos/
201757,Por ríos con agua: el Delta y su marea verde,https://www.revistaanfibia.com/ecofeminismo-por-rios-con-agua-el-delta-y-su-marea-verde/
201812,Hijitos de cuatro patas,https://www.revistaanfibia.com/descenso-de-natalidad-hijitos-de-cuatro-patas/
201841,El artista del inconsciente,https://www.revistaanfibia.com/el-artista-del-inconsciente-david-lynch-fito-paez/
199853,Inoxidable,https://www.revistaanfibia.com/trump-inoxidable/
202006,El tsunami Trump,https://www.revistaanfibia.com/el-tsunami-trump/
202036,El último acto del payaso Polilla,https://www.revistaanfibia.com/el-ultimo-acto-del-payaso-polilla/
202025,¿Quién te va a cuidar?,https://www.revistaanfibia.com/quien-te-va-a-cuidar-empresas-medicina-prepaga-luigi-mangione/
202072,Un estado pedófilo,https://www.revistaanfibia.com/javier-milei-davos-un-estado-pedofilo/
202077,Elogio de la acción directa,https://www.revistaanfibia.com/marcha-antifascista-elogio-de-la-accion-directa/
202091,Cuidado con esta democracia,https://www.revistaanfibia.com/cuidado-con-esta-democracia-discursos-de-incivilidad/
202115,Marchar a contramano,https://www.revistaanfibia.com/marchar-a-contramano/
202125,"Loco, ¿no te sobra una moneda?",https://www.revistaanfibia.com/loco-no-te-sobra-una-moneda/
202137,Las Big tech salen del closet,https://www.revistaanfibia.com/las-big-tech-salen-del-closet/
202146,Cenizas del paraíso,https://www.revistaanfibia.com/cenizas-del-paraiso/
202191,Inversores e invertides,https://www.revistaanfibia.com/inversores-e-invertides/
202168,Raros cronistas nuevos,https://www.revistaanfibia.com/preciosas-mayusculas-raros-cronistas-nuevos/
202223,El agitador,https://www.revistaanfibia.com/javier-milei-el-agitador/
202297,"Ni mano dura, ni garantismo",https://www.revistaanfibia.com/inseguridad-ni-mano-dura-ni-garantismo/
202289,¿Qué mirás?,https://www.revistaanfibia.com/proyecto-trailer-que-miras/
202352,Los cuentos de la cripto,https://www.revistaanfibia.com/los-cuentos-de-la-cripto/
202408,Soltar la guerra,https://www.revistaanfibia.com/siria-soltar-la-guerra/
202424,Porno y pescado,https://www.revistaanfibia.com/milei-cripto-la-estafa-de-su-verdad/
202456,¿Quién salvará al periodismo?,https://www.revistaanfibia.com/quien-salvara-al-periodismo/
202494,Una devaluación en ciernes,https://www.revistaanfibia.com/criptogate-una-devaluacion-en-ciernes/
202569,Vigilar y denunciar,https://www.revistaanfibia.com/vigilar-y-denunciar-existe-el-adoctrinamiento-en-las-escuelas/
197899,Decretado supremo,https://www.revistaanfibia.com/ariel-lijo-un-juez-plebeyo-para-milei/
202634,La moneda rebelde,https://www.revistaanfibia.com/criptomundo-la-moneda-rebelde/
197214,Bajar es lo peor,https://www.revistaanfibia.com/bajar-es-lo-peor/
202918,Los de afuera son de palo,https://www.revistaanfibia.com/los-de-afuera-son-de-palo-elecciones-alemania-inmigracion-afd/
202968,"La libertad avanza, con o sin el Congreso",https://www.revistaanfibia.com/la-libertad-avanza-con-o-sin-el-congreso/
202982,Sonreír contra el fascismo,https://www.revistaanfibia.com/sonreir-contra-el-fascismo/
202936,La pelea no es por los U$S 12 mil millones,https://www.revistaanfibia.com/hidrovia-la-pelea-no-es-por-los-12-mil-millones/
203040,La democracia detrás de escena,https://www.revistaanfibia.com/parlamento-la-democracia-detras-de-escena/
203075,Las que marcharon antes,https://www.revistaanfibia.com/8-m-las-que-marcharon-antes/
203127,Antes el agua era una bendición,https://www.revistaanfibia.com/bahia-blanca-antes-el-agua-era-una-bendicion/
203200,Un tiro a la democracia,https://www.revistaanfibia.com/pablo-grillo-un-tiro-a-la-democracia/
203229,Ruina y belleza del igualitarismo,https://www.revistaanfibia.com/ruina-y-belleza-del-igualitarismo/
203240,Soberanía o sumisión,https://www.revistaanfibia.com/soberania-o-sumision/
203283,Tocar fondo,https://www.revistaanfibia.com/tocar-fondo/
203325,Los que están en la calle pueden desaparecer,https://www.revistaanfibia.com/24-m-los-que-estan-en-la-calle-pueden-desaparecer/
203391,De coger ni hablar,https://www.revistaanfibia.com/de-coger-ni-hablar/
203418,¿Qué es ser un hombre para vos?,https://www.revistaanfibia.com/adolescence/
203442,Todos juegan,https://www.revistaanfibia.com/elecciones-caba-todos-juegan/
203453,El enemigo público de los kelpers,https://www.revistaanfibia.com/alejandro-betts-goss-el-enemigo-publico-de-los-kelpers-islas-malvinas/
203487,Nosotros no sabíamos,https://www.revistaanfibia.com/la-historia-oficial-nosotros-no-sabiamos/
203380,El supremo imposible,https://www.revistaanfibia.com/el-supremo-imposible-lijo-garcia-mansilla/
203525,Vivir y morir bajo tierra,https://www.revistaanfibia.com/vivir-y-morir-bajo-tierra-daniel-ochoa-rosana-ledesma-cerro-negro-santa-cruz/
203545,"Es el racismo, estúpido",https://www.revistaanfibia.com/donald-trump-guerra-comercial-es-el-racismo-estupido/
203565,"Chocarla, pero más rápido",https://www.revistaanfibia.com/chocarla-pero-mas-rapido/
203581,Cuando la política se somete a la ideología,https://www.revistaanfibia.com/cuando-la-politica-se-somete-a-la-ideologia-guerra-comercial-aranceles/
203600,No vayas a atender cuando el Fondo llama,https://www.revistaanfibia.com/salida-del-cepo-no-vayas-a-atender-cuando-el-fondo-llama/
203618,Arqueología de tu remera,https://www.revistaanfibia.com/arqueologia-de-tu-remera/
203607,Una nostalgia de lo común,https://www.revistaanfibia.com/una-nostalgia-de-lo-comun/
203695,¿Y ahora quién cuidará el barrio?,https://www.revistaanfibia.com/y-ahora-quien-cuidara-el-barrio-papa-francisco/
203710,El papa de las periferias,https://www.revistaanfibia.com/francisco-el-papa-de-las-periferias/
203729,Desvaticanizar la Iglesia,https://www.revistaanfibia.com/desvaticanizar-la-iglesia-papa-francisco/
203140,El último hombre bueno,https://www.revistaanfibia.com/papa-francisco-el-ultimo-hombre-bueno/
203740,El invierno y el humo,https://www.revistaanfibia.com/la-iglesia-despues-de-francisco-el-invierno-y-el-humo/
203757,Hundir el bisturí hasta donde sea soportable,https://www.revistaanfibia.com/papa-francisco-hundir-el-bisturi-hasta-donde-sea-soportable/
203764,Cambio de raíz,https://www.revistaanfibia.com/cambio-de-raiz/
203783,Un poco más solos,https://www.revistaanfibia.com/papa-francisco-misa-catedral-un-poco-mas-solos/
203853,¿Vivir sin noticias es peor que vivir sin luz?,https://www.revistaanfibia.com/apagon-masivo-vivir-sin-noticias-es-peor-que-vivir-sin-luz/
203847,Inteligencia colectiva,https://www.revistaanfibia.com/inteligencia-colectiva/
197676,La mano del rey de la selva,https://www.revistaanfibia.com/santiago-caputo-la-mano-del-rey-de-la-selva/
203893,¿Mi jefe es un algoritmo?,https://www.revistaanfibia.com/mi-jefe-es-un-algoritmo-trabajadores-plataformas/
203915,Eterno resplandor de un navegante en el tiempo,https://www.revistaanfibia.com/el-eternauta-eterno-resplandor-de-un-navegante-en-el-tiempo/
204017,"Francisco, un gran pecador",https://www.revistaanfibia.com/francisco-un-gran-pecador-el-loco-de-dios-en-el-fin-del-mundo/
204054,Un nuevo líder para un mundo dislocado,https://www.revistaanfibia.com/papa-leon-xvi-un-nuevo-lider-para-un-mundo-dislocado/
204048,Una travesti que viva para contarlo,https://www.revistaanfibia.com/tesis-sobre-una-domesticacion-una-travesti-que-viva-para-contarlo/
199547,No quiero llanto ni pena,https://www.revistaanfibia.com/murio-pepe-mujica-cuando-me-muera-no-quiero-llanto-ni-pena/
204090,Señal de ajuste,https://www.revistaanfibia.com/television-publica-senal-de-ajuste/
204117,Fin.,https://www.revistaanfibia.com/fin-elecciones-legislativas-portenas/
204133,"Urnas, mentiras y video",https://www.revistaanfibia.com/urnas-mentiras-y-video/
204143,Ser leyenda,https://www.revistaanfibia.com/alejandro-dolina-ser-leyenda/
204198,¿Por qué las inundaciones son cada vez peores?,https://www.revistaanfibia.com/inundaciones-caos-climatico-calentamiento-global/
204299,Los divinos,https://www.revistaanfibia.com/los-divinos-las-fuerzas-del-cielo-juan-luis-gonzalez/
179377,El creador del alma popular,https://www.revistaanfibia.com/leonardo-favio-el-creador-del-alma-popular/
204311,La fórmula latinoamericana,https://www.revistaanfibia.com/la-formula-latinoamericana/
204329,No nos vamos a abandonar ahora,https://www.revistaanfibia.com/3j-ni-una-menos-diez-anos-no-nos-vamos-a-abandonar-ahora/
204179,Una mamadera en la mochila,https://www.revistaanfibia.com/embarazo-adolescente-una-mamadera-en-la-mochila/
204431,Andate a tu país,https://www.revistaanfibia.com/la-reforma-migratoria-de-milei-andate-a-tu-pais/
204459,El fusilado que vive,https://www.revistaanfibia.com/pablo-grillo-el-fusilado-que-vive/
204506,Incendios: la reconfiguración verde del privilegio,https://www.revistaanfibia.com/ecologia-incendios-la-reconfiguracion-verde-del-privilegio/
204291,¿Quiénes cuidan a las niñas que cuidan?,https://www.revistaanfibia.com/madres-adolescentes-quienes-cuidan-a-las-ninas-que-cuidan/
204520,Nunca más candidata,https://www.revistaanfibia.com/cristina-fernandez-de-kirchner-condenada-nunca-mas-candidata/
204530,La orfandad,https://www.revistaanfibia.com/fallo-contra-cristina-fernandez-de-kirchner-la-orfandad/
204546,Mirá cómo tiembla la democracia,https://www.revistaanfibia.com/cristina-fernandez-de-kircher-condenada-mira-como-tiembla-la-democracia/
204557,Semántica de la violencia,https://www.revistaanfibia.com/milei-politica-exterior/
204572,Goce antiperonista de masas,https://www.revistaanfibia.com/goce-antiperonista-de-masas/
204559,¿Y ahora quién me aúpa?,https://www.revistaanfibia.com/embarazo-adolescente-politicas-publicas-y-ahora-quien-me-aupa/
204591,Yo defendí la Casa Rosada,https://www.revistaanfibia.com/bombardeos-a-plaza-de-mayo-yo-defendi-la-casa-rosada/
204589,Objetivo: los puntos negros,https://www.revistaanfibia.com/bombardeos-a-plaza-de-mayo-objetivo-los-puntos-negros/
204587,Una ciudad que ya no reconocía,https://www.revistaanfibia.com/bombardeos-a-plaza-de-mayo-una-ciudad-que-ya-no-reconocia/
204671,"Líder presa, peronismo liberado",https://www.revistaanfibia.com/cristina-fernandez-de-kirchner-condenada-lider-presa-peronismo-liberado/
204677,Rayo peronizador,https://www.revistaanfibia.com/masivo-apoyo-a-cfk-en-plaza-de-mayo/
204736,La desenfrenada,https://www.revistaanfibia.com/patricia-bullrich-la-desenfrenada/
204742,¿Solo una cuestión nuclear?,https://www.revistaanfibia.com/iran-israel-solo-una-cuestion-nuclear/
204756,La gente existe,https://www.revistaanfibia.com/la-gente-existe/
204775,La mujer en cuestión,https://www.revistaanfibia.com/justicia-por-nora-dalmasso-la-mujer-en-cuestion/
204789,¿Qué habría sido de mi vida sin leer?,https://www.revistaanfibia.com/caparros-que-habria-sido-de-mi-vida-sin-leer/
204829,Qué nos queda cuando los vientos no ayudan,https://www.revistaanfibia.com/navegar-es-necesario-que-nos-queda-cuando-los-vientos-no-ayudan/
204849,Confesiones de invierno,https://www.revistaanfibia.com/ypf-en-riesgo-derecho-a-la-energia-y-frio-polar/
204868,Una IA latinoamericana es posible,https://www.revistaanfibia.com/latamgpt-una-inteligencia-artificial-latinoamericana-es-posible/
204900,Fracasados y optimistas,https://www.revistaanfibia.com/caparros-fracasados-y-optimistas/
204902,"Mis dólares, su decisión",https://www.revistaanfibia.com/mis-dolares-su-decision-capitalismo-de-evasores/
204939,"Sí, soy cruel",https://www.revistaanfibia.com/ricardo-iii-si-soy-cruel/
205058,Las venas abiertas del Garrahan,https://www.revistaanfibia.com/hospital-garrahan-las-venas-abiertas-del-garrahan/
205204,La estetización del daño,https://www.revistaanfibia.com/la-estetizacion-del-dano-menem-serie-winograd/
205248,AMIA: una escalera imposible,https://www.revistaanfibia.com/amia-una-escalera-imposible/
205265,Antes que te vayas dame un rezo,https://www.revistaanfibia.com/daddy-yankee-evangelicos-antes-que-te-vayas-dame-un-rezo/
199263,Una fiesta libertaria y popular,https://www.revistaanfibia.com/derecha-fest-una-fiesta-libertaria-y-popular/
205285,Escenas de una batalla cultural animada,https://www.revistaanfibia.com/pakapaka-escenas-de-una-batalla-cultural-animada/
205296,Nos persiguen los 90,https://www.revistaanfibia.com/debilidad-humana-lila-siegrist-nos-persiguen-los-90/
205309,Pinchate y hacete hombre,https://www.revistaanfibia.com/performance-testosterona-pinchate-y-hacete-hombre/
205338,El aullido del hambre,https://www.revistaanfibia.com/el-aullido-del-hambre-en-gaza/
205356,Viejos de miércoles,https://www.revistaanfibia.com/marcha-de-los-jubilados-viejos-de-miercoles/
196281,Rica y peligrosa,https://www.revistaanfibia.com/rica-y-peligrosa-una-historia-de-la-deuda/
205413,Palos en la rueda,https://www.revistaanfibia.com/palos-en-la-rueda-ley-emergencia-discapacidad/
205430,¿Ellas también son feministas?,https://www.revistaanfibia.com/feministas-de-las-nuevas-derechas-sin-padre-sin-marido-y-sin-estado/
205489,Todos fuimos el mar,https://www.revistaanfibia.com/todos-fuimos-el-mar-streaming-conicet/
205478,Formas de reinventar la vida,https://www.revistaanfibia.com/formas-de-reinventar-la-vida/
205488,Una escuela de cuidado,https://www.revistaanfibia.com/bogota-una-escuela-de-cuidado/
205491,Minería en territorio sagrado,https://www.revistaanfibia.com/mineria-en-territorio-sagrado/
205495,Agua limpia es agua llorada,https://www.revistaanfibia.com/agua-limpia-es-agua-llorada/
205498,La persistencia,https://www.revistaanfibia.com/la-persistencia/
205579,Un oasis entre el cemento y los agroquímicos,https://www.revistaanfibia.com/un-oasis-entre-el-cemento-y-los-agroquimicos-2/
205603,Florecer en el barro,https://www.revistaanfibia.com/florecer-en-el-barro/
205619,144 veces no,https://www.revistaanfibia.com/carlos-contardi-julieta-prandi-144-veces-no/
205643,Todas las muertes de Diego Fernández Lima,https://www.revistaanfibia.com/todas-las-muertes-de-diego-fernandez-lima/
205710,Tras el rastro del veneno,https://www.revistaanfibia.com/fentanilo-tras-el-rastro-del-veneno/
205718,La leyenda del algarrobo caminante,https://www.revistaanfibia.com/la-leyenda-del-algarrobo-caminante/
205731,El partido de los gobernadores,https://www.revistaanfibia.com/congreso-vetos-coparticipacion-gobernadores/
205736,El poder de la ficción,https://www.revistaanfibia.com/int-el-poder-de-la-ficcion/
205751,El río que arrasa,https://www.revistaanfibia.com/policrisis-del-gobierno-de-milei-el-rio-que-arrasa/
195042,El clan,https://www.revistaanfibia.com/el-clan-menem/
205775,"Karina, entre la mafia y el Estado",https://www.revistaanfibia.com/karina-entre-la-mafia-y-el-estado-corrupcion-andis/
178266,El prócer tardío,https://www.revistaanfibia.com/di-maria-el-procer-tardio/
205800,El imperio contraataca,https://www.revistaanfibia.com/el-imperio-contraataca-trump-segundo-mandato/
205809,"Sale Consenso, entra Núcleo duro",https://www.revistaanfibia.com/gobiernos-espejo-consenso-nucleo-duro/
205825,Historia de un audio,https://www.revistaanfibia.com/espionaje-en-el-gobierno-de-milei-historia-de-un-audio/
200295,Todas las caras del dólar,https://www.revistaanfibia.com/todas-las-caras-del-dolar/
205845,"Feos, sucios y malos",https://www.revistaanfibia.com/feos-sucios-y-malos/
128683,Cien veces Rosa,https://www.revistaanfibia.com/cien-veces-rosa/
205892,Maravillosa jugada,https://www.revistaanfibia.com/maravillosa-jugada-axel-kicillof-elecciones-bonaerenses/
205902,El próximo colapso,https://www.revistaanfibia.com/el-proximo-colapso/
205910,Jugar a la pelota,https://www.revistaanfibia.com/jugar-a-la-pelota-lionel-scaloni/
205937,Un límite a la brutalidad,https://www.revistaanfibia.com/elecciones-bonaerenses-un-limite-a-la-brutalidad/
195767,"¡Viva la universidad, carajo!",https://www.revistaanfibia.com/marcha-universitaria-viva-la-universidad-carajo/
205948,Promptear no es pensar,https://www.revistaanfibia.com/promptear-no-es-pensar-chat-gpt-universidades/
205981,Un cordobés en el fuego de Nepal,https://www.revistaanfibia.com/un-cordobes-en-el-fuego-de-nepal/
206008,Votar por mano propia,https://www.revistaanfibia.com/votar-por-mano-propia-elecciones-legislativas/
206043,Soberanía digital para hackear la democracia,https://www.revistaanfibia.com/soberania-digital-para-hackear-la-democracia/
206081,Nacer con abstinencia,https://www.revistaanfibia.com/lo-real-real-nacer-con-abstinencia-embarazos-y-adicciones/
206115,Plan dolarcito y superávit de fantasía,https://www.revistaanfibia.com/plan-dolarcito-y-superavit-de-fantasia/
206117,El día que Belén nos vio,https://www.revistaanfibia.com/el-dia-que-belen-nos-vio/
206142,Casas para hoy y un proyecto para el futuro,https://www.revistaanfibia.com/casas-para-hoy-y-un-proyecto-para-el-futuro/
206171,"Brenda, Morena y Lara: las preguntas que faltan",https://www.revistaanfibia.com/triple-femicidio-brenda-morena-y-lara-las-preguntas-que-faltan/
206151,Sesgados,https://www.revistaanfibia.com/sesgados-la-libertad-avanza-sesgo-de-clase/
206222,¿Nos juntamos a escuchar un disco entero?,https://www.revistaanfibia.com/artlab-nos-juntamos-a-escuchar-un-disco-entero/
206219,"Consejos para mi amigo, el ilustre",https://www.revistaanfibia.com/cristian-alarcon-personalidad-destacada-de-la-cultura-consejos-para-mi-amigo-el-ilustre/
206245,Violencia tecnológica institucional,https://www.revistaanfibia.com/violencia-tecnologica-institucional/
206254,Una última vuelta para la bicicleta financiera,https://www.revistaanfibia.com/carry-trade-ultima-vuelta-bicicleta-financiera/
206260,La sangre de Lugones,https://www.revistaanfibia.com/la-sangre-de-mario-lugones/
206290,María Moreno y su propio carnet de rareza,https://www.revistaanfibia.com/maria-moreno-y-su-propio-carnet-de-rareza/
206323,ASÍ NO SE PUEDE VIVIR,https://www.revistaanfibia.com/triple-femicidio-brenda-morena-lara-asi-no-se-puede-vivir/
206372,Heridas de un cuento inventado,https://www.revistaanfibia.com/israel-genocidio-palestina-gaza/
206385,Un acorde de Kafka para entender a Milei,https://www.revistaanfibia.com/el-temblor-de-las-ideas-diego-sztulwark/
142896,La reina del carbón,https://www.revistaanfibia.com/la-reina-del-carbon/
206393,Sociología del llanto,https://www.revistaanfibia.com/sociologia-del-llanto-espert-casta/
206411,Francia no quiere ser Argentina,https://www.revistaanfibia.com/ajuste-pobreza-francia-no-quiere-ser-argentina/
206451,La Patagonia del Tío Sam,https://www.revistaanfibia.com/la-patagonia-del-tio-sam/
206437,Hablar con los muertos,https://www.revistaanfibia.com/hablar-con-los-muertos-oreja-madre-caja-negra/
206490,La violencia no es mentira,https://www.revistaanfibia.com/pablo-laurta-doble-femicidio-la-violencia-no-es-mentira/
206516,No todo es guita,https://www.revistaanfibia.com/juventudes-y-plataformas-no-todo-es-guita/
206530,El Dios del streaming atiende en Buenos Aires,https://www.revistaanfibia.com/el-dios-del-streaming-atiende-en-buenos-aires/
206584,Scrollear para mirarse a uno mismo,https://www.revistaanfibia.com/ley-redes-sociales-scrollear-para-mirarse-a-uno-mismo/
206602,Una inflexión histórica,https://www.revistaanfibia.com/elecciones-bolivia-balotaje/
206636,"IA, decime quién gana las elecciones",https://www.revistaanfibia.com/ia-encuestas-agente-sintetico-decime-quien-gana-las-elecciones/
206645,El espía arrepentido del Canal de Panamá,https://www.revistaanfibia.com/el-espia-arrepentido-del-canal-de-panama/
206766,Perder de local,https://www.revistaanfibia.com/elecciones-legislativas-2025-perder-de-local/
206792,Instrucciones para sobrevivir a un duelo,https://www.revistaanfibia.com/instrucciones-para-sobrevivir-a-un-duelo/
206809,Buscando a mi hijo,https://www.revistaanfibia.com/operativo-narcotrafico-brasil-buscando-a-mi-hijo/
206826,El norte perdido,https://www.revistaanfibia.com/el-norte-perdido/
206833,Una exhibición de poder,https://www.revistaanfibia.com/megaoperativo-comando-vermelho-una-exhibicion-de-poder/
206851,"La cárcel, la universidad, Tesla y Cortázar",https://www.revistaanfibia.com/la-carcel-la-universidad-tesla-y-cortazar/
206880,El último milagro de Rosalía,https://www.revistaanfibia.com/lux-el-ultimo-milagro-de-rosalia/
206919,Evangélicos en el palacio y la calle,https://www.revistaanfibia.com/evangelicos-en-el-palacio-y-la-calle/
206950,El golpe de Estado de las plataformas digitales,https://www.revistaanfibia.com/el-golpe-de-estado-de-las-plataformas-digitales/
206984,Tengo el uniforme de un represor en el ropero,https://www.revistaanfibia.com/ropa-prestada-waldo-cebrero-tengo-el-uniforme-de-un-represor-en-el-ropero/
207030,Una escuela y un hotel para sobrevivir en el bosque,https://www.revistaanfibia.com/un-hotel-y-una-escuela-para-sobrevivir-en-el-bosque/
207052,Voto Kastigo,https://www.revistaanfibia.com/voto-kastigo/
207059,La difícil tarea de matar a la madre,https://www.revistaanfibia.com/la-dificil-tarea-de-matar-a-la-madre-la-maravillosa-erika-halvorsen/
207088,Teoría libertaria del delito,https://www.revistaanfibia.com/milei-corrupcion-teoria-libertaria-del-delito/
207104,Minería de árboles chaqueños para vestir a los ricos del mundo,https://www.revistaanfibia.com/mineria-de-arboles-chaquenos-para-vestir-a-los-ricos-del-mundo/
207144,Lo que fuimos y lo que queremos ser,https://www.revistaanfibia.com/encuentro-plurinacional-de-mujeres-lo-que-fuimos-y-lo-que-queremos-ser/
207172,El tiempo violentado,https://www.revistaanfibia.com/el-tiempo-violentado/
207194,Argentina (re)sentida,https://www.revistaanfibia.com/argentina-resentida/
126317,Vengo a hablar de política,https://www.revistaanfibia.com/vengo-hablar-politica/
215933,Todo estalla en la escuela,https://www.revistaanfibia.com/violencia-escolar-todo-estalla-en-la-escuela/
199585,"“Con la AFA no se pelea, se pierde”",https://www.revistaanfibia.com/con-la-afa-no-se-pelea-se-pierde-tapia-macri-milei/
207170,Geopolítica de las filtraciones,https://www.revistaanfibia.com/filtraciones-de-santiago-o-donnell/
217024,El laboratorio imposible,https://www.revistaanfibia.com/el-laboratorio-imposible/
217047,Un duelo sin nombre,https://www.revistaanfibia.com/un-duelo-sin-nombre-suicidio-margarita-bachatota/
217106,"No sos vos, es el peso",https://www.revistaanfibia.com/inflacion-peso-dolar-unsam/
217118,Sabés que no aprendí a vivir,https://www.revistaanfibia.com/hal-harper-serie-mubi-sabes-que-no-aprendi-a-vivir/
205373,Yo me estoy ahogando y vos me describís el agua,https://www.revistaanfibia.com/conicet-streaming/
217197,Dillom: el músico que se comió al personaje,https://www.revistaanfibia.com/dillom-el-musico-que-se-comio-al-personaje/
217215,Morir por puto,https://www.revistaanfibia.com/morir-por-puto-crimen-de-odio-samuel-tobares/
217234,IA: ¿y si el negocio les sale mal?,https://www.revistaanfibia.com/ia-generativa-burbuja-y-si-el-negocio-les-sale-mal/
217303,La doctrina del vale todo,https://www.revistaanfibia.com/la-doctrina-del-vale-todo/
217318,Un nuevo mapa para el patio trasero,https://www.revistaanfibia.com/un-nuevo-mapa-para-el-patio-trasero-esferas-de-influencia/
217344,Todos sospechosos,https://www.revistaanfibia.com/todos-sospechosos-cambios-en-la-side/
217367,Todos los hombres de la presidenta,https://www.revistaanfibia.com/venezuela-delcy-rodriguez-todos-los-hombres-de-la-presidenta/
217372,"Si te vas, traé garotos",https://www.revistaanfibia.com/si-te-vas-trae-garotos-argentinos-en-brasil-turismo/
202203,La desigualdad es inflamable,https://www.revistaanfibia.com/incendios-desigualdad-inflamable/
217406,El equilibrista de Roma,https://www.revistaanfibia.com/papa-leon-xiv-el-equilibrista-de-roma/
217412,Gaza en el espejo de Spinoza,https://www.revistaanfibia.com/gaza-en-el-espejo-de-spinoza/
217432,"No es fuerza bruta, es fascismo",https://www.revistaanfibia.com/trump-estados-unidos-no-es-fuerza-bruta-es-fascismo/
217468,Nadie sabe lo que puede un cuerpo,https://www.revistaanfibia.com/jean-pierre-rosero-terapias-de-conversion-de-la-homosexualidad/
217585,Las crisis causan nuevos monstruos,https://www.revistaanfibia.com/la-virgen-de-la-tosquera-las-crisis-causan-nuevos-monstruos/
217607,Una mutación epocal,https://www.revistaanfibia.com/una-mutacion-epocal-estados-unidos-rusia-davos/
217655,Seis minutos para enamorarse,https://www.revistaanfibia.com/seis-minutos-para-enamorarse/
217634,¡Qué gauchitos!,https://www.revistaanfibia.com/folklore-y-nuevas-generaciones-que-gauchitos/
217726,¿Y por casa cómo andamos?,https://www.revistaanfibia.com/y-por-casa-como-andamos-racismo-en-brasil/
217776,Tierra del Fuego o la Groenlandia del Sur,https://www.revistaanfibia.com/tierra-del-fuego-o-la-groenlandia-del-sur/
201801,El regreso del hijo pródigo,https://www.revistaanfibia.com/el-regreso-del-hijo-prodigo-debi-tirar-mas-fotos-bad-bunny/
217836,Operación rescate del sable de San Martín,https://www.revistaanfibia.com/los-herederos-de-rosas-al-rescate-del-sable-de-san-martin/
217883,Anatomía de una deportación,https://www.revistaanfibia.com/anatomia-de-una-deportacion/
162725,Las travestis tejimos rebeldía,https://www.revistaanfibia.com/las-travestis-tejimos-rebeldia2/
217966,Dios atiende en Brasil,https://www.revistaanfibia.com/dios-atiende-en-brasil-migracion-misiones/
218040,Poli-ubers: el gatillo al volante,https://www.revistaanfibia.com/policias-uber-el-gatillo-al-volante/
218052,Los héroes de la cruzada viril,https://www.revistaanfibia.com/los-heroes-de-la-cruzada-viril/
218001,Una fiesta de puertas abiertas,https://www.revistaanfibia.com/murgas-una-fiesta-de-puertas-abiertas/
218078,Retrato de una mujer en llamas,https://www.revistaanfibia.com/hamnet-retrato-de-una-mujer-en-llamas/
217176,Reforma laboral no hay una sola,https://www.revistaanfibia.com/reforma-laboral-no-hay-una-sola/
218115,"Frágiles, atomizados, individualizados",https://www.revistaanfibia.com/reforma-laboral-fragiles-atomizados-individualizados/
218152,Nosotros también nos estamos derritiendo,https://www.revistaanfibia.com/ley-de-glaciares-nosotros-tambien-nos-estamos-derritiendo/
218180,Trabajadores en extinción,https://www.revistaanfibia.com/despidos-fate-trabajadores-en-extincion/
218227,"Niños a la escuela, menores a la cárcel",https://www.revistaanfibia.com/reforma-penal-juvenil-ninos-a-la-escuela-menores-a-la-carcel/
218257,Los sueños y las guerras,https://www.revistaanfibia.com/los-suenos-y-las-guerras-milei-congreso-sesiones-ordinarias/
218283,Lucrecia Martel en la tierra de Chocobar,https://www.revistaanfibia.com/lucrecia-martel-en-la-tierra-de-chocobar/
218303,El fuego camina conmigo,https://www.revistaanfibia.com/el-fuego-camina-conmigo-guerra-medio-oriente/
218341,Pedro Sánchez contra el trumpismo,https://www.revistaanfibia.com/pedro-sanchez-contra-el-trumpismo/
218358,La hija del salar,https://www.revistaanfibia.com/litio-la-hija-del-salar/
218394,El primer año del resto de su vida,https://www.revistaanfibia.com/pablo-grillo-el-primer-ano-del-resto-de-su-vida/
204162,Jugar a la política,https://www.revistaanfibia.com/manuel-adorni-jugar-a-la-politica/
218438,Un amigo es una luz,https://www.revistaanfibia.com/un-amigo-es-una-luz-milei-novelli-libra/
218486,La música es lo de menos,https://www.revistaanfibia.com/la-musica-es-lo-de-menos-ca7riel-y-paco-amoroso-free-spirits/
218516,Anatomía de una fecha,https://www.revistaanfibia.com/anatomia-de-una-fecha-50-anos-del-golpe/
218546,Más o menos nunca más,https://www.revistaanfibia.com/mas-o-menos-nunca-mas/
218564,Dibujo a mi tío para encontrarlo,https://www.revistaanfibia.com/dibujo-a-mi-tio-para-encontrarlo/
218484,Con los pañuelos no alcanza,https://www.revistaanfibia.com/con-los-panuelos-no-alcanza-escuelas-50-anos-del-golpe/
218518,Reaparecidos,https://www.revistaanfibia.com/50-anos-del-golpe-24m-reaparecidos/
218651,"El odio, el inodoro",https://www.revistaanfibia.com/el-odio-el-inodoro/
218691,¿Quién siente Vaca Muerta?,https://www.revistaanfibia.com/geonnitus-narrativas-ambientales-quien-siente-vaca-muerta/
218734,Los secretos de La Paz,https://www.revistaanfibia.com/violencia-armas-y-abuso-sexual-en-la-escuela-los-secretos-de-la-paz/
218893,"Y nosotros, a salvo",https://www.revistaanfibia.com/tiroteo-en-san-cristobal-y-nosotros-a-salvo/
218932,La escuela no es un lugar para morir,https://www.revistaanfibia.com/la-escuela-no-es-un-lugar-para-morir/
218787,"Montoneros, putos y faloperos",https://www.revistaanfibia.com/montoneros-una-historia-visual-maria-odonnell/
218966,Los dividendos del apocalipsis,https://www.revistaanfibia.com/los-dividendos-del-apocalipsis/
218996,Posición adelantada,https://www.revistaanfibia.com/posicion-adelantada-nacho-lago-colon-closet/
120343,La embajadora del tiempo,https://www.revistaanfibia.com/samanta-schweblin-la-embajadora-del-tiempo/
219021,Anestesiame,https://www.revistaanfibia.com/anestesiame/
219027,Vuelta por el universo,https://www.revistaanfibia.com/vuelta-por-el-universo-luna-artemis-nasa-atenea/
219084,Apenas periodistas,https://www.revistaanfibia.com/apenas-periodistas/
219096,Coreografía de la decepción,https://www.revistaanfibia.com/cuba-coreografia-de-la-decepcion/
219190,"Roban, pero ajustan",https://www.revistaanfibia.com/roban-pero-ajustan/
219265,¿Por qué nos conformamos con menos?,https://www.revistaanfibia.com/elizabeth-duval-por-que-nos-conformamos-con-menos/
219482,Oh my god,https://www.revistaanfibia.com/oh-my-god/
219664,La cruzada de la extrema derecha contra la democracia,https://www.revistaanfibia.com/la-cruzada-de-la-extrema-derecha-contra-la-democracia/
217164,Los tecno-oligarcas colonizan Washington,https://www.revistaanfibia.com/los-tecno-oligarcas-colonizan-washington-peter-thiel/
219682,¿Cuánto tiempo más llevará?,https://www.revistaanfibia.com/transporte-amba-cuanto-tiempo-mas-llevara/
219711,Juicio al poder médico,https://www.revistaanfibia.com/juicio-maria-magdalena-soledad-deza-secreto-profesional/
218855,Malvinas bajo la Doctrina Donroe,https://www.revistaanfibia.com/malvinas-bajo-la-doctrina-donroe/
219796,La pasión nómade,https://www.revistaanfibia.com/rossana-reguillo-la-pasion-nomade/
219855,Polimorosos,https://www.revistaanfibia.com/polimorosos/
219887,El lado B de las apuestas ilegales,https://www.revistaanfibia.com/casinos-online-el-lado-b-de-las-apuestas-ilegales/
219903,Vivirás entre luciérnagas,https://www.revistaanfibia.com/viviras-entre-luciernagas/
219917,Rezo por vos,https://www.revistaanfibia.com/rezo-por-vos-papa-francisco-el-ultimo-hombre-bueno/
219937,La retirada de YPF,https://www.revistaanfibia.com/la-retirada-de-ypf/
219984,Leer es una guerra por el tiempo,https://www.revistaanfibia.com/leer-es-una-guerra-por-el-tiempo/
219969,Por qué amar lo suficiente a los periodistas,https://www.revistaanfibia.com/por-que-amar-lo-suficiente-a-los-periodistas-futuro-imperfecto-festival-anfibio/
220090,Aluvional,https://www.revistaanfibia.com/aluvional/
220110,Resistiré,https://www.revistaanfibia.com/resistire-universidades-plan-sistematico-degradacion/
220127,Otro caso aislado de odio,https://www.revistaanfibia.com/otro-caso-aislado-de-odio/
220142,Anfibia es un festival,https://www.revistaanfibia.com/anfibia-es-un-festival/
220133,Narrar las ciudades,https://www.revistaanfibia.com/narrar-las-ciudades/
220190,Cómo romper un gobierno en seis meses,https://www.revistaanfibia.com/como-romper-un-gobierno-en-seis-meses/
204375,Enfermos,https://www.revistaanfibia.com/ajuste-en-salud-enfermos/
220246,Gemelo Digital: desmantelar y vigilar,https://www.revistaanfibia.com/gemelo-digital-social-desmantelar-y-vigilar/
220264,Sí hay plata,https://www.revistaanfibia.com/si-hay-plata-ley-de-financiamiento-universitario/
220366,Preparate para vivir cien años,https://www.revistaanfibia.com/preparate-para-vivir-cien-anos/
204809,Un objetivo simple y brutal,https://www.revistaanfibia.com/julia-mengolini-un-objetivo-simple-y-brutal/
220461,Nos siguen matando,https://www.revistaanfibia.com/agostina-vega-ni-una-menos-marcela-ojeda/
220508,El triunfo del yopitalismo,https://www.revistaanfibia.com/el-triunfo-del-yopitalismo/
220331,El sueldo se me va en pagar las deudas,https://www.revistaanfibia.com/el-sueldo-se-me-va-en-pagar-las-deudas/
61533,La decepción de lo idílico,https://www.revistaanfibia.com/la-decepcion-lo-idilico/
163530,El último pogo bestial con JiJiJi,https://www.revistaanfibia.com/redondos-el-ultimo-pogo-bestial-con-jijiji/
220558,Adaptarse al fuego,https://www.revistaanfibia.com/adaptarse-al-fuego-la-patagonia/
2932,Sufrimiento y éxtasis ricotero,https://www.revistaanfibia.com/devocion-al-indio-sufrimiento-y-extasis-ricotero/
220641,La dicha no es una cosa alegre,https://www.revistaanfibia.com/indio-solari-la-dicha-no-es-una-cosa-alegre/
220723,El Indio nos dio un código,https://www.revistaanfibia.com/el-indio-nos-dio-un-codigo/
220747,Con el Indio se murió mi juventud,https://www.revistaanfibia.com/con-el-indio-se-murio-mi-juventud/
220763,Los ríos subterráneos,https://www.revistaanfibia.com/los-rios-subterraneos-los-redondos-indio-solari/
220774,El fusilador oculto de Operación Masacre,https://www.revistaanfibia.com/operacion-masacre-fusilamientos-jose-leon-suarez-desiderio-fernandez-suarez-el-fusilador-oculto/
220810,El bien y el mal definen por penal,https://www.revistaanfibia.com/el-bien-y-el-mal-definen-por-penal-mundial-2026/
220848,País de boludos,https://www.revistaanfibia.com/pais-de-boludos/
220819,Todo lo que nos deja el Festival Anfibio,https://www.revistaanfibia.com/todo-lo-que-nos-deja-el-festival-anfibio/
220860,Que el cielo nos corresponda,https://www.revistaanfibia.com/que-el-cielo-nos-corresponda-mundial-2026/
