Tag A,Tag B,Similitud_Coseno_Prob_Topicos
Messi,Scaloneta,0.999
Iran,Irán,0.998
Messi,Qatar 2022,0.997
Qatar 2022,Scaloneta,0.997
Israel,Palestina,0.996
Iglesia Católica,Papa Francisco,0.996
Javier Milei,Sin Control 2,0.995
Cop26,Crisis Climática,0.995
Irán,Medio Oriente,0.995
Jair Bolsonaro,Lula Da Silva,0.994
Iran,Medio Oriente,0.994
Alemania,Angela Merkel,0.994
Rusia,Ucrania,0.993
Alejandro Sabella,Scaloneta,0.993
Elecciones 2023,Sergio Massa,0.993
Catolicismo,Religion,0.992
Papa Francisco,Papa León Xiv,0.992
Dilma Rousseff,Lula Da Silva,0.992
Dilma Rousseff,Jair Bolsonaro,0.991
Di María,Messi,0.991
Alejandro Sabella,Messi,0.991
Qatar 2022,Selección Argentina,0.991
Iglesia Católica,Papa León Xiv,0.991
Messi,Selección Argentina,0.991
Alejandro Sabella,Qatar 2022,0.991
Lgbtiq+,Orgullo,0.99
8M,8M: Paro Internacional Y Plurinacional De Mujeres Y Disidencias,0.99
Alberto Fernández,Frente De Todos,0.99
Francia Márquez,Gustavo Petro,0.99
Di María,Scaloneta,0.99
Scaloneta,Selección Argentina,0.989
Israel,Medio Oriente,0.988
Música,Rock Nacional,0.988
Arte Digital,Arteba,0.988
Fútbol,Mundial De Fútbol,0.988
Ca7Triel Y Paco,Pop,0.987
Javier Milei,Un Año De Milei,0.987
Javier Milei,La Libertad Avanza,0.987
Javier Milei,O Sea Digamos,0.987
Marcha Universitaria,Universidad Pública,0.987
Reforma Laboral,Trabajo,0.987
O Sea Digamos,Sin Control 2,0.987
Catolicismo,Papa Francisco,0.987
Papa Francisco,Religion,0.986
Putin,Rusia,0.986
Fútbol,Qatar 2022,0.986
Di María,Qatar 2022,0.986
Federalismo,Provincias,0.986
Di María,Selección Argentina,0.985
Brasil,Dilma Rousseff,0.985
Congreso,Sin Control 2,0.985
Derechas,Liberalismo,0.985
Charly García,Luis Alberto Spinetta,0.985
Martín Guzmán,Silvina Batakis,0.984
Brasil,Jair Bolsonaro,0.984
Calentamiento Global,Carbono,0.984
Música,Pop,0.984
Clases Medias,Ilustraciones,0.984
Congreso,Javier Milei,0.984
Brasil,Lula Da Silva,0.984
Causa Andis,Llaryora,0.983
Artesdigitales,Mujeres Y Disidencias,0.983
Mundial De Fútbol,Qatar 2022,0.983
Mujeres Y Disidencias,Mutek,0.983
Irán,Israel,0.983
Financiamiento Narco,Pacto De Mayo,0.983
Escuelas,Soledad Acuña,0.983
#Niunamenos,Día Internacional De La Eliminación De La Violencia Contra Las Mujeres,0.983
El Último Rincón De Sudamérica,Guayana Francesa,0.983
Financiamiento Narco,Llaryora,0.983
Artesdigitales,Britishcouncil,0.983
Amplify,Mujeres Y Disidencias,0.983
Amplify,Britishcouncil,0.983
Mundial De Fútbol,Viajes,0.983
La Libertad Avanza,Sergio Massa,0.983
Causa Andis,Pacto De Mayo,0.983
La Conversa,Rechazo,0.983
Britishcouncil,Mutek,0.983
Iran,Israel,0.982
Sin Control 2,Un Año De Milei,0.982
Evangélicos,Religion,0.982
Alejandro Sabella,Di María,0.982
Medio Oriente,Palestina,0.982
Leandro Santoro,Pro,0.982
Asociación Del Fútbol Argentino,Lionel Messi,0.982
Ca7Triel Y Paco,Música,0.981
Alejandro Sabella,Selección Argentina,0.981
Pop,Rock Nacional,0.981
La Conversa,Proceso Constituyente,0.981
Discurso,Karina Milei,0.981
$Libra,Criptogate,0.981
Festival Anfibio,Pensamiento Contemporáneo,0.981
Derechas,Elecciones 2023,0.981
Maradona,Scaloneta,0.981
Elecciones,Marcos Peña,0.981
Fallo Contra Cfk,Movilización,0.98
Boric,Convención Constituyente,0.98
Catolicismo,Iglesia Católica,0.98
La Libertad Avanza,O Sea Digamos,0.98
Juntos Por El Cambio,Peronismo,0.98
Lunes Negro,Presupuesto 2025,0.98
Lunes Negro,Populismo,0.98
Congreso,O Sea Digamos,0.98
Fútbol,Scaloneta,0.98
Axel Kicillof,Sergio Massa,0.979
Carbono,Océanos,0.979
La Libertad Avanza,Sin Control 2,0.979
Mundial De Fútbol,Scaloneta,0.979
Maradona,Qatar 2022,0.979
Elecciones 2023,La Libertad Avanza,0.979
Elecciones,Frente De Todos,0.979
Iglesia Católica,Religion,0.978
Pop,Trap,0.978
Educación,Escuelas,0.978
Discurso,Lunes Negro,0.978
Elecciones 2023,Peronismo,0.978
Fútbol,Selección Argentina,0.978
Elecciones,Peronismo,0.978
Barras Bravas,Fútbol,0.978
Maradona,Messi,0.978
Congreso,La Libertad Avanza,0.978
Pablo Lautra,Violencia De Género,0.977
Pop,Soledad Pastorutti,0.977
Nicolas Maduro,Venezuela,0.977
Lito Vitale,Pop,0.977
Liliana Herrero,Pop,0.977
Varones Unidos,Violencia De Género,0.977
Mex Urtizberea,Pop,0.977
Milo J,Pop,0.977
Jorge Macri,Pro,0.977
Canadá,Mundial 2026,0.977
Conflictos Territoriales,Pueblos Originarios,0.977
Julián Kartun,Pop,0.977
Calentamiento Global,Servicio Meteorológico Nacional,0.977
Calentamiento Global,Océano,0.977
Ca7Triel Y Paco,Rock Nacional,0.977
Doble Femicidio,Violencia De Género,0.977
Elecciones,Elecciones Legislativas 2021,0.977
Falklore,Pop,0.977
Falsas Denuncias,Violencia De Género,0.977
Docentes,Marcha Universitaria,0.977
Fútbol,Messi,0.977
Cosquín,Pop,0.977
Denuncias,Violencia De Género,0.977
Escuela Idaes,Unsam,0.977
Cazzu,Pop,0.977
Karina Milei,Lunes Negro,0.977
Calentamiento Global,Inundaciones,0.977
Di María,Mundial De Fútbol,0.976
Elecciones,Juntos Por El Cambio,0.976
Donald Trump,Estados Unidos,0.976
Hbo,Series,0.976
Elecciones Legislativas 2021,Peronismo,0.976
Aira,Crónica,0.976
Axel Kicillof,Gobernadores,0.976
Sergio Massa,Unión Por La Patria,0.976
Mundial De Fútbol,Selección Argentina,0.976
Papa León Xiv,Religion,0.976
Congreso,Unión Por La Patria,0.976
Rosario,Rosariocronica,0.976
Calentamiento Global,Océanos,0.976
Economía,Inflación,0.976
Federalismo,La Libertad Avanza,0.975
Ucrania,Vladímir Putin,0.975
Groenlandia,Ucrania,0.975
Dillom,Pop,0.975
Discurso,Unión Por La Patria,0.975
Elecciones 2023,Liberalismo,0.975
Horrorcore,Pop,0.975
Catolicismo,Papa León Xiv,0.975
Ucrania,Unión Europea,0.975
Putin,Ucrania,0.975
La Libertad Avanza,Unión Por La Patria,0.975
$Libra,Milei,0.974
Dólar,Fmi,0.974
Financiamiento Narco,Lunes Negro,0.974
Congreso,Federalismo,0.974
Causa Andis,Lunes Negro,0.974
Cine,Cine Argentino,0.974
Arte,Artes,0.974
Lunes Negro,Pacto De Mayo,0.974
Lionel Messi,Qatar 2022,0.974
Messi,Mundial De Fútbol,0.974
Llaryora,Lunes Negro,0.974
Alejandro Sabella,Fútbol,0.974
Chile,La Transición En Chile,0.973
Di María,Fútbol,0.973
Nicolás Maduro,Unión Europea,0.973
Nicolás Maduro,Vladímir Putin,0.973
8M,Feminismos,0.973
Fútbol,Lionel Messi,0.973
Lionel Messi,Selección Argentina,0.973
Derechas,Javier Milei,0.973
Elecciones Legislativas 2021,Frente De Todos,0.973
Irán,Palestina,0.973
Axel Kicillof,Provincias,0.973
2001,Crisis 2001,0.973
Charly García,Rock Nacional,0.973
Groenlandia,Nicolás Maduro,0.973
Lgbtiq+,Memoria Trans,0.972
Fútbol,Viajes,0.972
Convención Constituyente,La Transición En Chile,0.972
Iran,Palestina,0.972
Gabriel Boric,La Transición En Chile,0.972
Despidos,Reforma Laboral,0.972
Lionel Messi,Messi,0.972
Música,Trap,0.972
Provincias,Sergio Massa,0.972
Memoria Trans,Orgullo,0.972
Mex Urtizberea,Música,0.971
La Libertad Avanza,Liberalismo,0.971
Lito Vitale,Música,0.971
Cosquín,Música,0.971
Alberto Fernández,Elecciones,0.971
Derechas,La Libertad Avanza,0.971
Alquileres,Inquilinxs,0.971
Milei,Presupuesto 2025,0.971
Liliana Herrero,Música,0.971
Milei,Populismo,0.971
Julián Kartun,Música,0.971
Axel Kicillof,Pro,0.971
Cazzu,Música,0.971
$Libra,Culturahype,0.971
$Libra,Hipersticion,0.971
Falklore,Música,0.971
Milo J,Música,0.971
Deuda,Fmi,0.971
Cordobesismo,María Eugenia Vidal,0.971
Música,Soledad Pastorutti,0.971
Dillom,Trap,0.97
Bell Hooks,Terf,0.97
Horrorcore,Trap,0.97
Ca7Triel Y Paco,Lentitud,0.97
Lunes Negro,Milei,0.97
Crónicas,Futuros,0.97
Elecciones 2023,Javier Milei,0.97
Feminismos Afro,Furia Travesti,0.97
Bell Hooks,Cancelación,0.97
Cancelación,Feminismos Afro,0.97
Crónicas,Hidrovía,0.97
Abuso Sexual,Violencia De Género,0.97
Axel Kicillof,Elecciones 2023,0.97
Alejandro Sabella,Maradona,0.97
Educación,Marcha Universitaria,0.97
Derechas,Sergio Massa,0.97
Congreso,Karina Milei,0.97
Feminismos Afro,Terf,0.97
Ara San Juan,Submarinos,0.97
Bell Hooks,Furia Travesti,0.97
Elecciones 2023,Juntos Por El Cambio,0.97
Barras Bravas,Boca Juniors,0.969
Elecciones 2023,Federalismo,0.969
Elecciones 2023,Unión Por La Patria,0.969
Congreso,Provincias,0.969
Alejandro Sabella,Mundial De Fútbol,0.969
8M: Paro Internacional Y Plurinacional De Mujeres Y Disidencias,Feminismos,0.969
Energía,Petróleo,0.969
Axel Kicillof,Juntos Por El Cambio,0.969
Lionel Messi,Scaloneta,0.969
Congreso,Ley Ómnibus,0.969
Javier Milei,Unión Por La Patria,0.969
Congreso,Discurso,0.969
Culturahype,Llaryora,0.968
Culturahype,Pacto De Mayo,0.968
Pacto De Mayo,Populismo,0.968
Hipersticion,Pacto De Mayo,0.968
Pacto De Mayo,Presupuesto 2025,0.968
Federalismo,Javier Milei,0.968
Cine,Globos De Oro,0.968
Cristina Fernández De Kirchner,Kirchnerismo,0.968
Qatar 2022,Viajes,0.968
Derechos,Reforma Laboral,0.968
Hipersticion,Llaryora,0.968
La Libertad Avanza,Provincias,0.968
Llaryora,Presupuesto 2025,0.968
Llaryora,Populismo,0.968
Plebiscito De Salida,Rechazo,0.968
Alejandro Sabella,Lionel Messi,0.968
Gobernadores,Pro,0.967
Frente De Todos,Martín Guzmán,0.967
Elecciones,Randazzo,0.967
24M: Día De La Memoria Por La Verdad Y La Justicia,Derechos Humanos,0.967
Federalismo,Sergio Massa,0.967
Liberalismo,Sergio Massa,0.967
Giorgia Meloni,Izquierdas,0.967
Elecciones Legislativas 2021,Progresismo,0.967
Angela Merkel,Izquierdas,0.967
Ciudad Futura,Elecciones 2023,0.967
Karina Milei,Llaryora,0.966
Frente De Todos,Marcos Peña,0.966
Federalismo,O Sea Digamos,0.966
Karina Milei,Pacto De Mayo,0.966
Congreso,Libertad,0.966
Deuda,Dólar,0.966
Elecciones 2023,Provincias,0.966
Daniel Ortega,Honduras,0.966
Nicaragua,Xiomara Castro,0.966
Honduras,Nicaragua,0.966
Di María,Lionel Messi,0.966
Ciudad Futura,Peronismo,0.966
Alemania,Izquierdas,0.966
Javier Milei,Sergio Massa,0.966
Daniel Ortega,Xiomara Castro,0.966
Javier Milei,Libertarios,0.965
Lentitud,Música,0.965
Jorge Macri,Leandro Santoro,0.965
Javier Milei,Libertad,0.965
Alfabetismos Aumentados,Teletrabajo,0.965
Juntos Por El Cambio,Marcos Peña,0.965
Culturahype,Milei,0.965
Congreso,Sergio Massa,0.965
Frente De Todos,Peronismo,0.965
Hipersticion,Milei,0.965
Derecho A La Desconexión,Teletrabajo,0.965
Derechas,Un Año De Milei,0.965
Marcos Peña,Peronismo,0.965
Dillom,Música,0.965
Horrorcore,Música,0.965
Javier Milei,Liberalismo,0.965
Discurso,Populismo,0.965
Discurso,Presupuesto 2025,0.965
Teletrabajo,Trabajo,0.965
Boric,La Transición En Chile,0.965
Cine,Premios Oscar,0.965
Causa Andis,Populismo,0.964
Maradona,Selección Argentina,0.964
Financiamiento Narco,Populismo,0.964
Causa Andis,Presupuesto 2025,0.964
Axel Kicillof,Unión Por La Patria,0.964
Rock Nacional,Trap,0.964
Chile Convención Constituyente Internacional,Rechazo,0.964
La Libertad Avanza,Libertarios,0.964
Catolicismo,Evangélicos,0.964
Escuelas,Marcha Universitaria,0.964
Fotografía,Videla,0.964
Financiamiento Narco,Presupuesto 2025,0.964
Natalia Oreiro,Rusia,0.964
Ca7Triel Y Paco,Charly García,0.964
Elecciones,Izquierdas,0.964
La Libertad Avanza,Un Año De Milei,0.964
Roberto Jacoby,Rosalía,0.964
Congreso,Un Año De Milei,0.964
Causa Andis,Hipersticion,0.963
Causa Andis,Culturahype,0.963
Chile,Convención Constituyente,0.963
Folklore,Milo J,0.963
Hebe De Bonafini,Madres De Plaza De Mayo,0.963
Fundamentalistas Del Aire Acondicionado,Lentitud,0.963
Folklore,Soledad Pastorutti,0.963
Congreso,Elecciones 2023,0.963
Folklore,Julián Kartun,0.963
Rock Nacional,Soledad Pastorutti,0.963
Mex Urtizberea,Rock Nacional,0.963
Julián Kartun,Rock Nacional,0.963
Cazzu,Folklore,0.963
Falklore,Folklore,0.963
8M: Paro Internacional Y Plurinacional De Mujeres Y Disidencias,Testimonios,0.963
Provincias,Unión Por La Patria,0.963
Bolivia,G20,0.963
Folklore,Lito Vitale,0.963
Folklore,Mex Urtizberea,0.963
Folklore,Liliana Herrero,0.963
Deuda,Inflación,0.963
Cosquín,Folklore,0.963
Culturahype,Financiamiento Narco,0.963
Lentitud,Redonditos De Ricota,0.963
Sin Control 2,Unión Por La Patria,0.963
Lito Vitale,Rock Nacional,0.963
Pro,Provincias,0.963
Cosquín,Rock Nacional,0.963
House Of The Dragon,Series,0.963
Falklore,Rock Nacional,0.963
Ca7Triel Y Paco,Horrorcore,0.963
Ca7Triel Y Paco,Dillom,0.963
Cazzu,Rock Nacional,0.963
Selección Argentina,Viajes,0.963
Liliana Herrero,Rock Nacional,0.963
Milo J,Rock Nacional,0.963
Clase Obrera,Derechos,0.963
Gobernadores,Jorge Macri,0.963
Axel Kicillof,Leandro Santoro,0.963
Game Of Thrones,Series,0.963
Financiamiento Narco,Hipersticion,0.963
Karina Milei,Unión Por La Patria,0.963
Crónicas,Ley De Glaciares,0.963
Culturahype,Lunes Negro,0.962
2X1 A Genocidas,Lesa Humanidad,0.962
Docentes,Soledad Acuña,0.962
Dillom,Rock Nacional,0.962
Frente De Todos,Izquierdas,0.962
O Sea Digamos,Un Año De Milei,0.962
Discurso,Milei,0.962
Alberto Fernández,Cristina Fernández De Kirchner,0.962
Liberalismo,Peronismo,0.962
Charly García,Música,0.962
Educación,Universidad Pública,0.962
Juicios De Lesa Humanidad,Terrorismo De Estado,0.962
Hipersticion,Lunes Negro,0.962
Perfil Político,Peronismo,0.962
Femicidios,Nahir Galarza,0.962
Horrorcore,Rock Nacional,0.962
Crónicas,Desplazados,0.961
Crónicas,Resistencia,0.961
O Sea Digamos,Sergio Massa,0.961
Alberto Fernández,Nancy Fraser,0.961
Juntos Por El Cambio,Sergio Massa,0.961
Energía,Rigi,0.961
Rosalía,Trap,0.961
Docentes,Universidad Pública,0.961
Francia Márquez,Izquierdas,0.961
Inflación,Precios,0.961
Economía,Mitos Impuestos,0.961
Federalismo,Sin Control 2,0.961
Pop,Rosalía,0.961
Derechas,Peronismo,0.961
Canal De Panamá,Crónicas,0.961
Peronismo,Sergio Massa,0.961
Anticomunismo,Derechas,0.961
Angela Merkel,Escuela De Política Y Gobierno,0.961
Charly García,Pop,0.961
Ca7Triel Y Paco,Trap,0.961
Beca Crónica,Crónicas,0.961
Rusia,Vladímir Putin,0.96
Hipersticion,Populismo,0.96
Culturahype,Presupuesto 2025,0.96
Milo J,Trap,0.96
Pro,Unión Por La Patria,0.96
Culturahype,Populismo,0.96
Hipersticion,Presupuesto 2025,0.96
Mex Urtizberea,Trap,0.96
Rusia,Unión Europea,0.96
Cosquín,Trap,0.96
Lito Vitale,Trap,0.96
Soledad Pastorutti,Trap,0.96
Alberto Fernández,Marcos Peña,0.96
Marcos Peña,Randazzo,0.96
Cazzu,Trap,0.96
Despidos,Trabajo,0.96
Liliana Herrero,Trap,0.96
Julián Kartun,Trap,0.96
Scaloneta,Viajes,0.96
Gobernadores,Juntos Por El Cambio,0.96
Elecciones 2023,Juan Grabois,0.96
Falklore,Trap,0.96
Groenlandia,Rusia,0.96
Cristina Fernández De Kirchner,Peronismo,0.96
Clase Obrera,Trabajo,0.959
Cfk,Cristina Fernández De Kirchner,0.959
Randazzo,Ucr,0.959
Crónicas,Sequía,0.959
Elecciones 2023,O Sea Digamos,0.959
Chile Convención Constituyente Internacional,La Conversa,0.959
La Transición En Chile,Rechazo,0.959
Netflix,Series,0.959
Crónicas,Monterrey,0.959
Karina Milei,Presupuesto 2025,0.959
Crónicas,Instituto Llilas,0.959
3J,Encuentro Plurinacional De Mujeres,0.959
Donald Trump,Partido Republicano,0.959
Charly García,Lentitud,0.959
Alberto Fernández,Izquierdas,0.959
Deuda,Economía,0.959
Liberalismo,Libertarios,0.959
Docentes,Escuelas,0.959
Karina Milei,Populismo,0.959
Congreso,Libertarios,0.959
Lentitud,Pop,0.959
Discurso,Sin Control 2,0.958
Catolicismo,Religión,0.958
China,Nicolás Maduro,0.958
Alejandro Zambra,Crónica,0.958
$Libra,Lunes Negro,0.958
Abuso Sexual,Varones Unidos,0.958
Elecciones,Progresismo,0.958
Abuso Sexual,Denuncias,0.958
Comedores Comunitarios,Derechas,0.958
Abuso Sexual,Doble Femicidio,0.958
Cfk,Vialidad,0.958
Lionel Messi,Mundial De Fútbol,0.958
Marcha Universitaria,Soledad Acuña,0.958
Dólar,Inflación,0.958
Alemania,Francia Márquez,0.958
Anticomunismo,Elecciones 2023,0.958
Abuso Sexual,Falsas Denuncias,0.958
Abuso Sexual,Pablo Lautra,0.958
Juan Grabois,Peronismo,0.958
Globos De Oro,Premios Oscar,0.957
Boca Juniors,Fútbol,0.957
Libertad,Sin Control 2,0.957
Alejandro Zambra,Zambra,0.957
Di María,Maradona,0.957
$Libra,Populismo,0.957
Izquierdas,Marcos Peña,0.957
Campo,Martín Guzmán,0.957
Karina Milei,Leandro Santoro,0.957
Chile Convención Constituyente Internacional,Convención Constituyente,0.957
Libertarios,Sin Control 2,0.957
Educación,Territorio Educativo,0.957
$Libra,Presupuesto 2025,0.957
Agronegocios,Martín Guzmán,0.957
Martín Guzmán,Retenciones,0.957
Cristina Fernández De Kirchner,Elecciones,0.957
Invasión,Mexico,0.957
Barbie,Cine,0.957
Docentes,Educación,0.957
Folclore,Música,0.956
Elecciones,Elecciones 2023,0.956
Elecciones,Perfil Político,0.956
Lawfare,Poder Judicial,0.956
Derechas,Libertarios,0.956
Karina Milei,Sin Control 2,0.956
Derechas,O Sea Digamos,0.956
$Libra,Financiamiento Narco,0.956
$Libra,Causa Andis,0.956
Populismo,Sin Control 2,0.956
Lentitud,Rock Nacional,0.956
Guerra De Aranceles,Politica Exterior,0.956
Angela Merkel,Francia Márquez,0.956
8M: Paro Internacional Y Plurinacional De Mujeres Y Disidencias,Bell Hooks,0.956
Deuda,Mitos Impuestos,0.956
O Sea Digamos,Provincias,0.956
Alejandro Sabella,Viajes,0.956
Pro,Sergio Massa,0.956
Barbie,Globos De Oro,0.956
Presupuesto 2025,Sin Control 2,0.956
China,Unión Europea,0.956
China,Groenlandia,0.956
China,Vladímir Putin,0.956
La Libertad Avanza,Libertad,0.956
8M: Paro Internacional Y Plurinacional De Mujeres Y Disidencias,Feminismos Afro,0.956
Evangélicos,Papa Francisco,0.956
Cine,Zapping Cultural,0.955
Cine Argentino,Zapping Cultural,0.955
Discurso,Llaryora,0.955
Ca7Triel Y Paco,Cazzu,0.955
Ca7Triel Y Paco,Milo J,0.955
Ca7Triel Y Paco,Soledad Pastorutti,0.955
Ca7Triel Y Paco,Mex Urtizberea,0.955
Ca7Triel Y Paco,Lito Vitale,0.955
Ca7Triel Y Paco,Liliana Herrero,0.955
Ca7Triel Y Paco,Julián Kartun,0.955
Santa Fe,Ucr,0.955
Día Internacional De La Eliminación De La Violencia Contra Las Mujeres,Higui,0.955
Boric,Rechazo,0.955
Angela Merkel,Elecciones,0.955
Discurso,Pacto De Mayo,0.955
Masculinidades,Punitivismo,0.955
Alberto Fernández,Peronismo,0.955
Energía,Ola Polar,0.955
Artes,Posguerra,0.955
Asociación Del Fútbol Argentino,Fútbol,0.955
Artes,Danza,0.955
Ca7Triel Y Paco,Cosquín,0.955
Energía,Ypf,0.955
La Conversa,La Transición En Chile,0.955
Ca7Triel Y Paco,Falklore,0.955
Derechos,Trabajo,0.955
Cambio Climático,Transición Energética,0.955
Artes,Movimiento,0.955
Artes,Melisa Zulberti,0.955
Congreso,Lunes Negro,0.955
Congreso,Presupuesto 2025,0.955
Congreso,Populismo,0.955
Libertad,Unión Por La Patria,0.955
Convención Constituyente,Rechazo,0.955
Dillom,Rosalía,0.954
Series,Zendaya,0.954
Milei,Pacto De Mayo,0.954
Derechas,Sin Control 2,0.954
Futuridades,Tecnoceno,0.954
Lunes Negro,Sin Control 2,0.954
Fútbol,Maradona,0.954
Natalia Oreiro,Ucrania,0.954
Ciudad Futura,Elecciones Legislativas 2021,0.954
#Niunamenos,Ni Una Menos,0.954
Euphoria,Series,0.954
Natalia Oreiro,Putin,0.954
Derechas,Progresismo,0.954
Llaryora,Milei,0.954
Elecciones 2023,Sin Control 2,0.954
Horrorcore,Rosalía,0.954
Congreso,Pro,0.954
Escuelas,Territorio Educativo,0.954
Discurso,Provincias,0.954
Frente De Todos,Juntos Por El Cambio,0.954
Barras Bravas,Mundial De Fútbol,0.954
Imaginarios,Tecnoceno,0.954
Desplazados,Hidrovía,0.953
Gobernadores,Provincias,0.953
Beca Crónica,Hidrovía,0.953
Adorni,Corrupción,0.953
El País,Lunes Negro,0.953
Futuros,Resistencia,0.953
Hidrovía,Resistencia,0.953
Libertarios,Un Año De Milei,0.953
Axel Kicillof,Peronismo,0.953
Peronismo,Progresismo,0.953
Elecciones Legislativas 2021,Juntos Por El Cambio,0.953
Ciudad Futura,Elecciones,0.953
Ciudad Futura,Sergio Massa,0.953
Federalismo,Unión Por La Patria,0.953
Beca Crónica,Futuros,0.953
Axel Kicillof,Jorge Macri,0.953
Gobernadores,Leandro Santoro,0.953
Alberto Fernández,Elecciones Legislativas 2021,0.953
Folklore,Música,0.953
Karina Milei,Pro,0.953
Leandro Santoro,Unión Por La Patria,0.953
Sergio Massa,Sin Control 2,0.953
Feminismos,Ni Una Menos,0.953
Desplazados,Futuros,0.953
Canal De Panamá,Hidrovía,0.953
Canal De Panamá,Futuros,0.953
Día Internacional De La Eliminación De La Violencia Contra Las Mujeres,Ni Una Menos,0.953
Messi,Viajes,0.953
Instagram,Tiktok,0.952
Agronegocios,Silvina Batakis,0.952
Alemania,Gustavo Petro,0.952
Angela Merkel,Frente De Todos,0.952
Angela Merkel,Gustavo Petro,0.952
Alemania,Escuela De Política Y Gobierno,0.952
Liberalismo,Un Año De Milei,0.952
O Sea Digamos,Unión Por La Patria,0.952
Iag,Inteligencia Artificial,0.952
Juntos Por El Cambio,Randazzo,0.952
Discurso,La Libertad Avanza,0.952
Folklore,Rock Nacional,0.952
Corrupción,Javier Milei,0.952
8M: Paro Internacional Y Plurinacional De Mujeres Y Disidencias,Ni Una Menos,0.952
Premios Oscar,Zapping Cultural,0.952
Proceso Constituyente,Rechazo,0.952
Arte,Clases Medias,0.952
$Libra,Llaryora,0.952
Elecciones Legislativas 2021,Marcos Peña,0.952
Jorge Macri,Juntos Por El Cambio,0.952
Punitivismo,Violencia De Género,0.952
Retenciones,Silvina Batakis,0.952
Javier Milei,Provincias,0.952
Campo,Silvina Batakis,0.952
Lunes Negro,Unión Por La Patria,0.952
$Libra,Pacto De Mayo,0.952
Feminismo Negro,Francia Márquez,0.951
A 20 Años Del 2001,Frente De Todos,0.951
Luis Alberto Spinetta,Redonditos De Ricota,0.951
Federalismo,Libertarios,0.951
Charly García,Liliana Herrero,0.951
Charly García,Mex Urtizberea,0.951
Charly García,Julián Kartun,0.951
Causa Andis,El País,0.951
Charly García,Soledad Pastorutti,0.951
Charly García,Falklore,0.951
Deuda Externa,Inflación,0.951
Derechas,Federalismo,0.951
Cazzu,Charly García,0.951
Fundamentalistas Del Aire Acondicionado,Luis Alberto Spinetta,0.951
El País,Financiamiento Narco,0.951
Marcha Universitaria,Territorio Educativo,0.951
Nicolás Maduro,Ucrania,0.951
Ciudad Futura,Juntos Por El Cambio,0.951
Charly García,Lito Vitale,0.951
8M: Paro Internacional Y Plurinacional De Mujeres Y Disidencias,Día Internacional De La Eliminación De La Violencia Contra Las Mujeres,0.951
Alberto Fernández,Martín Guzmán,0.951
Crimen De Odio,Violencia Policial,0.951
Corrupción,La Libertad Avanza,0.951
Francia Márquez,Interseccionalidad,0.951
Charly García,Cosquín,0.951
Charly García,Milo J,0.951
Ca7Triel Y Paco,Luis Alberto Spinetta,0.95
Falklore,Horrorcore,0.95
Horrorcore,Milo J,0.95
Cosquín,Dillom,0.95
Dillom,Mex Urtizberea,0.95
Cine Argentino,Globos De Oro,0.95
Dillom,Lito Vitale,0.95
Horrorcore,Soledad Pastorutti,0.95
Cfk,Kirchnerismo,0.95
Dillom,Liliana Herrero,0.95
Horrorcore,Lito Vitale,0.95
Dillom,Julián Kartun,0.95
Horrorcore,Julián Kartun,0.95
Dillom,Falklore,0.95
Discurso,Sergio Massa,0.95
Corte Suprema,Vialidad,0.95
Cosquín,Horrorcore,0.95
Dillom,Soledad Pastorutti,0.95
Causa Andis,Karina Milei,0.95
Anticomunismo,Juntos Por El Cambio,0.95
Horrorcore,Liliana Herrero,0.95
Dillom,Milo J,0.95
Barras Bravas,Qatar 2022,0.95
Libertad,Libertarios,0.95
Di María,Viajes,0.95
Horrorcore,Mex Urtizberea,0.95
Clase Obrera,Reforma Laboral,0.95
Chile Convención Constituyente Internacional,La Transición En Chile,0.95
Axel Kicillof,La Libertad Avanza,0.95
Educación,Soledad Acuña,0.95
Financiamiento Narco,Karina Milei,0.95
Maradona,Mundial De Fútbol,0.95
Cazzu,Dillom,0.95
Karina Milei,O Sea Digamos,0.95
Un Año De Milei,Unión Por La Patria,0.95
Evangélicos,Iglesia Católica,0.95
Lentitud,Luis Alberto Spinetta,0.95
Elecciones 2023,Libertad,0.95
Cazzu,Horrorcore,0.95
Discurso,Javier Milei,0.949
Charly García,Fundamentalistas Del Aire Acondicionado,0.949
Chile,Gabriel Boric,0.949
Culturahype,El País,0.949
Córdoba,Incendios Forestales,0.949
Daniel Ortega,Venezuela,0.949
Energía Atómica,Recursos Naturales,0.949
Luis Alberto Spinetta,Rock Nacional,0.949
Axel Kicillof,Federalismo,0.949
Nicaragua,Venezuela,0.949
Charly García,Redonditos De Ricota,0.949
Cristina Fernández De Kirchner,Frente De Todos,0.949
Congreso,Derechas,0.949
Frente De Todos,Progresismo,0.949
Crisis Climática,Hidrógeno Verde,0.949
El País,Hipersticion,0.949
Adorni,La Libertad Avanza,0.949
El País,Karina Milei,0.949
Gobernadores,Sergio Massa,0.948
8M,Testimonios,0.948
Alemania,Giorgia Meloni,0.948
Instituto Llilas,Resistencia,0.948
Instituto Llilas,Ley De Glaciares,0.948
8M,Ni Una Menos,0.948
Angela Merkel,Marcos Peña,0.948
Impuesto A Las Grandes Riquezas,Mitos Impuestos,0.948
Redonditos De Ricota,Rock Nacional,0.948
Ley De Glaciares,Sequía,0.948
Desplazados,Monterrey,0.948
Fmi,Inflación,0.948
Canal De Panamá,Sequía,0.948
Canal De Panamá,Monterrey,0.948
Desplazados,Instituto Llilas,0.948
El País,Presupuesto 2025,0.948
El País,Populismo,0.948
Argentina,Opus Dei,0.948
Fútbol,Fútbol Femenino,0.948
Fundamentalistas Del Aire Acondicionado,Rock Nacional,0.948
Ni Una Menos,Punitivismo,0.948
Desplazados,Sequía,0.948
Canal De Panamá,Instituto Llilas,0.948
Beca Crónica,Sequía,0.948
Beca Crónica,Monterrey,0.948
Resistencia,Sequía,0.948
Artes,Escuela De Arte Y Patrimonio,0.948
Beca Crónica,Instituto Llilas,0.948
Monterrey,Resistencia,0.948
Autismo,Trastorno Del Espectro Autista,0.948
Autismo,Autista,0.948
Elecciones Legislativas 2021,Frente De Izquierda,0.948
Ley De Glaciares,Monterrey,0.948
Varones Gay,Vih,0.947
Provincias,Sin Control 2,0.947
Gustavo Petro,Izquierdas,0.947
Federalismo,Juan Grabois,0.947
Prep,Vih,0.947
Elecciones 2023,Pro,0.947
Elecciones 2023,Un Año De Milei,0.947
Feminismos,Lgbtiq+,0.947
Feminismos Afro,Lenguaje Inclusivo,0.947
Elecciones 2023,Elecciones Legislativas 2021,0.947
El País,Llaryora,0.947
Ba,Cosas Que Funcionan,0.947
Arte,Ilustraciones,0.947
Brics,China,0.947
Izquierdas,Xiomara Castro,0.947
Fiesta Anfibia,Música Electrónica,0.947
Perfil Político,Política,0.947
Mundial De Fútbol,Pelé,0.947
Bell Hooks,Lenguaje Inclusivo,0.947
Bahía Blanca,Inundación,0.947
Donald Trump,Politica Exterior,0.947
La Transición En Chile,Nueva Constitución,0.947
Anticomunismo,Progresismo,0.947
$Libra,Sin Control 2,0.947
Pep,Vih,0.947
El País,Pacto De Mayo,0.947
Música,Redonditos De Ricota,0.947
Fundamentalistas Del Aire Acondicionado,Música,0.947
Evangélicos,Religión,0.947
Frente De Todos,Nancy Fraser,0.947
Honduras,Izquierdas,0.947
Frente De Todos,Marxismo,0.947
Liberalismo,Progresismo,0.947
Discurso,O Sea Digamos,0.947
Milei,Sin Control 2,0.947
Cristina Fernández De Kirchner,Ucr,0.947
Comedores Comunitarios,Un Año De Milei,0.946
Arte,Arte Digital,0.946
Leandro Santoro,Provincias,0.946
Abuso Sexual,Ni Una Menos,0.946
Federalismo,Pro,0.946
Elecciones,Sergio Massa,0.946
Adorni,O Sea Digamos,0.946
Derecha,Evangélicos,0.946
Alberto Fernández,Angela Merkel,0.946
María Eugenia Vidal,Randazzo,0.946
Liberalismo,Sin Control 2,0.946
Patricia Bullrich,Ucr,0.946
Cop26,Hidrógeno Verde,0.946
Netflix,Zendaya,0.946
Nicaragua,Partido Republicano,0.946
Cristina Fernández De Kirchner,Marcos Peña,0.946
Cristina Fernández De Kirchner,Juntos Por El Cambio,0.946
Evangélicos,Papa León Xiv,0.946
Euphoria,Netflix,0.946
#Niunamenos,Higui,0.946
Territorio Educativo,Universidad Pública,0.946
Daniel Ortega,Partido Republicano,0.946
Escuela De Política Y Gobierno,Francia Márquez,0.945
Giorgia Meloni,Randazzo,0.945
Elecciones 2023,Progresismo,0.945
Libertad,Sergio Massa,0.945
Jorge Macri,Juan Grabois,0.945
Comedores Comunitarios,Javier Milei,0.945
Clarín,Lawfare,0.945
Feminismo Negro,Gustavo Petro,0.945
Femicidio,Nora Dalmasso,0.945
Axel Kicillof,Congreso,0.945
Deuda Externa,Precios,0.945
Financiamiento Narco,Milei,0.945
Deuda Externa,Economía,0.945
Ley Ómnibus,Sin Control 2,0.945
Anticomunismo,Liberalismo,0.945
Anticomunismo,Peronismo,0.945
Folclore,Soledad Pastorutti,0.945
Liberalismo,Libertad,0.945
Folclore,Rock Nacional,0.945
Folclore,Milo J,0.945
Folclore,Lito Vitale,0.945
Folclore,Mex Urtizberea,0.945
Folclore,Liliana Herrero,0.945
Folclore,Julián Kartun,0.945
Folclore,Folklore,0.945
Deudas,Inflación,0.945
Cine Argentino,Premios Oscar,0.945
Gustavo Petro,Interseccionalidad,0.945
Falklore,Folclore,0.945
Karina Milei,Provincias,0.945
Cosquín,Folclore,0.945
Cazzu,Folclore,0.945
Causa Andis,Milei,0.945
Javier Milei,Karina Milei,0.944
Libertarios,O Sea Digamos,0.944
Asociación Del Fútbol Argentino,Qatar 2022,0.944
Transporte,Trenes Argentinos,0.944
Transporte,Trenes,0.944
Religion,Religión,0.944
Ca7Triel Y Paco,Redonditos De Ricota,0.944
Escuela De Política Y Gobierno,Gustavo Petro,0.944
Escuela De Política Y Gobierno,Marcos Peña,0.944
Ferrocarriles,Transporte,0.944
Derechas,Libertad,0.944
Libertarios,Unión Por La Patria,0.944
Congreso,Liberalismo,0.944
Día Internacional De La Eliminación De La Violencia Contra Las Mujeres,Punitivismo,0.944
Anticomunismo,Sergio Massa,0.944
Congreso,Milei,0.944
Anticomunismo,Elecciones,0.944
Discurso,Pro,0.944
Corrupción,O Sea Digamos,0.944
Fútbol,Mundial Femenino De Fútbol,0.944
Discurso,Libertad,0.944
Diego Maradona,Selección Argentina,0.944
Soledad Acuña,Territorio Educativo,0.944
Juntos Por El Cambio,Provincias,0.944
Ca7Triel Y Paco,Fundamentalistas Del Aire Acondicionado,0.944
Axel Kicillof,Discurso,0.943
Escuelas,Universidad Pública,0.943
Escuelas,Violencia Escolar,0.943
Izquierdas,Randazzo,0.943
Congreso,Pacto De Mayo,0.943
Fmi,Mitos Impuestos,0.943
Congreso,Llaryora,0.943
Adorni,Javier Milei,0.943
Cepo,Mercado Libre,0.943
Liberalismo,Unión Por La Patria,0.943
Diego Maradona,Fútbol,0.943
La Conversa,Sebastián Piñera,0.943
Pacto De Mayo,Sin Control 2,0.943
Peronismo,Ucr,0.943
Adorni,Sin Control 2,0.943
Libros,Literatura,0.943
Comedores Comunitarios,Ley Bases,0.943
Inflación,Mitos Impuestos,0.943
Juan Grabois,La Libertad Avanza,0.943
Frente De Izquierda,Frente De Todos,0.943
Feminismos,Géneros,0.943
Elecciones,Ucr,0.943
Industria Textil,Mercado Libre,0.943
Juan Grabois,Sergio Massa,0.943
Llaryora,Sin Control 2,0.943
Amazon Prime,Series,0.943
Derechas,Unión Por La Patria,0.943
Maradona,Viajes,0.942
Desarrollo,Recursos Naturales,0.942
Randazzo,Santa Fe,0.942
8M,Bell Hooks,0.942
Libertad,Un Año De Milei,0.942
Juntos Por El Cambio,Ucr,0.942
Gaza,Palestina,0.942
Corte Suprema,Poder Judicial,0.942
Leandro Santoro,Sergio Massa,0.942
Boric,Chile,0.942
Elecciones,Lavagna,0.942
Palestina,Spinoza,0.942
Judaismo,Palestina,0.942
Discurso,Leandro Santoro,0.942
Angela Merkel,Giorgia Meloni,0.942
Libertad,O Sea Digamos,0.942
Federalismo,Liberalismo,0.942
Punitivismo,Testimonios,0.942
8M: Paro Internacional Y Plurinacional De Mujeres Y Disidencias,Disidencias Sexuales,0.942
#Niunamenos,Abuso Sexual,0.942
8M,Feminismos Afro,0.942
Folklore,Pop,0.942
Estallido En Chile,Sebastián Piñera,0.941
Di María,Pelé,0.941
El País,Milei,0.941
Hipersticion,Sin Control 2,0.941
Alfabetismos Aumentados,Trabajo,0.941
Ley Ómnibus,O Sea Digamos,0.941
Fuerzas De Seguridad,Seguridad,0.941
Ice,Lawfare,0.941
Axel Kicillof,Elecciones,0.941
Culturahype,Sin Control 2,0.941
Folklore,Trap,0.941
Liberalismo,O Sea Digamos,0.941
Feminismos,Punitivismo,0.941
Javier Milei,Populismo,0.941
La Libertad Avanza,Pro,0.941
Javier Milei,Presupuesto 2025,0.941
El Último Rincón De Sudamérica,Surinam,0.941
Elecciones 2023,Libertarios,0.941
Elecciones 2023,Jorge Macri,0.941
Barras Bravas,Lionel Messi,0.941
Alberto Fernández,Juntos Por El Cambio,0.941
Juicios De Lesa Humanidad,Justicia,0.941
Libertarios,Sergio Massa,0.941
Iag,Inteligencia,0.941
Iag,Side,0.941
$Libra,El País,0.941
Iag,Santiago Caputo,0.941
Derecho A La Desconexión,Trabajo,0.941
Marxismo,Nancy Fraser,0.94
Cristina Fernández De Kirchner,Elecciones 2023,0.94
Luis Alberto Spinetta,Pop,0.94
Corrupción,Sin Control 2,0.94
Libertad,Milei,0.94
A 20 Años Del 2001,Martín Guzmán,0.94
Alberto Fernández,Marxismo,0.94
Reforma Laboral,Teletrabajo,0.94
Esquizofrenia,La Perla,0.94
Esquizofrenia,Familiares,0.94
#Eaaf,Esquizofrenia,0.94
Chile,Nueva Constitución,0.94
Elecciones,Francia Márquez,0.94
Inquilinxs,Vivienda,0.94
Infancias,Ley De Etiquetado,0.94
Karina Milei,Ley Ómnibus,0.94
Elecciones,Marxismo,0.94
Barras Bravas,Selección Argentina,0.94
Democracia,Ecuador,0.94
Triple Femicidio,Violencia De Género,0.94
Peronismo,Randazzo,0.94
Comedores Comunitarios,Liberalismo,0.94
#Niunamenos,Nahir Galarza,0.94
Congreso,Leandro Santoro,0.94
Elecciones,Escuela De Política Y Gobierno,0.94
Barras Bravas,Scaloneta,0.94
Javier Milei,Ley Ómnibus,0.94
Ciudad Futura,Juan Grabois,0.939
Ni Una Menos,Violencia De Género,0.939
Cine,Murakami,0.939
Día Internacional De La Eliminación De La Violencia Contra Las Mujeres,Testimonios,0.939
Alemania,Elecciones,0.939
Elecciones Legislativas 2021,Liberalismo,0.939
Ciudad Futura,Unión Por La Patria,0.939
Asociación Del Fútbol Argentino,Mundial De Fútbol,0.939
Criptogate,Milei,0.939
Arteba,Copia,0.939
María Eugenia Vidal,Peronismo,0.939
Inteligencia Artificial,Side,0.939
Inteligencia,Inteligencia Artificial,0.939
Karina Milei,La Libertad Avanza,0.939
Jorge Macri,Peronismo,0.939
Arteba,Galpon Face,0.939
Leda-Unsam,Unsam,0.939
Inteligencia Artificial,Santiago Caputo,0.939
Economía,Precios,0.939
Crisis Climática,Transición Energética,0.939
Amor,Zapping Cultural,0.939
Capitalismo,Pensamiento Crítico,0.939
Diego Maradona,Qatar 2022,0.938
China,Ucrania,0.938
8M: Paro Internacional Y Plurinacional De Mujeres Y Disidencias,Punitivismo,0.938
Ciudad Futura,Liberalismo,0.938
Elecciones 2023,Gobernadores,0.938
Libertarios,Provincias,0.938
Elecciones 2023,Marcos Peña,0.938
Elecciones,María Eugenia Vidal,0.938
Francia Márquez,Nancy Fraser,0.938
Corrupción,Un Año De Milei,0.938
Docentes,Territorio Educativo,0.938
#Niunamenos,Triple Femicidio,0.938
8M: Paro Internacional Y Plurinacional De Mujeres Y Disidencias,Lenguaje Inclusivo,0.938
Milei,Unión Por La Patria,0.938
Jorge Macri,Sergio Massa,0.938
Fondos Buitre,Mitos Impuestos,0.938
Partido Republicano,Venezuela,0.938
Dólar,Economía,0.938
Día Internacional De La Eliminación De La Violencia Contra Las Mujeres,Violencia De Género,0.938
Derecha,Religión,0.938
Derechas,Elecciones,0.938
Marcos Peña,Ucr,0.938
8M,Disidencias Sexuales,0.938
Guerra,Irán,0.938
Gobernadores,Marcos Peña,0.938
Ciudad Futura,Derechas,0.938
Juntos Por El Cambio,Pro,0.938
Crónica,La Columna De Zambra,0.937
Nicolás Maduro,Rusia,0.937
La Conversa,Plebiscito De Salida,0.937
Escuela De Política Y Gobierno,Frente De Todos,0.937
Axel Kicillof,Marcos Peña,0.937
Francia Márquez,Honduras,0.937
Francia Márquez,Xiomara Castro,0.937
Juan Grabois,Unión Por La Patria,0.937
Federalismo,Peronismo,0.937
Luis Alberto Spinetta,Música,0.937
Alberto Fernández,Kirchnerismo,0.937
Cordobesismo,Randazzo,0.937
Discurso,Hipersticion,0.937
Axel Kicillof,Ciudad Futura,0.937
Alberto Fernández,Progresismo,0.937
Culturahype,Discurso,0.937
Elecciones Legislativas 2021,Marxismo,0.937
#Niunamenos,8M: Paro Internacional Y Plurinacional De Mujeres Y Disidencias,0.937
Elecciones Legislativas 2021,Perfil Político,0.937
Discurso,El País,0.937
Donald Trump,Venezuela,0.937
Boric,Chile Convención Constituyente Internacional,0.937
Adolescencias,Ciberludopatía,0.937
Dólar,Mitos Impuestos,0.937
Marxismo,Progresismo,0.937
Guyana,Surinam,0.937
Sergio Massa,Un Año De Milei,0.937
Elecciones,Giorgia Meloni,0.937
Derechas,Juan Grabois,0.937
8M,Lenguaje Inclusivo,0.937
Javier Milei,Lunes Negro,0.937
Lionel Messi,Maradona,0.937
Nahir Galarza,Patriarcado,0.937
El Ultimo Rincon De Sudamerica,Guayana Francesa,0.937
Lionel Messi,Viajes,0.936
Congreso,Corrupción,0.936
Federalismo,Un Año De Milei,0.936
Feminismos,Shakespeare,0.936
Feminismos,Testimonios,0.936
Abuso Sexual,Día Internacional De La Eliminación De La Violencia Contra Las Mujeres,0.936
Elecciones 2023,Frente De Todos,0.936
Deudas,Retenciones,0.936
Alejandro Sabella,Barras Bravas,0.936
Pop,Redonditos De Ricota,0.936
A 20 Años Del Estallido,Democracia,0.936
Futuro Anfibio,Pantallas,0.936
Culturahype,Karina Milei,0.936
8M: Paro Internacional Y Plurinacional De Mujeres Y Disidencias,Furia Travesti,0.936
8M: Paro Internacional Y Plurinacional De Mujeres Y Disidencias,Terf,0.936
Discurso,Financiamiento Narco,0.936
Discurso,Federalismo,0.936
Federalismo,Libertad,0.936
Derechas,Juntos Por El Cambio,0.936
Jorge Macri,Provincias,0.936
Diego Maradona,Maradona,0.936
Hipersticion,Karina Milei,0.936
Karina Milei,Milei,0.936
Marcos Peña,Sergio Massa,0.936
Día Internacional De La Eliminación De La Violencia Contra Las Mujeres,Triple Femicidio,0.936
Marcos Peña,Perfil Político,0.936
Fundamentalistas Del Aire Acondicionado,Pop,0.936
Gobernadores,Peronismo,0.936
Guerra,Iran,0.936
Alemania,Frente De Todos,0.936
Federalismo,Juntos Por El Cambio,0.936
Barras Bravas,Messi,0.936
Campo,Deudas,0.936
Causa Andis,Discurso,0.936
Agronegocios,Deudas,0.936
8M: Paro Internacional Y Plurinacional De Mujeres Y Disidencias,Cancelación,0.936
8M,Punitivismo,0.936
Javier Milei,Milei,0.936
Derechas,Perfil Político,0.936
$Libra,Javier Milei,0.936
Perfil Político,Randazzo,0.936
Axel Kicillof,Cristina Fernández De Kirchner,0.935
Falsas Denuncias,Punitivismo,0.935
Desarrollo,Energía,0.935
Carry Trade,Deuda Externa,0.935
Barbie,Cine Argentino,0.935
Petróleo,Rigi,0.935
Pablo Lautra,Punitivismo,0.935
Deuda,Deuda Externa,0.935
Israel,Spinoza,0.935
Ley Ómnibus,Pro,0.935
Israel,Judaismo,0.935
Punitivismo,Varones Unidos,0.935
Claudia Sheinbaum,Nicaragua,0.935
Feminismo Negro,Progresismo,0.935
Carry Trade,Deuda,0.935
Claudia Sheinbaum,Daniel Ortega,0.935
O Sea Digamos,Pro,0.935
3J,Feminismos,0.935
El Último Rincón De Sudamérica,Guyana,0.935
Libertad,Presupuesto 2025,0.935
Libertad,Populismo,0.935
Adorni,Congreso,0.935
Interseccionalidad,Progresismo,0.935
Convención Constituyente,La Conversa,0.935
Día Internacional De La Eliminación De La Violencia Contra Las Mujeres,Feminismos,0.935
Arte Digital,Clases Medias,0.935
Francia Márquez,Frente De Todos,0.935
La Libertad Avanza,Peronismo,0.935
Doble Femicidio,Punitivismo,0.935
Abuso Sexual,Punitivismo,0.935
Denuncias,Punitivismo,0.935
Gaza,Israel,0.935
Convención Constituyente,Nueva Constitución,0.935
Anticomunismo,Ciudad Futura,0.935
Alberto Fernández,Francia Márquez,0.935
Ni Una Menos,Testimonios,0.934
Putin,Vladímir Putin,0.934
Terf,Testimonios,0.934
Juntos Por El Cambio,Progresismo,0.934
Lentitud,Soledad Pastorutti,0.934
Juntos Por El Cambio,Perfil Político,0.934
Festival Anfibio,Periodismo,0.934
Karina Milei,Manuel Adorni,0.934
Comunicación Política,Progresismo,0.934
Folklore,Horrorcore,0.934
Educación,Violencia Escolar,0.934
Asociación Del Fútbol Argentino,Scaloneta,0.934
Putin,Unión Europea,0.934
Cancelación,Testimonios,0.934
Invasión,Trump,0.934
Arte,Posguerra,0.934
Arte,Melisa Zulberti,0.934
Amazon Prime,Gordoodio,0.934
Ambientalismo,Litio,0.934
Derechas,Provincias,0.934
Lentitud,Lito Vitale,0.934
Lentitud,Liliana Herrero,0.934
Elecciones,Liberalismo,0.934
Hbo,Netflix,0.934
Fútbol Femenino,Messi,0.934
Fútbol Femenino,Selección Argentina,0.934
Elecciones,Gustavo Petro,0.934
Jorge Macri,Ucr,0.934
Arte,Danza,0.934
Alberto Fernández,Alemania,0.934
Arte,Movimiento,0.934
Artlab,Roberto Jacoby,0.934
Corte Suprema,Lawfare,0.934
Femicidios,Patriarcado,0.934
Julián Kartun,Lentitud,0.934
Atentado A Cristina,Discursos De Odio,0.934
Alberto Fernández,El Salvador,0.934
Iglesia Católica,Religión,0.934
Populismo,Unión Por La Patria,0.934
Cosquín,Lentitud,0.934
Barras Bravas,Viajes,0.934
Lentitud,Milo J,0.934
Lentitud,Mex Urtizberea,0.934
Falklore,Lentitud,0.934
A 20 Años Del 2001,Alberto Fernández,0.934
Dillom,Folklore,0.934
Presupuesto 2025,Unión Por La Patria,0.934
Alejandro Sabella,Asociación Del Fútbol Argentino,0.934
Federalismo,Karina Milei,0.934
Estados Unidos,Politica Exterior,0.934
Groenlandia,Putin,0.934
Furia Travesti,Testimonios,0.934
Cazzu,Lentitud,0.934
Estallido En Chile,La Transición En Chile,0.934
Asociación Del Fútbol Argentino,Selección Argentina,0.933
Cine Argentino,Murakami,0.933
2X1 A Genocidas,Terrorismo De Estado,0.933
Corrupción,Federalismo,0.933
Marcos Peña,María Eugenia Vidal,0.933
Interseccionalidad,Nancy Fraser,0.933
Comedores Comunitarios,Movimientos Sociales,0.933
Comedores Comunitarios,Elecciones 2023,0.933
Gustavo Petro,Nancy Fraser,0.933
Mundial 2026,Mundial De Fútbol,0.933
Bell Hooks,Shakespeare,0.933
Derechas,Elecciones Legislativas 2021,0.933
Angela Merkel,Randazzo,0.933
María Eugenia Vidal,Ucr,0.933
Fallo Contra Cfk,Peronismo,0.933
Bukele,El Salvador,0.933
El País,Manuel Adorni,0.933
Feminismos Afro,Shakespeare,0.933
Feminismos,Orgullo,0.933
Peronismo,Provincias,0.933
Elecciones,Frente De Izquierda,0.933
Precios,Silvina Batakis,0.933
Ca7Triel Y Paco,Folclore,0.933
#Niunamenos,Violencia De Género,0.933
Energía,Recursos Naturales,0.933
Discursos De Odio,Juventudes,0.933
Boric,La Conversa,0.933
Día Internacional De La Eliminación De La Violencia Contra Las Mujeres,Masculinidades,0.933
Carry Trade,Glosario De La Crisis,0.933
Frente De Todos,María Eugenia Vidal,0.933
Soledad Acuña,Universidad Pública,0.933
Liberalismo,Perfil Político,0.933
Rock Nacional,Rosalía,0.933
Feminismo Negro,Nancy Fraser,0.933
Ca7Triel Y Paco,Rosalía,0.933
Proceso Constituyente,Sebastián Piñera,0.933
Elecciones 2023,Perfil Político,0.932
Federalismo,Ley Ómnibus,0.932
Partido Republicano,Xiomara Castro,0.932
Capitalismo,Imaginarios,0.932
Deuda,Impuesto A Las Grandes Riquezas,0.932
Pensamiento Crítico,Tecnología,0.932
Frente De Todos,Randazzo,0.932
Di María,Fútbol Femenino,0.932
Papa Francisco,Religión,0.932
Capitalismo,Futuridades,0.932
Izquierdas,Nancy Fraser,0.932
Javier Milei,Juan Grabois,0.932
Honduras,Partido Republicano,0.932
Cristina Fernández De Kirchner,Sergio Massa,0.932
Anticomunismo,Libertad,0.932
Recursos Naturales,Rigi,0.932
Axel Kicillof,Liberalismo,0.932
Fútbol Femenino,Qatar 2022,0.932
Fútbol Femenino,Scaloneta,0.932
Crueldad,Leda-Unsam,0.932
Asociación Del Fútbol Argentino,Messi,0.932
Lunes Negro,O Sea Digamos,0.932
Corrupción,Derechas,0.932
Artes,Clases Medias,0.931
Inundaciones,Océanos,0.931
Corrupción,Elecciones 2023,0.931
Jorge Volpi,Lectura Mundi,0.931
Izquierdas,Juntos Por El Cambio,0.931
Corrupción,Juan Grabois,0.931
Medio Oriente,Spinoza,0.931
Barras Bravas,Di María,0.931
Cristina Fernández De Kirchner,Liberalismo,0.931
Moria Casán,Sex And The City,0.931
Charly García,Folclore,0.931
Cordobesismo,Marcos Peña,0.931
Chile Convención Constituyente Internacional,Proceso Constituyente,0.931
Ciudad Futura,Marcos Peña,0.931
Judaismo,Medio Oriente,0.931
Derechos Humanos,Dictadura,0.931
Gaza,Medio Oriente,0.931
Amistad,Moria Casán,0.931
Glosario De La Crisis,Mitos Impuestos,0.931
Daniel Ortega,El Salvador,0.931
Amor,Tecnologías De Género,0.931
Juntos Por El Cambio,Liberalismo,0.931
La Libertad Avanza,Ley Ómnibus,0.931
El Salvador,Nicaragua,0.931
#Niunamenos,Femicidios,0.931
La Transición En Chile,Sebastián Piñera,0.931
Abuso Sexual,Triple Femicidio,0.931
Ecuador,Feminismo Negro,0.931
Ecuador,Interseccionalidad,0.931
Frente De Todos,Silvina Batakis,0.931
8M: Paro Internacional Y Plurinacional De Mujeres Y Disidencias,Higui,0.931
Océanos,Servicio Meteorológico Nacional,0.931
Alberto Fernández,Escuela De Política Y Gobierno,0.931
Francia Márquez,Marcos Peña,0.931
Océano,Océanos,0.931
O Sea Digamos,Populismo,0.931
O Sea Digamos,Presupuesto 2025,0.931
Juan Román Riquelme,Mauricio Macri,0.931
Jujuy,Pueblos Originarios,0.931
Mundial Femenino De Fútbol,Selección Argentina,0.93
Covid-19,Después Del Virus,0.93
Mex Urtizberea,Rosalía,0.93
Corte Suprema,Lesa Humanidad,0.93
Cosquín,Rosalía,0.93
Bell Hooks,Testimonios,0.93
Amor,Series,0.93
Libertarios,Nacionalismo,0.93
Milo J,Rosalía,0.93
Cazzu,Rosalía,0.93
Lenguaje Inclusivo,Punitivismo,0.93
Fmi,Precios,0.93
Ley Ómnibus,Unión Por La Patria,0.93
Rosalía,Soledad Pastorutti,0.93
Federalismo,Gobernadores,0.93
Kirchnerismo,Peronismo,0.93
Democracia,Política,0.93
Marcos Peña,Progresismo,0.93
Jorge Macri,Unión Por La Patria,0.93
Liliana Herrero,Rosalía,0.93
Juan Grabois,Liberalismo,0.93
Juan Grabois,Juntos Por El Cambio,0.93
Julián Kartun,Rosalía,0.93
La Conversa,Nueva Constitución,0.93
Convención Constituyente,Gabriel Boric,0.93
Apuestas,Onlyfans,0.93
Jorge Macri,Marcos Peña,0.93
24M: Día De La Memoria Por La Verdad Y La Justicia,Dictadura,0.93
Lito Vitale,Rosalía,0.93
Ciudad Futura,Jorge Macri,0.93
Lesa Humanidad,Poder Judicial,0.93
Escuela De Política Y Gobierno,Izquierdas,0.93
Carry Trade,Mitos Impuestos,0.93
Diego Maradona,Scaloneta,0.93
Feminismos Afro,Testimonios,0.93
Falklore,Rosalía,0.93
Elecciones,Nancy Fraser,0.93
Capitalismo Digital,Derecho A La Desconexión,0.93
Alejandro Sabella,Fútbol Femenino,0.93
Discurso,Elecciones 2023,0.93
Alemania,Honduras,0.93
Alemania,Xiomara Castro,0.93
Libertad,Provincias,0.93
Alfabetismos Aumentados,Capitalismo Digital,0.93
$Libra,Discurso,0.929
Perfil Político,Progresismo,0.929
Drogas,Narcotráfico,0.929
Nueva Constitución,Sebastián Piñera,0.929
Nancy Fraser,Progresismo,0.929
Crueldad,Progresismo,0.929
Escuela De Política Y Gobierno,Progresismo,0.929
Elecciones 2023,Fallo Contra Cfk,0.929
Peronismo,Unión Por La Patria,0.929
Escuela De Política Y Gobierno,Interseccionalidad,0.929
Escuela De Política Y Gobierno,Feminismo Negro,0.929
Peronismo,Política,0.929
Soledad Acuña,Violencia Escolar,0.929
Liberalismo,Provincias,0.929
Deuda,Glosario De La Crisis,0.929
Agua,Ambiente,0.929
Partidos Políticos,Sebastián Piñera,0.929
A 20 Años Del Estallido,Escuela Idaes,0.929
Crimen,Justicia,0.929
Messi,Mundial Femenino De Fútbol,0.929
Axel Kicillof,Javier Milei,0.929
Axel Kicillof,Derechas,0.929
2001 | Unsam,Crisis 2001,0.929
Colombia,Gustavo Petro,0.929
Crisis,Hegemonía,0.929
3J,Ni Una Menos,0.929
Anticomunismo,Congreso,0.929
Testimonios,Vínculos,0.929
Chile,Estallido En Chile,0.928
Congreso,Victoria Villarruel,0.928
#Niunamenos,Feminismos,0.928
Higui,Lenguaje Inclusivo,0.928
Juan Grabois,Provincias,0.928
Claudia Sheinbaum,Honduras,0.928
Anticomunismo,Javier Milei,0.928
Claudia Sheinbaum,Xiomara Castro,0.928
La Libertad Avanza,Lunes Negro,0.928
Diego Maradona,Messi,0.928
Frente De Todos,Liberalismo,0.928
Bosque,Naturaleza,0.928
Nueva Constitución,Rechazo,0.928
Cristina Fernández De Kirchner,Randazzo,0.928
Cristina Fernández De Kirchner,Derechas,0.928
Cristina Fernández De Kirchner,María Eugenia Vidal,0.928
Barras Bravas,Fútbol Femenino,0.928
Inflación,Retenciones,0.928
Daniel Ortega,Donald Trump,0.928
América Latina,Colombia,0.928
Mundial Femenino De Fútbol,Scaloneta,0.928
Giorgia Meloni,Marcos Peña,0.928
Botánica,Premio Alfaguara,0.928
Elecciones,Santa Fe,0.928
Ley Omnibus,Libertarios,0.928
Elecciones Legislativas 2021,Izquierdas,0.928
Adorni,Un Año De Milei,0.928
Fernando Báez Sosa,Rugbiers,0.928
Pedro Almodóvar,Tecnologías De Género,0.928
Campo,Inflación,0.928
Perfil Político,Ucr,0.928
Ficción,Literatura,0.928
Ecuador,Progresismo,0.928
Agronegocios,Inflación,0.928
Día Internacional De La Eliminación De La Violencia Contra Las Mujeres,Géneros,0.928
Alberto Fernández,Gustavo Petro,0.928
Donald Trump,Nicaragua,0.928
Boric,Gabriel Boric,0.928
Deudas,Precios,0.928
Alberto Fernández,María Eugenia Vidal,0.928
Aira,Alejandro Zambra,0.928
Di María,Mundial Femenino De Fútbol,0.928
Euphoria,Hbo,0.927
Rechazo,Sebastián Piñera,0.927
Ciudad Futura,Progresismo,0.927
Comedores Comunitarios,La Libertad Avanza,0.927
Juan Grabois,Pro,0.927
Izquierdas,Marxismo,0.927
Comedores Comunitarios,Sin Control 2,0.927
Corrupción,Manuel Adorni,0.927
Javier Milei,Pro,0.927
Axel Kicillof,O Sea Digamos,0.927
Cop26,Transición Energética,0.927
2001,Protesta Social,0.927
Fútbol Femenino,Lionel Messi,0.927
Derechos,Despidos,0.927
Nancy Fraser,Xiomara Castro,0.927
Mundial Femenino De Fútbol,Qatar 2022,0.927
Amor,Sex And The City,0.927
Amistad,Amor,0.927
Karina Milei,Sergio Massa,0.927
Cfk,El Salvador,0.927
Honduras,Nancy Fraser,0.927
Hbo,Zendaya,0.927
Corrupción,Sergio Massa,0.927
Ni Una Menos,Triple Femicidio,0.927
Deuda Externa,Mitos Impuestos,0.927
La Libertad Avanza,Populismo,0.927
Dólar,Precios,0.927
Alemania,Marcos Peña,0.927
Agua,Litio,0.927
Bolivia,Francia Márquez,0.927
Ahoraen,Elon Musk,0.927
Francia Márquez,Nicolas Maduro,0.927
La Libertad Avanza,Presupuesto 2025,0.927
Pensamiento Contemporáneo,Periodismo,0.927
Fito Páez,Roberto Jacoby,0.927
Lavagna,Marcos Peña,0.927
Ley Omnibus,Sin Control 2,0.927
Ley Ómnibus,Un Año De Milei,0.927
Pep,Vacunas,0.927
Folclore,Pop,0.927
Prep,Vacunas,0.927
Elecciones Legislativas 2021,Sergio Massa,0.927
Elecciones 2023,Leandro Santoro,0.927
Vacunas,Varones Gay,0.927
Mitos Impuestos,Precios,0.926
O Sea Digamos,Pacto De Mayo,0.926
Arte Digital,Copia,0.926
Frente De Todos,Sergio Massa,0.926
Furia Travesti,Tango,0.926
Diego Maradona,Mundial De Fútbol,0.926
Comedores Comunitarios,O Sea Digamos,0.926
Cancelación,Tango,0.926
Aira,La Columna De Zambra,0.926
Falklore,Luis Alberto Spinetta,0.926
Gustavo Petro,Nicolas Maduro,0.926
Ley Ómnibus,Provincias,0.926
Julián Kartun,Luis Alberto Spinetta,0.926
Tango,Terf,0.926
Luis Alberto Spinetta,Soledad Pastorutti,0.926
Congreso,Juan Grabois,0.926
Alberto Fernández,Elecciones 2023,0.926
Frente De Todos,Kirchnerismo,0.926
Luis Alberto Spinetta,Milo J,0.926
Luis Alberto Spinetta,Mex Urtizberea,0.926
Arte Digital,Galpon Face,0.926
Angela Merkel,Elecciones Legislativas 2021,0.926
Elecciones,Gobernadores,0.926
Fascismo,Nicaragua,0.926
Nicaragua,Nicolas Maduro,0.926
Géneros,Shakespeare,0.926
8M: Paro Internacional Y Plurinacional De Mujeres Y Disidencias,Shakespeare,0.926
Cazzu,Luis Alberto Spinetta,0.926
Libertarios,Populismo,0.926
Libertarios,Presupuesto 2025,0.926
Cosquín,Luis Alberto Spinetta,0.926
Criptogate,Culturahype,0.926
Elecciones Legislativas 2021,Nancy Fraser,0.926
Elecciones Legislativas 2021,Randazzo,0.926
Murakami,Premios Oscar,0.926
Daniel Ortega,Nicolas Maduro,0.926
Progresismo,Sergio Massa,0.926
Ecuador,Política,0.926
Estallido En Chile,Nueva Constitución,0.926
Roberto Jacoby,Trap,0.926
Ficción,Filba,0.926
Daniel Ortega,Fascismo,0.926
Música,Rosalía,0.926
Lavagna,Randazzo,0.926
Lawfare,Lesa Humanidad,0.926
Narcotráfico,Seguridad,0.926
La Transición En Chile,Proceso Constituyente,0.926
Liliana Herrero,Luis Alberto Spinetta,0.926
Lito Vitale,Luis Alberto Spinetta,0.926
Movimientos Sociales,Progresismo,0.926
Alberto Fernández,Cfk,0.926
Criptogate,Hipersticion,0.926
Criptogate,Javier Milei,0.926
Frente De Izquierda,Marxismo,0.926
Llaryora,O Sea Digamos,0.926
Economía,Fmi,0.926
Arte Digital,Artes,0.925
Diego Maradona,Fútbol Femenino,0.925
El Salvador,Nicolas Maduro,0.925
Carry Trade,Dólar,0.925
#Niunamenos,Géneros,0.925
Ice,Lesa Humanidad,0.925
La Libertad Avanza,Milei,0.925
Higui,Ni Una Menos,0.925
Anticomunismo,Axel Kicillof,0.925
Gustavo Petro,Marcos Peña,0.925
Patricia Bullrich,Perfil Político,0.925
Gobernadores,Unión Por La Patria,0.925
Corrupción,Liberalismo,0.925
Capitalismo,Tecnología,0.925
A 20 Años Del Estallido,Unsam,0.925
Arte Digital,Ilustraciones,0.925
Diego Maradona,Mundial Femenino De Fútbol,0.925
Alejandro Sabella,Mundial Femenino De Fútbol,0.925
Javier Milei,Ley Omnibus,0.925
Día Internacional De La Eliminación De La Violencia Contra Las Mujeres,Shakespeare,0.925
Frente De Todos,Lavagna,0.925
Criptogate,Sin Control 2,0.925
Anticomunismo,Provincias,0.925
Dólar,Glosario De La Crisis,0.925
Desarrollo,Rigi,0.925
Desigualdad,Elites,0.925
A 20 Años Del Estallido,Ecuador,0.924
Venezuela,Xiomara Castro,0.924
Javier Milei,Llaryora,0.924
Javier Milei,Pacto De Mayo,0.924
Hbo,House Of The Dragon,0.924
Moria Casán,Shakespeare,0.924
Democracia,Progresismo,0.924
Deuda Externa,Deudas,0.924
El Salvador,Nancy Fraser,0.924
Boric,Nueva Constitución,0.924
Patricia Bullrich,Santa Fe,0.924
Bell Hooks,Feminismos,0.924
Angela Merkel,Juntos Por El Cambio,0.924
Congreso,Culturahype,0.924
Angela Merkel,Nancy Fraser,0.924
Economía,Glosario De La Crisis,0.924
Milei,O Sea Digamos,0.924
Ca7Triel Y Paco,Folklore,0.924
Mundial 2026,Viajes,0.924
Game Of Thrones,Hbo,0.924
Petróleo,Recursos Naturales,0.924
Masculinidades,Testimonios,0.924
Murakami,Tecnologías De Género,0.924
Testimonios,Triple Femicidio,0.924
Congreso,Paro General,0.924
Congreso,Hipersticion,0.924
Honduras,Venezuela,0.924
Llaryora,Unión Por La Patria,0.924
A 20 Años Del 2001,Marcos Peña,0.924
Disidencias Sexuales,Feminismos,0.924
Feminismos,Feminismos Afro,0.924
Congreso,Ley Omnibus,0.924
Feminismos,Masculinidades,0.924
Pacto De Mayo,Unión Por La Patria,0.924
Artlab,Rosalía,0.924
$Libra,Congreso,0.924
3J,8M,0.924
Cárceles,Territorio Educativo,0.924
Cristina Fernández De Kirchner,Elecciones Legislativas 2021,0.923
Euphoria,House Of The Dragon,0.923
Izquierdas,Lavagna,0.923
Claudia Sheinbaum,Gustavo Petro,0.923
Alberto Fernández,Randazzo,0.923
Alemania,Nancy Fraser,0.923
Euphoria,Game Of Thrones,0.923
Frente De Izquierda,Izquierdas,0.923
Alquileres,Vivienda,0.923
Angela Merkel,Honduras,0.923
Clase Obrera,Despidos,0.923
Comunicación Política,Sergio Massa,0.923
Federalismo,Jorge Macri,0.923
Alberto Fernández,Derechas,0.923
Juntos Por El Cambio,La Libertad Avanza,0.923
Fútbol,Mundial 2026,0.923
Frente De Todos,Gustavo Petro,0.923
Campo De Mayo,Premios Oscar,0.923
$Libra,Libertad,0.923
Carbono,Inundaciones,0.923
Carbono,Servicio Meteorológico Nacional,0.923
Carbono,Océano,0.923
Corrupción,Unión Por La Patria,0.923
Anticomunismo,Cristina Fernández De Kirchner,0.923
Libertarios,Victoria Villarruel,0.923
Globos De Oro,Zapping Cultural,0.923
Game Of Thrones,Zendaya,0.923
Derechas,Frente De Todos,0.923
Lionel Messi,Mundial Femenino De Fútbol,0.923
Amor,Murakami,0.923
#Niunamenos,Punitivismo,0.923
#Niunamenos,Shakespeare,0.923
House Of The Dragon,Zendaya,0.923
Angela Merkel,Xiomara Castro,0.923
Dillom,Lentitud,0.922
Bell Hooks,Tango,0.922
Femicidio,Narco,0.922
Hipersticion,Javier Milei,0.922
Discurso,Libertarios,0.922
Gobernadores,Ucr,0.922
Juntos Por El Cambio,Leandro Santoro,0.922
Charly García,Dillom,0.922
Culturahype,Javier Milei,0.922
Infancias,Régimen Penal Juvenil,0.922
Anticomunismo,Federalismo,0.922
Gustavo Petro,Honduras,0.922
Discursos De Odio,Leda-Unsam,0.922
Alberto Fernández,Liberalismo,0.922
Edad De Imputabilidad,Infancias,0.922
Horrorcore,Lentitud,0.922
Sin Control 2,Victoria Villarruel,0.922
A 20 Años Del 2001,Angela Merkel,0.922
Barras Bravas,Mundial Femenino De Fútbol,0.922
Adorni,Karina Milei,0.922
Ciudad Futura,Perfil Político,0.922
Gustavo Petro,Xiomara Castro,0.922
Marcos Peña,Santa Fe,0.922
Peronismo,Santa Fe,0.922
8M: Paro Internacional Y Plurinacional De Mujeres Y Disidencias,Géneros,0.922
Charly García,Horrorcore,0.922
Feminismos,Memoria Trans,0.922
Fallo Contra Cfk,Federalismo,0.922
Covid-19,Terapias Alternativas,0.922
Abuso Sexual,Nahir Galarza,0.922
Javier Milei,Victoria Villarruel,0.922
Juntos Por El Cambio,Unión Por La Patria,0.922
Feminismos Afro,Tango,0.922
Estados Unidos,Partido Republicano,0.922
Anfibia Papel,Marta Dillon,0.922
Deudas,Dólar,0.922
Javier Milei,Tucumán,0.922
Anticomunismo,Perfil Político,0.922
Femicidios,Justicia,0.921
Ley De Glaciares,Resistencia,0.921
Beca Crónica,Ley De Glaciares,0.921
Desplazados,Ley De Glaciares,0.921
Identidad De Género,Pensamiento Crítico,0.921
Diego Maradona,Viajes,0.921
Censo,Pensamiento Crítico,0.921
Elecciones Legislativas 2021,María Eugenia Vidal,0.921
Izquierdas,Martín Guzmán,0.921
Elecciones Legislativas 2021,Lavagna,0.921
Adorni,Unión Por La Patria,0.921
Fallo Contra Cfk,Provincias,0.921
Carry Trade,Economía,0.921
Cristina Fernández De Kirchner,El Salvador,0.921
A 20 Años Del 2001,Elecciones,0.921
Axel Kicillof,Karina Milei,0.921
Leandro Santoro,Ley Ómnibus,0.921
Canal De Panamá,Ley De Glaciares,0.921
$Libra,Un Año De Milei,0.921
Desigualdad,Escuela Idaes,0.921
Derechas,Fallo Contra Cfk,0.921
Patricia Bullrich,Peronismo,0.921
Corrupción,Libertad,0.921
Ciudad Futura,Frente De Todos,0.921
Donald Trump,Fascismo,0.921
Chile Convención Constituyente Internacional,Plebiscito De Salida,0.921
China,Estados Unidos,0.921
Javier Milei,Peronismo,0.921
Gabriel Boric,Rechazo,0.921
Cristina Fernández De Kirchner,Perfil Político,0.921
Crónica,Zambra,0.921
Cordobesismo,Elecciones,0.921
Derechas,Política,0.921
Asociación Del Fútbol Argentino,Viajes,0.921
Elecciones Legislativas 2021,Francia Márquez,0.92
Unión Por La Patria,Victoria Villarruel,0.92
Un Año De Milei,Victoria Villarruel,0.92
Autista,Periodismo Narrativo,0.92
Elecciones,Jorge Macri,0.92
Frente De Izquierda,Marcos Peña,0.92
Federalismo,Leandro Santoro,0.92
Ciudad Futura,Libertad,0.92
Ley Ómnibus,Pacto De Mayo,0.92
Nancy Fraser,Peronismo,0.92
El País,Sin Control 2,0.92
Punitivismo,Triple Femicidio,0.92
Ley Ómnibus,Llaryora,0.92
Imaginarios,Inteligencia Artificial,0.92
Murakami,Zapping Cultural,0.92
Claudia Sheinbaum,Francia Márquez,0.92
Futuridades,Inteligencia Artificial,0.92
Periodismo Narrativo,Trastorno Del Espectro Autista,0.92
Anfibia Papel,Pedro Almodóvar,0.92
Lunes Negro,Provincias,0.92
Anticomunismo,Elecciones Legislativas 2021,0.92
Covid-19,Vacunas,0.92
Bolivia,Elites,0.92
María Eugenia Vidal,Santa Fe,0.92
Asociación Del Fútbol Argentino,Di María,0.92
Patricia Bullrich,Seguridad,0.92
Alejandro Sabella,Diego Maradona,0.92
Alberto Fernández,Frente De Izquierda,0.92
A 20 Años Del 2001,Izquierdas,0.92
Boca Juniors,Juan Román Riquelme,0.92
Netflix,Zapping Cultural,0.919
$Libra,Unión Por La Patria,0.919
Comunicación Política,Elecciones 2023,0.919
Ley Ómnibus,Libertarios,0.919
Frente De Todos,Retenciones,0.919
Libertad,Lunes Negro,0.919
#Niunamenos,Lgbtiq+,0.919
Lentitud,Trap,0.919
Frente De Todos,Perfil Político,0.919
Cristina Fernández De Kirchner,Gobernadores,0.919
Furia Travesti,Shakespeare,0.919
Boca Juniors,Lionel Messi,0.919
Anticomunismo,La Libertad Avanza,0.919
Gabriel García Márquez,La Columna De Zambra,0.919
Elecciones Legislativas 2021,Feminismo Negro,0.919
La Columna De Zambra,Patrimonio Cultural,0.919
Bolivia,Gustavo Petro,0.919
Shakespeare,Terf,0.919
Karina Milei,Un Año De Milei,0.919
Guerra,Israel,0.919
Campo De Mayo,Cine,0.919
Desarrollo,Petróleo,0.919
Frente De Izquierda,Martín Guzmán,0.919
Liberalismo,Política,0.919
Juan Grabois,Un Año De Milei,0.919
Campo,Frente De Todos,0.919
Ecuador,Unsam,0.919
Asociación Del Fútbol Argentino,Barras Bravas,0.919
Agronegocios,Frente De Todos,0.919
Política,Progresismo,0.919
Conurbano,San Martín,0.919
Cancelación,Shakespeare,0.919
Comedores Comunitarios,Progresismo,0.919
Comedores Comunitarios,Juan Grabois,0.919
Elecciones Legislativas 2021,Interseccionalidad,0.919
Axel Kicillof,Juan Grabois,0.919
Géneros,Masculinidades,0.919
Bruno Stagnaro,Cine Argentino,0.918
Fuerzas De Seguridad,Patricia Bullrich,0.918
Peronismo,Pro,0.918
Adorni,Federalismo,0.918
Carry Trade,Precios,0.918
A 20 Años Del Estallido,Elecciones Legislativas 2021,0.918
Fallo Contra Cfk,Liberalismo,0.918
Hidrovía,Monterrey,0.918
Hidrovía,Sequía,0.918
8M,Día Internacional De La Eliminación De La Violencia Contra Las Mujeres,0.918
El Salvador,Frente De Todos,0.918
Alemania,Claudia Sheinbaum,0.918
Hidrovía,Instituto Llilas,0.918
Francia Márquez,Progresismo,0.918
Ciudad Futura,La Libertad Avanza,0.918
Futuros,Instituto Llilas,0.918
$Libra,La Libertad Avanza,0.918
Escuela Idaes,Movimientos Sociales,0.918
Futuros,Monterrey,0.918
Futuros,Sequía,0.918
Nancy Fraser,Nicaragua,0.918
Cordobesismo,Santa Fe,0.918
Atentado A Cristina,Cristina,0.918
Asociación Del Fútbol Argentino,Boca Juniors,0.918
Series,Zapping Cultural,0.918
Masculinidades,Violencia De Género,0.918
Pro,Sin Control 2,0.918
Capitalismo,Tecnoceno,0.918
Daniel Ortega,Nancy Fraser,0.918
Donald Trump,Gas,0.918
Francia Márquez,Venezuela,0.918
Axel Kicillof,Libertad,0.918
Ambiente,Crisis Climática,0.918
Grupo Clarín,Polarización Política,0.918
Barbie,Tecnologías De Género,0.918
Economía,Impuesto A Las Grandes Riquezas,0.918
Donald Trump,Oficialismo,0.918
Comunicación Política,Derechas,0.918
Karina Milei,Libertarios,0.918
María Eugenia Vidal,Perfil Político,0.918
Gabriel Boric,La Conversa,0.918
Cine Argentino,El Eternauta,0.918
Caba,Juan Grabois,0.918
Comedores Comunitarios,Peronismo,0.918
Géneros,Punitivismo,0.918
Marxismo,Peronismo,0.917
Anticomunismo,O Sea Digamos,0.917
Paraguay,Religion,0.917
Crónica Patagónica,Patagonia,0.917
Comedores Comunitarios,Federalismo,0.917
Mundial 2026,Selección Argentina,0.917
Movimientos Sociales,Política,0.917
Derecho A La Desconexión,Reforma Laboral,0.917
$Libra,Karina Milei,0.917
Amplify,Artlab,0.917
Juntos Por El Cambio,María Eugenia Vidal,0.917
Barbie,Murakami,0.917
Shakespeare,Vínculos,0.917
Abuso Sexual,Masculinidades,0.917
Carry Trade,Inflación,0.917
Alemania,Nicaragua,0.917
Di María,Diego Maradona,0.917
Comedores Comunitarios,Corrupción,0.917
Angela Merkel,Progresismo,0.917
Alemania,Daniel Ortega,0.917
Alfabetismos Aumentados,Reforma Laboral,0.917
A 20 Años Del 2001,Peronismo,0.917
Imprenteros,Steven Spielberg,0.917
Alberto Fernández,Sergio Massa,0.917
Escrituras Autobiográficas,Steven Spielberg,0.917
Pelé,Scaloneta,0.917
La Libertad Avanza,Leandro Santoro,0.917
Sin Control 2,Tucumán,0.917
Ley Ómnibus,Populismo,0.917
Artlab,Mutek,0.917
Artesdigitales,Artlab,0.917
Democracia,Perfil Político,0.917
Ice,Terrorismo De Estado,0.917
Ley Ómnibus,Presupuesto 2025,0.917
Congreso,Fallo Contra Cfk,0.917
Anticomunismo,Fallo Contra Cfk,0.916
Energía Atómica,Energía Nuclear,0.916
Barras Bravas,Diego Maradona,0.916
Boric,Plebiscito De Salida,0.916
Discurso,Ley Ómnibus,0.916
Giorgia Meloni,Juntos Por El Cambio,0.916
Criptogate,Un Año De Milei,0.916
Amistad,Netflix,0.916
Claudia Sheinbaum,Nicolas Maduro,0.916
A 20 Años Del Estallido,Política,0.916
Alberto Fernández,Giorgia Meloni,0.916
Juntos Por El Cambio,Lavagna,0.916
Netflix,Sex And The City,0.916
Evangélicos,Paraguay,0.916
House Of The Dragon,Netflix,0.916
La Transición En Chile,Plebiscito De Salida,0.916
Axel Kicillof,Frente De Todos,0.916
#Niunamenos,#Viajosola,0.916
Caparros,Filba,0.916
Anticomunismo,Libertarios,0.916
Populismo,Un Año De Milei,0.916
Derechas,Ley Bases,0.916
Ciudad Futura,Cristina Fernández De Kirchner,0.916
Game Of Thrones,Netflix,0.916
Partidos Políticos,Proceso Constituyente,0.916
Fútbol,Pelé,0.916
Ley Ómnibus,Libertad,0.916
Democracia,Leda-Unsam,0.916
Presupuesto 2025,Un Año De Milei,0.916
Gobernadores,Randazzo,0.916
Perfil Político,Santa Fe,0.916
Ley Omnibus,Populismo,0.916
Ley Omnibus,Presupuesto 2025,0.916
Cristina Fernández De Kirchner,Fallo Contra Cfk,0.916
Artes,Ilustraciones,0.916
Anses,Escuela Idaes,0.916
Noche,Nocturnidad,0.916
Desigualdad,Unsam,0.916
Boca Juniors,Mundial De Fútbol,0.916
Adorni,Sergio Massa,0.915
House Of The Dragon,Sex And The City,0.915
Testimonios,Violencia De Género,0.915
Territorio Educativo,Violencia Escolar,0.915
House Of The Dragon,Tecnologías De Género,0.915
Hidrógeno Verde,Transición Energética,0.915
Boca Juniors,Fútbol Femenino,0.915
Alemania,Randazzo,0.915
Triple Femicidio,Varones Unidos,0.915
Terapias Alternativas,Vacunas,0.915
Laura Casabé,Mariana Enríquez,0.915
Amistad,Game Of Thrones,0.915
#Niunamenos,Testimonios,0.915
Causa Andis,Sin Control 2,0.915
Alimentación,Discursos De Odio,0.915
La Libertad Avanza,Victoria Villarruel,0.915
La Virgen De La Tosquera,Mariana Enríquez,0.915
Angela Merkel,Martín Guzmán,0.915
Elecciones,Martín Guzmán,0.915
Feminismos,Identidades No Binarias,0.915
Fallo Contra Cfk,Javier Milei,0.915
8M,Terf,0.915
Axel Kicillof,Sin Control 2,0.915
8M,Cancelación,0.915
Game Of Thrones,Tecnologías De Género,0.915
Cordobesismo,Ucr,0.915
Game Of Thrones,Sex And The City,0.915
Karina Milei,Libertad,0.915
Series,Tecnologías De Género,0.915
Crimen,Juicios De Lesa Humanidad,0.915
Cordobesismo,Lavagna,0.915
Doble Femicidio,Triple Femicidio,0.915
Elecciones Legislativas 2021,Escuela De Política Y Gobierno,0.915
Denuncias,Triple Femicidio,0.915
Folklore,Rosalía,0.915
Comedores Comunitarios,Congreso,0.915
Elecciones Legislativas 2021,Política,0.915
Financiamiento Narco,Sin Control 2,0.915
Identidades No Binarias,Lgbtiq+,0.915
Adorni,Provincias,0.915
Kirchnerismo,Vialidad,0.915
Congreso,Peronismo,0.915
Guerra De Aranceles,Hegemonía,0.915
Provincias,Un Año De Milei,0.915
Falsas Denuncias,Triple Femicidio,0.915
Amistad,House Of The Dragon,0.915
Fmi,Fondos Buitre,0.915
Cfk,Ucr,0.915
Pablo Lautra,Triple Femicidio,0.915
Amor,Pedro Almodóvar,0.915
8M,Furia Travesti,0.915
Política,Protesta Social,0.915
Mariana Enríquez,Terror,0.915
China,Rusia,0.914
España,Mauricio Macri,0.914
Higui,Punitivismo,0.914
Frente De Todos,Xiomara Castro,0.914
Estallido,Piñera,0.914
Falklore,Redonditos De Ricota,0.914
Disidencias Sexuales,Feminismos Afro,0.914
Dólar,Retenciones,0.914
Gaza,Irán,0.914
Gaza,Iran,0.914
Ecuador,Gustavo Petro,0.914
Ecuador,Elecciones Legislativas 2021,0.914
Liliana Herrero,Redonditos De Ricota,0.914
Paro General,Sin Control 2,0.914
Elecciones,Kirchnerismo,0.914
Anticomunismo,Unión Por La Patria,0.914
Cristina Fernández De Kirchner,Nancy Fraser,0.914
Lito Vitale,Redonditos De Ricota,0.914
Redonditos De Ricota,Soledad Pastorutti,0.914
Fútbol Femenino,Mundial De Fútbol,0.914
Falklore,Fundamentalistas Del Aire Acondicionado,0.914
Leda-Unsam,Progresismo,0.914
Culturahype,Ley Omnibus,0.914
Mex Urtizberea,Redonditos De Ricota,0.914
Globos De Oro,Murakami,0.914
Agronegocios,Dólar,0.914
Liberalismo,Marxismo,0.914
Julián Kartun,Redonditos De Ricota,0.914
A 20 Años Del Estallido,Progresismo,0.914
Política Exterior,Sin Control 2,0.914
Lgbt,Lgbtiq+,0.914
Frente De Todos,Honduras,0.914
Discurso,Un Año De Milei,0.914
Ciudad Futura,Provincias,0.914
Iran,Spinoza,0.914
$Libra,O Sea Digamos,0.914
Cazzu,Fundamentalistas Del Aire Acondicionado,0.914
Bell Hooks,Disidencias Sexuales,0.914
Antipolítica,Elecciones,0.914
Amor,Netflix,0.914
Corrupción,Libertarios,0.914
Kirchnerismo,Ucr,0.914
Karina Milei,Victoria Villarruel,0.914
Fundamentalistas Del Aire Acondicionado,Lito Vitale,0.914
Fundamentalistas Del Aire Acondicionado,Mex Urtizberea,0.914
Cosquín,Redonditos De Ricota,0.914
Hipersticion,Ley Omnibus,0.914
Ley Omnibus,Un Año De Milei,0.914
Cazzu,Redonditos De Ricota,0.914
Despidos,Teletrabajo,0.914
Iran,Judaismo,0.914
Catolicismo,Paraguay,0.914
Irán,Judaismo,0.914
Elecciones Legislativas 2021,Santa Fe,0.914
Irán,Spinoza,0.914
Angela Merkel,Peronismo,0.914
Fundamentalistas Del Aire Acondicionado,Liliana Herrero,0.914
Fundamentalistas Del Aire Acondicionado,Julián Kartun,0.914
Catolicismo,Estado Laico,0.914
Adorni,Pro,0.914
Catolicismo,Constitución,0.914
Fundamentalistas Del Aire Acondicionado,Soledad Pastorutti,0.914
Cosquín,Fundamentalistas Del Aire Acondicionado,0.914
Marcos Peña,Martín Guzmán,0.914
Fundamentalistas Del Aire Acondicionado,Milo J,0.914
El Salvador,Francia Márquez,0.914
Libertad,Pro,0.914
Campo,Dólar,0.914
#Niunamenos,Masculinidades,0.914
Milo J,Redonditos De Ricota,0.914
Crueldad,Discursos De Odio,0.913
Ley Ómnibus,Lunes Negro,0.913
Angela Merkel,Claudia Sheinbaum,0.913
Javier Milei,Política Exterior,0.913
Izquierdas,Nicaragua,0.913
Inundación,Monterrey,0.913
Inundación,Sequía,0.913
Política,Unsam,0.913
Gustavo Petro,Venezuela,0.913
Piñera,Venezuela,0.913
Gustavo Petro,Nicaragua,0.913
Gustavo Petro,Progresismo,0.913
Daniel Ortega,Gustavo Petro,0.913
Carry Trade,Fmi,0.913
Kirchnerismo,María Eugenia Vidal,0.913
Ola Polar,Rigi,0.913
Groenlandia,Natalia Oreiro,0.913
Daniel Ortega,Izquierdas,0.913
Criptogate,Libertad,0.913
Bolivia,Venezuela,0.913
Feminismos Afro,Géneros,0.913
Impuesto A Las Grandes Riquezas,Inflación,0.913
Elecciones Legislativas 2021,Juan Grabois,0.913
Federalismo,Ley Bases,0.913
Democracia,Unsam,0.913
Partidos Políticos,Rechazo,0.913
Charly García,Trap,0.913
Cordobesismo,Peronismo,0.913
Cordobesismo,Frente De Todos,0.913
Alberto Fernández,Anticomunismo,0.913
Martín Guzmán,Marxismo,0.913
Instituto Llilas,Inundación,0.913
Congreso,Juntos Por El Cambio,0.913
Ciudad Futura,Pro,0.913
Corrupción,Provincias,0.913
Anticomunismo,Comedores Comunitarios,0.913
Bell Hooks,Géneros,0.913
Higui,Violencia De Género,0.913
Ley Omnibus,Libertad,0.913
Alberto Fernández,Antipolítica,0.913
Fútbol,Tenis,0.913
Natalia Oreiro,Vladímir Putin,0.913
Natalia Oreiro,Unión Europea,0.913
Rigi,Ypf,0.913
$Libra,Ley Omnibus,0.913
Manuel Adorni,Unión Por La Patria,0.913
Cristina Fernández De Kirchner,Progresismo,0.912
Ley Omnibus,Ley Ómnibus,0.912
La Conversa,Partidos Políticos,0.912
Folclore,Luis Alberto Spinetta,0.912
Antipolítica,Batalla Cultural,0.912
Adorni,Lunes Negro,0.912
Comunicación Política,Grupo Clarín,0.912
Desigualdad,Neoliberalismo,0.912
Cosas Que Funcionan,Inundación,0.912
Folclore,Lentitud,0.912
2001 | Unsam,A 20 Años Del Estallido,0.912
Mundial 2026,Qatar 2022,0.912
Crimen,Fernando Báez Sosa,0.912
Adorni,Discurso,0.912
Nueva Constitución,Proceso Constituyente,0.912
Elecciones,Interseccionalidad,0.912
Elecciones Legislativas 2021,Martín Guzmán,0.912
Angela Merkel,Perfil Político,0.912
Leandro Santoro,Manuel Adorni,0.912
Deuda Externa,Dólar,0.912
Angela Merkel,Elites,0.912
Izquierdas,Peronismo,0.912
Archivo,Escuela De Arte Y Patrimonio,0.912
8M: Paro Internacional Y Plurinacional De Mujeres Y Disidencias,Lgbtiq+,0.912
Cristina Fernández De Kirchner,Juan Grabois,0.912
Día Internacional De La Eliminación De La Violencia Contra Las Mujeres,Feminismos Afro,0.912
Alberto Fernández,Ciudad Futura,0.912
Derechos Humanos,Justicia,0.912
Ciudad Futura,Federalismo,0.912
2001,A 20 Años Del Estallido,0.912
Derechas,Marxismo,0.912
Barras Bravas,Maradona,0.912
A 20 Años Del 2001,Alemania,0.912
Anticomunismo,Sin Control 2,0.912
Juan Grabois,Sin Control 2,0.912
Juan Grabois,Perfil Político,0.912
Bell Hooks,Día Internacional De La Eliminación De La Violencia Contra Las Mujeres,0.912
Juan Grabois,O Sea Digamos,0.912
Frente De Izquierda,Peronismo,0.912
Lunes Negro,Victoria Villarruel,0.912
Diego Maradona,Lionel Messi,0.912
El Salvador,Gustavo Petro,0.912
Elecciones,Feminismo Negro,0.912
Marcos Peña,Nancy Fraser,0.912
Menopausia,Orgullo,0.912
Cristina Fernández De Kirchner,Pro,0.911
Nueva Constitución,Partidos Políticos,0.911
Abuso Sexual,Femicidios,0.911
Aborto,Aborto Legal,0.911
Frente De Todos,Ucr,0.911
Ley Omnibus,Pacto De Mayo,0.911
Culturahype,O Sea Digamos,0.911
Deuda,Precios,0.911
Malvinas,Submarinos,0.911
Lunes Negro,Un Año De Milei,0.911
Italia,Mauricio Macri,0.911
Alberto Fernández,Honduras,0.911
Daniel Ortega,Francia Márquez,0.911
Liberalismo,Marcos Peña,0.911
Seguridad,Violencia Institucional,0.911
Colombia,Ecuador,0.911
Nicolás Maduro,Putin,0.911
Cupo Laboral Trans,Punitivismo,0.911
Alberto Fernández,Xiomara Castro,0.911
Claudia Sheinbaum,Nancy Fraser,0.911
Encuesta De Qué Viven,Punitivismo,0.911
Alberto Fernández,Lavagna,0.911
Congreso,Jorge Macri,0.911
A 20 Años Del 2001,Elecciones Legislativas 2021,0.911
Karina Milei,Paro General,0.911
Frente De Todos,Giorgia Meloni,0.911
Anticomunismo,Frente De Todos,0.911
Paraguay,Religión,0.911
Charly García,Folklore,0.911
Anticomunismo,Un Año De Milei,0.911
Axel Kicillof,Libertarios,0.911
Cordobesismo,Juntos Por El Cambio,0.911
Cine Argentino,Tecnologías De Género,0.911
Derechas,Marcos Peña,0.911
Francia Márquez,Giorgia Meloni,0.911
Francia Márquez,Nicaragua,0.911
3J,8M: Paro Internacional Y Plurinacional De Mujeres Y Disidencias,0.911
Ley Omnibus,Llaryora,0.911
Cristina Fernández De Kirchner,Jorge Macri,0.911
Elecciones Legislativas 2021,Gustavo Petro,0.911
Hipersticion,O Sea Digamos,0.911
#Niunamenos,Memoria Trans,0.911
Alemania,Elites,0.91
Ciudad Futura,Gobernadores,0.91
Crueldad,Movimientos Sociales,0.91
Izquierdas,Progresismo,0.91
Cristina Fernández De Kirchner,Izquierdas,0.91
Jorge Macri,Randazzo,0.91
Arte,Escuela De Arte Y Patrimonio,0.91
Marcos Peña,Marxismo,0.91
Alberto Fernández,Perfil Político,0.91
Axel Kicillof,Elecciones Legislativas 2021,0.91
Botánica,Literatura,0.91
Internacional,Surinam,0.91
Futuros,Ley De Glaciares,0.91
Lavagna,María Eugenia Vidal,0.91
A 20 Años Del 2001,Patricia Bullrich,0.91
Britishcouncil,Laboratorio De Periodismo Performático,0.91
Netflix,Tecnologías De Género,0.91
Menemismo,Obra Pública,0.91
Menemismo,Puente Rosario Victoria,0.91
24M: Día De La Memoria Por La Verdad Y La Justicia,Nietos,0.91
Bolivia,Nicolas Maduro,0.91
Mundial De Fútbol,Mundial Femenino De Fútbol,0.91
Mundial De Fútbol,Tenis,0.91
El Salvador,Fascismo,0.91
Comunicación Política,Fake News,0.91
Tucumán,Un Año De Milei,0.91
Manuel Adorni,Sin Control 2,0.91
Comunicación Política,Discursos Odio,0.91
Fallo Contra Cfk,Sergio Massa,0.91
Ley Ómnibus,Sergio Massa,0.91
Angela Merkel,Frente De Izquierda,0.91
Fútbol Femenino,Maradona,0.91
Dólar,Impuesto A Las Grandes Riquezas,0.91
Caparros,Crónica,0.91
Laboratorio De Periodismo Performático,Mujeres Y Disidencias,0.91
2X1 A Genocidas,Juicios De Lesa Humanidad,0.91
Lgbtiq+,Ni Una Menos,0.91
Movimientos Sociales,Unsam,0.91
Cfk,Elecciones,0.91
Alberto Fernández,Ucr,0.91
Alberto Fernández,Silvina Batakis,0.91
Escuela De Política Y Gobierno,Giorgia Meloni,0.91
Encuentro Plurinacional De Mujeres,Feminismos,0.91
Pelé,Qatar 2022,0.91
Ciudad Futura,Randazzo,0.91
Messi,Pelé,0.91
Criptogate,La Libertad Avanza,0.91
Nicaragua,Piñera,0.91
Juan Grabois,Libertad,0.91
Clarín,Ice,0.91
Gobernadores,La Libertad Avanza,0.91
Democracia,Liberalismo,0.91
Democracia,Elecciones Legislativas 2021,0.91
Daniel Ortega,Piñera,0.91
Femicidios,Ni Una Menos,0.91
Comunicación Política,Julia Mengolini,0.91
Hidrovía,Ley De Glaciares,0.91
Leandro Santoro,O Sea Digamos,0.91
Honduras,Marcos Peña,0.909
Amazon Prime,Hbo,0.909
Prep,Terapias Alternativas,0.909
Terapias Alternativas,Varones Gay,0.909
Discurso,Manuel Adorni,0.909
Oficialismo,Partido Republicano,0.909
Alberto Fernández,Interseccionalidad,0.909
Bukele,Nancy Fraser,0.909
Elecciones 2023,Karina Milei,0.909
Federalismo,Lunes Negro,0.909
Crueldad,Derechas,0.909
Pep,Terapias Alternativas,0.909
Ecuador,Perfil Político,0.909
Ambientalismo,América Latina,0.909
Conflictos Territoriales,Litio,0.909
Barras Bravas,Mundial 2026,0.909
Elecciones,Juan Grabois,0.909
Ciudad Futura,Fallo Contra Cfk,0.909
Día Internacional De La Eliminación De La Violencia Contra Las Mujeres,Nahir Galarza,0.909
Fallo Contra Cfk,Juntos Por El Cambio,0.909
Arte,Arteba,0.909
Elecciones 2023,Ley Ómnibus,0.909
A 20 Años Del 2001,Silvina Batakis,0.909
Chile Convención Constituyente Internacional,Gabriel Boric,0.909
Gas,Partido Republicano,0.909
America Latina,Progresismo,0.909
Giorgia Meloni,Ucr,0.909
America Latina,Bolivia,0.909
Ley Omnibus,Tucumán,0.909
Angela Merkel,María Eugenia Vidal,0.909
Alemania,Bolivia,0.909
Pelé,Viajes,0.909
Causa Andis,Congreso,0.909
Juan Grabois,Libertarios,0.909
Boca Juniors,Mundial Femenino De Fútbol,0.909
Democracia,Derechas,0.909
Mauricio Macri,Ucr,0.909
Boca Juniors,Qatar 2022,0.909
Guerra,Medio Oriente,0.909
Narcotráfico,Racismo En Argentina,0.909
Alberto Fernández,Feminismo Negro,0.909
Marcos Peña,Xiomara Castro,0.909
Congreso,Financiamiento Narco,0.909
8M,Géneros,0.909
Estado Laico,Religión,0.908
Comedores Comunitarios,Crisis,0.908
Estado Laico,Religion,0.908
Series,Sex And The City,0.908
Constitución,Religión,0.908
Constitución,Religion,0.908
Honduras,Progresismo,0.908
Javier Milei,Manuel Adorni,0.908
Derechas,El Salvador,0.908
Internacional,Venezuela,0.908
Barbie,Premios Oscar,0.908
Progresismo,Xiomara Castro,0.908
Agronegocios,La Libertad Avanza,0.908
Evo Morales,Nicolas Maduro,0.908
Chat Gpt,Inteligencia Artificial,0.908
Escuela Idaes,Leda-Unsam,0.908
Derecha,Religion,0.908
Feminismos,Lenguaje Inclusivo,0.908
Campo,Precios,0.908
Agronegocios,Precios,0.908
Campo,La Libertad Avanza,0.908
Papa León Xiv,Religión,0.908
O Sea Digamos,Política Exterior,0.908
24M: Día De La Memoria Por La Verdad Y La Justicia,Abuelas De Plaza De Mayo,0.908
A 20 Años Del 2001,Frente De Izquierda,0.908
Pro,Victoria Villarruel,0.908
Ecuador,Leda-Unsam,0.908
Libertarios,Lunes Negro,0.908
Gordoodio,Pedro Almodóvar,0.908
Feminismos Afro,Vínculos,0.908
La Libertad Avanza,Retenciones,0.908
Elites,Neoliberalismo,0.908
Pro,Ucr,0.908
Bell Hooks,Vínculos,0.908
Adorni,Victoria Villarruel,0.908
Amistad,Series,0.908
Adorni,Manuel Adorni,0.908
Crueldad,Democracia,0.908
Perfil Político,Sergio Massa,0.908
La Cámpora,Luis Majul,0.908
Federalismo,Presupuesto 2025,0.908
Precios,Retenciones,0.908
Federalismo,Populismo,0.908
Comedores Comunitarios,Libertad,0.907
Manuel Adorni,Pacto De Mayo,0.907
Crónica,Pizarnik,0.907
Comedores Comunitarios,Sergio Massa,0.907
Comedores Comunitarios,Fallo Contra Cfk,0.907
Alberto Fernández,Claudia Sheinbaum,0.907
Alberto Fernández,Axel Kicillof,0.907
Cuerpos,Testosterona,0.907
Ley Omnibus,Milei,0.907
America Latina,Escuela De Política Y Gobierno,0.907
Euphoria,Sex And The City,0.907
Cfk,Frente De Todos,0.907
Afectos,Shakespeare,0.907
Fascismo,Partido Republicano,0.907
Crimen De Odio,Violencia,0.907
Anses,Movimientos Sociales,0.907
Folclore,Horrorcore,0.907
Juan Grabois,Marcos Peña,0.907
Amistad,Euphoria,0.907
La Libertad Avanza,Nacionalismo,0.907
Pensamiento Crítico,Redes Sociales,0.907
Artes,Vih/Sida,0.907
Dillom,Folclore,0.907
Llaryora,Manuel Adorni,0.907
Escuela Idaes,Neoliberalismo,0.907
A 20 Años Del Estallido,Crisis 2001,0.907
Juntos Por El Cambio,Santa Fe,0.907
Ciudad Futura,Javier Milei,0.907
Francia Márquez,Piñera,0.907
Jorge Macri,La Libertad Avanza,0.907
Sex And The City,Zendaya,0.907
Literatura,Patrimonio Cultural,0.907
Abuso Sexual,Higui,0.907
Chile Convención Constituyente Internacional,Nueva Constitución,0.907
Gabriel García Márquez,Literatura,0.907
Convención Constituyente,Plebiscito De Salida,0.907
Liberalismo,Nancy Fraser,0.907
Géneros,Ni Una Menos,0.907
Maradona,Mundial Femenino De Fútbol,0.907
Amistad,Zendaya,0.907
Manuel Adorni,Tucumán,0.906
Día Internacional De La Eliminación De La Violencia Contra Las Mujeres,Lgbtiq+,0.906
Archivo,Artes,0.906
Feminismos,Vínculos,0.906
Adorni,Presupuesto 2025,0.906
Cupo Laboral Trans,Ni Una Menos,0.906
Javier Milei,Leandro Santoro,0.906
Donald Trump,Guerra De Aranceles,0.906
Anticomunismo,Marcos Peña,0.906
Chile,Rechazo,0.906
Estados Unidos,Oficialismo,0.906
Ecuador,Nancy Fraser,0.906
La Libertad Avanza,Pacto De Mayo,0.906
Libertarios,Pro,0.906
Congreso,Gobernadores,0.906
8M,Higui,0.906
Asociación Del Fútbol Argentino,Maradona,0.906
Populismo,Provincias,0.906
Ficción,Libros,0.906
Encuesta De Qué Viven,Ni Una Menos,0.906
Artes,Futuro Imperfecto,0.906
Shakespeare,Testimonios,0.906
Presupuesto 2025,Provincias,0.906
Adorni,Populismo,0.906
La Libertad Avanza,Llaryora,0.906
Elecciones 2023,Marxismo,0.906
Cristina Fernández De Kirchner,Provincias,0.906
Cristina Fernández De Kirchner,Marxismo,0.906
Hbo,Zapping Cultural,0.906
Comedores Comunitarios,Política,0.906
Peronismo,Un Año De Milei,0.906
Elecciones,Provincias,0.906
Litio,Pueblos Originarios,0.906
Chile,Chile Convención Constituyente Internacional,0.906
Estados Unidos,Gas,0.906
Cuerpos,Epistemología,0.906
America Latina,Antipolítica,0.906
Federalismo,Victoria Villarruel,0.906
Milei,Un Año De Milei,0.905
Frente De Todos,Gobernadores,0.905
Juntos Por El Cambio,Kirchnerismo,0.905
Criptomonedas,Juventudes,0.905
Claudia Sheinbaum,Venezuela,0.905
Denuncias,Día Internacional De La Eliminación De La Violencia Contra Las Mujeres,0.905
Claudia Sheinbaum,Izquierdas,0.905
Murakami,Pedro Almodóvar,0.905
Elecciones 2023,Ucr,0.905
Congreso,El País,0.905
Performance,Periodismo Performático,0.905
Migración,Racismo En Argentina,0.905
Crueldad,Visibilidad Lésbica,0.905
Juan Grabois,Política,0.905
Fascismo,Guerra De Aranceles,0.905
A 20 Años Del 2001,Juntos Por El Cambio,0.905
El Salvador,Venezuela,0.905
El Salvador,Liberalismo,0.905
Identidades No Binarias,Orgullo,0.905
Folclore,Trap,0.905
Elites,Silvina Batakis,0.905
Gobernadores,Juan Grabois,0.905
Federalismo,Ley Omnibus,0.905
Día Internacional De La Eliminación De La Violencia Contra Las Mujeres,Pablo Lautra,0.905
Día Internacional De La Eliminación De La Violencia Contra Las Mujeres,Terf,0.905
Alemania,Juntos Por El Cambio,0.905
Alemania,Elecciones Legislativas 2021,0.905
Culturahype,Libertad,0.905
Día Internacional De La Eliminación De La Violencia Contra Las Mujeres,Lenguaje Inclusivo,0.905
Criptogate,Presupuesto 2025,0.905
Culturahype,Un Año De Milei,0.905
Axel Kicillof,Randazzo,0.905
America Latina,Derechas,0.905
Masculinidades,Ni Una Menos,0.905
Cancelación,Día Internacional De La Eliminación De La Violencia Contra Las Mujeres,0.905
Desigualdad,Política,0.905
Día Internacional De La Eliminación De La Violencia Contra Las Mujeres,Varones Unidos,0.905
Fallo Contra Cfk,Kirchnerismo,0.905
Globos De Oro,Tecnologías De Género,0.905
Criptogate,Populismo,0.905
Liberalismo,Nacionalismo,0.905
Elecciones,Xiomara Castro,0.905
Aira,Pizarnik,0.905
Doble Femicidio,Día Internacional De La Eliminación De La Violencia Contra Las Mujeres,0.905
Abuelas De Plaza De Mayo,Nietos,0.905
Elecciones,Honduras,0.905
Hipersticion,Un Año De Milei,0.905
Derechos,Teletrabajo,0.905
Día Internacional De La Eliminación De La Violencia Contra Las Mujeres,Falsas Denuncias,0.905
Higui,Nahir Galarza,0.905
Hipersticion,Libertad,0.905
Día Internacional De La Eliminación De La Violencia Contra Las Mujeres,Furia Travesti,0.905
Izquierdas,Ucr,0.905
Deuda,Deudas,0.905
Crueldad,Homofobia,0.905
Euphoria,Tecnologías De Género,0.904
Premios Oscar,Series,0.904
Cristina Fernández De Kirchner,Santa Fe,0.904
Comunicación Política,Liberalismo,0.904
Marcha Universitaria,Univerdisad,0.904
A 20 Años Del Estallido,Protesta Social,0.904
Campo De Mayo,Cine Argentino,0.904
Géneros,Testimonios,0.904
La Matanza,Los Anteúltimos,0.904
Higui,Testimonios,0.904
Escuela De Política Y Gobierno,Martín Guzmán,0.904
Lgbtiq+,Menopausia,0.904
Horrorcore,Luis Alberto Spinetta,0.904
Alimentación,Homofobia,0.904
$Libra,Adorni,0.904
Cancelación,Disidencias Sexuales,0.904
Adorni,Elecciones 2023,0.904
Culturahype,Unión Por La Patria,0.904
Gustavo Petro,Perfil Político,0.904
Plebiscito De Salida,Proceso Constituyente,0.904
Hipersticion,Unión Por La Patria,0.904
Alberto Fernández,Nicaragua,0.904
Fallo Contra Cfk,La Libertad Avanza,0.904
Nancy Fraser,Perfil Político,0.904
Disidencias Sexuales,Furia Travesti,0.904
Tecnologías De Género,Zendaya,0.904
Libertarios,Peronismo,0.904
Corrupción,Peronismo,0.904
Ecuador,Francia Márquez,0.904
3J,Lgbtiq+,0.904
Ciudad Futura,Congreso,0.904
Disidencias Sexuales,Testimonios,0.904
Federalismo,Pacto De Mayo,0.904
Inflación,Silvina Batakis,0.904
Frente De Izquierda,Lavagna,0.904
Ciudad Futura,Marxismo,0.904
Disidencias Sexuales,Terf,0.904
Alberto Fernández,Daniel Ortega,0.904
El Salvador,Kirchnerismo,0.904
Federalismo,Llaryora,0.904
Pelé,Selección Argentina,0.904
Libertad,Pacto De Mayo,0.904
Libertad,Llaryora,0.904
Dillom,Luis Alberto Spinetta,0.904
O Sea Digamos,Victoria Villarruel,0.904
Alimentación,Visibilidad Lésbica,0.904
Colombia,Perú,0.903
Angela Merkel,Nicaragua,0.903
Gustavo Petro,Piñera,0.903
Fuerzas De Seguridad,Política,0.903
Antipolítica,Izquierdas,0.903
Univerdisad,Universidad Pública,0.903
Despidos,Sindicalismo,0.903
El Salvador,Marcos Peña,0.903
Bell Hooks,Punitivismo,0.903
Ice,Poder Judicial,0.903
8M,Encuentro Plurinacional De Mujeres,0.903
Censo,Criptomonedas,0.903
Bell Hooks,Higui,0.903
Libertarios,Milei,0.903
Claudia Sheinbaum,Frente De Todos,0.903
2X1 A Genocidas,Ice,0.903
24M: Día De La Memoria Por La Verdad Y La Justicia,Hijos De Represores,0.903
Feminismos Afro,Punitivismo,0.903
Fallo Contra Cfk,Unión Por La Patria,0.903
8M: Paro Internacional Y Plurinacional De Mujeres Y Disidencias,Vínculos,0.903
Alejandro Sabella,Boca Juniors,0.903
Martín Guzmán,Nancy Fraser,0.903
Afjp,Jubilados,0.903
Ambiente,Cop26,0.903
Juntos Por El Cambio,Mauricio Macri,0.903
Juntos Por El Cambio,Patricia Bullrich,0.903
Juntos Por El Cambio,O Sea Digamos,0.903
Fallo Contra Cfk,Libertad,0.903
#Niunamenos,8M,0.903
Crueldad,Elecciones Legislativas 2021,0.903
Crueldad,Ecuador,0.903
8M,Shakespeare,0.903
Docentes,Univerdisad,0.903
Frente De Todos,Interseccionalidad,0.903
Pedro Almodóvar,Series,0.903
Atentado A Cristina,Crueldad,0.903
Frente De Izquierda,María Eugenia Vidal,0.903
Frente De Izquierda,Progresismo,0.903
Cfk,Marcos Peña,0.903
Crueldad,Liberalismo,0.903
La Transición En Chile,Partidos Políticos,0.903
Feminismo Negro,Frente De Todos,0.903
Javier Milei,Juntos Por El Cambio,0.903
Angela Merkel,Daniel Ortega,0.903
Manuel Adorni,O Sea Digamos,0.903
América Latina,Ecuador,0.903
Angela Merkel,Bolivia,0.903
Argentina,Cuidados,0.903
Capitalismo,Contracultura,0.903
Feminismos Afro,Higui,0.903
Escuela De Política Y Gobierno,Peronismo,0.903
Criptomonedas,Identidad De Género,0.903
Alejandro Zambra,La Columna De Zambra,0.902
Horrorcore,Roberto Jacoby,0.902
Criptogate,Lunes Negro,0.902
Crisis,Neoliberalismo,0.902
Escuela De Política Y Gobierno,Juntos Por El Cambio,0.902
Carnaval,Fernanda Miño,0.902
Fernanda Miño,Murgas,0.902
Comedores Comunitarios,Crueldad,0.902
España,Italia,0.902
Comunicación Política,Polarización Política,0.902
Marcos Peña,Provincias,0.902
Crueldad,Política,0.902
Honduras,Nicolas Maduro,0.902
Cristina Fernández De Kirchner,Federalismo,0.902
Alemania,Perfil Político,0.902
Ley Ómnibus,Victoria Villarruel,0.902
Crueldad,Interseccionalidad,0.902
Crueldad,Feminismo Negro,0.902
Fallo Contra Cfk,O Sea Digamos,0.902
Populismo,Victoria Villarruel,0.902
Frente De Izquierda,Silvina Batakis,0.902
Nicolas Maduro,Xiomara Castro,0.902
Caba,Jorge Macri,0.902
Llaryora,Provincias,0.902
Pacto De Mayo,Provincias,0.902
Día Internacional De La Eliminación De La Violencia Contra Las Mujeres,Memoria Trans,0.902
Amor,House Of The Dragon,0.902
Congreso,Manuel Adorni,0.902
Elecciones Legislativas 2021,Ucr,0.902
El Salvador,Izquierdas,0.902
Corrupción,Victoria Villarruel,0.902
Presupuesto 2025,Victoria Villarruel,0.902
Dillom,Roberto Jacoby,0.902
Claudia Sheinbaum,Ecuador,0.902
Amor,Game Of Thrones,0.902
Lgbt,Violencias,0.902
Javier Milei,Paro General,0.902
O Sea Digamos,Paro General,0.902
Géneros,Lenguaje Inclusivo,0.902
Fmi,Impuesto A Las Grandes Riquezas,0.902
Energía,Transición Energética,0.902
Anticomunismo,Nancy Fraser,0.901
Doble Femicidio,Ni Una Menos,0.901
Nahir Galarza,Violencia De Género,0.901
Globos De Oro,Hbo,0.901
Cristina Fernández De Kirchner,Patricia Bullrich,0.901
Breaking Bad,Series,0.901
Giorgia Meloni,Gustavo Petro,0.901
3J,Cuidados,0.901
Denuncias,Ni Una Menos,0.901
Alemania,Venezuela,0.901
Angela Merkel,Cordobesismo,0.901
Alemania,Progresismo,0.901
Elecciones,Patricia Bullrich,0.901
Amor,Premios Oscar,0.901
Furia Travesti,Higui,0.901
Leandro Santoro,Sin Control 2,0.901
Cuidados,Maternidad Temprana,0.901
Cuidados,Feminismos,0.901
Cancelación,Higui,0.901
Provincias,Victoria Villarruel,0.901
Alimentación,Unsam,0.901
Poder Judicial,Vialidad,0.901
Ley Omnibus,O Sea Digamos,0.901
Higui,Terf,0.901
Crueldad,Nancy Fraser,0.901
Marcos Peña,Patricia Bullrich,0.901
Adolescencia,Cuidados,0.901
Better Call Saul,Series,0.901
Feminismos,Higui,0.901
Criptogate,Tucumán,0.901
Caparros,La Columna De Zambra,0.901
Cuidados,Salud Sexual Y Reproductiva,0.901
Poder Judicial,Terrorismo De Estado,0.901
Lavagna,Peronismo,0.901
Adorni,Libertarios,0.901
Lunes Negro,Pro,0.901
Ni Una Menos,Varones Unidos,0.901
O Sea Digamos,Peronismo,0.901
Ni Una Menos,Pablo Lautra,0.901
El Salvador,Peronismo,0.901
Anticoncepción,Cuidados,0.901
Derechas,Nancy Fraser,0.901
El Salvador,Elecciones,0.901
Tecnologías De Género,Zapping Cultural,0.901
Libertad,Peronismo,0.901
Adorni,Ley Ómnibus,0.901
Falsas Denuncias,Ni Una Menos,0.901
Corrupción,Pro,0.901
Surinam,Venezuela,0.901
Boca Juniors,Viajes,0.901
A 20 Años Del 2001,Kirchnerismo,0.901
A 20 Años Del 2001,Escuela De Política Y Gobierno,0.901
Lionel Messi,Mundial 2026,0.901
Axel Kicillof,Ucr,0.901
Fmi,Glosario De La Crisis,0.901
Guerra De Aranceles,Política Exterior,0.9
Adorni,Llaryora,0.9
Comedores Comunitarios,Libertarios,0.9
Javier Milei,Ley Bases,0.9
Furia Travesti,Vínculos,0.9
Lgbtiq+,Shakespeare,0.9
Bolivia,Piñera,0.9
Mundial 2026,Scaloneta,0.9
Cancelación,Lenguaje Inclusivo,0.9
Cancelación,Vínculos,0.9
Furia Travesti,Lenguaje Inclusivo,0.9
Lenguaje Inclusivo,Terf,0.9
Lenguajes,Periodismo Performático,0.9
Marcha Universitaria,Violencia Escolar,0.9
Campo,Fmi,0.9
Antipolítica,Frente De Todos,0.9
Política Exterior,Un Año De Milei,0.9
Elecciones 2023,Ley Bases,0.9
Agronegocios,Alberto Fernández,0.9
Juan Grabois,Ucr,0.9
Amazon Prime,House Of The Dragon,0.9
Agronegocios,Fmi,0.9
Encuentro Plurinacional De Mujeres,Ni Una Menos,0.9
Ecuador,Frente De Todos,0.9
Folclore,Redonditos De Ricota,0.9
Fmi,Retenciones,0.9
Folclore,Fundamentalistas Del Aire Acondicionado,0.9
8M: Paro Internacional Y Plurinacional De Mujeres Y Disidencias,Triple Femicidio,0.9
Barras Bravas,Tenis,0.9
Amazon Prime,Game Of Thrones,0.9
Cfk,Izquierdas,0.9
Adorni,Pacto De Mayo,0.9
Alberto Fernández,Retenciones,0.9
Alberto Fernández,Ecuador,0.9
Frente De Izquierda,Randazzo,0.9
Justicia,Terrorismo De Estado,0.9
Axel Kicillof,Fallo Contra Cfk,0.9
Alberto Fernández,Campo,0.9
Frente De Izquierda,Nancy Fraser,0.9
Giorgia Meloni,Xiomara Castro,0.9
Cfk,Nancy Fraser,0.9
A 20 Años Del 2001,Bolivia,0.9
Aira,Zambra,0.9
Donald Trump,Internacional,0.9
Redonditos De Ricota,Trap,0.9
Giorgia Meloni,Honduras,0.9
Juntos Por El Cambio,Marxismo,0.9
Fundamentalistas Del Aire Acondicionado,Trap,0.9
Alemania,Martín Guzmán,0.9
Elecciones 2023,Randazzo,0.9
Terf,Vínculos,0.9
Campo,Elecciones 2023,0.899
Federalismo,Paro General,0.899
Elecciones 2023,Retenciones,0.899
Lesa Humanidad,Terrorismo De Estado,0.899
Derechas,Movimientos Sociales,0.899
Cfk,Peronismo,0.899
Discursos De Odio,Homofobia,0.899
Masculinidades,Triple Femicidio,0.899
Progresismo,Unsam,0.899
A 20 Años Del 2001,Francia Márquez,0.899
Indio Solari,Música Electrónica,0.899
Juventudes,Redes Sociales,0.899
Discursos De Odio,Visibilidad Lésbica,0.899
Corrupción,Ley Ómnibus,0.899
Giorgia Meloni,Lavagna,0.899
Francia Márquez,Peronismo,0.899
Pakapaka,Sex And The City,0.899
Aira,Caparros,0.899
2X1 A Genocidas,Poder Judicial,0.899
Amistad,Tecnologías De Género,0.899
Frente De Todos,Santa Fe,0.899
Después Del Virus,Vacunas,0.899
Cristina Dorador,Ley De Glaciares,0.899
Comunicación Política,Elecciones,0.899
Fallo Contra Cfk,Sin Control 2,0.899
Amor,Cine Argentino,0.899
Leandro Santoro,Lunes Negro,0.899
8M,Lgbtiq+,0.899
Lunes Negro,Sergio Massa,0.899
Jorge Macri,Karina Milei,0.899
Angela Merkel,Marxismo,0.899
8M: Paro Internacional Y Plurinacional De Mujeres Y Disidencias,Orgullo,0.899
Ley De Glaciares,Zonas De Sacrificio,0.899
Hbo,Premios Oscar,0.899
Discurso,Liberalismo,0.899
El País,Javier Milei,0.899
8M: Paro Internacional Y Plurinacional De Mujeres Y Disidencias,Tango,0.899
Anticomunismo,Marxismo,0.899
Sex And The City,Tecnologías De Género,0.899
La Libertad Avanza,Ley Omnibus,0.899
Messi,Mundial 2026,0.899
Afectos,Feminismos,0.899
Claudia Sheinbaum,El Salvador,0.899
Agronegocios,Elecciones 2023,0.899
Amazon Prime,Zapping Cultural,0.899
Maternidades,Nietos,0.899
Ecuador,Elecciones,0.899
Fernanda Miño,Palermo,0.899
Amistad,Pakapaka,0.899
O Sea Digamos,Tucumán,0.899
El País,Unión Por La Patria,0.899
A 20 Años Del Estallido,Movimientos Sociales,0.899
Feminismo Negro,Xiomara Castro,0.898
A 20 Años Del 2001,María Eugenia Vidal,0.898
Política Exterior,Presupuesto 2025,0.898
Feminismo Negro,Honduras,0.898
Amor,Cine,0.898
Colombia,Interseccionalidad,0.898
A 20 Años Del Estallido,Nancy Fraser,0.898
Elecciones,Federalismo,0.898
Fascismo,Politica Exterior,0.898
Cine,Tecnologías De Género,0.898
Cristina Fernández De Kirchner,La Libertad Avanza,0.898
Reforma Laboral,Sindicalismo,0.898
Estallido,Nepal,0.898
Donald Trump,Honduras,0.898
Elecciones,La Libertad Avanza,0.898
Arteba,Mutek,0.898
Cordobesismo,Elecciones Legislativas 2021,0.898
Arteba,Artesdigitales,0.898
Clase Obrera,Teletrabajo,0.898
Kirchnerismo,Marcos Peña,0.898
Interseccionalidad,Xiomara Castro,0.898
8M: Paro Internacional Y Plurinacional De Mujeres Y Disidencias,Memoria Trans,0.898
Patricia Bullrich,Política,0.898
Corrupción,Karina Milei,0.898
Narcotráfico,Violencia Institucional,0.898
Ahoraen,Redes Sociales,0.898
Docentes,Violencia Escolar,0.898
Democracia,Peronismo,0.898
Agua,Cosas Que Funcionan,0.898
Donald Trump,Xiomara Castro,0.898
Anticomunismo,Juan Grabois,0.898
Derechas,Pro,0.898
Ba,Inundación,0.898
Escuela De Política Y Gobierno,Nancy Fraser,0.898
Axel Kicillof,Ley Ómnibus,0.898
Honduras,Interseccionalidad,0.898
Política Exterior,Populismo,0.898
Fútbol Femenino,Viajes,0.898
Colombia,Feminismo Negro,0.898
Amplify,Arteba,0.898
Adorni,Liberalismo,0.898
Angela Merkel,Feminismo Negro,0.898
Angela Merkel,Interseccionalidad,0.898
Fallo Contra Cfk,Un Año De Milei,0.898
8M: Paro Internacional Y Plurinacional De Mujeres Y Disidencias,Violencia De Género,0.898
Cristina Fernández De Kirchner,Vialidad,0.897
Federalismo,Milei,0.897
#Niunamenos,Falsas Denuncias,0.897
Ley Bases,O Sea Digamos,0.897
Estados Unidos,Venezuela,0.897
Angela Merkel,Ecuador,0.897
Alimentación,Comedores Comunitarios,0.897
Nicolas Maduro,Piñera,0.897
Nicaragua,Progresismo,0.897
Retenciones,Sergio Massa,0.897
Inflación,Neoliberalismo,0.897
Discurso,Victoria Villarruel,0.897
Derechas,Discurso,0.897
Disidencias Sexuales,Ni Una Menos,0.897
Discursos Odio,Grupo Clarín,0.897
Anticomunismo,Francia Márquez,0.897
Fake News,Grupo Clarín,0.897
Daniel Ortega,Progresismo,0.897
Liberalismo,Victoria Villarruel,0.897
Amazon Prime,Pedro Almodóvar,0.897
Barbie,Zapping Cultural,0.897
Agronegocios,Sergio Massa,0.897
Conurbano,Vivienda,0.897
Agronegocios,Liberalismo,0.897
Arroyos Urbanos,Arte Ciencia Y Tecnoceno,0.897
Alemania,El Salvador,0.897
#Niunamenos,Varones Unidos,0.897
Escuela De Política Y Gobierno,Randazzo,0.897
Catolicismo,Derecha,0.897
Discapacidad,Escuela Idaes,0.897
Adorni,Libertad,0.897
Liberalismo,Retenciones,0.897
Grupo Clarín,Julia Mengolini,0.897
Arte Ciencia Y Tecnoceno,Ríos Entubados,0.897
Crisis,Desigualdad,0.897
#Niunamenos,Pablo Lautra,0.897
Adicciones,Tanatopraxia,0.897
Arte Ciencia Y Tecnoceno,Mapas Sonoros,0.897
Colombia,Francia Márquez,0.897
Deudas,Fmi,0.897
Elites,Martín Guzmán,0.897
Cristina Fernández De Kirchner,Giorgia Meloni,0.897
Campo,Liberalismo,0.897
A 20 Años Del Estallido,Crueldad,0.897
Campo,Sergio Massa,0.897
Antisemitismo,Iran,0.897
#Niunamenos,Doble Femicidio,0.897
Izquierdas,María Eugenia Vidal,0.897
#Niunamenos,Denuncias,0.897
Evo Morales,Gustavo Petro,0.897
Crueldad,Peronismo,0.896
Futuro Imperfecto,Galpon Face,0.896
Capitalismo,Inteligencia Artificial,0.896
Moria Casán,Tecnologías De Género,0.896
Milei,Sergio Massa,0.896
Feminismo Negro,Peronismo,0.896
Deuda Externa,Impuesto A Las Grandes Riquezas,0.896
Elecciones,Política,0.896
Adorni,Derechas,0.896
Amplify,Arte Digital,0.896
Shakespeare,Tango,0.896
Copia,Futuro Imperfecto,0.896
A 20 Años Del 2001,Campo,0.896
Marxismo,Sergio Massa,0.896
María Eugenia Vidal,Nancy Fraser,0.896
Fotografía,Movimiento Piquetero,0.896
Fotografía,Masacre De Avellaneda,0.896
Arte Digital,Mutek,0.896
Pro,Un Año De Milei,0.896
Giorgia Meloni,Mauricio Macri,0.896
Derechas,Fake News,0.896
A 20 Años Del 2001,Retenciones,0.896
Interseccionalidad,Peronismo,0.896
Francia Márquez,Perfil Político,0.896
Patricia Bullrich,Represión,0.896
A 20 Años Del 2001,Elites,0.896
Agua,Ba,0.896
Alberto Fernández,Gobernadores,0.896
A 20 Años Del 2001,Agronegocios,0.896
Inquilinxs,San Martín,0.896
Kirchnerismo,Perfil Político,0.896
Futuro Imperfecto Vol 3,Periodismo,0.896
Memoria Trans,Ni Una Menos,0.896
Frente De Todos,Nicaragua,0.896
Lunes Negro,Paro General,0.896
Daniel Ortega,Frente De Todos,0.896
Identidades No Binarias,Shakespeare,0.896
Perfil Político,Perú,0.896
Martín Guzmán,Peronismo,0.896
La Libertad Avanza,Progresismo,0.896
Boca Juniors,Scaloneta,0.896
Criptogate,Ley Omnibus,0.896
Guayana Francesa,Surinam,0.896
Bolivia,Estallido,0.896
Deuda Externa,Fmi,0.896
Arte Digital,Artesdigitales,0.896
Grupo Clarín,Medios De Comunicación,0.896
Discurso,Gobernadores,0.896
Ley Bases,Liberalismo,0.896
Caba,Horacio Rodríguez Larreta,0.896
Represión,Seguridad,0.896
Ley Bases,Movimientos Sociales,0.896
Derechas,Discursos Odio,0.896
Derechas,Julia Mengolini,0.896
Hegemonía,Politica Exterior,0.896
Caba,Ciudad Futura,0.895
Populismo,Sergio Massa,0.895
Frente De Izquierda,Xiomara Castro,0.895
Federalismo,Nacionalismo,0.895
Escuela Idaes,Política,0.895
#Viajosola,Identidades No Binarias,0.895
Elecciones,Pro,0.895
Desigualdad,Impuesto A Las Grandes Riquezas,0.895
Escuela De Arte Y Patrimonio,Movimiento,0.895
Escuela De Arte Y Patrimonio,Melisa Zulberti,0.895
Escuela De Arte Y Patrimonio,Posguerra,0.895
Higui,Shakespeare,0.895
Antisemitismo,Irán,0.895
Deuda Externa,Glosario De La Crisis,0.895
Pop,Roberto Jacoby,0.895
Crónica,Patrimonio Cultural,0.895
Crónica,Gabriel García Márquez,0.895
Leandro Santoro,Peronismo,0.895
Racismo En Argentina,Seguridad,0.895
Antipolítica,Randazzo,0.895
Moria Casán,Netflix,0.895
Caparros,Ficción,0.895
Gustavo Petro,Peronismo,0.895
La Libertad Avanza,Tucumán,0.895
Crueldad,Escuela Idaes,0.895
Femicidios,Memoria Trans,0.895
Elecciones 2023,Política,0.895
Feminismo Negro,Marcos Peña,0.895
#Niunamenos,Identidades No Binarias,0.895
Llaryora,Un Año De Milei,0.895
Cordobesismo,Cristina Fernández De Kirchner,0.895
Frente De Izquierda,Honduras,0.895
Drogas,Racismo En Argentina,0.895
Interseccionalidad,Marcos Peña,0.895
Netflix,Pakapaka,0.895
Lunes Negro,Manuel Adorni,0.895
Comunicación Política,Escuela De Política Y Gobierno,0.895
Boca Juniors,Selección Argentina,0.895
Liberalismo,Pro,0.895
Pedro Almodóvar,Zapping Cultural,0.895
Nacionalismo,Provincias,0.895
Economía,Sistema Bancario,0.895
Memoria,Nietos,0.895
Danza,Escuela De Arte Y Patrimonio,0.895
La Libertad Avanza,Manuel Adorni,0.895
Mundial Femenino De Fútbol,Viajes,0.895
Escuela De Política Y Gobierno,Xiomara Castro,0.895
Libertad De Expresión,Pablo Lautra,0.895
Libertad De Expresión,Varones Unidos,0.895
2X1 A Genocidas,Corte Suprema,0.895
Bolivia,Evo Morales,0.895
Nueva Constitución,Plebiscito De Salida,0.895
Cárceles,Migrantes,0.895
Movimientos Sociales,Transporte,0.895
Criptogate,Unión Por La Patria,0.895
Cárceles,Tesla,0.895
Escuela De Política Y Gobierno,Honduras,0.895
Fallo Contra Cfk,Juan Grabois,0.895
Cárceles,Universidad De Texas,0.895
Guerra,Palestina,0.895
Alimentación,Leda-Unsam,0.895
Alimentación,Discapacidad,0.895
Doble Femicidio,Libertad De Expresión,0.895
Francia Márquez,Frente De Izquierda,0.895
Pacto De Mayo,Un Año De Milei,0.895
G20,Seguridad,0.895
Juan Grabois,Victoria Villarruel,0.895
Claudia Sheinbaum,Marcos Peña,0.895
Alberto Fernández,Cordobesismo,0.895
Ambiente,Depresión,0.895
Artlab,Fiesta Anfibia,0.895
Falsas Denuncias,Libertad De Expresión,0.895
Denuncias,Libertad De Expresión,0.895
Presupuesto 2025,Sergio Massa,0.895
Anticomunismo,Izquierdas,0.895
Chile,La Conversa,0.895
Abuso Sexual,Testimonios,0.894
Manuel Adorni,Un Año De Milei,0.894
Elites,Política,0.894
Deuda Externa,Sistema Bancario,0.894
Femicidios,Lgbtiq+,0.894
Femicidios,Higui,0.894
Marcos Peña,Pro,0.894
Elecciones Legislativas 2021,Honduras,0.894
Crueldad,Unsam,0.894
Comedores Comunitarios,Unión Por La Patria,0.894
Elecciones Legislativas 2021,Movimientos Sociales,0.894
Géneros,Identidades No Binarias,0.894
Axel Kicillof,Un Año De Milei,0.894
Globos De Oro,Series,0.894
Elecciones Legislativas 2021,Xiomara Castro,0.894
A 20 Años Del 2001,Randazzo,0.894
Ecuador,Peronismo,0.894
La Libertad Avanza,Ley Bases,0.894
Libertarios,Política Exterior,0.894
Financiamiento Narco,Ley Ómnibus,0.894
El Salvador,Patricia Bullrich,0.894
Criptogate,O Sea Digamos,0.894
Frente De Todos,Provincias,0.894
Boca Juniors,Tenis,0.894
La Libertad Avanza,Política Exterior,0.894
Congreso,Ley Bases,0.894
Causa Andis,Ley Ómnibus,0.894
Natalia Oreiro,Nicolás Maduro,0.894
Francia Márquez,Juntos Por El Cambio,0.894
Pakapaka,Series,0.894
Amazon Prime,Premios Oscar,0.894
Arte Digital,Futuro Imperfecto,0.894
Cordobesismo,Frente De Izquierda,0.894
Conurbano,Los Anteúltimos,0.894
Cop26,Desarrollo,0.894
Asociación Del Fútbol Argentino,Claudio Tapia,0.894
Pacto De Mayo,Pro,0.894
Alberto Fernández,Crueldad,0.894
Ciudad Futura,Ucr,0.894
Llaryora,Pro,0.894
Atentado A Cristina,Democracia,0.894
Bukele,Nicaragua,0.894
Bukele,Daniel Ortega,0.894
Estallido En Chile,Gabriel Boric,0.894
#Viajosola,Abuelas De Plaza De Mayo,0.893
#Eaaf,Día Del Padre,0.893
Fallo Contra Cfk,Perfil Político,0.893
A 20 Años Del 2001,Ucr,0.893
Discurso,Paro General,0.893
Pacto De Mayo,Paro General,0.893
Llaryora,Paro General,0.893
Discursos De Odio,Redes Sociales,0.893
Lenguaje Inclusivo,Testimonios,0.893
Leda-Unsam,Visibilidad Lésbica,0.893
Campo,Federalismo,0.893
Angela Merkel,Antipolítica,0.893
Movimientos Sociales,Peronismo,0.893
Honduras,Piñera,0.893
Leandro Santoro,Libertarios,0.893
Cuidados,Géneros,0.893
Elites,Nancy Fraser,0.893
Homofobia,Leda-Unsam,0.893
Adicciones,Salud,0.893
Francia Márquez,Randazzo,0.893
Ambiente,Humedales,0.893
Piñera,Xiomara Castro,0.893
Horacio Rodríguez Larreta,Randazzo,0.893
Peronismo,Sin Control 2,0.893
Boca Juniors,Diego Maradona,0.893
Carry Trade,Deudas,0.893
Alejandro Sabella,Pelé,0.893
Daniel Ortega,Internacional,0.893
8M,Encuesta De Qué Viven,0.893
Filtraciones,Periodismo,0.893
Performance,Testosterona,0.893
Angela Merkel,Ucr,0.893
Memoria Trans,Nahir Galarza,0.893
Juan Grabois,Kirchnerismo,0.893
Fito Páez,Rosalía,0.893
Derechas,Retenciones,0.893
Agronegocios,Derechas,0.893
Fmi,Silvina Batakis,0.893
Agronegocios,Federalismo,0.893
Sergio Massa,Ucr,0.893
Instagram,Luis Majul,0.893
Literatura,Paco Ignacio Taibo Ii,0.893
Ba,Depresión,0.893
Pandora Papers,Periodismo,0.893
Axel Kicillof,Progresismo,0.893
Axel Kicillof,Comunicación Política,0.893
$Libra,Libertarios,0.893
Juntos Por El Cambio,Martín Guzmán,0.893
Día Del Padre,La Perla,0.893
Día Del Padre,Familiares,0.893
Internacional,Nicaragua,0.893
Anticomunismo,El Salvador,0.893
Neoliberalismo,Política,0.893
Campo,Derechas,0.893
8M,Cupo Laboral Trans,0.893
Federalismo,Retenciones,0.893
Milei,Provincias,0.893
Ley Bases,Un Año De Milei,0.893
G20,Patricia Bullrich,0.892
América Latina,Litio,0.892
Cordobesismo,Perfil Político,0.892
Abuso Sexual,Libertad De Expresión,0.892
Masculinidades,Pablo Lautra,0.892
Denuncias,Masculinidades,0.892
Claudia Sheinbaum,Elecciones,0.892
Ley Ómnibus,Milei,0.892
Día Internacional De La Eliminación De La Violencia Contra Las Mujeres,Tango,0.892
Anticomunismo,Discurso,0.892
Chile,Gabriela Mistral,0.892
2001 | Unsam,Ecuador,0.892
Colombia,Democracia,0.892
Arteba,Clases Medias,0.892
Disidencias Sexuales,Lenguaje Inclusivo,0.892
Claudia Sheinbaum,Perfil Político,0.892
Falsas Denuncias,Masculinidades,0.892
Cfk,María Eugenia Vidal,0.892
2001,Política,0.892
Alemania,Frente De Izquierda,0.892
Masculinidades,Varones Unidos,0.892
Congreso,Criptogate,0.892
Cuidados,Lgbtiq+,0.892
Convención Constituyente,Proceso Constituyente,0.892
Mediáticos,Reality,0.892
Bolivia,Escuela De Política Y Gobierno,0.892
Causa Andis,Unión Por La Patria,0.892
Financiamiento Narco,Unión Por La Patria,0.892
Elecciones Legislativas 2021,Kirchnerismo,0.892
Lunes Negro,Política Exterior,0.892
Sergio Massa,Victoria Villarruel,0.892
Alimentación,Democracia,0.892
Manuel Adorni,Pro,0.892
Escuela De Política Y Gobierno,Perfil Político,0.892
Caba,Peronismo,0.892
Fallo Contra Cfk,Libertarios,0.892
Libertad,Victoria Villarruel,0.892
Basta Chicos,Reality,0.892
Adorni,Axel Kicillof,0.892
A 20 Años Del 2001,El Salvador,0.892
#Niunamenos,Orgullo,0.892
Randazzo,Sergio Massa,0.892
Doble Femicidio,Masculinidades,0.892
Bruno Stagnaro,Zapping Cultural,0.891
Game Of Thrones,Pedro Almodóvar,0.891
8M: Paro Internacional Y Plurinacional De Mujeres Y Disidencias,Masculinidades,0.891
Corrupción,Fallo Contra Cfk,0.891
Moria Casán,Murakami,0.891
Alemania,Peronismo,0.891
Pacto De Mayo,Victoria Villarruel,0.891
Mitos Impuestos,Sistema Bancario,0.891
Alemania,Feminismo Negro,0.891
Ley Bases,Peronismo,0.891
Izquierdas,Perfil Político,0.891
Universidad Pública,Violencia Escolar,0.891
Identidad De Género,Juventudes,0.891
Boca Juniors,Messi,0.891
Crimen De Odio,Violencias,0.891
A 20 Años Del Estallido,Interseccionalidad,0.891
Amor,Moria Casán,0.891
A 20 Años Del Estallido,Feminismo Negro,0.891
Angela Merkel,El Salvador,0.891
Desigualdad,Ley Bases,0.891
Dillom,Fundamentalistas Del Aire Acondicionado,0.891
Memoria Trans,Menopausia,0.891
Martín Guzmán,Progresismo,0.891
Censo,Juventudes,0.891
Criptogate,Pacto De Mayo,0.891
Culturahype,Tucumán,0.891
Amor,Euphoria,0.891
El Eternauta,Zapping Cultural,0.891
Criptogate,Llaryora,0.891
Juan Grabois,Leandro Santoro,0.891
Fernanda Miño,San Martín,0.891
Ciudad Futura,Libertarios,0.891
3J,Orgullo,0.891
Cordobesismo,Gobernadores,0.891
Ecuador,Elites,0.891
Bahía Blanca,Incendios Forestales,0.891
Hipersticion,Tucumán,0.891
Fallo Contra Cfk,Ley Bases,0.891
Lavagna,Marxismo,0.891
Crisis Climática,Vaca Muerta,0.891
Cultura,Rosariocronica,0.891
Leandro Santoro,Libertad,0.891
Autismo,Periodismo Narrativo,0.891
Donald Trump,Hegemonía,0.891
Frente De Todos,Política,0.891
Fundamentalistas Del Aire Acondicionado,Horrorcore,0.891
24M: Día De La Memoria Por La Verdad Y La Justicia,Justicia,0.891
Elites,Francia Márquez,0.891
Bahía Blanca,Cosas Que Funcionan,0.891
Corrupción,Milei,0.891
Adorni,Leandro Santoro,0.891
Frente De Izquierda,Juntos Por El Cambio,0.891
Fuerzas De Seguridad,Narcotráfico,0.891
Arte,Futuro Imperfecto,0.891
Elites,Frente De Todos,0.891
Llaryora,Victoria Villarruel,0.891
Dillom,Redonditos De Ricota,0.891
Discapacidad,Unsam,0.891
Kirchnerismo,Nancy Fraser,0.891
$Libra,Tucumán,0.891
Horrorcore,Redonditos De Ricota,0.891
House Of The Dragon,Pedro Almodóvar,0.891
Anticomunismo,Gustavo Petro,0.891
Ecuador,Escuela Idaes,0.891
Ciudad Futura,Leandro Santoro,0.891
Bahía Blanca,Patagonia,0.891
Axel Kicillof,Lavagna,0.891
Amor,Zendaya,0.891
Alemania,Interseccionalidad,0.891
Neoliberalismo,Unsam,0.89
Alemania,Nicolas Maduro,0.89
Antisemitismo,Medio Oriente,0.89
Comunicación Política,La Libertad Avanza,0.89
Cambio Climático,Crisis Climática,0.89
Evo Morales,Francia Márquez,0.89
Qatar 2022,Tenis,0.89
Lavagna,Progresismo,0.89
Juntos Por El Cambio,Nancy Fraser,0.89
Axel Kicillof,Corrupción,0.89
Chile,Sebastián Piñera,0.89
Campo De Mayo,Imprenteros,0.89
Campo De Mayo,Escrituras Autobiográficas,0.89
Claudia Sheinbaum,Elites,0.89
Anticomunismo,Ley Bases,0.89
America Latina,Elecciones,0.89
Día Internacional De La Eliminación De La Violencia Contra Las Mujeres,Femicidios,0.89
Leandro Santoro,Victoria Villarruel,0.89
Leda-Unsam,Movimientos Sociales,0.89
Movilización,Peronismo,0.89
Hipersticion,La Libertad Avanza,0.89
Internacional,Racismo,0.89
Elecciones 2023,Kirchnerismo,0.89
Corrupción,Discurso,0.89
Gabriel García Márquez,Libros,0.89
Breaking Bad,Hbo,0.89
America Latina,Angela Merkel,0.89
Cuidados,Memoria Trans,0.89
Fondos Buitre,Glosario De La Crisis,0.89
Paro General,Provincias,0.89
Giorgia Meloni,Italia,0.89
Culturahype,La Libertad Avanza,0.89
Ecuador,Escuela De Política Y Gobierno,0.89
Corrupción,Presupuesto 2025,0.89
Corrupción,Populismo,0.89
Ambiente,Patagonia,0.89
Libros,Patrimonio Cultural,0.89
Ambiente,Ley De Glaciares,0.89
Marxismo,Silvina Batakis,0.89
Arte Ciencia Y Tecnoceno,Crisiis Climática,0.89
Ecuador,María Eugenia Vidal,0.89
Disidencias Sexuales,Géneros,0.89
Elites,Escuela Idaes,0.89
Democracia,Nancy Fraser,0.89
Congreso,Política Exterior,0.89
Feminismos,Triple Femicidio,0.89
Elecciones Legislativas 2021,La Libertad Avanza,0.89
Congreso,Tucumán,0.89
Memoria,Periodismo Narrativo,0.89
Democracia,Escuela Idaes,0.89
Covid-19,Pep,0.89
Adorni,Milei,0.89
El Salvador,Perfil Político,0.89
Anses,Neoliberalismo,0.89
Covid-19,Varones Gay,0.89
Escuela De Política Y Gobierno,Marxismo,0.89
Amor,Hbo,0.89
Covid-19,Prep,0.89
Ambiente,Ba,0.89
Martín Guzmán,Precios,0.89
Anticomunismo,Pro,0.89
Di María,Mundial 2026,0.89
Better Call Saul,Hbo,0.89
Frente De Todos,Juan Grabois,0.89
El País,O Sea Digamos,0.89
Cecilia Vicuña,La Columna De Zambra,0.89
Energía Nuclear,Recursos Naturales,0.89
Antipolítica,Giorgia Meloni,0.89
Antipolítica,Marcos Peña,0.89
Comunicación Política,Peronismo,0.89
Lentitud,Rosalía,0.89
Cristina Fernández De Kirchner,Unión Por La Patria,0.889
3J,Cupo Laboral Trans,0.889
Javier Milei,Progresismo,0.889
A 20 Años Del 2001,Claudia Sheinbaum,0.889
Frente De Todos,La Libertad Avanza,0.889
El Salvador,Honduras,0.889
Casa Rosada,Panama Papers,0.889
Angela Merkel,Lavagna,0.889
A 20 Años Del 2001,Perfil Político,0.889
Federalismo,Marcos Peña,0.889
Financiamiento Narco,O Sea Digamos,0.889
Elecciones,Nicaragua,0.889
Elites,Piñera,0.889
8M,Vínculos,0.889
Chile Convención Constituyente Internacional,Sebastián Piñera,0.889
Cristina Fernández De Kirchner,Lavagna,0.889
Movimientos Sociales,Neoliberalismo,0.889
Provincias,Retenciones,0.889
Narcotráfico,Violencias,0.889
Lgbtiq+,Punitivismo,0.889
Adorni,Criptogate,0.889
Francia Márquez,Martín Guzmán,0.889
Juan Grabois,Ley Ómnibus,0.889
Fascismo,Liberalismo,0.889
Libros,Naturaleza,0.889
Fuerzas De Seguridad,Protesta Social,0.889
Gobernadores,Karina Milei,0.889
Congreso,Cristina Fernández De Kirchner,0.889
Cfk,Giorgia Meloni,0.889
El Salvador,Xiomara Castro,0.889
Arteba,Ilustraciones,0.889
Causa Andis,O Sea Digamos,0.889
Alimentación,Desigualdad,0.889
Daniel Ortega,Elecciones,0.889
Alemania,Ecuador,0.889
Cárceles,Universidad Pública,0.889
Libertad De Expresión,Violencia De Género,0.889
Campo,Provincias,0.889
Justicia,Nahir Galarza,0.889
Internacional,Perfil Político,0.889
Amazon Prime,Amor,0.889
3J,Encuesta De Qué Viven,0.889
Elecciones 2023,Victoria Villarruel,0.889
Ley Omnibus,Lunes Negro,0.889
Claudia Sheinbaum,Elecciones Legislativas 2021,0.889
Nacionalismo,Sergio Massa,0.889
Agronegocios,Provincias,0.889
Elites,Ley Bases,0.889
Impuesto A Las Grandes Riquezas,Regresividad Impositiva,0.889
Federalismo,Frente De Todos,0.889
Gustavo Petro,Randazzo,0.889
América Latina,Jujuy,0.888
Gabrielboric,Perfil Político,0.888
Irinakaramanos,Perfil Político,0.888
Comedores Comunitarios,Provincias,0.888
Higui,Varones Unidos,0.888
Causa Andis,Criptogate,0.888
Higui,Pablo Lautra,0.888
Comunicación Política,Elecciones Legislativas 2021,0.888
Performance,Teatro,0.888
El Salvador,Escuela De Política Y Gobierno,0.888
Javier Milei,Jorge Macri,0.888
Caba,Perfil Político,0.888
Cuba,Mexico,0.888
Glosario De La Crisis,Inflación,0.888
Manuel Adorni,Sergio Massa,0.888
Derechos Humanos,Migración,0.888
Corte Suprema,Ice,0.888
Sex And The City,Shakespeare,0.888
Cop26,Vaca Muerta,0.888
Violencia,Violencias,0.888
Federalismo,Tucumán,0.888
Trump,Violencia Cívica,0.888
Apropiación Cultural,Conurbano,0.888
Feminismo Negro,Izquierdas,0.888
Interseccionalidad,Izquierdas,0.888
Cristina Fernández De Kirchner,Escuela De Política Y Gobierno,0.888
Ciudad Futura,Frente De Izquierda,0.888
Doble Femicidio,Higui,0.888
Arteba,Artes,0.888
Elecciones,Fallo Contra Cfk,0.888
Ciudad Futura,Discurso,0.888
24M: Día De La Memoria Por La Verdad Y La Justicia,Femicidio,0.888
Adorni,El País,0.888
Amistad,Shakespeare,0.888
Fascismo,Honduras,0.888
Corrupción,Tucumán,0.888
Fascismo,Hegemonía,0.888
Falsas Denuncias,Higui,0.888
Kirchnerismo,Patricia Bullrich,0.888
Francia Márquez,Marxismo,0.888
Giorgia Meloni,Paso,0.888
Dólar,Silvina Batakis,0.888
Jorge Macri,Ley Ómnibus,0.888
Alemania,Antipolítica,0.888
Juan Grabois,Progresismo,0.888
Adorni,Tucumán,0.888
Alemania,America Latina,0.888
Criptogate,Financiamiento Narco,0.888
La Cámpora,Mario Wainfeld,0.888
Criptogate,El País,0.888
Denuncias,Higui,0.888
Cfk,Randazzo,0.888
Clarín,Poder Judicial,0.888
Donald Trump,Nicolas Maduro,0.888
Hipersticion,Manuel Adorni,0.888
Fascismo,Xiomara Castro,0.888
Paro General,Un Año De Milei,0.888
Feminismos,Menopausia,0.888
Karina Milei,Ley Omnibus,0.888
Ecología,Incendios Forestales,0.888
Culturahype,Manuel Adorni,0.888
Pobreza,Violencia,0.888
A 20 Años Del Estallido,Leda-Unsam,0.887
Luis Alberto Spinetta,Trap,0.887
Fallo Contra Cfk,Pro,0.887
La Libertad Avanza,Marcos Peña,0.887
Imaginarios,Tecnologías,0.887
Imaginarios,Pensamiento Crítico,0.887
America Latina,Francia Márquez,0.887
Ice,Juicios De Lesa Humanidad,0.887
Identidad De Género,Tecnología,0.887
El Salvador,Elecciones 2023,0.887
Causa Andis,Javier Milei,0.887
Financiamiento Narco,Javier Milei,0.887
Discurso,Jorge Macri,0.887
Jorge Macri,O Sea Digamos,0.887
House Of The Dragon,Murakami,0.887
Julia Mengolini,Progresismo,0.887
Democracia,Elecciones,0.887
Anticomunismo,Comunicación Política,0.887
Afjp,Comedores Comunitarios,0.887
Comedores Comunitarios,Gobierno,0.887
Barbie,Pedro Almodóvar,0.887
Agronegocios,Elites,0.887
Arteba,Futuro Imperfecto,0.887
Dictadura,Nietos,0.887
Discursos Odio,Progresismo,0.887
Fake News,Progresismo,0.887
Censo,Tecnología,0.887
Elecciones Legislativas 2021,Patricia Bullrich,0.887
Jorge Macri,Perfil Político,0.887
Derechas,Política Exterior,0.887
Culturahype,Ley Ómnibus,0.887
Abuso Sexual,Géneros,0.887
Elites,Retenciones,0.887
Fascismo,Venezuela,0.887
Corrupción,Jorge Macri,0.887
Indio Solari,Parakultural,0.887
Hipersticion,Ley Ómnibus,0.887
Arte Y Política,Indio Solari,0.887
Inteligencia Artificial,Tecnologías,0.887
Amazon Prime,Netflix,0.887
Ambiente,Cosas Que Funcionan,0.887
Campo,Elites,0.887
Game Of Thrones,Murakami,0.887
Panama Papers,Periodismo,0.887
Astrología,Nazismo,0.887
Discursos De Odio,Unsam,0.887
Antisemitismo,Israel,0.887
Alemania,María Eugenia Vidal,0.887
Futuridades,Tecnologías,0.887
Futuridades,Pensamiento Crítico,0.887
Estallido En Chile,La Conversa,0.887
#Anfibia10Años,Libros,0.887
Ley Bases,Progresismo,0.886
A 20 Años Del Estallido,Frente De Izquierda,0.886
Pacto De Mayo,Tucumán,0.886
Plebiscito De Salida,Sebastián Piñera,0.886
Feminismos,Terf,0.886
Adorni,Juan Grabois,0.886
Afjp,Ley Bases,0.886
Elecciones 2023,Escuela De Política Y Gobierno,0.886
Abuso Sexual,Feminismos,0.886
Feminismos,Furia Travesti,0.886
A 20 Años Del Estallido,Neoliberalismo,0.886
Paro General,Unión Por La Patria,0.886
Discursos Odio,Redes Sociales,0.886
Discurso,Ley Omnibus,0.886
Alberto Fernández,Bukele,0.886
Folklore,Lentitud,0.886
Agua,Incendios,0.886
Economía,Neoliberalismo,0.886
2001,Rosariocronica,0.886
Julia Mengolini,Redes Sociales,0.886
2001 | Unsam,Crueldad,0.886
Colombia,Perfil Político,0.886
Llaryora,Tucumán,0.886
Angela Merkel,Cristina Fernández De Kirchner,0.886
Crisis,Guerra De Aranceles,0.886
América Latina,Guyana,0.886
Hegemonía,Progresismo,0.886
Gobernadores,Liberalismo,0.886
Culturahype,Paro General,0.886
Cuba,Invasión,0.886
Hipersticion,Paro General,0.886
Higui,Triple Femicidio,0.886
Cristina Fernández De Kirchner,O Sea Digamos,0.886
Encuentro Anfibio,Feria Del Libro,0.886
Derechas,Escuela De Política Y Gobierno,0.886
Ni Una Menos,Shakespeare,0.886
Derecho A La Desconexión,Derechos,0.886
Democracia,Movimientos Sociales,0.886
Desigualdad,Discapacidad,0.886
Alemania,Marxismo,0.886
Alfabetismos Aumentados,Derechos,0.886
Nietos,Periodismo Narrativo,0.886
Alberto Fernández,Santa Fe,0.886
Ciudad Futura,Un Año De Milei,0.886
Chat Gpt,Iag,0.886
Axel Kicillof,Lunes Negro,0.886
Cine,Steven Spielberg,0.886
Batalla Cultural,Derechas,0.886
Cfk,Fallo Contra Cfk,0.886
Fake News,Redes Sociales,0.886
La Columna De Zambra,Pizarnik,0.886
La Libertad Avanza,Paro General,0.886
24M: Día De La Memoria Por La Verdad Y La Justicia,Patriarcado,0.886
Roberto Jacoby,Rock Nacional,0.886
Cancelación,Feminismos,0.886
Cordobesismo,Izquierdas,0.886
María Eugenia Vidal,Paso,0.886
Anticomunismo,Fascismo,0.886
Indio Solari,Música,0.886
Marxismo,Perfil Político,0.886
Internacional,Piñera,0.886
Cordobesismo,Kirchnerismo,0.886
Estallido,Seguridad,0.885
Premios Oscar,Steven Spielberg,0.885
Ecuador,Nicaragua,0.885
Patricia Bullrich,Randazzo,0.885
Estado Laico,Evangélicos,0.885
8M: Paro Internacional Y Plurinacional De Mujeres Y Disidencias,Abuso Sexual,0.885
8M: Paro Internacional Y Plurinacional De Mujeres Y Disidencias,Encuesta De Qué Viven,0.885
Elecciones Legislativas 2021,Gobernadores,0.885
Populismo,Pro,0.885
El País,Libertad,0.885
#Viajosola,Patriarcado,0.885
Elecciones,Unión Por La Patria,0.885
8M,Orgullo,0.885
Boric,Proceso Constituyente,0.885
Cfk,Perfil Político,0.885
Kirchnerismo,Ley Bases,0.885
Cfk,Juntos Por El Cambio,0.885
Justicia,Patriarcado,0.885
Atentado A Cristina,Fuerzas De Seguridad,0.885
Artlab,Fito Páez,0.885
Protesta Social,Seguridad,0.885
Comunicación Política,Javier Milei,0.885
Marcos Peña,Nicaragua,0.885
Politica Exterior,Política Exterior,0.885
Presupuesto 2025,Pro,0.885
Géneros,Lgbtiq+,0.885
Amor,Pakapaka,0.885
Gobierno,Ley Bases,0.885
Daniel Ortega,Ecuador,0.885
A 20 Años Del 2001,Gustavo Petro,0.885
Mauricio Macri,Patricia Bullrich,0.885
Crimen,Terrorismo De Estado,0.885
Mercado Libre,Reforma Laboral,0.885
Racismo,Racismo En Argentina,0.885
America Latina,Comunicación Política,0.885
Alimentación,Política,0.885
Neoliberalismo,Silvina Batakis,0.885
Gastronomía,Palermo,0.885
Derechas,Jorge Macri,0.885
Futuro Imperfecto,Movimiento,0.885
Futuro Imperfecto,Posguerra,0.885
Futuro Imperfecto,Melisa Zulberti,0.885
Frente De Todos,Patricia Bullrich,0.885
Alejandro Sabella,Mundial 2026,0.885
Orgullo,Shakespeare,0.885
A 20 Años Del 2001,Cordobesismo,0.885
A 20 Años Del 2001,Cristina Fernández De Kirchner,0.885
Convención Constituyente,Estallido En Chile,0.885
Fallo Contra Cfk,Jorge Macri,0.885
Danza,Futuro Imperfecto,0.885
Escuela De Arte Y Patrimonio,Vih/Sida,0.885
Grupo Clarín,Redes Sociales,0.885
Daniel Ortega,Marcos Peña,0.885
Anticomunismo,Interseccionalidad,0.885
Anticomunismo,Feminismo Negro,0.885
Selección Argentina,Tenis,0.885
Constitución,Evangélicos,0.885
8M: Paro Internacional Y Plurinacional De Mujeres Y Disidencias,Cupo Laboral Trans,0.885
Juntos Por El Cambio,Libertarios,0.885
Masculinidades,Shakespeare,0.885
María Eugenia Vidal,Patricia Bullrich,0.885
Elites,Unsam,0.884
Disidencias Sexuales,Día Internacional De La Eliminación De La Violencia Contra Las Mujeres,0.884
Elecciones Legislativas 2021,Jorge Macri,0.884
A 20 Años Del Estallido,Perfil Político,0.884
Adorni,Causa Andis,0.884
Adorni,Financiamiento Narco,0.884
Afjp,Un Año De Milei,0.884
Elecciones 2023,Nacionalismo,0.884
Elecciones 2023,Nancy Fraser,0.884
#Viajosola,Femicidio,0.884
Dictadura,Lgbt,0.884
Fuerzas De Seguridad,Violencia Institucional,0.884
Elites,Nicaragua,0.884
Alberto Fernández,Provincias,0.884
Nahir Galarza,Ni Una Menos,0.884
Gobernadores,O Sea Digamos,0.884
Industria Textil,Reforma Laboral,0.884
Corrupción,Leandro Santoro,0.884
Criptogate,Discurso,0.884
Crisis,Movimientos Sociales,0.884
Cristina Fernández De Kirchner,Javier Milei,0.884
Daniel Ortega,Escuela De Política Y Gobierno,0.884
Amor,Globos De Oro,0.884
Hidrógeno Verde,Vaca Muerta,0.884
Daniel Ortega,Elites,0.884
Gobernadores,María Eugenia Vidal,0.884
Ni Una Menos,Orgullo,0.884
Gabriel Boric,Proceso Constituyente,0.884
Derechas,Ley Ómnibus,0.884
Derecha,Paraguay,0.884
Internacional,Perú,0.884
Anticomunismo,Movimientos Sociales,0.884
Escuela De Política Y Gobierno,Nicaragua,0.884
Asociación Del Fútbol Argentino,Mundial 2026,0.884
Antipolítica,Cristina Fernández De Kirchner,0.884
Anticomunismo,Ucr,0.884
Juntos Por El Cambio,Libertad,0.884
Charly García,Rosalía,0.884
Axel Kicillof,Victoria Villarruel,0.884
Axel Kicillof,Perfil Político,0.884
Estado,Industria Textil,0.884
Boca Juniors,Di María,0.884
Cepo,Reforma Laboral,0.884
Cepo,Estado,0.884
Bolivia,El Salvador,0.884
Lgbtiq+,Masculinidades,0.884
Bosque,Filba,0.884
Botánica,Feria Del Libro,0.884
Violencia,Violencia Policial,0.883
#Viajosola,Femicidios,0.883
$Libra,Corrupción,0.883
24M: Día De La Memoria Por La Verdad Y La Justicia,Narco,0.883
Giorgia Meloni,Gobernadores,0.883
Derechas,Fascismo,0.883
Derechas,Kirchnerismo,0.883
Deudas,Silvina Batakis,0.883
Agronegocios,Neoliberalismo,0.883
Discapacidad,Movimientos Sociales,0.883
Deudas,Economía,0.883
Crueldad,Frente De Todos,0.883
Gustavo Petro,Perú,0.883
A 20 Años Del 2001,Nancy Fraser,0.883
A 20 Años Del 2001,Santa Fe,0.883
8M: Paro Internacional Y Plurinacional De Mujeres Y Disidencias,Encuentro Plurinacional De Mujeres,0.883
Escuela De Política Y Gobierno,Frente De Izquierda,0.883
Agronegocios,El Salvador,0.883
Piñera,Sebastián Piñera,0.883
Interseccionalidad,Leda-Unsam,0.883
Interseccionalidad,Perfil Político,0.883
Cop26,Energía,0.883
Campo,El Salvador,0.883
Nicolas Maduro,Partido Republicano,0.883
La Libertad Avanza,Perfil Político,0.883
Campo De Mayo,Murakami,0.883
Campo,Neoliberalismo,0.883
Leandro Santoro,Un Año De Milei,0.883
Kirchnerismo,Santa Fe,0.883
Cfk,Nicaragua,0.883
Cfk,Daniel Ortega,0.883
Ciudad Futura,Comunicación Política,0.883
Cfk,Patricia Bullrich,0.883
Frente De Izquierda,Perfil Político,0.883
Ciudad Futura,Sin Control 2,0.883
Marxismo,Randazzo,0.883
Feminismo Negro,Perfil Político,0.883
Tango,Vínculos,0.883
Angela Merkel,Venezuela,0.883
Bosque,Ficción,0.883
Libertarios,Pacto De Mayo,0.883
Libertarios,Llaryora,0.883
El Salvador,Ley Bases,0.883
El Salvador,Retenciones,0.883
Ficción,La Columna De Zambra,0.883
El Salvador,Progresismo,0.883
Memoria Trans,Shakespeare,0.883
Feminismo Negro,Leda-Unsam,0.883
Neoliberalismo,Retenciones,0.883
Ley Omnibus,Unión Por La Patria,0.883
Elites,Progresismo,0.883
Narcotráfico,Rosario,0.883
Lenguaje Inclusivo,Ni Una Menos,0.883
Nancy Fraser,Política,0.883
Colombia,Jujuy,0.883
Claudia Sheinbaum,Piñera,0.883
Agua,Depresión,0.883
Comedores Comunitarios,Elecciones Legislativas 2021,0.883
Impuesto A Las Grandes Riquezas,Precios,0.882
Izquierdas,Paso,0.882
Energía,Vaca Muerta,0.882
Estallido,Venezuela,0.882
Desigualdad,Movimientos Sociales,0.882
Derechas,Victoria Villarruel,0.882
Gabriel Boric,Plebiscito De Salida,0.882
Cristina Fernández De Kirchner,Libertad,0.882
Cristina Fernández De Kirchner,Paso,0.882
Deuda,Fondos Buitre,0.882
Desigualdad,Visibilidad Lésbica,0.882
Desigualdad,Homofobia,0.882
#Anfibia10Años,Teatro,0.882
Sindicalismo,Trabajo,0.882
Mauricio Macri,Randazzo,0.882
Asociación Del Fútbol Argentino,Diego Maradona,0.882
Feria Del Libro,Luis Majul,0.882
Democracia,Fake News,0.882
Anticomunismo,Jorge Macri,0.882
Amistad,Pedro Almodóvar,0.882
Bolivia,Izquierdas,0.882
Feria Del Libro,Tiktok,0.882
Boric,Estallido En Chile,0.882
Muerte,Salud,0.882
Movimientos Sociales,Trenes Argentinos,0.882
Ferrocarriles,Movimientos Sociales,0.882
Ba,Canal De Panamá,0.882
Ficción,Gabriel García Márquez,0.882
Ba,Beca Crónica,0.882
Ficción,Patrimonio Cultural,0.882
Ba,Resistencia,0.882
Movimientos Sociales,Trenes,0.882
Federalismo,Perfil Político,0.882
Fotoperiodismo,Masacre De Avellaneda,0.882
Fotoperiodismo,Movimiento Piquetero,0.882
Elecciones 2023,Milei,0.882
Leandro Santoro,Marcos Peña,0.882
Cine Argentino,Pedro Almodóvar,0.882
Kirchnerismo,Liberalismo,0.882
Elites,Gustavo Petro,0.882
Criptomonedas,Discursos De Odio,0.882
Di María,Tenis,0.882
Izquierdas,Nicolas Maduro,0.882
Comunicación Política,Marcos Peña,0.882
Pedro Almodóvar,Sex And The City,0.882
Hbo,The Last Of Us,0.882
Hbo,Pedro Pascal,0.882
Protesta Social,Represión,0.882
Derechas,Nacionalismo,0.882
Brics,Nicolás Maduro,0.882
Brics,Estados Unidos,0.882
Ley Bases,Política,0.882
Ba,Desplazados,0.882
Anticomunismo,Leandro Santoro,0.882
Democracia,Discursos Odio,0.882
Glosario De La Crisis,Sistema Bancario,0.882
Democracia,Julia Mengolini,0.882
Jorge Macri,María Eugenia Vidal,0.882
Discurso,Política Exterior,0.882
Comedores Comunitarios,Democracia,0.882
Comedores Comunitarios,Desigualdad,0.882
Claudia Sheinbaum,Peronismo,0.882
Derechas,Interseccionalidad,0.881
Gustavo Petro,Juntos Por El Cambio,0.881
Galpon Face,Mutek,0.881
8M,Triple Femicidio,0.881
8M,Memoria Trans,0.881
Reality,Redes Sociales,0.881
Recursos Naturales,Transición Energética,0.881
Hidrógeno Verde,Ola Polar,0.881
#Niunamenos,Feminismos Afro,0.881
#Niunamenos,Bell Hooks,0.881
Derechas,Feminismo Negro,0.881
Gabriel Boric,Sebastián Piñera,0.881
Progresismo,Randazzo,0.881
A 20 Años Del 2001,Política,0.881
Hidrógeno Verde,Ypf,0.881
Discapacidad,Neoliberalismo,0.881
Javier Milei,Perfil Político,0.881
Izquierdas,Santa Fe,0.881
Escuela De Política Y Gobierno,Lavagna,0.881
Agronegocios,Ley Bases,0.881
G20,Nicolas Maduro,0.881
Crisis,Unsam,0.881
Copia,Mutek,0.881
Corrupción,Lunes Negro,0.881
Crisis,Escuela Idaes,0.881
Derechas,Leda-Unsam,0.881
Gabriel Boric,Nueva Constitución,0.881
Amazon Prime,Globos De Oro,0.881
Campo De Mayo,Globos De Oro,0.881
Campo,Ley Bases,0.881
Cambio Climático,Cop26,0.881
Cine,Pedro Almodóvar,0.881
Juventudes,Unsam,0.881
Claudia Sheinbaum,Feminismo Negro,0.881
Claudia Sheinbaum,Interseccionalidad,0.881
Ahoraen,Grupo Clarín,0.881
Juegos Olímpicos Paris 2024,Juventudes,0.881
Juan Grabois,Ley Bases,0.881
Falsas Denuncias,Nahir Galarza,0.881
Alberto Fernández,Política,0.881
Doble Femicidio,Nahir Galarza,0.881
Día Internacional De La Eliminación De La Violencia Contra Las Mujeres,Orgullo,0.881
Casa Rosada,Festival Anfibio,0.881
Kirchnerismo,Randazzo,0.881
La Columna De Zambra,Literatura,0.881
Causa Andis,Ley Omnibus,0.881
Economía,Wall Street,0.881
Breaking Bad,House Of The Dragon,0.881
Breaking Bad,Game Of Thrones,0.881
Ley Ómnibus,Liberalismo,0.881
El País,Un Año De Milei,0.881
Ley Bases,Retenciones,0.881
Nahir Galarza,Varones Unidos,0.881
América Latina,Desigualdad,0.881
Amplify,Copia,0.881
Nahir Galarza,Pablo Lautra,0.881
Liberalismo,Patricia Bullrich,0.881
Liberalismo,Milei,0.881
Financiamiento Narco,Ley Omnibus,0.881
Ba,Sequía,0.881
Better Call Saul,House Of The Dragon,0.881
Better Call Saul,Game Of Thrones,0.881
Ba,Monterrey,0.881
Elecciones Legislativas 2021,Federalismo,0.881
Amplify,Galpon Face,0.881
Anticomunismo,Randazzo,0.881
María Eugenia Vidal,Política,0.881
Asociación Del Fútbol Argentino,Fútbol Femenino,0.881
Ba,Instituto Llilas,0.881
Artesdigitales,Copia,0.881
Artesdigitales,Galpon Face,0.881
Elecciones 2023,Lunes Negro,0.881
Memoria Trans,Punitivismo,0.881
Masculinidades,Vínculos,0.881
Gobernadores,Lavagna,0.881
$Libra,Ley Ómnibus,0.881
Denuncias,Nahir Galarza,0.881
$Libra,Manuel Adorni,0.881
Tango,Testimonios,0.881
Scaloneta,Tenis,0.88
3J,Memoria Trans,0.88
A 20 Años Del Estallido,Elites,0.88
Democracia,Feminismo Negro,0.88
Teatro,Testosterona,0.88
Feminismo Negro,Unsam,0.88
Estallido En Chile,Rechazo,0.88
2001,Democracia,0.88
Nancy Fraser,Silvina Batakis,0.88
Causa Andis,Manuel Adorni,0.88
Crueldad,Elecciones 2023,0.88
Escuela De Política Y Gobierno,Sergio Massa,0.88
Derechas,Gobernadores,0.88
Hbo,Tecnologías De Género,0.88
Arte,Mutek,0.88
Afectos,Cancelación,0.88
Afectos,Furia Travesti,0.88
Afectos,Terf,0.88
8M: Paro Internacional Y Plurinacional De Mujeres Y Disidencias,Menopausia,0.88
Manuel Adorni,Presupuesto 2025,0.88
Manuel Adorni,Populismo,0.88
Arte,Artesdigitales,0.88
A 20 Años Del Estallido,Peronismo,0.88
Derechas,Patricia Bullrich,0.88
Agronegocios,Nacionalismo,0.88
El Salvador,Piñera,0.88
Paso,Randazzo,0.88
Comedores Comunitarios,Cristina Fernández De Kirchner,0.88
Comedores Comunitarios,Neoliberalismo,0.88
Comunicación Política,Cristina Fernández De Kirchner,0.88
Discursos De Odio,Julia Mengolini,0.88
Alberto Fernández,Fallo Contra Cfk,0.88
Interseccionalidad,Unsam,0.88
Convención Constituyente,Sebastián Piñera,0.88
Inteligencia Artificial,Tecnoceno,0.88
Amplify,Arte,0.88
Femicidios,Violencia De Género,0.88
Mexico,Trump,0.88
El Salvador,Martín Guzmán,0.88
Colombia,Política,0.88
Axel Kicillof,Marxismo,0.88
Federalismo,Progresismo,0.88
Campo,Nacionalismo,0.88
Caba,Santa Fe,0.88
Lavagna,Santa Fe,0.88
Estallido En Chile,Partidos Políticos,0.88
Cupo Laboral Trans,Violencia De Género,0.88
Democracia,Interseccionalidad,0.88
Democracia,Marxismo,0.88
Euphoria,Pakapaka,0.88
Córdoba,Ecología,0.88
Ley Bases,Provincias,0.88
Elites,Venezuela,0.88
Justicia,Poder Judicial,0.88
Elecciones Legislativas 2021,Silvina Batakis,0.88
Discursos De Odio,Discursos Odio,0.88
Discursos De Odio,Fake News,0.88
Ciudad Futura,Santa Fe,0.88
Alejandro Zambra,Caparros,0.88
Fascismo,Progresismo,0.88
Financiamiento Narco,Manuel Adorni,0.88
Energía,Hidrógeno Verde,0.88
Paro General,Sindicalismo,0.88
Encuesta De Qué Viven,Violencia De Género,0.88
Claudia Sheinbaum,Progresismo,0.88
Juan Grabois,Patricia Bullrich,0.88
Nacionalismo,Retenciones,0.88
Murakami,Series,0.88
Pakapaka,Zendaya,0.88
Ahoraen,Reality,0.88
Alimentación,Escuela Idaes,0.88
Alemania,Partido Republicano,0.88
Caparros,Feria Del Libro,0.88
Transición Energética,Ypf,0.879
Cuidados,Identidades No Binarias,0.879
3J,Punitivismo,0.879
#Blacklivesmatter,Drogas,0.879
Comunicación Política,Juntos Por El Cambio,0.879
Crisis Climática,Ypf,0.879
Crisis Climática,Ola Polar,0.879
Artes,Mutek,0.879
Artes,Artesdigitales,0.879
Desigualdad,Ecuador,0.879
Crimen,Rugbiers,0.879
Abuelas De Plaza De Mayo,Dictadura,0.879
Elecciones 2023,Movimientos Sociales,0.879
Géneros,Higui,0.879
Posguerra,Vih/Sida,0.879
Femicidios,Violencias,0.879
Guyana,Venezuela,0.879
Melisa Zulberti,Vih/Sida,0.879
Elecciones 2023,Izquierdas,0.879
Democracia,Frente De Todos,0.879
Cuidados,Orgullo,0.879
Progresismo,Un Año De Milei,0.879
Adorni,Hipersticion,0.879
Anticomunismo,Crueldad,0.879
Antipolítica,Juntos Por El Cambio,0.879
Desarrollo,Energía Atómica,0.879
Italia,Juan Román Riquelme,0.879
Adorni,Culturahype,0.879
Política,Wado De Pedro,0.879
Discurso,Juntos Por El Cambio,0.879
Amplify,Artes,0.879
Lionel Messi,Pelé,0.879
Alberto Fernández,La Libertad Avanza,0.879
Ola Polar,Transición Energética,0.879
Ciudad Futura,María Eugenia Vidal,0.879
Ciudad Futura,O Sea Digamos,0.879
Alberto Fernández,Democracia,0.879
Agua,Inundación,0.879
Agua,Bahía Blanca,0.879
Moria Casán,Zapping Cultural,0.879
Movimiento,Vih/Sida,0.879
Ferrocarriles,Gobierno,0.879
El Salvador,Sergio Massa,0.879
Fallo Contra Cfk,Progresismo,0.879
America Latina,Marxismo,0.879
Juventudes,Onlyfans,0.879
Juntos Por El Cambio,Sin Control 2,0.879
Ley Bases,Libertarios,0.879
Leandro Santoro,Ucr,0.879
Leandro Santoro,Llaryora,0.879
La Columna De Zambra,Paco Ignacio Taibo Ii,0.879
Cfk,Paso,0.879
Carry Trade,Fondos Buitre,0.879
Día Internacional De La Eliminación De La Violencia Contra Las Mujeres,Vínculos,0.879
Ecuador,Violencia Institucional,0.879
Leandro Santoro,Pacto De Mayo,0.879
Netflix,Pedro Almodóvar,0.879
Gobierno,Trenes Argentinos,0.879
Gobierno,Trenes,0.879
Ley Bases,Sin Control 2,0.879
Danza,Vih/Sida,0.879
Estado Laico,Iglesia Católica,0.878
Martín Guzmán,Xiomara Castro,0.878
Gobernadores,Javier Milei,0.878
Gobernadores,Ley Ómnibus,0.878
Elecciones 2023,Patricia Bullrich,0.878
Angela Merkel,Santa Fe,0.878
Cuerpos,Performance,0.878
Géneros,Sex And The City,0.878
A 20 Años Del Estallido,Frente De Todos,0.878
Antipolítica,Marxismo,0.878
Lavagna,Paso,0.878
Campo,Comedores Comunitarios,0.878
Ecuador,Patricia Bullrich,0.878
Escuela Idaes,Progresismo,0.878
Marcos Peña,Política,0.878
Anticomunismo,Kirchnerismo,0.878
Cristina Fernández De Kirchner,Leandro Santoro,0.878
Liberalismo,Neoliberalismo,0.878
Elecciones 2023,Populismo,0.878
Elecciones 2023,Presupuesto 2025,0.878
Amistad,Géneros,0.878
Premios Oscar,Tecnologías De Género,0.878
Anticomunismo,Gobernadores,0.878
Bolivia,Nicaragua,0.878
Encuesta De Qué Viven,Feminismos,0.878
Alemania,Piñera,0.878
Alemania,Internacional,0.878
Alfabetismos Aumentados,Despidos,0.878
Alemania,Ucr,0.878
Elites,Escuela De Política Y Gobierno,0.878
Nicaragua,Perfil Político,0.878
Kirchnerismo,Progresismo,0.878
Kirchnerismo,Movilización,0.878
Honduras,Martín Guzmán,0.878
Desarrollo,Ypf,0.878
Desarrollo,Ola Polar,0.878
Crisis,Derechas,0.878
Patricia Bullrich,Protesta Social,0.878
Agronegocios,Comedores Comunitarios,0.878
Perfil Político,Un Año De Milei,0.878
Axel Kicillof,Nacionalismo,0.878
Constitución,Iglesia Católica,0.878
Javier Milei,Nacionalismo,0.878
Comedores Comunitarios,Perfil Político,0.878
Comedores Comunitarios,Retenciones,0.878
8M,Violencia De Género,0.878
Bloquons Tout,Ley Bases,0.878
Moria Casán,Teatro,0.878
Discursos De Odio,Juegos Olímpicos Paris 2024,0.878
El Salvador,Marxismo,0.878
Ajuste,Ley Bases,0.878
Alberto Fernández,America Latina,0.878
Derecho A La Desconexión,Despidos,0.878
Bolivia,Daniel Ortega,0.878
Bolivia,Ecuador,0.878
Angela Merkel,Elecciones 2023,0.878
America Latina,Frente De Todos,0.878
Oficialismo,Venezuela,0.878
Alberto Fernández,Juan Grabois,0.878
Botánica,La Columna De Zambra,0.878
Nacionalismo,O Sea Digamos,0.878
Frente De Izquierda,Gustavo Petro,0.878
Encuesta De Qué Viven,Testimonios,0.878
Ciudad Futura,Lavagna,0.878
Ciudad Futura,Nancy Fraser,0.878
Derechos Sociales,Ley Bases,0.878
Cordobesismo,Jorge Macri,0.878
Corrupción,Cristina Fernández De Kirchner,0.878
Derechas,Karina Milei,0.878
Ley Bases,Politicas Económicas,0.878
Cupo Laboral Trans,Feminismos,0.878
Derechas,Leandro Santoro,0.878
Tenis,Viajes,0.878
Democracia,Neoliberalismo,0.878
Daniel Ortega,Perfil Político,0.878
Cupo Laboral Trans,Testimonios,0.878
Gas,Venezuela,0.878
Mauricio Macri,Pro,0.878
Naturaleza,Plástico,0.878
Puente Rosario Victoria,Teatro,0.877
Ley Ómnibus,Paro General,0.877
Leandro Santoro,Presupuesto 2025,0.877
Manuel Adorni,Milei,0.877
G20,Venezuela,0.877
Campo De Mayo,Zapping Cultural,0.877
Sergio Massa,Tucumán,0.877
2001,Violencia Institucional,0.877
Derechas,Hegemonía,0.877
Crónica,Paco Ignacio Taibo Ii,0.877
Ambiente,Cristina Dorador,0.877
Leandro Santoro,Populismo,0.877
Bolivia,Progresismo,0.877
Ambiente,Zonas De Sacrificio,0.877
Marcos Peña,Unión Por La Patria,0.877
Estado Laico,Papa Francisco,0.877
Punitivismo,Vínculos,0.877
Cristina Fernández De Kirchner,Libertarios,0.877
Costa Salguero,Cumbia Villera,0.877
Corrupción,Criptogate,0.877
Feminismo Negro,Política,0.877
Elecciones 2023,Martín Guzmán,0.877
Derechas,Ecuador,0.877
El País,La Libertad Avanza,0.877
24M: Día De La Memoria Por La Verdad Y La Justicia,Fernando Báez Sosa,0.877
Estados Unidos,Guerra De Aranceles,0.877
Cop26,Ola Polar,0.877
Constitución,Papa Francisco,0.877
Cop26,Ypf,0.877
Lgbttinb+,Un Año De Milei,0.877
Liberalismo,Movimientos Sociales,0.877
Amor,Barbie,0.877
Crisis,Politicas Económicas,0.877
Cristina Fernández De Kirchner,Democracia,0.877
Luis Majul,Tiktok,0.877
Los Anteúltimos,San Martín,0.877
Crisis Climática,Energía,0.877
Angela Merkel,Patricia Bullrich,0.877
Petróleo,Vaca Muerta,0.877
Ajuste,Crisis,0.877
El Salvador,La Libertad Avanza,0.877
Frente De Todos,Jorge Macri,0.877
Comedores Comunitarios,Juntos Por El Cambio,0.877
El Salvador,Vialidad,0.877
Bloquons Tout,Crisis,0.877
Frente De Izquierda,Santa Fe,0.877
Libertad,Progresismo,0.877
Obra Pública,Teatro,0.877
Hijos De Represores,Patriarcado,0.877
Ciudad Futura,Izquierdas,0.877
Menopausia,Testimonios,0.877
Mercado Libre,Trabajo,0.877
Crisis,Derechos Sociales,0.877
Interseccionalidad,Política,0.877
América Latina,Gustavo Petro,0.877
Corrupción,Ley Bases,0.877
Crisis Climática,Desarrollo,0.877
La Casona Iluminada,Teatro,0.876
2001,Ecuador,0.876
8M,Masculinidades,0.876
Teatro,Teatro Bombón,0.876
Encuesta De Qué Viven,Masculinidades,0.876
Gobernadores,Izquierdas,0.876
Feminismo Negro,Liberalismo,0.876
Capitalismo Digital,Teletrabajo,0.876
Canal De Panamá,Cosas Que Funcionan,0.876
Marxismo,Xiomara Castro,0.876
Elecciones,Leandro Santoro,0.876
Liberalismo,Populismo,0.876
Liberalismo,Presupuesto 2025,0.876
Juntos Por El Cambio,Ley Bases,0.876
Liberalismo,Política Exterior,0.876
Alberto Fernández,Elites,0.876
Hipersticion,Libertarios,0.876
Afectos,Feminismos Afro,0.876
Derechas,Ucr,0.876
Política,Un Año De Milei,0.876
América Latina,Nancy Fraser,0.876
Breaking Bad,Pedro Pascal,0.876
México,Violencias,0.876
Discapacidad,Leda-Unsam,0.876
Jorge Macri,Liberalismo,0.876
Cristina Fernández De Kirchner,Crueldad,0.876
Asociación Del Fútbol Argentino,Mundial Femenino De Fútbol,0.876
Alberto Fernández,Federalismo,0.876
El Salvador,Juntos Por El Cambio,0.876
Beca Crónica,Cosas Que Funcionan,0.876
Better Call Saul,The Last Of Us,0.876
El Salvador,Provincias,0.876
Better Call Saul,Pedro Pascal,0.876
Pantallas,Plataformas,0.876
Papa Francisco,Paraguay,0.876
Claudia Sheinbaum,María Eugenia Vidal,0.876
Jorge Macri,Santa Fe,0.876
Juan Grabois,Movimientos Sociales,0.876
Comedores Comunitarios,Hegemonía,0.876
Honduras,Marxismo,0.876
Crisis 2001,Ecuador,0.876
Derechos Humanos,Femicidios,0.876
Movimientos Sociales,Sindicalismo,0.876
Comunicación Política,Unión Por La Patria,0.876
Comunidad Anfibia,Teatro,0.876
Afectos,Bell Hooks,0.876
Interseccionalidad,Liberalismo,0.876
Axel Kicillof,Izquierdas,0.876
Angela Merkel,Nicolas Maduro,0.876
Gustavo Petro,Patricia Bullrich,0.876
Culturahype,Libertarios,0.876
Gastronomía,Los Anteúltimos,0.876
San Martín,Vivienda,0.876
Cosas Que Funcionan,Resistencia,0.876
Cosas Que Funcionan,Desplazados,0.876
Breaking Bad,The Last Of Us,0.876
Cupo Laboral Trans,Masculinidades,0.876
Tecnología Y Sociedad,Vacunas,0.875
Elecciones Legislativas 2021,Unión Por La Patria,0.875
Amazon Prime,Tecnologías De Género,0.875
Anses,Unsam,0.875
Anses,Progresismo,0.875
Maternidades,Nora Dalmasso,0.875
Cuerpo,Tanatopraxia,0.875
24M: Día De La Memoria Por La Verdad Y La Justicia,Memoria,0.875
Corrupción,El País,0.875
Corrupción,Pacto De Mayo,0.875
Corrupción,Llaryora,0.875
Identidades No Binarias,Sex And The City,0.875
Criptogate,Libertarios,0.875
Derechos Humanos,Narcotráfico,0.875
Ba,Crónicas,0.875
Elecciones Legislativas 2021,Giorgia Meloni,0.875
Encuestas,Inteligencia Artificial,0.875
Dictadura,Memoria,0.875
Cordobesismo,Escuela De Política Y Gobierno,0.875
Deuda,Sistema Bancario,0.875
Izquierdas,Venezuela,0.875
Fallo Contra Cfk,Frente De Todos,0.875
Agronegocios,Peronismo,0.875
Atentado A Cristina,Ecuador,0.875
Anabólicos,Tanatopraxia,0.875
Jorge Macri,Mauricio Macri,0.875
Comedores Comunitarios,El Salvador,0.875
Comedores Comunitarios,Kirchnerismo,0.875
Murgas,Palermo,0.875
Amistad,Identidades No Binarias,0.875
Clases Medias,Posguerra,0.875
América Latina,Democracia,0.875
Angela Merkel,Derechas,0.875
Migración,Racismo,0.875
Messi,Tenis,0.875
Política Exterior,Unión Por La Patria,0.875
Politica Exterior,Venezuela,0.875
Peronismo,Retenciones,0.875
Adorni,Ley Omnibus,0.875
Derechas,Tucumán,0.875
Ciudad Futura,Política,0.875
Clases Medias,Movimiento,0.875
Clases Medias,Melisa Zulberti,0.875
Clases Medias,Danza,0.875
Elecciones Legislativas 2021,Provincias,0.875
Ciudad Futura,Corrupción,0.875
Fascismo,Nancy Fraser,0.875
Alberto Fernández,Patricia Bullrich,0.875
Alemania,Cordobesismo,0.875
Ciudad Futura,Comedores Comunitarios,0.875
Hijos De Represores,Memoria,0.875
Higui,Masculinidades,0.875
Cristina Fernández De Kirchner,Movilización,0.875
A 20 Años Del 2001,Progresismo,0.875
Chat Gpt,Side,0.875
Chat Gpt,Santiago Caputo,0.875
Chat Gpt,Inteligencia,0.875
Bolivia,Surinam,0.875
Lgbtiq+,Violencias,0.875
Boric,Sebastián Piñera,0.875
Alemania,Patricia Bullrich,0.875
Amazon Prime,Breaking Bad,0.875
Amazon Prime,Better Call Saul,0.875
Duelos,Maternidades,0.875
Karina Milei,Política Exterior,0.875
Nancy Fraser,Piñera,0.875
Federalismo,Manuel Adorni,0.875
Cambio Climático,Recursos Naturales,0.875
Campo,Peronismo,0.875
Carnaval,Palermo,0.875
Casa Rosada,Pensamiento Contemporáneo,0.875
Arteba,Artlab,0.875
Crónica,Ficción,0.875
Géneros,Memoria Trans,0.875
8M,Cuidados,0.875
Tanatopraxia,Varones Gays,0.875
Estallido,G20,0.875
Giorgia Meloni,Peronismo,0.875
Tucumán,Unión Por La Patria,0.874
Transición Energética,Vaca Muerta,0.874
Censo,Discursos De Odio,0.874
Estallido En Chile,Piñera,0.874
Caparros,Pizarnik,0.874
Rosario,Violencias,0.874
24M: Día De La Memoria Por La Verdad Y La Justicia,Sistema Penal,0.874
7M,Proceso Constituyente,0.874
3J,Crisis 2001,0.874
8M: Paro Internacional Y Plurinacional De Mujeres Y Disidencias,Identidades No Binarias,0.874
Ecuador,Honduras,0.874
Juntos Por El Cambio,Un Año De Milei,0.874
Leda-Unsam,Liberalismo,0.874
Giorgia Meloni,Nancy Fraser,0.874
Caba,Elecciones 2023,0.874
Ecuador,Xiomara Castro,0.874
Discursos De Odio,Identidad De Género,0.874
Dillom,Fito Páez,0.874
Comedores Comunitarios,Leda-Unsam,0.874
Guyana,Internacional,0.874
Escuela De Política Y Gobierno,María Eugenia Vidal,0.874
Gustavo Petro,Marxismo,0.874
El Salvador,Elites,0.874
Pro,Randazzo,0.874
Fito Páez,Horrorcore,0.874
Gustavo Petro,Ucr,0.874
Bolivia,Patricia Bullrich,0.874
Bukele,Gustavo Petro,0.874
El Salvador,Federalismo,0.874
Gastronomía,K-Pop,0.874
Discurso,Juan Grabois,0.874
Derechas,Milei,0.874
24M: Día De La Memoria Por La Verdad Y La Justicia,Edad De Punibilidad,0.874
Angela Merkel,Anticomunismo,0.874
Industria Textil,Trabajo,0.874
Alemania,Italia,0.874
Elecciones Legislativas 2021,Participación Ciudadana,0.874
Criptogate,Liberalismo,0.874
Cepo,Trabajo,0.874
Democracia,Racismo,0.874
Criptogate,Derechas,0.874
#Niunamenos,Lenguaje Inclusivo,0.874
Elecciones Legislativas 2021,Gobierno Abierto,0.874
Cfk,Gustavo Petro,0.874
Corea Del Sur,Gastronomía,0.874
Elecciones,Paso,0.874
Conflictos Territoriales,Jujuy,0.874
Fuerzas De Seguridad,Lgbttinb+,0.874
Elecciones 2023,Manuel Adorni,0.874
María Eugenia Vidal,Progresismo,0.874
Cristina Fernández De Kirchner,Francia Márquez,0.874
Anticomunismo,Patricia Bullrich,0.874
Arte Digital,Danza,0.874
Elecciones,Mauricio Macri,0.874
Antipolítica,Elecciones Legislativas 2021,0.874
Atentado A Cristina,Leda-Unsam,0.874
Arte Digital,Movimiento,0.874
Arte Digital,Posguerra,0.874
Arte Digital,Melisa Zulberti,0.874
Economía,Retenciones,0.873
Performance,Posguerra,0.873
Libertarios,Perfil Político,0.873
Jorge Macri,Libertad,0.873
Ley Omnibus,Provincias,0.873
Presupuesto 2025,Tucumán,0.873
A 20 Años Del 2001,Marxismo,0.873
El País,Ley Omnibus,0.873
Atentado A Cristina,Discursos Odio,0.873
Melisa Zulberti,Performance,0.873
Atentado A Cristina,Julia Mengolini,0.873
El Ultimo Rincon De Sudamerica,El Último Rincón De Sudamérica,0.873
Atentado A Cristina,Fake News,0.873
Antisemitismo,Guerra,0.873
Agronegocios,Progresismo,0.873
Arte Ciencia Y Tecnoceno,Narrativas,0.873
Martín Guzmán,Sergio Massa,0.873
Danza,Performance,0.873
América Latina,Elites,0.873
Femicidio,Hijos De Represores,0.873
Cosas Que Funcionan,Raza,0.873
Cosas Que Funcionan,Jerarquías Sociales,0.873
Cosas Que Funcionan,Género,0.873
#Eaaf,Desaparecidos,0.873
Interseccionalidad,Marxismo,0.873
Moria Casán,Pedro Almodóvar,0.873
Anticomunismo,Corrupción,0.873
Cordobesismo,Paso,0.873
Cristina Fernández De Kirchner,Gustavo Petro,0.873
Higui,Lgbtiq+,0.873
Desaparecidos,Familiares,0.873
Desaparecidos,La Perla,0.873
Movimiento,Performance,0.873
Feminismos,Violencia De Género,0.873
Elecciones,Javier Milei,0.873
Feminismo Negro,Marxismo,0.873
Agronegocios,Economía,0.873
2001 | Unsam,3J,0.873
Caba,Elecciones Legislativas 2021,0.873
Giorgia Meloni,María Eugenia Vidal,0.873
Lgbt,Orgullo,0.873
Claudia Sheinbaum,Política,0.873
Libertad,Tucumán,0.873
Periodismo Performático,Testosterona,0.873
Jubilados,Un Año De Milei,0.873
A 20 Años Del Estallido,Anses,0.873
Géneros,Nahir Galarza,0.873
Juan Grabois,Karina Milei,0.873
Política,Seguridad,0.873
El País,Paro General,0.873
Bukele,Elites,0.873
Punitivismo,Shakespeare,0.873
Populismo,Tucumán,0.873
Progresismo,Retenciones,0.873
Economía,Silvina Batakis,0.873
Lavagna,Martín Guzmán,0.873
Campo,Economía,0.873
Folklore,Luis Alberto Spinetta,0.873
2X1 A Genocidas,Lawfare,0.873
Campo,Progresismo,0.873
Derecha,Papa Francisco,0.873
#Viajosola,Identidad Trans,0.873
Derechas,Francia Márquez,0.872
Lgbtiq+,Nahir Galarza,0.872
Discapacidad,Visibilidad Lésbica,0.872
Ambientalismo,Guyana,0.872
Hostigamiento Digital,Suicidios,0.872
Cepo,Sindicalismo,0.872
Crisiis Climática,Tecnoceno,0.872
Horacio Rodríguez Larreta,Participación Ciudadana,0.872
Incendios Forestales,Inundación,0.872
Elecciones Legislativas 2021,Retenciones,0.872
America Latina,Elecciones Legislativas 2021,0.872
Anabólicos,Anfibia Papel,0.872
Alemania,Cristina Fernández De Kirchner,0.872
Femicidio,Patriarcado,0.872
Anfibia Papel,Cuerpo,0.872
Crisis,Inflación,0.872
Fascismo,Nicolas Maduro,0.872
Elites,G20,0.872
Alejandro Zambra,Gabriel García Márquez,0.872
Antisemitismo,Palestina,0.872
Izquierdas,Sergio Massa,0.872
Cristina Fernández De Kirchner,Interseccionalidad,0.872
Discapacidad,Resiliencia,0.872
Agronegocios,Elecciones Legislativas 2021,0.872
Géneros,Triple Femicidio,0.872
Liberalismo,Ucr,0.872
Bolivia,Frente De Todos,0.872
Epistemología,Testosterona,0.872
Discurso,Tucumán,0.872
Discapacidad,Homofobia,0.872
Comedores Comunitarios,Criptogate,0.872
Jorge Macri,Manuel Adorni,0.872
Claudia Sheinbaum,Patricia Bullrich,0.872
Financiamiento Narco,La Libertad Avanza,0.872
El Salvador,Ucr,0.872
Ley Bases,Libertad,0.872
Ecuador,Liberalismo,0.872
Caba,Cordobesismo,0.872
Gobierno Abierto,Horacio Rodríguez Larreta,0.872
Campo,Elecciones Legislativas 2021,0.872
Disidencias Sexuales,Shakespeare,0.872
Disidencias Sexuales,Punitivismo,0.872
8M: Paro Internacional Y Plurinacional De Mujeres Y Disidencias,Cuidados,0.872
Francia Márquez,Lavagna,0.872
Derecha,Iglesia Católica,0.872
Estallido,Internacional,0.872
Causa Andis,La Libertad Avanza,0.872
Represión,Violencia Institucional,0.872
Sacrificadas,Zonas De Sacrificio,0.872
Campo,Deuda,0.872
Campo,O Sea Digamos,0.872
Abuso Sexual,Lgbtiq+,0.872
Campo,Marxismo,0.872
A 20 Años Del 2001,Elecciones 2023,0.872
Claudia Sheinbaum,Escuela De Política Y Gobierno,0.872
Política Exterior,Victoria Villarruel,0.872
Esquizofrenia,Hijos De Represores,0.872
Ley Bases,Sergio Massa,0.872
Lgbtiq+,Testimonios,0.872
Jorge Macri,Victoria Villarruel,0.872
Crueldad,Elecciones,0.872
Cristina Fernández De Kirchner,Feminismo Negro,0.872
Maternidades,Memoria,0.872
Deuda,Retenciones,0.872
Archivo,Valerie Solanas,0.872
Agronegocios,O Sea Digamos,0.872
Marxismo,Retenciones,0.872
Corrupción,Juntos Por El Cambio,0.872
Industria Textil,Sindicalismo,0.872
O Sea Digamos,Retenciones,0.872
Anfibia Papel,Varones Gays,0.872
Alejandro Zambra,Patrimonio Cultural,0.872
Cristina Dorador,Sacrificadas,0.872
Agronegocios,Deuda,0.872
Agronegocios,Marxismo,0.872
Perú,Política,0.871
Fallo Contra Cfk,Jubilados,0.871
Fallo Contra Cfk,Marcos Peña,0.871
Bolaño,La Columna De Zambra,0.871
Discursos De Odio,Lgbttinb+,0.871
Fallo Contra Cfk,Ley Ómnibus,0.871
Giorgia Meloni,Marxismo,0.871
Frente De Izquierda,Interseccionalidad,0.871
Dólar,Elites,0.871
Estado Laico,Papa León Xiv,0.871
Caparros,Instagram,0.871
Carry Trade,Impuesto A Las Grandes Riquezas,0.871
Casa Rosada,Periodismo,0.871
Laboratorio De Periodismo Performático,Valerie Solanas,0.871
Ley Omnibus,Liberalismo,0.871
Cuerpos,Teatro,0.871
8M,Tango,0.871
Lawfare,Terrorismo De Estado,0.871
Juntos Por El Cambio,Política,0.871
Ecuador,Fuerzas De Seguridad,0.871
Escuela Idaes,Estado,0.871
Cine Argentino,Series,0.871
Derechas,Gustavo Petro,0.871
Mariana Enríquez,Novela Gráfica,0.871
Cordobesismo,Horacio Rodríguez Larreta,0.871
Feminismo Negro,Frente De Izquierda,0.871
Anticomunismo,Giorgia Meloni,0.871
Derechas,Populismo,0.871
Constitución,Papa León Xiv,0.871
Pacto De Mayo,Sergio Massa,0.871
Aira,Gabriel García Márquez,0.871
Aira,Patrimonio Cultural,0.871
Derechas,Presupuesto 2025,0.871
Comunicación Política,Marxismo,0.871
Comunicación Política,Un Año De Milei,0.871
Literatura,Pizarnik,0.871
Llaryora,Sergio Massa,0.871
Maradona,Pelé,0.871
Antipolítica,Derechas,0.871
Crisis,Progresismo,0.871
Elites,Inflación,0.871
Neoliberalismo,Progresismo,0.871
Elecciones 2023,Tucumán,0.871
Misiones,Movimientos Sociales,0.871
Alemania,Cfk,0.871
Alimentación,Fuerzas De Seguridad,0.871
Internacional,Partido Republicano,0.871
Angela Merkel,Cfk,0.871
America Latina,Elecciones 2023,0.871
America Latina,Gustavo Petro,0.871
Alquileres,San Martín,0.871
Elecciones Legislativas 2021,Fallo Contra Cfk,0.871
$Libra,Federalismo,0.871
Futuro Imperfecto Vol 3,Panama Papers,0.871
America Latina,Liberalismo,0.871
Kirchnerismo,Marxismo,0.871
Francia Márquez,Patricia Bullrich,0.87
Glosario De La Crisis,Impuesto A Las Grandes Riquezas,0.87
Identidades No Binarias,Moria Casán,0.87
Identidad De Género,Juegos Olímpicos Paris 2024,0.87
8M: Paro Internacional Y Plurinacional De Mujeres Y Disidencias,Afectos,0.87
Gobernadores,Mauricio Macri,0.87
Gobernadores,Perfil Político,0.87
Crisiis Climática,Futuro Imperfecto,0.87
Democracia,Discursos De Odio,0.87
Moda,Opus Dei,0.87
Alemania,Anticomunismo,0.87
Migración,Narcotráfico,0.87
Edad De Punibilidad,Narco,0.87
Leda-Unsam,Política,0.87
Lavagna,Ucr,0.87
Folklore,Roberto Jacoby,0.87
Elecciones 2023,María Eugenia Vidal,0.87
Leandro Santoro,Liberalismo,0.87
Ecuador,Frente De Izquierda,0.87
Juventudes,Pensamiento Crítico,0.87
Imprenteros,Premios Oscar,0.87
América Latina,Francia Márquez,0.87
Desarrollo,Transición Energética,0.87
Narco,Sistema Penal,0.87
America Latina,Democracia,0.87
America Latina,Anticomunismo,0.87
Nancy Fraser,Randazzo,0.87
Francia Márquez,Ucr,0.87
Ciudad Futura,Crueldad,0.87
Caba,Ucr,0.87
Caba,Juntos Por El Cambio,0.87
Ciudad Futura,Movilización,0.87
Julia Mengolini,Un Año De Milei,0.87
Ecuador,Marcos Peña,0.87
Alemania,Surinam,0.87
Fake News,Un Año De Milei,0.87
Elecciones Legislativas 2021,Unsam,0.87
Alimentación,Lgbttinb+,0.87
Corrupción,Ley Omnibus,0.87
Crisis 2001,Lgbtiq+,0.87
Cultura Popular,Religión,0.87
Abuelas De Plaza De Mayo,Derechos Humanos,0.87
Cristina Fernández De Kirchner,Política,0.87
Mauricio Macri,Peronismo,0.87
Anticomunismo,Cfk,0.87
Jorge Macri,Sin Control 2,0.87
Abuso Sexual,Memoria Trans,0.87
Higui,Tango,0.87
Fondos Buitre,Precios,0.87
Feminismos Afro,Ni Una Menos,0.87
$Libra,Paro General,0.87
Sociología Política,Unsam,0.87
Dólar,Fondos Buitre,0.87
Causa Andis,Libertad,0.87
Censo,Juegos Olímpicos Paris 2024,0.87
Jorge Macri,Libertarios,0.87
Peronismo,Victoria Villarruel,0.87
Afectos,Moria Casán,0.87
Libros,Teatro,0.87
Escrituras Autobiográficas,Premios Oscar,0.87
Izquierdas,Kirchnerismo,0.87
Cristina Fernández De Kirchner,Mauricio Macri,0.87
Anticomunismo,Movilización,0.87
Antipolítica,Escuela De Política Y Gobierno,0.87
Antipolítica,Dilma Rousseff,0.87
Archivos Puga,La Cámpora,0.87
Discapacidad,Estado,0.87
Claudio Tapia,Mauricio Macri,0.87
Patricia Bullrich,Progresismo,0.87
Bell Hooks,Ni Una Menos,0.87
Libertad,Política Exterior,0.87
Financiamiento Narco,Libertad,0.87
Progresismo,Unión Por La Patria,0.87
Provincias,Ucr,0.87
Ley Bases,Neoliberalismo,0.87
Orgullo,Punitivismo,0.87
Opus Dei,Visual,0.87
Memoria Trans,Violencias,0.87
Discursos Odio,Un Año De Milei,0.87
A 20 Años Del 2001,G20,0.87
Claudia Sheinbaum,Kamala Harris,0.87
Claudia Sheinbaum,Partido Demócrata,0.87
Juicios De Lesa Humanidad,Rugbiers,0.87
Testimonios,Varones Unidos,0.869
Caparros,Tiktok,0.869
Giorgia Meloni,Nicaragua,0.869
Corrupción,Julia Mengolini,0.869
Cupo Laboral Trans,Pablo Lautra,0.869
Daniel Ortega,Giorgia Meloni,0.869
America Latina,Discursos Odio,0.869
America Latina,Julia Mengolini,0.869
#Viajosola,Hijos De Represores,0.869
Doble Femicidio,Testimonios,0.869
Cfk,Corte Suprema,0.869
Kirchnerismo,Política,0.869
El Salvador,Libertarios,0.869
Hegemonía,Liberalismo,0.869
Encuesta De Qué Viven,Varones Unidos,0.869
Elecciones,Libertad,0.869
Comedores Comunitarios,Frente De Todos,0.869
#Niunamenos,Tango,0.869
Perfil,Rodolfo Walsh,0.869
Afjp,Paro General,0.869
Fernanda Miño,Inquilinxs,0.869
#Niunamenos,Menopausia,0.869
Axel Kicillof,Giorgia Meloni,0.869
Lionel Messi,Tenis,0.869
Feminismo Negro,Nicaragua,0.869
Cupo Laboral Trans,Falsas Denuncias,0.869
Ambiente,Hidrógeno Verde,0.869
Economía,Elites,0.869
Desigualdad,Estado,0.869
Corte Suprema,Kirchnerismo,0.869
Karina Milei,Liberalismo,0.869
Daniel Ortega,Interseccionalidad,0.869
Elecciones 2023,Movilización,0.869
Crisis,Liberalismo,0.869
Corrupción,Fake News,0.869
Corrupción,Discursos Odio,0.869
Femicidios,Feminismos,0.869
Encuesta De Qué Viven,Pablo Lautra,0.869
Angela Merkel,Partido Republicano,0.869
Inteligencia Artificial,Tecnología,0.869
Femicidio,Femicidios,0.869
America Latina,Fake News,0.869
America Latina,Izquierdas,0.869
Covid-19,Tecnología Y Sociedad,0.869
Carry Trade,Sistema Bancario,0.869
Globos De Oro,Steven Spielberg,0.869
Denuncias,Testimonios,0.869
Música Electrónica,Nocturnidad,0.869
Ambiente,Litio,0.869
Cupo Laboral Trans,Varones Unidos,0.869
Doble Femicidio,Encuesta De Qué Viven,0.869
Denuncias,Encuesta De Qué Viven,0.869
A 20 Años Del Estallido,Elecciones,0.869
A 20 Años Del Estallido,América Latina,0.869
Congreso,Elecciones,0.869
Comunicación Política,Libertad,0.869
Elecciones 2023,Feminismo Negro,0.869
Pablo Lautra,Testimonios,0.869
Falsas Denuncias,Testimonios,0.869
Encuesta De Qué Viven,Falsas Denuncias,0.869
Bukele,Ecuador,0.869
Bukele,Francia Márquez,0.869
Botánica,Encuentro Anfibio,0.869
Alejandro Sabella,Tenis,0.869
Elecciones 2023,Interseccionalidad,0.869
Angela Merkel,Silvina Batakis,0.869
Interseccionalidad,Nicaragua,0.869
Ley Bases,Perfil Político,0.869
Daniel Ortega,Feminismo Negro,0.869
Milei,Paro General,0.869
América Latina,Internacional,0.869
Milei,Victoria Villarruel,0.869
Gobernadores,Libertarios,0.869
Estados Unidos,Fascismo,0.869
Lgbt,Memoria Trans,0.869
Lgbt,Rosariocronica,0.869
Anticomunismo,Antipolítica,0.869
Cupo Laboral Trans,Denuncias,0.869
El Salvador,Elecciones Legislativas 2021,0.869
Fuerzas De Seguridad,Represión,0.869
Adorni,Comedores Comunitarios,0.869
Adolescencias,Educación,0.869
Adorni,Jorge Macri,0.869
Perfil Político,Represión,0.869
Derechas,Ley Omnibus,0.869
Partido Republicano,Politica Exterior,0.869
Antipolítica,Peronismo,0.869
Cupo Laboral Trans,Doble Femicidio,0.869
Identidades No Binarias,Memoria Trans,0.868
Laboratorio De No Ficción Creativa,Memoria,0.868
Elites,Fmi,0.868
Narco,Violencia,0.868
Federalismo,Ucr,0.868
Chile,Plebiscito De Salida,0.868
China,Natalia Oreiro,0.868
China,Putin,0.868
Crimen De Odio,Femicidios,0.868
Indio Solari,Palito Ortega,0.868
Recursos Naturales,Ypf,0.868
Transporte,Unsam,0.868
Juventudes,Leda-Unsam,0.868
Nacionalismo,Victoria Villarruel,0.868
Música Electrónica,Trap,0.868
Música Electrónica,Roberto Jacoby,0.868
Industria Textil,Transporte,0.868
Ecuador,Seguridad,0.868
Liberalismo,Martín Guzmán,0.868
Liberalismo,Movilización,0.868
Medios De Comunicación,Redes Sociales,0.868
Milei,Política Exterior,0.868
Milei,Pro,0.868
Gustavo Petro,María Eugenia Vidal,0.868
Daniel Ortega,Frente De Izquierda,0.868
Progresismo,Provincias,0.868
Ciudad Futura,Kirchnerismo,0.868
Ola Polar,Recursos Naturales,0.868
Jujuy,Litio,0.868
Frente De Izquierda,Nicaragua,0.868
Elecciones 2023,Francia Márquez,0.868
Anticomunismo,Escuela De Política Y Gobierno,0.868
Juan Grabois,María Eugenia Vidal,0.868
Conurbano,La Matanza,0.868
Comunicación Política,Interseccionalidad,0.868
Comunicación Política,Feminismo Negro,0.868
Fallo Contra Cfk,Patricia Bullrich,0.868
El Salvador,Fallo Contra Cfk,0.868
Perfil Político,Protesta Social,0.868
Pedro Almodóvar,Zendaya,0.868
Artlab,Mujeres Y Disidencias,0.868
Artlab,Britishcouncil,0.868
Literatura,Naturaleza,0.868
Feria Del Libro,Instagram,0.868
Escuela De Política Y Gobierno,Liberalismo,0.868
Cepo,Transporte,0.868
Democracia,Internacional,0.868
Euphoria,Pedro Almodóvar,0.868
$Libra,Sergio Massa,0.867
Artesdigitales,Laboratorio De Periodismo Performático,0.867
Axel Kicillof,Milei,0.867
El Último Rincón De Sudamérica,Internacional,0.867
Gabrielboric,Política,0.867
Manuel Adorni,Provincias,0.867
Estallido,Racismo En Argentina,0.867
Causa Andis,Victoria Villarruel,0.867
Comedores Comunitarios,Julia Mengolini,0.867
Adolescencias,Universidad Pública,0.867
Jorge Macri,Patricia Bullrich,0.867
Bolivia,Nancy Fraser,0.867
Dictadura,Rosario,0.867
Fallo Contra Cfk,Ucr,0.867
Encuestas,Pensamiento Crítico,0.867
Crueldad,Marxismo,0.867
Libertad,Paro General,0.867
Comedores Comunitarios,Fake News,0.867
Archivo,Artesdigitales,0.867
El Salvador,O Sea Digamos,0.867
Comedores Comunitarios,Discursos Odio,0.867
Filba,Literatura,0.867
Pedro Almodóvar,Premios Oscar,0.867
Pensamiento Crítico,Tecnologías,0.867
Archivo,Mutek,0.867
Agua,Humedales,0.867
Comunicación Política,O Sea Digamos,0.867
Izquierdas,Patricia Bullrich,0.867
Cosas Que Funcionan,Depresión,0.867
Amplify,Archivo,0.867
Día Del Padre,Migraña,0.867
Corrupción,Perfil Político,0.867
Amplify,Laboratorio De Periodismo Performático,0.867
Laboratorio Periodismo Performàtico,Televisión,0.867
Laboratorio De Periodismo Performático,Mutek,0.867
Laboratorio De Periodismo Performático,Teatro,0.867
8M,Abuso Sexual,0.867
7M,Nueva Constitución,0.867
Elecciones Legislativas 2021,Javier Milei,0.867
Corrupción,Espionaje,0.867
Hipersticion,Política Exterior,0.867
Derechos Humanos,Sistema Penal,0.867
Crisis 2001,Democracia,0.867
Fascismo,Política Exterior,0.867
Ca7Triel Y Paco,Roberto Jacoby,0.867
Alemania,Lavagna,0.867
#Anfibia10Años,Literatura,0.867
La Libertad Avanza,Marxismo,0.867
Racismo En Argentina,Violencia Institucional,0.867
Nacionalismo,Sin Control 2,0.867
Derechos Humanos,Edad De Punibilidad,0.867
#Niunamenos,Disidencias Sexuales,0.867
San Martín,Urbanismo,0.867
Karina Milei,Tucumán,0.867
Cfk,Francia Márquez,0.867
Nahir Galarza,Punitivismo,0.867
Nicolas Maduro,Patricia Bullrich,0.867
Alimentación,Crueldad,0.867
Ambiente,Crónicas,0.867
Impuesto A Las Grandes Riquezas,Sistema Bancario,0.867
Bruno Stagnaro,Premios Oscar,0.867
Culturahype,Política Exterior,0.867
Ciudades,San Martín,0.867
Financiamiento Narco,Victoria Villarruel,0.867
Inundación,Ley De Glaciares,0.867
El Eternauta,Premios Oscar,0.867
Ley Ómnibus,Manuel Adorni,0.867
Masculinidades,Violencias,0.867
Fascismo,Ley Bases,0.867
Irinakaramanos,Política,0.867
Elecciones,Horacio Rodríguez Larreta,0.866
Derechas,Movilización,0.866
Cristina Fernández De Kirchner,Martín Guzmán,0.866
Juan Grabois,Santa Fe,0.866
A 20 Años Del Estallido,Marxismo,0.866
Crueldad,Julia Mengolini,0.866
Derechas,Randazzo,0.866
Crónicas,Zonas De Sacrificio,0.866
Bolivia,Elecciones,0.866
Crueldad,Discursos Odio,0.866
Patriarcado,Sistema Penal,0.866
Crueldad,Fake News,0.866
Archivo,Arte,0.866
Javier Milei,Jubilados,0.866
Día Internacional De La Eliminación De La Violencia Contra Las Mujeres,Menopausia,0.866
2001,Rosario,0.866
Francia Márquez,María Eugenia Vidal,0.866
Frente De Todos,Ley Bases,0.866
America Latina,Marcos Peña,0.866
America Latina,Donald Trump,0.866
Música,Roberto Jacoby,0.866
Laboratorio Periodismo Performàtico,Periodismo Performático,0.866
Iglesia Católica,Paraguay,0.866
Federalismo,Política Exterior,0.866
Muerte,Tanatopraxia,0.866
Gobernadores,Victoria Villarruel,0.866
Alimentación,Juventudes,0.866
Comunicación Política,Frente De Todos,0.866
Escuela De Política Y Gobierno,Venezuela,0.866
Francia Márquez,Perú,0.866
Lenguaje Inclusivo,Tango,0.866
Alquileres,Fernanda Miño,0.866
Corrupción,Política,0.866
Fake News,Leda-Unsam,0.866
Corrupción,El Salvador,0.866
A 20 Años Del 2001,Eduardo Duhalde,0.866
Alberto Fernández,Paso,0.866
Cristina Dorador,Crónicas,0.866
Cristina Fernández De Kirchner,Ecuador,0.866
Julia Mengolini,Leda-Unsam,0.866
Inteligencia Artificial,Pensamiento Crítico,0.866
Ley Bases,Misiones,0.866
Protesta Social,Unsam,0.866
Discursos Odio,Leda-Unsam,0.866
Bukele,Crueldad,0.866
Alberto Fernández,Jorge Macri,0.866
Gustavo Petro,Internacional,0.866
Escuela De Política Y Gobierno,Política,0.866
Congreso,Nacionalismo,0.866
Edad De Punibilidad,Patriarcado,0.866
Marcos Peña,Nicolas Maduro,0.866
Perfil Político,Provincias,0.866
Libertarios,Tucumán,0.866
Colombia,Internacional,0.866
Ficción,Naturaleza,0.866
2001,2001 | Unsam,0.865
Euphoria,Zapping Cultural,0.865
2001,Unsam,0.865
#Niunamenos,Furia Travesti,0.865
Comunicación Política,Tucumán,0.865
El Salvador,Interseccionalidad,0.865
Fallo Contra Cfk,Leandro Santoro,0.865
Comedores Comunitarios,Unsam,0.865
Colombia,Nancy Fraser,0.865
Hbo,Pedro Almodóvar,0.865
Fallo Contra Cfk,Victoria Villarruel,0.865
Libertarios,Progresismo,0.865
Basta Chicos,Futuro Anfibio,0.865
Barras Bravas,Pelé,0.865
Perfil Político,Piñera,0.865
Afjp,Movimientos Sociales,0.865
Agronegocios,Escuela De Política Y Gobierno,0.865
Agronegocios,Elecciones,0.865
Comedores Comunitarios,Elecciones,0.865
La Casona Iluminada,Moria Casán,0.865
Censo,Redes Sociales,0.865
Kirchnerismo,Paso,0.865
#Niunamenos,Terf,0.865
Zapping Cultural,Zendaya,0.865
Artes,Copia,0.865
Artes,Galpon Face,0.865
Atentado A Cristina,Seguridad,0.865
Masculinidades,Memoria Trans,0.865
Juan Grabois,Randazzo,0.865
Agua,Ley De Glaciares,0.865
Participación Ciudadana,Unsam,0.865
Italia,Randazzo,0.865
Congreso,Progresismo,0.865
El Salvador,Feminismo Negro,0.865
Elecciones,Retenciones,0.865
Elecciones,Libertarios,0.865
O Sea Digamos,Progresismo,0.865
A 20 Años Del 2001,Cfk,0.865
Estado,Movimientos Sociales,0.865
Futuro Anfibio,Mediáticos,0.865
El País,Libertarios,0.865
Daniel Ortega,Estados Unidos,0.865
América Latina,Interseccionalidad,0.865
Anticomunismo,Batalla Cultural,0.865
Feminismo Negro,María Eugenia Vidal,0.865
Bolivia,Política,0.865
Escuela De Política Y Gobierno,Retenciones,0.865
Escuela De Política Y Gobierno,Ucr,0.865
Comunidad Anfibia,Moria Casán,0.865
Jorge Macri,Un Año De Milei,0.865
Gustavo Petro,Martín Guzmán,0.865
Bosque,Literatura,0.865
Inundación,Patagonia,0.865
Después Del Virus,Prep,0.865
Después Del Virus,Pep,0.865
Clases Medias,Escuela De Arte Y Patrimonio,0.865
Interseccionalidad,María Eugenia Vidal,0.865
Después Del Virus,Varones Gay,0.865
Alberto Fernández,Comedores Comunitarios,0.865
Elecciones Legislativas 2021,Elites,0.865
Elecciones 2023,Santa Fe,0.865
Cine Argentino,Netflix,0.865
Caba,Participación Ciudadana,0.865
Caba,Gobierno Abierto,0.865
Disidencias Sexuales,Higui,0.865
Desigualdad,Protesta Social,0.865
Ecuador,Movimientos Sociales,0.865
Democracia,Patricia Bullrich,0.865
Cárceles,Educación,0.865
Campo,Escuela De Política Y Gobierno,0.865
Campo,Elecciones,0.865
Elites,Frente De Izquierda,0.865
Elecciones 2023,Mauricio Macri,0.865
Lavagna,Nancy Fraser,0.865
Cfk,Marxismo,0.865
América Latina,Feminismo Negro,0.865
Femicidio,Identidad Trans,0.865
Femicidio,Fernando Báez Sosa,0.865
Moria Casán,Teatro Bombón,0.865
Democracia,Desigualdad,0.865
Gobierno Abierto,Unsam,0.865
Racismo,Seguridad,0.865
3J,Testimonios,0.865
#Niunamenos,Cancelación,0.865
Identidad De Género,Redes Sociales,0.865
#Anfibia10Años,Botánica,0.865
#Anfibia10Años,Performance,0.865
La Libertad Avanza,Política,0.865
Estados Unidos,Nicaragua,0.865
Estados Unidos,Internacional,0.865
Estados Unidos,Guyana,0.865
Cfk,Cordobesismo,0.864
Rosario,Violencia Institucional,0.864
España,Liberalismo,0.864
2001 | Unsam,Democracia,0.864
Gustavo Petro,Política,0.864
Aborto,Embarazos,0.864
Aborto,Lo Real Real,0.864
Política Exterior,Sergio Massa,0.864
Adolescencia,Argentina,0.864
Cfk,Elecciones Legislativas 2021,0.864
Progresismo,Ucr,0.864
A 20 Años Del Estallido,Alberto Fernández,0.864
Cárceles,Marcha Universitaria,0.864
Punitivismo,Terf,0.864
Daniel Ortega,Elecciones Legislativas 2021,0.864
Fake News,Liberalismo,0.864
Giorgia Meloni,Perfil Político,0.864
Política Exterior,Provincias,0.864
Ecuador,Internacional,0.864
Juntos Por El Cambio,Xiomara Castro,0.864
Chile,Partidos Políticos,0.864
Juntos Por El Cambio,Retenciones,0.864
Paro General,Populismo,0.864
Paro General,Presupuesto 2025,0.864
Agronegocios,Juntos Por El Cambio,0.864
Pakapaka,Zapping Cultural,0.864
Papa León Xiv,Paraguay,0.864
Higui,Memoria Trans,0.864
Honduras,Juntos Por El Cambio,0.864
Encuestas,Santiago Caputo,0.864
Encuestas,Side,0.864
Campo,Marcos Peña,0.864
Campo,Juntos Por El Cambio,0.864
Chile,Proceso Constituyente,0.864
Agronegocios,Marcos Peña,0.864
Paso,Ucr,0.864
Crónica,Literatura,0.864
Afectos,Lgbtiq+,0.864
Hegemonía,Movimientos Sociales,0.864
Encuestas,Inteligencia,0.864
Cristina Fernández De Kirchner,Victoria Villarruel,0.864
Afjp,Sindicalismo,0.864
Fallo Contra Cfk,Gobernadores,0.864
Plan Qunita,Salud Mental,0.864
Cancelación,Punitivismo,0.864
Elites,Hegemonía,0.864
Elites,Xiomara Castro,0.864
Alemania,Perú,0.864
Alimentación,Ley De Etiquetado,0.864
El País,Leandro Santoro,0.864
Angela Merkel,Política,0.864
Anticomunismo,Daniel Ortega,0.864
Anticoncepción,Argentina,0.864
Elecciones,O Sea Digamos,0.864
Antipolítica,Francia Márquez,0.864
Anticomunismo,Nicaragua,0.864
Bolivia,Xiomara Castro,0.864
Argentina,Maternidad Temprana,0.864
Marcos Peña,Mauricio Macri,0.864
Milei,Tucumán,0.864
Mundial 2026,Tenis,0.864
Bukele,Claudia Sheinbaum,0.864
Discursos Odio,Liberalismo,0.864
Furia Travesti,Punitivismo,0.864
Futuro Imperfecto,Moda Y Medios,0.864
Ley Bases,Patricia Bullrich,0.864
Julia Mengolini,Liberalismo,0.864
America Latina,Sergio Massa,0.864
Nahir Galarza,Triple Femicidio,0.864
America Latina,Internacional,0.864
Derechos Humanos,Nietos,0.864
Boca Juniors,Maradona,0.864
Bell Hooks,Masculinidades,0.864
Discurso,Fallo Contra Cfk,0.864
Libertad,Manuel Adorni,0.864
Marcos Peña,Retenciones,0.864
Argentina,Salud Sexual Y Reproductiva,0.864
Bolivia,Honduras,0.864
Axel Kicillof,María Eugenia Vidal,0.864
Feminismos Afro,Masculinidades,0.864
Lgbttinb+,Revolución Federal,0.864
Alimentación,Crisis 2001,0.864
Horacio Rodríguez Larreta,Juntos Por El Cambio,0.864
Elites,Honduras,0.864
Crisis 2001,Protesta Social,0.864
Nacionalismo,Peronismo,0.864
Elecciones Legislativas 2021,Nicaragua,0.864
Ecuador,Izquierdas,0.863
Honduras,Lavagna,0.863
Hipersticion,Victoria Villarruel,0.863
Hijos De Represores,Nietos,0.863
Folklore,Redonditos De Ricota,0.863
Escritura,Ficción,0.863
Escuela De Política Y Gobierno,Patricia Bullrich,0.863
Progresismo,Santa Fe,0.863
A 20 Años Del Estallido,Desigualdad,0.863
Política,Revolución Federal,0.863
Donald Trump,Guyana,0.863
Culturahype,Victoria Villarruel,0.863
Democracia,Gustavo Petro,0.863
Democracia,Elecciones 2023,0.863
Danza,Ilustraciones,0.863
Glosario De La Crisis,Precios,0.863
Paco Ignacio Taibo Ii,Patrimonio Cultural,0.863
Campo,Crisis,0.863
Crisis,Retenciones,0.863
Agronegocios,Crisis,0.863
Día Internacional De La Eliminación De La Violencia Contra Las Mujeres,Identidades No Binarias,0.863
Evo Morales,Venezuela,0.863
Democracia,Kirchnerismo,0.863
A 20 Años Del Estallido,Francia Márquez,0.863
Escuela De Política Y Gobierno,Nicolas Maduro,0.863
A 20 Años Del 2001,Protesta Social,0.863
Libertad,Perfil Político,0.863
Discurso,Peronismo,0.863
Libros,Obra Pública,0.863
Beca Cosecha Anfibia,Festival Anfibio,0.863
Bolivia,Bukele,0.863
#Viajosola,Nahir Galarza,0.863
Claudia Sheinbaum,Liberalismo,0.863
Libros,Puente Rosario Victoria,0.863
Lgbttinb+,Política,0.863
Axel Kicillof,Comedores Comunitarios,0.863
Juan Grabois,Manuel Adorni,0.863
Luis Miguel,Zapping Cultural,0.863
Claudia Sheinbaum,Frente De Izquierda,0.863
Juicios De Lesa Humanidad,Lesa Humanidad,0.863
Furia Travesti,Géneros,0.863
Elecciones 2023,Paro General,0.863
Anticomunismo,Democracia,0.863
Apropiación Cultural,Racismo En Argentina,0.863
Conurbano,Gastronomía,0.863
Ilustraciones,Movimiento,0.863
Comedores Comunitarios,Ley Ómnibus,0.863
Ley Omnibus,Victoria Villarruel,0.863
Asociación Del Fútbol Argentino,Tenis,0.863
Axel Kicillof,Manuel Adorni,0.863
Comunicación Política,Leda-Unsam,0.863
Anticomunismo,Karina Milei,0.863
Lavagna,Xiomara Castro,0.863
Crueldad,Kirchnerismo,0.863
Ecuador,Protesta Social,0.863
Culturahype,Federalismo,0.863
Canadá,Mundial De Fútbol,0.863
Hegemonía,Neoliberalismo,0.863
Chile Convención Constituyente Internacional,Partidos Políticos,0.863
Cancelación,Géneros,0.863
Gabriel García Márquez,Paco Ignacio Taibo Ii,0.863
Géneros,Terf,0.863
Géneros,Vínculos,0.863
Política,Sergio Massa,0.863
Rosariocronica,Violencia Institucional,0.863
24M: Día De La Memoria Por La Verdad Y La Justicia,Femicidios,0.863
Kirchnerismo,Sergio Massa,0.863
24M: Día De La Memoria Por La Verdad Y La Justicia,Crimen,0.863
Ilustraciones,Melisa Zulberti,0.863
Angela Merkel,Ciudad Futura,0.863
Ilustraciones,Posguerra,0.863
Juntos Por El Cambio,Karina Milei,0.863
Feminismo Negro,Juntos Por El Cambio,0.863
Anses,Estado,0.863
Angela Merkel,Sergio Massa,0.863
Anses,Elites,0.863
Interseccionalidad,Lavagna,0.863
Interseccionalidad,Juntos Por El Cambio,0.863
Feminismo Negro,Lavagna,0.863
Elecciones 2023,Lavagna,0.863
Femicidios,Punitivismo,0.863
Bukele,Kirchnerismo,0.863
Federalismo,Kirchnerismo,0.863
Elecciones Legislativas 2021,Leda-Unsam,0.863
Eduardo Duhalde,Frente De Todos,0.863
Folklore,Fundamentalistas Del Aire Acondicionado,0.863
Ni Una Menos,Vínculos,0.863
Federalismo,Hipersticion,0.863
Horacio Rodríguez Larreta,Santa Fe,0.863
Ley Bases,Ley Ómnibus,0.863
Anticomunismo,Política,0.863
Derechos Humanos,Racismo,0.862
Honduras,Peronismo,0.862
Embarazos,Identidades No Binarias,0.862
Encuentro Anfibio,Perfil,0.862
Campo,Javier Milei,0.862
Cine Argentino,Hbo,0.862
Peronismo,Xiomara Castro,0.862
Derechas,Izquierdas,0.862
Epistemología,Teatro,0.862
Derechos Humanos,Represión,0.862
Afectos,Orgullo,0.862
Agronegocios,Javier Milei,0.862
Cine,Hbo,0.862
G20,Protesta Social,0.862
Derechas,Martín Guzmán,0.862
Gobernadores,Sin Control 2,0.862
2001,Discapacidad,0.862
A 20 Años Del 2001,A 20 Años Del Estallido,0.862
Evo Morales,Piñera,0.862
A 20 Años Del 2001,Liberalismo,0.862
Carnaval,Puerto Madryn,0.862
$Libra,Victoria Villarruel,0.862
#Viajosola,Día Internacional De La Eliminación De La Violencia Contra Las Mujeres,0.862
Escuela Idaes,Transporte,0.862
Política,Transporte,0.862
Afectos,Identidades No Binarias,0.862
Alimentación,Ecuador,0.862
Alemania,Derechas,0.862
Elites,Perfil Político,0.862
Criptogate,Sergio Massa,0.862
Identidades No Binarias,Lo Real Real,0.862
Angela Merkel,Paso,0.862
Murgas,Puerto Madryn,0.862
Murakami,Netflix,0.862
Movimientos Sociales,Perfil Político,0.862
Movilización,Perfil Político,0.862
Femicidios,Orgullo,0.862
América Latina,Política,0.862
Desaparecidos,Esquizofrenia,0.862
Ecuador,Santa Fe,0.862
Juntos Por El Cambio,Nacionalismo,0.862
Caba,Elecciones,0.862
Narcotráfico,Rosariocronica,0.862
Nancy Fraser,Venezuela,0.862
Criptomonedas,Juegos Olímpicos Paris 2024,0.862
Mauricio Macri,Sergio Massa,0.862
Dictadura,Laboratorio De No Ficción Creativa,0.862
Manuel Adorni,Mascotas,0.862
Manuel Adorni,Natalidad,0.862
Izquierdas,Silvina Batakis,0.862
Izquierdas,Piñera,0.862
Comedores Comunitarios,Tucumán,0.862
Comunicación Política,Crueldad,0.862
Bolivia,Perfil Político,0.862
Comunicación Política,Federalismo,0.862
Literatura,Pedro Lemebel,0.862
Feminismos,Tango,0.862
Javier Milei,Política,0.862
Liberalismo,Lunes Negro,0.862
Jubilados,Movilización,0.862
Discapacidad,Violencia Institucional,0.862
Javier Milei,Retenciones,0.862
Ba,Ley De Glaciares,0.862
Cristina Fernández De Kirchner,Daniel Ortega,0.861
Ciudad Futura,Democracia,0.861
Cine,Escrituras Autobiográficas,0.861
Caba,María Eugenia Vidal,0.861
Liberalismo,Randazzo,0.861
Liberalismo,Tucumán,0.861
Discursos Odio,Elecciones 2023,0.861
$Libra,Liberalismo,0.861
Fascismo,Libertarios,0.861
Horacio Rodríguez Larreta,Peronismo,0.861
Horacio Rodríguez Larreta,Ucr,0.861
Cristina Fernández De Kirchner,Frente De Izquierda,0.861
Neoliberalismo,Precios,0.861
Desaparecidos,Periodismo Narrativo,0.861
Ciudad Futura,Interseccionalidad,0.861
Agua,Crónicas,0.861
America Latina,El Salvador,0.861
Cristina Fernández De Kirchner,Nicaragua,0.861
Comedores Comunitarios,Comunicación Política,0.861
Nacionalismo,Unión Por La Patria,0.861
Ley De Glaciares,Servicio Meteorológico Nacional,0.861
Cristina Fernández De Kirchner,Un Año De Milei,0.861
Patrimonio Cultural,Pizarnik,0.861
Cfk,Santa Fe,0.861
Ley De Glaciares,Océano,0.861
Cine,Imprenteros,0.861
Cine,Series,0.861
Incendio,Lenguajes,0.861
Moria Casán,Pakapaka,0.861
Crónicas,Inundación,0.861
Géneros,Orgullo,0.861
Cfk,Liberalismo,0.861
Menopausia,Shakespeare,0.861
Angela Merkel,Kirchnerismo,0.861
Angela Merkel,Liberalismo,0.861
Libertad,Marxismo,0.861
Inflación,Martín Guzmán,0.861
Elecciones 2023,Política Exterior,0.861
Cop26,Recursos Naturales,0.861
Gabriel García Márquez,Pizarnik,0.861
Escuela Idaes,Homofobia,0.861
Juicios De Lesa Humanidad,Poder Judicial,0.861
Ley Omnibus,Sergio Massa,0.861
Después Del Virus,Terapias Alternativas,0.861
Inundaciones,Ley De Glaciares,0.861
Anses,Silvina Batakis,0.861
Escuela Idaes,Visibilidad Lésbica,0.861
A 20 Años Del Estallido,Gustavo Petro,0.861
Masculinidades,Menopausia,0.861
Elecciones 2023,Julia Mengolini,0.861
Donald Trump,El Salvador,0.861
Francia Márquez,Liberalismo,0.861
Elecciones,Silvina Batakis,0.861
Elecciones 2023,Fake News,0.861
A 20 Años Del Estallido,Claudia Sheinbaum,0.861
Lgbt,Opus Dei,0.861
Antipolítica,Sergio Massa,0.861
Archivo,Danza,0.861
Archivo,Melisa Zulberti,0.861
Archivo,Movimiento,0.861
Archivo,Posguerra,0.861
Progresismo,Silvina Batakis,0.861
Provincias,Tucumán,0.861
Lunes Negro,Tucumán,0.861
Arte Digital,Escuela De Arte Y Patrimonio,0.861
Financiamiento Narco,Paro General,0.861
Causa Andis,Un Año De Milei,0.861
Economía Popular,Trabajo,0.861
Francia Márquez,G20,0.861
Lgbtiq+,Vínculos,0.861
Gordoodio,Series,0.861
Feria Del Libro,Libros,0.861
Axel Kicillof,Populismo,0.861
Axel Kicillof,Presupuesto 2025,0.861
Ciudad Futura,Feminismo Negro,0.861
Estallido En Chile,Proceso Constituyente,0.861
Financiamiento Narco,Un Año De Milei,0.861
Causa Andis,Paro General,0.861
Estallido En Chile,Internacional,0.86
Incendios,Incendios Forestales,0.86
Corrupción,Política Exterior,0.86
Corrupción,Marcos Peña,0.86
Movimiento,Mutek,0.86
Cosas Que Funcionan,Sequía,0.86
Cosas Que Funcionan,Monterrey,0.86
Cosas Que Funcionan,Instituto Llilas,0.86
Cuidados,Opus Dei,0.86
Axel Kicillof,Mauricio Macri,0.86
Perú,Piñera,0.86
Elecciones Legislativas 2021,Escuela Idaes,0.86
Amplify,Danza,0.86
Campo,Nancy Fraser,0.86
Donald Trump,Surinam,0.86
Humedales,Litio,0.86
Memoria Trans,Testimonios,0.86
Cordobesismo,Giorgia Meloni,0.86
Mutek,Posguerra,0.86
Crueldad,Neoliberalismo,0.86
Agronegocios,Nancy Fraser,0.86
Clase Obrera,Sindicalismo,0.86
Gran Hermano,Nietos,0.86
Giorgia Meloni,Sergio Massa,0.86
Giorgia Meloni,Santa Fe,0.86
Angela Merkel,Piñera,0.86
Escuela Idaes,Protesta Social,0.86
Abuso Sexual,Encuesta De Qué Viven,0.86
Abuso Sexual,Cupo Laboral Trans,0.86
Abuso Sexual,Shakespeare,0.86
Memoria Trans,Violencia De Género,0.86
Melisa Zulberti,Mutek,0.86
Desigualdad,Economía,0.86
Fito Páez,Trap,0.86
Evo Morales,G20,0.86
Danza,Mutek,0.86
Democracia,Fuerzas De Seguridad,0.86
Globos De Oro,Pedro Almodóvar,0.86
Colombia,Venezuela,0.86
Colombia,Seguridad,0.86
8M,Afectos,0.86
7M,Sebastián Piñera,0.86
Crisis 2001,Rosariocronica,0.86
Crisis 2001,Orgullo,0.86
Disidencias Sexuales,Tango,0.86
Leda-Unsam,Redes Sociales,0.86
Alimentación,Atentado A Cristina,0.86
Marxismo,Policiriss,0.86
Frente De Todos,Paso,0.86
Discapacitados,Marxismo,0.86
Artesdigitales,Danza,0.86
A 20 Años Del 2001,Derechas,0.86
Colombia,Escuela De Política Y Gobierno,0.86
Narco,Pobreza,0.86
Nancy Fraser,Retenciones,0.86
America Latina,Comedores Comunitarios,0.86
Carlos Saúl Menem,Liberalismo,0.86
Caparros,Literatura,0.86
Jujuy,Perfil Político,0.86
Jujuy,Represión,0.86
Cristina Fernández De Kirchner,Ley Bases,0.86
Alberto Fernández,Bolivia,0.86
Izquierdas,Partido Republicano,0.86
Ara San Juan,Malvinas,0.86
Maradona,Mundial 2026,0.86
Antipolítica,Progresismo,0.86
Artesdigitales,Posguerra,0.86
Artesdigitales,Movimiento,0.86
Artesdigitales,Melisa Zulberti,0.86
Terapias Alternativas,Vih,0.86
2001,Buenos Aires,0.86
Amplify,Posguerra,0.86
Amplify,Movimiento,0.86
Amplify,Melisa Zulberti,0.86
8M: Paro Internacional Y Plurinacional De Mujeres Y Disidencias,Nahir Galarza,0.86
Caba,Randazzo,0.86
Derechas,Neoliberalismo,0.86
Derechas,Unsam,0.86
La Columna De Zambra,Zambra,0.86
Cine,El Eternauta,0.859
Amazon Prime,Euphoria,0.859
2001,Alimentación,0.859
$Libra,Derechas,0.859
Giorgia Meloni,Progresismo,0.859
Horacio Rodríguez Larreta,Marcos Peña,0.859
Comedores Comunitarios,Nancy Fraser,0.859
Comedores Comunitarios,Movilización,0.859
#Niunamenos,Vínculos,0.859
A 20 Años Del 2001,Fallo Contra Cfk,0.859
A 20 Años Del 2001,Nicaragua,0.859
Justicia,Migración,0.859
Antipolítica,Gustavo Petro,0.859
Juntos Por El Cambio,Movimientos Sociales,0.859
Agua,Ambientalismo,0.859
Narcotráfico,Violencia,0.859
Crisis,Ley Bases,0.859
Deudas,Mitos Impuestos,0.859
Lula Da Silva,Turismo,0.859
Protesta Social,Violencia Institucional,0.859
A 20 Años Del 2001,Daniel Ortega,0.859
Ciencia,Nazismo,0.859
Crueldad,Desigualdad,0.859
Derechas,Lunes Negro,0.859
Nancy Fraser,Sergio Massa,0.859
Martín Guzmán,María Eugenia Vidal,0.859
Derechos Humanos,Fuerzas De Seguridad,0.859
Bosque,La Columna De Zambra,0.859
Antipolítica,Elecciones 2023,0.859
Amazon Prime,Zendaya,0.859
Colombia,Nicolas Maduro,0.859
Jorge Macri,Kirchnerismo,0.859
Embarazos,Patriarcado,0.859
Elecciones 2023,Gustavo Petro,0.859
Izquierdas,Liberalismo,0.859
Atentado A Cristina,Cristina Fernández De Kirchner,0.859
Masculinidades,Orgullo,0.859
Ecuador,Neoliberalismo,0.859
Murakami,Sex And The City,0.859
Amistad,Murakami,0.859
Amia,Embajada De Israel,0.859
2X1 A Genocidas,Justicia,0.859
Julia Mengolini,Medios De Comunicación,0.859
Perfil,Periodismo,0.859
Chile Convención Constituyente Internacional,Estallido En Chile,0.859
Bruno Stagnaro,Cine,0.859
Ley De Etiquetado,Unsam,0.859
Música,Palito Ortega,0.859
Democracia,Violencia Institucional,0.859
Nicaragua,Peronismo,0.859
Gordoodio,Laura Casabé,0.859
Fake News,Medios De Comunicación,0.859
Gordoodio,Terror,0.859
Adicciones,Madres De Plaza De Mayo,0.859
Claudia Sheinbaum,Randazzo,0.859
Bolivia,Colombia,0.859
Fallo Contra Cfk,Política,0.859
Elecciones Legislativas 2021,Horacio Rodríguez Larreta,0.859
Axel Kicillof,Kirchnerismo,0.859
Discursos Odio,Medios De Comunicación,0.859
Cuidados,Ni Una Menos,0.859
Axel Kicillof,Martín Guzmán,0.859
Lo Real Real,Patriarcado,0.859
Teatro,Zapping Cultural,0.859
Gordoodio,La Virgen De La Tosquera,0.859
Adolescencias,Territorio Educativo,0.859
Petróleo,Transición Energética,0.859
Daniel Ortega,Peronismo,0.859
Hbo,Pakapaka,0.859
El País,Ley Ómnibus,0.859
Anses,Leda-Unsam,0.859
Estados Unidos,Hegemonía,0.859
Santa Fe,Wado De Pedro,0.859
Comedores Comunitarios,Jubilados,0.858
Bahía Blanca,Depresión,0.858
Francia,Guayana Francesa,0.858
El Salvador,Javier Milei,0.858
A 20 Años Del 2001,Ecuador,0.858
Frente De Todos,Unión Por La Patria,0.858
Caparros,Gabriel García Márquez,0.858
Hijos De Represores,Maternidades,0.858
Crisis,Leda-Unsam,0.858
Fuerzas De Seguridad,G20,0.858
Ley Ómnibus,Peronismo,0.858
Breaking Bad,Globos De Oro,0.858
Nahir Galarza,Shakespeare,0.858
Comedores Comunitarios,Fascismo,0.858
Netflix,Premios Oscar,0.858
A 20 Años Del Estallido,Bolivia,0.858
Claudia Sheinbaum,Internacional,0.858
3J,Día Internacional De La Eliminación De La Violencia Contra Las Mujeres,0.858
Anticomunismo,Xiomara Castro,0.858
Nancy Fraser,Ucr,0.858
Kirchnerismo,Martín Guzmán,0.858
Orgullo,Testimonios,0.858
Higui,Vínculos,0.858
Lesa Humanidad,Vialidad,0.858
Daniel Ortega,Patricia Bullrich,0.858
Comunicación Política,Lavagna,0.858
Crisis Climática,Recursos Naturales,0.858
#Anfibia10Años,Testosterona,0.858
Estallido En Chile,Perú,0.858
América Latina,Unsam,0.858
Literatura,Teatro,0.858
Comedores Comunitarios,Misiones,0.858
Feria Del Libro,La Cámpora,0.858
Asociación Del Fútbol Argentino,Juan Román Riquelme,0.858
#Blacklivesmatter,Racismo En Argentina,0.858
Perfil Político,Wado De Pedro,0.858
Fallo Contra Cfk,Nancy Fraser,0.858
Angela Merkel,Campo,0.858
Géneros,Tango,0.858
El Salvador,Nacionalismo,0.858
Géneros,Violencia De Género,0.858
Patricia Bullrich,Sergio Massa,0.858
3J,Lgbt,0.858
America Latina,Unsam,0.858
Agronegocios,Angela Merkel,0.858
Bukele,Cfk,0.858
El Salvador,Juan Grabois,0.858
24M: Día De La Memoria Por La Verdad Y La Justicia,Juicios De Lesa Humanidad,0.858
Nicaragua,Patricia Bullrich,0.858
Política,Violencia Institucional,0.858
Migración,Violencia Institucional,0.858
Caparros,Patrimonio Cultural,0.858
Basta Chicos,Pantallas,0.858
Gobernadores,Libertad,0.858
Better Call Saul,Globos De Oro,0.858
Amazon Prime,Cine,0.858
Marxismo,Nicaragua,0.858
Escuela De Política Y Gobierno,Santa Fe,0.858
Escuela De Política Y Gobierno,Silvina Batakis,0.858
Daniel Ortega,Marxismo,0.858
Angela Merkel,Retenciones,0.858
Anses,Crueldad,0.858
Internacional,Nicolas Maduro,0.858
Criptomonedas,Redes Sociales,0.858
Elecciones Legislativas 2021,Libertad,0.858
Juan Grabois,Tucumán,0.858
Cambio Climático,Energía Atómica,0.858
Anticomunismo,Honduras,0.858
Mediáticos,Pantallas,0.858
Nancy Fraser,Nicolas Maduro,0.858
Donald Trump,Elites,0.858
Archivo,Vih/Sida,0.858
Identidades No Binarias,Pedro Almodóvar,0.858
Jubilados,Ley Bases,0.858
Bolivia,Claudia Sheinbaum,0.858
Derechas,España,0.858
Derechos Sociales,Industria Textil,0.857
Crisis,Visibilidad Lésbica,0.857
Homofobia,Marielle Franco,0.857
Homofobia,Unsam,0.857
Nicolás Maduro,Violencia Cívica,0.857
Ecuador,Ucr,0.857
Ni Una Menos,Terf,0.857
Cepo,Derechos Sociales,0.857
Cepo,Politicas Económicas,0.857
Culturas,Tinder,0.857
Comunicación Política,Congreso,0.857
Alberto Fernández,Ley Bases,0.857
Ajuste,Cepo,0.857
Ajuste,Comedores Comunitarios,0.857
Ajuste,Industria Textil,0.857
Crisis,Homofobia,0.857
Comedores Comunitarios,Derechos Sociales,0.857
Luis Miguel,Netflix,0.857
Donald Trump,Elon Musk,0.857
A 20 Años Del 2001,Ciudad Futura,0.857
El Salvador,Giorgia Meloni,0.857
Claudia Sheinbaum,Giorgia Meloni,0.857
Cfk,Elecciones 2023,0.857
Carnaval,Urbanismo,0.857
Feminismos,Nahir Galarza,0.857
China,Nueva Ruta De La Seda,0.857
Leandro Santoro,Randazzo,0.857
A 20 Años Del 2001,Xiomara Castro,0.857
Comunicación Política,Sin Control 2,0.857
Marielle Franco,Visibilidad Lésbica,0.857
A 20 Años Del Estallido,Ciudad Futura,0.857
A 20 Años Del 2001,Nicolas Maduro,0.857
Ciudad Futura,Francia Márquez,0.857
Carnaval,Ciudades,0.857
Juntos Por El Cambio,Movilización,0.857
Citas,Culturas,0.857
Lgbt,Rosario,0.857
Crisis,Javier Milei,0.857
Bolivia,Seguridad,0.857
#Viajosola,Visual,0.857
A 20 Años Del 2001,Honduras,0.857
Feria Del Libro,Ficción,0.857
Elecciones 2023,Fascismo,0.857
El Salvador,Política,0.857
Lenguaje Inclusivo,Shakespeare,0.857
Comedores Comunitarios,Politicas Económicas,0.857
El Eternauta,Globos De Oro,0.857
Furia Travesti,Ni Una Menos,0.857
Patricia Bullrich,Perú,0.857
Deudas,Martín Guzmán,0.857
Cordobesismo,Martín Guzmán,0.857
Elecciones 2023,Ley Omnibus,0.857
Criptogate,Karina Milei,0.857
Cristina Fernández De Kirchner,Sin Control 2,0.857
Murgas,Urbanismo,0.857
Espionaje,Poder Judicial,0.857
Discursos De Odio,Escuela Idaes,0.857
Cumbia Villera,Vínculos,0.857
Alemania,Santa Fe,0.857
Festival Anfibio,Futuro Imperfecto Vol 3,0.857
Comedores Comunitarios,Paro General,0.857
Lavagna,Sergio Massa,0.857
Bloquons Tout,Comedores Comunitarios,0.857
Bloquons Tout,Industria Textil,0.857
Ciudades,Murgas,0.857
Bruno Stagnaro,Globos De Oro,0.857
Cancelación,Triple Femicidio,0.857
Chile,Especial Chile,0.857
Cancelación,Ni Una Menos,0.857
Bloquons Tout,Cepo,0.857
#Viajosola,Moda,0.857
#Niunamenos,3J,0.857
Terf,Triple Femicidio,0.857
Tecnoceno,Tecnologías,0.857
Furia Travesti,Triple Femicidio,0.857
Corrupción,Progresismo,0.857
Femicidio,Maternidades,0.857
Industria Textil,Politicas Económicas,0.857
Unsam,Visibilidad Lésbica,0.857
Cfk,Gobernadores,0.857
2001,Podcast,0.856
$Libra,Provincias,0.856
Shakespeare,Triple Femicidio,0.856
Corrupción,Patricia Bullrich,0.856
Desigualdad,Leda-Unsam,0.856
Crisis,Política,0.856
2001,Narcotráfico,0.856
Alberto Fernández,Unión Por La Patria,0.856
Oficialismo,Politica Exterior,0.856
Alemania,Elecciones 2023,0.856
Rigi,Transición Energética,0.856
Afjp,Javier Milei,0.856
Julián Kartun,Roberto Jacoby,0.856
Julia Mengolini,Política,0.856
Bruno Stagnaro,Campo De Mayo,0.856
América Latina,Escuela Idaes,0.856
Movimientos Sociales,Un Año De Milei,0.856
Escuela De Política Y Gobierno,Julia Mengolini,0.856
Fallo Contra Cfk,Karina Milei,0.856
Angela Merkel,Internacional,0.856
Roberto Jacoby,Soledad Pastorutti,0.856
Cosquín,Roberto Jacoby,0.856
Corrupción,Elecciones,0.856
Milo J,Roberto Jacoby,0.856
Campo De Mayo,El Eternauta,0.856
Congreso,Movilización,0.856
Federalismo,Política,0.856
Comunicación Política,Provincias,0.856
Escuela De Política Y Gobierno,Fake News,0.856
Dictadura,Rosariocronica,0.856
Paro General,Sergio Massa,0.856
Elecciones,Julia Mengolini,0.856
A 20 Años Del Estallido,Angela Merkel,0.856
A 20 Años Del 2001,Sergio Massa,0.856
Antipolítica,Perfil Político,0.856
Política,Santa Fe,0.856
Gas,Politica Exterior,0.856
Interseccionalidad,Randazzo,0.856
Gas,Hegemonía,0.856
Democracia,Escuela De Política Y Gobierno,0.856
A 20 Años Del Estallido,Liberalismo,0.856
Feminismo Negro,Randazzo,0.856
Estados Unidos,Nueva Ruta De La Seda,0.856
A 20 Años Del Estallido,Discapacidad,0.856
Anticomunismo,Hegemonía,0.856
Hegemonía,Oficialismo,0.856
Discursos Odio,Política,0.856
Murgas,San Martín,0.856
Criptogate,Manuel Adorni,0.856
Mex Urtizberea,Roberto Jacoby,0.856
Angela Merkel,Italia,0.856
Dólar,Martín Guzmán,0.856
Carnaval,San Martín,0.856
Literatura,Obra Pública,0.856
Claudia Sheinbaum,Derechas,0.856
Lito Vitale,Roberto Jacoby,0.856
Bolivia,Elecciones Legislativas 2021,0.856
Discursos Odio,Elecciones,0.856
Literatura,Puente Rosario Victoria,0.856
G20,Gustavo Petro,0.856
Cazzu,Roberto Jacoby,0.856
8M: Paro Internacional Y Plurinacional De Mujeres Y Disidencias,Femicidios,0.856
Fascismo,Perfil Político,0.856
España,Juan Román Riquelme,0.856
Atentado A Cristina,Política,0.856
Bolivia,Internacional,0.856
Bolivia,Marcos Peña,0.856
A 20 Años Del 2001,Juan Grabois,0.856
Archivo,Laboratorio De Periodismo Performático,0.856
Fuerzas De Seguridad,Revolución Federal,0.856
Gobernadores,Nacionalismo,0.856
Elecciones,Fake News,0.856
Fake News,Política,0.856
Alemania,Paso,0.856
Comunicación Política,Juan Grabois,0.856
Crisis,Gobierno,0.856
Pakapaka,Tecnologías De Género,0.856
Antipolítica,Ciudad Futura,0.856
Carlos Saúl Menem,Podcast,0.856
Liliana Herrero,Roberto Jacoby,0.856
Diego Maradona,Tenis,0.856
Falklore,Roberto Jacoby,0.856
Bosque,Caparros,0.856
Discursos Odio,Escuela De Política Y Gobierno,0.856
Internacional,Kamala Harris,0.855
Elecciones 2023,Llaryora,0.855
Internacional,Partido Demócrata,0.855
Pedro Pascal,Series,0.855
America Latina,Interseccionalidad,0.855
Batalla Cultural,Cristina Fernández De Kirchner,0.855
Batalla Cultural,Elecciones 2023,0.855
Boca Juniors,Mundial 2026,0.855
Libertad,Movilización,0.855
Movimientos Sociales,Protesta Social,0.855
America Latina,Feminismo Negro,0.855
Afjp,Crisis,0.855
Bukele,Piñera,0.855
América Latina,Perfil Político,0.855
Caparros,Luis Majul,0.855
Gabrielboric,Perú,0.855
Agronegocios,Axel Kicillof,0.855
2001,Fuerzas De Seguridad,0.855
Estallido En Chile,Gabrielboric,0.855
Hipersticion,Provincias,0.855
Crisis,Un Año De Milei,0.855
O Sea Digamos,Perfil Político,0.855
Violencia Policial,Violencias,0.855
Estallido En Chile,Irinakaramanos,0.855
Series,The Last Of Us,0.855
Corrupción,Hipersticion,0.855
Crónica,Filba,0.855
Masculinidades,Rugby,0.855
Elecciones 2023,Giorgia Meloni,0.855
Colombia,Progresismo,0.855
Política,Ucr,0.855
Eduardo Duhalde,Fotoperiodismo,0.855
Partido Republicano,Piñera,0.855
Italia,Izquierdas,0.855
A 20 Años Del Estallido,Alimentación,0.855
Congreso,Perfil Político,0.855
Irinakaramanos,Perú,0.855
Gustavo Petro,Liberalismo,0.855
Beca Cosecha Anfibia,Pensamiento Contemporáneo,0.855
Elecciones,Movimientos Sociales,0.855
Día Internacional De La Eliminación De La Violencia Contra Las Mujeres,Encuesta De Qué Viven,0.855
Ecuador,El Salvador,0.855
Federalismo,Patricia Bullrich,0.855
Carlos Saúl Menem,Un Año De Milei,0.855
Capitalismo Digital,Plataformas,0.855
Cfk,Escuela De Política Y Gobierno,0.855
Donald Trump,Piñera,0.855
Fernando Báez Sosa,Juicios De Lesa Humanidad,0.855
A 20 Años Del Estallido,Derechas,0.855
Elecciones 2023,Pacto De Mayo,0.855
Clase Obrera,Derecho A La Desconexión,0.855
America Latina,Perfil Político,0.855
Crueldad,Perfil Político,0.855
Crimen De Odio,Lgbt,0.855
Criptogate,Elecciones 2023,0.855
Inflación,Sistema Bancario,0.855
Corrupción,Culturahype,0.855
Cupo Laboral Trans,Día Internacional De La Eliminación De La Violencia Contra Las Mujeres,0.855
Gendarmería,Trasplante De Órganos,0.855
Conurbano,Inquilinxs,0.855
Arte,Vih/Sida,0.855
A 20 Años Del 2001,Ley Bases,0.855
Comedores Comunitarios,Visibilidad Lésbica,0.855
Evo Morales,Izquierdas,0.855
Atentado A Cristina,Feminismo Negro,0.855
Alfabetismos Aumentados,Clase Obrera,0.855
Alemania,Silvina Batakis,0.855
Energía,Energía Nuclear,0.855
Comedores Comunitarios,Homofobia,0.855
Ambiente,Bahía Blanca,0.855
Frente De Izquierda,Kirchnerismo,0.855
Progresismo,Sin Control 2,0.855
Alberto Fernández,Comunicación Política,0.855
Botánica,Libros,0.855
Culturahype,Provincias,0.855
A 20 Años Del 2001,Giorgia Meloni,0.855
Alimentación,Crisis,0.855
Liberalismo,María Eugenia Vidal,0.855
Democracia,Seguridad,0.855
Axel Kicillof,Cordobesismo,0.855
Atentado A Cristina,Interseccionalidad,0.855
Axel Kicillof,Campo,0.855
Claudia Sheinbaum,Colombia,0.855
Nicolas Maduro,Surinam,0.855
8M,Menopausia,0.855
Axel Kicillof,Retenciones,0.855
Artlab,Trap,0.855
Axel Kicillof,Cfk,0.855
Gobierno,Transporte,0.855
Tecnología Y Sociedad,Terapias Alternativas,0.855
Ciudad Futura,Movimientos Sociales,0.855
Fascismo,Piñera,0.855
Caba,Marcos Peña,0.855
Caba,Política,0.855
#Niunamenos,Cuidados,0.855
Derechos Sociales,Inflación,0.854
Fascismo,Javier Milei,0.854
Libertarios,Política,0.854
El Salvador,Partido Republicano,0.854
Basta Chicos,Redes Sociales,0.854
Batalla Cultural,Elecciones,0.854
Bloquons Tout,Inflación,0.854
Comedores Comunitarios,Escuela Idaes,0.854
Randazzo,Xiomara Castro,0.854
Derechos Humanos,Patriarcado,0.854
24M: Día De La Memoria Por La Verdad Y La Justicia,Periodismo Narrativo,0.854
3J,Homofobia,0.854
3J,Visibilidad Lésbica,0.854
Ecuador,Kirchnerismo,0.854
Claudia Sheinbaum,Martín Guzmán,0.854
Ba,Bahía Blanca,0.854
Financiamiento Narco,Provincias,0.854
Clarín,Lesa Humanidad,0.854
Claudia Sheinbaum,Juntos Por El Cambio,0.854
Honduras,Randazzo,0.854
Crisis 2001,Unsam,0.854
Ajuste,Inflación,0.854
Casa Rosada,Futuro Imperfecto Vol 3,0.854
Frente De Todos,Pro,0.854
2001,Escuela Idaes,0.854
$Libra,Política Exterior,0.854
Estado,Transporte,0.854
$Libra,Elecciones 2023,0.854
Honduras,Perfil Político,0.854
Causa Andis,Provincias,0.854
Discursos Odio,Peronismo,0.854
Desigualdad,Transporte,0.854
Adorni,Carlos Saúl Menem,0.854
Elites,Nicolas Maduro,0.854
Frente De Todos,Movimientos Sociales,0.854
Alejandro Zambra,Pizarnik,0.854
Axel Kicillof,Llaryora,0.854
Desarrollo,Transgénicos,0.854
Democracia,Discapacidad,0.854
Feminismos,Lgbt,0.854
Identidades No Binarias,Ni Una Menos,0.854
Guerra De Aranceles,Sin Control 2,0.854
Fuerzas De Seguridad,Perfil Político,0.854
America Latina,Peronismo,0.854
Italia,Uruguay,0.854
Guayana Francesa,Guyana,0.854
Guerra De Aranceles,Javier Milei,0.854
Guerra De Aranceles,O Sea Digamos,0.854
Cupo Laboral Trans,Triple Femicidio,0.854
A 20 Años Del 2001,Antipolítica,0.854
Discapacidad,Ley De Etiquetado,0.854
America Latina,Campo,0.854
Encuesta De Qué Viven,Triple Femicidio,0.854
Hegemonía,Transporte,0.854
Fake News,Peronismo,0.854
Axel Kicillof,Pacto De Mayo,0.854
Martín Guzmán,Neoliberalismo,0.854
Piñera,Progresismo,0.854
Plataformas,Teletrabajo,0.854
Angela Merkel,Colombia,0.854
Cfk,Movilización,0.854
Perfil Político,Xiomara Castro,0.854
Adorni,Peronismo,0.854
Adorni,Política Exterior,0.854
Capitalismo,Capitalismo Digital,0.854
Elecciones,Ley Bases,0.854
Irinakaramanos,Jujuy,0.854
Anticomunismo,Política Exterior,0.854
Euphoria,Moria Casán,0.854
Inflación,Politicas Económicas,0.854
Deuda Externa,Fondos Buitre,0.854
Menopausia,Triple Femicidio,0.854
Adolescencias,Cárceles,0.854
Gabrielboric,Jujuy,0.854
Perfil Político,Unsam,0.854
Perfil Político,Unión Por La Patria,0.854
America Latina,Retenciones,0.854
Moria Casán,Zendaya,0.854
Mediáticos,Redes Sociales,0.854
Convención Constituyente,Partidos Políticos,0.854
Elecciones 2023,Frente De Izquierda,0.854
Julia Mengolini,Peronismo,0.854
Ley De Glaciares,Océanos,0.854
Agronegocios,America Latina,0.854
Canadá,Viajes,0.854
Cepo,Desigualdad,0.853
Estados Unidos,Unión Europea,0.853
Estados Unidos,Vladímir Putin,0.853
Daniel Ortega,Martín Guzmán,0.853
3J,Disidencias Sexuales,0.853
Fascismo,O Sea Digamos,0.853
Batalla Cultural,Liberalismo,0.853
Censo,Onlyfans,0.853
2001 | Unsam,Nancy Fraser,0.853
2001 | Unsam,Escuela Idaes,0.853
Colombia,Patricia Bullrich,0.853
Estados Unidos,Groenlandia,0.853
America Latina,Ecuador,0.853
Llaryora,Política Exterior,0.853
Hegemonía,Ley Bases,0.853
Claudia Sheinbaum,Fascismo,0.853
Gordoodio,Premios Oscar,0.853
Ambiente,Beca Crónica,0.853
Partidos Políticos,Plebiscito De Salida,0.853
Alquileres,Ciudades,0.853
Alquileres,Urbanismo,0.853
Francia Márquez,Internacional,0.853
Pacto De Mayo,Política Exterior,0.853
Encuentro Plurinacional De Mujeres,Lgbtiq+,0.853
Edad De Punibilidad,Justicia,0.853
Hijos De Represores,Juicio A Las Juntas,0.853
50 Años Del Golpe,Salud,0.853
Amazon Prime,The Last Of Us,0.853
Derechos Humanos,Fernando Báez Sosa,0.853
Amazon Prime,Pedro Pascal,0.853
Ambiente,Resistencia,0.853
Ambiente,Canal De Panamá,0.853
Ambiente,Desplazados,0.853
8M,Identidades No Binarias,0.853
Ba,Santiago Maldonado,0.853
Perfil Político,Pro,0.853
Martín Guzmán,Nicaragua,0.853
Identidad De Género,Onlyfans,0.853
Marcos Peña,Nacionalismo,0.853
Música,Música Electrónica,0.853
Iag,Tecnologías,0.853
Artlab,Música Electrónica,0.853
Javier Milei,Movilización,0.853
Anticomunismo,Julia Mengolini,0.853
Anticomunismo,Fake News,0.853
Bukele,Xiomara Castro,0.853
Anticomunismo,Discursos Odio,0.853
El País,Federalismo,0.853
Desigualdad,Industria Textil,0.853
Desigualdad,Hegemonía,0.853
Frente De Izquierda,Ucr,0.853
Angela Merkel,Gobernadores,0.853
Fmi,Martín Guzmán,0.853
América Latina,Bolivia,0.853
Cordobesismo,Nancy Fraser,0.853
Amor,Gordoodio,0.853
Bukele,Feminismo Negro,0.853
Bukele,Honduras,0.853
Bukele,Frente De Todos,0.853
Corrupción,Gobernadores,0.853
Misiones,Política,0.853
Justicia,Sistema Penal,0.853
Bukele,Interseccionalidad,0.853
Democracia,Santa Fe,0.853
Colombia,Elecciones,0.853
Alemania,Donald Trump,0.853
2001,Apropiación Cultural,0.853
#Niunamenos,Violencias,0.852
Alemania,Colombia,0.852
Orgullo,Vínculos,0.852
Ola Polar,Petróleo,0.852
Mauricio Macri,Perfil Político,0.852
Gustavo Petro,Santa Fe,0.852
Bolivia,Donald Trump,0.852
Globos De Oro,House Of The Dragon,0.852
2001 | Unsam,Homofobia,0.852
América Latina,Progresismo,0.852
Moda Y Medios,Tecnologías,0.852
América Latina,Surinam,0.852
Plástico,Testosterona,0.852
Femicidios,Pablo Lautra,0.852
Petróleo,Ypf,0.852
Femicidios,Varones Unidos,0.852
Cosas Que Funcionan,Santiago Maldonado,0.852
Cordobesismo,Patricia Bullrich,0.852
Bukele,Cristina Fernández De Kirchner,0.852
Cuidados,Encuentro Plurinacional De Mujeres,0.852
Cordobesismo,Francia Márquez,0.852
Dictadura,México,0.852
Abuelas De Plaza De Mayo,Periodismo Narrativo,0.852
Dictadura,Esma,0.852
Gobernadores,Santa Fe,0.852
Elon Musk,Estados Unidos,0.852
Estallido,Estallido En Chile,0.852
2001 | Unsam,Visibilidad Lésbica,0.852
Comedores Comunitarios,Ley Omnibus,0.852
Nicolas Maduro,Politica Exterior,0.852
Santa Fe,Seguridad,0.852
Denuncias,Femicidios,0.852
Francia Márquez,Sergio Massa,0.852
Discursos Odio,Javier Milei,0.852
Frente De Todos,Nacionalismo,0.852
Diego Maradona,Mundial 2026,0.852
Fake News,Javier Milei,0.852
Asociación Del Fútbol Argentino,Pelé,0.852
Elecciones,Elites,0.852
El Último Rincón De Sudamérica,Venezuela,0.852
Feria Del Libro,La Columna De Zambra,0.852
Elites,Feminismo Negro,0.852
Elites,Surinam,0.852
Democracia,Marcos Peña,0.852
7M,La Conversa,0.852
Frente De Izquierda,Giorgia Meloni,0.852
Doble Femicidio,Femicidios,0.852
Elites,Interseccionalidad,0.852
Nancy Fraser,Patricia Bullrich,0.852
Falsas Denuncias,Femicidios,0.852
Drogas,Migración,0.852
Claudia Sheinbaum,Donald Trump,0.852
Javier Milei,Julia Mengolini,0.852
Murgas,Violencia Narco,0.852
Gustavo Petro,Lavagna,0.852
Botánica,Gabriel García Márquez,0.852
Comunicación Política,Democracia,0.852
Antipolítica,Ucr,0.852
Izquierdas,Mauricio Macri,0.852
Bolivia,Unsam,0.852
Manuel Adorni,Victoria Villarruel,0.852
Marcos Peña,Silvina Batakis,0.852
Botánica,Patrimonio Cultural,0.852
Comunicación Política,Perfil Político,0.852
Game Of Thrones,Globos De Oro,0.852
Martín Guzmán,Provincias,0.852
Pelé,Tenis,0.852
Carnaval,Violencia Narco,0.852
Fascismo,Peronismo,0.852
Causa Andis,Pro,0.851
Batalla Cultural,Sergio Massa,0.851
Leda-Unsam,Neoliberalismo,0.851
Unsam,Violencia Institucional,0.851
Causa Andis,Libertarios,0.851
Alberto Fernández,Libertarios,0.851
Dillom,Palito Ortega,0.851
Financiamiento Narco,Libertarios,0.851
Financiamiento Narco,Pro,0.851
Gobernadores,Martín Guzmán,0.851
Alemania,España,0.851
Crisis 2001,Política,0.851
Javier Milei,Marcos Peña,0.851
Nancy Fraser,Unsam,0.851
Encuesta De Qué Viven,Visibilidad Lésbica,0.851
América Latina,Perú,0.851
Bukele,Fascismo,0.851
Game Of Thrones,Premios Oscar,0.851
Derechas,Jubilados,0.851
Deuda Externa,Silvina Batakis,0.851
Afectos,Sex And The City,0.851
Femicidios,Géneros,0.851
Premios Oscar,The Last Of Us,0.851
Discursos Odio,Sergio Massa,0.851
El País,Provincias,0.851
El País,Tucumán,0.851
Imaginarios,Moda Y Medios,0.851
Indio Solari,Redonditos De Ricota,0.851
Gabriela Mistral,La Transición En Chile,0.851
Anticomunismo,Lavagna,0.851
Escuela De Política Y Gobierno,Partido Republicano,0.851
España,Perfil Político,0.851
Crisis 2001,Discapacidad,0.851
Bolivia,Martín Guzmán,0.851
Estallido En Chile,Perfil Político,0.851
Espionaje,Julia Mengolini,0.851
Afectos,Amistad,0.851
Adorni,Fallo Contra Cfk,0.851
Plástico,Tecnoceno,0.851
Futuridades,Moda Y Medios,0.851
Espionaje,Fake News,0.851
Ciudad Futura,Escuela De Política Y Gobierno,0.851
Congreso,Elecciones Legislativas 2021,0.851
Encuesta De Qué Viven,Homofobia,0.851
Cupo Laboral Trans,Homofobia,0.851
Arte,Copia,0.851
Economía,Fondos Buitre,0.851
Cupo Laboral Trans,Visibilidad Lésbica,0.851
Leandro Santoro,Milei,0.851
Derechas,Misiones,0.851
Artes,Performance,0.851
Leandro Santoro,Mauricio Macri,0.851
Fundamentalistas Del Aire Acondicionado,Indio Solari,0.851
Game Of Thrones,Pakapaka,0.851
Martín Guzmán,Randazzo,0.851
Arte,Galpon Face,0.851
Horrorcore,Palito Ortega,0.851
Bolivia,Perú,0.851
Breaking Bad,Premios Oscar,0.851
Afjp,Desigualdad,0.851
Comunicación Política,Redes Sociales,0.851
Julia Mengolini,Sergio Massa,0.851
Ciudad Futura,Karina Milei,0.851
Better Call Saul,Premios Oscar,0.851
Gobernadores,Kirchnerismo,0.851
Lenguaje Inclusivo,Masculinidades,0.851
Filba,Libros,0.851
Alfabetismos Aumentados,Empleo,0.851
Derecho A La Desconexión,Empleo,0.851
Ciudad Futura,Cordobesismo,0.851
Jubilados,Sin Control 2,0.851
Elecciones Legislativas 2021,Pro,0.851
Horacio González,Libros,0.851
Francia Márquez,Política,0.851
Ecuador,Marxismo,0.851
Fake News,Sergio Massa,0.851
Discursos Odio,Espionaje,0.851
Cárceles,Docentes,0.851
Feria Del Libro,Literatura,0.851
Cosas Que Funcionan,Crónicas,0.851
House Of The Dragon,Premios Oscar,0.851
House Of The Dragon,Pakapaka,0.851
Jubilados,Patricia Bullrich,0.851
Pedro Pascal,Premios Oscar,0.851
Identidades No Binarias,Lgbt,0.851
Covid-19,Pandemia,0.851
España,Uruguay,0.85
Bolivia,Interseccionalidad,0.85
Bolivia,Feminismo Negro,0.85
La Libertad Avanza,Ucr,0.85
Cfk,Xiomara Castro,0.85
Cfk,Progresismo,0.85
Adorni,Gobernadores,0.85
Adorni,Nacionalismo,0.85
Hipersticion,Sergio Massa,0.85
Inundación,Resistencia,0.85
Anticomunismo,Ecuador,0.85
Abuelas De Plaza De Mayo,Hijos De Represores,0.85
Desplazados,Inundación,0.85
Escuela De Política Y Gobierno,Kirchnerismo,0.85
Crueldad,Sergio Massa,0.85
Afectos,Disidencias Sexuales,0.85
Provincias,Randazzo,0.85
Capitalismo Digital,Contracultura,0.85
Campo De Mayo,Steven Spielberg,0.85
Canal De Panamá,Inundación,0.85
Juntos Por El Cambio,Ley Ómnibus,0.85
Culturahype,Sergio Massa,0.85
Criptomonedas,Onlyfans,0.85
Guerra De Aranceles,Partido Republicano,0.85
Apropiación Cultural,Nepal,0.85
Crueldad,Fuerzas De Seguridad,0.85
Federalismo,Movilización,0.85
Elecciones Legislativas 2021,Libertarios,0.85
Comedores Comunitarios,Marxismo,0.85
Cristina Fernández De Kirchner,Fascismo,0.85
Disidencias Sexuales,Vínculos,0.85
Causa Andis,Federalismo,0.85
Desarrollo,Energía Nuclear,0.85
Federalismo,Financiamiento Narco,0.85
Ecuador,Randazzo,0.85
Represión,Rosario,0.85
Fiesta Anfibia,Roberto Jacoby,0.85
Batalla Cultural,Perfil Político,0.85
Beca Crónica,Inundación,0.85
Cfk,Honduras,0.85
Kirchnerismo,Provincias,0.85
