Topic,Words,Frequency,Timestamp,Name
2,"entrenador, hombre, carlos, atleta, luis",3,2012-05-08 20:29:45.600,2_fifa_futbolista_fútbol_deporte
3,"autor, narrador, escritor, libro, novela",1,2012-05-08 20:29:45.600,3_literario_escritora_autor_literatura
8,"vaca, animal, bovino, especie, alfalfa",1,2012-05-08 20:29:45.600,8_epidemia_vacunar_virus_vacuna
10,"boliviano, bolivia, colombia, venezuela, líder",2,2012-05-08 20:29:45.600,10_boliviano_bolivia_político_política
11,"morir, montevideo, velázquez, natalia, beba",1,2012-05-08 20:29:45.600,11_asesino_testimonio_testigo_víctima
13,"catolicismo, sacerdote, católico, religión, religioso",1,2012-05-08 20:29:45.600,13_papal_catolicismo_arzobispo_católica
20,"chileno, chile, peruano, perú, santiago",1,2012-05-08 20:29:45.600,20_ríos_río_arroyo_agua
33,"pescador, mafia, barco, marino, marinero",1,2012-05-08 20:29:45.600,33_submarino_marino_naufragio_océano
34,"colombiano, colombia, bolivariana, roberto, hombre",1,2012-05-08 20:29:45.600,34_película_personaje_actor_hombre
40,"rebelión, manifestación, fanático, marcha, fiesta",1,2012-05-08 20:29:45.600,40_manifestación_feminista_multitud_mili...
41,"china, ganancia, tragamonedas, casino, ciudad",2,2012-05-08 20:29:45.600,41_pobreza_inmobiliario_habitante_pobre
0,"electoral, candidato, votar, político, voto",1,2012-09-19 15:36:00.000,0_político_política_electoral_candidato
1,"queer, gay, fetichismo, sexualidad, muñequera",2,2012-09-19 15:36:00.000,1_feminismo_feminista_patriarcado_mascul...
2,"padre, entrenador, futbolista, político, lorenzo",2,2012-09-19 15:36:00.000,2_fifa_futbolista_fútbol_deporte
3,"escritora, literario, escritor, autor, escrito",2,2012-09-19 15:36:00.000,3_literario_escritora_autor_literatura
5,"político, escolar, colegio, escuela, educativo",1,2012-09-19 15:36:00.000,5_pedagógico_enseñanza_escolar_educativo
6,"morir, muerte, matar, muerto, víctima",2,2012-09-19 15:36:00.000,6_asesinato_policía_policial_maldonado
8,"pesticida, humo, pandemia, tóxico, peligroso",1,2012-09-19 15:36:00.000,8_epidemia_vacunar_virus_vacuna
19,"protestar, periodista, corresponsal, criticar, crítica",1,2012-09-19 15:36:00.000,19_periodista_periodístico_periódico_nar...
20,"guaraní, guaraníes, esclavo, bolivia, chuquisaca",1,2012-09-19 15:36:00.000,20_ríos_río_arroyo_agua
27,"israel, israelí, palestina, palestino, jerusalén",1,2012-09-19 15:36:00.000,27_israel_netanyahu_israelí_palestina
1,"feminidad, feminista, feminismo, belleza, mujer",1,2013-01-26 07:12:00.000,1_feminismo_feminista_patriarcado_mascul...
2,"pedro, vaccaro, uruguayo, hombre, barrabrava",2,2013-01-26 07:12:00.000,2_fifa_futbolista_fútbol_deporte
6,"chileno, muerte, muerto, morir, antiterrorista",2,2013-01-26 07:12:00.000,6_asesinato_policía_policial_maldonado
10,"venezolano, venezuela, colombiano, colombia, hugo",1,2013-01-26 07:12:00.000,10_boliviano_bolivia_político_política
11,"tortura, prisionero, detenido, abuela, hermano",1,2013-01-26 07:12:00.000,11_asesino_testimonio_testigo_víctima
32,"muerto, morir, muerte, perro, suicidio",2,2013-01-26 07:12:00.000,32_catástrofe_desastre_tragedia_terremot...
33,"maratón, acuático, nadador, natación, sprint",1,2013-01-26 07:12:00.000,33_submarino_marino_naufragio_océano
34,"filipinas, manila, viaje, viajar, recorrer",1,2013-01-26 07:12:00.000,34_película_personaje_actor_hombre
40,"guacho, negro, hétero, gonzalo, moreno",1,2013-01-26 07:12:00.000,40_manifestación_feminista_multitud_mili...
42,"melodía, coro, musical, pianista, cantante",1,2013-01-26 07:12:00.000,42_padre_papá_hijo_abuelo
2,"campeón, torneo, partido, futbolista, líder",1,2013-06-03 22:48:00.000,2_fifa_futbolista_fútbol_deporte
5,"hijo, niño, padre, pedagógico, docente",1,2013-06-03 22:48:00.000,5_pedagógico_enseñanza_escolar_educativo
6,"guarnición, entrenador, pilcomayo, líder, militar",2,2013-06-03 22:48:00.000,6_asesinato_policía_policial_maldonado
8,"perro, canín, labrador, animal, morir",1,2013-06-03 22:48:00.000,8_epidemia_vacunar_virus_vacuna
11,"homicidio, robar, víctima, comisaría, delito",3,2013-06-03 22:48:00.000,11_asesino_testimonio_testigo_víctima
17,"mouse, mickey, billete, todd, camuflado",1,2013-06-03 22:48:00.000,17_innovación_tecnológico_tecno_tecnolog...
19,"periodista, periodístico, televisión, hardcore, confitería",1,2013-06-03 22:48:00.000,19_periodista_periodístico_periódico_nar...
24,"artista, mondongo, benzacar, creador, artístico",1,2013-06-03 22:48:00.000,24_arte_artes_art_estética
32,"chile, minero, chuquicamata, gonzalo, carabinero",1,2013-06-03 22:48:00.000,32_catástrofe_desastre_tragedia_terremot...
37,"científico, astrología, episódico, fantasía, investigador",2,2013-06-03 22:48:00.000,37_astrónomo_ciencia_universo_teoría
39,"fallecimiento, fallecido, muerte, morir, facebook",1,2013-06-03 22:48:00.000,39_morir_muerte_moribundo_cadáver
40,"arma, pistola, armas, armado, revólver",1,2013-06-03 22:48:00.000,40_manifestación_feminista_multitud_mili...
2,"futbolista, fútbol, confianza, uruguayo, uruguay",1,2013-10-10 14:24:00.000,2_fifa_futbolista_fútbol_deporte
3,"literario, escritora, escritor, autor, literatura",4,2013-10-10 14:24:00.000,3_literario_escritora_autor_literatura
5,"hijo, infantil, niño, casting, chico",1,2013-10-10 14:24:00.000,5_pedagógico_enseñanza_escolar_educativo
6,"asesinar, testigo, justicia, preso, crimen",1,2013-10-10 14:24:00.000,6_asesinato_policía_policial_maldonado
9,"liberal, libertario, político, política, ideológico",2,2013-10-10 14:24:00.000,9_político_libertario_política_presidenc...
11,"muerto, morir, muerte, lector, frenético",2,2013-10-10 14:24:00.000,11_asesino_testimonio_testigo_víctima
13,"militante, sacerdote, kirchnerista, religión, religioso",1,2013-10-10 14:24:00.000,13_papal_catolicismo_arzobispo_católica
18,"candidato, político, candidata, voto, votación",1,2013-10-10 14:24:00.000,18_chileno_chile_político_dictadura
26,"fotógrafo, fotografía, fotográfico, retrato, artista",1,2013-10-10 14:24:00.000,26_fotoperiodismo_retratar_retrato_fotóg...
34,"portorriqueño, ventrílocuo, famoso, ilusionista, montalbán",1,2013-10-10 14:24:00.000,34_película_personaje_actor_hombre
37,"periodista, entrevista, mensaje, activista, social",1,2013-10-10 14:24:00.000,37_astrónomo_ciencia_universo_teoría
38,"fiesta, bailarín, éxtasis, festival, ulises",2,2013-10-10 14:24:00.000,38_bailarín_tango_protagonista_ballet
39,"muerte, morir, muerto, difunto, vivo",2,2013-10-10 14:24:00.000,39_morir_muerte_moribundo_cadáver
40,"boliviano, bolivia, charrúa, festividad, gavazzo",1,2013-10-10 14:24:00.000,40_manifestación_feminista_multitud_mili...
0,"populista, neoconservador, ideología, conservador, marxista",1,2014-02-16 06:00:00.000,0_político_política_electoral_candidato
1,"queer, feminista, feminismo, lésbico, género",3,2014-02-16 06:00:00.000,1_feminismo_feminista_patriarcado_mascul...
2,"futbolista, entrenador, brasil, futbolero, carabajal",11,2014-02-16 06:00:00.000,2_fifa_futbolista_fútbol_deporte
3,"autor, escritor, escritora, literario, lector",16,2014-02-16 06:00:00.000,3_literario_escritora_autor_literatura
4,"dolarizar, moneda, económico, economía, dólar",2,2014-02-16 06:00:00.000,4_déficit_deuda_endeudamiento_inflación
5,"idiosincrático, clasemediero, libro, interpelado, frase",1,2014-02-16 06:00:00.000,5_pedagógico_enseñanza_escolar_educativo
6,"guerrillero, dictadura, matar, monarca, soldado",8,2014-02-16 06:00:00.000,6_asesinato_policía_policial_maldonado
11,"asesino, asesinado, víctima, muerte, muerto",4,2014-02-16 06:00:00.000,11_asesino_testimonio_testigo_víctima
19,"periodista, corresponsal, periodístico, escritor, narrativa",2,2014-02-16 06:00:00.000,19_periodista_periodístico_periódico_nar...
21,"soviético, vladimir, rusia, kremlin, ruso",1,2014-02-16 06:00:00.000,21_soviética_soviético_vladimir_rusia
22,"música, músico, balada, cantar, musical",2,2014-02-16 06:00:00.000,22_música_musical_músico_rapero
23,"judo, marciales, pelear, marcial, fight",1,2014-02-16 06:00:00.000,23_justicia_judicial_juzgado_condenar
24,"artista, artístico, coleccionista, arte, estética",2,2014-02-16 06:00:00.000,24_arte_artes_art_estética
26,"retrato, retratar, fotógrafo, celebriti, fotografía",1,2014-02-16 06:00:00.000,26_fotoperiodismo_retratar_retrato_fotóg...
30,"selva, iconoclasistas, cultura, cultural, vecino",3,2014-02-16 06:00:00.000,30_sociedad_comunitario_proyecto_comunid...
31,"publicar, nueva, narrativa, viralizar, contenido",1,2014-02-16 06:00:00.000,31_digital_internet_tecnología_móvil
32,"catástrofe, ficción, desastre, muerto, libro",3,2014-02-16 06:00:00.000,32_catástrofe_desastre_tragedia_terremot...
34,"personaje, engaño, espionaje, américo, averiguá",4,2014-02-16 06:00:00.000,34_película_personaje_actor_hombre
37,"partícula, universo, cosmo, materia, cuántico",1,2014-02-16 06:00:00.000,37_astrónomo_ciencia_universo_teoría
38,"festejo, festejar, fiesta, celebración, rito",1,2014-02-16 06:00:00.000,38_bailarín_tango_protagonista_ballet
39,"tratamiento, quemadura, piel, quemado, cicatriz",2,2014-02-16 06:00:00.000,39_morir_muerte_moribundo_cadáver
0,"kirchnerismo, macrismo, politización, conservador, político",4,2014-06-24 21:36:00.000,0_político_política_electoral_candidato
1,"feminista, feminismo, generación, década, género",2,2014-06-24 21:36:00.000,1_feminismo_feminista_patriarcado_mascul...
2,"futbolista, elizondo, brasilero, goleador, hombre",26,2014-06-24 21:36:00.000,2_fifa_futbolista_fútbol_deporte
3,"literario, escritora, autor, literatura, escritor",15,2014-06-24 21:36:00.000,3_literario_escritora_autor_literatura
5,"hostigamiento, bullying, ridiculización, pedagógico, violencia",1,2014-06-24 21:36:00.000,5_pedagógico_enseñanza_escolar_educativo
6,"tragedia, asesinato, dictadura, matar, muerto",14,2014-06-24 21:36:00.000,6_asesinato_policía_policial_maldonado
7,"maternidad, sociedad, género, mujer, maternal",1,2014-06-24 21:36:00.000,7_aborto_abortar_anticonceptivo_embarazo
8,"ébola, epidemia, virus, infectado, contagio",6,2014-06-24 21:36:00.000,8_epidemia_vacunar_virus_vacuna
10,"bolivia, boliviano, uruguayo, uruguaya, uruguay",2,2014-06-24 21:36:00.000,10_boliviano_bolivia_político_política
11,"víctima, testimonio, acusado, justicia, detenido",3,2014-06-24 21:36:00.000,11_asesino_testimonio_testigo_víctima
12,"propuesta, regalo, país, barato, siguiente",1,2014-06-24 21:36:00.000,12_economía_económico_futuro_ambiental
13,"foucault, estudioso, sorbonne, autor, coloquio",1,2014-06-24 21:36:00.000,13_papal_catolicismo_arzobispo_católica
14,"impersonal, obviar, exigente, desesperado, indignación",1,2014-06-24 21:36:00.000,14_mediático_periodístico_político_perio...
15,"doméstico, hogar, casa, empleador, laboral",1,2014-06-24 21:36:00.000,15_sindicalismo_reforma_político_polític...
16,"brasil, brasilero, brasileño, brasilia, político",4,2014-06-24 21:36:00.000,16_brasil_brasilero_brasilia_brasileño
19,"periodista, crónicas, narrativo, periodístico, social",1,2014-06-24 21:36:00.000,19_periodista_periodístico_periódico_nar...
20,"caribeño, localidad, país, laguna, hombre",2,2014-06-24 21:36:00.000,20_ríos_río_arroyo_agua
22,"rockero, guitarra, música, musical, punk",1,2014-06-24 21:36:00.000,22_música_musical_músico_rapero
23,"litigar, abogado, justicia, judicial, condenar",2,2014-06-24 21:36:00.000,23_justicia_judicial_juzgado_condenar
24,"museo, galería, exhibición, arte, temática",1,2014-06-24 21:36:00.000,24_arte_artes_art_estética
25,"debate, racista, racismo, violencia, apartheid",5,2014-06-24 21:36:00.000,25_violencia_feminismo_feminista_violent...
26,"retratado, retrato, fotógrafo, retratar, fotografía",4,2014-06-24 21:36:00.000,26_fotoperiodismo_retratar_retrato_fotóg...
27,"israel, israelí, palestino, palestina, judíos",2,2014-06-24 21:36:00.000,27_israel_netanyahu_israelí_palestina
28,"ébola, epidemia, liberia, contagiar, conspiración",1,2014-06-24 21:36:00.000,28_futuro_pandemia_crisis_pensamiento
29,"relato, artículo, periodismo, impronta, pereyra",1,2014-06-24 21:36:00.000,29_ficción_protagonista_personaje_melodr...
30,"antropología, boliviano, controversia, académico, discusión",5,2014-06-24 21:36:00.000,30_sociedad_comunitario_proyecto_comunid...
31,"facebook, investigador, zuckerberg, internet, científico",1,2014-06-24 21:36:00.000,31_digital_internet_tecnología_móvil
34,"personaje, giorgio, zaffaroni, pedro, hombre",7,2014-06-24 21:36:00.000,34_película_personaje_actor_hombre
36,"turco, europeo, europa, belga, inmigrante",1,2014-06-24 21:36:00.000,36_holocausto_terrorista_siria_europa
39,"morir, ahogar, muerte, humano, moribundo",3,2014-06-24 21:36:00.000,39_morir_muerte_moribundo_cadáver
40,"festejo, político, pueblo, peronismo, política",4,2014-06-24 21:36:00.000,40_manifestación_feminista_multitud_mili...
41,"pobreza, hambre, desnutrido, pobre, población",1,2014-06-24 21:36:00.000,41_pobreza_inmobiliario_habitante_pobre
42,"vegetariano, divino, zapato, veggie, papá",1,2014-06-24 21:36:00.000,42_padre_papá_hijo_abuelo
0,"político, política, oposición, democracia, democrático",8,2014-10-31 13:12:00.000,0_político_política_electoral_candidato
1,"patriarcado, patriarcal, feminista, feminismo, educadora",1,2014-10-31 13:12:00.000,1_feminismo_feminista_patriarcado_mascul...
2,"peruano, brasil, bolivia, boliviano, traficante",2,2014-10-31 13:12:00.000,2_fifa_futbolista_fútbol_deporte
3,"literario, autor, narrativa, poeta, escrito",14,2014-10-31 13:12:00.000,3_literario_escritora_autor_literatura
4,"moneda, dinero, ganancia, dólar, económico",2,2014-10-31 13:12:00.000,4_déficit_deuda_endeudamiento_inflación
5,"pedagógico, enseñar, enseñanza, alumno, educativo",2,2014-10-31 13:12:00.000,5_pedagógico_enseñanza_escolar_educativo
6,"politizar, politizado, asesinato, comisaría, político",6,2014-10-31 13:12:00.000,6_asesinato_policía_policial_maldonado
7,"legislador, antiaborto, parlamentario, congreso, aborto",1,2014-10-31 13:12:00.000,7_aborto_abortar_anticonceptivo_embarazo
10,"colombiano, cubano, colombia, cuba, guerrilla",1,2014-10-31 13:12:00.000,10_boliviano_bolivia_político_política
11,"asesino, homicidio, muerte, homicida, mortuorio",2,2014-10-31 13:12:00.000,11_asesino_testimonio_testigo_víctima
13,"pontificio, catolicismo, pontífice, papal, católica",3,2014-10-31 13:12:00.000,13_papal_catolicismo_arzobispo_católica
14,"mediático, periodista, político, política, mediador",1,2014-10-31 13:12:00.000,14_mediático_periodístico_político_perio...
15,"autoridad, presidenta, federal, agente, inteligencia",1,2014-10-31 13:12:00.000,15_sindicalismo_reforma_político_polític...
17,"inteligencia, teoría, espionaje, conspiración, innovador",2,2014-10-31 13:12:00.000,17_innovación_tecnológico_tecno_tecnolog...
20,"chile, santiago, rio, sequía, desierto",2,2014-10-31 13:12:00.000,20_ríos_río_arroyo_agua
22,"compositor, músico, orquesta, acústico, musical",1,2014-10-31 13:12:00.000,22_música_musical_músico_rapero
23,"espionaje, inteligencia, burocrático, almirante, agente",1,2014-10-31 13:12:00.000,23_justicia_judicial_juzgado_condenar
24,"arte, artista, artístico, estética, holístico",1,2014-10-31 13:12:00.000,24_arte_artes_art_estética
25,"padre, mito, protagonista, papá, hijo",1,2014-10-31 13:12:00.000,25_violencia_feminismo_feminista_violent...
26,"fotógrafo, fotográfico, fotografía, fotografiar, cámara",2,2014-10-31 13:12:00.000,26_fotoperiodismo_retratar_retrato_fotóg...
27,"palestino, palestina, israelí, israel, jerusalem",1,2014-10-31 13:12:00.000,27_israel_netanyahu_israelí_palestina
28,"fanatismo, interpretativo, antikirchnerismo, ideología, presunción",1,2014-10-31 13:12:00.000,28_futuro_pandemia_crisis_pensamiento
29,"dramaturga, dramaturgia, escena, narrativo, espectador",2,2014-10-31 13:12:00.000,29_ficción_protagonista_personaje_melodr...
30,"antropólogo, antropología, antártida, guatemalteco, guatemala",4,2014-10-31 13:12:00.000,30_sociedad_comunitario_proyecto_comunid...
31,"cibernética, web, internet, posmodernidad, censura",1,2014-10-31 13:12:00.000,31_digital_internet_tecnología_móvil
32,"tragedia, inundación, tormenta, pueblo, noticia",1,2014-10-31 13:12:00.000,32_catástrofe_desastre_tragedia_terremot...
33,"playa, marisco, ciudad, calamar, san",1,2014-10-31 13:12:00.000,33_submarino_marino_naufragio_océano
34,"sebastián, mirador, carlos, recuerdo, lemebel",6,2014-10-31 13:12:00.000,34_película_personaje_actor_hombre
36,"musulmán, islámico, terrorista, islam, holocausto",3,2014-10-31 13:12:00.000,36_holocausto_terrorista_siria_europa
39,"morir, médico, enfermedad, muerte, diosa",3,2014-10-31 13:12:00.000,39_morir_muerte_moribundo_cadáver
40,"derby, patinar, jugadora, deporte, bully",1,2014-10-31 13:12:00.000,40_manifestación_feminista_multitud_mili...
42,"miedo, mariposa, dormir, dormido, nocturno",1,2014-10-31 13:12:00.000,42_padre_papá_hijo_abuelo
0,"político, política, candidato, electoral, populismo",9,2015-03-09 04:48:00.000,0_político_política_electoral_candidato
1,"feminismo, machismo, feminista, erótico, patriarcal",9,2015-03-09 04:48:00.000,1_feminismo_feminista_patriarcado_mascul...
2,"chileno, chile, brasil, uruguayo, futbolista",6,2015-03-09 04:48:00.000,2_fifa_futbolista_fútbol_deporte
3,"autor, literario, literaturas, libro, literatura",10,2015-03-09 04:48:00.000,3_literario_escritora_autor_literatura
4,"socialdemocracia, grecia, deuda, político, política",1,2015-03-09 04:48:00.000,4_déficit_deuda_endeudamiento_inflación
5,"niño, llorá, padre, llorar, atormentar",1,2015-03-09 04:48:00.000,5_pedagógico_enseñanza_escolar_educativo
6,"alfredo, matar, muerto, hombre, manuel",9,2015-03-09 04:48:00.000,6_asesinato_policía_policial_maldonado
10,"paraguayo, boliviano, bolivia, paraguay, venezuela",2,2015-03-09 04:48:00.000,10_boliviano_bolivia_político_política
11,"asesinato, acuchillar, denunciar, matar, víctima",5,2015-03-09 04:48:00.000,11_asesino_testimonio_testigo_víctima
13,"papal, catolicismo, misionero, vaticano, católica",9,2015-03-09 04:48:00.000,13_papal_catolicismo_arzobispo_católica
14,"youtubers, youtuber, youtube, productor, creador",1,2015-03-09 04:48:00.000,14_mediático_periodístico_político_perio...
16,"brasileño, brasilia, brasil, rítmico, movimiento",1,2015-03-09 04:48:00.000,16_brasil_brasilero_brasilia_brasileño
19,"periodista, periodístico, narrativo, político, literario",3,2015-03-09 04:48:00.000,19_periodista_periodístico_periódico_nar...
20,"managua, mercancía, manzana, comerciante, verdura",1,2015-03-09 04:48:00.000,20_ríos_río_arroyo_agua
21,"vladimir, rusia, ruso, soviético, rusa",1,2015-03-09 04:48:00.000,21_soviética_soviético_vladimir_rusia
22,"mario, carlos, español, catalán, homosexual",2,2015-03-09 04:48:00.000,22_música_musical_músico_rapero
23,"magistratura, judicial, tribunal, juzgado, cortesano",3,2015-03-09 04:48:00.000,23_justicia_judicial_juzgado_condenar
24,"arte, art, artístico, galería, estética",3,2015-03-09 04:48:00.000,24_arte_artes_art_estética
25,"tortura, violencia, delito, impunidad, justicia",6,2015-03-09 04:48:00.000,25_violencia_feminismo_feminista_violent...
26,"filósofo, platón, platónico, luz, filosofía",1,2015-03-09 04:48:00.000,26_fotoperiodismo_retratar_retrato_fotóg...
29,"lector, personaje, escena, libro, leer",2,2015-03-09 04:48:00.000,29_ficción_protagonista_personaje_melodr...
30,"político, política, discurso, periodista, funcionario",1,2015-03-09 04:48:00.000,30_sociedad_comunitario_proyecto_comunid...
32,"katmandú, montaña, pueblo, volcán, mississippi",4,2015-03-09 04:48:00.000,32_catástrofe_desastre_tragedia_terremot...
33,"archipiélago, islas, isla, patria, atlántico",1,2015-03-09 04:48:00.000,33_submarino_marino_naufragio_océano
34,"filósofo, filosófico, paul, académico, revolución",1,2015-03-09 04:48:00.000,34_película_personaje_actor_hombre
35,"cubano, chileno, chilena, chile, cuba",2,2015-03-09 04:48:00.000,35_cubano_cubana_cuba_chile
37,"confiar, padre, espiritismo, hijo, dedicar",1,2015-03-09 04:48:00.000,37_astrónomo_ciencia_universo_teoría
38,"escena, performer, pestañear, hombre, candado",4,2015-03-09 04:48:00.000,38_bailarín_tango_protagonista_ballet
39,"eutanasia, muerte, morir, vivo, fallecer",1,2015-03-09 04:48:00.000,39_morir_muerte_moribundo_cadáver
40,"ganador, ganadores, premiación, héroes, concurso",1,2015-03-09 04:48:00.000,40_manifestación_feminista_multitud_mili...
41,"creacionismo, política, comunitario, país, pobreza",5,2015-03-09 04:48:00.000,41_pobreza_inmobiliario_habitante_pobre
42,"papá, padre, abuelo, hijo, hermano",19,2015-03-09 04:48:00.000,42_padre_papá_hijo_abuelo
0,"político, política, electoral, candidato, voto",25,2015-07-15 20:24:00.000,0_político_política_electoral_candidato
1,"feminismo, feminista, lgbti, lgbt, lesbiana",6,2015-07-15 20:24:00.000,1_feminismo_feminista_patriarcado_mascul...
2,"magnetto, clarín, roberto, biografiado, manuel",1,2015-07-15 20:24:00.000,2_fifa_futbolista_fútbol_deporte
3,"literario, escritor, autor, poeta, narrador",17,2015-07-15 20:24:00.000,3_literario_escritora_autor_literatura
4,"político, política, económico, economía, inflación",4,2015-07-15 20:24:00.000,4_déficit_deuda_endeudamiento_inflación
5,"alumno, inventar, sociedad, sujeto, docente",2,2015-07-15 20:24:00.000,5_pedagógico_enseñanza_escolar_educativo
6,"dictadura, asesinar, detenido, preso, ministro",9,2015-07-15 20:24:00.000,6_asesinato_policía_policial_maldonado
7,"abortar, maternidad, aborto, embarazo, histerectomía",1,2015-07-15 20:24:00.000,7_aborto_abortar_anticonceptivo_embarazo
8,"epidemia, contagio, infectado, catástrofe, fiebre",2,2015-07-15 20:24:00.000,8_epidemia_vacunar_virus_vacuna
9,"campaña, político, twitter, política, twittera",1,2015-07-15 20:24:00.000,9_político_libertario_política_presidenc...
10,"boliviano, bolivia, venezuela, colombia, político",2,2015-07-15 20:24:00.000,10_boliviano_bolivia_político_política
12,"hídrico, inundación, incendio, ecosistema, fuego",2,2015-07-15 20:24:00.000,12_economía_económico_futuro_ambiental
13,"década, doctora, sacerdote, carolina, casar",1,2015-07-15 20:24:00.000,13_papal_catolicismo_arzobispo_católica
14,"mediático, periodístico, periodista, noticia, prensa",3,2015-07-15 20:24:00.000,14_mediático_periodístico_político_perio...
15,"sindicalista, jefe, líder, dirigente, obrero",3,2015-07-15 20:24:00.000,15_sindicalismo_reforma_político_polític...
18,"bandera, chileno, político, presidencial, política",2,2015-07-15 20:24:00.000,18_chileno_chile_político_dictadura
19,"periodista, periodístico, reportero, reportera, corresponsal",3,2015-07-15 20:24:00.000,19_periodista_periodístico_periódico_nar...
20,"ambientalista, habitante, casa, pueblo, vecino",2,2015-07-15 20:24:00.000,20_ríos_río_arroyo_agua
21,"soviética, rusia, soviético, stalin, ruso",2,2015-07-15 20:24:00.000,21_soviética_soviético_vladimir_rusia
24,"creativo, compositor, artista, estética, creador",2,2015-07-15 20:24:00.000,24_arte_artes_art_estética
25,"delito, violencia, crimen, violento, víctima",4,2015-07-15 20:24:00.000,25_violencia_feminismo_feminista_violent...
26,"fotoperiodismo, fotógrafo, fotógrafa, fotografía, filmar",1,2015-07-15 20:24:00.000,26_fotoperiodismo_retratar_retrato_fotóg...
29,"embarazado, embarazo, fertilidad, bebé, madre",1,2015-07-15 20:24:00.000,29_ficción_protagonista_personaje_melodr...
30,"debate, etnólogo, político, política, cultura",3,2015-07-15 20:24:00.000,30_sociedad_comunitario_proyecto_comunid...
33,"bolivia, boliviano, peruano, perú, chileno",1,2015-07-15 20:24:00.000,33_submarino_marino_naufragio_océano
34,"escritor, cineasta, artista, documental, personaje",5,2015-07-15 20:24:00.000,34_película_personaje_actor_hombre
36,"terrorista, holocausto, refugiado, mediterráneo, siria",5,2015-07-15 20:24:00.000,36_holocausto_terrorista_siria_europa
37,"científico, ciencia, microbio, bacteria, siglo",2,2015-07-15 20:24:00.000,37_astrónomo_ciencia_universo_teoría
38,"tango, bailarín, bailarina, enseñar, instrucción",1,2015-07-15 20:24:00.000,38_bailarín_tango_protagonista_ballet
39,"ginecóloga, médico, paciente, alemandi, especialista",1,2015-07-15 20:24:00.000,39_morir_muerte_moribundo_cadáver
40,"orgullo, lgbtiq, orgulloso, lesbiana, marcha",1,2015-07-15 20:24:00.000,40_manifestación_feminista_multitud_mili...
41,"migración, migratorio, migrant, inmobiliaria, inmobiliario",2,2015-07-15 20:24:00.000,41_pobreza_inmobiliario_habitante_pobre
0,"político, política, republicanismo, candidato, democracia",21,2015-11-21 12:00:00.000,0_político_política_electoral_candidato
1,"feminista, feminismo, género, mujeres, machista",4,2015-11-21 12:00:00.000,1_feminismo_feminista_patriarcado_mascul...
2,"futbolista, entrenador, hombre, jugador, morales",3,2015-11-21 12:00:00.000,2_fifa_futbolista_fútbol_deporte
3,"literario, autor, escritor, prosa, literatura",10,2015-11-21 12:00:00.000,3_literario_escritora_autor_literatura
4,"político, gobierno, política, ministro, economista",6,2015-11-21 12:00:00.000,4_déficit_deuda_endeudamiento_inflación
6,"matar, prófugo, hombre, tortura, ignacio",11,2015-11-21 12:00:00.000,6_asesinato_policía_policial_maldonado
7,"hijo, infancia, niño, infanto, pediatra",1,2015-11-21 12:00:00.000,7_aborto_abortar_anticonceptivo_embarazo
8,"dengue, epidemiológico, epidemia, enfermedad, mosquito",1,2015-11-21 12:00:00.000,8_epidemia_vacunar_virus_vacuna
10,"venezuela, venezolano, venezolana, bolívares, bolivarián",2,2015-11-21 12:00:00.000,10_boliviano_bolivia_político_política
11,"mariani, abuela, rato, alma, abuelas",3,2015-11-21 12:00:00.000,11_asesino_testimonio_testigo_víctima
13,"pontífice, vaticano, arzobispo, francisco, sacerdote",3,2015-11-21 12:00:00.000,13_papal_catolicismo_arzobispo_católica
15,"funcionario, burocracia, sindicalista, ministro, empleado",5,2015-11-21 12:00:00.000,15_sindicalismo_reforma_político_polític...
16,"político, brasil, brasileño, política, bolsonaro",2,2015-11-21 12:00:00.000,16_brasil_brasilero_brasilia_brasileño
17,"capitalismo, político, kirchnerismo, política, hegemónico",1,2015-11-21 12:00:00.000,17_innovación_tecnológico_tecno_tecnolog...
19,"periodista, periodístico, narrativo, periódico, literario",7,2015-11-21 12:00:00.000,19_periodista_periodístico_periódico_nar...
20,"pampas, slow, voraz, localidad, movimiento",1,2015-11-21 12:00:00.000,20_ríos_río_arroyo_agua
23,"justicia, defensor, abogado, judicial, acusado",3,2015-11-21 12:00:00.000,23_justicia_judicial_juzgado_condenar
24,"artista, creativo, creador, artístico, arte",2,2015-11-21 12:00:00.000,24_arte_artes_art_estética
25,"femicidio, femicidios, víctima, permiso, marido",1,2015-11-21 12:00:00.000,25_violencia_feminismo_feminista_violent...
26,"fotógrafa, fotógrafo, fotografía, retrato, fotográfico",4,2015-11-21 12:00:00.000,26_fotoperiodismo_retratar_retrato_fotóg...
27,"sionista, espía, israel, israelí, atentado",1,2015-11-21 12:00:00.000,27_israel_netanyahu_israelí_palestina
29,"telenovela, personaje, feminidad, protagonizado, protagonista",1,2015-11-21 12:00:00.000,29_ficción_protagonista_personaje_melodr...
30,"uruguaya, uruguayo, uruguay, montevideo, castellano",3,2015-11-21 12:00:00.000,30_sociedad_comunitario_proyecto_comunid...
34,"turista, pirata, documental, hombre, turismo",3,2015-11-21 12:00:00.000,34_película_personaje_actor_hombre
35,"américa, estadounidense, populismo, venezuela, cubano",1,2015-11-21 12:00:00.000,35_cubano_cubana_cuba_chile
36,"terrorista, terrorismo, terror, islamofobia, atentado",4,2015-11-21 12:00:00.000,36_holocausto_terrorista_siria_europa
37,"dinosaurio, dinosaurios, fósil, paleontológico, paleontología",1,2015-11-21 12:00:00.000,37_astrónomo_ciencia_universo_teoría
38,"kirchnerismo, melancolía, despedida, muerto, hormigueo",1,2015-11-21 12:00:00.000,38_bailarín_tango_protagonista_ballet
39,"envejecimiento, envejecer, edad, adulto, geriátrico",1,2015-11-21 12:00:00.000,39_morir_muerte_moribundo_cadáver
40,"dictadora, dictadura, político, genocida, presidencia",1,2015-11-21 12:00:00.000,40_manifestación_feminista_multitud_mili...
41,"clientelismo, gobierno, política, político, discrecionalidad",2,2015-11-21 12:00:00.000,41_pobreza_inmobiliario_habitante_pobre
42,"paciencia, padre, lástima, carta, hijo",1,2015-11-21 12:00:00.000,42_padre_papá_hijo_abuelo
0,"político, política, oposición, democracia, presidencial",13,2016-03-29 03:36:00.000,0_político_política_electoral_candidato
1,"feminista, feminismo, masculinidad, patriarcado, mujeres",10,2016-03-29 03:36:00.000,1_feminismo_feminista_patriarcado_mascul...
2,"jorge, campeón, partido, jugador, diego",2,2016-03-29 03:36:00.000,2_fifa_futbolista_fútbol_deporte
3,"literario, poeta, autor, escritor, libro",12,2016-03-29 03:36:00.000,3_literario_escritora_autor_literatura
4,"panameño, monetario, capitalismo, fiscal, panama",2,2016-03-29 03:36:00.000,4_déficit_deuda_endeudamiento_inflación
5,"creatividad, enseñar, creativo, aprender, docente",2,2016-03-29 03:36:00.000,5_pedagógico_enseñanza_escolar_educativo
6,"masacre, víctima, violencia, roberto, afrodescendient",7,2016-03-29 03:36:00.000,6_asesinato_policía_policial_maldonado
7,"maternidad, aborto, abortar, bebé, materna",1,2016-03-29 03:36:00.000,7_aborto_abortar_anticonceptivo_embarazo
8,"epidemia, infectado, dengue, virus, enfermedad",3,2016-03-29 03:36:00.000,8_epidemia_vacunar_virus_vacuna
10,"venezuela, venezolano, político, política, oposición",2,2016-03-29 03:36:00.000,10_boliviano_bolivia_político_política
11,"víctima, testimonio, detenido, testigo, acusado",5,2016-03-29 03:36:00.000,11_asesino_testimonio_testigo_víctima
12,"nuclear, nucleares, uranio, reactor, atómico",1,2016-03-29 03:36:00.000,12_economía_económico_futuro_ambiental
13,"papal, catolicismo, sacerdote, católico, religioso",3,2016-03-29 03:36:00.000,13_papal_catolicismo_arzobispo_católica
14,"mediático, periodístico, público, noticia, periodista",4,2016-03-29 03:36:00.000,14_mediático_periodístico_político_perio...
15,"sindicalista, laboral, obrero, trabajador, sindicalismo",6,2016-03-29 03:36:00.000,15_sindicalismo_reforma_político_polític...
16,"impeachment, brasil, brasileño, político, presidencia",2,2016-03-29 03:36:00.000,16_brasil_brasilero_brasilia_brasileño
17,"transporte, tránsito, urbanista, taxista, taxi",1,2016-03-29 03:36:00.000,17_innovación_tecnológico_tecno_tecnolog...
19,"periodista, periodístico, panameño, periódico, escritor",8,2016-03-29 03:36:00.000,19_periodista_periodístico_periódico_nar...
20,"guaraní, matanza, zapateo, litoraleño, humedal",2,2016-03-29 03:36:00.000,20_ríos_río_arroyo_agua
23,"defensor, testigo, político, arrepentido, kirchnerismo",4,2016-03-29 03:36:00.000,23_justicia_judicial_juzgado_condenar
24,"fashionista, fashion, moda, estético, diseñador",2,2016-03-29 03:36:00.000,24_arte_artes_art_estética
25,"víctima, asesinar, asesino, asesinato, violencia",7,2016-03-29 03:36:00.000,25_violencia_feminismo_feminista_violent...
28,"nerviosismo, irritabilidad, emocionalidad, estrés, ansiedad",1,2016-03-29 03:36:00.000,28_futuro_pandemia_crisis_pensamiento
29,"fama, violetta, polka, protagonista, sorprendente",1,2016-03-29 03:36:00.000,29_ficción_protagonista_personaje_melodr...
30,"cultural, cultura, pueblo, italiano, latinoamericano",5,2016-03-29 03:36:00.000,30_sociedad_comunitario_proyecto_comunid...
32,"terremoto, devastación, desastre, muerto, ecuador",1,2016-03-29 03:36:00.000,32_catástrofe_desastre_tragedia_terremot...
34,"nelson, escrito, alfonsín, libro, carlos",6,2016-03-29 03:36:00.000,34_película_personaje_actor_hombre
35,"cubano, cuba, mexicano, habana, hombre",1,2016-03-29 03:36:00.000,35_cubano_cubana_cuba_chile
36,"terrorista, terrorismo, holocausto, jihad, político",6,2016-03-29 03:36:00.000,36_holocausto_terrorista_siria_europa
37,"científico, investigador, ciencia, laboratorio, profesor",3,2016-03-29 03:36:00.000,37_astrónomo_ciencia_universo_teoría
38,"dramaturgo, dramaturgia, actor, panelista, artista",2,2016-03-29 03:36:00.000,38_bailarín_tango_protagonista_ballet
39,"padre, morir, tragedia, luto, hijo",2,2016-03-29 03:36:00.000,39_morir_muerte_moribundo_cadáver
40,"masacre, asesino, violencia, odio, asesinado",2,2016-03-29 03:36:00.000,40_manifestación_feminista_multitud_mili...
41,"política, gobierno, vecino, ciudad, policía",3,2016-03-29 03:36:00.000,41_pobreza_inmobiliario_habitante_pobre
0,"republicano, política, político, presidencial, conservador",22,2016-08-04 19:12:00.000,0_político_política_electoral_candidato
1,"feminismo, feminista, mujeres, opresión, género",9,2016-08-04 19:12:00.000,1_feminismo_feminista_patriarcado_mascul...
2,"campeón, jugadora, deportivo, deporte, jugador",3,2016-08-04 19:12:00.000,2_fifa_futbolista_fútbol_deporte
3,"poeta, literario, poético, poesía, escritor",18,2016-08-04 19:12:00.000,3_literario_escritora_autor_literatura
4,"invertir, empresario, economía, económico, político",2,2016-08-04 19:12:00.000,4_déficit_deuda_endeudamiento_inflación
5,"pedagógico, enseñar, docente, educativo, disciplinario",4,2016-08-04 19:12:00.000,5_pedagógico_enseñanza_escolar_educativo
6,"comisaría, proteccionista, asesinato, secuestrar, matar",4,2016-08-04 19:12:00.000,6_asesinato_policía_policial_maldonado
7,"maternidad, pobre, embarazo, pobreza, madre",1,2016-08-04 19:12:00.000,7_aborto_abortar_anticonceptivo_embarazo
8,"galgo, pasillo, guardia, trapito, veterinario",2,2016-08-04 19:12:00.000,8_epidemia_vacunar_virus_vacuna
10,"colombiano, colombia, bolivia, venezuela, político",4,2016-08-04 19:12:00.000,10_boliviano_bolivia_político_política
11,"hijo, padre, niña, víctima, chico",4,2016-08-04 19:12:00.000,11_asesino_testimonio_testigo_víctima
12,"gas, energía, energético, producción, cobrar",1,2016-08-04 19:12:00.000,12_economía_económico_futuro_ambiental
13,"predicador, religión, sacerdote, religioso, fe",4,2016-08-04 19:12:00.000,13_papal_catolicismo_arzobispo_católica
14,"mediático, cibercultura, periodístico, periodista, noticia",4,2016-08-04 19:12:00.000,14_mediático_periodístico_político_perio...
15,"sindicalismo, laboral, ejecutivo, empleado, organización",4,2016-08-04 19:12:00.000,15_sindicalismo_reforma_político_polític...
16,"brasil, brasileño, impeachment, bolsonaro, responsabilidad",1,2016-08-04 19:12:00.000,16_brasil_brasilero_brasilia_brasileño
19,"periodista, periodístico, noticia, hiroshima, narrativo",2,2016-08-04 19:12:00.000,19_periodista_periodístico_periódico_nar...
21,"rusia, ruso, soviético, soviética, kremlin",1,2016-08-04 19:12:00.000,21_soviética_soviético_vladimir_rusia
22,"música, musical, rockero, músico, solista",3,2016-08-04 19:12:00.000,22_música_musical_músico_rapero
23,"judicial, proporcionalidad, juez, tribunal, legitimidad",1,2016-08-04 19:12:00.000,23_justicia_judicial_juzgado_condenar
25,"asesino, víctima, culpar, violencia, asesinato",4,2016-08-04 19:12:00.000,25_violencia_feminismo_feminista_violent...
26,"fotogalería, fotógrafo, retratar, fotográfico, fotografía",4,2016-08-04 19:12:00.000,26_fotoperiodismo_retratar_retrato_fotóg...
29,"protagonista, película, protagonizado, mito, famoso",2,2016-08-04 19:12:00.000,29_ficción_protagonista_personaje_melodr...
30,"amazónico, amazonas, expedición, explorador, selva",1,2016-08-04 19:12:00.000,30_sociedad_comunitario_proyecto_comunid...
31,"pedagógico, cultura, practicar, sociedad, audiovisual",2,2016-08-04 19:12:00.000,31_digital_internet_tecnología_móvil
32,"parís, francia, exilado, exiliado, refugiado",1,2016-08-04 19:12:00.000,32_catástrofe_desastre_tragedia_terremot...
34,"protagonista, narrador, discípulo, profeta, muhammad",4,2016-08-04 19:12:00.000,34_película_personaje_actor_hombre
35,"cubano, cubana, republicano, cuba, mexicano",2,2016-08-04 19:12:00.000,35_cubano_cubana_cuba_chile
36,"frontera, migratorio, europeo, europea, cruzar",1,2016-08-04 19:12:00.000,36_holocausto_terrorista_siria_europa
37,"detector, observatorio, cósmico, astrofísica, astronomía",1,2016-08-04 19:12:00.000,37_astrónomo_ciencia_universo_teoría
38,"ballet, bailarín, bailarina, teatro, teatral",1,2016-08-04 19:12:00.000,38_bailarín_tango_protagonista_ballet
39,"maternidad, madre, padre, bebé, hijo",2,2016-08-04 19:12:00.000,39_morir_muerte_moribundo_cadáver
40,"político, política, fiesta, público, gobierno",2,2016-08-04 19:12:00.000,40_manifestación_feminista_multitud_mili...
41,"venezuela, político, política, país, nacional",3,2016-08-04 19:12:00.000,41_pobreza_inmobiliario_habitante_pobre
0,"político, política, democracia, oposición, electoral",8,2016-12-11 10:48:00.000,0_político_política_electoral_candidato
1,"feminismo, feminista, mujeres, patriarcado, patriarcal",12,2016-12-11 10:48:00.000,1_feminismo_feminista_patriarcado_mascul...
2,"futbolista, fútbol, futbolístico, fifa, entrenador",8,2016-12-11 10:48:00.000,2_fifa_futbolista_fútbol_deporte
3,"literario, autor, escritor, carta, relato",4,2016-12-11 10:48:00.000,3_literario_escritora_autor_literatura
4,"reforma, gobierno, contribuyente, político, política",3,2016-12-11 10:48:00.000,4_déficit_deuda_endeudamiento_inflación
5,"pedagógico, educador, enseñanza, docente, educativo",5,2016-12-11 10:48:00.000,5_pedagógico_enseñanza_escolar_educativo
6,"dictadura, tortura, comisaría, robledo, represor",9,2016-12-11 10:48:00.000,6_asesinato_policía_policial_maldonado
10,"venezolano, venezuela, mexicano, oficialismo, méxico",2,2016-12-11 10:48:00.000,10_boliviano_bolivia_político_política
11,"prisión, detenido, detención, matar, delito",2,2016-12-11 10:48:00.000,11_asesino_testimonio_testigo_víctima
12,"vegetariano, carne, científico, ciencia, consumir",3,2016-12-11 10:48:00.000,12_economía_económico_futuro_ambiental
13,"catolicismo, católico, sacerdotal, arzobispo, sacerdote",2,2016-12-11 10:48:00.000,13_papal_catolicismo_arzobispo_católica
14,"mediático, periodístico, periodista, noticia, político",7,2016-12-11 10:48:00.000,14_mediático_periodístico_político_perio...
15,"sindicalista, laboral, trabajadora, trabajador, sindicalismo",4,2016-12-11 10:48:00.000,15_sindicalismo_reforma_político_polític...
17,"inteligencia, inteligente, tecnológico, tecnología, tecno",3,2016-12-11 10:48:00.000,17_innovación_tecnológico_tecno_tecnolog...
19,"narrativo, periodista, narración, literatura, periodístico",4,2016-12-11 10:48:00.000,19_periodista_periodístico_periódico_nar...
21,"stalin, comunismo, soviética, soviético, comunista",3,2016-12-11 10:48:00.000,21_soviética_soviético_vladimir_rusia
23,"cárceles, encarcelamiento, cárcel, prisión, penitenciario",1,2016-12-11 10:48:00.000,23_justicia_judicial_juzgado_condenar
24,"festival, premio, político, prestigio, público",1,2016-12-11 10:48:00.000,24_arte_artes_art_estética
25,"discriminatorio, patriarcado, xenofobia, discriminación, patriarcal",5,2016-12-11 10:48:00.000,25_violencia_feminismo_feminista_violent...
26,"retrato, fotógrafo, fotografiar, fotografía, fotográfico",2,2016-12-11 10:48:00.000,26_fotoperiodismo_retratar_retrato_fotóg...
28,"antagonismo, racismo, ideológico, étnico, izquierdista",1,2016-12-11 10:48:00.000,28_futuro_pandemia_crisis_pensamiento
30,"sociedad, publicar, relevancia, cultura, artículo",3,2016-12-11 10:48:00.000,30_sociedad_comunitario_proyecto_comunid...
31,"emoji, comunicar, comunicativo, mensaje, expresar",2,2016-12-11 10:48:00.000,31_digital_internet_tecnología_móvil
34,"autor, dramaturgo, literario, literatura, narrador",3,2016-12-11 10:48:00.000,34_película_personaje_actor_hombre
35,"mexicano, méxico, centroamericano, cubano, cuba",1,2016-12-11 10:48:00.000,35_cubano_cubana_cuba_chile
37,"originalidad, chino, conciencia, nihilista, esencia",2,2016-12-11 10:48:00.000,37_astrónomo_ciencia_universo_teoría
38,"enamorado, amoroso, sebastian, pasión, cantar",4,2016-12-11 10:48:00.000,38_bailarín_tango_protagonista_ballet
39,"paciente, paciencia, demorar, médico, hospital",1,2016-12-11 10:48:00.000,39_morir_muerte_moribundo_cadáver
40,"marcha, caminar, marchar, agitar, marzo",2,2016-12-11 10:48:00.000,40_manifestación_feminista_multitud_mili...
41,"refugiado, víctima, pobreza, homicidio, habitante",2,2016-12-11 10:48:00.000,41_pobreza_inmobiliario_habitante_pobre
0,"político, política, electoral, electorado, voto",21,2017-04-19 02:24:00.000,0_político_política_electoral_candidato
1,"feminismo, feminista, patriarcado, mujeres, patriarcal",13,2017-04-19 02:24:00.000,1_feminismo_feminista_patriarcado_mascul...
2,"futbolero, fútbol, televisivo, televisación, espectador",1,2017-04-19 02:24:00.000,2_fifa_futbolista_fútbol_deporte
3,"literario, escritora, autor, escritor, poeta",8,2017-04-19 02:24:00.000,3_literario_escritora_autor_literatura
4,"brasil, brasileño, político, régimen, política",1,2017-04-19 02:24:00.000,4_déficit_deuda_endeudamiento_inflación
5,"pedagógico, enseñanza, enseñar, docente, escolar",8,2017-04-19 02:24:00.000,5_pedagógico_enseñanza_escolar_educativo
6,"maldonado, desaparición, pueblo, matar, detenido",9,2017-04-19 02:24:00.000,6_asesinato_policía_policial_maldonado
7,"aborto, abortar, democracia, feminista, patriarcado",2,2017-04-19 02:24:00.000,7_aborto_abortar_anticonceptivo_embarazo
10,"venezuela, dictatorial, bolivia, nicaragua, político",1,2017-04-19 02:24:00.000,10_boliviano_bolivia_político_política
11,"testimonio, testigo, víctima, condenado, denunciar",4,2017-04-19 02:24:00.000,11_asesino_testimonio_testigo_víctima
12,"tecnológico, extinción, planeta, capitalista, tecnología",1,2017-04-19 02:24:00.000,12_economía_económico_futuro_ambiental
13,"militante, kirchnerismo, político, política, catolicismo",1,2017-04-19 02:24:00.000,13_papal_catolicismo_arzobispo_católica
14,"periodístico, periodista, editorial, noticia, news",7,2017-04-19 02:24:00.000,14_mediático_periodístico_político_perio...
15,"desempleo, obrero, laboral, trabajador, empleador",4,2017-04-19 02:24:00.000,15_sindicalismo_reforma_político_polític...
16,"brasil, brasilero, brasileño, brasilera, brasilia",4,2017-04-19 02:24:00.000,16_brasil_brasilero_brasilia_brasileño
19,"periodista, periodístico, narrativo, publicar, redacción",5,2017-04-19 02:24:00.000,19_periodista_periodístico_periódico_nar...
20,"mapudungun, macarena, mapuche, monte, santiago",1,2017-04-19 02:24:00.000,20_ríos_río_arroyo_agua
22,"hinduismo, cultura, espiritualidad, cultural, hindú",1,2017-04-19 02:24:00.000,22_música_musical_músico_rapero
23,"justicia, jurisprudencia, condenar, judicial, dictadura",7,2017-04-19 02:24:00.000,23_justicia_judicial_juzgado_condenar
24,"famoso, rico, atraer, autor, artístico",1,2017-04-19 02:24:00.000,24_arte_artes_art_estética
25,"moralizante, culpabilización, machista, violencia, víctima",2,2017-04-19 02:24:00.000,25_violencia_feminismo_feminista_violent...
26,"fotógrafo, fotográfico, retrato, fotografía, cámara",3,2017-04-19 02:24:00.000,26_fotoperiodismo_retratar_retrato_fotóg...
29,"pantufla, casa, desaprobación, omnipotencia, soledad",1,2017-04-19 02:24:00.000,29_ficción_protagonista_personaje_melodr...
30,"régimen, político, política, legitimidad, autoridad",5,2017-04-19 02:24:00.000,30_sociedad_comunitario_proyecto_comunid...
31,"hackeo, privacidad, paranoico, contraseña, seguridad",1,2017-04-19 02:24:00.000,31_digital_internet_tecnología_móvil
32,"iraquí, sunito, irak, desaparición, desaparecido",1,2017-04-19 02:24:00.000,32_catástrofe_desastre_tragedia_terremot...
36,"siria, refugiados, refugiada, refugiado, irak",1,2017-04-19 02:24:00.000,36_holocausto_terrorista_siria_europa
39,"pseudociencia, medicina, terapéutico, cura, clínico",1,2017-04-19 02:24:00.000,39_morir_muerte_moribundo_cadáver
41,"sociedad, emprendedor, humanidad, estrategia, sabiduría",2,2017-04-19 02:24:00.000,41_pobreza_inmobiliario_habitante_pobre
42,"reconciliación, regalar, lamentar, resentido, entregar",1,2017-04-19 02:24:00.000,42_padre_papá_hijo_abuelo
0,"político, política, electoral, debate, candidato",34,2017-08-25 18:00:00.000,0_político_política_electoral_candidato
1,"sexista, feminista, feminismo, feminidad, sexo",5,2017-08-25 18:00:00.000,1_feminismo_feminista_patriarcado_mascul...
2,"futbolista, entrenador, fútbol, jugador, deportivo",7,2017-08-25 18:00:00.000,2_fifa_futbolista_fútbol_deporte
3,"literario, escritora, poeta, escritor, autora",4,2017-08-25 18:00:00.000,3_literario_escritora_autor_literatura
4,"corrupción, democracia, reforma, político, política",5,2017-08-25 18:00:00.000,4_déficit_deuda_endeudamiento_inflación
5,"pedagógico, escolar, enseñanza, educativo, colegio",9,2017-08-25 18:00:00.000,5_pedagógico_enseñanza_escolar_educativo
6,"maldonado, político, activismo, pueblo, causa",11,2017-08-25 18:00:00.000,6_asesinato_policía_policial_maldonado
10,"político, política, candidato, electoral, votar",3,2017-08-25 18:00:00.000,10_boliviano_bolivia_político_política
11,"víctima, morir, muerte, testigo, desaparición",6,2017-08-25 18:00:00.000,11_asesino_testimonio_testigo_víctima
14,"periodista, twitter, social, noticia, político",8,2017-08-25 18:00:00.000,14_mediático_periodístico_político_perio...
15,"neoliberalismo, trabajador, laboral, trabajo, reforma",2,2017-08-25 18:00:00.000,15_sindicalismo_reforma_político_polític...
17,"algorítmico, algoritmo, automatización, automatizado, computacional",2,2017-08-25 18:00:00.000,17_innovación_tecnológico_tecno_tecnolog...
18,"catalana, catalán, españolista, separatismo, español",1,2017-08-25 18:00:00.000,18_chileno_chile_político_dictadura
19,"periodístico, periodista, noticia, periódico, publicar",5,2017-08-25 18:00:00.000,19_periodista_periodístico_periódico_nar...
21,"soviético, soviética, stalin, vladimir, rusia",3,2017-08-25 18:00:00.000,21_soviética_soviético_vladimir_rusia
22,"cultural, cultura, podcast, folclore, música",2,2017-08-25 18:00:00.000,22_música_musical_músico_rapero
24,"escritor, lector, literatura, artista, nan",1,2017-08-25 18:00:00.000,24_arte_artes_art_estética
25,"penal, violento, multa, victimizar, ley",1,2017-08-25 18:00:00.000,25_violencia_feminismo_feminista_violent...
26,"antártida, fotógrafa, fotógrafo, fotografía, paisaje",1,2017-08-25 18:00:00.000,26_fotoperiodismo_retratar_retrato_fotóg...
27,"budismo, budista, hinduismo, espiritual, mitología",1,2017-08-25 18:00:00.000,27_israel_netanyahu_israelí_palestina
28,"clima, climático, literaria, desastre, narrativas",1,2017-08-25 18:00:00.000,28_futuro_pandemia_crisis_pensamiento
29,"erika, personaje, película, erotismo, guión",2,2017-08-25 18:00:00.000,29_ficción_protagonista_personaje_melodr...
30,"política, político, sociedad, injusticia, represivo",3,2017-08-25 18:00:00.000,30_sociedad_comunitario_proyecto_comunid...
31,"tecnología, celular, digital, internet, teléfono",8,2017-08-25 18:00:00.000,31_digital_internet_tecnología_móvil
32,"tragedia, terremoto, emergencia, mexicano, santiago",4,2017-08-25 18:00:00.000,32_catástrofe_desastre_tragedia_terremot...
33,"submarino, naval, marina, marino, océano",2,2017-08-25 18:00:00.000,33_submarino_marino_naufragio_océano
34,"santiago, arquitectónico, habitar, arquitecto, hombre",3,2017-08-25 18:00:00.000,34_película_personaje_actor_hombre
35,"rifle, arma, pistola, militar, tiro",1,2017-08-25 18:00:00.000,35_cubano_cubana_cuba_chile
38,"reales, hechos, festival, público, popular",1,2017-08-25 18:00:00.000,38_bailarín_tango_protagonista_ballet
39,"muerte, morir, funeral, moribundo, enterrar",2,2017-08-25 18:00:00.000,39_morir_muerte_moribundo_cadáver
0,"político, política, democracia, democrático, macrismo",7,2018-01-01 09:36:00.000,0_político_política_electoral_candidato
1,"feminista, feminismo, mujeres, lesbiano, político",16,2018-01-01 09:36:00.000,1_feminismo_feminista_patriarcado_mascul...
2,"futbol, futbolista, fútbol, fifa, brasil",4,2018-01-01 09:36:00.000,2_fifa_futbolista_fútbol_deporte
3,"literario, escritora, literatura, escritor, autor",6,2018-01-01 09:36:00.000,3_literario_escritora_autor_literatura
4,"austeridad, inflación, monetario, déficit, reforma",7,2018-01-01 09:36:00.000,4_déficit_deuda_endeudamiento_inflación
5,"pedagógico, enseñar, educativo, generacional, docente",4,2018-01-01 09:36:00.000,5_pedagógico_enseñanza_escolar_educativo
6,"matar, asesinato, víctima, maldonado, morir",5,2018-01-01 09:36:00.000,6_asesinato_policía_policial_maldonado
7,"aborto, abortar, anticonceptivo, debatir, político",16,2018-01-01 09:36:00.000,7_aborto_abortar_anticonceptivo_embarazo
8,"vacunar, vacunación, vacuna, antivacuna, inmunidad",2,2018-01-01 09:36:00.000,8_epidemia_vacunar_virus_vacuna
9,"trump, presidencial, republicano, presidente, obama",1,2018-01-01 09:36:00.000,9_político_libertario_política_presidenc...
10,"venezolano, venezuela, revolucionario, político, política",3,2018-01-01 09:36:00.000,10_boliviano_bolivia_político_política
11,"asesinar, dictadura, asesinato, muerto, marcelo",8,2018-01-01 09:36:00.000,11_asesino_testimonio_testigo_víctima
12,"nutricional, nutritivo, dieta, nutrient, alimentación",1,2018-01-01 09:36:00.000,12_economía_económico_futuro_ambiental
13,"papal, catolicismo, católica, católico, vaticano",1,2018-01-01 09:36:00.000,13_papal_catolicismo_arzobispo_católica
14,"mediático, periodístico, periodista, noticia, sociedad",9,2018-01-01 09:36:00.000,14_mediático_periodístico_político_perio...
15,"ministro, política, laboral, meritocracia, trabajo",1,2018-01-01 09:36:00.000,15_sindicalismo_reforma_político_polític...
16,"brasil, brasilero, brasileño, dictadura, bolsonaro",5,2018-01-01 09:36:00.000,16_brasil_brasilero_brasilia_brasileño
17,"recomendar, sociedad, aprender, social, sujeto",1,2018-01-01 09:36:00.000,17_innovación_tecnológico_tecno_tecnolog...
19,"periodista, periodístico, escritor, publicar, redacción",3,2018-01-01 09:36:00.000,19_periodista_periodístico_periódico_nar...
20,"salvaje, guano, ciervo, pueblo, monte",5,2018-01-01 09:36:00.000,20_ríos_río_arroyo_agua
22,"rapero, música, artista, music, músico",4,2018-01-01 09:36:00.000,22_música_musical_músico_rapero
23,"condenar, mártir, persecución, justicia, homicidio",4,2018-01-01 09:36:00.000,23_justicia_judicial_juzgado_condenar
24,"cultural, cultura, artista, creativo, artístico",2,2018-01-01 09:36:00.000,24_arte_artes_art_estética
25,"intimidación, feminismo, discriminatorio, denuncia, denunciado",2,2018-01-01 09:36:00.000,25_violencia_feminismo_feminista_violent...
29,"película, protagonista, abortar, actriz, aborto",2,2018-01-01 09:36:00.000,29_ficción_protagonista_personaje_melodr...
30,"rozitchner, lector, contracultura, dictadura, publicar",2,2018-01-01 09:36:00.000,30_sociedad_comunitario_proyecto_comunid...
31,"propaganda, digital, privacidad, internet, twitter",5,2018-01-01 09:36:00.000,31_digital_internet_tecnología_móvil
32,"incendio, fuego, quemar, monte, humo",1,2018-01-01 09:36:00.000,32_catástrofe_desastre_tragedia_terremot...
34,"villano, ziembrowski, actor, podcast, televisión",1,2018-01-01 09:36:00.000,34_película_personaje_actor_hombre
35,"cubano, chile, cuba, mexicano, exilio",4,2018-01-01 09:36:00.000,35_cubano_cubana_cuba_chile
36,"genocidio, genocida, holocausto, reconciliación, injusticia",1,2018-01-01 09:36:00.000,36_holocausto_terrorista_siria_europa
37,"astrónomo, astronomía, telescopio, astronómico, astrofísica",1,2018-01-01 09:36:00.000,37_astrónomo_ciencia_universo_teoría
41,"bicicleta, bici, bicisenda, ciclovía, ciclista",1,2018-01-01 09:36:00.000,41_pobreza_inmobiliario_habitante_pobre
0,"autoritario, político, política, revolución, kirchnerismo",12,2018-05-10 01:12:00.000,0_político_política_electoral_candidato
1,"feminismo, feminista, machismo, revolución, político",13,2018-05-10 01:12:00.000,1_feminismo_feminista_patriarcado_mascul...
2,"futbolista, futbolero, brasil, fifa, fútbol",5,2018-05-10 01:12:00.000,2_fifa_futbolista_fútbol_deporte
3,"literario, poeta, autor, escritor, literatura",5,2018-05-10 01:12:00.000,3_literario_escritora_autor_literatura
4,"déficit, endeudamiento, fiscal, inflación, monetario",10,2018-05-10 01:12:00.000,4_déficit_deuda_endeudamiento_inflación
5,"pedagógico, educativo, enseñar, educación, colegio",8,2018-05-10 01:12:00.000,5_pedagógico_enseñanza_escolar_educativo
6,"maldonado, matar, víctima, atentado, enrique",4,2018-05-10 01:12:00.000,6_asesinato_policía_policial_maldonado
7,"aborto, abortar, político, anticonceptivo, política",34,2018-05-10 01:12:00.000,7_aborto_abortar_anticonceptivo_embarazo
10,"colombiano, colombia, venezuela, nicaragüense, bolivia",4,2018-05-10 01:12:00.000,10_boliviano_bolivia_político_política
11,"matar, policía, karen, vergüenza, víctima",2,2018-05-10 01:12:00.000,11_asesino_testimonio_testigo_víctima
12,"country, peruano, país, perú, filipino",1,2018-05-10 01:12:00.000,12_economía_económico_futuro_ambiental
14,"mediático, twitter, público, comunicación, favorecer",2,2018-05-10 01:12:00.000,14_mediático_periodístico_político_perio...
15,"sindicalismo, huelga, movilización, laboral, trabajo",1,2018-05-10 01:12:00.000,15_sindicalismo_reforma_político_polític...
17,"innovación, tecnológico, tecnología, tecno, futuro",5,2018-05-10 01:12:00.000,17_innovación_tecnológico_tecno_tecnolog...
19,"periodista, periodístico, publicar, periódico, ficción",4,2018-05-10 01:12:00.000,19_periodista_periodístico_periódico_nar...
22,"rapero, rap, canción, música, cantante",3,2018-05-10 01:12:00.000,22_música_musical_músico_rapero
23,"condenar, imputado, justicia, juzgado, condena",6,2018-05-10 01:12:00.000,23_justicia_judicial_juzgado_condenar
24,"arte, artes, creativo, art, artístico",3,2018-05-10 01:12:00.000,24_arte_artes_art_estética
25,"protagonista, violencia, víctima, militante, militancia",3,2018-05-10 01:12:00.000,25_violencia_feminismo_feminista_violent...
26,"fotoperiodismo, retrato, fotográfico, fotografía, fotógrafo",2,2018-05-10 01:12:00.000,26_fotoperiodismo_retratar_retrato_fotóg...
28,"digámoslo, sufrir, preocupación, político, autoengaño",2,2018-05-10 01:12:00.000,28_futuro_pandemia_crisis_pensamiento
29,"personaje, política, posmoderno, estereotipo, social",2,2018-05-10 01:12:00.000,29_ficción_protagonista_personaje_melodr...
30,"revuelta, afrofuturismo, latina, revolución, colonialista",3,2018-05-10 01:12:00.000,30_sociedad_comunitario_proyecto_comunid...
31,"digital, tecnología, smartphón, com, transformar",2,2018-05-10 01:12:00.000,31_digital_internet_tecnología_móvil
33,"mapuches, cazador, mapuche, buque, patagones",1,2018-05-10 01:12:00.000,33_submarino_marino_naufragio_océano
34,"kirchnerismo, marcelo, libro, verosímil, herrera",3,2018-05-10 01:12:00.000,34_película_personaje_actor_hombre
35,"cubano, cubana, cuba, tragedia, estornudo",1,2018-05-10 01:12:00.000,35_cubano_cubana_cuba_chile
38,"cantito, canción, cantar, insulto, cantante",2,2018-05-10 01:12:00.000,38_bailarín_tango_protagonista_ballet
39,"muerte, politizado, morir, políticamente, asesinado",1,2018-05-10 01:12:00.000,39_morir_muerte_moribundo_cadáver
40,"mapuche, mapudungun, jornada, sol, pueblo",1,2018-05-10 01:12:00.000,40_manifestación_feminista_multitud_mili...
41,"capitalista, crisis, contracultura, kirchnerismo, corrupción",4,2018-05-10 01:12:00.000,41_pobreza_inmobiliario_habitante_pobre
0,"autoritario, populismo, político, política, democracia",16,2018-09-15 16:48:00.000,0_político_política_electoral_candidato
1,"feminista, feminismo, masculinidad, patriarcado, mujeres",13,2018-09-15 16:48:00.000,1_feminismo_feminista_patriarcado_mascul...
2,"futbol, futbolista, fútbol, fifa, football",3,2018-09-15 16:48:00.000,2_fifa_futbolista_fútbol_deporte
3,"literario, libro, manuscrito, literatura, publicar",5,2018-09-15 16:48:00.000,3_literario_escritora_autor_literatura
4,"democracias, político, política, democracia, democrático",3,2018-09-15 16:48:00.000,4_déficit_deuda_endeudamiento_inflación
5,"pedagógico, escolar, colegio, educativo, escuela",3,2018-09-15 16:48:00.000,5_pedagógico_enseñanza_escolar_educativo
6,"político, hombre, pueblo, recorrer, moto",4,2018-09-15 16:48:00.000,6_asesinato_policía_policial_maldonado
7,"aborto, abortar, política, debate, feminismo",3,2018-09-15 16:48:00.000,7_aborto_abortar_anticonceptivo_embarazo
8,"epidemia, virus, contagio, infectado, predador",1,2018-09-15 16:48:00.000,8_epidemia_vacunar_virus_vacuna
10,"venezuela, presidente, latinoamericano, presidencial, trump",1,2018-09-15 16:48:00.000,10_boliviano_bolivia_político_política
12,"alimentario, alimento, comida, alimentar, alimentación",1,2018-09-15 16:48:00.000,12_economía_económico_futuro_ambiental
13,"evangélico, teología, teológico, protestante, catolicismo",2,2018-09-15 16:48:00.000,13_papal_catolicismo_arzobispo_católica
14,"mediático, twitter, cuestionar, publicar, público",3,2018-09-15 16:48:00.000,14_mediático_periodístico_político_perio...
15,"austeridad, política, reforma, economía, laboral",3,2018-09-15 16:48:00.000,15_sindicalismo_reforma_político_polític...
16,"brasil, brasilia, brasileño, político, política",9,2018-09-15 16:48:00.000,16_brasil_brasilero_brasilia_brasileño
19,"periodista, periodístico, víctima, violencia, ficción",1,2018-09-15 16:48:00.000,19_periodista_periodístico_periódico_nar...
20,"mexicano, desierto, colombi, méxico, cactus",1,2018-09-15 16:48:00.000,20_ríos_río_arroyo_agua
21,"presidente, trump, g20, washington, américa",1,2018-09-15 16:48:00.000,21_soviética_soviético_vladimir_rusia
22,"reggaetón, músico, música, cantante, cultural",3,2018-09-15 16:48:00.000,22_música_musical_músico_rapero
23,"jurisprudencia, judicial, tribunal, constitucional, juez",1,2018-09-15 16:48:00.000,23_justicia_judicial_juzgado_condenar
24,"actrices, actoral, actriz, patriarcado, cultura",1,2018-09-15 16:48:00.000,24_arte_artes_art_estética
25,"feminismo, feminista, violación, asesinar, prejuicio",3,2018-09-15 16:48:00.000,25_violencia_feminismo_feminista_violent...
27,"palestina, palestino, sionista, militante, israel",1,2018-09-15 16:48:00.000,27_israel_netanyahu_israelí_palestina
28,"neoliberalismo, política, político, anticapitalista, neoliberal",1,2018-09-15 16:48:00.000,28_futuro_pandemia_crisis_pensamiento
29,"enamorar, enamoramiento, amor, mirándolo, personaje",1,2018-09-15 16:48:00.000,29_ficción_protagonista_personaje_melodr...
30,"decolonial, originario, colonial, cultura, brasil",2,2018-09-15 16:48:00.000,30_sociedad_comunitario_proyecto_comunid...
33,"naval, barco, marino, submarino, espíritu",1,2018-09-15 16:48:00.000,33_submarino_marino_naufragio_océano
34,"película, guionista, escritor, roberto, personaje",2,2018-09-15 16:48:00.000,34_película_personaje_actor_hombre
35,"venezuela, cubano, venezolano, cuba, mexicano",2,2018-09-15 16:48:00.000,35_cubano_cubana_cuba_chile
37,"astrólogo, astrología, filosofía, teoría, cosmo",3,2018-09-15 16:48:00.000,37_astrónomo_ciencia_universo_teoría
38,"luchador, luchadora, ring, boxeo, marcial",1,2018-09-15 16:48:00.000,38_bailarín_tango_protagonista_ballet
41,"político, política, legislatura, legislador, pobre",4,2018-09-15 16:48:00.000,41_pobreza_inmobiliario_habitante_pobre
0,"político, política, electoral, electorado, candidato",19,2019-01-22 08:24:00.000,0_político_política_electoral_candidato
1,"feminismo, feminista, patriarcado, patriarcal, político",13,2019-01-22 08:24:00.000,1_feminismo_feminista_patriarcado_mascul...
2,"futbolista, futbolero, jugadora, fútbol, jugador",2,2019-01-22 08:24:00.000,2_fifa_futbolista_fútbol_deporte
3,"poesía, ficciones, concurso, libro, quejido",2,2019-01-22 08:24:00.000,3_literario_escritora_autor_literatura
4,"economía, pobreza, reforma, económico, crisis",4,2019-01-22 08:24:00.000,4_déficit_deuda_endeudamiento_inflación
5,"institucionalizar, pedagógico, educativo, discusión, reforma",3,2019-01-22 08:24:00.000,5_pedagógico_enseñanza_escolar_educativo
6,"deportación, preso, policial, policía, detenido",2,2019-01-22 08:24:00.000,6_asesinato_policía_policial_maldonado
7,"aborto, embarazado, embarazo, maternidad, reproductivo",1,2019-01-22 08:24:00.000,7_aborto_abortar_anticonceptivo_embarazo
10,"venezuela, venezolano, bolivariana, colombia, latinoamericano",4,2019-01-22 08:24:00.000,10_boliviano_bolivia_político_política
12,"agroexportador, economía, cosecha, tonelada, producción",1,2019-01-22 08:24:00.000,12_economía_económico_futuro_ambiental
13,"catolicismo, arzobispo, católica, católico, jesuítico",1,2019-01-22 08:24:00.000,13_papal_catolicismo_arzobispo_católica
14,"journalism, periodística, mediático, documental, colaborativo",2,2019-01-22 08:24:00.000,14_mediático_periodístico_político_perio...
15,"laboral, capitalismo, trabajo, emprendedor, trabajador",3,2019-01-22 08:24:00.000,15_sindicalismo_reforma_político_polític...
17,"tecnología, digital, plataformas, videogonzalo, plataforma",2,2019-01-22 08:24:00.000,17_innovación_tecnológico_tecno_tecnolog...
19,"narrativo, publicar, periodista, relato, redacción",2,2019-01-22 08:24:00.000,19_periodista_periodístico_periódico_nar...
22,"música, mario, músico, musical, rosario",2,2019-01-22 08:24:00.000,22_música_musical_músico_rapero
23,"abogado, judicial, justicia, impunidad, ley",2,2019-01-22 08:24:00.000,23_justicia_judicial_juzgado_condenar
24,"teatro, dramaturgia, teatral, festival, concierto",1,2019-01-22 08:24:00.000,24_arte_artes_art_estética
25,"pedofilia, abusar, tortura, abuso, víctima",5,2019-01-22 08:24:00.000,25_violencia_feminismo_feminista_violent...
28,"thrones, trono, spoiler, personaje, episodio",1,2019-01-22 08:24:00.000,28_futuro_pandemia_crisis_pensamiento
29,"amante, amar, amor, personaje, hombre",3,2019-01-22 08:24:00.000,29_ficción_protagonista_personaje_melodr...
30,"felicidad, happiness, felices, feliz, bienestar",1,2019-01-22 08:24:00.000,30_sociedad_comunitario_proyecto_comunid...
31,"cibervigilancia, selfie, público, sociólogo, vigilancia",1,2019-01-22 08:24:00.000,31_digital_internet_tecnología_móvil
33,"archipiélago, isla, islas, litoral, atlántico",1,2019-01-22 08:24:00.000,33_submarino_marino_naufragio_océano
34,"hombre, enamorado, amor, amar, padre",2,2019-01-22 08:24:00.000,34_película_personaje_actor_hombre
37,"cientificismo, cientificista, cientificidad, ciencia, fundamentalista",1,2019-01-22 08:24:00.000,37_astrónomo_ciencia_universo_teoría
38,"espectadora, performático, espectador, escena, actriz",2,2019-01-22 08:24:00.000,38_bailarín_tango_protagonista_ballet
39,"sufrir, síntoma, vocal, voz, médico",2,2019-01-22 08:24:00.000,39_morir_muerte_moribundo_cadáver
40,"marzo, marcha, denuncia, mujer, parada",3,2019-01-22 08:24:00.000,40_manifestación_feminista_multitud_mili...
41,"oligarquía, barón, empresario, negocio, alberto",1,2019-01-22 08:24:00.000,41_pobreza_inmobiliario_habitante_pobre
0,"político, política, progresismo, democracia, democrático",21,2019-05-31 00:00:00.000,0_político_política_electoral_candidato
1,"feminismo, feminista, cisexista, patriarcal, machismo",4,2019-05-31 00:00:00.000,1_feminismo_feminista_patriarcado_mascul...
2,"futbolero, futbolista, fútbol, fifa, deporte",3,2019-05-31 00:00:00.000,2_fifa_futbolista_fútbol_deporte
3,"literario, escritor, poeta, autor, afroargentino",6,2019-05-31 00:00:00.000,3_literario_escritora_autor_literatura
4,"economista, endeudamiento, inflación, monetario, devaluación",5,2019-05-31 00:00:00.000,4_déficit_deuda_endeudamiento_inflación
5,"pedagógico, educativo, enseñar, aula, escolar",3,2019-05-31 00:00:00.000,5_pedagógico_enseñanza_escolar_educativo
6,"represivo, gobierno, memorándum, liberar, ruiz",2,2019-05-31 00:00:00.000,6_asesinato_policía_policial_maldonado
7,"aborto, abortar, ordenanza, amalia, anticonceptivo",1,2019-05-31 00:00:00.000,7_aborto_abortar_anticonceptivo_embarazo
11,"asesino, homicidio, víctima, crimen, matar",1,2019-05-31 00:00:00.000,11_asesino_testimonio_testigo_víctima
12,"ambientalismo, veganismo, causar, alimentación, vegano",3,2019-05-31 00:00:00.000,12_economía_económico_futuro_ambiental
13,"evangélico, pastor, cristian, cristiano, religioso",1,2019-05-31 00:00:00.000,13_papal_catolicismo_arzobispo_católica
14,"mediático, periodístico, político, periodista, política",5,2019-05-31 00:00:00.000,14_mediático_periodístico_político_perio...
15,"desempleo, laboral, empleo, empleado, trabajo",3,2019-05-31 00:00:00.000,15_sindicalismo_reforma_político_polític...
17,"laboral, oficina, trabajo, work, empleado",1,2019-05-31 00:00:00.000,17_innovación_tecnológico_tecno_tecnolog...
20,"boliviano, bolivia, chiquitanía, incendio, fuego",1,2019-05-31 00:00:00.000,20_ríos_río_arroyo_agua
22,"musical, solista, músico, música, melodía",1,2019-05-31 00:00:00.000,22_música_musical_músico_rapero
23,"tribunal, cortesano, judicial, justicia, juez",1,2019-05-31 00:00:00.000,23_justicia_judicial_juzgado_condenar
24,"artístico, museo, galería, exhibición, arte",1,2019-05-31 00:00:00.000,24_arte_artes_art_estética
25,"patriarcal, justicia, travesticidios, travesticidio, dedicás",1,2019-05-31 00:00:00.000,25_violencia_feminismo_feminista_violent...
26,"fotoperiodismo, relato, reporteros, fotógrafo, retratado",1,2019-05-31 00:00:00.000,26_fotoperiodismo_retratar_retrato_fotóg...
28,"crisis, macrismo, futuro, catástrofe, precariedad",4,2019-05-31 00:00:00.000,28_futuro_pandemia_crisis_pensamiento
29,"protagonista, personaje, ficción, libro, criar",3,2019-05-31 00:00:00.000,29_ficción_protagonista_personaje_melodr...
30,"brasil, brasileño, literatura, afroargentino, afrodescendiente",4,2019-05-31 00:00:00.000,30_sociedad_comunitario_proyecto_comunid...
32,"budista, budismo, monje, ritual, funerario",1,2019-05-31 00:00:00.000,32_catástrofe_desastre_tragedia_terremot...
34,"pedro, lemebel, personaje, santo, escrito",1,2019-05-31 00:00:00.000,34_película_personaje_actor_hombre
35,"puertorriqueño, revolución, embajador, político, caribe",1,2019-05-31 00:00:00.000,35_cubano_cubana_cuba_chile
37,"filosófico, filosofía, inteligencia, ideología, realismo",1,2019-05-31 00:00:00.000,37_astrónomo_ciencia_universo_teoría
41,"sociología, pobreza, político, política, violencia",4,2019-05-31 00:00:00.000,41_pobreza_inmobiliario_habitante_pobre
0,"neoliberalismo, neoliberal, político, política, agenda",19,2019-10-06 15:36:00.000,0_político_política_electoral_candidato
1,"feminismo, feminista, patriarcado, lesbiano, político",7,2019-10-06 15:36:00.000,1_feminismo_feminista_patriarcado_mascul...
2,"cerveza, carlos, histérico, nutricionista, adelgazar",1,2019-10-06 15:36:00.000,2_fifa_futbolista_fútbol_deporte
4,"austeridad, economista, endeudamiento, crisis, reforma",9,2019-10-06 15:36:00.000,4_déficit_deuda_endeudamiento_inflación
5,"pedagógico, enseñanza, educar, enseñar, educativo",5,2019-10-06 15:36:00.000,5_pedagógico_enseñanza_escolar_educativo
6,"chileno, chile, revolución, represión, tortura",2,2019-10-06 15:36:00.000,6_asesinato_policía_policial_maldonado
7,"abortar, aborto, embarazos, embarazo, legalización",1,2019-10-06 15:36:00.000,7_aborto_abortar_anticonceptivo_embarazo
10,"boliviano, bolivia, venezuela, colombia, venezolano",8,2019-10-06 15:36:00.000,10_boliviano_bolivia_político_política
11,"madre, identidad, mamá, adopción, tía",1,2019-10-06 15:36:00.000,11_asesino_testimonio_testigo_víctima
12,"política, crisis, gobierno, económico, australia",3,2019-10-06 15:36:00.000,12_economía_económico_futuro_ambiental
14,"político, electoral, voto, votante, presidencial",1,2019-10-06 15:36:00.000,14_mediático_periodístico_político_perio...
15,"laboral, trabajo, trabajadora, empleo, empleado",6,2019-10-06 15:36:00.000,15_sindicalismo_reforma_político_polític...
16,"neoliberalismo, neoliberal, posfascismo, autoritario, dictadura",1,2019-10-06 15:36:00.000,16_brasil_brasilero_brasilia_brasileño
17,"debate, futuro, sociedad, ciencia, social",1,2019-10-06 15:36:00.000,17_innovación_tecnológico_tecno_tecnolog...
18,"chile, revuelta, protesta, política, pasean",1,2019-10-06 15:36:00.000,18_chileno_chile_político_dictadura
20,"brasil, contaminado, represa, crimen, matar",1,2019-10-06 15:36:00.000,20_ríos_río_arroyo_agua
22,"rapero, música, music, músico, musical",6,2019-10-06 15:36:00.000,22_música_musical_músico_rapero
24,"cultura, inventar, creación, cultural, artista",2,2019-10-06 15:36:00.000,24_arte_artes_art_estética
25,"hostigamiento, castigado, castigo, policial, abusivo",2,2019-10-06 15:36:00.000,25_violencia_feminismo_feminista_violent...
26,"siglo, arte, vila, retratar, sala",1,2019-10-06 15:36:00.000,26_fotoperiodismo_retratar_retrato_fotóg...
27,"irán, iraní, teherán, armenia, país",1,2019-10-06 15:36:00.000,27_israel_netanyahu_israelí_palestina
29,"protagonista, documental, personaje, subjetividad, libro",4,2019-10-06 15:36:00.000,29_ficción_protagonista_personaje_melodr...
30,"sociedad, situacional, política, político, investigación",4,2019-10-06 15:36:00.000,30_sociedad_comunitario_proyecto_comunid...
34,"fiesta, borracha, contundente, hombre, beso",1,2019-10-06 15:36:00.000,34_película_personaje_actor_hombre
36,"holocausto, genocidio, nazismo, política, dictadura",1,2019-10-06 15:36:00.000,36_holocausto_terrorista_siria_europa
37,"lector, neurociencia, cerebro, libro, periodista",1,2019-10-06 15:36:00.000,37_astrónomo_ciencia_universo_teoría
39,"muerte, morir, dioses, papi, decisión",1,2019-10-06 15:36:00.000,39_morir_muerte_moribundo_cadáver
40,"recorrer, ambulante, fanático, plaza, marcha",1,2019-10-06 15:36:00.000,40_manifestación_feminista_multitud_mili...
41,"mafia, político, pobreza, política, ilegalidad",3,2019-10-06 15:36:00.000,41_pobreza_inmobiliario_habitante_pobre
0,"política, político, democracia, democrático, autoritario",5,2020-02-12 07:12:00.000,0_político_política_electoral_candidato
1,"feminista, feminismo, lesbianismo, lesbiana, lesbiano",2,2020-02-12 07:12:00.000,1_feminismo_feminista_patriarcado_mascul...
3,"narradora, autora, literario, escritora, autor",4,2020-02-12 07:12:00.000,3_literario_escritora_autor_literatura
4,"capitalismo, economía, pobreza, crisis, liberalismo",4,2020-02-12 07:12:00.000,4_déficit_deuda_endeudamiento_inflación
5,"pedagógico, enseñar, enseñanza, educativo, lectivo",5,2020-02-12 07:12:00.000,5_pedagógico_enseñanza_escolar_educativo
6,"dictadura, represivo, político, represión, víctima",6,2020-02-12 07:12:00.000,6_asesinato_policía_policial_maldonado
7,"antiaborto, aborto, abortar, activismo, feminista",2,2020-02-12 07:12:00.000,7_aborto_abortar_anticonceptivo_embarazo
8,"coronavirus, epidemia, virus, infectado, contagio",33,2020-02-12 07:12:00.000,8_epidemia_vacunar_virus_vacuna
9,"marchar, persecución, violentar, prisión, asesinar",1,2020-02-12 07:12:00.000,9_político_libertario_política_presidenc...
12,"ambientalismo, agropecuario, crisis, economía, gobierno",5,2020-02-12 07:12:00.000,12_economía_económico_futuro_ambiental
13,"religión, creencia, fe, pandemia, religioso",1,2020-02-12 07:12:00.000,13_papal_catolicismo_arzobispo_católica
15,"sociedad, gobierno, capitalista, proletariado, laboral",3,2020-02-12 07:12:00.000,15_sindicalismo_reforma_político_polític...
16,"crisis, virus, coronaviru, coronavirus, bolsonaro",1,2020-02-12 07:12:00.000,16_brasil_brasilero_brasilia_brasileño
19,"periodistas, periodístico, periodista, periódico, periodismo",1,2020-02-12 07:12:00.000,19_periodista_periodístico_periódico_nar...
20,"indígena, violencia, comunidad, municipio, policía",1,2020-02-12 07:12:00.000,20_ríos_río_arroyo_agua
22,"djs, dj, música, micrófono, banda",1,2020-02-12 07:12:00.000,22_música_musical_músico_rapero
24,"teatro, artístico, arte, inventado, reflexionar",2,2020-02-12 07:12:00.000,24_arte_artes_art_estética
25,"batalla, identidad, discutir, feminidad, discriminación",1,2020-02-12 07:12:00.000,25_violencia_feminismo_feminista_violent...
28,"crisis, neoliberalismo, futuro, pandemia, neoliberal",11,2020-02-12 07:12:00.000,28_futuro_pandemia_crisis_pensamiento
29,"judaísmo, rabino, ortodoxas, ortodoxa, ortodoxo",1,2020-02-12 07:12:00.000,29_ficción_protagonista_personaje_melodr...
30,"libro, paisaje, poblador, hombre, puestero",2,2020-02-12 07:12:00.000,30_sociedad_comunitario_proyecto_comunid...
39,"muerte, mortalidad, morir, moribundo, víctima",2,2020-02-12 07:12:00.000,39_morir_muerte_moribundo_cadáver
41,"comunitario, pobreza, sociedad, vecino, urbano",4,2020-02-12 07:12:00.000,41_pobreza_inmobiliario_habitante_pobre
42,"hormona, masculino, diablo, padre, cuerpo",1,2020-02-12 07:12:00.000,42_padre_papá_hijo_abuelo
0,"populismo, político, política, oposición, conservador",10,2020-06-19 22:48:00.000,0_político_política_electoral_candidato
1,"feminismo, feminista, patriarcado, opresión, lesbiano",5,2020-06-19 22:48:00.000,1_feminismo_feminista_patriarcado_mascul...
3,"kiss, erótico, boca, amor, abrazo",1,2020-06-19 22:48:00.000,3_literario_escritora_autor_literatura
4,"endeudamiento, deuda, pobreza, economista, monetario",2,2020-06-19 22:48:00.000,4_déficit_deuda_endeudamiento_inflación
5,"educativo, escolar, enseñanza, escuela, enseñar",3,2020-06-19 22:48:00.000,5_pedagógico_enseñanza_escolar_educativo
6,"desaparición, sospechar, desaparecido, comisaría, matar",2,2020-06-19 22:48:00.000,6_asesinato_policía_policial_maldonado
7,"pandemia, sanitario, cuidar, sanitaria, responsabilidad",1,2020-06-19 22:48:00.000,7_aborto_abortar_anticonceptivo_embarazo
8,"epidemia, virus, coronavirus, pandemia, miedo",6,2020-06-19 22:48:00.000,8_epidemia_vacunar_virus_vacuna
10,"bolivia, boliviano, venezuela, venezolano, político",4,2020-06-19 22:48:00.000,10_boliviano_bolivia_político_política
12,"ecológico, ambiental, climático, ambiente, mundial",10,2020-06-19 22:48:00.000,12_economía_económico_futuro_ambiental
14,"mediático, twitter, sociedad, desinformación, público",4,2020-06-19 22:48:00.000,14_mediático_periodístico_político_perio...
15,"gobierno, institucional, reforma, jubilación, político",3,2020-06-19 22:48:00.000,15_sindicalismo_reforma_político_polític...
17,"tecnológico, innovación, tecnología, futuro, industria",6,2020-06-19 22:48:00.000,17_innovación_tecnológico_tecno_tecnolog...
18,"chileno, chile, democracia, político, dictadura",2,2020-06-19 22:48:00.000,18_chileno_chile_político_dictadura
20,"incendio, fuego, humo, ambientalista, llama",1,2020-06-19 22:48:00.000,20_ríos_río_arroyo_agua
21,"ruso, rusia, moscú, soviético, fanático",1,2020-06-19 22:48:00.000,21_soviética_soviético_vladimir_rusia
22,"twitch, seguidor, videojuego, showrunner, gamer",1,2020-06-19 22:48:00.000,22_música_musical_músico_rapero
24,"artes, estética, estético, arte, creatividad",3,2020-06-19 22:48:00.000,24_arte_artes_art_estética
25,"feminismo, feminista, justicia, crimen, penal",1,2020-06-19 22:48:00.000,25_violencia_feminismo_feminista_violent...
28,"debate, amenaza, filósofo, crisis, pandémico",7,2020-06-19 22:48:00.000,28_futuro_pandemia_crisis_pensamiento
31,"internet, digitalización, digital, tecnológico, tecnología",2,2020-06-19 22:48:00.000,31_digital_internet_tecnología_móvil
34,"dramaturgo, actor, alonso, maestro, personaje",1,2020-06-19 22:48:00.000,34_película_personaje_actor_hombre
41,"política, discusión, pobreza, sociedad, gobierno",5,2020-06-19 22:48:00.000,41_pobreza_inmobiliario_habitante_pobre
0,"político, política, democracia, presidencial, electoral",12,2020-10-26 14:24:00.000,0_político_política_electoral_candidato
1,"feminista, feminismo, matrimonio, mujeres, género",2,2020-10-26 14:24:00.000,1_feminismo_feminista_patriarcado_mascul...
2,"hombre, futbolista, miguel, entrenador, gracia",7,2020-10-26 14:24:00.000,2_fifa_futbolista_fútbol_deporte
3,"literario, poeta, libro, lectura, autora",2,2020-10-26 14:24:00.000,3_literario_escritora_autor_literatura
4,"alquiler, endeudamiento, deuda, vivienda, habitacional",1,2020-10-26 14:24:00.000,4_déficit_deuda_endeudamiento_inflación
5,"pedagógico, enseñanza, educativo, enseñar, escolar",5,2020-10-26 14:24:00.000,5_pedagógico_enseñanza_escolar_educativo
6,"morir, muerto, hombre, causa, muerte",3,2020-10-26 14:24:00.000,6_asesinato_policía_policial_maldonado
7,"político, política, abortar, autoritarismos, aborto",9,2020-10-26 14:24:00.000,7_aborto_abortar_anticonceptivo_embarazo
8,"vacuna, vacunar, vacunado, vacunación, epidemia",5,2020-10-26 14:24:00.000,8_epidemia_vacunar_virus_vacuna
10,"boliviano, bolivia, venezuela, colombia, dictadura",3,2020-10-26 14:24:00.000,10_boliviano_bolivia_político_política
11,"homicidio, condena, delito, crimen, víctima",4,2020-10-26 14:24:00.000,11_asesino_testimonio_testigo_víctima
12,"progresismo, futuro, política, agroecológico, crisis",5,2020-10-26 14:24:00.000,12_economía_económico_futuro_ambiental
13,"evangelismo, teológico, secularizado, eclesiástico, evangélico",3,2020-10-26 14:24:00.000,13_papal_catolicismo_arzobispo_católica
14,"mediático, propaganda, periodístico, político, política",5,2020-10-26 14:24:00.000,14_mediático_periodístico_político_perio...
19,"periodista, periodístico, escritor, periódico, publicar",1,2020-10-26 14:24:00.000,19_periodista_periodístico_periódico_nar...
20,"feminismo, mujeres, posesión, mujer, género",1,2020-10-26 14:24:00.000,20_ríos_río_arroyo_agua
21,"vladimir, rusia, soviética, ruso, soviético",3,2020-10-26 14:24:00.000,21_soviética_soviético_vladimir_rusia
22,"hippie, música, contracultura, siglo, contracultural",1,2020-10-26 14:24:00.000,22_música_musical_músico_rapero
24,"activismo, cultural, políticamente, artista, arte",1,2020-10-26 14:24:00.000,24_arte_artes_art_estética
25,"discriminatorio, represivo, policial, policía, penalizar",1,2020-10-26 14:24:00.000,25_violencia_feminismo_feminista_violent...
28,"pandemia, crisis, colapso, colapsar, indignación",3,2020-10-26 14:24:00.000,28_futuro_pandemia_crisis_pensamiento
29,"personaje, villana, protagonista, ficción, cómics",2,2020-10-26 14:24:00.000,29_ficción_protagonista_personaje_melodr...
30,"migración, migrar, migrant, americano, viajar",2,2020-10-26 14:24:00.000,30_sociedad_comunitario_proyecto_comunid...
34,"rapisardi, película, varón, callejero, carlitos",1,2020-10-26 14:24:00.000,34_película_personaje_actor_hombre
35,"cubano, cuba, península, playa, mexicano",1,2020-10-26 14:24:00.000,35_cubano_cubana_cuba_chile
37,"soñó, comunismo, soñé, soñar, nazismo",2,2020-10-26 14:24:00.000,37_astrónomo_ciencia_universo_teoría
38,"dramaturgia, dramaturgo, teatro, textualmente, protagonista",1,2020-10-26 14:24:00.000,38_bailarín_tango_protagonista_ballet
0,"político, política, conservador, dictadura, progresista",10,2021-03-04 06:00:00.000,0_político_política_electoral_candidato
1,"feminismo, feminista, patriarcado, masculinidad, patriarcal",13,2021-03-04 06:00:00.000,1_feminismo_feminista_patriarcado_mascul...
2,"fútbol, carlos, sabalero, ronaldo, italia",1,2021-03-04 06:00:00.000,2_fifa_futbolista_fútbol_deporte
3,"literario, autor, literatura, escritora, escritor",10,2021-03-04 06:00:00.000,3_literario_escritora_autor_literatura
4,"progresismo, economía, pobreza, desigualdad, económico",3,2021-03-04 06:00:00.000,4_déficit_deuda_endeudamiento_inflación
5,"pedagógico, infancia, escolar, educativo, colegio",7,2021-03-04 06:00:00.000,5_pedagógico_enseñanza_escolar_educativo
6,"dictadura, político, ministro, presidente, rodríguez",2,2021-03-04 06:00:00.000,6_asesinato_policía_policial_maldonado
8,"vacunar, vacuna, vacunación, pandemia, contagio",7,2021-03-04 06:00:00.000,8_epidemia_vacunar_virus_vacuna
10,"colombia, venezuela, político, política, boliviano",5,2021-03-04 06:00:00.000,10_boliviano_bolivia_político_política
12,"ambiental, sustentable, sustentabilidad, ambiente, climático",5,2021-03-04 06:00:00.000,12_economía_económico_futuro_ambiental
13,"evangelismo, evangélico, pentecostal, cristiano, religioso",1,2021-03-04 06:00:00.000,13_papal_catolicismo_arzobispo_católica
14,"conspiracionista, conspiracionismo, conspirativa, conspiración, desinformación",2,2021-03-04 06:00:00.000,14_mediático_periodístico_político_perio...
15,"afectividad, laboral, empleadora, empleado, empleador",3,2021-03-04 06:00:00.000,15_sindicalismo_reforma_político_polític...
17,"inteligencia, inteligente, tecnológico, tecnología, sociedad",3,2021-03-04 06:00:00.000,17_innovación_tecnológico_tecno_tecnolog...
18,"chile, chileno, constitución, democracia, constitucional",2,2021-03-04 06:00:00.000,18_chileno_chile_político_dictadura
19,"mediático, femicidio, periodista, novela, mediatización",1,2021-03-04 06:00:00.000,19_periodista_periodístico_periódico_nar...
20,"hidrovía, agua, ríos, río, paisaje",3,2021-03-04 06:00:00.000,20_ríos_río_arroyo_agua
23,"antipunitivismo, magistratura, político, política, judicial",3,2021-03-04 06:00:00.000,23_justicia_judicial_juzgado_condenar
25,"violencia, violento, odio, intolerancia, asesinar",3,2021-03-04 06:00:00.000,25_violencia_feminismo_feminista_violent...
28,"crisis, político, política, futuro, democracia",7,2021-03-04 06:00:00.000,28_futuro_pandemia_crisis_pensamiento
29,"sitcom, episodio, amiga, café, personaje",1,2021-03-04 06:00:00.000,29_ficción_protagonista_personaje_melodr...
31,"meme, digital, criptomoneda, arte, artista",1,2021-03-04 06:00:00.000,31_digital_internet_tecnología_móvil
34,"marcelo, lázaro, maestro, abelardo, padre",2,2021-03-04 06:00:00.000,34_película_personaje_actor_hombre
37,"universo, futuro, pensamiento, pensándolo, imaginar",1,2021-03-04 06:00:00.000,37_astrónomo_ciencia_universo_teoría
38,"dramaturgia, guerrero, personaje, melodrama, bailarín",3,2021-03-04 06:00:00.000,38_bailarín_tango_protagonista_ballet
39,"dormir, sueño, intensivista, preocupación, cuidado",2,2021-03-04 06:00:00.000,39_morir_muerte_moribundo_cadáver
40,"perplejo, funerario, existencia, sensación, tapado",2,2021-03-04 06:00:00.000,40_manifestación_feminista_multitud_mili...
41,"policial, policía, ilícito, informant, burocrático",1,2021-03-04 06:00:00.000,41_pobreza_inmobiliario_habitante_pobre
0,"político, política, democracia, oposición, democrático",23,2021-07-10 21:36:00.000,0_político_política_electoral_candidato
1,"feminista, feminismo, revolución, homosexualidad, homosexual",6,2021-07-10 21:36:00.000,1_feminismo_feminista_patriarcado_mascul...
2,"futbolista, barcelona, campeón, brasil, fifa",9,2021-07-10 21:36:00.000,2_fifa_futbolista_fútbol_deporte
3,"literario, autor, escritora, literatura, escritor",7,2021-07-10 21:36:00.000,3_literario_escritora_autor_literatura
4,"endeudamiento, déficit, pobreza, macroeconómico, deuda",3,2021-07-10 21:36:00.000,4_déficit_deuda_endeudamiento_inflación
5,"pedagógico, enseñar, aula, docente, educar",3,2021-07-10 21:36:00.000,5_pedagógico_enseñanza_escolar_educativo
6,"documental, fama, desarmadero, matías, rey",3,2021-07-10 21:36:00.000,6_asesinato_policía_policial_maldonado
8,"epidemia, pandemia, contagio, vacunado, contagiar",6,2021-07-10 21:36:00.000,8_epidemia_vacunar_virus_vacuna
11,"causa, asesinar, denunciar, femicidio, asesino",2,2021-07-10 21:36:00.000,11_asesino_testimonio_testigo_víctima
12,"ambiental, deforestación, climático, futuro, renovable",5,2021-07-10 21:36:00.000,12_economía_económico_futuro_ambiental
13,"religiosidad, catolicismo, evangélico, agnóstico, religioso",2,2021-07-10 21:36:00.000,13_papal_catolicismo_arzobispo_católica
14,"banalización, mediático, ideológico, discursiva, periodista",4,2021-07-10 21:36:00.000,14_mediático_periodístico_político_perio...
16,"brasileño, brasil, brasilia, líder, curitiba",1,2021-07-10 21:36:00.000,16_brasil_brasilero_brasilia_brasileño
17,"innovación, tecnológico, capitalista, capitalismo, aceleracionismo",3,2021-07-10 21:36:00.000,17_innovación_tecnológico_tecno_tecnolog...
18,"chileno, chile, chilenxs, político, política",1,2021-07-10 21:36:00.000,18_chileno_chile_político_dictadura
19,"periodista, periodístico, periodistas, latinoamericano, latinoamérica",2,2021-07-10 21:36:00.000,19_periodista_periodístico_periódico_nar...
22,"músico, mística, música, artista, rítmico",1,2021-07-10 21:36:00.000,22_música_musical_músico_rapero
24,"art, arte, artístico, pintura, estética",2,2021-07-10 21:36:00.000,24_arte_artes_art_estética
25,"literario, literatura, abuso, violencia, sujeto",1,2021-07-10 21:36:00.000,25_violencia_feminismo_feminista_violent...
28,"pandemias, pandémico, pandemia, crisis, clima",1,2021-07-10 21:36:00.000,28_futuro_pandemia_crisis_pensamiento
29,"ficción, narrativas, identidad, realidad, fe",3,2021-07-10 21:36:00.000,29_ficción_protagonista_personaje_melodr...
30,"ruina, crisis, 2001, civilización, década",1,2021-07-10 21:36:00.000,30_sociedad_comunitario_proyecto_comunid...
31,"lectura, leer, literatura, lector, libro",1,2021-07-10 21:36:00.000,31_digital_internet_tecnología_móvil
33,"espionaje, espía, espiar, sospechar, armada",1,2021-07-10 21:36:00.000,33_submarino_marino_naufragio_océano
34,"legendario, personaje, hombre, fascinar, devenir",2,2021-07-10 21:36:00.000,34_película_personaje_actor_hombre
35,"cubana, cubano, cuba, comunista, contrarrevolucionario",2,2021-07-10 21:36:00.000,35_cubano_cubana_cuba_chile
37,"astronauta, espacial, extraterrestre, futuro, imaginar",1,2021-07-10 21:36:00.000,37_astrónomo_ciencia_universo_teoría
39,"corazón, malestar, paciente, sensación, preocupar",2,2021-07-10 21:36:00.000,39_morir_muerte_moribundo_cadáver
40,"feminismo, feminista, progresista, política, graciela",1,2021-07-10 21:36:00.000,40_manifestación_feminista_multitud_mili...
41,"empobrecimiento, macrismo, sociedad, pandémica, pauperización",1,2021-07-10 21:36:00.000,41_pobreza_inmobiliario_habitante_pobre
0,"política, político, radicalismo, ideológico, electoral",8,2021-11-16 13:12:00.000,0_político_política_electoral_candidato
1,"feminismo, feminista, activismo, político, sexista",7,2021-11-16 13:12:00.000,1_feminismo_feminista_patriarcado_mascul...
2,"beneficencia, seguidor, regalar, entrenador, multimillonario",1,2021-11-16 13:12:00.000,2_fifa_futbolista_fútbol_deporte
3,"literario, autor, escritora, escritor, literatura",6,2021-11-16 13:12:00.000,3_literario_escritora_autor_literatura
4,"neoliberal, desigualdad, fiscal, endeudamiento, deuda",2,2021-11-16 13:12:00.000,4_déficit_deuda_endeudamiento_inflación
5,"sociología, educativo, escolar, educación, futuro",4,2021-11-16 13:12:00.000,5_pedagógico_enseñanza_escolar_educativo
6,"asesinar, comisaría, asesinato, matar, disparo",4,2021-11-16 13:12:00.000,6_asesinato_policía_policial_maldonado
7,"aborto, abortar, feminismo, feminista, maternidad",3,2021-11-16 13:12:00.000,7_aborto_abortar_anticonceptivo_embarazo
8,"vacunar, vacunación, vacuna, antivacuna, pandemia",2,2021-11-16 13:12:00.000,8_epidemia_vacunar_virus_vacuna
9,"político, política, libertario, libertarismo, anarcocapitalista",1,2021-11-16 13:12:00.000,9_político_libertario_política_presidenc...
10,"dictadura, venezuela, venezolano, latinoamericano, nicaragüense",4,2021-11-16 13:12:00.000,10_boliviano_bolivia_político_política
11,"abuelo, cumpleaños, rato, muerte, morir",3,2021-11-16 13:12:00.000,11_asesino_testimonio_testigo_víctima
12,"electricidad, incendio, climático, energía, hidroeléctrica",1,2021-11-16 13:12:00.000,12_economía_económico_futuro_ambiental
14,"mediático, periodístico, noticia, periodista, futuro",2,2021-11-16 13:12:00.000,14_mediático_periodístico_político_perio...
16,"republicano, chileno, político, chile, política",1,2021-11-16 13:12:00.000,16_brasil_brasilero_brasilia_brasileño
17,"ambientalista, sostenibilidad, sustentable, ambiental, innovación",1,2021-11-16 13:12:00.000,17_innovación_tecnológico_tecno_tecnolog...
18,"chileno, chile, presidente, político, política",7,2021-11-16 13:12:00.000,18_chileno_chile_político_dictadura
20,"mapuches, mapuche, territorialidad, político, territorial",1,2021-11-16 13:12:00.000,20_ríos_río_arroyo_agua
21,"ucrania, soviética, soviético, ucraniano, vladimir",3,2021-11-16 13:12:00.000,21_soviética_soviético_vladimir_rusia
22,"rapero, música, banda, musical, músico",5,2021-11-16 13:12:00.000,22_música_musical_músico_rapero
24,"narrativa, artista, arte, activismo, artístico",2,2021-11-16 13:12:00.000,24_arte_artes_art_estética
25,"violador, violación, violencia, prohibicionista, violento",5,2021-11-16 13:12:00.000,25_violencia_feminismo_feminista_violent...
26,"retrato, museo, fotógrafo, dictadura, testimonio",1,2021-11-16 13:12:00.000,26_fotoperiodismo_retratar_retrato_fotóg...
28,"crisis, desesperanza, ideología, pandémico, revuelta",5,2021-11-16 13:12:00.000,28_futuro_pandemia_crisis_pensamiento
29,"princesa, película, fotograma, retrato, realeza",1,2021-11-16 13:12:00.000,29_ficción_protagonista_personaje_melodr...
31,"digital, interacción, social, disfrutar, leer",1,2021-11-16 13:12:00.000,31_digital_internet_tecnología_móvil
32,"reportero, fotoperiodismo, 2001, fotógrafo, cámara",1,2021-11-16 13:12:00.000,32_catástrofe_desastre_tragedia_terremot...
38,"transfeminismo, trans, cisexista, odio, travestis",1,2021-11-16 13:12:00.000,38_bailarín_tango_protagonista_ballet
40,"manifestante, protestar, plaza, rebelión, multitud",1,2021-11-16 13:12:00.000,40_manifestación_feminista_multitud_mili...
41,"deficitario, pobre, pobreza, inmobiliario, habitar",2,2021-11-16 13:12:00.000,41_pobreza_inmobiliario_habitante_pobre
0,"conservador, política, político, ideológico, democracia",11,2022-03-25 04:48:00.000,0_político_política_electoral_candidato
1,"lengua, lenguaje, lingüista, lingüístico, binarismo",1,2022-03-25 04:48:00.000,1_feminismo_feminista_patriarcado_mascul...
2,"masculinidad, masculinidades, castigar, fútbol, futbolista",1,2022-03-25 04:48:00.000,2_fifa_futbolista_fútbol_deporte
3,"literario, poeta, autor, literatura, escritor",4,2022-03-25 04:48:00.000,3_literario_escritora_autor_literatura
4,"economía, económico, gobierno, pobreza, fiscal",5,2022-03-25 04:48:00.000,4_déficit_deuda_endeudamiento_inflación
5,"chile, libertad, política, enseñar, educativo",1,2022-03-25 04:48:00.000,5_pedagógico_enseñanza_escolar_educativo
6,"soldado, condenado, militar, condenar, cárcel",3,2022-03-25 04:48:00.000,6_asesinato_policía_policial_maldonado
7,"feminismo, feminista, conservador, democracia, aborto",1,2022-03-25 04:48:00.000,7_aborto_abortar_anticonceptivo_embarazo
8,"pandemia, vacuna, proyecto, desarrollar, vacunación",2,2022-03-25 04:48:00.000,8_epidemia_vacunar_virus_vacuna
9,"libertario, político, liberalismo, liberal, política",1,2022-03-25 04:48:00.000,9_político_libertario_política_presidenc...
10,"colombiano, colombia, boliviano, boliviana, bolivia",5,2022-03-25 04:48:00.000,10_boliviano_bolivia_político_política
11,"morir, testimonio, muerto, muerte, matar",2,2022-03-25 04:48:00.000,11_asesino_testimonio_testigo_víctima
12,"ambiental, combustible, carbono, gasolina, consumir",3,2022-03-25 04:48:00.000,12_economía_económico_futuro_ambiental
13,"catolicismo, católica, católico, arzobispo, vaticano",1,2022-03-25 04:48:00.000,13_papal_catolicismo_arzobispo_católica
14,"mediático, periodista, sociólogo, publicar, crítica",2,2022-03-25 04:48:00.000,14_mediático_periodístico_político_perio...
15,"gubernamental, política, político, burocrático, sociedad",1,2022-03-25 04:48:00.000,15_sindicalismo_reforma_político_polític...
17,"digitalización, tecnoceno, tecnológico, tecnología, digital",2,2022-03-25 04:48:00.000,17_innovación_tecnológico_tecno_tecnolog...
18,"chileno, chile, dictadura, revolución, revuelta",4,2022-03-25 04:48:00.000,18_chileno_chile_político_dictadura
20,"paraguaya, paraguayo, paraguay, sequía, villalba",1,2022-03-25 04:48:00.000,20_ríos_río_arroyo_agua
21,"kremlin, ucrania, soviética, soviético, ucraniano",1,2022-03-25 04:48:00.000,21_soviética_soviético_vladimir_rusia
22,"música, reggae, punk, musical, canción",1,2022-03-25 04:48:00.000,22_música_musical_músico_rapero
23,"magistratura, judicial, magistrado, justicia, abogado",1,2022-03-25 04:48:00.000,23_justicia_judicial_juzgado_condenar
24,"movimiento, cultural, creativo, festival, imaginario",1,2022-03-25 04:48:00.000,24_arte_artes_art_estética
25,"difamación, victimizar, justicia, víctima, condenado",1,2022-03-25 04:48:00.000,25_violencia_feminismo_feminista_violent...
26,"pasamontaña, surrealista, dibujante, artista, arte",2,2022-03-25 04:48:00.000,26_fotoperiodismo_retratar_retrato_fotóg...
27,"terrorista, espionaje, espías, espía, atentado",1,2022-03-25 04:48:00.000,27_israel_netanyahu_israelí_palestina
28,"política, político, crisis, guerra, deslegitimar",2,2022-03-25 04:48:00.000,28_futuro_pandemia_crisis_pensamiento
29,"ficción, protagonista, personaje, verso, escena",5,2022-03-25 04:48:00.000,29_ficción_protagonista_personaje_melodr...
30,"político, sociedad, 2022, política, población",2,2022-03-25 04:48:00.000,30_sociedad_comunitario_proyecto_comunid...
31,"digital, futuro, socialmente, social, entorno",1,2022-03-25 04:48:00.000,31_digital_internet_tecnología_móvil
33,"naval, almirante, submarino, capitán, comandante",1,2022-03-25 04:48:00.000,33_submarino_marino_naufragio_océano
34,"arqueológico, antigüedad, vergüenza, museo, hombre",2,2022-03-25 04:48:00.000,34_película_personaje_actor_hombre
35,"boczkowski, colega, alberto, respondo, druscovich",1,2022-03-25 04:48:00.000,35_cubano_cubana_cuba_chile
37,"imaginación, neurólogo, pensamiento, migraña, noción",2,2022-03-25 04:48:00.000,37_astrónomo_ciencia_universo_teoría
38,"comediante, comediant, monólogo, comedia, personaje",4,2022-03-25 04:48:00.000,38_bailarín_tango_protagonista_ballet
39,"cadáver, muerto, muerte, morir, fallecido",1,2022-03-25 04:48:00.000,39_morir_muerte_moribundo_cadáver
41,"superhéroe, héroe, superman, terrorista, enemigo",1,2022-03-25 04:48:00.000,41_pobreza_inmobiliario_habitante_pobre
0,"político, política, ideológico, democracia, ideología",10,2022-07-31 20:24:00.000,0_político_política_electoral_candidato
1,"feminista, feminismo, masculinidad, patriarcado, político",6,2022-07-31 20:24:00.000,1_feminismo_feminista_patriarcado_mascul...
2,"futbolista, fifa, entrenador, brasil, campeón",4,2022-07-31 20:24:00.000,2_fifa_futbolista_fútbol_deporte
3,"literario, poeta, escritora, autora, escritor",6,2022-07-31 20:24:00.000,3_literario_escritora_autor_literatura
4,"inflación, inflacionario, oligarquía, inseguridad, socioeconómico",3,2022-07-31 20:24:00.000,4_déficit_deuda_endeudamiento_inflación
5,"pedagógico, educativo, enseñanza, progresista, enseñar",4,2022-07-31 20:24:00.000,5_pedagógico_enseñanza_escolar_educativo
6,"robar, gendarmería, tortura, secuestrar, torturar",5,2022-07-31 20:24:00.000,6_asesinato_policía_policial_maldonado
7,"feminista, feminismo, médico, patriarcal, cuidar",1,2022-07-31 20:24:00.000,7_aborto_abortar_anticonceptivo_embarazo
8,"preservativo, epidemia, vacuna, prevención, prevenir",1,2022-07-31 20:24:00.000,8_epidemia_vacunar_virus_vacuna
9,"libertario, ultraliberal, liberal, conservador, liberalismo",1,2022-07-31 20:24:00.000,9_político_libertario_política_presidenc...
10,"colombia, colombiano, progresismo, progresista, multilateralismo",1,2022-07-31 20:24:00.000,10_boliviano_bolivia_político_política
11,"asesino, homicidio, criminalista, asesinato, víctima",1,2022-07-31 20:24:00.000,11_asesino_testimonio_testigo_víctima
12,"socioambiental, sostenible, ambiental, ecosistema, renovable",5,2022-07-31 20:24:00.000,12_economía_económico_futuro_ambiental
13,"catolicismo, católico, iglesia, congregación, cristianismo",1,2022-07-31 20:24:00.000,13_papal_catolicismo_arzobispo_católica
14,"mediático, periodístico, periodista, entrevistado, entrevistar",3,2022-07-31 20:24:00.000,14_mediático_periodístico_político_perio...
15,"economía, pobreza, reforma, democracia, sociedad",1,2022-07-31 20:24:00.000,15_sindicalismo_reforma_político_polític...
16,"brasil, brasilia, brasileño, político, política",4,2022-07-31 20:24:00.000,16_brasil_brasilero_brasilia_brasileño
17,"neoliberalismo, innovación, capitalismo, paradigma, futuro",2,2022-07-31 20:24:00.000,17_innovación_tecnológico_tecno_tecnolog...
18,"chileno, chile, dictadura, democracia, político",6,2022-07-31 20:24:00.000,18_chileno_chile_político_dictadura
19,"periodista, entrevistador, entrevistado, entrevista, escritor",1,2022-07-31 20:24:00.000,19_periodista_periodístico_periódico_nar...
20,"mapuche, municipio, territorio, pueblo, localidad",2,2022-07-31 20:24:00.000,20_ríos_río_arroyo_agua
21,"ucrania, ucraniano, rusia, ruso, guerra",1,2022-07-31 20:24:00.000,21_soviética_soviético_vladimir_rusia
22,"fanatismo, ídolo, música, chileno, cantar",1,2022-07-31 20:24:00.000,22_música_musical_músico_rapero
23,"magistratura, judicial, impunidad, magistrado, político",4,2022-07-31 20:24:00.000,23_justicia_judicial_juzgado_condenar
25,"sospechoso, acusar, empleadora, sospecha, empleador",1,2022-07-31 20:24:00.000,25_violencia_feminismo_feminista_violent...
26,"heroico, héroe, latinoamericano, guerrillero, revolución",1,2022-07-31 20:24:00.000,26_fotoperiodismo_retratar_retrato_fotóg...
27,"islámico, islámica, musulmán, hiyab, iraní",1,2022-07-31 20:24:00.000,27_israel_netanyahu_israelí_palestina
28,"sufrimiento, activista, sociedad, democracia, feminismo",4,2022-07-31 20:24:00.000,28_futuro_pandemia_crisis_pensamiento
29,"melodrama, protagonista, personaje, melodramático, drama",3,2022-07-31 20:24:00.000,29_ficción_protagonista_personaje_melodr...
30,"político, política, democracia, crisis, américa",2,2022-07-31 20:24:00.000,30_sociedad_comunitario_proyecto_comunid...
33,"morir, impronunciable, silencio, muerte, pérdida",1,2022-07-31 20:24:00.000,33_submarino_marino_naufragio_océano
37,"amnesia, ilusión, fantasía, paradójicamente, autobiografía",2,2022-07-31 20:24:00.000,37_astrónomo_ciencia_universo_teoría
38,"com, escena, suspenso, película, cine",2,2022-07-31 20:24:00.000,38_bailarín_tango_protagonista_ballet
39,"comunista, burócratas, traidor, radicalidad, hij",1,2022-07-31 20:24:00.000,39_morir_muerte_moribundo_cadáver
40,"movilización, militante, oposición, atentado, asesinato",1,2022-07-31 20:24:00.000,40_manifestación_feminista_multitud_mili...
0,"político, política, presidencial, democracia, presidente",8,2022-12-07 12:00:00.000,0_político_política_electoral_candidato
1,"feminista, feminismo, lesbiano, dama, político",6,2022-12-07 12:00:00.000,1_feminismo_feminista_patriarcado_mascul...
2,"futbolista, fifa, fútbol, brasil, deporte",10,2022-12-07 12:00:00.000,2_fifa_futbolista_fútbol_deporte
3,"poeta, literario, escritora, escritor, autor",4,2022-12-07 12:00:00.000,3_literario_escritora_autor_literatura
4,"monetario, eurozona, moneda, deficitario, financiero",2,2022-12-07 12:00:00.000,4_déficit_deuda_endeudamiento_inflación
5,"enseñar, profesorado, educativo, escolar, docente",3,2022-12-07 12:00:00.000,5_pedagógico_enseñanza_escolar_educativo
6,"comisaría, asesinado, asesinato, homicidio, violencia",4,2022-12-07 12:00:00.000,6_asesinato_policía_policial_maldonado
8,"epidemia, riesgo, siglo, aceleración, milenio",1,2022-12-07 12:00:00.000,8_epidemia_vacunar_virus_vacuna
11,"condena, asesino, sentencia, testimonio, víctima",4,2022-12-07 12:00:00.000,11_asesino_testimonio_testigo_víctima
14,"sobreinformación, ficción, mediático, realismo, periodista",2,2022-12-07 12:00:00.000,14_mediático_periodístico_político_perio...
15,"jubilar, renunciar, empleo, renuncia, laboral",1,2022-12-07 12:00:00.000,15_sindicalismo_reforma_político_polític...
16,"brasil, brasilia, brasileño, dictadura, bolsonarismo",3,2022-12-07 12:00:00.000,16_brasil_brasilero_brasilia_brasileño
17,"silicon, tecnológico, tecnología, tech, digitalización",1,2022-12-07 12:00:00.000,17_innovación_tecnológico_tecno_tecnolog...
18,"peruanos, peruano, perú, rebelión, chileno",1,2022-12-07 12:00:00.000,18_chileno_chile_político_dictadura
20,"potrerillos, ecológico, ecosistema, exilio, biodiversidad",1,2022-12-07 12:00:00.000,20_ríos_río_arroyo_agua
21,"guerra, ucrania, paz, diplomacia, conflicto",1,2022-12-07 12:00:00.000,21_soviética_soviético_vladimir_rusia
22,"músico, rapero, mario, enrique, artista",3,2022-12-07 12:00:00.000,22_música_musical_músico_rapero
23,"político, política, dictadura, democracia, inconstitucionalidad",3,2022-12-07 12:00:00.000,23_justicia_judicial_juzgado_condenar
24,"arte, artístico, art, artista, sociología",2,2022-12-07 12:00:00.000,24_arte_artes_art_estética
25,"asesinar, asesinato, víctima, violencia, violento",3,2022-12-07 12:00:00.000,25_violencia_feminismo_feminista_violent...
26,"cinematográfico, película, visionado, cámara, televisión",1,2022-12-07 12:00:00.000,26_fotoperiodismo_retratar_retrato_fotóg...
27,"qatarí, qatar, jordania, arabia, líbano",2,2022-12-07 12:00:00.000,27_israel_netanyahu_israelí_palestina
28,"crisis, peligro, inteligencia, desarrollar, intelligence",1,2022-12-07 12:00:00.000,28_futuro_pandemia_crisis_pensamiento
29,"protagonista, hitchcock, personaje, ficción, spielberg",5,2022-12-07 12:00:00.000,29_ficción_protagonista_personaje_melodr...
30,"felicidad, feliz, mundialista, carisma, sentimiento",1,2022-12-07 12:00:00.000,30_sociedad_comunitario_proyecto_comunid...
32,"terremoto, maremoto, chileno, chile, océano",1,2022-12-07 12:00:00.000,32_catástrofe_desastre_tragedia_terremot...
34,"artista, cineasta, personaje, ficción, película",2,2022-12-07 12:00:00.000,34_película_personaje_actor_hombre
37,"realismo, realista, filosófico, ficción, realidad",1,2022-12-07 12:00:00.000,37_astrónomo_ciencia_universo_teoría
38,"filmar, videotape, video, película, grabación",1,2022-12-07 12:00:00.000,38_bailarín_tango_protagonista_ballet
39,"zombi, muerto, morir, sobrevivir, humano",2,2022-12-07 12:00:00.000,39_morir_muerte_moribundo_cadáver
40,"festejó, enorme, festejo, mítico, emperador",1,2022-12-07 12:00:00.000,40_manifestación_feminista_multitud_mili...
41,"salvadoreño, salvador, régimen, encarcelado, detención",1,2022-12-07 12:00:00.000,41_pobreza_inmobiliario_habitante_pobre
0,"político, política, electoral, candidato, oposición",21,2023-04-15 03:36:00.000,0_político_política_electoral_candidato
1,"feminismo, feminista, erotismo, lgbtiq, ideología",3,2023-04-15 03:36:00.000,1_feminismo_feminista_patriarcado_mascul...
2,"futbolero, futbolístico, fifa, fútbol, futbolista",7,2023-04-15 03:36:00.000,2_fifa_futbolista_fútbol_deporte
3,"literario, escritora, escritor, guionista, autor",7,2023-04-15 03:36:00.000,3_literario_escritora_autor_literatura
4,"fiscal, impuesto, sobreendeudamiento, neoliberal, inflación",15,2023-04-15 03:36:00.000,4_déficit_deuda_endeudamiento_inflación
5,"pedagógico, educativo, educación, escolar, aula",7,2023-04-15 03:36:00.000,5_pedagógico_enseñanza_escolar_educativo
6,"cubano, cuba, gonzález, asesinato, morir",4,2023-04-15 03:36:00.000,6_asesinato_policía_policial_maldonado
8,"farmacéutico, laboratorio, químico, química, científico",1,2023-04-15 03:36:00.000,8_epidemia_vacunar_virus_vacuna
9,"político, política, libertario, candidato, voto",2,2023-04-15 03:36:00.000,9_político_libertario_política_presidenc...
10,"político, política, venezuela, peronismo, candidato",3,2023-04-15 03:36:00.000,10_boliviano_bolivia_político_política
11,"exmilitar, mexicano, balazo, méxico, maría",1,2023-04-15 03:36:00.000,11_asesino_testimonio_testigo_víctima
12,"sequía, ecológico, ambiental, ecosistema, clima",2,2023-04-15 03:36:00.000,12_economía_económico_futuro_ambiental
13,"vaticano, escuela, clase, santificar, francisco",1,2023-04-15 03:36:00.000,13_papal_catolicismo_arzobispo_católica
14,"cibernético, hashtag, trolls, ciberacoso, social",1,2023-04-15 03:36:00.000,14_mediático_periodístico_político_perio...
15,"reforma, laboral, trabajo, trabajador, modernización",2,2023-04-15 03:36:00.000,15_sindicalismo_reforma_político_polític...
17,"embriología, embrión, genéticamente, genético, gestación",1,2023-04-15 03:36:00.000,17_innovación_tecnológico_tecno_tecnolog...
18,"chileno, político, xenofobia, chile, política",3,2023-04-15 03:36:00.000,18_chileno_chile_político_dictadura
20,"pecera, ribera, canario, pueblo, ambulante",3,2023-04-15 03:36:00.000,20_ríos_río_arroyo_agua
22,"música, músico, artista, musical, artístico",2,2023-04-15 03:36:00.000,22_música_musical_músico_rapero
24,"artista, art, arte, creativo, artístico",1,2023-04-15 03:36:00.000,24_arte_artes_art_estética
28,"realidad, futuro, superar, ficción, narrativo",2,2023-04-15 03:36:00.000,28_futuro_pandemia_crisis_pensamiento
29,"feminismo, narradoro, película, protagonista, nostalgia",2,2023-04-15 03:36:00.000,29_ficción_protagonista_personaje_melodr...
30,"artista, conurbano, arte, villa, cárcova",1,2023-04-15 03:36:00.000,30_sociedad_comunitario_proyecto_comunid...
33,"costa, roberto, adinerado, reino, atlántico",2,2023-04-15 03:36:00.000,33_submarino_marino_naufragio_océano
34,"pueblo, benito, cántaro, san, afrodescendient",1,2023-04-15 03:36:00.000,34_película_personaje_actor_hombre
35,"cubano, cuba, español, mexicano, racista",3,2023-04-15 03:36:00.000,35_cubano_cubana_cuba_chile
37,"relatividad, siglo, genio, espectador, física",1,2023-04-15 03:36:00.000,37_astrónomo_ciencia_universo_teoría
38,"fiesta, lugano, cultural, popular, club",2,2023-04-15 03:36:00.000,38_bailarín_tango_protagonista_ballet
41,"pobreza, urbano, inmobiliaria, vecino, barrio",5,2023-04-15 03:36:00.000,41_pobreza_inmobiliario_habitante_pobre
0,"político, política, dictadura, democracia, electoral",16,2023-08-21 19:12:00.000,0_político_política_electoral_candidato
1,"activismo, político, política, feminista, feminismo",4,2023-08-21 19:12:00.000,1_feminismo_feminista_patriarcado_mascul...
2,"macrismo, román, futbolista, entrenador, peronismo",5,2023-08-21 19:12:00.000,2_fifa_futbolista_fútbol_deporte
3,"novelista, literario, ficción, escritor, autor",3,2023-08-21 19:12:00.000,3_literario_escritora_autor_literatura
4,"inflación, inflacionario, déficit, corrupción, política",6,2023-08-21 19:12:00.000,4_déficit_deuda_endeudamiento_inflación
5,"pedagógico, educador, educativo, enseñar, docente",3,2023-08-21 19:12:00.000,5_pedagógico_enseñanza_escolar_educativo
6,"monserrat, alfredo, chamorro, desaparición, clandestino",5,2023-08-21 19:12:00.000,6_asesinato_policía_policial_maldonado
8,"renal, paciente, trasplantado, enferma, riñón",1,2023-08-21 19:12:00.000,8_epidemia_vacunar_virus_vacuna
9,"político, política, ideológico, libertario, progresismo",8,2023-08-21 19:12:00.000,9_político_libertario_política_presidenc...
10,"bolivia, progresismo, progresista, venezuela, colombia",1,2023-08-21 19:12:00.000,10_boliviano_bolivia_político_política
11,"publicado, psiquiatra, matar, violencia, padre",2,2023-08-21 19:12:00.000,11_asesino_testimonio_testigo_víctima
12,"economía, innovación, futuro, organismo, económico",4,2023-08-21 19:12:00.000,12_economía_económico_futuro_ambiental
14,"sociología, sociólogo, sociológico, autoritarismo, democracia",1,2023-08-21 19:12:00.000,14_mediático_periodístico_político_perio...
17,"inteligencia, intelligence, artificial, futuro, tecnológico",3,2023-08-21 19:12:00.000,17_innovación_tecnológico_tecno_tecnolog...
18,"chileno, chile, dictadura, democracia, políticamente",3,2023-08-21 19:12:00.000,18_chileno_chile_político_dictadura
19,"journalism, periodístico, periodista, wainfeld, periodismo",2,2023-08-21 19:12:00.000,19_periodista_periodístico_periódico_nar...
21,"geopolítica, geopolítico, política, político, geoeconomía",1,2023-08-21 19:12:00.000,21_soviética_soviético_vladimir_rusia
22,"música, music, músico, musical, concierto",6,2023-08-21 19:12:00.000,22_música_musical_músico_rapero
23,"sentenciar, sentencia, justicia, político, política",1,2023-08-21 19:12:00.000,23_justicia_judicial_juzgado_condenar
24,"artificial, robótica, creativo, artes, artístico",2,2023-08-21 19:12:00.000,24_arte_artes_art_estética
26,"fotoperiodismo, fotoperiodista, fotógrafo, fotográfico, fotografía",1,2023-08-21 19:12:00.000,26_fotoperiodismo_retratar_retrato_fotóg...
27,"antisemitismo, israel, israelí, netanyahu, enemigo",2,2023-08-21 19:12:00.000,27_israel_netanyahu_israelí_palestina
28,"filósofo, revolución, apocalipsis, catástrofe, futuro",3,2023-08-21 19:12:00.000,28_futuro_pandemia_crisis_pensamiento
29,"protagonista, ficción, personaje, shakespeare, melodrama",4,2023-08-21 19:12:00.000,29_ficción_protagonista_personaje_melodr...
30,"origen, legado, herencia, antiguo, país",3,2023-08-21 19:12:00.000,30_sociedad_comunitario_proyecto_comunid...
32,"tormenta, huracán, meteorólogo, meteorológico, tornado",1,2023-08-21 19:12:00.000,32_catástrofe_desastre_tragedia_terremot...
33,"marinero, marino, submarino, naufragio, naval",2,2023-08-21 19:12:00.000,33_submarino_marino_naufragio_océano
37,"colombiano, excusa, colombia, chico, hombre",1,2023-08-21 19:12:00.000,37_astrónomo_ciencia_universo_teoría
41,"democracia, política, democrático, levantamiento, gobernabilidad",1,2023-08-21 19:12:00.000,41_pobreza_inmobiliario_habitante_pobre
0,"político, política, ideológico, gobierno, democracia",10,2023-12-28 10:48:00.000,0_político_política_electoral_candidato
1,"antifeminista, feminismo, feminista, masculinidad, patriarcado",6,2023-12-28 10:48:00.000,1_feminismo_feminista_patriarcado_mascul...
2,"champagne, denunciante, salvaje, titular, agujero",1,2023-12-28 10:48:00.000,2_fifa_futbolista_fútbol_deporte
3,"literario, autor, escritora, escritor, libro",5,2023-12-28 10:48:00.000,3_literario_escritora_autor_literatura
4,"inflacionario, inflación, economía, déficit, económico",3,2023-12-28 10:48:00.000,4_déficit_deuda_endeudamiento_inflación
5,"educativo, alumno, escolar, enseñar, educación",7,2023-12-28 10:48:00.000,5_pedagógico_enseñanza_escolar_educativo
6,"asesinar, asesinato, homicidio, matar, muerte",3,2023-12-28 10:48:00.000,6_asesinato_policía_policial_maldonado
7,"embrión, abortar, aborto, fertilidad, debate",1,2023-12-28 10:48:00.000,7_aborto_abortar_anticonceptivo_embarazo
9,"político, política, democracia, libertario, ideológico",13,2023-12-28 10:48:00.000,9_político_libertario_política_presidenc...
10,"salvador, salvadoreño, electoral, político, democracia",1,2023-12-28 10:48:00.000,10_boliviano_bolivia_político_política
11,"autor, personaje, cuento, leer, lector",1,2023-12-28 10:48:00.000,11_asesino_testimonio_testigo_víctima
12,"especie, águila, forestal, ecuatoriano, jurásico",3,2023-12-28 10:48:00.000,12_economía_económico_futuro_ambiental
14,"mediático, periodista, noticia, político, periodismo",4,2023-12-28 10:48:00.000,14_mediático_periodístico_político_perio...
17,"digital, global, internet, economía, tecnológico",1,2023-12-28 10:48:00.000,17_innovación_tecnológico_tecno_tecnolog...
22,"cultural, arte, artista, fiesta, ciudad",1,2023-12-28 10:48:00.000,22_música_musical_músico_rapero
23,"legislador, parlamentario, congreso, político, debate",1,2023-12-28 10:48:00.000,23_justicia_judicial_juzgado_condenar
24,"arte, creativo, artístico, artista, galería",4,2023-12-28 10:48:00.000,24_arte_artes_art_estética
27,"israel, netanyahu, israelí, palestino, palestina",4,2023-12-28 10:48:00.000,27_israel_netanyahu_israelí_palestina
29,"protagonista, ficción, personaje, drama, fantasía",4,2023-12-28 10:48:00.000,29_ficción_protagonista_personaje_melodr...
30,"autora, ficción, científico, investigador, ciencia",4,2023-12-28 10:48:00.000,30_sociedad_comunitario_proyecto_comunid...
31,"creatividad, creativo, pensamiento, cultura, imprenta",1,2023-12-28 10:48:00.000,31_digital_internet_tecnología_móvil
33,"avión, embajador, militar, ministro, generala",1,2023-12-28 10:48:00.000,33_submarino_marino_naufragio_océano
38,"narrador, protagonista, película, film, documentar",1,2023-12-28 10:48:00.000,38_bailarín_tango_protagonista_ballet
39,"autoficción, recuerdo, memoria, ficción, recordado",2,2023-12-28 10:48:00.000,39_morir_muerte_moribundo_cadáver
40,"política, historiografía, ciudad, carismático, intendente",2,2023-12-28 10:48:00.000,40_manifestación_feminista_multitud_mili...
0,"político, ministro, política, presidencia, libertario",19,2024-05-05 02:24:00.000,0_político_política_electoral_candidato
1,"feminista, feminismo, mujeres, revolución, género",4,2024-05-05 02:24:00.000,1_feminismo_feminista_patriarcado_mascul...
2,"futbolista, fifa, fútbol, deporte, deportes",5,2024-05-05 02:24:00.000,2_fifa_futbolista_fútbol_deporte
3,"literario, autor, novela, poeta, escritor",4,2024-05-05 02:24:00.000,3_literario_escritora_autor_literatura
4,"pobreza, gobierno, libertario, economía, política",9,2024-05-05 02:24:00.000,4_déficit_deuda_endeudamiento_inflación
5,"educativo, escolar, futbolista, educación, escuela",2,2024-05-05 02:24:00.000,5_pedagógico_enseñanza_escolar_educativo
6,"político, política, ministro, gobernador, preso",5,2024-05-05 02:24:00.000,6_asesinato_policía_policial_maldonado
7,"feminismo, maternidad, patriarcado, feminista, patriarcal",2,2024-05-05 02:24:00.000,7_aborto_abortar_anticonceptivo_embarazo
9,"presidencial, político, política, presidente, gobernador",8,2024-05-05 02:24:00.000,9_político_libertario_política_presidenc...
10,"venezuela, presidencial, político, presidenta, líder",3,2024-05-05 02:24:00.000,10_boliviano_bolivia_político_política
11,"pedofilia, sebastián, condenar, prisión, secuestro",4,2024-05-05 02:24:00.000,11_asesino_testimonio_testigo_víctima
12,"futuro, estratégico, agroexportador, agroindustrial, régimen",3,2024-05-05 02:24:00.000,12_economía_económico_futuro_ambiental
14,"mediático, periodístico, periodista, noticia, década",1,2024-05-05 02:24:00.000,14_mediático_periodístico_político_perio...
15,"huelga, movilización, sindical, sindicalismo, obrero",1,2024-05-05 02:24:00.000,15_sindicalismo_reforma_político_polític...
17,"inteligencia, hippie, creatividad, creativo, nerds",3,2024-05-05 02:24:00.000,17_innovación_tecnológico_tecno_tecnolog...
18,"ferrocarril, tren, ferrocarriles, ferroviario, ferroviaria",1,2024-05-05 02:24:00.000,18_chileno_chile_político_dictadura
21,"guerra, soviético, militar, soldado, armadas",1,2024-05-05 02:24:00.000,21_soviética_soviético_vladimir_rusia
22,"músico, discoteca, música, fanático, musical",2,2024-05-05 02:24:00.000,22_música_musical_músico_rapero
23,"prisión, judicial, detención, detenido, justicia",3,2024-05-05 02:24:00.000,23_justicia_judicial_juzgado_condenar
24,"artista, creativo, arte, artístico, art",1,2024-05-05 02:24:00.000,24_arte_artes_art_estética
25,"prejuicio, crueldad, violencia, víctima, debate",3,2024-05-05 02:24:00.000,25_violencia_feminismo_feminista_violent...
28,"político, política, radicalismo, ideología, neoliberal",2,2024-05-05 02:24:00.000,28_futuro_pandemia_crisis_pensamiento
29,"narrativo, ficción, narración, padre, autobiográfico",2,2024-05-05 02:24:00.000,29_ficción_protagonista_personaje_melodr...
30,"antropóloga, posthumanismo, lingüístico, lenguaje, pensamiento",1,2024-05-05 02:24:00.000,30_sociedad_comunitario_proyecto_comunid...
31,"algorítmica, algorítmico, algoritmo, smartphone, personalizar",1,2024-05-05 02:24:00.000,31_digital_internet_tecnología_móvil
35,"cubana, cubano, protesta, cuba, manifestación",1,2024-05-05 02:24:00.000,35_cubano_cubana_cuba_chile
37,"hiperrealidad, realidad, filósofo, teoría, hipótesis",2,2024-05-05 02:24:00.000,37_astrónomo_ciencia_universo_teoría
38,"película, film, protagonista, bailarín, escena",1,2024-05-05 02:24:00.000,38_bailarín_tango_protagonista_ballet
39,"muerte, fallecido, death, morir, muerto",1,2024-05-05 02:24:00.000,39_morir_muerte_moribundo_cadáver
0,"posdemocracia, ideológico, político, política, libertario",9,2024-09-10 18:00:00.000,0_político_política_electoral_candidato
1,"masculinidad, feminista, feminismo, artista, queer",3,2024-09-10 18:00:00.000,1_feminismo_feminista_patriarcado_mascul...
3,"autor, literario, ficción, narrador, escritor",4,2024-09-10 18:00:00.000,3_literario_escritora_autor_literatura
4,"gobierno, político, pobreza, política, inflación",6,2024-09-10 18:00:00.000,4_déficit_deuda_endeudamiento_inflación
5,"alumno, educativo, universitario, universidad, estudiante",5,2024-09-10 18:00:00.000,5_pedagógico_enseñanza_escolar_educativo
6,"militante, asesinato, hombre, grabois, carlos",4,2024-09-10 18:00:00.000,6_asesinato_policía_policial_maldonado
7,"feminista, abortar, aborto, embarazo, embarazado",1,2024-09-10 18:00:00.000,7_aborto_abortar_anticonceptivo_embarazo
9,"político, populista, presidencial, política, presidente",5,2024-09-10 18:00:00.000,9_político_libertario_política_presidenc...
10,"venezuela, venezolano, enemigo, boliviano, oposición",2,2024-09-10 18:00:00.000,10_boliviano_bolivia_político_política
11,"asesino, víctima, masacre, fallecido, muerto",3,2024-09-10 18:00:00.000,11_asesino_testimonio_testigo_víctima
12,"economía, económico, alimentación, alimentario, alimento",5,2024-09-10 18:00:00.000,12_economía_económico_futuro_ambiental
13,"chile, vaticano, francisco, español, vicario",1,2024-09-10 18:00:00.000,13_papal_catolicismo_arzobispo_católica
14,"periodístico, censura, público, desinformación, democracia",2,2024-09-10 18:00:00.000,14_mediático_periodístico_político_perio...
15,"dictadura, reforma, reformar, libertario, desempleo",1,2024-09-10 18:00:00.000,15_sindicalismo_reforma_político_polític...
16,"brasil, brasileño, político, política, bolsonarismo",1,2024-09-10 18:00:00.000,16_brasil_brasilero_brasilia_brasileño
17,"capitalismo, filosófico, desimaginación, futuro, conceptual",1,2024-09-10 18:00:00.000,17_innovación_tecnológico_tecno_tecnolog...
18,"uruguayo, uruguay, chile, consular, montevideo",1,2024-09-10 18:00:00.000,18_chileno_chile_político_dictadura
20,"ríos, río, arroyo, laguna, hidrovía",1,2024-09-10 18:00:00.000,20_ríos_río_arroyo_agua
21,"neoliberalismo, americano, estadounidense, republicano, revolución",1,2024-09-10 18:00:00.000,21_soviética_soviético_vladimir_rusia
22,"músico, banda, música, reggaeton, groove",3,2024-09-10 18:00:00.000,22_música_musical_músico_rapero
24,"arts, cultural, artístico, proyecto, carrera",1,2024-09-10 18:00:00.000,24_arte_artes_art_estética
25,"represivo, molestar, gobierno, literatura, novela",1,2024-09-10 18:00:00.000,25_violencia_feminismo_feminista_violent...
26,"héroe, ícono, figura, heroico, figurar",1,2024-09-10 18:00:00.000,26_fotoperiodismo_retratar_retrato_fotóg...
28,"paciencia, precariedad, intranquilidad, indignación, ociosidad",1,2024-09-10 18:00:00.000,28_futuro_pandemia_crisis_pensamiento
29,"protagonista, famoso, ficción, personaje, película",5,2024-09-10 18:00:00.000,29_ficción_protagonista_personaje_melodr...
30,"sociedad, política, comunitario, político, discusión",3,2024-09-10 18:00:00.000,30_sociedad_comunitario_proyecto_comunid...
32,"incendio, fuego, desastre, evacuar, movilizado",1,2024-09-10 18:00:00.000,32_catástrofe_desastre_tragedia_terremot...
36,"satélite, continente, espacial, gobierno, país",1,2024-09-10 18:00:00.000,36_holocausto_terrorista_siria_europa
38,"protagonista, película, coppola, libertad, film",3,2024-09-10 18:00:00.000,38_bailarín_tango_protagonista_ballet
40,"feminista, fiesta, represión, carnaval, orgullo",3,2024-09-10 18:00:00.000,40_manifestación_feminista_multitud_mili...
41,"dinero, piramidal, consumo, económicos, causa",1,2024-09-10 18:00:00.000,41_pobreza_inmobiliario_habitante_pobre
0,"político, política, democracia, presidencial, ideológico",15,2025-01-17 09:36:00.000,0_político_política_electoral_candidato
1,"heterosexual, libido, sexo, feminismo, feminista",2,2025-01-17 09:36:00.000,1_feminismo_feminista_patriarcado_mascul...
2,"leyenda, famoso, genio, talento, genialidad",1,2025-01-17 09:36:00.000,2_fifa_futbolista_fútbol_deporte
3,"historiografía, historiográfico, mujeres, literatura, libro",1,2025-01-17 09:36:00.000,3_literario_escritora_autor_literatura
4,"gobierno, economía, económico, reforma, política",6,2025-01-17 09:36:00.000,4_déficit_deuda_endeudamiento_inflación
5,"pedagógico, escolar, educativo, colegio, adoctrinamiento",1,2025-01-17 09:36:00.000,5_pedagógico_enseñanza_escolar_educativo
6,"dictadura, militante, insurgentes, guerra, militar",4,2025-01-17 09:36:00.000,6_asesinato_policía_policial_maldonado
9,"político, política, libertario, legislador, democracia",9,2025-01-17 09:36:00.000,9_político_libertario_política_presidenc...
11,"pueblo, dictadura, abuelo, nieto, miseria",1,2025-01-17 09:36:00.000,11_asesino_testimonio_testigo_víctima
12,"inundación, calentamiento, ambiental, climático, lluvia",2,2025-01-17 09:36:00.000,12_economía_económico_futuro_ambiental
13,"catolicismo, papal, católica, católico, arzobispo",9,2025-01-17 09:36:00.000,13_papal_catolicismo_arzobispo_católica
14,"periodístico, periodista, noticia, tv, televisión",2,2025-01-17 09:36:00.000,14_mediático_periodístico_político_perio...
15,"trabajador, laboral, empleo, supervisor, jefe",1,2025-01-17 09:36:00.000,15_sindicalismo_reforma_político_polític...
16,"fascismo, dictadura, brasil, brasileño, brasilia",1,2025-01-17 09:36:00.000,16_brasil_brasilero_brasilia_brasileño
17,"tecnológico, tecnológica, tecnología, tech, gobierno",1,2025-01-17 09:36:00.000,17_innovación_tecnológico_tecno_tecnolog...
20,"hidrovía, provincia, catástrofe, territorio, represa",2,2025-01-17 09:36:00.000,20_ríos_río_arroyo_agua
23,"magistratura, judicial, procurador, juez, justicia",1,2025-01-17 09:36:00.000,23_justicia_judicial_juzgado_condenar
24,"plaza, público, galería, congreso, urbano",1,2025-01-17 09:36:00.000,24_arte_artes_art_estética
25,"punibilidad, punible, violencia, violento, juvenil",2,2025-01-17 09:36:00.000,25_violencia_feminismo_feminista_violent...
29,"eternauta, historieta, prólogo, adaptación, memoria",1,2025-01-17 09:36:00.000,29_ficción_protagonista_personaje_melodr...
30,"proyecto, comunitario, organización, investigación, ámbito",3,2025-01-17 09:36:00.000,30_sociedad_comunitario_proyecto_comunid...
32,"catástrofe, tragedia, noticia, pueblo, muerto",3,2025-01-17 09:36:00.000,32_catástrofe_desastre_tragedia_terremot...
34,"malabarista, mago, magia, circo, malabar",1,2025-01-17 09:36:00.000,34_película_personaje_actor_hombre
36,"siria, beirut, arabia, líbano, guerra",1,2025-01-17 09:36:00.000,36_holocausto_terrorista_siria_europa
41,"clubes, fútbol, club, deportivas, entrenador",1,2025-01-17 09:36:00.000,41_pobreza_inmobiliario_habitante_pobre
0,"político, política, democracia, libertario, oposición",14,2025-05-26 01:12:00.000,0_político_política_electoral_candidato
1,"masculinidad, testosterona, feminista, feminismo, libertario",2,2025-05-26 01:12:00.000,1_feminismo_feminista_patriarcado_mascul...
2,"futbolista, fútbol, brasil, brasileño, gol",1,2025-05-26 01:12:00.000,2_fifa_futbolista_fútbol_deporte
3,"literario, narrativa, literatura, poeta, autor",3,2025-05-26 01:12:00.000,3_literario_escritora_autor_literatura
4,"dolarización, inflación, monetario, macroeconómico, moneda",8,2025-05-26 01:12:00.000,4_déficit_deuda_endeudamiento_inflación
5,"universidad, universitario, democracia, libertad, institución",1,2025-05-26 01:12:00.000,5_pedagógico_enseñanza_escolar_educativo
6,"víctima, matar, muerto, gendarmería, muerte",7,2025-05-26 01:12:00.000,6_asesinato_policía_policial_maldonado
7,"aborto, abortar, maternidad, embarazo, anticonceptivo",5,2025-05-26 01:12:00.000,7_aborto_abortar_anticonceptivo_embarazo
8,"cáncer, paciente, medicina, hospital, salud",1,2025-05-26 01:12:00.000,8_epidemia_vacunar_virus_vacuna
9,"político, política, libertario, mafia, gobernar",7,2025-05-26 01:12:00.000,9_político_libertario_política_presidenc...
10,"colombiano, colombia, enseñar, educación, escuela",1,2025-05-26 01:12:00.000,10_boliviano_bolivia_político_política
11,"testimonio, víctima, condenar, julieta, condena",4,2025-05-26 01:12:00.000,11_asesino_testimonio_testigo_víctima
12,"ambiental, climático, catástrofe, ecológico, carbono",3,2025-05-26 01:12:00.000,12_economía_económico_futuro_ambiental
13,"evangelismo, evangélico, prédica, pastor, catolicismo",1,2025-05-26 01:12:00.000,13_papal_catolicismo_arzobispo_católica
14,"pakapaka, cartoon, animado, propaganda, manga",1,2025-05-26 01:12:00.000,14_mediático_periodístico_político_perio...
17,"inteligencia, chatbot, tecnológico, desarrollar, aprendizaje",2,2025-05-26 01:12:00.000,17_innovación_tecnológico_tecno_tecnolog...
18,"inmigración, migración, migraciones, migrante, migrant",1,2025-05-26 01:12:00.000,18_chileno_chile_político_dictadura
20,"comunitario, comunidad, terreno, selva, pueblo",5,2025-05-26 01:12:00.000,20_ríos_río_arroyo_agua
21,"imperialismo, imperio, globalización, trumpismo, guerra",1,2025-05-26 01:12:00.000,21_soviética_soviético_vladimir_rusia
23,"democracia, antiperonismo, oligarquía, democrático, corrupción",2,2025-05-26 01:12:00.000,23_justicia_judicial_juzgado_condenar
24,"música, audio, acústico, sonido, mp3",2,2025-05-26 01:12:00.000,24_arte_artes_art_estética
25,"hostigamiento, sancionar, censura, castigar, punitivo",1,2025-05-26 01:12:00.000,25_violencia_feminismo_feminista_violent...
27,"netanyahu, israel, irán, israelí, palestina",2,2025-05-26 01:12:00.000,27_israel_netanyahu_israelí_palestina
28,"crisis, político, gobierno, oposición, corrupción",1,2025-05-26 01:12:00.000,28_futuro_pandemia_crisis_pensamiento
29,"narrativo, protagonista, espectador, feminista, película",2,2025-05-26 01:12:00.000,29_ficción_protagonista_personaje_melodr...
30,"comunitario, comunidad, adicción, iniciativa, habitante",2,2025-05-26 01:12:00.000,30_sociedad_comunitario_proyecto_comunid...
32,"nepal, incendio, fuego, documental, protesta",1,2025-05-26 01:12:00.000,32_catástrofe_desastre_tragedia_terremot...
33,"océano, marino, marítimo, viento, fantasía",2,2025-05-26 01:12:00.000,33_submarino_marino_naufragio_océano
38,"leonardo, leyenda, cineasta, película, personaje",2,2025-05-26 01:12:00.000,38_bailarín_tango_protagonista_ballet
40,"jubilado, jubilados, secretario, sindicalista, marcha",1,2025-05-26 01:12:00.000,40_manifestación_feminista_multitud_mili...
41,"torre, comunitario, barrio, vecino, montaña",1,2025-05-26 01:12:00.000,41_pobreza_inmobiliario_habitante_pobre
0,"político, política, electoral, democracia, oposición",6,2025-10-01 16:48:00.000,0_político_política_electoral_candidato
1,"homosexualidad, homosexual, gay, colombiano, activista",1,2025-10-01 16:48:00.000,1_feminismo_feminista_patriarcado_mascul...
3,"autor, escritor, literario, poeta, literatura",4,2025-10-01 16:48:00.000,3_literario_escritora_autor_literatura
4,"brasil, austeridad, pesos, inflación, economía",3,2025-10-01 16:48:00.000,4_déficit_deuda_endeudamiento_inflación
5,"bullying, violencia, pedagógico, escolar, docente",1,2025-10-01 16:48:00.000,5_pedagógico_enseñanza_escolar_educativo
6,"pedro, violencia, víctima, policial, homicidio",7,2025-10-01 16:48:00.000,6_asesinato_policía_policial_maldonado
9,"libertario, político, política, escándalo, afirmar",4,2025-10-01 16:48:00.000,9_político_libertario_política_presidenc...
10,"venezuela, venezolano, boliviano, bolivia, colombia",4,2025-10-01 16:48:00.000,10_boliviano_bolivia_político_política
11,"testimonio, testigo, secuestrar, padre, mario",4,2025-10-01 16:48:00.000,11_asesino_testimonio_testigo_víctima
13,"predicador, papal, pastora, sacerdote, católico",2,2025-10-01 16:48:00.000,13_papal_catolicismo_arzobispo_católica
14,"streaming, mediático, broadcasting, youtubers, youtube",1,2025-10-01 16:48:00.000,14_mediático_periodístico_político_perio...
17,"democracia, futuro, política, capitalismo, opinión",3,2025-10-01 16:48:00.000,17_innovación_tecnológico_tecno_tecnolog...
19,"periodista, narrativa, ficción, narrativo, periodístico",1,2025-10-01 16:48:00.000,19_periodista_periodístico_periódico_nar...
20,"panameño, panamá, conservación, monte, pueblo",5,2025-10-01 16:48:00.000,20_ríos_río_arroyo_agua
21,"soviético, política, político, fascismo, democracia",3,2025-10-01 16:48:00.000,21_soviética_soviético_vladimir_rusia
22,"folklórica, zamba, reggaetón, folklore, cultural",2,2025-10-01 16:48:00.000,22_música_musical_músico_rapero
24,"espiritualidad, rosalía, creativo, estética, arte",1,2025-10-01 16:48:00.000,24_arte_artes_art_estética
25,"violencia, cautelar, justicia, denuncia, matar",2,2025-10-01 16:48:00.000,25_violencia_feminismo_feminista_violent...
27,"sionista, netanyahu, israel, israelí, palestino",2,2025-10-01 16:48:00.000,27_israel_netanyahu_israelí_palestina
29,"ficción, narradora, cuento, autora, protagonista",4,2025-10-01 16:48:00.000,29_ficción_protagonista_personaje_melodr...
30,"patagonia, portuario, mundo, proyecto, país",3,2025-10-01 16:48:00.000,30_sociedad_comunitario_proyecto_comunid...
31,"internet, edad, online, usuario, enfrentar",3,2025-10-01 16:48:00.000,31_digital_internet_tecnología_móvil
34,"personaje, gangster, músico, punk, gangsta",1,2025-10-01 16:48:00.000,34_película_personaje_actor_hombre
40,"lesbianas, bisexuales, feminista, mujeres, travesticidios",1,2025-10-01 16:48:00.000,40_manifestación_feminista_multitud_mili...
0,"autoritario, político, política, democracia, democrático",4,2026-02-07 08:24:00.000,0_político_política_electoral_candidato
1,"bandera, homosexual, gay, peronismo, peronistas",1,2026-02-07 08:24:00.000,1_feminismo_feminista_patriarcado_mascul...
2,"fútbol, futbolista, fifa, deporte, brasil",3,2026-02-07 08:24:00.000,2_fifa_futbolista_fútbol_deporte
3,"literario, autor, escritora, escritor, poeta",6,2026-02-07 08:24:00.000,3_literario_escritora_autor_literatura
4,"sobreendeudamiento, endeudamiento, pobreza, deuda, desigualdad",5,2026-02-07 08:24:00.000,4_déficit_deuda_endeudamiento_inflación
5,"escolar, dictadura, educativo, violencia, escuela",6,2026-02-07 08:24:00.000,5_pedagógico_enseñanza_escolar_educativo
6,"matar, poli, víctima, policial, dictadura",6,2026-02-07 08:24:00.000,6_asesinato_policía_policial_maldonado
7,"abortar, aborto, juicio, embarazo, embarazado",1,2026-02-07 08:24:00.000,7_aborto_abortar_anticonceptivo_embarazo
9,"dictadura, político, libertario, política, democracia",5,2026-02-07 08:24:00.000,9_político_libertario_política_presidenc...
10,"boliviano, bolivia, colombia, colombiano, venezuela",3,2026-02-07 08:24:00.000,10_boliviano_bolivia_político_política
11,"asesinado, matar, muerto, víctima, morir",3,2026-02-07 08:24:00.000,11_asesino_testimonio_testigo_víctima
12,"futuro, ganancia, gobierno, estratégico, petrolero",4,2026-02-07 08:24:00.000,12_economía_económico_futuro_ambiental
13,"papal, vaticano, católico, jesuita, franciscano",1,2026-02-07 08:24:00.000,13_papal_catolicismo_arzobispo_católica
15,"reforma, laboral, trabajadora, trabajo, trabajador",3,2026-02-07 08:24:00.000,15_sindicalismo_reforma_político_polític...
17,"década, siglo, innovación, gobierno, futuro",3,2026-02-07 08:24:00.000,17_innovación_tecnológico_tecno_tecnolog...
19,"periodístico, periodista, reporteros, publicar, público",2,2026-02-07 08:24:00.000,19_periodista_periodístico_periódico_nar...
20,"incendio, fuego, incendiar, forestal, bosque",1,2026-02-07 08:24:00.000,20_ríos_río_arroyo_agua
21,"irán, geopolítico, estratégico, diplomacia, presidente",1,2026-02-07 08:24:00.000,21_soviética_soviético_vladimir_rusia
22,"música, músico, musical, canción, sang",2,2026-02-07 08:24:00.000,22_música_musical_músico_rapero
23,"financiamiento, gobierno, fiscal, financiera, argumento",1,2026-02-07 08:24:00.000,23_justicia_judicial_juzgado_condenar
25,"homofobia, odio, hostigamiento, homicidio, asesinato",1,2026-02-07 08:24:00.000,25_violencia_feminismo_feminista_violent...
27,"netanyahu, levantamiento, guerra, política, movilización",1,2026-02-07 08:24:00.000,27_israel_netanyahu_israelí_palestina
29,"maggie, personaje, película, hermana, novela",1,2026-02-07 08:24:00.000,29_ficción_protagonista_personaje_melodr...
30,"periodista, leer, periodismo, lectura, jornada",3,2026-02-07 08:24:00.000,30_sociedad_comunitario_proyecto_comunid...
32,"subterráneo, río, peronismo, desamparo, muerto",1,2026-02-07 08:24:00.000,32_catástrofe_desastre_tragedia_terremot...
35,"cubano, cuba, venezuela, comunista, raúl",1,2026-02-07 08:24:00.000,35_cubano_cubana_cuba_chile
37,"apolo, lunar, luna, astronauta, misión",1,2026-02-07 08:24:00.000,37_astrónomo_ciencia_universo_teoría
38,"mendoza, olavarría, seguidor, morir, semán",6,2026-02-07 08:24:00.000,38_bailarín_tango_protagonista_ballet
40,"festival, periodista, encuentro, fiesta, comunidad",1,2026-02-07 08:24:00.000,40_manifestación_feminista_multitud_mili...
41,"narrativa, narración, ciudad, urbano, esclavo",2,2026-02-07 08:24:00.000,41_pobreza_inmobiliario_habitante_pobre
